[[0, 0, 0, 0, 0, 0, 0, 0, 0, 0, 0], [0, 0, 0, 0, 0, 0, 0, 0, 0, 0, 0], [0, 0, 0, 0, 0, 0, 0, 0, 0, 0, 0], [0, 0, 0, 0, 0, 0, 0, 0, 0, 0, 0]]
Arch_Param: [32, 8192, 32768, 4, 256, 16]
Samsung_cost: [33888218793.444443, [800029.6944444445, 102405697, 1638358008, 12858433, 203074744, 1587489]] [13107226242.0, [309231.0, 39567471, 633078564, 4912239, 85328676, 668271]] [1104872300.0, [26090.0, 3338290, 53412640, 417330, 6677280, 52170]] [18022712036.0, [425444.0, 54454402, 871270432, 6806914, 108910624, 850868]] [1456984068.0, [34398.0, 4402182, 70434864, 550278, 8804400, 68790]] [1015668217872.0, [23974926.0, 3068770335, 49100323923, 383602047, 6138057555, 47954907]] [32700752184.0, [771920.0, 98803948, 1580863168, 12489964, 195940032, 1535120]]
Model_cost: [26271694407.103333, [1882.1108333333334, 80564801, 1288904952, 3294657, 49400505, 136610]] [3476805771.6000013, [4006.2000000000016, 10223727, 163578660, 385647, 77870628, 185031]] [139290290.0, [12.5, 390450, 6247200, 13170, 6247200, 390410]] [2354498206.375, [1270.65625, 6635394, 106002464, 38794, 103509152, 971968092]] [1425307977.5999997, [366.19999999999993, 4343302, 69427248, 174726, 7767792, 19803]] [261477317270.59988, [813.9500000000003, 767215743, 12275433555, 28432407, 6137123727, 14212839]] [1018968914.0519232, [118.07328296703301, 2983404, 47652928, 134548, 25506688, 1055632]]
Arch_Param: [32, 8192, 32768, 4, 256, 64]
Samsung_cost: [33888218793.444443, [800029.6944444445, 102405697, 1638358008, 12858433, 203074744, 1587489]] [13107226242.0, [309231.0, 39567471, 633078564, 4912239, 85328676, 668271]] [1104872300.0, [26090.0, 3338290, 53412640, 417330, 6677280, 52170]] [18022712036.0, [425444.0, 54454402, 871270432, 6806914, 108910624, 850868]] [1456984068.0, [34398.0, 4402182, 70434864, 550278, 8804400, 68790]] [1015668217872.0, [23974926.0, 3068770335, 49100323923, 383602047, 6138057555, 47954907]] [32700752184.0, [771920.0, 98803948, 1580863168, 12489964, 195940032, 1535120]]
Model_cost: [26271694407.103333, [1882.1108333333334, 80564801, 1288904952, 3294657, 49400505, 136610]] [3471939690.0, [4005.0, 10223727, 163578660, 164463, 77870628, 4866975]] [139290290.0, [12.5, 390450, 6247200, 13170, 6247200, 390410]] [2354498206.375, [1270.65625, 6635394, 106002464, 38794, 103509152, 971968092]] [1425307977.5999997, [366.19999999999993, 4343302, 69427248, 174726, 7767792, 19803]] [261086783074.79996, [812.1000000000001, 767215743, 12275433555, 10680855, 6137123727, 383570187]] [1018552120.8519231, [117.17328296703297, 2983404, 47652928, 115604, 25506688, 1502608]]
Arch_Param: [32, 8192, 32768, 4, 256, 128]
Samsung_cost: [33650030249.444443, [800029.6944444445, 102405697, 1638358008, 2031681, 203074744, 1587489]] [13013014146.0, [309231.0, 39567471, 633078564, 629871, 85328676, 668271]] [1098001260.0, [26090.0, 3338290, 53412640, 105010, 6677280, 52170]] [17879767652.0, [425444.0, 54454402, 871270432, 309442, 108910624, 850868]] [1445742596.0, [34398.0, 4402182, 70434864, 39302, 8804400, 68790]] [1008168826896.0, [23974926.0, 3068770335, 49100323923, 42720639, 6138057555, 47954907]] [32471120056.0, [771920.0, 98803948, 1580863168, 2052140, 195940032, 1535120]]
Model_cost: [26271694407.103333, [1882.1108333333334, 80564801, 1288904952, 3294657, 49400505, 136610]] [3471939690.0, [4005.0, 10223727, 163578660, 164463, 77870628, 4866975]] [139290290.0, [12.5, 390450, 6247200, 13170, 6247200, 390410]] [2354498206.375, [1270.65625, 6635394, 106002464, 38794, 103509152, 971968092]] [1422469248.0, [359.0, 4343302, 69427248, 45702, 7767792, 475483]] [261086783074.79996, [812.1000000000001, 767215743, 12275433555, 10680855, 6137123727, 383570187]] [1018394395.4519231, [116.12328296703296, 2983404, 47652928, 108436, 25506688, 1579792]]
Arch_Param: [32, 8192, 32768, 4, 256, 256]
Samsung_cost: [33650030249.444443, [800029.6944444445, 102405697, 1638358008, 2031681, 203074744, 1587489]] [13013014146.0, [309231.0, 39567471, 633078564, 629871, 85328676, 668271]] [1098001260.0, [26090.0, 3338290, 53412640, 105010, 6677280, 52170]] [17879767652.0, [425444.0, 54454402, 871270432, 309442, 108910624, 850868]] [1445742596.0, [34398.0, 4402182, 70434864, 39302, 8804400, 68790]] [1008168826896.0, [23974926.0, 3068770335, 49100323923, 42720639, 6138057555, 47954907]] [32471120056.0, [771920.0, 98803948, 1580863168, 2052140, 195940032, 1535120]]
Model_cost: [26271694407.103333, [1882.1108333333334, 80564801, 1288904952, 3294657, 49400505, 136610]] [3471939690.0, [4005.0, 10223727, 163578660, 164463, 77870628, 4866975]] [139290290.0, [12.5, 390450, 6247200, 13170, 6247200, 390410]] [2354498206.375, [1270.65625, 6635394, 106002464, 38794, 103509152, 971968092]] [1422469248.0, [359.0, 4343302, 69427248, 45702, 7767792, 475483]] [261086783074.79996, [812.1000000000001, 767215743, 12275433555, 10680855, 6137123727, 383570187]] [1018394395.4519231, [116.12328296703296, 2983404, 47652928, 108436, 25506688, 1579792]]
Arch_Param: [32, 8192, 32768, 4, 512, 16]
Samsung_cost: [33683407799.444443, [800029.6944444445, 51203108, 1638358008, 12858404, 203074744, 1587489]] [13028091522.0, [309231.0, 19783791, 633078564, 4912239, 85328676, 668271]] [1098195300.0, [26090.0, 1669150, 53412640, 417310, 6677280, 52170]] [17913801932.0, [425444.0, 27227206, 871270432, 6806854, 108910624, 850868]] [1448179716.0, [34398.0, 2201094, 70434864, 550278, 8804400, 68790]] [1009530677520.0, [23974926.0, 1534385247, 49100323923, 383602047, 6138057555, 47954907]] [32503141692.0, [771920.0, 49401974, 1580863168, 12489846, 195940032, 1535120]]
Model_cost: [26110565205.103333, [1882.1108333333334, 40282660, 1288904952, 3294628, 49400505, 128418]] [3456358539.6000013, [4006.2000000000016, 5111919, 163578660, 385647, 77870628, 184743]] [138508970.0, [12.5, 195230, 6247200, 13150, 6247200, 195210]] [2341267078.375, [1270.65625, 3327942, 106002464, 38734, 103509152, 971769656]] [1416637769.5999997, [366.19999999999993, 2175750, 69427248, 174726, 7767792, 19803]] [259942889174.59988, [813.9500000000003, 383608719, 12275433555, 28432407, 6137123727, 14212815]] [1012999510.0519232, [118.07328296703301, 1491702, 47652928, 134430, 25506688, 541072]]
Arch_Param: [32, 8192, 32768, 4, 512, 64]
Samsung_cost: [33683407799.444443, [800029.6944444445, 51203108, 1638358008, 12858404, 203074744, 1587489]] [13028091522.0, [309231.0, 19783791, 633078564, 4912239, 85328676, 668271]] [1098195300.0, [26090.0, 1669150, 53412640, 417310, 6677280, 52170]] [17913801932.0, [425444.0, 27227206, 871270432, 6806854, 108910624, 850868]] [1448179716.0, [34398.0, 2201094, 70434864, 550278, 8804400, 68790]] [1009530677520.0, [23974926.0, 1534385247, 49100323923, 383602047, 6138057555, 47954907]] [32503141692.0, [771920.0, 49401974, 1580863168, 12489846, 195940032, 1535120]]
Model_cost: [26110565205.103333, [1882.1108333333334, 40282660, 1288904952, 3294628, 49400505, 128418]] [3451492458.0, [4005.0, 5111919, 163578660, 164463, 77870628, 2433543]] [138508970.0, [12.5, 195230, 6247200, 13150, 6247200, 195210]] [2341267078.375, [1270.65625, 3327942, 106002464, 38734, 103509152, 971769656]] [1416637769.5999997, [366.19999999999993, 2175750, 69427248, 174726, 7767792, 19803]] [259552354978.79996, [812.1000000000001, 383608719, 12275433555, 10680855, 6137123727, 191785179]] [1012582716.8519231, [117.17328296703297, 1491702, 47652928, 115486, 25506688, 754576]]
Arch_Param: [32, 8192, 32768, 4, 512, 128]
Samsung_cost: [33445219255.444443, [800029.6944444445, 51203108, 1638358008, 2031652, 203074744, 1587489]] [12933879426.0, [309231.0, 19783791, 633078564, 629871, 85328676, 668271]] [1091324260.0, [26090.0, 1669150, 53412640, 104990, 6677280, 52170]] [17770857548.0, [425444.0, 27227206, 871270432, 309382, 108910624, 850868]] [1436938244.0, [34398.0, 2201094, 70434864, 39302, 8804400, 68790]] [1002031286544.0, [23974926.0, 1534385247, 49100323923, 42720639, 6138057555, 47954907]] [32273509564.0, [771920.0, 49401974, 1580863168, 2052022, 195940032, 1535120]]
Model_cost: [26110565205.103333, [1882.1108333333334, 40282660, 1288904952, 3294628, 49400505, 128418]] [3451492458.0, [4005.0, 5111919, 163578660, 164463, 77870628, 2433543]] [138508970.0, [12.5, 195230, 6247200, 13150, 6247200, 195210]] [2341267078.375, [1270.65625, 3327942, 106002464, 38734, 103509152, 971769656]] [1413799040.0, [359.0, 2175750, 69427248, 45702, 7767792, 237915]] [259552354978.79996, [812.1000000000001, 383608719, 12275433555, 10680855, 6137123727, 191785179]] [1012424991.4519231, [116.12328296703296, 1491702, 47652928, 108318, 25506688, 790800]]
Arch_Param: [32, 8192, 32768, 4, 512, 256]
Samsung_cost: [33445219255.444443, [800029.6944444445, 51203108, 1638358008, 2031652, 203074744, 1587489]] [12933879426.0, [309231.0, 19783791, 633078564, 629871, 85328676, 668271]] [1091324260.0, [26090.0, 1669150, 53412640, 104990, 6677280, 52170]] [17770857548.0, [425444.0, 27227206, 871270432, 309382, 108910624, 850868]] [1436938244.0, [34398.0, 2201094, 70434864, 39302, 8804400, 68790]] [1002031286544.0, [23974926.0, 1534385247, 49100323923, 42720639, 6138057555, 47954907]] [32273509564.0, [771920.0, 49401974, 1580863168, 2052022, 195940032, 1535120]]
Model_cost: [26110565205.103333, [1882.1108333333334, 40282660, 1288904952, 3294628, 49400505, 128418]] [3451492458.0, [4005.0, 5111919, 163578660, 164463, 77870628, 2433543]] [138508970.0, [12.5, 195230, 6247200, 13150, 6247200, 195210]] [2341267078.375, [1270.65625, 3327942, 106002464, 38734, 103509152, 971769656]] [1413799040.0, [359.0, 2175750, 69427248, 45702, 7767792, 237915]] [259552354978.79996, [812.1000000000001, 383608719, 12275433555, 10680855, 6137123727, 191785179]] [1012424991.4519231, [116.12328296703296, 1491702, 47652928, 108318, 25506688, 790800]]
Arch_Param: [32, 8192, 32768, 4, 512, 512]
Samsung_cost: [33445219255.444443, [800029.6944444445, 51203108, 1638358008, 2031652, 203074744, 1587489]] [12933879426.0, [309231.0, 19783791, 633078564, 629871, 85328676, 668271]] [1091324260.0, [26090.0, 1669150, 53412640, 104990, 6677280, 52170]] [17770857548.0, [425444.0, 27227206, 871270432, 309382, 108910624, 850868]] [1436938244.0, [34398.0, 2201094, 70434864, 39302, 8804400, 68790]] [1002031286544.0, [23974926.0, 1534385247, 49100323923, 42720639, 6138057555, 47954907]] [32273509564.0, [771920.0, 49401974, 1580863168, 2052022, 195940032, 1535120]]
Model_cost: [26076085492.603333, [1835.2358333333334, 40282660, 1288904952, 1727428, 49400505, 1534114]] [3451492458.0, [4005.0, 5111919, 163578660, 164463, 77870628, 2433543]] [138508970.0, [12.5, 195230, 6247200, 13150, 6247200, 195210]] [2341267078.375, [1270.65625, 3327942, 106002464, 38734, 103509152, 971769656]] [1413708928.0, [359.0, 2175750, 69427248, 41606, 7767792, 241755]] [259552354978.79996, [812.1000000000001, 383608719, 12275433555, 10680855, 6137123727, 191785179]] [1012319382.0769231, [115.78846153846155, 1491702, 47652928, 103518, 25506688, 796752]]
Arch_Param: [32, 8192, 32768, 4, 1024, 16]
Samsung_cost: [33581052777.444443, [800029.6944444445, 25614369, 1638358008, 12858401, 203074744, 1587489]] [12988524162.0, [309231.0, 9891951, 633078564, 4912239, 85328676, 668271]] [1094856800.0, [26090.0, 834580, 53412640, 417300, 6677280, 52170]] [17859346880.0, [425444.0, 13613608, 871270432, 6806824, 108910624, 850868]] [1443777540.0, [34398.0, 1100550, 70434864, 550278, 8804400, 68790]] [1006461907344.0, [23974926.0, 767192703, 49100323923, 383602047, 6138057555, 47954907]] [32404336446.0, [771920.0, 24700987, 1580863168, 12489787, 195940032, 1535120]]
Model_cost: [26030423815.103333, [1882.1108333333334, 20247329, 1288904952, 3294625, 49400505, 124322]] [3446134923.6000013, [4006.2000000000016, 2556015, 163578660, 385647, 77870628, 184599]] [138143914.375, [12.65625, 104020, 6247200, 13140, 6247200, 27210]] [2334677118.75, [1270.8125, 1680616, 106002464, 38704, 103509152, 971600038]] [1412302665.5999997, [366.19999999999993, 1091974, 69427248, 174726, 7767792, 19803]] [259175675126.59988, [813.9500000000003, 191805207, 12275433555, 28432407, 6137123727, 14212803]] [1010046552.0519232, [118.07328296703301, 753787, 47652928, 134371, 25506688, 283792]]
Arch_Param: [32, 8192, 32768, 4, 1024, 64]
Samsung_cost: [33581052777.444443, [800029.6944444445, 25614369, 1638358008, 12858401, 203074744, 1587489]] [12988524162.0, [309231.0, 9891951, 633078564, 4912239, 85328676, 668271]] [1094856800.0, [26090.0, 834580, 53412640, 417300, 6677280, 52170]] [17859346880.0, [425444.0, 13613608, 871270432, 6806824, 108910624, 850868]] [1443777540.0, [34398.0, 1100550, 70434864, 550278, 8804400, 68790]] [1006461907344.0, [23974926.0, 767192703, 49100323923, 383602047, 6138057555, 47954907]] [32404336446.0, [771920.0, 24700987, 1580863168, 12489787, 195940032, 1535120]]
Model_cost: [26030423815.103333, [1882.1108333333334, 20247329, 1288904952, 3294625, 49400505, 124322]] [3441268842.0, [4005.0, 2556015, 163578660, 164463, 77870628, 1216827]] [138143914.375, [12.65625, 104020, 6247200, 13140, 6247200, 27210]] [2334677118.75, [1270.8125, 1680616, 106002464, 38704, 103509152, 971600038]] [1412302665.5999997, [366.19999999999993, 1091974, 69427248, 174726, 7767792, 19803]] [258785140930.79996, [812.1000000000001, 191805207, 12275433555, 10680855, 6137123727, 95892675]] [1009629758.8519231, [117.17328296703297, 753787, 47652928, 115427, 25506688, 380560]]
Arch_Param: [32, 8192, 32768, 4, 1024, 128]
Samsung_cost: [33342864233.444443, [800029.6944444445, 25614369, 1638358008, 2031649, 203074744, 1587489]] [12894312066.0, [309231.0, 9891951, 633078564, 629871, 85328676, 668271]] [1087985760.0, [26090.0, 834580, 53412640, 104980, 6677280, 52170]] [17716402496.0, [425444.0, 13613608, 871270432, 309352, 108910624, 850868]] [1432536068.0, [34398.0, 1100550, 70434864, 39302, 8804400, 68790]] [998962516368.0, [23974926.0, 767192703, 49100323923, 42720639, 6138057555, 47954907]] [32174704318.0, [771920.0, 24700987, 1580863168, 2051963, 195940032, 1535120]]
Model_cost: [26030423815.103333, [1882.1108333333334, 20247329, 1288904952, 3294625, 49400505, 124322]] [3441268842.0, [4005.0, 2556015, 163578660, 164463, 77870628, 1216827]] [138143914.375, [12.65625, 104020, 6247200, 13140, 6247200, 27210]] [2334677118.75, [1270.8125, 1680616, 106002464, 38704, 103509152, 971600038]] [1409463936.0, [359.0, 1091974, 69427248, 45702, 7767792, 119131]] [258785140930.79996, [812.1000000000001, 191805207, 12275433555, 10680855, 6137123727, 95892675]] [1009472033.4519231, [116.12328296703296, 753787, 47652928, 108259, 25506688, 396304]]
Arch_Param: [32, 8192, 32768, 4, 1024, 256]
Samsung_cost: [33342864233.444443, [800029.6944444445, 25614369, 1638358008, 2031649, 203074744, 1587489]] [12894312066.0, [309231.0, 9891951, 633078564, 629871, 85328676, 668271]] [1087985760.0, [26090.0, 834580, 53412640, 104980, 6677280, 52170]] [17716402496.0, [425444.0, 13613608, 871270432, 309352, 108910624, 850868]] [1432536068.0, [34398.0, 1100550, 70434864, 39302, 8804400, 68790]] [998962516368.0, [23974926.0, 767192703, 49100323923, 42720639, 6138057555, 47954907]] [32174704318.0, [771920.0, 24700987, 1580863168, 2051963, 195940032, 1535120]]
Model_cost: [26030423815.103333, [1882.1108333333334, 20247329, 1288904952, 3294625, 49400505, 124322]] [3441268842.0, [4005.0, 2556015, 163578660, 164463, 77870628, 1216827]] [138143914.375, [12.65625, 104020, 6247200, 13140, 6247200, 27210]] [2334677118.75, [1270.8125, 1680616, 106002464, 38704, 103509152, 971600038]] [1409463936.0, [359.0, 1091974, 69427248, 45702, 7767792, 119131]] [258785140930.79996, [812.1000000000001, 191805207, 12275433555, 10680855, 6137123727, 95892675]] [1009472033.4519231, [116.12328296703296, 753787, 47652928, 108259, 25506688, 396304]]
Arch_Param: [32, 8192, 32768, 4, 1024, 512]
Samsung_cost: [33342864233.444443, [800029.6944444445, 25614369, 1638358008, 2031649, 203074744, 1587489]] [12894312066.0, [309231.0, 9891951, 633078564, 629871, 85328676, 668271]] [1087985760.0, [26090.0, 834580, 53412640, 104980, 6677280, 52170]] [17716402496.0, [425444.0, 13613608, 871270432, 309352, 108910624, 850868]] [1432536068.0, [34398.0, 1100550, 70434864, 39302, 8804400, 68790]] [998962516368.0, [23974926.0, 767192703, 49100323923, 42720639, 6138057555, 47954907]] [32174704318.0, [771920.0, 24700987, 1580863168, 2051963, 195940032, 1535120]]
Model_cost: [25995944102.603333, [1835.2358333333334, 20247329, 1288904952, 1727425, 49400505, 768162]] [3441268842.0, [4005.0, 2556015, 163578660, 164463, 77870628, 1216827]] [138143914.375, [12.65625, 104020, 6247200, 13140, 6247200, 27210]] [2334677118.75, [1270.8125, 1680616, 106002464, 38704, 103509152, 971600038]] [1409373824.0, [359.0, 1091974, 69427248, 41606, 7767792, 120923]] [258785140930.79996, [812.1000000000001, 191805207, 12275433555, 10680855, 6137123727, 95892675]] [1009347224.0769231, [115.78846153846155, 748987, 47652928, 103459, 25506688, 398416]]
Arch_Param: [32, 8192, 32768, 8, 256, 16]
Samsung_cost: [16980715006.777779, [400883.02777777775, 51312193, 820923384, 6444097, 102001848, 797857]] [13107226242.0, [309231.0, 39567471, 633078564, 4912239, 85328676, 668271]] [1104872300.0, [26090.0, 3338290, 53412640, 417330, 6677280, 52170]] [18022712036.0, [425444.0, 54454402, 871270432, 6806914, 108910624, 850868]] [1357513396.0, [32050.0, 4101638, 65626160, 512710, 8203312, 64094]] [1015668217872.0, [23974926.0, 3068770335, 49100323923, 383602047, 6138057555, 47954907]] [31888059704.0, [752720.0, 96346348, 1541541568, 12113132, 192138944, 1505424]]
Model_cost: [13682912516.05167, [988.28755952381, 41814593, 668963704, 1706881, 49400505, 136610]] [1885664886.0, [3786.0, 5333103, 85328676, 86895, 77870628, 4866975]] [139290290.0, [12.5, 390450, 6247200, 13170, 6247200, 390410]] [2354498206.375, [1270.65625, 6635394, 106002464, 38794, 103509152, 971968092]] [720422431.1999998, [186.39999999999998, 2171654, 34713648, 87366, 7767792, 19803]] [136686515075.39998, [629.5500000000001, 383626383, 6138012243, 5340891, 6137123727, 383570187]] [717501202.7134615, [74.6683379120879, 2055020, 32839552, 67028, 25506688, 1502608]]
Arch_Param: [32, 8192, 32768, 8, 256, 64]
Samsung_cost: [16980715006.777779, [400883.02777777775, 51312193, 820923384, 6444097, 102001848, 797857]] [13107226242.0, [309231.0, 39567471, 633078564, 4912239, 85328676, 668271]] [1104872300.0, [26090.0, 3338290, 53412640, 417330, 6677280, 52170]] [18022712036.0, [425444.0, 54454402, 871270432, 6806914, 108910624, 850868]] [1357513396.0, [32050.0, 4101638, 65626160, 512710, 8203312, 64094]] [1015668217872.0, [23974926.0, 3068770335, 49100323923, 383602047, 6138057555, 47954907]] [31888059704.0, [752720.0, 96346348, 1541541568, 12113132, 192138944, 1505424]]
Model_cost: [13682912516.05167, [988.28755952381, 41814593, 668963704, 1706881, 49400505, 136610]] [1885664886.0, [3786.0, 5333103, 85328676, 86895, 77870628, 4866975]] [139290290.0, [12.5, 390450, 6247200, 13170, 6247200, 390410]] [2354498206.375, [1270.65625, 6635394, 106002464, 38794, 103509152, 971968092]] [719003066.4, [182.8, 2171654, 34713648, 22854, 7767792, 475483]] [136686515075.39998, [629.5500000000001, 383626383, 6138012243, 5340891, 6137123727, 383570187]] [717411073.9134616, [74.06833791208791, 2055020, 32839552, 62932, 25506688, 1579792]]
Arch_Param: [32, 8192, 32768, 8, 256, 128]
Samsung_cost: [16861463038.777779, [400883.02777777775, 51312193, 820923384, 1023553, 102001848, 797857]] [13013014146.0, [309231.0, 39567471, 633078564, 629871, 85328676, 668271]] [1098001260.0, [26090.0, 3338290, 53412640, 105010, 6677280, 52170]] [17879767652.0, [425444.0, 54454402, 871270432, 309442, 108910624, 850868]] [1346959028.0, [32050.0, 4101638, 65626160, 32966, 8203312, 64094]] [1008168826896.0, [23974926.0, 3068770335, 49100323923, 42720639, 6138057555, 47954907]] [31661851832.0, [752720.0, 96346348, 1541541568, 1830956, 192138944, 1505424]]
Model_cost: [13682912516.05167, [988.28755952381, 41814593, 668963704, 1706881, 49400505, 136610]] [1885664886.0, [3786.0, 5333103, 85328676, 86895, 77870628, 4866975]] [139290290.0, [12.5, 390450, 6247200, 13170, 6247200, 390410]] [2354498206.375, [1270.65625, 6635394, 106002464, 38794, 103509152, 971968092]] [719003066.4, [182.8, 2171654, 34713648, 22854, 7767792, 475483]] [136686515075.39998, [629.5500000000001, 383626383, 6138012243, 5340891, 6137123727, 383570187]] [717411073.9134616, [74.06833791208791, 2055020, 32839552, 62932, 25506688, 1579792]]
Arch_Param: [32, 8192, 32768, 8, 256, 256]
Samsung_cost: [16861463038.777779, [400883.02777777775, 51312193, 820923384, 1023553, 102001848, 797857]] [13013014146.0, [309231.0, 39567471, 633078564, 629871, 85328676, 668271]] [1098001260.0, [26090.0, 3338290, 53412640, 105010, 6677280, 52170]] [17879767652.0, [425444.0, 54454402, 871270432, 309442, 108910624, 850868]] [1346959028.0, [32050.0, 4101638, 65626160, 32966, 8203312, 64094]] [1008168826896.0, [23974926.0, 3068770335, 49100323923, 42720639, 6138057555, 47954907]] [31661851832.0, [752720.0, 96346348, 1541541568, 1830956, 192138944, 1505424]]
Model_cost: [13664983065.551666, [963.9125595238095, 41814593, 668963704, 891937, 49400505, 3066018]] [1885664886.0, [3786.0, 5333103, 85328676, 86895, 77870628, 4866975]] [139290290.0, [12.5, 390450, 6247200, 13170, 6247200, 390410]] [2354498206.375, [1270.65625, 6635394, 106002464, 38794, 103509152, 971968092]] [718958010.4, [182.8, 2171654, 34713648, 20806, 7767792, 483419]] [136686515075.39998, [629.5500000000001, 383626383, 6138012243, 5340891, 6137123727, 383570187]] [717356157.0384616, [73.89423076923077, 2055020, 32839552, 60436, 25506688, 1593424]]
Arch_Param: [32, 8192, 32768, 8, 512, 16]
Samsung_cost: [16878091020.777779, [400883.02777777775, 25656356, 820923384, 6444068, 102001848, 797857]] [13028091522.0, [309231.0, 19783791, 633078564, 4912239, 85328676, 668271]] [1098195300.0, [26090.0, 1669150, 53412640, 417310, 6677280, 52170]] [17913801932.0, [425444.0, 27227206, 871270432, 6806854, 108910624, 850868]] [1349310132.0, [32050.0, 2050822, 65626160, 512710, 8203312, 64094]] [1009530677520.0, [23974926.0, 1534385247, 49100323923, 383602047, 6138057555, 47954907]] [31695364412.0, [752720.0, 48173174, 1541541568, 12113014, 192138944, 1505424]]
Model_cost: [13599283730.05167, [988.28755952381, 20907556, 668963704, 1706852, 49400505, 128418]] [1874998902.0, [3786.0, 2666607, 85328676, 86895, 77870628, 2433543]] [138508970.0, [12.5, 195230, 6247200, 13150, 6247200, 195210]] [2341267078.375, [1270.65625, 3327942, 106002464, 38734, 103509152, 971769656]] [716087327.1999998, [186.39999999999998, 1087878, 34713648, 87366, 7767792, 19803]] [135919264163.39998, [629.5500000000001, 191813655, 6138012243, 5340891, 6137123727, 191785179]] [713388566.7134615, [74.6683379120879, 1027510, 32839552, 66910, 25506688, 754576]]
Arch_Param: [32, 8192, 32768, 8, 512, 64]
Samsung_cost: [16878091020.777779, [400883.02777777775, 25656356, 820923384, 6444068, 102001848, 797857]] [13028091522.0, [309231.0, 19783791, 633078564, 4912239, 85328676, 668271]] [1098195300.0, [26090.0, 1669150, 53412640, 417310, 6677280, 52170]] [17913801932.0, [425444.0, 27227206, 871270432, 6806854, 108910624, 850868]] [1349310132.0, [32050.0, 2050822, 65626160, 512710, 8203312, 64094]] [1009530677520.0, [23974926.0, 1534385247, 49100323923, 383602047, 6138057555, 47954907]] [31695364412.0, [752720.0, 48173174, 1541541568, 12113014, 192138944, 1505424]]
Model_cost: [13599283730.05167, [988.28755952381, 20907556, 668963704, 1706852, 49400505, 128418]] [1874998902.0, [3786.0, 2666607, 85328676, 86895, 77870628, 2433543]] [138508970.0, [12.5, 195230, 6247200, 13150, 6247200, 195210]] [2341267078.375, [1270.65625, 3327942, 106002464, 38734, 103509152, 971769656]] [714667962.4, [182.8, 1087878, 34713648, 22854, 7767792, 237915]] [135919264163.39998, [629.5500000000001, 191813655, 6138012243, 5340891, 6137123727, 191785179]] [713298437.9134616, [74.06833791208791, 1027510, 32839552, 62814, 25506688, 790800]]
Arch_Param: [32, 8192, 32768, 8, 512, 128]
Samsung_cost: [16758839052.777779, [400883.02777777775, 25656356, 820923384, 1023524, 102001848, 797857]] [12933879426.0, [309231.0, 19783791, 633078564, 629871, 85328676, 668271]] [1091324260.0, [26090.0, 1669150, 53412640, 104990, 6677280, 52170]] [17770857548.0, [425444.0, 27227206, 871270432, 309382, 108910624, 850868]] [1338755764.0, [32050.0, 2050822, 65626160, 32966, 8203312, 64094]] [1002031286544.0, [23974926.0, 1534385247, 49100323923, 42720639, 6138057555, 47954907]] [31469156540.0, [752720.0, 48173174, 1541541568, 1830838, 192138944, 1505424]]
Model_cost: [13599283730.05167, [988.28755952381, 20907556, 668963704, 1706852, 49400505, 128418]] [1874998902.0, [3786.0, 2666607, 85328676, 86895, 77870628, 2433543]] [138508970.0, [12.5, 195230, 6247200, 13150, 6247200, 195210]] [2341267078.375, [1270.65625, 3327942, 106002464, 38734, 103509152, 971769656]] [714667962.4, [182.8, 1087878, 34713648, 22854, 7767792, 237915]] [135919264163.39998, [629.5500000000001, 191813655, 6138012243, 5340891, 6137123727, 191785179]] [713298437.9134616, [74.06833791208791, 1027510, 32839552, 62814, 25506688, 790800]]
Arch_Param: [32, 8192, 32768, 8, 512, 256]
Samsung_cost: [16758839052.777779, [400883.02777777775, 25656356, 820923384, 1023524, 102001848, 797857]] [12933879426.0, [309231.0, 19783791, 633078564, 629871, 85328676, 668271]] [1091324260.0, [26090.0, 1669150, 53412640, 104990, 6677280, 52170]] [17770857548.0, [425444.0, 27227206, 871270432, 309382, 108910624, 850868]] [1338755764.0, [32050.0, 2050822, 65626160, 32966, 8203312, 64094]] [1002031286544.0, [23974926.0, 1534385247, 49100323923, 42720639, 6138057555, 47954907]] [31469156540.0, [752720.0, 48173174, 1541541568, 1830838, 192138944, 1505424]]
Model_cost: [13581354279.551666, [963.9125595238095, 20907556, 668963704, 891908, 49400505, 1534114]] [1874998902.0, [3786.0, 2666607, 85328676, 86895, 77870628, 2433543]] [138508970.0, [12.5, 195230, 6247200, 13150, 6247200, 195210]] [2341267078.375, [1270.65625, 3327942, 106002464, 38734, 103509152, 971769656]] [714622906.4, [182.8, 1087878, 34713648, 20806, 7767792, 241755]] [135919264163.39998, [629.5500000000001, 191813655, 6138012243, 5340891, 6137123727, 191785179]] [713243521.0384616, [73.89423076923077, 1027510, 32839552, 60318, 25506688, 796752]]
Arch_Param: [32, 8192, 32768, 8, 512, 512]
Samsung_cost: [16758839052.777779, [400883.02777777775, 25656356, 820923384, 1023524, 102001848, 797857]] [12933879426.0, [309231.0, 19783791, 633078564, 629871, 85328676, 668271]] [1091324260.0, [26090.0, 1669150, 53412640, 104990, 6677280, 52170]] [17770857548.0, [425444.0, 27227206, 871270432, 309382, 108910624, 850868]] [1338755764.0, [32050.0, 2050822, 65626160, 32966, 8203312, 64094]] [1002031286544.0, [23974926.0, 1534385247, 49100323923, 42720639, 6138057555, 47954907]] [31469156540.0, [752720.0, 48173174, 1541541568, 1830838, 192138944, 1505424]]
Model_cost: [13581354279.551666, [963.9125595238095, 20907556, 668963704, 891908, 49400505, 1534114]] [1874998902.0, [3786.0, 2666607, 85328676, 86895, 77870628, 2433543]] [138508970.0, [12.5, 195230, 6247200, 13150, 6247200, 195210]] [2341267078.375, [1270.65625, 3327942, 106002464, 38734, 103509152, 971769656]] [714616378.4, [182.8, 1087878, 34713648, 19654, 7777200, 242322]] [135919264163.39998, [629.5500000000001, 191813655, 6138012243, 5340891, 6137123727, 191785179]] [713243521.0384616, [73.89423076923077, 1027510, 32839552, 60318, 25506688, 796752]]
Arch_Param: [32, 8192, 32768, 8, 1024, 16]
Samsung_cost: [16826804926.777779, [400883.02777777775, 12834849, 820923384, 6444065, 102001848, 797857]] [12988524162.0, [309231.0, 9891951, 633078564, 4912239, 85328676, 668271]] [1094856800.0, [26090.0, 834580, 53412640, 417300, 6677280, 52170]] [17859346880.0, [425444.0, 13613608, 871270432, 6806824, 108910624, 850868]] [1345208500.0, [32050.0, 1025414, 65626160, 512710, 8203312, 64094]] [1006461907344.0, [23974926.0, 767192703, 49100323923, 383602047, 6138057555, 47954907]] [31599016766.0, [752720.0, 24086587, 1541541568, 12112955, 192138944, 1505424]]
Model_cost: [13557681092.05167, [988.28755952381, 10506913, 668963704, 1706849, 49400505, 124322]] [1869665910.0, [3786.0, 1333359, 85328676, 86895, 77870628, 1216827]] [138143914.375, [12.65625, 104020, 6247200, 13140, 6247200, 27210]] [2334677118.75, [1270.8125, 1680616, 106002464, 38704, 103509152, 971600038]] [713919775.1999998, [186.39999999999998, 545990, 34713648, 87366, 7767792, 19803]] [135535638707.39998, [629.5500000000001, 95907291, 6138012243, 5340891, 6137123727, 95892675]] [711348504.7134615, [74.6683379120879, 517819, 32839552, 66851, 25506688, 380560]]
Arch_Param: [32, 8192, 32768, 8, 1024, 64]
Samsung_cost: [16826804926.777779, [400883.02777777775, 12834849, 820923384, 6444065, 102001848, 797857]] [12988524162.0, [309231.0, 9891951, 633078564, 4912239, 85328676, 668271]] [1094856800.0, [26090.0, 834580, 53412640, 417300, 6677280, 52170]] [17859346880.0, [425444.0, 13613608, 871270432, 6806824, 108910624, 850868]] [1345208500.0, [32050.0, 1025414, 65626160, 512710, 8203312, 64094]] [1006461907344.0, [23974926.0, 767192703, 49100323923, 383602047, 6138057555, 47954907]] [31599016766.0, [752720.0, 24086587, 1541541568, 12112955, 192138944, 1505424]]
Model_cost: [13557681092.05167, [988.28755952381, 10506913, 668963704, 1706849, 49400505, 124322]] [1869665910.0, [3786.0, 1333359, 85328676, 86895, 77870628, 1216827]] [138143914.375, [12.65625, 104020, 6247200, 13140, 6247200, 27210]] [2334677118.75, [1270.8125, 1680616, 106002464, 38704, 103509152, 971600038]] [712500410.4, [182.8, 545990, 34713648, 22854, 7767792, 119131]] [135535638707.39998, [629.5500000000001, 95907291, 6138012243, 5340891, 6137123727, 95892675]] [711258375.9134616, [74.06833791208791, 517819, 32839552, 62755, 25506688, 396304]]
Arch_Param: [32, 8192, 32768, 8, 1024, 128]
Samsung_cost: [16707552958.777779, [400883.02777777775, 12834849, 820923384, 1023521, 102001848, 797857]] [12894312066.0, [309231.0, 9891951, 633078564, 629871, 85328676, 668271]] [1087985760.0, [26090.0, 834580, 53412640, 104980, 6677280, 52170]] [17716402496.0, [425444.0, 13613608, 871270432, 309352, 108910624, 850868]] [1334654132.0, [32050.0, 1025414, 65626160, 32966, 8203312, 64094]] [998962516368.0, [23974926.0, 767192703, 49100323923, 42720639, 6138057555, 47954907]] [31372808894.0, [752720.0, 24086587, 1541541568, 1830779, 192138944, 1505424]]
Model_cost: [13557681092.05167, [988.28755952381, 10506913, 668963704, 1706849, 49400505, 124322]] [1869665910.0, [3786.0, 1333359, 85328676, 86895, 77870628, 1216827]] [138143914.375, [12.65625, 104020, 6247200, 13140, 6247200, 27210]] [2334677118.75, [1270.8125, 1680616, 106002464, 38704, 103509152, 971600038]] [712500410.4, [182.8, 545990, 34713648, 22854, 7767792, 119131]] [135535638707.39998, [629.5500000000001, 95907291, 6138012243, 5340891, 6137123727, 95892675]] [711258375.9134616, [74.06833791208791, 517819, 32839552, 62755, 25506688, 396304]]
Arch_Param: [32, 8192, 32768, 8, 1024, 256]
Samsung_cost: [16707552958.777779, [400883.02777777775, 12834849, 820923384, 1023521, 102001848, 797857]] [12894312066.0, [309231.0, 9891951, 633078564, 629871, 85328676, 668271]] [1087985760.0, [26090.0, 834580, 53412640, 104980, 6677280, 52170]] [17716402496.0, [425444.0, 13613608, 871270432, 309352, 108910624, 850868]] [1334654132.0, [32050.0, 1025414, 65626160, 32966, 8203312, 64094]] [998962516368.0, [23974926.0, 767192703, 49100323923, 42720639, 6138057555, 47954907]] [31372808894.0, [752720.0, 24086587, 1541541568, 1830779, 192138944, 1505424]]
Model_cost: [13539751641.551666, [963.9125595238095, 10506913, 668963704, 891905, 49400505, 768162]] [1869665910.0, [3786.0, 1333359, 85328676, 86895, 77870628, 1216827]] [138143914.375, [12.65625, 104020, 6247200, 13140, 6247200, 27210]] [2334677118.75, [1270.8125, 1680616, 106002464, 38704, 103509152, 971600038]] [712455354.4, [182.8, 545990, 34713648, 20806, 7767792, 120923]] [135535638707.39998, [629.5500000000001, 95907291, 6138012243, 5340891, 6137123727, 95892675]] [711193475.0384616, [73.89423076923077, 515323, 32839552, 60259, 25506688, 398416]]
Arch_Param: [32, 8192, 32768, 8, 1024, 512]
Samsung_cost: [16707552958.777779, [400883.02777777775, 12834849, 820923384, 1023521, 102001848, 797857]] [12894312066.0, [309231.0, 9891951, 633078564, 629871, 85328676, 668271]] [1087985760.0, [26090.0, 834580, 53412640, 104980, 6677280, 52170]] [17716402496.0, [425444.0, 13613608, 871270432, 309352, 108910624, 850868]] [1334654132.0, [32050.0, 1025414, 65626160, 32966, 8203312, 64094]] [998962516368.0, [23974926.0, 767192703, 49100323923, 42720639, 6138057555, 47954907]] [31372808894.0, [752720.0, 24086587, 1541541568, 1830779, 192138944, 1505424]]
Model_cost: [13539751641.551666, [963.9125595238095, 10506913, 668963704, 891905, 49400505, 768162]] [1869665910.0, [3786.0, 1333359, 85328676, 86895, 77870628, 1216827]] [138143914.375, [12.65625, 104020, 6247200, 13140, 6247200, 27210]] [2334677118.75, [1270.8125, 1680616, 106002464, 38704, 103509152, 971600038]] [712448826.4, [182.8, 545990, 34713648, 19654, 7777200, 121196]] [135535638707.39998, [629.5500000000001, 95907291, 6138012243, 5340891, 6137123727, 95892675]] [711193475.0384616, [73.89423076923077, 515323, 32839552, 60259, 25506688, 398416]]
Arch_Param: [32, 8192, 32768, 16, 256, 16]
Samsung_cost: [8526963113.444445, [201309.69444444444, 25765441, 412206072, 3236929, 51465400, 403041]] [13107226242.0, [309231.0, 39567471, 633078564, 4912239, 85328676, 668271]] [1104872300.0, [26090.0, 3338290, 53412640, 417330, 6677280, 52170]] [18022712036.0, [425444.0, 54454402, 871270432, 6806914, 108910624, 850868]] [1307778060.0, [30876.0, 3951366, 63221808, 493926, 7902768, 61746]] [1015668217872.0, [23974926.0, 3068770335, 49100323923, 383602047, 6138057555, 47954907]] [31481713464.0, [743120.0, 95117548, 1521880768, 11924716, 190238400, 1490576]]
Model_cost: [7391236254.838331, [541.244226190476, 22447809, 359126200, 913857, 49400505, 136610]] [1885664886.0, [3786.0, 5333103, 85328676, 86895, 77870628, 4866975]] [139290290.0, [12.5, 390450, 6247200, 13170, 6247200, 390410]] [2354498206.375, [1270.65625, 6635394, 106002464, 38794, 103509152, 971968092]] [367979649.5999999, [96.19999999999999, 1085830, 17356848, 43686, 7767792, 19803]] [136686515075.39998, [629.5500000000001, 383626383, 6138012243, 5340891, 6137123727, 383570187]] [629509154.3711538, [56.94182692307692, 1783660, 28517760, 45652, 25506688, 1502608]]
Arch_Param: [32, 8192, 32768, 16, 256, 64]
Samsung_cost: [8526963113.444445, [201309.69444444444, 25765441, 412206072, 3236929, 51465400, 403041]] [13107226242.0, [309231.0, 39567471, 633078564, 4912239, 85328676, 668271]] [1104872300.0, [26090.0, 3338290, 53412640, 417330, 6677280, 52170]] [18022712036.0, [425444.0, 54454402, 871270432, 6806914, 108910624, 850868]] [1307778060.0, [30876.0, 3951366, 63221808, 493926, 7902768, 61746]] [1015668217872.0, [23974926.0, 3068770335, 49100323923, 383602047, 6138057555, 47954907]] [31481713464.0, [743120.0, 95117548, 1521880768, 11924716, 190238400, 1490576]]
Model_cost: [7391236254.838331, [541.244226190476, 22447809, 359126200, 913857, 49400505, 136610]] [1885664886.0, [3786.0, 5333103, 85328676, 86895, 77870628, 4866975]] [139290290.0, [12.5, 390450, 6247200, 13170, 6247200, 390410]] [2354498206.375, [1270.65625, 6635394, 106002464, 38794, 103509152, 971968092]] [367269967.2, [94.4, 1085830, 17356848, 11430, 7767792, 475483]] [136686515075.39998, [629.5500000000001, 383626383, 6138012243, 5340891, 6137123727, 383570187]] [629464089.9711539, [56.64182692307692, 1783660, 28517760, 43604, 25506688, 1579792]]
Arch_Param: [32, 8192, 32768, 16, 256, 128]
Samsung_cost: [8467179433.444445, [201309.69444444444, 25765441, 412206072, 519489, 51465400, 403041]] [13013014146.0, [309231.0, 39567471, 633078564, 629871, 85328676, 668271]] [1098001260.0, [26090.0, 3338290, 53412640, 105010, 6677280, 52170]] [17879767652.0, [425444.0, 54454402, 871270432, 309442, 108910624, 850868]] [1297567244.0, [30876.0, 3951366, 63221808, 29798, 7902768, 61746]] [1008168826896.0, [23974926.0, 3068770335, 49100323923, 42720639, 6138057555, 47954907]] [31257217720.0, [743120.0, 95117548, 1521880768, 1720364, 190238400, 1490576]]
Model_cost: [7381581935.338333, [528.1192261904762, 22447809, 359126200, 475041, 49400505, 3066018]] [1885664886.0, [3786.0, 5333103, 85328676, 86895, 77870628, 4866975]] [139290290.0, [12.5, 390450, 6247200, 13170, 6247200, 390410]] [2354498206.375, [1270.65625, 6635394, 106002464, 38794, 103509152, 971968092]] [367247439.2, [94.4, 1085830, 17356848, 10406, 7767792, 483419]] [136686515075.39998, [629.5500000000001, 383626383, 6138012243, 5340891, 6137123727, 383570187]] [629434519.3461539, [56.54807692307692, 1783660, 28517760, 42260, 25506688, 1593424]]
Arch_Param: [32, 8192, 32768, 16, 256, 256]
Samsung_cost: [8467179433.444445, [201309.69444444444, 25765441, 412206072, 519489, 51465400, 403041]] [13013014146.0, [309231.0, 39567471, 633078564, 629871, 85328676, 668271]] [1098001260.0, [26090.0, 3338290, 53412640, 105010, 6677280, 52170]] [17879767652.0, [425444.0, 54454402, 871270432, 309442, 108910624, 850868]] [1297567244.0, [30876.0, 3951366, 63221808, 29798, 7902768, 61746]] [1008168826896.0, [23974926.0, 3068770335, 49100323923, 42720639, 6138057555, 47954907]] [31257217720.0, [743120.0, 95117548, 1521880768, 1720364, 190238400, 1490576]]
Model_cost: [7381581935.338333, [528.1192261904762, 22447809, 359126200, 475041, 49400505, 3066018]] [1885664886.0, [3786.0, 5333103, 85328676, 86895, 77870628, 4866975]] [139290290.0, [12.5, 390450, 6247200, 13170, 6247200, 390410]] [2354498206.375, [1270.65625, 6635394, 106002464, 38794, 103509152, 971968092]] [367247439.2, [94.4, 1085830, 17356848, 10406, 7767792, 483419]] [136686515075.39998, [629.5500000000001, 383626383, 6138012243, 5340891, 6137123727, 383570187]] [629434519.3461539, [56.54807692307692, 1783660, 28517760, 42260, 25506688, 1593424]]
Arch_Param: [32, 8192, 32768, 16, 512, 16]
Samsung_cost: [8475432631.444445, [201309.69444444444, 12882980, 412206072, 3236900, 51465400, 403041]] [13028091522.0, [309231.0, 19783791, 633078564, 4912239, 85328676, 668271]] [1098195300.0, [26090.0, 1669150, 53412640, 417310, 6677280, 52170]] [17913801932.0, [425444.0, 27227206, 871270432, 6806854, 108910624, 850868]] [1299875340.0, [30876.0, 1975686, 63221808, 493926, 7902768, 61746]] [1009530677520.0, [23974926.0, 1534385247, 49100323923, 383602047, 6138057555, 47954907]] [31291475772.0, [743120.0, 47558774, 1521880768, 11924598, 190238400, 1490576]]
Model_cost: [7346341036.838331, [541.244226190476, 11224164, 359126200, 913828, 49400505, 128418]] [1874998902.0, [3786.0, 2666607, 85328676, 86895, 77870628, 2433543]] [138508970.0, [12.5, 195230, 6247200, 13150, 6247200, 195210]] [2341267078.375, [1270.65625, 3327942, 106002464, 38734, 103509152, 971769656]] [365812097.5999999, [96.19999999999999, 543942, 17356848, 43686, 7767792, 19803]] [135919264163.39998, [629.5500000000001, 191813655, 6138012243, 5340891, 6137123727, 191785179]] [625939238.3711538, [56.94182692307692, 891830, 28517760, 45534, 25506688, 754576]]
Arch_Param: [32, 8192, 32768, 16, 512, 64]
Samsung_cost: [8475432631.444445, [201309.69444444444, 12882980, 412206072, 3236900, 51465400, 403041]] [13028091522.0, [309231.0, 19783791, 633078564, 4912239, 85328676, 668271]] [1098195300.0, [26090.0, 1669150, 53412640, 417310, 6677280, 52170]] [17913801932.0, [425444.0, 27227206, 871270432, 6806854, 108910624, 850868]] [1299875340.0, [30876.0, 1975686, 63221808, 493926, 7902768, 61746]] [1009530677520.0, [23974926.0, 1534385247, 49100323923, 383602047, 6138057555, 47954907]] [31291475772.0, [743120.0, 47558774, 1521880768, 11924598, 190238400, 1490576]]
Model_cost: [7346341036.838331, [541.244226190476, 11224164, 359126200, 913828, 49400505, 128418]] [1874998902.0, [3786.0, 2666607, 85328676, 86895, 77870628, 2433543]] [138508970.0, [12.5, 195230, 6247200, 13150, 6247200, 195210]] [2341267078.375, [1270.65625, 3327942, 106002464, 38734, 103509152, 971769656]] [365102415.2, [94.4, 543942, 17356848, 11430, 7767792, 237915]] [135919264163.39998, [629.5500000000001, 191813655, 6138012243, 5340891, 6137123727, 191785179]] [625894173.9711539, [56.64182692307692, 891830, 28517760, 43486, 25506688, 790800]]
Arch_Param: [32, 8192, 32768, 16, 512, 128]
Samsung_cost: [8415648951.444445, [201309.69444444444, 12882980, 412206072, 519460, 51465400, 403041]] [12933879426.0, [309231.0, 19783791, 633078564, 629871, 85328676, 668271]] [1091324260.0, [26090.0, 1669150, 53412640, 104990, 6677280, 52170]] [17770857548.0, [425444.0, 27227206, 871270432, 309382, 108910624, 850868]] [1289664524.0, [30876.0, 1975686, 63221808, 29798, 7902768, 61746]] [1002031286544.0, [23974926.0, 1534385247, 49100323923, 42720639, 6138057555, 47954907]] [31066980028.0, [743120.0, 47558774, 1521880768, 1720246, 190238400, 1490576]]
Model_cost: [7336686717.338333, [528.1192261904762, 11224164, 359126200, 475012, 49400505, 1534114]] [1874998902.0, [3786.0, 2666607, 85328676, 86895, 77870628, 2433543]] [138508970.0, [12.5, 195230, 6247200, 13150, 6247200, 195210]] [2341267078.375, [1270.65625, 3327942, 106002464, 38734, 103509152, 971769656]] [365079887.2, [94.4, 543942, 17356848, 10406, 7767792, 241755]] [135919264163.39998, [629.5500000000001, 191813655, 6138012243, 5340891, 6137123727, 191785179]] [625864603.3461539, [56.54807692307692, 891830, 28517760, 42142, 25506688, 796752]]
Arch_Param: [32, 8192, 32768, 16, 512, 256]
Samsung_cost: [8415648951.444445, [201309.69444444444, 12882980, 412206072, 519460, 51465400, 403041]] [12933879426.0, [309231.0, 19783791, 633078564, 629871, 85328676, 668271]] [1091324260.0, [26090.0, 1669150, 53412640, 104990, 6677280, 52170]] [17770857548.0, [425444.0, 27227206, 871270432, 309382, 108910624, 850868]] [1289664524.0, [30876.0, 1975686, 63221808, 29798, 7902768, 61746]] [1002031286544.0, [23974926.0, 1534385247, 49100323923, 42720639, 6138057555, 47954907]] [31066980028.0, [743120.0, 47558774, 1521880768, 1720246, 190238400, 1490576]]
Model_cost: [7336686717.338333, [528.1192261904762, 11224164, 359126200, 475012, 49400505, 1534114]] [1874998902.0, [3786.0, 2666607, 85328676, 86895, 77870628, 2433543]] [138508970.0, [12.5, 195230, 6247200, 13150, 6247200, 195210]] [2341267078.375, [1270.65625, 3327942, 106002464, 38734, 103509152, 971769656]] [365079887.2, [94.4, 543942, 17356848, 10406, 7767792, 241755]] [135919264163.39998, [629.5500000000001, 191813655, 6138012243, 5340891, 6137123727, 191785179]] [625864603.3461539, [56.54807692307692, 891830, 28517760, 42142, 25506688, 796752]]
Arch_Param: [32, 8192, 32768, 16, 512, 512]
Samsung_cost: [8415648951.444445, [201309.69444444444, 12882980, 412206072, 519460, 51465400, 403041]] [12933879426.0, [309231.0, 19783791, 633078564, 629871, 85328676, 668271]] [1091324260.0, [26090.0, 1669150, 53412640, 104990, 6677280, 52170]] [17770857548.0, [425444.0, 27227206, 871270432, 309382, 108910624, 850868]] [1289664524.0, [30876.0, 1975686, 63221808, 29798, 7902768, 61746]] [1002031286544.0, [23974926.0, 1534385247, 49100323923, 42720639, 6138057555, 47954907]] [31066980028.0, [743120.0, 47558774, 1521880768, 1720246, 190238400, 1490576]]
Model_cost: [7336581107.963333, [527.7844047619047, 11224164, 359126200, 470212, 49400505, 1540706]] [1874998902.0, [3786.0, 2666607, 85328676, 86895, 77870628, 2433543]] [138508970.0, [12.5, 195230, 6247200, 13150, 6247200, 195210]] [2341267078.375, [1270.65625, 3327942, 106002464, 38734, 103509152, 971769656]] [365067215.2, [94.4, 543942, 17356848, 9830, 7767792, 242028]] [135919264163.39998, [629.5500000000001, 191813655, 6138012243, 5340891, 6137123727, 191785179]] [625864603.3461539, [56.54807692307692, 891830, 28517760, 42142, 25506688, 796752]]
Arch_Param: [32, 8192, 32768, 16, 1024, 16]
Samsung_cost: [8449681001.444445, [201309.69444444444, 6445089, 412206072, 3236897, 51465400, 403041]] [12988524162.0, [309231.0, 9891951, 633078564, 4912239, 85328676, 668271]] [1094856800.0, [26090.0, 834580, 53412640, 417300, 6677280, 52170]] [17859346880.0, [425444.0, 13613608, 871270432, 6806824, 108910624, 850868]] [1295923980.0, [30876.0, 987846, 63221808, 493926, 7902768, 61746]] [1006461907344.0, [23974926.0, 767192703, 49100323923, 383602047, 6138057555, 47954907]] [31196356926.0, [743120.0, 23779387, 1521880768, 11924539, 190238400, 1490576]]
Model_cost: [7323999838.838331, [541.244226190476, 5638881, 359126200, 913825, 49400505, 124322]] [1869665910.0, [3786.0, 1333359, 85328676, 86895, 77870628, 1216827]] [138143914.375, [12.65625, 104020, 6247200, 13140, 6247200, 27210]] [2334677118.75, [1270.8125, 1680616, 106002464, 38704, 103509152, 971600038]] [364728321.5999999, [96.19999999999999, 272998, 17356848, 43686, 7767792, 19803]] [135535638707.39998, [629.5500000000001, 95907291, 6138012243, 5340891, 6137123727, 95892675]] [624162856.3711538, [56.94182692307692, 448059, 28517760, 45475, 25506688, 380560]]
Arch_Param: [32, 8192, 32768, 16, 1024, 64]
Samsung_cost: [8449681001.444445, [201309.69444444444, 6445089, 412206072, 3236897, 51465400, 403041]] [12988524162.0, [309231.0, 9891951, 633078564, 4912239, 85328676, 668271]] [1094856800.0, [26090.0, 834580, 53412640, 417300, 6677280, 52170]] [17859346880.0, [425444.0, 13613608, 871270432, 6806824, 108910624, 850868]] [1295923980.0, [30876.0, 987846, 63221808, 493926, 7902768, 61746]] [1006461907344.0, [23974926.0, 767192703, 49100323923, 383602047, 6138057555, 47954907]] [31196356926.0, [743120.0, 23779387, 1521880768, 11924539, 190238400, 1490576]]
Model_cost: [7323999838.838331, [541.244226190476, 5638881, 359126200, 913825, 49400505, 124322]] [1869665910.0, [3786.0, 1333359, 85328676, 86895, 77870628, 1216827]] [138143914.375, [12.65625, 104020, 6247200, 13140, 6247200, 27210]] [2334677118.75, [1270.8125, 1680616, 106002464, 38704, 103509152, 971600038]] [364018639.2, [94.4, 272998, 17356848, 11430, 7767792, 119131]] [135535638707.39998, [629.5500000000001, 95907291, 6138012243, 5340891, 6137123727, 95892675]] [624117791.9711539, [56.64182692307692, 448059, 28517760, 43427, 25506688, 396304]]
Arch_Param: [32, 8192, 32768, 16, 1024, 128]
Samsung_cost: [8389897321.444445, [201309.69444444444, 6445089, 412206072, 519457, 51465400, 403041]] [12894312066.0, [309231.0, 9891951, 633078564, 629871, 85328676, 668271]] [1087985760.0, [26090.0, 834580, 53412640, 104980, 6677280, 52170]] [17716402496.0, [425444.0, 13613608, 871270432, 309352, 108910624, 850868]] [1285713164.0, [30876.0, 987846, 63221808, 29798, 7902768, 61746]] [998962516368.0, [23974926.0, 767192703, 49100323923, 42720639, 6138057555, 47954907]] [30971861182.0, [743120.0, 23779387, 1521880768, 1720187, 190238400, 1490576]]
Model_cost: [7314345519.338333, [528.1192261904762, 5638881, 359126200, 475009, 49400505, 768162]] [1869665910.0, [3786.0, 1333359, 85328676, 86895, 77870628, 1216827]] [138143914.375, [12.65625, 104020, 6247200, 13140, 6247200, 27210]] [2334677118.75, [1270.8125, 1680616, 106002464, 38704, 103509152, 971600038]] [363996111.2, [94.4, 272998, 17356848, 10406, 7767792, 120923]] [135535638707.39998, [629.5500000000001, 95907291, 6138012243, 5340891, 6137123727, 95892675]] [624082845.3461539, [56.54807692307692, 446715, 28517760, 42083, 25506688, 398416]]
Arch_Param: [32, 8192, 32768, 16, 1024, 256]
Samsung_cost: [8389897321.444445, [201309.69444444444, 6445089, 412206072, 519457, 51465400, 403041]] [12894312066.0, [309231.0, 9891951, 633078564, 629871, 85328676, 668271]] [1087985760.0, [26090.0, 834580, 53412640, 104980, 6677280, 52170]] [17716402496.0, [425444.0, 13613608, 871270432, 309352, 108910624, 850868]] [1285713164.0, [30876.0, 987846, 63221808, 29798, 7902768, 61746]] [998962516368.0, [23974926.0, 767192703, 49100323923, 42720639, 6138057555, 47954907]] [30971861182.0, [743120.0, 23779387, 1521880768, 1720187, 190238400, 1490576]]
Model_cost: [7314345519.338333, [528.1192261904762, 5638881, 359126200, 475009, 49400505, 768162]] [1869665910.0, [3786.0, 1333359, 85328676, 86895, 77870628, 1216827]] [138143914.375, [12.65625, 104020, 6247200, 13140, 6247200, 27210]] [2334677118.75, [1270.8125, 1680616, 106002464, 38704, 103509152, 971600038]] [363996111.2, [94.4, 272998, 17356848, 10406, 7767792, 120923]] [135535638707.39998, [629.5500000000001, 95907291, 6138012243, 5340891, 6137123727, 95892675]] [624082845.3461539, [56.54807692307692, 446715, 28517760, 42083, 25506688, 398416]]
Arch_Param: [32, 8192, 32768, 16, 1024, 512]
Samsung_cost: [8389897321.444445, [201309.69444444444, 6445089, 412206072, 519457, 51465400, 403041]] [12894312066.0, [309231.0, 9891951, 633078564, 629871, 85328676, 668271]] [1087985760.0, [26090.0, 834580, 53412640, 104980, 6677280, 52170]] [17716402496.0, [425444.0, 13613608, 871270432, 309352, 108910624, 850868]] [1285713164.0, [30876.0, 987846, 63221808, 29798, 7902768, 61746]] [998962516368.0, [23974926.0, 767192703, 49100323923, 42720639, 6138057555, 47954907]] [30971861182.0, [743120.0, 23779387, 1521880768, 1720187, 190238400, 1490576]]
Model_cost: [7314220709.963333, [527.7844047619047, 5634081, 359126200, 470209, 49400505, 770594]] [1869665910.0, [3786.0, 1333359, 85328676, 86895, 77870628, 1216827]] [138143914.375, [12.65625, 104020, 6247200, 13140, 6247200, 27210]] [2334677118.75, [1270.8125, 1680616, 106002464, 38704, 103509152, 971600038]] [363983439.2, [94.4, 272998, 17356848, 9830, 7767792, 121049]] [135535638707.39998, [629.5500000000001, 95907291, 6138012243, 5340891, 6137123727, 95892675]] [624082845.3461539, [56.54807692307692, 446715, 28517760, 42083, 25506688, 398416]]
Arch_Param: [32, 8192, 32768, 32, 256, 16]
Samsung_cost: [8311243774.777778, [196211.02777777778, 25112129, 401768440, 3146817, 50351288, 394337]] [13107226242.0, [309231.0, 39567471, 633078564, 4912239, 85328676, 668271]] [1104872300.0, [26090.0, 3338290, 53412640, 417330, 6677280, 52170]] [18022712036.0, [425444.0, 54454402, 871270432, 6806914, 108910624, 850868]] [1293755576.0, [30545.0, 3908998, 62543920, 488630, 7818032, 61084]] [1015668217872.0, [23974926.0, 3068770335, 49100323923, 383602047, 6138057555, 47954907]] [31438332728.0, [742096.0, 94986476, 1519783616, 11908332, 189976256, 1488528]]
Model_cost: [4246540340.4183345, [318.0149404761906, 12767937, 204263608, 517569, 49400505, 136610]] [1885664886.0, [3786.0, 5333103, 85328676, 86895, 77870628, 4866975]] [139290290.0, [12.5, 390450, 6247200, 13170, 6247200, 390410]] [2354498206.375, [1270.65625, 6635394, 106002464, 38794, 103509152, 971968092]] [191403515.6, [53.7, 542918, 8678448, 5718, 7767792, 475483]] [136686515075.39998, [629.5500000000001, 383626383, 6138012243, 5340891, 6137123727, 383570187]] [585490598.0, [47.92857142857143, 1647980, 26356864, 33940, 25506688, 1579792]]
Arch_Param: [32, 8192, 32768, 32, 256, 64]
Samsung_cost: [8311243774.777778, [196211.02777777778, 25112129, 401768440, 3146817, 50351288, 394337]] [13107226242.0, [309231.0, 39567471, 633078564, 4912239, 85328676, 668271]] [1104872300.0, [26090.0, 3338290, 53412640, 417330, 6677280, 52170]] [18022712036.0, [425444.0, 54454402, 871270432, 6806914, 108910624, 850868]] [1293755576.0, [30545.0, 3908998, 62543920, 488630, 7818032, 61084]] [1015668217872.0, [23974926.0, 3068770335, 49100323923, 383602047, 6138057555, 47954907]] [31438332728.0, [742096.0, 94986476, 1519783616, 11908332, 189976256, 1488528]]
Model_cost: [4241023586.418333, [310.5149404761905, 12767937, 204263608, 266817, 49400505, 3066018]] [1885664886.0, [3786.0, 5333103, 85328676, 86895, 77870628, 4866975]] [139290290.0, [12.5, 390450, 6247200, 13170, 6247200, 390410]] [2354498206.375, [1270.65625, 6635394, 106002464, 38794, 103509152, 971968092]] [191392251.6, [53.7, 542918, 8678448, 5206, 7767792, 483419]] [136686515075.39998, [629.5500000000001, 383626383, 6138012243, 5340891, 6137123727, 383570187]] [585473700.5, [47.875, 1647980, 26356864, 33172, 25506688, 1593424]]
Arch_Param: [32, 8192, 32768, 32, 256, 128]
Samsung_cost: [8252631550.777778, [196211.02777777778, 25112129, 401768440, 482625, 50351288, 394337]] [13013014146.0, [309231.0, 39567471, 633078564, 629871, 85328676, 668271]] [1098001260.0, [26090.0, 3338290, 53412640, 105010, 6677280, 52170]] [17879767652.0, [425444.0, 54454402, 871270432, 309442, 108910624, 850868]] [1283637688.0, [30545.0, 3908998, 62543920, 28726, 7818032, 61084]] [1008168826896.0, [23974926.0, 3068770335, 49100323923, 42720639, 6138057555, 47954907]] [31214017208.0, [742096.0, 94986476, 1519783616, 1712172, 189976256, 1488528]]
Model_cost: [4241023586.418333, [310.5149404761905, 12767937, 204263608, 266817, 49400505, 3066018]] [1885664886.0, [3786.0, 5333103, 85328676, 86895, 77870628, 4866975]] [139290290.0, [12.5, 390450, 6247200, 13170, 6247200, 390410]] [2354498206.375, [1270.65625, 6635394, 106002464, 38794, 103509152, 971968092]] [191392251.6, [53.7, 542918, 8678448, 5206, 7767792, 483419]] [136686515075.39998, [629.5500000000001, 383626383, 6138012243, 5340891, 6137123727, 383570187]] [585473700.5, [47.875, 1647980, 26356864, 33172, 25506688, 1593424]]
Arch_Param: [32, 8192, 32768, 32, 256, 256]
Samsung_cost: [8252631550.777778, [196211.02777777778, 25112129, 401768440, 482625, 50351288, 394337]] [13013014146.0, [309231.0, 39567471, 633078564, 629871, 85328676, 668271]] [1098001260.0, [26090.0, 3338290, 53412640, 105010, 6677280, 52170]] [17879767652.0, [425444.0, 54454402, 871270432, 309442, 108910624, 850868]] [1283637688.0, [30545.0, 3908998, 62543920, 28726, 7818032, 61084]] [1008168826896.0, [23974926.0, 3068770335, 49100323923, 42720639, 6138057555, 47954907]] [31214017208.0, [742096.0, 94986476, 1519783616, 1712172, 189976256, 1488528]]
Model_cost: [4240968669.543333, [310.3408333333333, 12767937, 204263608, 264321, 49400505, 3080930]] [1885664886.0, [3786.0, 5333103, 85328676, 86895, 77870628, 4866975]] [139290290.0, [12.5, 390450, 6247200, 13170, 6247200, 390410]] [2354498206.375, [1270.65625, 6635394, 106002464, 38794, 103509152, 971968092]] [191385817.6, [50.2, 542918, 8678448, 4918, 7767792, 483986]] [136686515075.39998, [629.5500000000001, 383626383, 6138012243, 5340891, 6137123727, 383570187]] [585473700.5, [47.875, 1647980, 26356864, 33172, 25506688, 1593424]]
Arch_Param: [32, 8192, 32768, 32, 512, 16]
Samsung_cost: [8261019916.777778, [196211.02777777778, 12556324, 401768440, 3146788, 50351288, 394337]] [13028091522.0, [309231.0, 19783791, 633078564, 4912239, 85328676, 668271]] [1098195300.0, [26090.0, 1669150, 53412640, 417310, 6677280, 52170]] [17913801932.0, [425444.0, 27227206, 871270432, 6806854, 108910624, 850868]] [1285937592.0, [30545.0, 1954502, 62543920, 488630, 7818032, 61084]] [1009530677520.0, [23974926.0, 1534385247, 49100323923, 383602047, 6138057555, 47954907]] [31248357180.0, [742096.0, 47493238, 1519783616, 11908214, 189976256, 1488528]]
Model_cost: [4221004866.4183345, [318.0149404761906, 6384228, 204263608, 517540, 49400505, 128418]] [1874998902.0, [3786.0, 2666607, 85328676, 86895, 77870628, 2433543]] [138508970.0, [12.5, 195230, 6247200, 13150, 6247200, 195210]] [2341267078.375, [1270.65625, 3327942, 106002464, 38734, 103509152, 971769656]] [190319739.6, [53.7, 271974, 8678448, 5718, 7767792, 237915]] [135919264163.39998, [629.5500000000001, 191813655, 6138012243, 5340891, 6137123727, 191785179]] [582192042.0, [47.92857142857143, 823990, 26356864, 33822, 25506688, 790800]]
Arch_Param: [32, 8192, 32768, 32, 512, 64]
Samsung_cost: [8261019916.777778, [196211.02777777778, 12556324, 401768440, 3146788, 50351288, 394337]] [13028091522.0, [309231.0, 19783791, 633078564, 4912239, 85328676, 668271]] [1098195300.0, [26090.0, 1669150, 53412640, 417310, 6677280, 52170]] [17913801932.0, [425444.0, 27227206, 871270432, 6806854, 108910624, 850868]] [1285937592.0, [30545.0, 1954502, 62543920, 488630, 7818032, 61084]] [1009530677520.0, [23974926.0, 1534385247, 49100323923, 383602047, 6138057555, 47954907]] [31248357180.0, [742096.0, 47493238, 1519783616, 11908214, 189976256, 1488528]]
Model_cost: [4215488112.418333, [310.5149404761905, 6384228, 204263608, 266788, 49400505, 1534114]] [1874998902.0, [3786.0, 2666607, 85328676, 86895, 77870628, 2433543]] [138508970.0, [12.5, 195230, 6247200, 13150, 6247200, 195210]] [2341267078.375, [1270.65625, 3327942, 106002464, 38734, 103509152, 971769656]] [190308475.6, [53.7, 271974, 8678448, 5206, 7767792, 241755]] [135919264163.39998, [629.5500000000001, 191813655, 6138012243, 5340891, 6137123727, 191785179]] [582175144.5, [47.875, 823990, 26356864, 33054, 25506688, 796752]]
Arch_Param: [32, 8192, 32768, 32, 512, 128]
Samsung_cost: [8202407692.777778, [196211.02777777778, 12556324, 401768440, 482596, 50351288, 394337]] [12933879426.0, [309231.0, 19783791, 633078564, 629871, 85328676, 668271]] [1091324260.0, [26090.0, 1669150, 53412640, 104990, 6677280, 52170]] [17770857548.0, [425444.0, 27227206, 871270432, 309382, 108910624, 850868]] [1275819704.0, [30545.0, 1954502, 62543920, 28726, 7818032, 61084]] [1002031286544.0, [23974926.0, 1534385247, 49100323923, 42720639, 6138057555, 47954907]] [31024041660.0, [742096.0, 47493238, 1519783616, 1712054, 189976256, 1488528]]
Model_cost: [4215488112.418333, [310.5149404761905, 6384228, 204263608, 266788, 49400505, 1534114]] [1874998902.0, [3786.0, 2666607, 85328676, 86895, 77870628, 2433543]] [138508970.0, [12.5, 195230, 6247200, 13150, 6247200, 195210]] [2341267078.375, [1270.65625, 3327942, 106002464, 38734, 103509152, 971769656]] [190308475.6, [53.7, 271974, 8678448, 5206, 7767792, 241755]] [135919264163.39998, [629.5500000000001, 191813655, 6138012243, 5340891, 6137123727, 191785179]] [582175144.5, [47.875, 823990, 26356864, 33054, 25506688, 796752]]
Arch_Param: [32, 8192, 32768, 32, 512, 256]
Samsung_cost: [8202407692.777778, [196211.02777777778, 12556324, 401768440, 482596, 50351288, 394337]] [12933879426.0, [309231.0, 19783791, 633078564, 629871, 85328676, 668271]] [1091324260.0, [26090.0, 1669150, 53412640, 104990, 6677280, 52170]] [17770857548.0, [425444.0, 27227206, 871270432, 309382, 108910624, 850868]] [1275819704.0, [30545.0, 1954502, 62543920, 28726, 7818032, 61084]] [1002031286544.0, [23974926.0, 1534385247, 49100323923, 42720639, 6138057555, 47954907]] [31024041660.0, [742096.0, 47493238, 1519783616, 1712054, 189976256, 1488528]]
Model_cost: [4215433195.543333, [310.3408333333333, 6384228, 204263608, 264292, 49400505, 1540706]] [1874998902.0, [3786.0, 2666607, 85328676, 86895, 77870628, 2433543]] [138508970.0, [12.5, 195230, 6247200, 13150, 6247200, 195210]] [2341267078.375, [1270.65625, 3327942, 106002464, 38734, 103509152, 971769656]] [190302041.6, [50.2, 271974, 8678448, 4918, 7767792, 242028]] [135919264163.39998, [629.5500000000001, 191813655, 6138012243, 5340891, 6137123727, 191785179]] [582175144.5, [47.875, 823990, 26356864, 33054, 25506688, 796752]]
Arch_Param: [32, 8192, 32768, 32, 512, 512]
Samsung_cost: [8202407692.777778, [196211.02777777778, 12556324, 401768440, 482596, 50351288, 394337]] [12933879426.0, [309231.0, 19783791, 633078564, 629871, 85328676, 668271]] [1091324260.0, [26090.0, 1669150, 53412640, 104990, 6677280, 52170]] [17770857548.0, [425444.0, 27227206, 871270432, 309382, 108910624, 850868]] [1275819704.0, [30545.0, 1954502, 62543920, 28726, 7818032, 61084]] [1002031286544.0, [23974926.0, 1534385247, 49100323923, 42720639, 6138057555, 47954907]] [31024041660.0, [742096.0, 47493238, 1519783616, 1712054, 189976256, 1488528]]
Model_cost: [4215433195.543333, [310.3408333333333, 6384228, 204263608, 264292, 49400505, 1540706]] [1874998902.0, [3786.0, 2666607, 85328676, 86895, 77870628, 2433543]] [138508970.0, [12.5, 195230, 6247200, 13150, 6247200, 195210]] [2341267078.375, [1270.65625, 3327942, 106002464, 38734, 103509152, 971769656]] [190302041.6, [50.2, 271974, 8678448, 4918, 7767792, 242028]] [135919264163.39998, [629.5500000000001, 191813655, 6138012243, 5340891, 6137123727, 191785179]] [582175144.5, [47.875, 823990, 26356864, 33054, 25506688, 796752]]
Arch_Param: [32, 8192, 32768, 32, 1024, 16]
Samsung_cost: [8235915454.777778, [196211.02777777778, 6280225, 401768440, 3146785, 50351288, 394337]] [12988524162.0, [309231.0, 9891951, 633078564, 4912239, 85328676, 668271]] [1094856800.0, [26090.0, 834580, 53412640, 417300, 6677280, 52170]] [17859346880.0, [425444.0, 13613608, 871270432, 6806824, 108910624, 850868]] [1282028600.0, [30545.0, 977254, 62543920, 488630, 7818032, 61084]] [1006461907344.0, [23974926.0, 767192703, 49100323923, 383602047, 6138057555, 47954907]] [31153369406.0, [742096.0, 23746619, 1519783616, 11908155, 189976256, 1488528]]
Model_cost: [4208291316.4183345, [318.0149404761906, 3205857, 204263608, 517537, 49400505, 124322]] [1869665910.0, [3786.0, 1333359, 85328676, 86895, 77870628, 1216827]] [138143914.375, [12.65625, 104020, 6247200, 13140, 6247200, 27210]] [2334677118.75, [1270.8125, 1680616, 106002464, 38704, 103509152, 971600038]] [189777851.6, [53.7, 136502, 8678448, 5718, 7767792, 119131]] [135535638707.39998, [629.5500000000001, 95907291, 6138012243, 5340891, 6137123727, 95892675]] [580547500.0, [47.92857142857143, 413179, 26356864, 33763, 25506688, 396304]]
Arch_Param: [32, 8192, 32768, 32, 1024, 64]
Samsung_cost: [8235915454.777778, [196211.02777777778, 6280225, 401768440, 3146785, 50351288, 394337]] [12988524162.0, [309231.0, 9891951, 633078564, 4912239, 85328676, 668271]] [1094856800.0, [26090.0, 834580, 53412640, 417300, 6677280, 52170]] [17859346880.0, [425444.0, 13613608, 871270432, 6806824, 108910624, 850868]] [1282028600.0, [30545.0, 977254, 62543920, 488630, 7818032, 61084]] [1006461907344.0, [23974926.0, 767192703, 49100323923, 383602047, 6138057555, 47954907]] [31153369406.0, [742096.0, 23746619, 1519783616, 11908155, 189976256, 1488528]]
Model_cost: [4202774562.418333, [310.5149404761905, 3205857, 204263608, 266785, 49400505, 768162]] [1869665910.0, [3786.0, 1333359, 85328676, 86895, 77870628, 1216827]] [138143914.375, [12.65625, 104020, 6247200, 13140, 6247200, 27210]] [2334677118.75, [1270.8125, 1680616, 106002464, 38704, 103509152, 971600038]] [189766587.6, [53.7, 136502, 8678448, 5206, 7767792, 120923]] [135535638707.39998, [629.5500000000001, 95907291, 6138012243, 5340891, 6137123727, 95892675]] [580527530.5, [47.875, 412411, 26356864, 32995, 25506688, 398416]]
Arch_Param: [32, 8192, 32768, 32, 1024, 128]
Samsung_cost: [8177303230.777778, [196211.02777777778, 6280225, 401768440, 482593, 50351288, 394337]] [12894312066.0, [309231.0, 9891951, 633078564, 629871, 85328676, 668271]] [1087985760.0, [26090.0, 834580, 53412640, 104980, 6677280, 52170]] [17716402496.0, [425444.0, 13613608, 871270432, 309352, 108910624, 850868]] [1271910712.0, [30545.0, 977254, 62543920, 28726, 7818032, 61084]] [998962516368.0, [23974926.0, 767192703, 49100323923, 42720639, 6138057555, 47954907]] [30929053886.0, [742096.0, 23746619, 1519783616, 1711995, 189976256, 1488528]]
Model_cost: [4202774562.418333, [310.5149404761905, 3205857, 204263608, 266785, 49400505, 768162]] [1869665910.0, [3786.0, 1333359, 85328676, 86895, 77870628, 1216827]] [138143914.375, [12.65625, 104020, 6247200, 13140, 6247200, 27210]] [2334677118.75, [1270.8125, 1680616, 106002464, 38704, 103509152, 971600038]] [189766587.6, [53.7, 136502, 8678448, 5206, 7767792, 120923]] [135535638707.39998, [629.5500000000001, 95907291, 6138012243, 5340891, 6137123727, 95892675]] [580527530.5, [47.875, 412411, 26356864, 32995, 25506688, 398416]]
Arch_Param: [32, 8192, 32768, 32, 1024, 256]
Samsung_cost: [8177303230.777778, [196211.02777777778, 6280225, 401768440, 482593, 50351288, 394337]] [12894312066.0, [309231.0, 9891951, 633078564, 629871, 85328676, 668271]] [1087985760.0, [26090.0, 834580, 53412640, 104980, 6677280, 52170]] [17716402496.0, [425444.0, 13613608, 871270432, 309352, 108910624, 850868]] [1271910712.0, [30545.0, 977254, 62543920, 28726, 7818032, 61084]] [998962516368.0, [23974926.0, 767192703, 49100323923, 42720639, 6138057555, 47954907]] [30929053886.0, [742096.0, 23746619, 1519783616, 1711995, 189976256, 1488528]]
Model_cost: [4202709661.543333, [310.3408333333333, 3203361, 204263608, 264289, 49400505, 770594]] [1869665910.0, [3786.0, 1333359, 85328676, 86895, 77870628, 1216827]] [138143914.375, [12.65625, 104020, 6247200, 13140, 6247200, 27210]] [2334677118.75, [1270.8125, 1680616, 106002464, 38704, 103509152, 971600038]] [189760153.6, [50.2, 136502, 8678448, 4918, 7767792, 121049]] [135535638707.39998, [629.5500000000001, 95907291, 6138012243, 5340891, 6137123727, 95892675]] [580527530.5, [47.875, 412411, 26356864, 32995, 25506688, 398416]]
Arch_Param: [32, 8192, 32768, 32, 1024, 512]
Samsung_cost: [8177303230.777778, [196211.02777777778, 6280225, 401768440, 482593, 50351288, 394337]] [12894312066.0, [309231.0, 9891951, 633078564, 629871, 85328676, 668271]] [1087985760.0, [26090.0, 834580, 53412640, 104980, 6677280, 52170]] [17716402496.0, [425444.0, 13613608, 871270432, 309352, 108910624, 850868]] [1271910712.0, [30545.0, 977254, 62543920, 28726, 7818032, 61084]] [998962516368.0, [23974926.0, 767192703, 49100323923, 42720639, 6138057555, 47954907]] [30929053886.0, [742096.0, 23746619, 1519783616, 1711995, 189976256, 1488528]]
Model_cost: [4202709661.543333, [310.3408333333333, 3203361, 204263608, 264289, 49400505, 770594]] [1869665910.0, [3786.0, 1333359, 85328676, 86895, 77870628, 1216827]] [138143914.375, [12.65625, 104020, 6247200, 13140, 6247200, 27210]] [2334677118.75, [1270.8125, 1680616, 106002464, 38704, 103509152, 971600038]] [189760153.6, [50.2, 136502, 8678448, 4918, 7767792, 121049]] [135535638707.39998, [629.5500000000001, 95907291, 6138012243, 5340891, 6137123727, 95892675]] [580527530.5, [47.875, 412411, 26356864, 32995, 25506688, 398416]]
Arch_Param: [32, 8192, 16384, 4, 256, 16]
Samsung_cost: [33910621140.0, [1600113.5, 102405697, 1638358008, 12858433, 203074744, 1587489]] [13115881602.0, [618351.0, 39567471, 633078564, 4912239, 85328676, 668271]] [1105602540.0, [52170.0, 3338290, 53412640, 417330, 6677280, 52170]] [18034623908.0, [850868.0, 54454402, 871270432, 6806914, 108910624, 850868]] [1457947044.0, [68790.0, 4402182, 70434864, 550278, 8804400, 68790]] [1016339511348.0, [47949693.0, 3068770335, 49100323923, 383602047, 6138057555, 47954907]] [32722365496.0, [1543824.0, 98803948, 1580863168, 12489964, 195940032, 1535120]]
Model_cost: [26271746186.12162, [3731.3614864864867, 80564801, 1288904952, 3294657, 49400505, 136610]] [3476915106.0, [7911.0, 10223727, 163578660, 385647, 77870628, 185031]] [139290360.0, [15.0, 390450, 6247200, 13170, 6247200, 390410]] [2354532944.75, [2511.3125, 6635394, 106002464, 38794, 103509152, 971968092]] [1425317632.0, [711.0, 4343302, 69427248, 174726, 7767792, 19803]] [261477336023.59998, [1483.7000000000003, 767215743, 12275433555, 28432407, 6137123727, 14212839]] [1018972182.75, [234.8125, 2983404, 47652928, 134548, 25506688, 1055632]]
Arch_Param: [32, 8192, 16384, 4, 256, 64]
Samsung_cost: [33910621140.0, [1600113.5, 102405697, 1638358008, 12858433, 203074744, 1587489]] [13115881602.0, [618351.0, 39567471, 633078564, 4912239, 85328676, 668271]] [1105602540.0, [52170.0, 3338290, 53412640, 417330, 6677280, 52170]] [18034623908.0, [850868.0, 54454402, 871270432, 6806914, 108910624, 850868]] [1457947044.0, [68790.0, 4402182, 70434864, 550278, 8804400, 68790]] [1016339511348.0, [47949693.0, 3068770335, 49100323923, 383602047, 6138057555, 47954907]] [32722365496.0, [1543824.0, 98803948, 1580863168, 12489964, 195940032, 1535120]]
Model_cost: [26271746186.12162, [3731.3614864864867, 80564801, 1288904952, 3294657, 49400505, 136610]] [3472048722.0, [7899.0, 10223727, 163578660, 164463, 77870628, 4866975]] [139290360.0, [15.0, 390450, 6247200, 13170, 6247200, 390410]] [2354532944.75, [2511.3125, 6635394, 106002464, 38794, 103509152, 971968092]] [1425317632.0, [711.0, 4343302, 69427248, 174726, 7767792, 19803]] [261086801361.59998, [1465.2000000000003, 767215743, 12275433555, 10680855, 6137123727, 383570187]] [1018555162.75, [225.8125, 2983404, 47652928, 115604, 25506688, 1502608]]
Arch_Param: [32, 8192, 16384, 4, 256, 128]
Samsung_cost: [33672432596.0, [1600113.5, 102405697, 1638358008, 2031681, 203074744, 1587489]] [13021669506.0, [618351.0, 39567471, 633078564, 629871, 85328676, 668271]] [1098731500.0, [52170.0, 3338290, 53412640, 105010, 6677280, 52170]] [17891679524.0, [850868.0, 54454402, 871270432, 309442, 108910624, 850868]] [1446705572.0, [68790.0, 4402182, 70434864, 39302, 8804400, 68790]] [1008840120372.0, [47949693.0, 3068770335, 49100323923, 42720639, 6138057555, 47954907]] [32492733368.0, [1543824.0, 98803948, 1580863168, 2052140, 195940032, 1535120]]
Model_cost: [26271746186.12162, [3731.3614864864867, 80564801, 1288904952, 3294657, 49400505, 136610]] [3472048722.0, [7899.0, 10223727, 163578660, 164463, 77870628, 4866975]] [139290360.0, [15.0, 390450, 6247200, 13170, 6247200, 390410]] [2354532944.75, [2511.3125, 6635394, 106002464, 38794, 103509152, 971968092]] [1422479104.0, [711.0, 4343302, 69427248, 45702, 7767792, 475483]] [261086801361.59998, [1465.2000000000003, 767215743, 12275433555, 10680855, 6137123727, 383570187]] [1018397340.75, [221.3125, 2983404, 47652928, 108436, 25506688, 1579792]]
Arch_Param: [32, 8192, 16384, 4, 256, 256]
Samsung_cost: [33672432596.0, [1600113.5, 102405697, 1638358008, 2031681, 203074744, 1587489]] [13021669506.0, [618351.0, 39567471, 633078564, 629871, 85328676, 668271]] [1098731500.0, [52170.0, 3338290, 53412640, 105010, 6677280, 52170]] [17891679524.0, [850868.0, 54454402, 871270432, 309442, 108910624, 850868]] [1446705572.0, [68790.0, 4402182, 70434864, 39302, 8804400, 68790]] [1008840120372.0, [47949693.0, 3068770335, 49100323923, 42720639, 6138057555, 47954907]] [32492733368.0, [1543824.0, 98803948, 1580863168, 2052140, 195940032, 1535120]]
Model_cost: [26271746186.12162, [3731.3614864864867, 80564801, 1288904952, 3294657, 49400505, 136610]] [3472048722.0, [7899.0, 10223727, 163578660, 164463, 77870628, 4866975]] [139290360.0, [15.0, 390450, 6247200, 13170, 6247200, 390410]] [2354532944.75, [2511.3125, 6635394, 106002464, 38794, 103509152, 971968092]] [1422479104.0, [711.0, 4343302, 69427248, 45702, 7767792, 475483]] [261086801361.59998, [1465.2000000000003, 767215743, 12275433555, 10680855, 6137123727, 383570187]] [1018397340.75, [221.3125, 2983404, 47652928, 108436, 25506688, 1579792]]
Arch_Param: [32, 8192, 16384, 4, 512, 16]
Samsung_cost: [33705810146.0, [1600113.5, 51203108, 1638358008, 12858404, 203074744, 1587489]] [13036746882.0, [618351.0, 19783791, 633078564, 4912239, 85328676, 668271]] [1098925540.0, [52170.0, 1669150, 53412640, 417310, 6677280, 52170]] [17925713804.0, [850868.0, 27227206, 871270432, 6806854, 108910624, 850868]] [1449142692.0, [68790.0, 2201094, 70434864, 550278, 8804400, 68790]] [1010201970996.0, [47949693.0, 1534385247, 49100323923, 383602047, 6138057555, 47954907]] [32524755004.0, [1543824.0, 49401974, 1580863168, 12489846, 195940032, 1535120]]
Model_cost: [26110616984.12162, [3731.3614864864867, 40282660, 1288904952, 3294628, 49400505, 128418]] [3456467874.0, [7911.0, 5111919, 163578660, 385647, 77870628, 184743]] [138509040.0, [15.0, 195230, 6247200, 13150, 6247200, 195210]] [2341301816.75, [2511.3125, 3327942, 106002464, 38734, 103509152, 971769656]] [1416647424.0, [711.0, 2175750, 69427248, 174726, 7767792, 19803]] [259942907927.59998, [1483.7000000000003, 383608719, 12275433555, 28432407, 6137123727, 14212815]] [1013002778.75, [234.8125, 1491702, 47652928, 134430, 25506688, 541072]]
Arch_Param: [32, 8192, 16384, 4, 512, 64]
Samsung_cost: [33705810146.0, [1600113.5, 51203108, 1638358008, 12858404, 203074744, 1587489]] [13036746882.0, [618351.0, 19783791, 633078564, 4912239, 85328676, 668271]] [1098925540.0, [52170.0, 1669150, 53412640, 417310, 6677280, 52170]] [17925713804.0, [850868.0, 27227206, 871270432, 6806854, 108910624, 850868]] [1449142692.0, [68790.0, 2201094, 70434864, 550278, 8804400, 68790]] [1010201970996.0, [47949693.0, 1534385247, 49100323923, 383602047, 6138057555, 47954907]] [32524755004.0, [1543824.0, 49401974, 1580863168, 12489846, 195940032, 1535120]]
Model_cost: [26110616984.12162, [3731.3614864864867, 40282660, 1288904952, 3294628, 49400505, 128418]] [3451601490.0, [7899.0, 5111919, 163578660, 164463, 77870628, 2433543]] [138509040.0, [15.0, 195230, 6247200, 13150, 6247200, 195210]] [2341301816.75, [2511.3125, 3327942, 106002464, 38734, 103509152, 971769656]] [1416647424.0, [711.0, 2175750, 69427248, 174726, 7767792, 19803]] [259552373265.59998, [1465.2000000000003, 383608719, 12275433555, 10680855, 6137123727, 191785179]] [1012585758.75, [225.8125, 1491702, 47652928, 115486, 25506688, 754576]]
Arch_Param: [32, 8192, 16384, 4, 512, 128]
Samsung_cost: [33467621602.0, [1600113.5, 51203108, 1638358008, 2031652, 203074744, 1587489]] [12942534786.0, [618351.0, 19783791, 633078564, 629871, 85328676, 668271]] [1092054500.0, [52170.0, 1669150, 53412640, 104990, 6677280, 52170]] [17782769420.0, [850868.0, 27227206, 871270432, 309382, 108910624, 850868]] [1437901220.0, [68790.0, 2201094, 70434864, 39302, 8804400, 68790]] [1002702580020.0, [47949693.0, 1534385247, 49100323923, 42720639, 6138057555, 47954907]] [32295122876.0, [1543824.0, 49401974, 1580863168, 2052022, 195940032, 1535120]]
Model_cost: [26110616984.12162, [3731.3614864864867, 40282660, 1288904952, 3294628, 49400505, 128418]] [3451601490.0, [7899.0, 5111919, 163578660, 164463, 77870628, 2433543]] [138509040.0, [15.0, 195230, 6247200, 13150, 6247200, 195210]] [2341301816.75, [2511.3125, 3327942, 106002464, 38734, 103509152, 971769656]] [1413808896.0, [711.0, 2175750, 69427248, 45702, 7767792, 237915]] [259552373265.59998, [1465.2000000000003, 383608719, 12275433555, 10680855, 6137123727, 191785179]] [1012427936.75, [221.3125, 1491702, 47652928, 108318, 25506688, 790800]]
Arch_Param: [32, 8192, 16384, 4, 512, 256]
Samsung_cost: [33467621602.0, [1600113.5, 51203108, 1638358008, 2031652, 203074744, 1587489]] [12942534786.0, [618351.0, 19783791, 633078564, 629871, 85328676, 668271]] [1092054500.0, [52170.0, 1669150, 53412640, 104990, 6677280, 52170]] [17782769420.0, [850868.0, 27227206, 871270432, 309382, 108910624, 850868]] [1437901220.0, [68790.0, 2201094, 70434864, 39302, 8804400, 68790]] [1002702580020.0, [47949693.0, 1534385247, 49100323923, 42720639, 6138057555, 47954907]] [32295122876.0, [1543824.0, 49401974, 1580863168, 2052022, 195940032, 1535120]]
Model_cost: [26110616984.12162, [3731.3614864864867, 40282660, 1288904952, 3294628, 49400505, 128418]] [3451601490.0, [7899.0, 5111919, 163578660, 164463, 77870628, 2433543]] [138509040.0, [15.0, 195230, 6247200, 13150, 6247200, 195210]] [2341301816.75, [2511.3125, 3327942, 106002464, 38734, 103509152, 971769656]] [1413808896.0, [711.0, 2175750, 69427248, 45702, 7767792, 237915]] [259552373265.59998, [1465.2000000000003, 383608719, 12275433555, 10680855, 6137123727, 191785179]] [1012427936.75, [221.3125, 1491702, 47652928, 108318, 25506688, 790800]]
Arch_Param: [32, 8192, 16384, 4, 512, 512]
Samsung_cost: [33467621602.0, [1600113.5, 51203108, 1638358008, 2031652, 203074744, 1587489]] [12942534786.0, [618351.0, 19783791, 633078564, 629871, 85328676, 668271]] [1092054500.0, [52170.0, 1669150, 53412640, 104990, 6677280, 52170]] [17782769420.0, [850868.0, 27227206, 871270432, 309382, 108910624, 850868]] [1437901220.0, [68790.0, 2201094, 70434864, 39302, 8804400, 68790]] [1002702580020.0, [47949693.0, 1534385247, 49100323923, 42720639, 6138057555, 47954907]] [32295122876.0, [1543824.0, 49401974, 1580863168, 2052022, 195940032, 1535120]]
Model_cost: [26076135959.12162, [3637.6114864864867, 40282660, 1288904952, 1727428, 49400505, 1534114]] [3451601490.0, [7899.0, 5111919, 163578660, 164463, 77870628, 2433543]] [138509040.0, [15.0, 195230, 6247200, 13150, 6247200, 195210]] [2341301816.75, [2511.3125, 3327942, 106002464, 38734, 103509152, 971769656]] [1413718784.0, [711.0, 2175750, 69427248, 41606, 7767792, 241755]] [259552373265.59998, [1465.2000000000003, 383608719, 12275433555, 10680855, 6137123727, 191785179]] [1012322174.0, [215.5, 1491702, 47652928, 103518, 25506688, 796752]]
Arch_Param: [32, 8192, 16384, 4, 1024, 16]
Samsung_cost: [33603455124.0, [1600113.5, 25614369, 1638358008, 12858401, 203074744, 1587489]] [12997179522.0, [618351.0, 9891951, 633078564, 4912239, 85328676, 668271]] [1095587040.0, [52170.0, 834580, 53412640, 417300, 6677280, 52170]] [17871258752.0, [850868.0, 13613608, 871270432, 6806824, 108910624, 850868]] [1444740516.0, [68790.0, 1100550, 70434864, 550278, 8804400, 68790]] [1007133200820.0, [47949693.0, 767192703, 49100323923, 383602047, 6138057555, 47954907]] [32425949758.0, [1543824.0, 24700987, 1580863168, 12489787, 195940032, 1535120]]
Model_cost: [26030475594.12162, [3731.3614864864867, 20247329, 1288904952, 3294625, 49400505, 124322]] [3446244258.0, [7911.0, 2556015, 163578660, 385647, 77870628, 184599]] [138143988.75, [15.3125, 104020, 6247200, 13140, 6247200, 27210]] [2334711861.5, [2511.625, 1680616, 106002464, 38704, 103509152, 971600038]] [1412312320.0, [711.0, 1091974, 69427248, 174726, 7767792, 19803]] [259175693879.59998, [1483.7000000000003, 191805207, 12275433555, 28432407, 6137123727, 14212803]] [1010049820.75, [234.8125, 753787, 47652928, 134371, 25506688, 283792]]
Arch_Param: [32, 8192, 16384, 4, 1024, 64]
Samsung_cost: [33603455124.0, [1600113.5, 25614369, 1638358008, 12858401, 203074744, 1587489]] [12997179522.0, [618351.0, 9891951, 633078564, 4912239, 85328676, 668271]] [1095587040.0, [52170.0, 834580, 53412640, 417300, 6677280, 52170]] [17871258752.0, [850868.0, 13613608, 871270432, 6806824, 108910624, 850868]] [1444740516.0, [68790.0, 1100550, 70434864, 550278, 8804400, 68790]] [1007133200820.0, [47949693.0, 767192703, 49100323923, 383602047, 6138057555, 47954907]] [32425949758.0, [1543824.0, 24700987, 1580863168, 12489787, 195940032, 1535120]]
Model_cost: [26030475594.12162, [3731.3614864864867, 20247329, 1288904952, 3294625, 49400505, 124322]] [3441377874.0, [7899.0, 2556015, 163578660, 164463, 77870628, 1216827]] [138143988.75, [15.3125, 104020, 6247200, 13140, 6247200, 27210]] [2334711861.5, [2511.625, 1680616, 106002464, 38704, 103509152, 971600038]] [1412312320.0, [711.0, 1091974, 69427248, 174726, 7767792, 19803]] [258785159217.59998, [1465.2000000000003, 191805207, 12275433555, 10680855, 6137123727, 95892675]] [1009632800.75, [225.8125, 753787, 47652928, 115427, 25506688, 380560]]
Arch_Param: [32, 8192, 16384, 4, 1024, 128]
Samsung_cost: [33365266580.0, [1600113.5, 25614369, 1638358008, 2031649, 203074744, 1587489]] [12902967426.0, [618351.0, 9891951, 633078564, 629871, 85328676, 668271]] [1088716000.0, [52170.0, 834580, 53412640, 104980, 6677280, 52170]] [17728314368.0, [850868.0, 13613608, 871270432, 309352, 108910624, 850868]] [1433499044.0, [68790.0, 1100550, 70434864, 39302, 8804400, 68790]] [999633809844.0, [47949693.0, 767192703, 49100323923, 42720639, 6138057555, 47954907]] [32196317630.0, [1543824.0, 24700987, 1580863168, 2051963, 195940032, 1535120]]
Model_cost: [26030475594.12162, [3731.3614864864867, 20247329, 1288904952, 3294625, 49400505, 124322]] [3441377874.0, [7899.0, 2556015, 163578660, 164463, 77870628, 1216827]] [138143988.75, [15.3125, 104020, 6247200, 13140, 6247200, 27210]] [2334711861.5, [2511.625, 1680616, 106002464, 38704, 103509152, 971600038]] [1409473792.0, [711.0, 1091974, 69427248, 45702, 7767792, 119131]] [258785159217.59998, [1465.2000000000003, 191805207, 12275433555, 10680855, 6137123727, 95892675]] [1009474978.75, [221.3125, 753787, 47652928, 108259, 25506688, 396304]]
Arch_Param: [32, 8192, 16384, 4, 1024, 256]
Samsung_cost: [33365266580.0, [1600113.5, 25614369, 1638358008, 2031649, 203074744, 1587489]] [12902967426.0, [618351.0, 9891951, 633078564, 629871, 85328676, 668271]] [1088716000.0, [52170.0, 834580, 53412640, 104980, 6677280, 52170]] [17728314368.0, [850868.0, 13613608, 871270432, 309352, 108910624, 850868]] [1433499044.0, [68790.0, 1100550, 70434864, 39302, 8804400, 68790]] [999633809844.0, [47949693.0, 767192703, 49100323923, 42720639, 6138057555, 47954907]] [32196317630.0, [1543824.0, 24700987, 1580863168, 2051963, 195940032, 1535120]]
Model_cost: [26030475594.12162, [3731.3614864864867, 20247329, 1288904952, 3294625, 49400505, 124322]] [3441377874.0, [7899.0, 2556015, 163578660, 164463, 77870628, 1216827]] [138143988.75, [15.3125, 104020, 6247200, 13140, 6247200, 27210]] [2334711861.5, [2511.625, 1680616, 106002464, 38704, 103509152, 971600038]] [1409473792.0, [711.0, 1091974, 69427248, 45702, 7767792, 119131]] [258785159217.59998, [1465.2000000000003, 191805207, 12275433555, 10680855, 6137123727, 95892675]] [1009474978.75, [221.3125, 753787, 47652928, 108259, 25506688, 396304]]
Arch_Param: [32, 8192, 16384, 4, 1024, 512]
Samsung_cost: [33365266580.0, [1600113.5, 25614369, 1638358008, 2031649, 203074744, 1587489]] [12902967426.0, [618351.0, 9891951, 633078564, 629871, 85328676, 668271]] [1088716000.0, [52170.0, 834580, 53412640, 104980, 6677280, 52170]] [17728314368.0, [850868.0, 13613608, 871270432, 309352, 108910624, 850868]] [1433499044.0, [68790.0, 1100550, 70434864, 39302, 8804400, 68790]] [999633809844.0, [47949693.0, 767192703, 49100323923, 42720639, 6138057555, 47954907]] [32196317630.0, [1543824.0, 24700987, 1580863168, 2051963, 195940032, 1535120]]
Model_cost: [25995994569.12162, [3637.6114864864867, 20247329, 1288904952, 1727425, 49400505, 768162]] [3441377874.0, [7899.0, 2556015, 163578660, 164463, 77870628, 1216827]] [138143988.75, [15.3125, 104020, 6247200, 13140, 6247200, 27210]] [2334711861.5, [2511.625, 1680616, 106002464, 38704, 103509152, 971600038]] [1409383680.0, [711.0, 1091974, 69427248, 41606, 7767792, 120923]] [258785159217.59998, [1465.2000000000003, 191805207, 12275433555, 10680855, 6137123727, 95892675]] [1009350016.0, [215.5, 748987, 47652928, 103459, 25506688, 398416]]
Arch_Param: [32, 8192, 16384, 8, 256, 16]
Samsung_cost: [16991940052.0, [801777.5, 51312193, 820923384, 6444097, 102001848, 797857]] [13115881602.0, [618351.0, 39567471, 633078564, 4912239, 85328676, 668271]] [1105602540.0, [52170.0, 3338290, 53412640, 417330, 6677280, 52170]] [18034623908.0, [850868.0, 54454402, 871270432, 6806914, 108910624, 850868]] [1358410628.0, [64094.0, 4101638, 65626160, 512710, 8203312, 64094]] [1016339511348.0, [47949693.0, 3068770335, 49100323923, 383602047, 6138057555, 47954907]] [31909135416.0, [1505424.0, 96346348, 1541541568, 12113132, 192138944, 1505424]]
Model_cost: [13682938378.06081, [1911.9307432432433, 41814593, 668963704, 1706881, 49400505, 136610]] [1885767786.0, [7461.0, 5333103, 85328676, 86895, 77870628, 4866975]] [139290360.0, [15.0, 390450, 6247200, 13170, 6247200, 390410]] [2354532944.75, [2511.3125, 6635394, 106002464, 38794, 103509152, 971968092]] [720428272.0, [395.0, 2171654, 34713648, 87366, 7767792, 19803]] [136686528250.79997, [1100.1000000000001, 383626383, 6138012243, 5340891, 6137123727, 383570187]] [717503040.75, [140.3125, 2055020, 32839552, 67028, 25506688, 1502608]]
Arch_Param: [32, 8192, 16384, 8, 256, 64]
Samsung_cost: [16991940052.0, [801777.5, 51312193, 820923384, 6444097, 102001848, 797857]] [13115881602.0, [618351.0, 39567471, 633078564, 4912239, 85328676, 668271]] [1105602540.0, [52170.0, 3338290, 53412640, 417330, 6677280, 52170]] [18034623908.0, [850868.0, 54454402, 871270432, 6806914, 108910624, 850868]] [1358410628.0, [64094.0, 4101638, 65626160, 512710, 8203312, 64094]] [1016339511348.0, [47949693.0, 3068770335, 49100323923, 383602047, 6138057555, 47954907]] [31909135416.0, [1505424.0, 96346348, 1541541568, 12113132, 192138944, 1505424]]
Model_cost: [13682938378.06081, [1911.9307432432433, 41814593, 668963704, 1706881, 49400505, 136610]] [1885767786.0, [7461.0, 5333103, 85328676, 86895, 77870628, 4866975]] [139290360.0, [15.0, 390450, 6247200, 13170, 6247200, 390410]] [2354532944.75, [2511.3125, 6635394, 106002464, 38794, 103509152, 971968092]] [719008000.0, [359.0, 2171654, 34713648, 22854, 7767792, 475483]] [136686528250.79997, [1100.1000000000001, 383626383, 6138012243, 5340891, 6137123727, 383570187]] [717412760.75, [134.3125, 2055020, 32839552, 62932, 25506688, 1579792]]
Arch_Param: [32, 8192, 16384, 8, 256, 128]
Samsung_cost: [16872688084.0, [801777.5, 51312193, 820923384, 1023553, 102001848, 797857]] [13021669506.0, [618351.0, 39567471, 633078564, 629871, 85328676, 668271]] [1098731500.0, [52170.0, 3338290, 53412640, 105010, 6677280, 52170]] [17891679524.0, [850868.0, 54454402, 871270432, 309442, 108910624, 850868]] [1347856260.0, [64094.0, 4101638, 65626160, 32966, 8203312, 64094]] [1008840120372.0, [47949693.0, 3068770335, 49100323923, 42720639, 6138057555, 47954907]] [31682927544.0, [1505424.0, 96346348, 1541541568, 1830956, 192138944, 1505424]]
Model_cost: [13682938378.06081, [1911.9307432432433, 41814593, 668963704, 1706881, 49400505, 136610]] [1885767786.0, [7461.0, 5333103, 85328676, 86895, 77870628, 4866975]] [139290360.0, [15.0, 390450, 6247200, 13170, 6247200, 390410]] [2354532944.75, [2511.3125, 6635394, 106002464, 38794, 103509152, 971968092]] [719008000.0, [359.0, 2171654, 34713648, 22854, 7767792, 475483]] [136686528250.79997, [1100.1000000000001, 383626383, 6138012243, 5340891, 6137123727, 383570187]] [717412760.75, [134.3125, 2055020, 32839552, 62932, 25506688, 1579792]]
Arch_Param: [32, 8192, 16384, 8, 256, 256]
Samsung_cost: [16872688084.0, [801777.5, 51312193, 820923384, 1023553, 102001848, 797857]] [13021669506.0, [618351.0, 39567471, 633078564, 629871, 85328676, 668271]] [1098731500.0, [52170.0, 3338290, 53412640, 105010, 6677280, 52170]] [17891679524.0, [850868.0, 54454402, 871270432, 309442, 108910624, 850868]] [1347856260.0, [64094.0, 4101638, 65626160, 32966, 8203312, 64094]] [1008840120372.0, [47949693.0, 3068770335, 49100323923, 42720639, 6138057555, 47954907]] [31682927544.0, [1505424.0, 96346348, 1541541568, 1830956, 192138944, 1505424]]
Model_cost: [13665009085.06081, [1893.1807432432433, 41814593, 668963704, 891937, 49400505, 3066018]] [1885767786.0, [7461.0, 5333103, 85328676, 86895, 77870628, 4866975]] [139290360.0, [15.0, 390450, 6247200, 13170, 6247200, 390410]] [2354532944.75, [2511.3125, 6635394, 106002464, 38794, 103509152, 971968092]] [718962944.0, [359.0, 2171654, 34713648, 20806, 7767792, 483419]] [136686528250.79997, [1100.1000000000001, 383626383, 6138012243, 5340891, 6137123727, 383570187]] [717357791.0, [132.25, 2055020, 32839552, 60436, 25506688, 1593424]]
Arch_Param: [32, 8192, 16384, 8, 512, 16]
Samsung_cost: [16889316066.0, [801777.5, 25656356, 820923384, 6444068, 102001848, 797857]] [13036746882.0, [618351.0, 19783791, 633078564, 4912239, 85328676, 668271]] [1098925540.0, [52170.0, 1669150, 53412640, 417310, 6677280, 52170]] [17925713804.0, [850868.0, 27227206, 871270432, 6806854, 108910624, 850868]] [1350207364.0, [64094.0, 2050822, 65626160, 512710, 8203312, 64094]] [1010201970996.0, [47949693.0, 1534385247, 49100323923, 383602047, 6138057555, 47954907]] [31716440124.0, [1505424.0, 48173174, 1541541568, 12113014, 192138944, 1505424]]
Model_cost: [13599309592.06081, [1911.9307432432433, 20907556, 668963704, 1706852, 49400505, 128418]] [1875101802.0, [7461.0, 2666607, 85328676, 86895, 77870628, 2433543]] [138509040.0, [15.0, 195230, 6247200, 13150, 6247200, 195210]] [2341301816.75, [2511.3125, 3327942, 106002464, 38734, 103509152, 971769656]] [716093168.0, [395.0, 1087878, 34713648, 87366, 7767792, 19803]] [135919277338.79999, [1100.1000000000001, 191813655, 6138012243, 5340891, 6137123727, 191785179]] [713390404.75, [140.3125, 1027510, 32839552, 66910, 25506688, 754576]]
Arch_Param: [32, 8192, 16384, 8, 512, 64]
Samsung_cost: [16889316066.0, [801777.5, 25656356, 820923384, 6444068, 102001848, 797857]] [13036746882.0, [618351.0, 19783791, 633078564, 4912239, 85328676, 668271]] [1098925540.0, [52170.0, 1669150, 53412640, 417310, 6677280, 52170]] [17925713804.0, [850868.0, 27227206, 871270432, 6806854, 108910624, 850868]] [1350207364.0, [64094.0, 2050822, 65626160, 512710, 8203312, 64094]] [1010201970996.0, [47949693.0, 1534385247, 49100323923, 383602047, 6138057555, 47954907]] [31716440124.0, [1505424.0, 48173174, 1541541568, 12113014, 192138944, 1505424]]
Model_cost: [13599309592.06081, [1911.9307432432433, 20907556, 668963704, 1706852, 49400505, 128418]] [1875101802.0, [7461.0, 2666607, 85328676, 86895, 77870628, 2433543]] [138509040.0, [15.0, 195230, 6247200, 13150, 6247200, 195210]] [2341301816.75, [2511.3125, 3327942, 106002464, 38734, 103509152, 971769656]] [714672896.0, [359.0, 1087878, 34713648, 22854, 7767792, 237915]] [135919277338.79999, [1100.1000000000001, 191813655, 6138012243, 5340891, 6137123727, 191785179]] [713300124.75, [134.3125, 1027510, 32839552, 62814, 25506688, 790800]]
Arch_Param: [32, 8192, 16384, 8, 512, 128]
Samsung_cost: [16770064098.0, [801777.5, 25656356, 820923384, 1023524, 102001848, 797857]] [12942534786.0, [618351.0, 19783791, 633078564, 629871, 85328676, 668271]] [1092054500.0, [52170.0, 1669150, 53412640, 104990, 6677280, 52170]] [17782769420.0, [850868.0, 27227206, 871270432, 309382, 108910624, 850868]] [1339652996.0, [64094.0, 2050822, 65626160, 32966, 8203312, 64094]] [1002702580020.0, [47949693.0, 1534385247, 49100323923, 42720639, 6138057555, 47954907]] [31490232252.0, [1505424.0, 48173174, 1541541568, 1830838, 192138944, 1505424]]
Model_cost: [13599309592.06081, [1911.9307432432433, 20907556, 668963704, 1706852, 49400505, 128418]] [1875101802.0, [7461.0, 2666607, 85328676, 86895, 77870628, 2433543]] [138509040.0, [15.0, 195230, 6247200, 13150, 6247200, 195210]] [2341301816.75, [2511.3125, 3327942, 106002464, 38734, 103509152, 971769656]] [714672896.0, [359.0, 1087878, 34713648, 22854, 7767792, 237915]] [135919277338.79999, [1100.1000000000001, 191813655, 6138012243, 5340891, 6137123727, 191785179]] [713300124.75, [134.3125, 1027510, 32839552, 62814, 25506688, 790800]]
Arch_Param: [32, 8192, 16384, 8, 512, 256]
Samsung_cost: [16770064098.0, [801777.5, 25656356, 820923384, 1023524, 102001848, 797857]] [12942534786.0, [618351.0, 19783791, 633078564, 629871, 85328676, 668271]] [1092054500.0, [52170.0, 1669150, 53412640, 104990, 6677280, 52170]] [17782769420.0, [850868.0, 27227206, 871270432, 309382, 108910624, 850868]] [1339652996.0, [64094.0, 2050822, 65626160, 32966, 8203312, 64094]] [1002702580020.0, [47949693.0, 1534385247, 49100323923, 42720639, 6138057555, 47954907]] [31490232252.0, [1505424.0, 48173174, 1541541568, 1830838, 192138944, 1505424]]
Model_cost: [13581380299.06081, [1893.1807432432433, 20907556, 668963704, 891908, 49400505, 1534114]] [1875101802.0, [7461.0, 2666607, 85328676, 86895, 77870628, 2433543]] [138509040.0, [15.0, 195230, 6247200, 13150, 6247200, 195210]] [2341301816.75, [2511.3125, 3327942, 106002464, 38734, 103509152, 971769656]] [714627840.0, [359.0, 1087878, 34713648, 20806, 7767792, 241755]] [135919277338.79999, [1100.1000000000001, 191813655, 6138012243, 5340891, 6137123727, 191785179]] [713245155.0, [132.25, 1027510, 32839552, 60318, 25506688, 796752]]
Arch_Param: [32, 8192, 16384, 8, 512, 512]
Samsung_cost: [16770064098.0, [801777.5, 25656356, 820923384, 1023524, 102001848, 797857]] [12942534786.0, [618351.0, 19783791, 633078564, 629871, 85328676, 668271]] [1092054500.0, [52170.0, 1669150, 53412640, 104990, 6677280, 52170]] [17782769420.0, [850868.0, 27227206, 871270432, 309382, 108910624, 850868]] [1339652996.0, [64094.0, 2050822, 65626160, 32966, 8203312, 64094]] [1002702580020.0, [47949693.0, 1534385247, 49100323923, 42720639, 6138057555, 47954907]] [31490232252.0, [1505424.0, 48173174, 1541541568, 1830838, 192138944, 1505424]]
Model_cost: [13581380299.06081, [1893.1807432432433, 20907556, 668963704, 891908, 49400505, 1534114]] [1875101802.0, [7461.0, 2666607, 85328676, 86895, 77870628, 2433543]] [138509040.0, [15.0, 195230, 6247200, 13150, 6247200, 195210]] [2341301816.75, [2511.3125, 3327942, 106002464, 38734, 103509152, 971769656]] [714621312.0, [359.0, 1087878, 34713648, 19654, 7777200, 242322]] [135919277338.79999, [1100.1000000000001, 191813655, 6138012243, 5340891, 6137123727, 191785179]] [713245155.0, [132.25, 1027510, 32839552, 60318, 25506688, 796752]]
Arch_Param: [32, 8192, 16384, 8, 1024, 16]
Samsung_cost: [16838029972.0, [801777.5, 12834849, 820923384, 6444065, 102001848, 797857]] [12997179522.0, [618351.0, 9891951, 633078564, 4912239, 85328676, 668271]] [1095587040.0, [52170.0, 834580, 53412640, 417300, 6677280, 52170]] [17871258752.0, [850868.0, 13613608, 871270432, 6806824, 108910624, 850868]] [1346105732.0, [64094.0, 1025414, 65626160, 512710, 8203312, 64094]] [1007133200820.0, [47949693.0, 767192703, 49100323923, 383602047, 6138057555, 47954907]] [31620092478.0, [1505424.0, 24086587, 1541541568, 12112955, 192138944, 1505424]]
Model_cost: [13557706954.06081, [1911.9307432432433, 10506913, 668963704, 1706849, 49400505, 124322]] [1869768810.0, [7461.0, 1333359, 85328676, 86895, 77870628, 1216827]] [138143988.75, [15.3125, 104020, 6247200, 13140, 6247200, 27210]] [2334711861.5, [2511.625, 1680616, 106002464, 38704, 103509152, 971600038]] [713925616.0, [395.0, 545990, 34713648, 87366, 7767792, 19803]] [135535651882.79999, [1100.1000000000001, 95907291, 6138012243, 5340891, 6137123727, 95892675]] [711350342.75, [140.3125, 517819, 32839552, 66851, 25506688, 380560]]
Arch_Param: [32, 8192, 16384, 8, 1024, 64]
Samsung_cost: [16838029972.0, [801777.5, 12834849, 820923384, 6444065, 102001848, 797857]] [12997179522.0, [618351.0, 9891951, 633078564, 4912239, 85328676, 668271]] [1095587040.0, [52170.0, 834580, 53412640, 417300, 6677280, 52170]] [17871258752.0, [850868.0, 13613608, 871270432, 6806824, 108910624, 850868]] [1346105732.0, [64094.0, 1025414, 65626160, 512710, 8203312, 64094]] [1007133200820.0, [47949693.0, 767192703, 49100323923, 383602047, 6138057555, 47954907]] [31620092478.0, [1505424.0, 24086587, 1541541568, 12112955, 192138944, 1505424]]
Model_cost: [13557706954.06081, [1911.9307432432433, 10506913, 668963704, 1706849, 49400505, 124322]] [1869768810.0, [7461.0, 1333359, 85328676, 86895, 77870628, 1216827]] [138143988.75, [15.3125, 104020, 6247200, 13140, 6247200, 27210]] [2334711861.5, [2511.625, 1680616, 106002464, 38704, 103509152, 971600038]] [712505344.0, [359.0, 545990, 34713648, 22854, 7767792, 119131]] [135535651882.79999, [1100.1000000000001, 95907291, 6138012243, 5340891, 6137123727, 95892675]] [711260062.75, [134.3125, 517819, 32839552, 62755, 25506688, 396304]]
Arch_Param: [32, 8192, 16384, 8, 1024, 128]
Samsung_cost: [16718778004.0, [801777.5, 12834849, 820923384, 1023521, 102001848, 797857]] [12902967426.0, [618351.0, 9891951, 633078564, 629871, 85328676, 668271]] [1088716000.0, [52170.0, 834580, 53412640, 104980, 6677280, 52170]] [17728314368.0, [850868.0, 13613608, 871270432, 309352, 108910624, 850868]] [1335551364.0, [64094.0, 1025414, 65626160, 32966, 8203312, 64094]] [999633809844.0, [47949693.0, 767192703, 49100323923, 42720639, 6138057555, 47954907]] [31393884606.0, [1505424.0, 24086587, 1541541568, 1830779, 192138944, 1505424]]
Model_cost: [13557706954.06081, [1911.9307432432433, 10506913, 668963704, 1706849, 49400505, 124322]] [1869768810.0, [7461.0, 1333359, 85328676, 86895, 77870628, 1216827]] [138143988.75, [15.3125, 104020, 6247200, 13140, 6247200, 27210]] [2334711861.5, [2511.625, 1680616, 106002464, 38704, 103509152, 971600038]] [712505344.0, [359.0, 545990, 34713648, 22854, 7767792, 119131]] [135535651882.79999, [1100.1000000000001, 95907291, 6138012243, 5340891, 6137123727, 95892675]] [711260062.75, [134.3125, 517819, 32839552, 62755, 25506688, 396304]]
Arch_Param: [32, 8192, 16384, 8, 1024, 256]
Samsung_cost: [16718778004.0, [801777.5, 12834849, 820923384, 1023521, 102001848, 797857]] [12902967426.0, [618351.0, 9891951, 633078564, 629871, 85328676, 668271]] [1088716000.0, [52170.0, 834580, 53412640, 104980, 6677280, 52170]] [17728314368.0, [850868.0, 13613608, 871270432, 309352, 108910624, 850868]] [1335551364.0, [64094.0, 1025414, 65626160, 32966, 8203312, 64094]] [999633809844.0, [47949693.0, 767192703, 49100323923, 42720639, 6138057555, 47954907]] [31393884606.0, [1505424.0, 24086587, 1541541568, 1830779, 192138944, 1505424]]
Model_cost: [13539777661.06081, [1893.1807432432433, 10506913, 668963704, 891905, 49400505, 768162]] [1869768810.0, [7461.0, 1333359, 85328676, 86895, 77870628, 1216827]] [138143988.75, [15.3125, 104020, 6247200, 13140, 6247200, 27210]] [2334711861.5, [2511.625, 1680616, 106002464, 38704, 103509152, 971600038]] [712460288.0, [359.0, 545990, 34713648, 20806, 7767792, 120923]] [135535651882.79999, [1100.1000000000001, 95907291, 6138012243, 5340891, 6137123727, 95892675]] [711195109.0, [132.25, 515323, 32839552, 60259, 25506688, 398416]]
Arch_Param: [32, 8192, 16384, 8, 1024, 512]
Samsung_cost: [16718778004.0, [801777.5, 12834849, 820923384, 1023521, 102001848, 797857]] [12902967426.0, [618351.0, 9891951, 633078564, 629871, 85328676, 668271]] [1088716000.0, [52170.0, 834580, 53412640, 104980, 6677280, 52170]] [17728314368.0, [850868.0, 13613608, 871270432, 309352, 108910624, 850868]] [1335551364.0, [64094.0, 1025414, 65626160, 32966, 8203312, 64094]] [999633809844.0, [47949693.0, 767192703, 49100323923, 42720639, 6138057555, 47954907]] [31393884606.0, [1505424.0, 24086587, 1541541568, 1830779, 192138944, 1505424]]
Model_cost: [13539777661.06081, [1893.1807432432433, 10506913, 668963704, 891905, 49400505, 768162]] [1869768810.0, [7461.0, 1333359, 85328676, 86895, 77870628, 1216827]] [138143988.75, [15.3125, 104020, 6247200, 13140, 6247200, 27210]] [2334711861.5, [2511.625, 1680616, 106002464, 38704, 103509152, 971600038]] [712453760.0, [359.0, 545990, 34713648, 19654, 7777200, 121196]] [135535651882.79999, [1100.1000000000001, 95907291, 6138012243, 5340891, 6137123727, 95892675]] [711195109.0, [132.25, 515323, 32839552, 60259, 25506688, 398416]]
Arch_Param: [32, 8192, 16384, 16, 256, 16]
Samsung_cost: [8532599508.0, [402609.5, 25765441, 412206072, 3236929, 51465400, 403041]] [13115881602.0, [618351.0, 39567471, 633078564, 4912239, 85328676, 668271]] [1105602540.0, [52170.0, 3338290, 53412640, 417330, 6677280, 52170]] [18034623908.0, [850868.0, 54454402, 871270432, 6806914, 108910624, 850868]] [1308642420.0, [61746.0, 3951366, 63221808, 493926, 7902768, 61746]] [1016339511348.0, [47949693.0, 3068770335, 49100323923, 383602047, 6138057555, 47954907]] [31502520376.0, [1486224.0, 95117548, 1521880768, 11924716, 190238400, 1490576]]
Model_cost: [7391251502.655405, [1085.8091216216217, 22447809, 359126200, 913857, 49400505, 136610]] [1885767786.0, [7461.0, 5333103, 85328676, 86895, 77870628, 4866975]] [139290360.0, [15.0, 390450, 6247200, 13170, 6247200, 390410]] [2354532944.75, [2511.3125, 6635394, 106002464, 38794, 103509152, 971968092]] [367982584.0, [201.0, 1085830, 17356848, 43686, 7767792, 19803]] [136686528250.79997, [1100.1000000000001, 383626383, 6138012243, 5340891, 6137123727, 383570187]] [629510372.25, [100.4375, 1783660, 28517760, 45652, 25506688, 1502608]]
Arch_Param: [32, 8192, 16384, 16, 256, 64]
Samsung_cost: [8532599508.0, [402609.5, 25765441, 412206072, 3236929, 51465400, 403041]] [13115881602.0, [618351.0, 39567471, 633078564, 4912239, 85328676, 668271]] [1105602540.0, [52170.0, 3338290, 53412640, 417330, 6677280, 52170]] [18034623908.0, [850868.0, 54454402, 871270432, 6806914, 108910624, 850868]] [1308642420.0, [61746.0, 3951366, 63221808, 493926, 7902768, 61746]] [1016339511348.0, [47949693.0, 3068770335, 49100323923, 383602047, 6138057555, 47954907]] [31502520376.0, [1486224.0, 95117548, 1521880768, 11924716, 190238400, 1490576]]
Model_cost: [7391251502.655405, [1085.8091216216217, 22447809, 359126200, 913857, 49400505, 136610]] [1885767786.0, [7461.0, 5333103, 85328676, 86895, 77870628, 4866975]] [139290360.0, [15.0, 390450, 6247200, 13170, 6247200, 390410]] [2354532944.75, [2511.3125, 6635394, 106002464, 38794, 103509152, 971968092]] [367272448.0, [183.0, 1085830, 17356848, 11430, 7767792, 475483]] [136686528250.79997, [1100.1000000000001, 383626383, 6138012243, 5340891, 6137123727, 383570187]] [629465232.25, [97.4375, 1783660, 28517760, 43604, 25506688, 1579792]]
Arch_Param: [32, 8192, 16384, 16, 256, 128]
Samsung_cost: [8472815828.0, [402609.5, 25765441, 412206072, 519489, 51465400, 403041]] [13021669506.0, [618351.0, 39567471, 633078564, 629871, 85328676, 668271]] [1098731500.0, [52170.0, 3338290, 53412640, 105010, 6677280, 52170]] [17891679524.0, [850868.0, 54454402, 871270432, 309442, 108910624, 850868]] [1298431604.0, [61746.0, 3951366, 63221808, 29798, 7902768, 61746]] [1008840120372.0, [47949693.0, 3068770335, 49100323923, 42720639, 6138057555, 47954907]] [31278024632.0, [1486224.0, 95117548, 1521880768, 1720364, 190238400, 1490576]]
Model_cost: [7381595975.655405, [1029.5591216216217, 22447809, 359126200, 475041, 49400505, 3066018]] [1885767786.0, [7461.0, 5333103, 85328676, 86895, 77870628, 4866975]] [139290360.0, [15.0, 390450, 6247200, 13170, 6247200, 390410]] [2354532944.75, [2511.3125, 6635394, 106002464, 38794, 103509152, 971968092]] [367249920.0, [183.0, 1085830, 17356848, 10406, 7767792, 483419]] [136686528250.79997, [1100.1000000000001, 383626383, 6138012243, 5340891, 6137123727, 383570187]] [629435659.0, [97.25, 1783660, 28517760, 42260, 25506688, 1593424]]
Arch_Param: [32, 8192, 16384, 16, 256, 256]
Samsung_cost: [8472815828.0, [402609.5, 25765441, 412206072, 519489, 51465400, 403041]] [13021669506.0, [618351.0, 39567471, 633078564, 629871, 85328676, 668271]] [1098731500.0, [52170.0, 3338290, 53412640, 105010, 6677280, 52170]] [17891679524.0, [850868.0, 54454402, 871270432, 309442, 108910624, 850868]] [1298431604.0, [61746.0, 3951366, 63221808, 29798, 7902768, 61746]] [1008840120372.0, [47949693.0, 3068770335, 49100323923, 42720639, 6138057555, 47954907]] [31278024632.0, [1486224.0, 95117548, 1521880768, 1720364, 190238400, 1490576]]
Model_cost: [7381595975.655405, [1029.5591216216217, 22447809, 359126200, 475041, 49400505, 3066018]] [1885767786.0, [7461.0, 5333103, 85328676, 86895, 77870628, 4866975]] [139290360.0, [15.0, 390450, 6247200, 13170, 6247200, 390410]] [2354532944.75, [2511.3125, 6635394, 106002464, 38794, 103509152, 971968092]] [367249920.0, [183.0, 1085830, 17356848, 10406, 7767792, 483419]] [136686528250.79997, [1100.1000000000001, 383626383, 6138012243, 5340891, 6137123727, 383570187]] [629435659.0, [97.25, 1783660, 28517760, 42260, 25506688, 1593424]]
Arch_Param: [32, 8192, 16384, 16, 512, 16]
Samsung_cost: [8481069026.0, [402609.5, 12882980, 412206072, 3236900, 51465400, 403041]] [13036746882.0, [618351.0, 19783791, 633078564, 4912239, 85328676, 668271]] [1098925540.0, [52170.0, 1669150, 53412640, 417310, 6677280, 52170]] [17925713804.0, [850868.0, 27227206, 871270432, 6806854, 108910624, 850868]] [1300739700.0, [61746.0, 1975686, 63221808, 493926, 7902768, 61746]] [1010201970996.0, [47949693.0, 1534385247, 49100323923, 383602047, 6138057555, 47954907]] [31312282684.0, [1486224.0, 47558774, 1521880768, 11924598, 190238400, 1490576]]
Model_cost: [7346356284.655405, [1085.8091216216217, 11224164, 359126200, 913828, 49400505, 128418]] [1875101802.0, [7461.0, 2666607, 85328676, 86895, 77870628, 2433543]] [138509040.0, [15.0, 195230, 6247200, 13150, 6247200, 195210]] [2341301816.75, [2511.3125, 3327942, 106002464, 38734, 103509152, 971769656]] [365815032.0, [201.0, 543942, 17356848, 43686, 7767792, 19803]] [135919277338.79999, [1100.1000000000001, 191813655, 6138012243, 5340891, 6137123727, 191785179]] [625940456.25, [100.4375, 891830, 28517760, 45534, 25506688, 754576]]
Arch_Param: [32, 8192, 16384, 16, 512, 64]
Samsung_cost: [8481069026.0, [402609.5, 12882980, 412206072, 3236900, 51465400, 403041]] [13036746882.0, [618351.0, 19783791, 633078564, 4912239, 85328676, 668271]] [1098925540.0, [52170.0, 1669150, 53412640, 417310, 6677280, 52170]] [17925713804.0, [850868.0, 27227206, 871270432, 6806854, 108910624, 850868]] [1300739700.0, [61746.0, 1975686, 63221808, 493926, 7902768, 61746]] [1010201970996.0, [47949693.0, 1534385247, 49100323923, 383602047, 6138057555, 47954907]] [31312282684.0, [1486224.0, 47558774, 1521880768, 11924598, 190238400, 1490576]]
Model_cost: [7346356284.655405, [1085.8091216216217, 11224164, 359126200, 913828, 49400505, 128418]] [1875101802.0, [7461.0, 2666607, 85328676, 86895, 77870628, 2433543]] [138509040.0, [15.0, 195230, 6247200, 13150, 6247200, 195210]] [2341301816.75, [2511.3125, 3327942, 106002464, 38734, 103509152, 971769656]] [365104896.0, [183.0, 543942, 17356848, 11430, 7767792, 237915]] [135919277338.79999, [1100.1000000000001, 191813655, 6138012243, 5340891, 6137123727, 191785179]] [625895316.25, [97.4375, 891830, 28517760, 43486, 25506688, 790800]]
Arch_Param: [32, 8192, 16384, 16, 512, 128]
Samsung_cost: [8421285346.0, [402609.5, 12882980, 412206072, 519460, 51465400, 403041]] [12942534786.0, [618351.0, 19783791, 633078564, 629871, 85328676, 668271]] [1092054500.0, [52170.0, 1669150, 53412640, 104990, 6677280, 52170]] [17782769420.0, [850868.0, 27227206, 871270432, 309382, 108910624, 850868]] [1290528884.0, [61746.0, 1975686, 63221808, 29798, 7902768, 61746]] [1002702580020.0, [47949693.0, 1534385247, 49100323923, 42720639, 6138057555, 47954907]] [31087786940.0, [1486224.0, 47558774, 1521880768, 1720246, 190238400, 1490576]]
Model_cost: [7336700757.655405, [1029.5591216216217, 11224164, 359126200, 475012, 49400505, 1534114]] [1875101802.0, [7461.0, 2666607, 85328676, 86895, 77870628, 2433543]] [138509040.0, [15.0, 195230, 6247200, 13150, 6247200, 195210]] [2341301816.75, [2511.3125, 3327942, 106002464, 38734, 103509152, 971769656]] [365082368.0, [183.0, 543942, 17356848, 10406, 7767792, 241755]] [135919277338.79999, [1100.1000000000001, 191813655, 6138012243, 5340891, 6137123727, 191785179]] [625865743.0, [97.25, 891830, 28517760, 42142, 25506688, 796752]]
Arch_Param: [32, 8192, 16384, 16, 512, 256]
Samsung_cost: [8421285346.0, [402609.5, 12882980, 412206072, 519460, 51465400, 403041]] [12942534786.0, [618351.0, 19783791, 633078564, 629871, 85328676, 668271]] [1092054500.0, [52170.0, 1669150, 53412640, 104990, 6677280, 52170]] [17782769420.0, [850868.0, 27227206, 871270432, 309382, 108910624, 850868]] [1290528884.0, [61746.0, 1975686, 63221808, 29798, 7902768, 61746]] [1002702580020.0, [47949693.0, 1534385247, 49100323923, 42720639, 6138057555, 47954907]] [31087786940.0, [1486224.0, 47558774, 1521880768, 1720246, 190238400, 1490576]]
Model_cost: [7336700757.655405, [1029.5591216216217, 11224164, 359126200, 475012, 49400505, 1534114]] [1875101802.0, [7461.0, 2666607, 85328676, 86895, 77870628, 2433543]] [138509040.0, [15.0, 195230, 6247200, 13150, 6247200, 195210]] [2341301816.75, [2511.3125, 3327942, 106002464, 38734, 103509152, 971769656]] [365082368.0, [183.0, 543942, 17356848, 10406, 7767792, 241755]] [135919277338.79999, [1100.1000000000001, 191813655, 6138012243, 5340891, 6137123727, 191785179]] [625865743.0, [97.25, 891830, 28517760, 42142, 25506688, 796752]]
Arch_Param: [32, 8192, 16384, 16, 512, 512]
Samsung_cost: [8421285346.0, [402609.5, 12882980, 412206072, 519460, 51465400, 403041]] [12942534786.0, [618351.0, 19783791, 633078564, 629871, 85328676, 668271]] [1092054500.0, [52170.0, 1669150, 53412640, 104990, 6677280, 52170]] [17782769420.0, [850868.0, 27227206, 871270432, 309382, 108910624, 850868]] [1290528884.0, [61746.0, 1975686, 63221808, 29798, 7902768, 61746]] [1002702580020.0, [47949693.0, 1534385247, 49100323923, 42720639, 6138057555, 47954907]] [31087786940.0, [1486224.0, 47558774, 1521880768, 1720246, 190238400, 1490576]]
Model_cost: [7336594994.905405, [1023.7466216216217, 11224164, 359126200, 470212, 49400505, 1540706]] [1875101802.0, [7461.0, 2666607, 85328676, 86895, 77870628, 2433543]] [138509040.0, [15.0, 195230, 6247200, 13150, 6247200, 195210]] [2341301816.75, [2511.3125, 3327942, 106002464, 38734, 103509152, 971769656]] [365069696.0, [183.0, 543942, 17356848, 9830, 7767792, 242028]] [135919277338.79999, [1100.1000000000001, 191813655, 6138012243, 5340891, 6137123727, 191785179]] [625865743.0, [97.25, 891830, 28517760, 42142, 25506688, 796752]]
Arch_Param: [32, 8192, 16384, 16, 1024, 16]
Samsung_cost: [8455317396.0, [402609.5, 6445089, 412206072, 3236897, 51465400, 403041]] [12997179522.0, [618351.0, 9891951, 633078564, 4912239, 85328676, 668271]] [1095587040.0, [52170.0, 834580, 53412640, 417300, 6677280, 52170]] [17871258752.0, [850868.0, 13613608, 871270432, 6806824, 108910624, 850868]] [1296788340.0, [61746.0, 987846, 63221808, 493926, 7902768, 61746]] [1007133200820.0, [47949693.0, 767192703, 49100323923, 383602047, 6138057555, 47954907]] [31217163838.0, [1486224.0, 23779387, 1521880768, 11924539, 190238400, 1490576]]
Model_cost: [7324015086.655405, [1085.8091216216217, 5638881, 359126200, 913825, 49400505, 124322]] [1869768810.0, [7461.0, 1333359, 85328676, 86895, 77870628, 1216827]] [138143988.75, [15.3125, 104020, 6247200, 13140, 6247200, 27210]] [2334711861.5, [2511.625, 1680616, 106002464, 38704, 103509152, 971600038]] [364731256.0, [201.0, 272998, 17356848, 43686, 7767792, 19803]] [135535651882.79999, [1100.1000000000001, 95907291, 6138012243, 5340891, 6137123727, 95892675]] [624164074.25, [100.4375, 448059, 28517760, 45475, 25506688, 380560]]
Arch_Param: [32, 8192, 16384, 16, 1024, 64]
Samsung_cost: [8455317396.0, [402609.5, 6445089, 412206072, 3236897, 51465400, 403041]] [12997179522.0, [618351.0, 9891951, 633078564, 4912239, 85328676, 668271]] [1095587040.0, [52170.0, 834580, 53412640, 417300, 6677280, 52170]] [17871258752.0, [850868.0, 13613608, 871270432, 6806824, 108910624, 850868]] [1296788340.0, [61746.0, 987846, 63221808, 493926, 7902768, 61746]] [1007133200820.0, [47949693.0, 767192703, 49100323923, 383602047, 6138057555, 47954907]] [31217163838.0, [1486224.0, 23779387, 1521880768, 11924539, 190238400, 1490576]]
Model_cost: [7324015086.655405, [1085.8091216216217, 5638881, 359126200, 913825, 49400505, 124322]] [1869768810.0, [7461.0, 1333359, 85328676, 86895, 77870628, 1216827]] [138143988.75, [15.3125, 104020, 6247200, 13140, 6247200, 27210]] [2334711861.5, [2511.625, 1680616, 106002464, 38704, 103509152, 971600038]] [364021120.0, [183.0, 272998, 17356848, 11430, 7767792, 119131]] [135535651882.79999, [1100.1000000000001, 95907291, 6138012243, 5340891, 6137123727, 95892675]] [624118934.25, [97.4375, 448059, 28517760, 43427, 25506688, 396304]]
Arch_Param: [32, 8192, 16384, 16, 1024, 128]
Samsung_cost: [8395533716.0, [402609.5, 6445089, 412206072, 519457, 51465400, 403041]] [12902967426.0, [618351.0, 9891951, 633078564, 629871, 85328676, 668271]] [1088716000.0, [52170.0, 834580, 53412640, 104980, 6677280, 52170]] [17728314368.0, [850868.0, 13613608, 871270432, 309352, 108910624, 850868]] [1286577524.0, [61746.0, 987846, 63221808, 29798, 7902768, 61746]] [999633809844.0, [47949693.0, 767192703, 49100323923, 42720639, 6138057555, 47954907]] [30992668094.0, [1486224.0, 23779387, 1521880768, 1720187, 190238400, 1490576]]
Model_cost: [7314359559.655405, [1029.5591216216217, 5638881, 359126200, 475009, 49400505, 768162]] [1869768810.0, [7461.0, 1333359, 85328676, 86895, 77870628, 1216827]] [138143988.75, [15.3125, 104020, 6247200, 13140, 6247200, 27210]] [2334711861.5, [2511.625, 1680616, 106002464, 38704, 103509152, 971600038]] [363998592.0, [183.0, 272998, 17356848, 10406, 7767792, 120923]] [135535651882.79999, [1100.1000000000001, 95907291, 6138012243, 5340891, 6137123727, 95892675]] [624083985.0, [97.25, 446715, 28517760, 42083, 25506688, 398416]]
Arch_Param: [32, 8192, 16384, 16, 1024, 256]
Samsung_cost: [8395533716.0, [402609.5, 6445089, 412206072, 519457, 51465400, 403041]] [12902967426.0, [618351.0, 9891951, 633078564, 629871, 85328676, 668271]] [1088716000.0, [52170.0, 834580, 53412640, 104980, 6677280, 52170]] [17728314368.0, [850868.0, 13613608, 871270432, 309352, 108910624, 850868]] [1286577524.0, [61746.0, 987846, 63221808, 29798, 7902768, 61746]] [999633809844.0, [47949693.0, 767192703, 49100323923, 42720639, 6138057555, 47954907]] [30992668094.0, [1486224.0, 23779387, 1521880768, 1720187, 190238400, 1490576]]
Model_cost: [7314359559.655405, [1029.5591216216217, 5638881, 359126200, 475009, 49400505, 768162]] [1869768810.0, [7461.0, 1333359, 85328676, 86895, 77870628, 1216827]] [138143988.75, [15.3125, 104020, 6247200, 13140, 6247200, 27210]] [2334711861.5, [2511.625, 1680616, 106002464, 38704, 103509152, 971600038]] [363998592.0, [183.0, 272998, 17356848, 10406, 7767792, 120923]] [135535651882.79999, [1100.1000000000001, 95907291, 6138012243, 5340891, 6137123727, 95892675]] [624083985.0, [97.25, 446715, 28517760, 42083, 25506688, 398416]]
Arch_Param: [32, 8192, 16384, 16, 1024, 512]
Samsung_cost: [8395533716.0, [402609.5, 6445089, 412206072, 519457, 51465400, 403041]] [12902967426.0, [618351.0, 9891951, 633078564, 629871, 85328676, 668271]] [1088716000.0, [52170.0, 834580, 53412640, 104980, 6677280, 52170]] [17728314368.0, [850868.0, 13613608, 871270432, 309352, 108910624, 850868]] [1286577524.0, [61746.0, 987846, 63221808, 29798, 7902768, 61746]] [999633809844.0, [47949693.0, 767192703, 49100323923, 42720639, 6138057555, 47954907]] [30992668094.0, [1486224.0, 23779387, 1521880768, 1720187, 190238400, 1490576]]
Model_cost: [7314234596.905405, [1023.7466216216217, 5634081, 359126200, 470209, 49400505, 770594]] [1869768810.0, [7461.0, 1333359, 85328676, 86895, 77870628, 1216827]] [138143988.75, [15.3125, 104020, 6247200, 13140, 6247200, 27210]] [2334711861.5, [2511.625, 1680616, 106002464, 38704, 103509152, 971600038]] [363985920.0, [183.0, 272998, 17356848, 9830, 7767792, 121049]] [135535651882.79999, [1100.1000000000001, 95907291, 6138012243, 5340891, 6137123727, 95892675]] [624083985.0, [97.25, 446715, 28517760, 42083, 25506688, 398416]]
Arch_Param: [32, 8192, 16384, 32, 256, 16]
Samsung_cost: [8316737108.0, [392401.5, 25112129, 401768440, 3146817, 50351288, 394337]] [13115881602.0, [618351.0, 39567471, 633078564, 4912239, 85328676, 668271]] [1105602540.0, [52170.0, 3338290, 53412640, 417330, 6677280, 52170]] [18034623908.0, [850868.0, 54454402, 871270432, 6806914, 108910624, 850868]] [1294610668.0, [61084.0, 3908998, 62543920, 488630, 7818032, 61084]] [1016339511348.0, [47949693.0, 3068770335, 49100323923, 383602047, 6138057555, 47954907]] [31459110968.0, [1484176.0, 94986476, 1519783616, 11908332, 189976256, 1488528]]
Model_cost: [4246550049.3310814, [664.7618243243244, 12767937, 204263608, 517569, 49400505, 136610]] [1885767786.0, [7461.0, 5333103, 85328676, 86895, 77870628, 4866975]] [139290360.0, [15.0, 390450, 6247200, 13170, 6247200, 390410]] [2354532944.75, [2511.3125, 6635394, 106002464, 38794, 103509152, 971968092]] [191404672.0, [95.0, 542918, 8678448, 5718, 7767792, 475483]] [136686528250.79997, [1100.1000000000001, 383626383, 6138012243, 5340891, 6137123727, 383570187]] [585491524.0, [81.0, 1647980, 26356864, 33940, 25506688, 1579792]]
Arch_Param: [32, 8192, 16384, 32, 256, 64]
Samsung_cost: [8316737108.0, [392401.5, 25112129, 401768440, 3146817, 50351288, 394337]] [13115881602.0, [618351.0, 39567471, 633078564, 4912239, 85328676, 668271]] [1105602540.0, [52170.0, 3338290, 53412640, 417330, 6677280, 52170]] [18034623908.0, [850868.0, 54454402, 871270432, 6806914, 108910624, 850868]] [1294610668.0, [61084.0, 3908998, 62543920, 488630, 7818032, 61084]] [1016339511348.0, [47949693.0, 3068770335, 49100323923, 383602047, 6138057555, 47954907]] [31459110968.0, [1484176.0, 94986476, 1519783616, 11908332, 189976256, 1488528]]
Model_cost: [4241031405.3310814, [589.7618243243244, 12767937, 204263608, 266817, 49400505, 3066018]] [1885767786.0, [7461.0, 5333103, 85328676, 86895, 77870628, 4866975]] [139290360.0, [15.0, 390450, 6247200, 13170, 6247200, 390410]] [2354532944.75, [2511.3125, 6635394, 106002464, 38794, 103509152, 971968092]] [191393408.0, [95.0, 542918, 8678448, 5206, 7767792, 483419]] [136686528250.79997, [1100.1000000000001, 383626383, 6138012243, 5340891, 6137123727, 383570187]] [585474593.0, [79.75, 1647980, 26356864, 33172, 25506688, 1593424]]
Arch_Param: [32, 8192, 16384, 32, 256, 128]
Samsung_cost: [8258124884.0, [392401.5, 25112129, 401768440, 482625, 50351288, 394337]] [13021669506.0, [618351.0, 39567471, 633078564, 629871, 85328676, 668271]] [1098731500.0, [52170.0, 3338290, 53412640, 105010, 6677280, 52170]] [17891679524.0, [850868.0, 54454402, 871270432, 309442, 108910624, 850868]] [1284492780.0, [61084.0, 3908998, 62543920, 28726, 7818032, 61084]] [1008840120372.0, [47949693.0, 3068770335, 49100323923, 42720639, 6138057555, 47954907]] [31234795448.0, [1484176.0, 94986476, 1519783616, 1712172, 189976256, 1488528]]
Model_cost: [4241031405.3310814, [589.7618243243244, 12767937, 204263608, 266817, 49400505, 3066018]] [1885767786.0, [7461.0, 5333103, 85328676, 86895, 77870628, 4866975]] [139290360.0, [15.0, 390450, 6247200, 13170, 6247200, 390410]] [2354532944.75, [2511.3125, 6635394, 106002464, 38794, 103509152, 971968092]] [191393408.0, [95.0, 542918, 8678448, 5206, 7767792, 483419]] [136686528250.79997, [1100.1000000000001, 383626383, 6138012243, 5340891, 6137123727, 383570187]] [585474593.0, [79.75, 1647980, 26356864, 33172, 25506688, 1593424]]
Arch_Param: [32, 8192, 16384, 32, 256, 256]
Samsung_cost: [8258124884.0, [392401.5, 25112129, 401768440, 482625, 50351288, 394337]] [13021669506.0, [618351.0, 39567471, 633078564, 629871, 85328676, 668271]] [1098731500.0, [52170.0, 3338290, 53412640, 105010, 6677280, 52170]] [17891679524.0, [850868.0, 54454402, 871270432, 309442, 108910624, 850868]] [1284492780.0, [61084.0, 3908998, 62543920, 28726, 7818032, 61084]] [1008840120372.0, [47949693.0, 3068770335, 49100323923, 42720639, 6138057555, 47954907]] [31234795448.0, [1484176.0, 94986476, 1519783616, 1712172, 189976256, 1488528]]
Model_cost: [4240976435.5810814, [587.6993243243244, 12767937, 204263608, 264321, 49400505, 3080930]] [1885767786.0, [7461.0, 5333103, 85328676, 86895, 77870628, 4866975]] [139290360.0, [15.0, 390450, 6247200, 13170, 6247200, 390410]] [2354532944.75, [2511.3125, 6635394, 106002464, 38794, 103509152, 971968092]] [191387072.0, [95.0, 542918, 8678448, 4918, 7767792, 483986]] [136686528250.79997, [1100.1000000000001, 383626383, 6138012243, 5340891, 6137123727, 383570187]] [585474593.0, [79.75, 1647980, 26356864, 33172, 25506688, 1593424]]
Arch_Param: [32, 8192, 16384, 32, 512, 16]
Samsung_cost: [8266513250.0, [392401.5, 12556324, 401768440, 3146788, 50351288, 394337]] [13036746882.0, [618351.0, 19783791, 633078564, 4912239, 85328676, 668271]] [1098925540.0, [52170.0, 1669150, 53412640, 417310, 6677280, 52170]] [17925713804.0, [850868.0, 27227206, 871270432, 6806854, 108910624, 850868]] [1286792684.0, [61084.0, 1954502, 62543920, 488630, 7818032, 61084]] [1010201970996.0, [47949693.0, 1534385247, 49100323923, 383602047, 6138057555, 47954907]] [31269135420.0, [1484176.0, 47493238, 1519783616, 11908214, 189976256, 1488528]]
Model_cost: [4221014575.3310814, [664.7618243243244, 6384228, 204263608, 517540, 49400505, 128418]] [1875101802.0, [7461.0, 2666607, 85328676, 86895, 77870628, 2433543]] [138509040.0, [15.0, 195230, 6247200, 13150, 6247200, 195210]] [2341301816.75, [2511.3125, 3327942, 106002464, 38734, 103509152, 971769656]] [190320896.0, [95.0, 271974, 8678448, 5718, 7767792, 237915]] [135919277338.79999, [1100.1000000000001, 191813655, 6138012243, 5340891, 6137123727, 191785179]] [582192968.0, [81.0, 823990, 26356864, 33822, 25506688, 790800]]
Arch_Param: [32, 8192, 16384, 32, 512, 64]
Samsung_cost: [8266513250.0, [392401.5, 12556324, 401768440, 3146788, 50351288, 394337]] [13036746882.0, [618351.0, 19783791, 633078564, 4912239, 85328676, 668271]] [1098925540.0, [52170.0, 1669150, 53412640, 417310, 6677280, 52170]] [17925713804.0, [850868.0, 27227206, 871270432, 6806854, 108910624, 850868]] [1286792684.0, [61084.0, 1954502, 62543920, 488630, 7818032, 61084]] [1010201970996.0, [47949693.0, 1534385247, 49100323923, 383602047, 6138057555, 47954907]] [31269135420.0, [1484176.0, 47493238, 1519783616, 11908214, 189976256, 1488528]]
Model_cost: [4215495931.3310814, [589.7618243243244, 6384228, 204263608, 266788, 49400505, 1534114]] [1875101802.0, [7461.0, 2666607, 85328676, 86895, 77870628, 2433543]] [138509040.0, [15.0, 195230, 6247200, 13150, 6247200, 195210]] [2341301816.75, [2511.3125, 3327942, 106002464, 38734, 103509152, 971769656]] [190309632.0, [95.0, 271974, 8678448, 5206, 7767792, 241755]] [135919277338.79999, [1100.1000000000001, 191813655, 6138012243, 5340891, 6137123727, 191785179]] [582176037.0, [79.75, 823990, 26356864, 33054, 25506688, 796752]]
Arch_Param: [32, 8192, 16384, 32, 512, 128]
Samsung_cost: [8207901026.0, [392401.5, 12556324, 401768440, 482596, 50351288, 394337]] [12942534786.0, [618351.0, 19783791, 633078564, 629871, 85328676, 668271]] [1092054500.0, [52170.0, 1669150, 53412640, 104990, 6677280, 52170]] [17782769420.0, [850868.0, 27227206, 871270432, 309382, 108910624, 850868]] [1276674796.0, [61084.0, 1954502, 62543920, 28726, 7818032, 61084]] [1002702580020.0, [47949693.0, 1534385247, 49100323923, 42720639, 6138057555, 47954907]] [31044819900.0, [1484176.0, 47493238, 1519783616, 1712054, 189976256, 1488528]]
Model_cost: [4215495931.3310814, [589.7618243243244, 6384228, 204263608, 266788, 49400505, 1534114]] [1875101802.0, [7461.0, 2666607, 85328676, 86895, 77870628, 2433543]] [138509040.0, [15.0, 195230, 6247200, 13150, 6247200, 195210]] [2341301816.75, [2511.3125, 3327942, 106002464, 38734, 103509152, 971769656]] [190309632.0, [95.0, 271974, 8678448, 5206, 7767792, 241755]] [135919277338.79999, [1100.1000000000001, 191813655, 6138012243, 5340891, 6137123727, 191785179]] [582176037.0, [79.75, 823990, 26356864, 33054, 25506688, 796752]]
Arch_Param: [32, 8192, 16384, 32, 512, 256]
Samsung_cost: [8207901026.0, [392401.5, 12556324, 401768440, 482596, 50351288, 394337]] [12942534786.0, [618351.0, 19783791, 633078564, 629871, 85328676, 668271]] [1092054500.0, [52170.0, 1669150, 53412640, 104990, 6677280, 52170]] [17782769420.0, [850868.0, 27227206, 871270432, 309382, 108910624, 850868]] [1276674796.0, [61084.0, 1954502, 62543920, 28726, 7818032, 61084]] [1002702580020.0, [47949693.0, 1534385247, 49100323923, 42720639, 6138057555, 47954907]] [31044819900.0, [1484176.0, 47493238, 1519783616, 1712054, 189976256, 1488528]]
Model_cost: [4215440961.5810814, [587.6993243243244, 6384228, 204263608, 264292, 49400505, 1540706]] [1875101802.0, [7461.0, 2666607, 85328676, 86895, 77870628, 2433543]] [138509040.0, [15.0, 195230, 6247200, 13150, 6247200, 195210]] [2341301816.75, [2511.3125, 3327942, 106002464, 38734, 103509152, 971769656]] [190303296.0, [95.0, 271974, 8678448, 4918, 7767792, 242028]] [135919277338.79999, [1100.1000000000001, 191813655, 6138012243, 5340891, 6137123727, 191785179]] [582176037.0, [79.75, 823990, 26356864, 33054, 25506688, 796752]]
Arch_Param: [32, 8192, 16384, 32, 512, 512]
Samsung_cost: [8207901026.0, [392401.5, 12556324, 401768440, 482596, 50351288, 394337]] [12942534786.0, [618351.0, 19783791, 633078564, 629871, 85328676, 668271]] [1092054500.0, [52170.0, 1669150, 53412640, 104990, 6677280, 52170]] [17782769420.0, [850868.0, 27227206, 871270432, 309382, 108910624, 850868]] [1276674796.0, [61084.0, 1954502, 62543920, 28726, 7818032, 61084]] [1002702580020.0, [47949693.0, 1534385247, 49100323923, 42720639, 6138057555, 47954907]] [31044819900.0, [1484176.0, 47493238, 1519783616, 1712054, 189976256, 1488528]]
Model_cost: [4215440961.5810814, [587.6993243243244, 6384228, 204263608, 264292, 49400505, 1540706]] [1875101802.0, [7461.0, 2666607, 85328676, 86895, 77870628, 2433543]] [138509040.0, [15.0, 195230, 6247200, 13150, 6247200, 195210]] [2341301816.75, [2511.3125, 3327942, 106002464, 38734, 103509152, 971769656]] [190303296.0, [95.0, 271974, 8678448, 4918, 7767792, 242028]] [135919277338.79999, [1100.1000000000001, 191813655, 6138012243, 5340891, 6137123727, 191785179]] [582176037.0, [79.75, 823990, 26356864, 33054, 25506688, 796752]]
Arch_Param: [32, 8192, 16384, 32, 1024, 16]
Samsung_cost: [8241408788.0, [392401.5, 6280225, 401768440, 3146785, 50351288, 394337]] [12997179522.0, [618351.0, 9891951, 633078564, 4912239, 85328676, 668271]] [1095587040.0, [52170.0, 834580, 53412640, 417300, 6677280, 52170]] [17871258752.0, [850868.0, 13613608, 871270432, 6806824, 108910624, 850868]] [1282883692.0, [61084.0, 977254, 62543920, 488630, 7818032, 61084]] [1007133200820.0, [47949693.0, 767192703, 49100323923, 383602047, 6138057555, 47954907]] [31174147646.0, [1484176.0, 23746619, 1519783616, 11908155, 189976256, 1488528]]
Model_cost: [4208301025.3310814, [664.7618243243244, 3205857, 204263608, 517537, 49400505, 124322]] [1869768810.0, [7461.0, 1333359, 85328676, 86895, 77870628, 1216827]] [138143988.75, [15.3125, 104020, 6247200, 13140, 6247200, 27210]] [2334711861.5, [2511.625, 1680616, 106002464, 38704, 103509152, 971600038]] [189779008.0, [95.0, 136502, 8678448, 5718, 7767792, 119131]] [135535651882.79999, [1100.1000000000001, 95907291, 6138012243, 5340891, 6137123727, 95892675]] [580548426.0, [81.0, 413179, 26356864, 33763, 25506688, 396304]]
Arch_Param: [32, 8192, 16384, 32, 1024, 64]
Samsung_cost: [8241408788.0, [392401.5, 6280225, 401768440, 3146785, 50351288, 394337]] [12997179522.0, [618351.0, 9891951, 633078564, 4912239, 85328676, 668271]] [1095587040.0, [52170.0, 834580, 53412640, 417300, 6677280, 52170]] [17871258752.0, [850868.0, 13613608, 871270432, 6806824, 108910624, 850868]] [1282883692.0, [61084.0, 977254, 62543920, 488630, 7818032, 61084]] [1007133200820.0, [47949693.0, 767192703, 49100323923, 383602047, 6138057555, 47954907]] [31174147646.0, [1484176.0, 23746619, 1519783616, 11908155, 189976256, 1488528]]
Model_cost: [4202782381.3310814, [589.7618243243244, 3205857, 204263608, 266785, 49400505, 768162]] [1869768810.0, [7461.0, 1333359, 85328676, 86895, 77870628, 1216827]] [138143988.75, [15.3125, 104020, 6247200, 13140, 6247200, 27210]] [2334711861.5, [2511.625, 1680616, 106002464, 38704, 103509152, 971600038]] [189767744.0, [95.0, 136502, 8678448, 5206, 7767792, 120923]] [135535651882.79999, [1100.1000000000001, 95907291, 6138012243, 5340891, 6137123727, 95892675]] [580528423.0, [79.75, 412411, 26356864, 32995, 25506688, 398416]]
Arch_Param: [32, 8192, 16384, 32, 1024, 128]
Samsung_cost: [8182796564.0, [392401.5, 6280225, 401768440, 482593, 50351288, 394337]] [12902967426.0, [618351.0, 9891951, 633078564, 629871, 85328676, 668271]] [1088716000.0, [52170.0, 834580, 53412640, 104980, 6677280, 52170]] [17728314368.0, [850868.0, 13613608, 871270432, 309352, 108910624, 850868]] [1272765804.0, [61084.0, 977254, 62543920, 28726, 7818032, 61084]] [999633809844.0, [47949693.0, 767192703, 49100323923, 42720639, 6138057555, 47954907]] [30949832126.0, [1484176.0, 23746619, 1519783616, 1711995, 189976256, 1488528]]
Model_cost: [4202782381.3310814, [589.7618243243244, 3205857, 204263608, 266785, 49400505, 768162]] [1869768810.0, [7461.0, 1333359, 85328676, 86895, 77870628, 1216827]] [138143988.75, [15.3125, 104020, 6247200, 13140, 6247200, 27210]] [2334711861.5, [2511.625, 1680616, 106002464, 38704, 103509152, 971600038]] [189767744.0, [95.0, 136502, 8678448, 5206, 7767792, 120923]] [135535651882.79999, [1100.1000000000001, 95907291, 6138012243, 5340891, 6137123727, 95892675]] [580528423.0, [79.75, 412411, 26356864, 32995, 25506688, 398416]]
Arch_Param: [32, 8192, 16384, 32, 1024, 256]
Samsung_cost: [8182796564.0, [392401.5, 6280225, 401768440, 482593, 50351288, 394337]] [12902967426.0, [618351.0, 9891951, 633078564, 629871, 85328676, 668271]] [1088716000.0, [52170.0, 834580, 53412640, 104980, 6677280, 52170]] [17728314368.0, [850868.0, 13613608, 871270432, 309352, 108910624, 850868]] [1272765804.0, [61084.0, 977254, 62543920, 28726, 7818032, 61084]] [999633809844.0, [47949693.0, 767192703, 49100323923, 42720639, 6138057555, 47954907]] [30949832126.0, [1484176.0, 23746619, 1519783616, 1711995, 189976256, 1488528]]
Model_cost: [4202717427.5810814, [587.6993243243244, 3203361, 204263608, 264289, 49400505, 770594]] [1869768810.0, [7461.0, 1333359, 85328676, 86895, 77870628, 1216827]] [138143988.75, [15.3125, 104020, 6247200, 13140, 6247200, 27210]] [2334711861.5, [2511.625, 1680616, 106002464, 38704, 103509152, 971600038]] [189761408.0, [95.0, 136502, 8678448, 4918, 7767792, 121049]] [135535651882.79999, [1100.1000000000001, 95907291, 6138012243, 5340891, 6137123727, 95892675]] [580528423.0, [79.75, 412411, 26356864, 32995, 25506688, 398416]]
Arch_Param: [32, 8192, 16384, 32, 1024, 512]
Samsung_cost: [8182796564.0, [392401.5, 6280225, 401768440, 482593, 50351288, 394337]] [12902967426.0, [618351.0, 9891951, 633078564, 629871, 85328676, 668271]] [1088716000.0, [52170.0, 834580, 53412640, 104980, 6677280, 52170]] [17728314368.0, [850868.0, 13613608, 871270432, 309352, 108910624, 850868]] [1272765804.0, [61084.0, 977254, 62543920, 28726, 7818032, 61084]] [999633809844.0, [47949693.0, 767192703, 49100323923, 42720639, 6138057555, 47954907]] [30949832126.0, [1484176.0, 23746619, 1519783616, 1711995, 189976256, 1488528]]
Model_cost: [4202717427.5810814, [587.6993243243244, 3203361, 204263608, 264289, 49400505, 770594]] [1869768810.0, [7461.0, 1333359, 85328676, 86895, 77870628, 1216827]] [138143988.75, [15.3125, 104020, 6247200, 13140, 6247200, 27210]] [2334711861.5, [2511.625, 1680616, 106002464, 38704, 103509152, 971600038]] [189761408.0, [95.0, 136502, 8678448, 4918, 7767792, 121049]] [135535651882.79999, [1100.1000000000001, 95907291, 6138012243, 5340891, 6137123727, 95892675]] [580528423.0, [79.75, 412411, 26356864, 32995, 25506688, 398416]]
Arch_Param: [32, 8192, 8192, 4, 256, 16]
Samsung_cost: [33955423394.0, [3200194.0, 102405697, 1638358008, 12858433, 203074744, 1587489]] [13133192322.0, [1236591.0, 39567471, 633078564, 4912239, 85328676, 668271]] [1107063020, [104330, 3338290, 53412640, 417330, 6677280, 52170]] [18058447652, [1701716, 54454402, 871270432, 6806914, 108910624, 850868]] [1459872996, [137574, 4402182, 70434864, 550278, 8804400, 68790]] [1017682098300.0, [95899227.0, 3068770335, 49100323923, 383602047, 6138057555, 47954907]] [32765592120.0, [3087632.0, 98803948, 1580863168, 12489964, 195940032, 1535120]]
Model_cost: [26271845429.0, [7275.75, 80564801, 1288904952, 3294657, 49400505, 136610]] [3477133506.0, [15711.0, 10223727, 163578660, 385647, 77870628, 185031]] [139290500.0, [20.0, 390450, 6247200, 13170, 6247200, 390410]] [2354602701.5, [5002.625, 6635394, 106002464, 38794, 103509152, 971968092]] [1425337372.0, [1416.0, 4343302, 69427248, 174726, 7767792, 19803]] [261477377416.0, [2962.0, 767215743, 12275433555, 28432407, 6137123727, 14212839]] [1018978113.5, [446.625, 2983404, 47652928, 134548, 25506688, 1055632]]
Arch_Param: [32, 8192, 8192, 4, 256, 64]
Samsung_cost: [33955423394.0, [3200194.0, 102405697, 1638358008, 12858433, 203074744, 1587489]] [13133192322.0, [1236591.0, 39567471, 633078564, 4912239, 85328676, 668271]] [1107063020, [104330, 3338290, 53412640, 417330, 6677280, 52170]] [18058447652, [1701716, 54454402, 871270432, 6806914, 108910624, 850868]] [1459872996, [137574, 4402182, 70434864, 550278, 8804400, 68790]] [1017682098300.0, [95899227.0, 3068770335, 49100323923, 383602047, 6138057555, 47954907]] [32765592120.0, [3087632.0, 98803948, 1580863168, 12489964, 195940032, 1535120]]
Model_cost: [26271845429.0, [7275.75, 80564801, 1288904952, 3294657, 49400505, 136610]] [3472266786.0, [15687.0, 10223727, 163578660, 164463, 77870628, 4866975]] [139290500.0, [20.0, 390450, 6247200, 13170, 6247200, 390410]] [2354602701.5, [5002.625, 6635394, 106002464, 38794, 103509152, 971968092]] [1425337372.0, [1416.0, 4343302, 69427248, 174726, 7767792, 19803]] [261086842236.0, [2925.0, 767215743, 12275433555, 10680855, 6137123727, 383570187]] [1018560841.5, [428.625, 2983404, 47652928, 115604, 25506688, 1502608]]
Arch_Param: [32, 8192, 8192, 4, 256, 128]
Samsung_cost: [33717234850.0, [3200194.0, 102405697, 1638358008, 2031681, 203074744, 1587489]] [13038980226.0, [1236591.0, 39567471, 633078564, 629871, 85328676, 668271]] [1100191980, [104330, 3338290, 53412640, 105010, 6677280, 52170]] [17915503268, [1701716, 54454402, 871270432, 309442, 108910624, 850868]] [1448631524, [137574, 4402182, 70434864, 39302, 8804400, 68790]] [1010182707324.0, [95899227.0, 3068770335, 49100323923, 42720639, 6138057555, 47954907]] [32535959992.0, [3087632.0, 98803948, 1580863168, 2052140, 195940032, 1535120]]
Model_cost: [26271845429.0, [7275.75, 80564801, 1288904952, 3294657, 49400505, 136610]] [3472266786.0, [15687.0, 10223727, 163578660, 164463, 77870628, 4866975]] [139290500.0, [20.0, 390450, 6247200, 13170, 6247200, 390410]] [2354602701.5, [5002.625, 6635394, 106002464, 38794, 103509152, 971968092]] [1422498844.0, [1416.0, 4343302, 69427248, 45702, 7767792, 475483]] [261086842236.0, [2925.0, 767215743, 12275433555, 10680855, 6137123727, 383570187]] [1018402893.5, [419.625, 2983404, 47652928, 108436, 25506688, 1579792]]
Arch_Param: [32, 8192, 8192, 4, 256, 256]
Samsung_cost: [33717234850.0, [3200194.0, 102405697, 1638358008, 2031681, 203074744, 1587489]] [13038980226.0, [1236591.0, 39567471, 633078564, 629871, 85328676, 668271]] [1100191980, [104330, 3338290, 53412640, 105010, 6677280, 52170]] [17915503268, [1701716, 54454402, 871270432, 309442, 108910624, 850868]] [1448631524, [137574, 4402182, 70434864, 39302, 8804400, 68790]] [1010182707324.0, [95899227.0, 3068770335, 49100323923, 42720639, 6138057555, 47954907]] [32535959992.0, [3087632.0, 98803948, 1580863168, 2052140, 195940032, 1535120]]
Model_cost: [26271845429.0, [7275.75, 80564801, 1288904952, 3294657, 49400505, 136610]] [3472266786.0, [15687.0, 10223727, 163578660, 164463, 77870628, 4866975]] [139290500.0, [20.0, 390450, 6247200, 13170, 6247200, 390410]] [2354602701.5, [5002.625, 6635394, 106002464, 38794, 103509152, 971968092]] [1422498844.0, [1416.0, 4343302, 69427248, 45702, 7767792, 475483]] [261086842236.0, [2925.0, 767215743, 12275433555, 10680855, 6137123727, 383570187]] [1018402893.5, [419.625, 2983404, 47652928, 108436, 25506688, 1579792]]
Arch_Param: [32, 8192, 8192, 4, 512, 16]
Samsung_cost: [33750612400.0, [3200194.0, 51203108, 1638358008, 12858404, 203074744, 1587489]] [13054057602.0, [1236591.0, 19783791, 633078564, 4912239, 85328676, 668271]] [1100386020, [104330, 1669150, 53412640, 417310, 6677280, 52170]] [17949537548, [1701716, 27227206, 871270432, 6806854, 108910624, 850868]] [1451068644, [137574, 2201094, 70434864, 550278, 8804400, 68790]] [1011544557948.0, [95899227.0, 1534385247, 49100323923, 383602047, 6138057555, 47954907]] [32567981628.0, [3087632.0, 49401974, 1580863168, 12489846, 195940032, 1535120]]
Model_cost: [26110716227.0, [7275.75, 40282660, 1288904952, 3294628, 49400505, 128418]] [3456686274.0, [15711.0, 5111919, 163578660, 385647, 77870628, 184743]] [138509180.0, [20.0, 195230, 6247200, 13150, 6247200, 195210]] [2341371573.5, [5002.625, 3327942, 106002464, 38734, 103509152, 971769656]] [1416667164.0, [1416.0, 2175750, 69427248, 174726, 7767792, 19803]] [259942949320.0, [2962.0, 383608719, 12275433555, 28432407, 6137123727, 14212815]] [1013008709.5, [446.625, 1491702, 47652928, 134430, 25506688, 541072]]
Arch_Param: [32, 8192, 8192, 4, 512, 64]
Samsung_cost: [33750612400.0, [3200194.0, 51203108, 1638358008, 12858404, 203074744, 1587489]] [13054057602.0, [1236591.0, 19783791, 633078564, 4912239, 85328676, 668271]] [1100386020, [104330, 1669150, 53412640, 417310, 6677280, 52170]] [17949537548, [1701716, 27227206, 871270432, 6806854, 108910624, 850868]] [1451068644, [137574, 2201094, 70434864, 550278, 8804400, 68790]] [1011544557948.0, [95899227.0, 1534385247, 49100323923, 383602047, 6138057555, 47954907]] [32567981628.0, [3087632.0, 49401974, 1580863168, 12489846, 195940032, 1535120]]
Model_cost: [26110716227.0, [7275.75, 40282660, 1288904952, 3294628, 49400505, 128418]] [3451819554.0, [15687.0, 5111919, 163578660, 164463, 77870628, 2433543]] [138509180.0, [20.0, 195230, 6247200, 13150, 6247200, 195210]] [2341371573.5, [5002.625, 3327942, 106002464, 38734, 103509152, 971769656]] [1416667164.0, [1416.0, 2175750, 69427248, 174726, 7767792, 19803]] [259552414140.0, [2925.0, 383608719, 12275433555, 10680855, 6137123727, 191785179]] [1012591437.5, [428.625, 1491702, 47652928, 115486, 25506688, 754576]]
Arch_Param: [32, 8192, 8192, 4, 512, 128]
Samsung_cost: [33512423856.0, [3200194.0, 51203108, 1638358008, 2031652, 203074744, 1587489]] [12959845506.0, [1236591.0, 19783791, 633078564, 629871, 85328676, 668271]] [1093514980, [104330, 1669150, 53412640, 104990, 6677280, 52170]] [17806593164, [1701716, 27227206, 871270432, 309382, 108910624, 850868]] [1439827172, [137574, 2201094, 70434864, 39302, 8804400, 68790]] [1004045166972.0, [95899227.0, 1534385247, 49100323923, 42720639, 6138057555, 47954907]] [32338349500.0, [3087632.0, 49401974, 1580863168, 2052022, 195940032, 1535120]]
Model_cost: [26110716227.0, [7275.75, 40282660, 1288904952, 3294628, 49400505, 128418]] [3451819554.0, [15687.0, 5111919, 163578660, 164463, 77870628, 2433543]] [138509180.0, [20.0, 195230, 6247200, 13150, 6247200, 195210]] [2341371573.5, [5002.625, 3327942, 106002464, 38734, 103509152, 971769656]] [1413828636.0, [1416.0, 2175750, 69427248, 45702, 7767792, 237915]] [259552414140.0, [2925.0, 383608719, 12275433555, 10680855, 6137123727, 191785179]] [1012433489.5, [419.625, 1491702, 47652928, 108318, 25506688, 790800]]
Arch_Param: [32, 8192, 8192, 4, 512, 256]
Samsung_cost: [33512423856.0, [3200194.0, 51203108, 1638358008, 2031652, 203074744, 1587489]] [12959845506.0, [1236591.0, 19783791, 633078564, 629871, 85328676, 668271]] [1093514980, [104330, 1669150, 53412640, 104990, 6677280, 52170]] [17806593164, [1701716, 27227206, 871270432, 309382, 108910624, 850868]] [1439827172, [137574, 2201094, 70434864, 39302, 8804400, 68790]] [1004045166972.0, [95899227.0, 1534385247, 49100323923, 42720639, 6138057555, 47954907]] [32338349500.0, [3087632.0, 49401974, 1580863168, 2052022, 195940032, 1535120]]
Model_cost: [26110716227.0, [7275.75, 40282660, 1288904952, 3294628, 49400505, 128418]] [3451819554.0, [15687.0, 5111919, 163578660, 164463, 77870628, 2433543]] [138509180.0, [20.0, 195230, 6247200, 13150, 6247200, 195210]] [2341371573.5, [5002.625, 3327942, 106002464, 38734, 103509152, 971769656]] [1413828636.0, [1416.0, 2175750, 69427248, 45702, 7767792, 237915]] [259552414140.0, [2925.0, 383608719, 12275433555, 10680855, 6137123727, 191785179]] [1012433489.5, [419.625, 1491702, 47652928, 108318, 25506688, 790800]]
Arch_Param: [32, 8192, 8192, 4, 512, 512]
Samsung_cost: [33512423856.0, [3200194.0, 51203108, 1638358008, 2031652, 203074744, 1587489]] [12959845506.0, [1236591.0, 19783791, 633078564, 629871, 85328676, 668271]] [1093514980, [104330, 1669150, 53412640, 104990, 6677280, 52170]] [17806593164, [1701716, 27227206, 871270432, 309382, 108910624, 850868]] [1439827172, [137574, 2201094, 70434864, 39302, 8804400, 68790]] [1004045166972.0, [95899227.0, 1534385247, 49100323923, 42720639, 6138057555, 47954907]] [32338349500.0, [3087632.0, 49401974, 1580863168, 2052022, 195940032, 1535120]]
Model_cost: [26076236777.0, [7238.25, 40282660, 1288904952, 1727428, 49400505, 1534114]] [3451819554.0, [15687.0, 5111919, 163578660, 164463, 77870628, 2433543]] [138509180.0, [20.0, 195230, 6247200, 13150, 6247200, 195210]] [2341371573.5, [5002.625, 3327942, 106002464, 38734, 103509152, 971769656]] [1413738524.0, [1416.0, 2175750, 69427248, 41606, 7767792, 241755]] [259552414140.0, [2925.0, 383608719, 12275433555, 10680855, 6137123727, 191785179]] [1012327732.0, [414.0, 1491702, 47652928, 103518, 25506688, 796752]]
Arch_Param: [32, 8192, 8192, 4, 1024, 16]
Samsung_cost: [33648257378.0, [3200194.0, 25614369, 1638358008, 12858401, 203074744, 1587489]] [13014490242.0, [1236591.0, 9891951, 633078564, 4912239, 85328676, 668271]] [1097047520, [104330, 834580, 53412640, 417300, 6677280, 52170]] [17895082496, [1701716, 13613608, 871270432, 6806824, 108910624, 850868]] [1446666468, [137574, 1100550, 70434864, 550278, 8804400, 68790]] [1008475787772.0, [95899227.0, 767192703, 49100323923, 383602047, 6138057555, 47954907]] [32469176382.0, [3087632.0, 24700987, 1580863168, 12489787, 195940032, 1535120]]
Model_cost: [26030574837.0, [7275.75, 20247329, 1288904952, 3294625, 49400505, 124322]] [3446462658.0, [15711.0, 2556015, 163578660, 385647, 77870628, 184599]] [138144137.5, [20.625, 104020, 6247200, 13140, 6247200, 27210]] [2334781627.0, [5003.25, 1680616, 106002464, 38704, 103509152, 971600038]] [1412332060.0, [1416.0, 1091974, 69427248, 174726, 7767792, 19803]] [259175735272.0, [2962.0, 191805207, 12275433555, 28432407, 6137123727, 14212803]] [1010055751.5, [446.625, 753787, 47652928, 134371, 25506688, 283792]]
Arch_Param: [32, 8192, 8192, 4, 1024, 64]
Samsung_cost: [33648257378.0, [3200194.0, 25614369, 1638358008, 12858401, 203074744, 1587489]] [13014490242.0, [1236591.0, 9891951, 633078564, 4912239, 85328676, 668271]] [1097047520, [104330, 834580, 53412640, 417300, 6677280, 52170]] [17895082496, [1701716, 13613608, 871270432, 6806824, 108910624, 850868]] [1446666468, [137574, 1100550, 70434864, 550278, 8804400, 68790]] [1008475787772.0, [95899227.0, 767192703, 49100323923, 383602047, 6138057555, 47954907]] [32469176382.0, [3087632.0, 24700987, 1580863168, 12489787, 195940032, 1535120]]
Model_cost: [26030574837.0, [7275.75, 20247329, 1288904952, 3294625, 49400505, 124322]] [3441595938.0, [15687.0, 2556015, 163578660, 164463, 77870628, 1216827]] [138144137.5, [20.625, 104020, 6247200, 13140, 6247200, 27210]] [2334781627.0, [5003.25, 1680616, 106002464, 38704, 103509152, 971600038]] [1412332060.0, [1416.0, 1091974, 69427248, 174726, 7767792, 19803]] [258785200092.0, [2925.0, 191805207, 12275433555, 10680855, 6137123727, 95892675]] [1009638479.5, [428.625, 753787, 47652928, 115427, 25506688, 380560]]
Arch_Param: [32, 8192, 8192, 4, 1024, 128]
Samsung_cost: [33410068834.0, [3200194.0, 25614369, 1638358008, 2031649, 203074744, 1587489]] [12920278146.0, [1236591.0, 9891951, 633078564, 629871, 85328676, 668271]] [1090176480, [104330, 834580, 53412640, 104980, 6677280, 52170]] [17752138112, [1701716, 13613608, 871270432, 309352, 108910624, 850868]] [1435424996, [137574, 1100550, 70434864, 39302, 8804400, 68790]] [1000976396796.0, [95899227.0, 767192703, 49100323923, 42720639, 6138057555, 47954907]] [32239544254.0, [3087632.0, 24700987, 1580863168, 2051963, 195940032, 1535120]]
Model_cost: [26030574837.0, [7275.75, 20247329, 1288904952, 3294625, 49400505, 124322]] [3441595938.0, [15687.0, 2556015, 163578660, 164463, 77870628, 1216827]] [138144137.5, [20.625, 104020, 6247200, 13140, 6247200, 27210]] [2334781627.0, [5003.25, 1680616, 106002464, 38704, 103509152, 971600038]] [1409493532.0, [1416.0, 1091974, 69427248, 45702, 7767792, 119131]] [258785200092.0, [2925.0, 191805207, 12275433555, 10680855, 6137123727, 95892675]] [1009480531.5, [419.625, 753787, 47652928, 108259, 25506688, 396304]]
Arch_Param: [32, 8192, 8192, 4, 1024, 256]
Samsung_cost: [33410068834.0, [3200194.0, 25614369, 1638358008, 2031649, 203074744, 1587489]] [12920278146.0, [1236591.0, 9891951, 633078564, 629871, 85328676, 668271]] [1090176480, [104330, 834580, 53412640, 104980, 6677280, 52170]] [17752138112, [1701716, 13613608, 871270432, 309352, 108910624, 850868]] [1435424996, [137574, 1100550, 70434864, 39302, 8804400, 68790]] [1000976396796.0, [95899227.0, 767192703, 49100323923, 42720639, 6138057555, 47954907]] [32239544254.0, [3087632.0, 24700987, 1580863168, 2051963, 195940032, 1535120]]
Model_cost: [26030574837.0, [7275.75, 20247329, 1288904952, 3294625, 49400505, 124322]] [3441595938.0, [15687.0, 2556015, 163578660, 164463, 77870628, 1216827]] [138144137.5, [20.625, 104020, 6247200, 13140, 6247200, 27210]] [2334781627.0, [5003.25, 1680616, 106002464, 38704, 103509152, 971600038]] [1409493532.0, [1416.0, 1091974, 69427248, 45702, 7767792, 119131]] [258785200092.0, [2925.0, 191805207, 12275433555, 10680855, 6137123727, 95892675]] [1009480531.5, [419.625, 753787, 47652928, 108259, 25506688, 396304]]
Arch_Param: [32, 8192, 8192, 4, 1024, 512]
Samsung_cost: [33410068834.0, [3200194.0, 25614369, 1638358008, 2031649, 203074744, 1587489]] [12920278146.0, [1236591.0, 9891951, 633078564, 629871, 85328676, 668271]] [1090176480, [104330, 834580, 53412640, 104980, 6677280, 52170]] [17752138112, [1701716, 13613608, 871270432, 309352, 108910624, 850868]] [1435424996, [137574, 1100550, 70434864, 39302, 8804400, 68790]] [1000976396796.0, [95899227.0, 767192703, 49100323923, 42720639, 6138057555, 47954907]] [32239544254.0, [3087632.0, 24700987, 1580863168, 2051963, 195940032, 1535120]]
Model_cost: [25996095387.0, [7238.25, 20247329, 1288904952, 1727425, 49400505, 768162]] [3441595938.0, [15687.0, 2556015, 163578660, 164463, 77870628, 1216827]] [138144137.5, [20.625, 104020, 6247200, 13140, 6247200, 27210]] [2334781627.0, [5003.25, 1680616, 106002464, 38704, 103509152, 971600038]] [1409403420.0, [1416.0, 1091974, 69427248, 41606, 7767792, 120923]] [258785200092.0, [2925.0, 191805207, 12275433555, 10680855, 6137123727, 95892675]] [1009355574.0, [414.0, 748987, 47652928, 103459, 25506688, 398416]]
Arch_Param: [32, 8192, 8192, 8, 256, 16]
Samsung_cost: [17014388898.0, [1603522.0, 51312193, 820923384, 6444097, 102001848, 797857]] [13133192322.0, [1236591.0, 39567471, 633078564, 4912239, 85328676, 668271]] [1107063020, [104330, 3338290, 53412640, 417330, 6677280, 52170]] [18058447652, [1701716, 54454402, 871270432, 6806914, 108910624, 850868]] [1360205092, [128182, 4101638, 65626160, 512710, 8203312, 64094]] [1017682098300.0, [95899227.0, 3068770335, 49100323923, 383602047, 6138057555, 47954907]] [31951286840.0, [3010832.0, 96346348, 1541541568, 12113132, 192138944, 1505424]]
Model_cost: [13682990996.277779, [3791.152777777778, 41814593, 668963704, 1706881, 49400505, 136610]] [1885973586.0, [14811.0, 5333103, 85328676, 86895, 77870628, 4866975]] [139290500.0, [20.0, 390450, 6247200, 13170, 6247200, 390410]] [2354602701.5, [5002.625, 6635394, 106002464, 38794, 103509152, 971968092]] [720437120.0, [711.0, 2171654, 34713648, 87366, 7767792, 19803]] [136686556752.0, [2118.0, 383626383, 6138012243, 5340891, 6137123727, 383570187]] [717506157.5, [251.625, 2055020, 32839552, 67028, 25506688, 1502608]]
Arch_Param: [32, 8192, 8192, 8, 256, 64]
Samsung_cost: [17014388898.0, [1603522.0, 51312193, 820923384, 6444097, 102001848, 797857]] [13133192322.0, [1236591.0, 39567471, 633078564, 4912239, 85328676, 668271]] [1107063020, [104330, 3338290, 53412640, 417330, 6677280, 52170]] [18058447652, [1701716, 54454402, 871270432, 6806914, 108910624, 850868]] [1360205092, [128182, 4101638, 65626160, 512710, 8203312, 64094]] [1017682098300.0, [95899227.0, 3068770335, 49100323923, 383602047, 6138057555, 47954907]] [31951286840.0, [3010832.0, 96346348, 1541541568, 12113132, 192138944, 1505424]]
Model_cost: [13682990996.277779, [3791.152777777778, 41814593, 668963704, 1706881, 49400505, 136610]] [1885973586.0, [14811.0, 5333103, 85328676, 86895, 77870628, 4866975]] [139290500.0, [20.0, 390450, 6247200, 13170, 6247200, 390410]] [2354602701.5, [5002.625, 6635394, 106002464, 38794, 103509152, 971968092]] [719017856.0, [711.0, 2171654, 34713648, 22854, 7767792, 475483]] [136686556752.0, [2118.0, 383626383, 6138012243, 5340891, 6137123727, 383570187]] [717416045.5, [251.625, 2055020, 32839552, 62932, 25506688, 1579792]]
Arch_Param: [32, 8192, 8192, 8, 256, 128]
Samsung_cost: [16895136930.0, [1603522.0, 51312193, 820923384, 1023553, 102001848, 797857]] [13038980226.0, [1236591.0, 39567471, 633078564, 629871, 85328676, 668271]] [1100191980, [104330, 3338290, 53412640, 105010, 6677280, 52170]] [17915503268, [1701716, 54454402, 871270432, 309442, 108910624, 850868]] [1349650724, [128182, 4101638, 65626160, 32966, 8203312, 64094]] [1010182707324.0, [95899227.0, 3068770335, 49100323923, 42720639, 6138057555, 47954907]] [31725078968.0, [3010832.0, 96346348, 1541541568, 1830956, 192138944, 1505424]]
Model_cost: [13682990996.277779, [3791.152777777778, 41814593, 668963704, 1706881, 49400505, 136610]] [1885973586.0, [14811.0, 5333103, 85328676, 86895, 77870628, 4866975]] [139290500.0, [20.0, 390450, 6247200, 13170, 6247200, 390410]] [2354602701.5, [5002.625, 6635394, 106002464, 38794, 103509152, 971968092]] [719017856.0, [711.0, 2171654, 34713648, 22854, 7767792, 475483]] [136686556752.0, [2118.0, 383626383, 6138012243, 5340891, 6137123727, 383570187]] [717416045.5, [251.625, 2055020, 32839552, 62932, 25506688, 1579792]]
Arch_Param: [32, 8192, 8192, 8, 256, 256]
Samsung_cost: [16895136930.0, [1603522.0, 51312193, 820923384, 1023553, 102001848, 797857]] [13038980226.0, [1236591.0, 39567471, 633078564, 629871, 85328676, 668271]] [1100191980, [104330, 3338290, 53412640, 105010, 6677280, 52170]] [17915503268, [1701716, 54454402, 871270432, 309442, 108910624, 850868]] [1349650724, [128182, 4101638, 65626160, 32966, 8203312, 64094]] [1010182707324.0, [95899227.0, 3068770335, 49100323923, 42720639, 6138057555, 47954907]] [31725078968.0, [3010832.0, 96346348, 1541541568, 1830956, 192138944, 1505424]]
Model_cost: [13665061178.277779, [3753.652777777778, 41814593, 668963704, 891937, 49400505, 3066018]] [1885973586.0, [14811.0, 5333103, 85328676, 86895, 77870628, 4866975]] [139290500.0, [20.0, 390450, 6247200, 13170, 6247200, 390410]] [2354602701.5, [5002.625, 6635394, 106002464, 38794, 103509152, 971968092]] [718972800.0, [711.0, 2171654, 34713648, 20806, 7767792, 483419]] [136686556752.0, [2118.0, 383626383, 6138012243, 5340891, 6137123727, 383570187]] [717361018.0, [247.5, 2055020, 32839552, 60436, 25506688, 1593424]]
Arch_Param: [32, 8192, 8192, 8, 512, 16]
Samsung_cost: [16911764912.0, [1603522.0, 25656356, 820923384, 6444068, 102001848, 797857]] [13054057602.0, [1236591.0, 19783791, 633078564, 4912239, 85328676, 668271]] [1100386020, [104330, 1669150, 53412640, 417310, 6677280, 52170]] [17949537548, [1701716, 27227206, 871270432, 6806854, 108910624, 850868]] [1352001828, [128182, 2050822, 65626160, 512710, 8203312, 64094]] [1011544557948.0, [95899227.0, 1534385247, 49100323923, 383602047, 6138057555, 47954907]] [31758591548.0, [3010832.0, 48173174, 1541541568, 12113014, 192138944, 1505424]]
Model_cost: [13599362210.277779, [3791.152777777778, 20907556, 668963704, 1706852, 49400505, 128418]] [1875307602.0, [14811.0, 2666607, 85328676, 86895, 77870628, 2433543]] [138509180.0, [20.0, 195230, 6247200, 13150, 6247200, 195210]] [2341371573.5, [5002.625, 3327942, 106002464, 38734, 103509152, 971769656]] [716102016.0, [711.0, 1087878, 34713648, 87366, 7767792, 19803]] [135919305840.0, [2118.0, 191813655, 6138012243, 5340891, 6137123727, 191785179]] [713393521.5, [251.625, 1027510, 32839552, 66910, 25506688, 754576]]
Arch_Param: [32, 8192, 8192, 8, 512, 64]
Samsung_cost: [16911764912.0, [1603522.0, 25656356, 820923384, 6444068, 102001848, 797857]] [13054057602.0, [1236591.0, 19783791, 633078564, 4912239, 85328676, 668271]] [1100386020, [104330, 1669150, 53412640, 417310, 6677280, 52170]] [17949537548, [1701716, 27227206, 871270432, 6806854, 108910624, 850868]] [1352001828, [128182, 2050822, 65626160, 512710, 8203312, 64094]] [1011544557948.0, [95899227.0, 1534385247, 49100323923, 383602047, 6138057555, 47954907]] [31758591548.0, [3010832.0, 48173174, 1541541568, 12113014, 192138944, 1505424]]
Model_cost: [13599362210.277779, [3791.152777777778, 20907556, 668963704, 1706852, 49400505, 128418]] [1875307602.0, [14811.0, 2666607, 85328676, 86895, 77870628, 2433543]] [138509180.0, [20.0, 195230, 6247200, 13150, 6247200, 195210]] [2341371573.5, [5002.625, 3327942, 106002464, 38734, 103509152, 971769656]] [714682752.0, [711.0, 1087878, 34713648, 22854, 7767792, 237915]] [135919305840.0, [2118.0, 191813655, 6138012243, 5340891, 6137123727, 191785179]] [713303409.5, [251.625, 1027510, 32839552, 62814, 25506688, 790800]]
Arch_Param: [32, 8192, 8192, 8, 512, 128]
Samsung_cost: [16792512944.0, [1603522.0, 25656356, 820923384, 1023524, 102001848, 797857]] [12959845506.0, [1236591.0, 19783791, 633078564, 629871, 85328676, 668271]] [1093514980, [104330, 1669150, 53412640, 104990, 6677280, 52170]] [17806593164, [1701716, 27227206, 871270432, 309382, 108910624, 850868]] [1341447460, [128182, 2050822, 65626160, 32966, 8203312, 64094]] [1004045166972.0, [95899227.0, 1534385247, 49100323923, 42720639, 6138057555, 47954907]] [31532383676.0, [3010832.0, 48173174, 1541541568, 1830838, 192138944, 1505424]]
Model_cost: [13599362210.277779, [3791.152777777778, 20907556, 668963704, 1706852, 49400505, 128418]] [1875307602.0, [14811.0, 2666607, 85328676, 86895, 77870628, 2433543]] [138509180.0, [20.0, 195230, 6247200, 13150, 6247200, 195210]] [2341371573.5, [5002.625, 3327942, 106002464, 38734, 103509152, 971769656]] [714682752.0, [711.0, 1087878, 34713648, 22854, 7767792, 237915]] [135919305840.0, [2118.0, 191813655, 6138012243, 5340891, 6137123727, 191785179]] [713303409.5, [251.625, 1027510, 32839552, 62814, 25506688, 790800]]
Arch_Param: [32, 8192, 8192, 8, 512, 256]
Samsung_cost: [16792512944.0, [1603522.0, 25656356, 820923384, 1023524, 102001848, 797857]] [12959845506.0, [1236591.0, 19783791, 633078564, 629871, 85328676, 668271]] [1093514980, [104330, 1669150, 53412640, 104990, 6677280, 52170]] [17806593164, [1701716, 27227206, 871270432, 309382, 108910624, 850868]] [1341447460, [128182, 2050822, 65626160, 32966, 8203312, 64094]] [1004045166972.0, [95899227.0, 1534385247, 49100323923, 42720639, 6138057555, 47954907]] [31532383676.0, [3010832.0, 48173174, 1541541568, 1830838, 192138944, 1505424]]
Model_cost: [13581432392.277779, [3753.652777777778, 20907556, 668963704, 891908, 49400505, 1534114]] [1875307602.0, [14811.0, 2666607, 85328676, 86895, 77870628, 2433543]] [138509180.0, [20.0, 195230, 6247200, 13150, 6247200, 195210]] [2341371573.5, [5002.625, 3327942, 106002464, 38734, 103509152, 971769656]] [714637696.0, [711.0, 1087878, 34713648, 20806, 7767792, 241755]] [135919305840.0, [2118.0, 191813655, 6138012243, 5340891, 6137123727, 191785179]] [713248382.0, [247.5, 1027510, 32839552, 60318, 25506688, 796752]]
Arch_Param: [32, 8192, 8192, 8, 512, 512]
Samsung_cost: [16792512944.0, [1603522.0, 25656356, 820923384, 1023524, 102001848, 797857]] [12959845506.0, [1236591.0, 19783791, 633078564, 629871, 85328676, 668271]] [1093514980, [104330, 1669150, 53412640, 104990, 6677280, 52170]] [17806593164, [1701716, 27227206, 871270432, 309382, 108910624, 850868]] [1341447460, [128182, 2050822, 65626160, 32966, 8203312, 64094]] [1004045166972.0, [95899227.0, 1534385247, 49100323923, 42720639, 6138057555, 47954907]] [31532383676.0, [3010832.0, 48173174, 1541541568, 1830838, 192138944, 1505424]]
Model_cost: [13581432392.277779, [3753.652777777778, 20907556, 668963704, 891908, 49400505, 1534114]] [1875307602.0, [14811.0, 2666607, 85328676, 86895, 77870628, 2433543]] [138509180.0, [20.0, 195230, 6247200, 13150, 6247200, 195210]] [2341371573.5, [5002.625, 3327942, 106002464, 38734, 103509152, 971769656]] [714631168.0, [711.0, 1087878, 34713648, 19654, 7777200, 242322]] [135919305840.0, [2118.0, 191813655, 6138012243, 5340891, 6137123727, 191785179]] [713248382.0, [247.5, 1027510, 32839552, 60318, 25506688, 796752]]
Arch_Param: [32, 8192, 8192, 8, 1024, 16]
Samsung_cost: [16860478818.0, [1603522.0, 12834849, 820923384, 6444065, 102001848, 797857]] [13014490242.0, [1236591.0, 9891951, 633078564, 4912239, 85328676, 668271]] [1097047520, [104330, 834580, 53412640, 417300, 6677280, 52170]] [17895082496, [1701716, 13613608, 871270432, 6806824, 108910624, 850868]] [1347900196, [128182, 1025414, 65626160, 512710, 8203312, 64094]] [1008475787772.0, [95899227.0, 767192703, 49100323923, 383602047, 6138057555, 47954907]] [31662243902.0, [3010832.0, 24086587, 1541541568, 12112955, 192138944, 1505424]]
Model_cost: [13557759572.277779, [3791.152777777778, 10506913, 668963704, 1706849, 49400505, 124322]] [1869974610.0, [14811.0, 1333359, 85328676, 86895, 77870628, 1216827]] [138144137.5, [20.625, 104020, 6247200, 13140, 6247200, 27210]] [2334781627.0, [5003.25, 1680616, 106002464, 38704, 103509152, 971600038]] [713934464.0, [711.0, 545990, 34713648, 87366, 7767792, 19803]] [135535680384.0, [2118.0, 95907291, 6138012243, 5340891, 6137123727, 95892675]] [711353459.5, [251.625, 517819, 32839552, 66851, 25506688, 380560]]
Arch_Param: [32, 8192, 8192, 8, 1024, 64]
Samsung_cost: [16860478818.0, [1603522.0, 12834849, 820923384, 6444065, 102001848, 797857]] [13014490242.0, [1236591.0, 9891951, 633078564, 4912239, 85328676, 668271]] [1097047520, [104330, 834580, 53412640, 417300, 6677280, 52170]] [17895082496, [1701716, 13613608, 871270432, 6806824, 108910624, 850868]] [1347900196, [128182, 1025414, 65626160, 512710, 8203312, 64094]] [1008475787772.0, [95899227.0, 767192703, 49100323923, 383602047, 6138057555, 47954907]] [31662243902.0, [3010832.0, 24086587, 1541541568, 12112955, 192138944, 1505424]]
Model_cost: [13557759572.277779, [3791.152777777778, 10506913, 668963704, 1706849, 49400505, 124322]] [1869974610.0, [14811.0, 1333359, 85328676, 86895, 77870628, 1216827]] [138144137.5, [20.625, 104020, 6247200, 13140, 6247200, 27210]] [2334781627.0, [5003.25, 1680616, 106002464, 38704, 103509152, 971600038]] [712515200.0, [711.0, 545990, 34713648, 22854, 7767792, 119131]] [135535680384.0, [2118.0, 95907291, 6138012243, 5340891, 6137123727, 95892675]] [711263347.5, [251.625, 517819, 32839552, 62755, 25506688, 396304]]
Arch_Param: [32, 8192, 8192, 8, 1024, 128]
Samsung_cost: [16741226850.0, [1603522.0, 12834849, 820923384, 1023521, 102001848, 797857]] [12920278146.0, [1236591.0, 9891951, 633078564, 629871, 85328676, 668271]] [1090176480, [104330, 834580, 53412640, 104980, 6677280, 52170]] [17752138112, [1701716, 13613608, 871270432, 309352, 108910624, 850868]] [1337345828, [128182, 1025414, 65626160, 32966, 8203312, 64094]] [1000976396796.0, [95899227.0, 767192703, 49100323923, 42720639, 6138057555, 47954907]] [31436036030.0, [3010832.0, 24086587, 1541541568, 1830779, 192138944, 1505424]]
Model_cost: [13557759572.277779, [3791.152777777778, 10506913, 668963704, 1706849, 49400505, 124322]] [1869974610.0, [14811.0, 1333359, 85328676, 86895, 77870628, 1216827]] [138144137.5, [20.625, 104020, 6247200, 13140, 6247200, 27210]] [2334781627.0, [5003.25, 1680616, 106002464, 38704, 103509152, 971600038]] [712515200.0, [711.0, 545990, 34713648, 22854, 7767792, 119131]] [135535680384.0, [2118.0, 95907291, 6138012243, 5340891, 6137123727, 95892675]] [711263347.5, [251.625, 517819, 32839552, 62755, 25506688, 396304]]
Arch_Param: [32, 8192, 8192, 8, 1024, 256]
Samsung_cost: [16741226850.0, [1603522.0, 12834849, 820923384, 1023521, 102001848, 797857]] [12920278146.0, [1236591.0, 9891951, 633078564, 629871, 85328676, 668271]] [1090176480, [104330, 834580, 53412640, 104980, 6677280, 52170]] [17752138112, [1701716, 13613608, 871270432, 309352, 108910624, 850868]] [1337345828, [128182, 1025414, 65626160, 32966, 8203312, 64094]] [1000976396796.0, [95899227.0, 767192703, 49100323923, 42720639, 6138057555, 47954907]] [31436036030.0, [3010832.0, 24086587, 1541541568, 1830779, 192138944, 1505424]]
Model_cost: [13539829754.277779, [3753.652777777778, 10506913, 668963704, 891905, 49400505, 768162]] [1869974610.0, [14811.0, 1333359, 85328676, 86895, 77870628, 1216827]] [138144137.5, [20.625, 104020, 6247200, 13140, 6247200, 27210]] [2334781627.0, [5003.25, 1680616, 106002464, 38704, 103509152, 971600038]] [712470144.0, [711.0, 545990, 34713648, 20806, 7767792, 120923]] [135535680384.0, [2118.0, 95907291, 6138012243, 5340891, 6137123727, 95892675]] [711198336.0, [247.5, 515323, 32839552, 60259, 25506688, 398416]]
Arch_Param: [32, 8192, 8192, 8, 1024, 512]
Samsung_cost: [16741226850.0, [1603522.0, 12834849, 820923384, 1023521, 102001848, 797857]] [12920278146.0, [1236591.0, 9891951, 633078564, 629871, 85328676, 668271]] [1090176480, [104330, 834580, 53412640, 104980, 6677280, 52170]] [17752138112, [1701716, 13613608, 871270432, 309352, 108910624, 850868]] [1337345828, [128182, 1025414, 65626160, 32966, 8203312, 64094]] [1000976396796.0, [95899227.0, 767192703, 49100323923, 42720639, 6138057555, 47954907]] [31436036030.0, [3010832.0, 24086587, 1541541568, 1830779, 192138944, 1505424]]
Model_cost: [13539829754.277779, [3753.652777777778, 10506913, 668963704, 891905, 49400505, 768162]] [1869974610.0, [14811.0, 1333359, 85328676, 86895, 77870628, 1216827]] [138144137.5, [20.625, 104020, 6247200, 13140, 6247200, 27210]] [2334781627.0, [5003.25, 1680616, 106002464, 38704, 103509152, 971600038]] [712463616.0, [711.0, 545990, 34713648, 19654, 7777200, 121196]] [135535680384.0, [2118.0, 95907291, 6138012243, 5340891, 6137123727, 95892675]] [711198336.0, [247.5, 515323, 32839552, 60259, 25506688, 398416]]
Arch_Param: [32, 8192, 8192, 16, 256, 16]
Samsung_cost: [8543871650.0, [805186.0, 25765441, 412206072, 3236929, 51465400, 403041]] [13133192322.0, [1236591.0, 39567471, 633078564, 4912239, 85328676, 668271]] [1107063020, [104330, 3338290, 53412640, 417330, 6677280, 52170]] [18058447652, [1701716, 54454402, 871270432, 6806914, 108910624, 850868]] [1310371140, [123486, 3951366, 63221808, 493926, 7902768, 61746]] [1017682098300.0, [95899227.0, 3068770335, 49100323923, 383602047, 6138057555, 47954907]] [31544134200.0, [2972432.0, 95117548, 1521880768, 11924716, 190238400, 1490576]]
Model_cost: [7391280705.388889, [2128.7638888888887, 22447809, 359126200, 913857, 49400505, 136610]] [1885973586.0, [14811.0, 5333103, 85328676, 86895, 77870628, 4866975]] [139290500.0, [20.0, 390450, 6247200, 13170, 6247200, 390410]] [2354602701.5, [5002.625, 6635394, 106002464, 38794, 103509152, 971968092]] [367988016.0, [395.0, 1085830, 17356848, 43686, 7767792, 19803]] [136686556752.0, [2118.0, 383626383, 6138012243, 5340891, 6137123727, 383570187]] [629512736.5, [184.875, 1783660, 28517760, 45652, 25506688, 1502608]]
Arch_Param: [32, 8192, 8192, 16, 256, 64]
Samsung_cost: [8543871650.0, [805186.0, 25765441, 412206072, 3236929, 51465400, 403041]] [13133192322.0, [1236591.0, 39567471, 633078564, 4912239, 85328676, 668271]] [1107063020, [104330, 3338290, 53412640, 417330, 6677280, 52170]] [18058447652, [1701716, 54454402, 871270432, 6806914, 108910624, 850868]] [1310371140, [123486, 3951366, 63221808, 493926, 7902768, 61746]] [1017682098300.0, [95899227.0, 3068770335, 49100323923, 383602047, 6138057555, 47954907]] [31544134200.0, [2972432.0, 95117548, 1521880768, 11924716, 190238400, 1490576]]
Model_cost: [7391280705.388889, [2128.7638888888887, 22447809, 359126200, 913857, 49400505, 136610]] [1885973586.0, [14811.0, 5333103, 85328676, 86895, 77870628, 4866975]] [139290500.0, [20.0, 390450, 6247200, 13170, 6247200, 390410]] [2354602701.5, [5002.625, 6635394, 106002464, 38794, 103509152, 971968092]] [367277376.0, [359.0, 1085830, 17356848, 11430, 7767792, 475483]] [136686556752.0, [2118.0, 383626383, 6138012243, 5340891, 6137123727, 383570187]] [629467512.5, [178.875, 1783660, 28517760, 43604, 25506688, 1579792]]
Arch_Param: [32, 8192, 8192, 16, 256, 128]
Samsung_cost: [8484087970.0, [805186.0, 25765441, 412206072, 519489, 51465400, 403041]] [13038980226.0, [1236591.0, 39567471, 633078564, 629871, 85328676, 668271]] [1100191980, [104330, 3338290, 53412640, 105010, 6677280, 52170]] [17915503268, [1701716, 54454402, 871270432, 309442, 108910624, 850868]] [1300160324, [123486, 3951366, 63221808, 29798, 7902768, 61746]] [1010182707324.0, [95899227.0, 3068770335, 49100323923, 42720639, 6138057555, 47954907]] [31319638456.0, [2972432.0, 95117548, 1521880768, 1720364, 190238400, 1490576]]
Model_cost: [7381623603.388889, [2016.263888888889, 22447809, 359126200, 475041, 49400505, 3066018]] [1885973586.0, [14811.0, 5333103, 85328676, 86895, 77870628, 4866975]] [139290500.0, [20.0, 390450, 6247200, 13170, 6247200, 390410]] [2354602701.5, [5002.625, 6635394, 106002464, 38794, 103509152, 971968092]] [367254848.0, [359.0, 1085830, 17356848, 10406, 7767792, 483419]] [136686556752.0, [2118.0, 383626383, 6138012243, 5340891, 6137123727, 383570187]] [629437934.0, [178.5, 1783660, 28517760, 42260, 25506688, 1593424]]
Arch_Param: [32, 8192, 8192, 16, 256, 256]
Samsung_cost: [8484087970.0, [805186.0, 25765441, 412206072, 519489, 51465400, 403041]] [13038980226.0, [1236591.0, 39567471, 633078564, 629871, 85328676, 668271]] [1100191980, [104330, 3338290, 53412640, 105010, 6677280, 52170]] [17915503268, [1701716, 54454402, 871270432, 309442, 108910624, 850868]] [1300160324, [123486, 3951366, 63221808, 29798, 7902768, 61746]] [1010182707324.0, [95899227.0, 3068770335, 49100323923, 42720639, 6138057555, 47954907]] [31319638456.0, [2972432.0, 95117548, 1521880768, 1720364, 190238400, 1490576]]
Model_cost: [7381623603.388889, [2016.263888888889, 22447809, 359126200, 475041, 49400505, 3066018]] [1885973586.0, [14811.0, 5333103, 85328676, 86895, 77870628, 4866975]] [139290500.0, [20.0, 390450, 6247200, 13170, 6247200, 390410]] [2354602701.5, [5002.625, 6635394, 106002464, 38794, 103509152, 971968092]] [367254848.0, [359.0, 1085830, 17356848, 10406, 7767792, 483419]] [136686556752.0, [2118.0, 383626383, 6138012243, 5340891, 6137123727, 383570187]] [629437934.0, [178.5, 1783660, 28517760, 42260, 25506688, 1593424]]
Arch_Param: [32, 8192, 8192, 16, 512, 16]
Samsung_cost: [8492341168.0, [805186.0, 12882980, 412206072, 3236900, 51465400, 403041]] [13054057602.0, [1236591.0, 19783791, 633078564, 4912239, 85328676, 668271]] [1100386020, [104330, 1669150, 53412640, 417310, 6677280, 52170]] [17949537548, [1701716, 27227206, 871270432, 6806854, 108910624, 850868]] [1302468420, [123486, 1975686, 63221808, 493926, 7902768, 61746]] [1011544557948.0, [95899227.0, 1534385247, 49100323923, 383602047, 6138057555, 47954907]] [31353896508.0, [2972432.0, 47558774, 1521880768, 11924598, 190238400, 1490576]]
Model_cost: [7346385487.388889, [2128.7638888888887, 11224164, 359126200, 913828, 49400505, 128418]] [1875307602.0, [14811.0, 2666607, 85328676, 86895, 77870628, 2433543]] [138509180.0, [20.0, 195230, 6247200, 13150, 6247200, 195210]] [2341371573.5, [5002.625, 3327942, 106002464, 38734, 103509152, 971769656]] [365820464.0, [395.0, 543942, 17356848, 43686, 7767792, 19803]] [135919305840.0, [2118.0, 191813655, 6138012243, 5340891, 6137123727, 191785179]] [625942820.5, [184.875, 891830, 28517760, 45534, 25506688, 754576]]
Arch_Param: [32, 8192, 8192, 16, 512, 64]
Samsung_cost: [8492341168.0, [805186.0, 12882980, 412206072, 3236900, 51465400, 403041]] [13054057602.0, [1236591.0, 19783791, 633078564, 4912239, 85328676, 668271]] [1100386020, [104330, 1669150, 53412640, 417310, 6677280, 52170]] [17949537548, [1701716, 27227206, 871270432, 6806854, 108910624, 850868]] [1302468420, [123486, 1975686, 63221808, 493926, 7902768, 61746]] [1011544557948.0, [95899227.0, 1534385247, 49100323923, 383602047, 6138057555, 47954907]] [31353896508.0, [2972432.0, 47558774, 1521880768, 11924598, 190238400, 1490576]]
Model_cost: [7346385487.388889, [2128.7638888888887, 11224164, 359126200, 913828, 49400505, 128418]] [1875307602.0, [14811.0, 2666607, 85328676, 86895, 77870628, 2433543]] [138509180.0, [20.0, 195230, 6247200, 13150, 6247200, 195210]] [2341371573.5, [5002.625, 3327942, 106002464, 38734, 103509152, 971769656]] [365109824.0, [359.0, 543942, 17356848, 11430, 7767792, 237915]] [135919305840.0, [2118.0, 191813655, 6138012243, 5340891, 6137123727, 191785179]] [625897596.5, [178.875, 891830, 28517760, 43486, 25506688, 790800]]
Arch_Param: [32, 8192, 8192, 16, 512, 128]
Samsung_cost: [8432557488.0, [805186.0, 12882980, 412206072, 519460, 51465400, 403041]] [12959845506.0, [1236591.0, 19783791, 633078564, 629871, 85328676, 668271]] [1093514980, [104330, 1669150, 53412640, 104990, 6677280, 52170]] [17806593164, [1701716, 27227206, 871270432, 309382, 108910624, 850868]] [1292257604, [123486, 1975686, 63221808, 29798, 7902768, 61746]] [1004045166972.0, [95899227.0, 1534385247, 49100323923, 42720639, 6138057555, 47954907]] [31129400764.0, [2972432.0, 47558774, 1521880768, 1720246, 190238400, 1490576]]
Model_cost: [7336728385.388889, [2016.263888888889, 11224164, 359126200, 475012, 49400505, 1534114]] [1875307602.0, [14811.0, 2666607, 85328676, 86895, 77870628, 2433543]] [138509180.0, [20.0, 195230, 6247200, 13150, 6247200, 195210]] [2341371573.5, [5002.625, 3327942, 106002464, 38734, 103509152, 971769656]] [365087296.0, [359.0, 543942, 17356848, 10406, 7767792, 241755]] [135919305840.0, [2118.0, 191813655, 6138012243, 5340891, 6137123727, 191785179]] [625868018.0, [178.5, 891830, 28517760, 42142, 25506688, 796752]]
Arch_Param: [32, 8192, 8192, 16, 512, 256]
Samsung_cost: [8432557488.0, [805186.0, 12882980, 412206072, 519460, 51465400, 403041]] [12959845506.0, [1236591.0, 19783791, 633078564, 629871, 85328676, 668271]] [1093514980, [104330, 1669150, 53412640, 104990, 6677280, 52170]] [17806593164, [1701716, 27227206, 871270432, 309382, 108910624, 850868]] [1292257604, [123486, 1975686, 63221808, 29798, 7902768, 61746]] [1004045166972.0, [95899227.0, 1534385247, 49100323923, 42720639, 6138057555, 47954907]] [31129400764.0, [2972432.0, 47558774, 1521880768, 1720246, 190238400, 1490576]]
Model_cost: [7336728385.388889, [2016.263888888889, 11224164, 359126200, 475012, 49400505, 1534114]] [1875307602.0, [14811.0, 2666607, 85328676, 86895, 77870628, 2433543]] [138509180.0, [20.0, 195230, 6247200, 13150, 6247200, 195210]] [2341371573.5, [5002.625, 3327942, 106002464, 38734, 103509152, 971769656]] [365087296.0, [359.0, 543942, 17356848, 10406, 7767792, 241755]] [135919305840.0, [2118.0, 191813655, 6138012243, 5340891, 6137123727, 191785179]] [625868018.0, [178.5, 891830, 28517760, 42142, 25506688, 796752]]
Arch_Param: [32, 8192, 8192, 16, 512, 512]
Samsung_cost: [8432557488.0, [805186.0, 12882980, 412206072, 519460, 51465400, 403041]] [12959845506.0, [1236591.0, 19783791, 633078564, 629871, 85328676, 668271]] [1093514980, [104330, 1669150, 53412640, 104990, 6677280, 52170]] [17806593164, [1701716, 27227206, 871270432, 309382, 108910624, 850868]] [1292257604, [123486, 1975686, 63221808, 29798, 7902768, 61746]] [1004045166972.0, [95899227.0, 1534385247, 49100323923, 42720639, 6138057555, 47954907]] [31129400764.0, [2972432.0, 47558774, 1521880768, 1720246, 190238400, 1490576]]
Model_cost: [7336622627.888889, [2010.638888888889, 11224164, 359126200, 470212, 49400505, 1540706]] [1875307602.0, [14811.0, 2666607, 85328676, 86895, 77870628, 2433543]] [138509180.0, [20.0, 195230, 6247200, 13150, 6247200, 195210]] [2341371573.5, [5002.625, 3327942, 106002464, 38734, 103509152, 971769656]] [365074624.0, [359.0, 543942, 17356848, 9830, 7767792, 242028]] [135919305840.0, [2118.0, 191813655, 6138012243, 5340891, 6137123727, 191785179]] [625868018.0, [178.5, 891830, 28517760, 42142, 25506688, 796752]]
Arch_Param: [32, 8192, 8192, 16, 1024, 16]
Samsung_cost: [8466589538.0, [805186.0, 6445089, 412206072, 3236897, 51465400, 403041]] [13014490242.0, [1236591.0, 9891951, 633078564, 4912239, 85328676, 668271]] [1097047520, [104330, 834580, 53412640, 417300, 6677280, 52170]] [17895082496, [1701716, 13613608, 871270432, 6806824, 108910624, 850868]] [1298517060, [123486, 987846, 63221808, 493926, 7902768, 61746]] [1008475787772.0, [95899227.0, 767192703, 49100323923, 383602047, 6138057555, 47954907]] [31258777662.0, [2972432.0, 23779387, 1521880768, 11924539, 190238400, 1490576]]
Model_cost: [7324044289.388889, [2128.7638888888887, 5638881, 359126200, 913825, 49400505, 124322]] [1869974610.0, [14811.0, 1333359, 85328676, 86895, 77870628, 1216827]] [138144137.5, [20.625, 104020, 6247200, 13140, 6247200, 27210]] [2334781627.0, [5003.25, 1680616, 106002464, 38704, 103509152, 971600038]] [364736688.0, [395.0, 272998, 17356848, 43686, 7767792, 19803]] [135535680384.0, [2118.0, 95907291, 6138012243, 5340891, 6137123727, 95892675]] [624166438.5, [184.875, 448059, 28517760, 45475, 25506688, 380560]]
Arch_Param: [32, 8192, 8192, 16, 1024, 64]
Samsung_cost: [8466589538.0, [805186.0, 6445089, 412206072, 3236897, 51465400, 403041]] [13014490242.0, [1236591.0, 9891951, 633078564, 4912239, 85328676, 668271]] [1097047520, [104330, 834580, 53412640, 417300, 6677280, 52170]] [17895082496, [1701716, 13613608, 871270432, 6806824, 108910624, 850868]] [1298517060, [123486, 987846, 63221808, 493926, 7902768, 61746]] [1008475787772.0, [95899227.0, 767192703, 49100323923, 383602047, 6138057555, 47954907]] [31258777662.0, [2972432.0, 23779387, 1521880768, 11924539, 190238400, 1490576]]
Model_cost: [7324044289.388889, [2128.7638888888887, 5638881, 359126200, 913825, 49400505, 124322]] [1869974610.0, [14811.0, 1333359, 85328676, 86895, 77870628, 1216827]] [138144137.5, [20.625, 104020, 6247200, 13140, 6247200, 27210]] [2334781627.0, [5003.25, 1680616, 106002464, 38704, 103509152, 971600038]] [364026048.0, [359.0, 272998, 17356848, 11430, 7767792, 119131]] [135535680384.0, [2118.0, 95907291, 6138012243, 5340891, 6137123727, 95892675]] [624121214.5, [178.875, 448059, 28517760, 43427, 25506688, 396304]]
Arch_Param: [32, 8192, 8192, 16, 1024, 128]
Samsung_cost: [8406805858.0, [805186.0, 6445089, 412206072, 519457, 51465400, 403041]] [12920278146.0, [1236591.0, 9891951, 633078564, 629871, 85328676, 668271]] [1090176480, [104330, 834580, 53412640, 104980, 6677280, 52170]] [17752138112, [1701716, 13613608, 871270432, 309352, 108910624, 850868]] [1288306244, [123486, 987846, 63221808, 29798, 7902768, 61746]] [1000976396796.0, [95899227.0, 767192703, 49100323923, 42720639, 6138057555, 47954907]] [31034281918.0, [2972432.0, 23779387, 1521880768, 1720187, 190238400, 1490576]]
Model_cost: [7314387187.388889, [2016.263888888889, 5638881, 359126200, 475009, 49400505, 768162]] [1869974610.0, [14811.0, 1333359, 85328676, 86895, 77870628, 1216827]] [138144137.5, [20.625, 104020, 6247200, 13140, 6247200, 27210]] [2334781627.0, [5003.25, 1680616, 106002464, 38704, 103509152, 971600038]] [364003520.0, [359.0, 272998, 17356848, 10406, 7767792, 120923]] [135535680384.0, [2118.0, 95907291, 6138012243, 5340891, 6137123727, 95892675]] [624086260.0, [178.5, 446715, 28517760, 42083, 25506688, 398416]]
Arch_Param: [32, 8192, 8192, 16, 1024, 256]
Samsung_cost: [8406805858.0, [805186.0, 6445089, 412206072, 519457, 51465400, 403041]] [12920278146.0, [1236591.0, 9891951, 633078564, 629871, 85328676, 668271]] [1090176480, [104330, 834580, 53412640, 104980, 6677280, 52170]] [17752138112, [1701716, 13613608, 871270432, 309352, 108910624, 850868]] [1288306244, [123486, 987846, 63221808, 29798, 7902768, 61746]] [1000976396796.0, [95899227.0, 767192703, 49100323923, 42720639, 6138057555, 47954907]] [31034281918.0, [2972432.0, 23779387, 1521880768, 1720187, 190238400, 1490576]]
Model_cost: [7314387187.388889, [2016.263888888889, 5638881, 359126200, 475009, 49400505, 768162]] [1869974610.0, [14811.0, 1333359, 85328676, 86895, 77870628, 1216827]] [138144137.5, [20.625, 104020, 6247200, 13140, 6247200, 27210]] [2334781627.0, [5003.25, 1680616, 106002464, 38704, 103509152, 971600038]] [364003520.0, [359.0, 272998, 17356848, 10406, 7767792, 120923]] [135535680384.0, [2118.0, 95907291, 6138012243, 5340891, 6137123727, 95892675]] [624086260.0, [178.5, 446715, 28517760, 42083, 25506688, 398416]]
Arch_Param: [32, 8192, 8192, 16, 1024, 512]
Samsung_cost: [8406805858.0, [805186.0, 6445089, 412206072, 519457, 51465400, 403041]] [12920278146.0, [1236591.0, 9891951, 633078564, 629871, 85328676, 668271]] [1090176480, [104330, 834580, 53412640, 104980, 6677280, 52170]] [17752138112, [1701716, 13613608, 871270432, 309352, 108910624, 850868]] [1288306244, [123486, 987846, 63221808, 29798, 7902768, 61746]] [1000976396796.0, [95899227.0, 767192703, 49100323923, 42720639, 6138057555, 47954907]] [31034281918.0, [2972432.0, 23779387, 1521880768, 1720187, 190238400, 1490576]]
Model_cost: [7314262229.888889, [2010.638888888889, 5634081, 359126200, 470209, 49400505, 770594]] [1869974610.0, [14811.0, 1333359, 85328676, 86895, 77870628, 1216827]] [138144137.5, [20.625, 104020, 6247200, 13140, 6247200, 27210]] [2334781627.0, [5003.25, 1680616, 106002464, 38704, 103509152, 971600038]] [363990848.0, [359.0, 272998, 17356848, 9830, 7767792, 121049]] [135535680384.0, [2118.0, 95907291, 6138012243, 5340891, 6137123727, 95892675]] [624086260.0, [178.5, 446715, 28517760, 42083, 25506688, 398416]]
Arch_Param: [32, 8192, 8192, 32, 256, 16]
Samsung_cost: [8327723426.0, [784770.0, 25112129, 401768440, 3146817, 50351288, 394337]] [13133192322.0, [1236591.0, 39567471, 633078564, 4912239, 85328676, 668271]] [1107063020, [104330, 3338290, 53412640, 417330, 6677280, 52170]] [18058447652, [1701716, 54454402, 871270432, 6806914, 108910624, 850868]] [1296320852, [122162, 3908998, 62543920, 488630, 7818032, 61084]] [1017682098300.0, [95899227.0, 3068770335, 49100323923, 383602047, 6138057555, 47954907]] [31500667448.0, [2968336.0, 94986476, 1519783616, 11908332, 189976256, 1488528]]
Model_cost: [4246563540.7222223, [1146.5972222222222, 12767937, 204263608, 517569, 49400505, 136610]] [1885973586.0, [14811.0, 5333103, 85328676, 86895, 77870628, 4866975]] [139290500.0, [20.0, 390450, 6247200, 13170, 6247200, 390410]] [2354602701.5, [5002.625, 6635394, 106002464, 38794, 103509152, 971968092]] [191407136.0, [183.0, 542918, 8678448, 5718, 7767792, 475483]] [136686556752.0, [2118.0, 383626383, 6138012243, 5340891, 6137123727, 383570187]] [585493400.0, [148.0, 1647980, 26356864, 33940, 25506688, 1579792]]
Arch_Param: [32, 8192, 8192, 32, 256, 64]
Samsung_cost: [8327723426.0, [784770.0, 25112129, 401768440, 3146817, 50351288, 394337]] [13133192322.0, [1236591.0, 39567471, 633078564, 4912239, 85328676, 668271]] [1107063020, [104330, 3338290, 53412640, 417330, 6677280, 52170]] [18058447652, [1701716, 54454402, 871270432, 6806914, 108910624, 850868]] [1296320852, [122162, 3908998, 62543920, 488630, 7818032, 61084]] [1017682098300.0, [95899227.0, 3068770335, 49100323923, 383602047, 6138057555, 47954907]] [31500667448.0, [2968336.0, 94986476, 1519783616, 11908332, 189976256, 1488528]]
Model_cost: [4241046996.7222223, [1146.5972222222222, 12767937, 204263608, 266817, 49400505, 3066018]] [1885973586.0, [14811.0, 5333103, 85328676, 86895, 77870628, 4866975]] [139290500.0, [20.0, 390450, 6247200, 13170, 6247200, 390410]] [2354602701.5, [5002.625, 6635394, 106002464, 38794, 103509152, 971968092]] [191395872.0, [183.0, 542918, 8678448, 5206, 7767792, 483419]] [136686556752.0, [2118.0, 383626383, 6138012243, 5340891, 6137123727, 383570187]] [585476378.0, [143.5, 1647980, 26356864, 33172, 25506688, 1593424]]
Arch_Param: [32, 8192, 8192, 32, 256, 128]
Samsung_cost: [8269111202.0, [784770.0, 25112129, 401768440, 482625, 50351288, 394337]] [13038980226.0, [1236591.0, 39567471, 633078564, 629871, 85328676, 668271]] [1100191980, [104330, 3338290, 53412640, 105010, 6677280, 52170]] [17915503268, [1701716, 54454402, 871270432, 309442, 108910624, 850868]] [1286202964, [122162, 3908998, 62543920, 28726, 7818032, 61084]] [1010182707324.0, [95899227.0, 3068770335, 49100323923, 42720639, 6138057555, 47954907]] [31276351928.0, [2968336.0, 94986476, 1519783616, 1712172, 189976256, 1488528]]
Model_cost: [4241046996.7222223, [1146.5972222222222, 12767937, 204263608, 266817, 49400505, 3066018]] [1885973586.0, [14811.0, 5333103, 85328676, 86895, 77870628, 4866975]] [139290500.0, [20.0, 390450, 6247200, 13170, 6247200, 390410]] [2354602701.5, [5002.625, 6635394, 106002464, 38794, 103509152, 971968092]] [191395872.0, [183.0, 542918, 8678448, 5206, 7767792, 483419]] [136686556752.0, [2118.0, 383626383, 6138012243, 5340891, 6137123727, 383570187]] [585476378.0, [143.5, 1647980, 26356864, 33172, 25506688, 1593424]]
Arch_Param: [32, 8192, 8192, 32, 256, 256]
Samsung_cost: [8269111202.0, [784770.0, 25112129, 401768440, 482625, 50351288, 394337]] [13038980226.0, [1236591.0, 39567471, 633078564, 629871, 85328676, 668271]] [1100191980, [104330, 3338290, 53412640, 105010, 6677280, 52170]] [17915503268, [1701716, 54454402, 871270432, 309442, 108910624, 850868]] [1286202964, [122162, 3908998, 62543920, 28726, 7818032, 61084]] [1010182707324.0, [95899227.0, 3068770335, 49100323923, 42720639, 6138057555, 47954907]] [31276351928.0, [2968336.0, 94986476, 1519783616, 1712172, 189976256, 1488528]]
Model_cost: [4240991969.2222223, [1142.4722222222222, 12767937, 204263608, 264321, 49400505, 3080930]] [1885973586.0, [14811.0, 5333103, 85328676, 86895, 77870628, 4866975]] [139290500.0, [20.0, 390450, 6247200, 13170, 6247200, 390410]] [2354602701.5, [5002.625, 6635394, 106002464, 38794, 103509152, 971968092]] [191389536.0, [183.0, 542918, 8678448, 4918, 7767792, 483986]] [136686556752.0, [2118.0, 383626383, 6138012243, 5340891, 6137123727, 383570187]] [585476378.0, [143.5, 1647980, 26356864, 33172, 25506688, 1593424]]
Arch_Param: [32, 8192, 8192, 32, 512, 16]
Samsung_cost: [8277499568.0, [784770.0, 12556324, 401768440, 3146788, 50351288, 394337]] [13054057602.0, [1236591.0, 19783791, 633078564, 4912239, 85328676, 668271]] [1100386020, [104330, 1669150, 53412640, 417310, 6677280, 52170]] [17949537548, [1701716, 27227206, 871270432, 6806854, 108910624, 850868]] [1288502868, [122162, 1954502, 62543920, 488630, 7818032, 61084]] [1011544557948.0, [95899227.0, 1534385247, 49100323923, 383602047, 6138057555, 47954907]] [31310691900.0, [2968336.0, 47493238, 1519783616, 11908214, 189976256, 1488528]]
Model_cost: [4221028066.7222223, [1146.5972222222222, 6384228, 204263608, 517540, 49400505, 128418]] [1875307602.0, [14811.0, 2666607, 85328676, 86895, 77870628, 2433543]] [138509180.0, [20.0, 195230, 6247200, 13150, 6247200, 195210]] [2341371573.5, [5002.625, 3327942, 106002464, 38734, 103509152, 971769656]] [190323360.0, [183.0, 271974, 8678448, 5718, 7767792, 237915]] [135919305840.0, [2118.0, 191813655, 6138012243, 5340891, 6137123727, 191785179]] [582194844.0, [148.0, 823990, 26356864, 33822, 25506688, 790800]]
Arch_Param: [32, 8192, 8192, 32, 512, 64]
Samsung_cost: [8277499568.0, [784770.0, 12556324, 401768440, 3146788, 50351288, 394337]] [13054057602.0, [1236591.0, 19783791, 633078564, 4912239, 85328676, 668271]] [1100386020, [104330, 1669150, 53412640, 417310, 6677280, 52170]] [17949537548, [1701716, 27227206, 871270432, 6806854, 108910624, 850868]] [1288502868, [122162, 1954502, 62543920, 488630, 7818032, 61084]] [1011544557948.0, [95899227.0, 1534385247, 49100323923, 383602047, 6138057555, 47954907]] [31310691900.0, [2968336.0, 47493238, 1519783616, 11908214, 189976256, 1488528]]
Model_cost: [4215511522.7222223, [1146.5972222222222, 6384228, 204263608, 266788, 49400505, 1534114]] [1875307602.0, [14811.0, 2666607, 85328676, 86895, 77870628, 2433543]] [138509180.0, [20.0, 195230, 6247200, 13150, 6247200, 195210]] [2341371573.5, [5002.625, 3327942, 106002464, 38734, 103509152, 971769656]] [190312096.0, [183.0, 271974, 8678448, 5206, 7767792, 241755]] [135919305840.0, [2118.0, 191813655, 6138012243, 5340891, 6137123727, 191785179]] [582177822.0, [143.5, 823990, 26356864, 33054, 25506688, 796752]]
Arch_Param: [32, 8192, 8192, 32, 512, 128]
Samsung_cost: [8218887344.0, [784770.0, 12556324, 401768440, 482596, 50351288, 394337]] [12959845506.0, [1236591.0, 19783791, 633078564, 629871, 85328676, 668271]] [1093514980, [104330, 1669150, 53412640, 104990, 6677280, 52170]] [17806593164, [1701716, 27227206, 871270432, 309382, 108910624, 850868]] [1278384980, [122162, 1954502, 62543920, 28726, 7818032, 61084]] [1004045166972.0, [95899227.0, 1534385247, 49100323923, 42720639, 6138057555, 47954907]] [31086376380.0, [2968336.0, 47493238, 1519783616, 1712054, 189976256, 1488528]]
Model_cost: [4215511522.7222223, [1146.5972222222222, 6384228, 204263608, 266788, 49400505, 1534114]] [1875307602.0, [14811.0, 2666607, 85328676, 86895, 77870628, 2433543]] [138509180.0, [20.0, 195230, 6247200, 13150, 6247200, 195210]] [2341371573.5, [5002.625, 3327942, 106002464, 38734, 103509152, 971769656]] [190312096.0, [183.0, 271974, 8678448, 5206, 7767792, 241755]] [135919305840.0, [2118.0, 191813655, 6138012243, 5340891, 6137123727, 191785179]] [582177822.0, [143.5, 823990, 26356864, 33054, 25506688, 796752]]
Arch_Param: [32, 8192, 8192, 32, 512, 256]
Samsung_cost: [8218887344.0, [784770.0, 12556324, 401768440, 482596, 50351288, 394337]] [12959845506.0, [1236591.0, 19783791, 633078564, 629871, 85328676, 668271]] [1093514980, [104330, 1669150, 53412640, 104990, 6677280, 52170]] [17806593164, [1701716, 27227206, 871270432, 309382, 108910624, 850868]] [1278384980, [122162, 1954502, 62543920, 28726, 7818032, 61084]] [1004045166972.0, [95899227.0, 1534385247, 49100323923, 42720639, 6138057555, 47954907]] [31086376380.0, [2968336.0, 47493238, 1519783616, 1712054, 189976256, 1488528]]
Model_cost: [4215456495.2222223, [1142.4722222222222, 6384228, 204263608, 264292, 49400505, 1540706]] [1875307602.0, [14811.0, 2666607, 85328676, 86895, 77870628, 2433543]] [138509180.0, [20.0, 195230, 6247200, 13150, 6247200, 195210]] [2341371573.5, [5002.625, 3327942, 106002464, 38734, 103509152, 971769656]] [190305760.0, [183.0, 271974, 8678448, 4918, 7767792, 242028]] [135919305840.0, [2118.0, 191813655, 6138012243, 5340891, 6137123727, 191785179]] [582177822.0, [143.5, 823990, 26356864, 33054, 25506688, 796752]]
Arch_Param: [32, 8192, 8192, 32, 512, 512]
Samsung_cost: [8218887344.0, [784770.0, 12556324, 401768440, 482596, 50351288, 394337]] [12959845506.0, [1236591.0, 19783791, 633078564, 629871, 85328676, 668271]] [1093514980, [104330, 1669150, 53412640, 104990, 6677280, 52170]] [17806593164, [1701716, 27227206, 871270432, 309382, 108910624, 850868]] [1278384980, [122162, 1954502, 62543920, 28726, 7818032, 61084]] [1004045166972.0, [95899227.0, 1534385247, 49100323923, 42720639, 6138057555, 47954907]] [31086376380.0, [2968336.0, 47493238, 1519783616, 1712054, 189976256, 1488528]]
Model_cost: [4215456495.2222223, [1142.4722222222222, 6384228, 204263608, 264292, 49400505, 1540706]] [1875307602.0, [14811.0, 2666607, 85328676, 86895, 77870628, 2433543]] [138509180.0, [20.0, 195230, 6247200, 13150, 6247200, 195210]] [2341371573.5, [5002.625, 3327942, 106002464, 38734, 103509152, 971769656]] [190305760.0, [183.0, 271974, 8678448, 4918, 7767792, 242028]] [135919305840.0, [2118.0, 191813655, 6138012243, 5340891, 6137123727, 191785179]] [582177822.0, [143.5, 823990, 26356864, 33054, 25506688, 796752]]
Arch_Param: [32, 8192, 8192, 32, 1024, 16]
Samsung_cost: [8252395106.0, [784770.0, 6280225, 401768440, 3146785, 50351288, 394337]] [13014490242.0, [1236591.0, 9891951, 633078564, 4912239, 85328676, 668271]] [1097047520, [104330, 834580, 53412640, 417300, 6677280, 52170]] [17895082496, [1701716, 13613608, 871270432, 6806824, 108910624, 850868]] [1284593876, [122162, 977254, 62543920, 488630, 7818032, 61084]] [1008475787772.0, [95899227.0, 767192703, 49100323923, 383602047, 6138057555, 47954907]] [31215704126.0, [2968336.0, 23746619, 1519783616, 11908155, 189976256, 1488528]]
Model_cost: [4208314516.7222223, [1146.5972222222222, 3205857, 204263608, 517537, 49400505, 124322]] [1869974610.0, [14811.0, 1333359, 85328676, 86895, 77870628, 1216827]] [138144137.5, [20.625, 104020, 6247200, 13140, 6247200, 27210]] [2334781627.0, [5003.25, 1680616, 106002464, 38704, 103509152, 971600038]] [189781472.0, [183.0, 136502, 8678448, 5718, 7767792, 119131]] [135535680384.0, [2118.0, 95907291, 6138012243, 5340891, 6137123727, 95892675]] [580550302.0, [148.0, 413179, 26356864, 33763, 25506688, 396304]]
Arch_Param: [32, 8192, 8192, 32, 1024, 64]
Samsung_cost: [8252395106.0, [784770.0, 6280225, 401768440, 3146785, 50351288, 394337]] [13014490242.0, [1236591.0, 9891951, 633078564, 4912239, 85328676, 668271]] [1097047520, [104330, 834580, 53412640, 417300, 6677280, 52170]] [17895082496, [1701716, 13613608, 871270432, 6806824, 108910624, 850868]] [1284593876, [122162, 977254, 62543920, 488630, 7818032, 61084]] [1008475787772.0, [95899227.0, 767192703, 49100323923, 383602047, 6138057555, 47954907]] [31215704126.0, [2968336.0, 23746619, 1519783616, 11908155, 189976256, 1488528]]
Model_cost: [4202797972.7222223, [1146.5972222222222, 3205857, 204263608, 266785, 49400505, 768162]] [1869974610.0, [14811.0, 1333359, 85328676, 86895, 77870628, 1216827]] [138144137.5, [20.625, 104020, 6247200, 13140, 6247200, 27210]] [2334781627.0, [5003.25, 1680616, 106002464, 38704, 103509152, 971600038]] [189770208.0, [183.0, 136502, 8678448, 5206, 7767792, 120923]] [135535680384.0, [2118.0, 95907291, 6138012243, 5340891, 6137123727, 95892675]] [580530208.0, [143.5, 412411, 26356864, 32995, 25506688, 398416]]
Arch_Param: [32, 8192, 8192, 32, 1024, 128]
Samsung_cost: [8193782882.0, [784770.0, 6280225, 401768440, 482593, 50351288, 394337]] [12920278146.0, [1236591.0, 9891951, 633078564, 629871, 85328676, 668271]] [1090176480, [104330, 834580, 53412640, 104980, 6677280, 52170]] [17752138112, [1701716, 13613608, 871270432, 309352, 108910624, 850868]] [1274475988, [122162, 977254, 62543920, 28726, 7818032, 61084]] [1000976396796.0, [95899227.0, 767192703, 49100323923, 42720639, 6138057555, 47954907]] [30991388606.0, [2968336.0, 23746619, 1519783616, 1711995, 189976256, 1488528]]
Model_cost: [4202797972.7222223, [1146.5972222222222, 3205857, 204263608, 266785, 49400505, 768162]] [1869974610.0, [14811.0, 1333359, 85328676, 86895, 77870628, 1216827]] [138144137.5, [20.625, 104020, 6247200, 13140, 6247200, 27210]] [2334781627.0, [5003.25, 1680616, 106002464, 38704, 103509152, 971600038]] [189770208.0, [183.0, 136502, 8678448, 5206, 7767792, 120923]] [135535680384.0, [2118.0, 95907291, 6138012243, 5340891, 6137123727, 95892675]] [580530208.0, [143.5, 412411, 26356864, 32995, 25506688, 398416]]
Arch_Param: [32, 8192, 8192, 32, 1024, 256]
Samsung_cost: [8193782882.0, [784770.0, 6280225, 401768440, 482593, 50351288, 394337]] [12920278146.0, [1236591.0, 9891951, 633078564, 629871, 85328676, 668271]] [1090176480, [104330, 834580, 53412640, 104980, 6677280, 52170]] [17752138112, [1701716, 13613608, 871270432, 309352, 108910624, 850868]] [1274475988, [122162, 977254, 62543920, 28726, 7818032, 61084]] [1000976396796.0, [95899227.0, 767192703, 49100323923, 42720639, 6138057555, 47954907]] [30991388606.0, [2968336.0, 23746619, 1519783616, 1711995, 189976256, 1488528]]
Model_cost: [4202732961.2222223, [1142.4722222222222, 3203361, 204263608, 264289, 49400505, 770594]] [1869974610.0, [14811.0, 1333359, 85328676, 86895, 77870628, 1216827]] [138144137.5, [20.625, 104020, 6247200, 13140, 6247200, 27210]] [2334781627.0, [5003.25, 1680616, 106002464, 38704, 103509152, 971600038]] [189763872.0, [183.0, 136502, 8678448, 4918, 7767792, 121049]] [135535680384.0, [2118.0, 95907291, 6138012243, 5340891, 6137123727, 95892675]] [580530208.0, [143.5, 412411, 26356864, 32995, 25506688, 398416]]
Arch_Param: [32, 8192, 8192, 32, 1024, 512]
Samsung_cost: [8193782882.0, [784770.0, 6280225, 401768440, 482593, 50351288, 394337]] [12920278146.0, [1236591.0, 9891951, 633078564, 629871, 85328676, 668271]] [1090176480, [104330, 834580, 53412640, 104980, 6677280, 52170]] [17752138112, [1701716, 13613608, 871270432, 309352, 108910624, 850868]] [1274475988, [122162, 977254, 62543920, 28726, 7818032, 61084]] [1000976396796.0, [95899227.0, 767192703, 49100323923, 42720639, 6138057555, 47954907]] [30991388606.0, [2968336.0, 23746619, 1519783616, 1711995, 189976256, 1488528]]
Model_cost: [4202732961.2222223, [1142.4722222222222, 3203361, 204263608, 264289, 49400505, 770594]] [1869974610.0, [14811.0, 1333359, 85328676, 86895, 77870628, 1216827]] [138144137.5, [20.625, 104020, 6247200, 13140, 6247200, 27210]] [2334781627.0, [5003.25, 1680616, 106002464, 38704, 103509152, 971600038]] [189763872.0, [183.0, 136502, 8678448, 4918, 7767792, 121049]] [135535680384.0, [2118.0, 95907291, 6138012243, 5340891, 6137123727, 95892675]] [580530208.0, [143.5, 412411, 26356864, 32995, 25506688, 398416]]
Arch_Param: [32, 8192, 4096, 4, 256, 16]
Samsung_cost: [34045027902.0, [6400355.0, 102405697, 1638358008, 12858433, 203074744, 1587489]] [13167813762.0, [2473071.0, 39567471, 633078564, 4912239, 85328676, 668271]] [1109983980, [208650, 3338290, 53412640, 417330, 6677280, 52170]] [18106095140, [3403412, 54454402, 871270432, 6806914, 108910624, 850868]] [1463724900, [275142, 4402182, 70434864, 550278, 8804400, 68790]] [1020367272204.0, [191798295.0, 3068770335, 49100323923, 383602047, 6138057555, 47954907]] [32852045452, [6175251, 98803948, 1580863168, 12489964, 195940032, 1535120]]
Model_cost: [26272047918.0, [14507.5, 80564801, 1288904952, 3294657, 49400505, 136610]] [3477568962.0, [31263.0, 10223727, 163578660, 385647, 77870628, 185031]] [139290780.0, [30.0, 390450, 6247200, 13170, 6247200, 390410]] [2354741935.0, [9975.25, 6635394, 106002464, 38794, 103509152, 971968092]] [1425376852, [2826, 4343302, 69427248, 174726, 7767792, 19803]] [261477453828.0, [5691.0, 767215743, 12275433555, 28432407, 6137123727, 14212839]] [1018988715.0, [825.25, 2983404, 47652928, 134548, 25506688, 1055632]]
Arch_Param: [32, 8192, 4096, 4, 256, 64]
Samsung_cost: [34045027902.0, [6400355.0, 102405697, 1638358008, 12858433, 203074744, 1587489]] [13167813762.0, [2473071.0, 39567471, 633078564, 4912239, 85328676, 668271]] [1109983980, [208650, 3338290, 53412640, 417330, 6677280, 52170]] [18106095140, [3403412, 54454402, 871270432, 6806914, 108910624, 850868]] [1463724900, [275142, 4402182, 70434864, 550278, 8804400, 68790]] [1020367272204.0, [191798295.0, 3068770335, 49100323923, 383602047, 6138057555, 47954907]] [32852045452, [6175251, 98803948, 1580863168, 12489964, 195940032, 1535120]]
Model_cost: [26272047918.0, [14507.5, 80564801, 1288904952, 3294657, 49400505, 136610]] [3472702914.0, [31263.0, 10223727, 163578660, 164463, 77870628, 4866975]] [139290780.0, [30.0, 390450, 6247200, 13170, 6247200, 390410]] [2354741935.0, [9975.25, 6635394, 106002464, 38794, 103509152, 971968092]] [1425376852, [2826, 4343302, 69427248, 174726, 7767792, 19803]] [261086919684.0, [5691.0, 767215743, 12275433555, 10680855, 6137123727, 383570187]] [1018571947.0, [825.25, 2983404, 47652928, 115604, 25506688, 1502608]]
Arch_Param: [32, 8192, 4096, 4, 256, 128]
Samsung_cost: [33806839358.0, [6400355.0, 102405697, 1638358008, 2031681, 203074744, 1587489]] [13073601666.0, [2473071.0, 39567471, 633078564, 629871, 85328676, 668271]] [1103112940, [208650, 3338290, 53412640, 105010, 6677280, 52170]] [17963150756, [3403412, 54454402, 871270432, 309442, 108910624, 850868]] [1452483428, [275142, 4402182, 70434864, 39302, 8804400, 68790]] [1012867881228.0, [191798295.0, 3068770335, 49100323923, 42720639, 6138057555, 47954907]] [32622413324, [6175251, 98803948, 1580863168, 2052140, 195940032, 1535120]]
Model_cost: [26272047918.0, [14507.5, 80564801, 1288904952, 3294657, 49400505, 136610]] [3472702914.0, [31263.0, 10223727, 163578660, 164463, 77870628, 4866975]] [139290780.0, [30.0, 390450, 6247200, 13170, 6247200, 390410]] [2354741935.0, [9975.25, 6635394, 106002464, 38794, 103509152, 971968092]] [1422538324.0, [2826.0, 4343302, 69427248, 45702, 7767792, 475483]] [261086919684.0, [5691.0, 767215743, 12275433555, 10680855, 6137123727, 383570187]] [1018414083.0, [819.25, 2983404, 47652928, 108436, 25506688, 1579792]]
Arch_Param: [32, 8192, 4096, 4, 256, 256]
Samsung_cost: [33806839358.0, [6400355.0, 102405697, 1638358008, 2031681, 203074744, 1587489]] [13073601666.0, [2473071.0, 39567471, 633078564, 629871, 85328676, 668271]] [1103112940, [208650, 3338290, 53412640, 105010, 6677280, 52170]] [17963150756, [3403412, 54454402, 871270432, 309442, 108910624, 850868]] [1452483428, [275142, 4402182, 70434864, 39302, 8804400, 68790]] [1012867881228.0, [191798295.0, 3068770335, 49100323923, 42720639, 6138057555, 47954907]] [32622413324, [6175251, 98803948, 1580863168, 2052140, 195940032, 1535120]]
Model_cost: [26272047918.0, [14507.5, 80564801, 1288904952, 3294657, 49400505, 136610]] [3472702914.0, [31263.0, 10223727, 163578660, 164463, 77870628, 4866975]] [139290780.0, [30.0, 390450, 6247200, 13170, 6247200, 390410]] [2354741935.0, [9975.25, 6635394, 106002464, 38794, 103509152, 971968092]] [1422538324.0, [2826.0, 4343302, 69427248, 45702, 7767792, 475483]] [261086919684.0, [5691.0, 767215743, 12275433555, 10680855, 6137123727, 383570187]] [1018414083.0, [819.25, 2983404, 47652928, 108436, 25506688, 1579792]]
Arch_Param: [32, 8192, 4096, 4, 512, 16]
Samsung_cost: [33840216908.0, [6400355.0, 51203108, 1638358008, 12858404, 203074744, 1587489]] [13088679042.0, [2473071.0, 19783791, 633078564, 4912239, 85328676, 668271]] [1103306980, [208650, 1669150, 53412640, 417310, 6677280, 52170]] [17997185036, [3403412, 27227206, 871270432, 6806854, 108910624, 850868]] [1454920548, [275142, 2201094, 70434864, 550278, 8804400, 68790]] [1014229731852.0, [191798295.0, 1534385247, 49100323923, 383602047, 6138057555, 47954907]] [32654434960, [6175251, 49401974, 1580863168, 12489846, 195940032, 1535120]]
Model_cost: [26110918716.0, [14507.5, 40282660, 1288904952, 3294628, 49400505, 128418]] [3457121730.0, [31263.0, 5111919, 163578660, 385647, 77870628, 184743]] [138509460.0, [30.0, 195230, 6247200, 13150, 6247200, 195210]] [2341510807.0, [9975.25, 3327942, 106002464, 38734, 103509152, 971769656]] [1416706644, [2826, 2175750, 69427248, 174726, 7767792, 19803]] [259943025732.0, [5691.0, 383608719, 12275433555, 28432407, 6137123727, 14212815]] [1013019311.0, [825.25, 1491702, 47652928, 134430, 25506688, 541072]]
Arch_Param: [32, 8192, 4096, 4, 512, 64]
Samsung_cost: [33840216908.0, [6400355.0, 51203108, 1638358008, 12858404, 203074744, 1587489]] [13088679042.0, [2473071.0, 19783791, 633078564, 4912239, 85328676, 668271]] [1103306980, [208650, 1669150, 53412640, 417310, 6677280, 52170]] [17997185036, [3403412, 27227206, 871270432, 6806854, 108910624, 850868]] [1454920548, [275142, 2201094, 70434864, 550278, 8804400, 68790]] [1014229731852.0, [191798295.0, 1534385247, 49100323923, 383602047, 6138057555, 47954907]] [32654434960, [6175251, 49401974, 1580863168, 12489846, 195940032, 1535120]]
Model_cost: [26110918716.0, [14507.5, 40282660, 1288904952, 3294628, 49400505, 128418]] [3452255682.0, [31263.0, 5111919, 163578660, 164463, 77870628, 2433543]] [138509460.0, [30.0, 195230, 6247200, 13150, 6247200, 195210]] [2341510807.0, [9975.25, 3327942, 106002464, 38734, 103509152, 971769656]] [1416706644, [2826, 2175750, 69427248, 174726, 7767792, 19803]] [259552491588.0, [5691.0, 383608719, 12275433555, 10680855, 6137123727, 191785179]] [1012602543.0, [825.25, 1491702, 47652928, 115486, 25506688, 754576]]
Arch_Param: [32, 8192, 4096, 4, 512, 128]
Samsung_cost: [33602028364.0, [6400355.0, 51203108, 1638358008, 2031652, 203074744, 1587489]] [12994466946.0, [2473071.0, 19783791, 633078564, 629871, 85328676, 668271]] [1096435940, [208650, 1669150, 53412640, 104990, 6677280, 52170]] [17854240652, [3403412, 27227206, 871270432, 309382, 108910624, 850868]] [1443679076, [275142, 2201094, 70434864, 39302, 8804400, 68790]] [1006730340876.0, [191798295.0, 1534385247, 49100323923, 42720639, 6138057555, 47954907]] [32424802832, [6175251, 49401974, 1580863168, 2052022, 195940032, 1535120]]
Model_cost: [26110918716.0, [14507.5, 40282660, 1288904952, 3294628, 49400505, 128418]] [3452255682.0, [31263.0, 5111919, 163578660, 164463, 77870628, 2433543]] [138509460.0, [30.0, 195230, 6247200, 13150, 6247200, 195210]] [2341510807.0, [9975.25, 3327942, 106002464, 38734, 103509152, 971769656]] [1413868116.0, [2826.0, 2175750, 69427248, 45702, 7767792, 237915]] [259552491588.0, [5691.0, 383608719, 12275433555, 10680855, 6137123727, 191785179]] [1012444679.0, [819.25, 1491702, 47652928, 108318, 25506688, 790800]]
Arch_Param: [32, 8192, 4096, 4, 512, 256]
Samsung_cost: [33602028364.0, [6400355.0, 51203108, 1638358008, 2031652, 203074744, 1587489]] [12994466946.0, [2473071.0, 19783791, 633078564, 629871, 85328676, 668271]] [1096435940, [208650, 1669150, 53412640, 104990, 6677280, 52170]] [17854240652, [3403412, 27227206, 871270432, 309382, 108910624, 850868]] [1443679076, [275142, 2201094, 70434864, 39302, 8804400, 68790]] [1006730340876.0, [191798295.0, 1534385247, 49100323923, 42720639, 6138057555, 47954907]] [32424802832, [6175251, 49401974, 1580863168, 2052022, 195940032, 1535120]]
Model_cost: [26110918716.0, [14507.5, 40282660, 1288904952, 3294628, 49400505, 128418]] [3452255682.0, [31263.0, 5111919, 163578660, 164463, 77870628, 2433543]] [138509460.0, [30.0, 195230, 6247200, 13150, 6247200, 195210]] [2341510807.0, [9975.25, 3327942, 106002464, 38734, 103509152, 971769656]] [1413868116.0, [2826.0, 2175750, 69427248, 45702, 7767792, 237915]] [259552491588.0, [5691.0, 383608719, 12275433555, 10680855, 6137123727, 191785179]] [1012444679.0, [819.25, 1491702, 47652928, 108318, 25506688, 790800]]
Arch_Param: [32, 8192, 4096, 4, 512, 512]
Samsung_cost: [33602028364.0, [6400355.0, 51203108, 1638358008, 2031652, 203074744, 1587489]] [12994466946.0, [2473071.0, 19783791, 633078564, 629871, 85328676, 668271]] [1096435940, [208650, 1669150, 53412640, 104990, 6677280, 52170]] [17854240652, [3403412, 27227206, 871270432, 309382, 108910624, 850868]] [1443679076, [275142, 2201094, 70434864, 39302, 8804400, 68790]] [1006730340876.0, [191798295.0, 1534385247, 49100323923, 42720639, 6138057555, 47954907]] [32424802832, [6175251, 49401974, 1580863168, 2052022, 195940032, 1535120]]
Model_cost: [26076438216.0, [14432.5, 40282660, 1288904952, 1727428, 49400505, 1534114]] [3452255682.0, [31263.0, 5111919, 163578660, 164463, 77870628, 2433543]] [138509460.0, [30.0, 195230, 6247200, 13150, 6247200, 195210]] [2341510807.0, [9975.25, 3327942, 106002464, 38734, 103509152, 971769656]] [1413778004.0, [2826.0, 2175750, 69427248, 41606, 7767792, 241755]] [259552491588.0, [5691.0, 383608719, 12275433555, 10680855, 6137123727, 191785179]] [1012338932.0, [814.0, 1491702, 47652928, 103518, 25506688, 796752]]
Arch_Param: [32, 8192, 4096, 4, 1024, 16]
Samsung_cost: [33737861886.0, [6400355.0, 25614369, 1638358008, 12858401, 203074744, 1587489]] [13049111682.0, [2473071.0, 9891951, 633078564, 4912239, 85328676, 668271]] [1099968480, [208650, 834580, 53412640, 417300, 6677280, 52170]] [17942729984, [3403412, 13613608, 871270432, 6806824, 108910624, 850868]] [1450518372, [275142, 1100550, 70434864, 550278, 8804400, 68790]] [1011160961676.0, [191798295.0, 767192703, 49100323923, 383602047, 6138057555, 47954907]] [32555629714, [6175251, 24700987, 1580863168, 12489787, 195940032, 1535120]]
Model_cost: [26030777326.0, [14507.5, 20247329, 1288904952, 3294625, 49400505, 124322]] [3446898114.0, [31263.0, 2556015, 163578660, 385647, 77870628, 184599]] [138144435.0, [31.25, 104020, 6247200, 13140, 6247200, 27210]] [2334920878.0, [9976.5, 1680616, 106002464, 38704, 103509152, 971600038]] [1412371540, [2826, 1091974, 69427248, 174726, 7767792, 19803]] [259175811684.0, [5691.0, 191805207, 12275433555, 28432407, 6137123727, 14212803]] [1010066353.0, [825.25, 753787, 47652928, 134371, 25506688, 283792]]
Arch_Param: [32, 8192, 4096, 4, 1024, 64]
Samsung_cost: [33737861886.0, [6400355.0, 25614369, 1638358008, 12858401, 203074744, 1587489]] [13049111682.0, [2473071.0, 9891951, 633078564, 4912239, 85328676, 668271]] [1099968480, [208650, 834580, 53412640, 417300, 6677280, 52170]] [17942729984, [3403412, 13613608, 871270432, 6806824, 108910624, 850868]] [1450518372, [275142, 1100550, 70434864, 550278, 8804400, 68790]] [1011160961676.0, [191798295.0, 767192703, 49100323923, 383602047, 6138057555, 47954907]] [32555629714, [6175251, 24700987, 1580863168, 12489787, 195940032, 1535120]]
Model_cost: [26030777326.0, [14507.5, 20247329, 1288904952, 3294625, 49400505, 124322]] [3442032066.0, [31263.0, 2556015, 163578660, 164463, 77870628, 1216827]] [138144435.0, [31.25, 104020, 6247200, 13140, 6247200, 27210]] [2334920878.0, [9976.5, 1680616, 106002464, 38704, 103509152, 971600038]] [1412371540, [2826, 1091974, 69427248, 174726, 7767792, 19803]] [258785277540.0, [5691.0, 191805207, 12275433555, 10680855, 6137123727, 95892675]] [1009649585.0, [825.25, 753787, 47652928, 115427, 25506688, 380560]]
Arch_Param: [32, 8192, 4096, 4, 1024, 128]
Samsung_cost: [33499673342.0, [6400355.0, 25614369, 1638358008, 2031649, 203074744, 1587489]] [12954899586.0, [2473071.0, 9891951, 633078564, 629871, 85328676, 668271]] [1093097440, [208650, 834580, 53412640, 104980, 6677280, 52170]] [17799785600, [3403412, 13613608, 871270432, 309352, 108910624, 850868]] [1439276900, [275142, 1100550, 70434864, 39302, 8804400, 68790]] [1003661570700.0, [191798295.0, 767192703, 49100323923, 42720639, 6138057555, 47954907]] [32325997586, [6175251, 24700987, 1580863168, 2051963, 195940032, 1535120]]
Model_cost: [26030777326.0, [14507.5, 20247329, 1288904952, 3294625, 49400505, 124322]] [3442032066.0, [31263.0, 2556015, 163578660, 164463, 77870628, 1216827]] [138144435.0, [31.25, 104020, 6247200, 13140, 6247200, 27210]] [2334920878.0, [9976.5, 1680616, 106002464, 38704, 103509152, 971600038]] [1409533012.0, [2826.0, 1091974, 69427248, 45702, 7767792, 119131]] [258785277540.0, [5691.0, 191805207, 12275433555, 10680855, 6137123727, 95892675]] [1009491721.0, [819.25, 753787, 47652928, 108259, 25506688, 396304]]
Arch_Param: [32, 8192, 4096, 4, 1024, 256]
Samsung_cost: [33499673342.0, [6400355.0, 25614369, 1638358008, 2031649, 203074744, 1587489]] [12954899586.0, [2473071.0, 9891951, 633078564, 629871, 85328676, 668271]] [1093097440, [208650, 834580, 53412640, 104980, 6677280, 52170]] [17799785600, [3403412, 13613608, 871270432, 309352, 108910624, 850868]] [1439276900, [275142, 1100550, 70434864, 39302, 8804400, 68790]] [1003661570700.0, [191798295.0, 767192703, 49100323923, 42720639, 6138057555, 47954907]] [32325997586, [6175251, 24700987, 1580863168, 2051963, 195940032, 1535120]]
Model_cost: [26030777326.0, [14507.5, 20247329, 1288904952, 3294625, 49400505, 124322]] [3442032066.0, [31263.0, 2556015, 163578660, 164463, 77870628, 1216827]] [138144435.0, [31.25, 104020, 6247200, 13140, 6247200, 27210]] [2334920878.0, [9976.5, 1680616, 106002464, 38704, 103509152, 971600038]] [1409533012.0, [2826.0, 1091974, 69427248, 45702, 7767792, 119131]] [258785277540.0, [5691.0, 191805207, 12275433555, 10680855, 6137123727, 95892675]] [1009491721.0, [819.25, 753787, 47652928, 108259, 25506688, 396304]]
Arch_Param: [32, 8192, 4096, 4, 1024, 512]
Samsung_cost: [33499673342.0, [6400355.0, 25614369, 1638358008, 2031649, 203074744, 1587489]] [12954899586.0, [2473071.0, 9891951, 633078564, 629871, 85328676, 668271]] [1093097440, [208650, 834580, 53412640, 104980, 6677280, 52170]] [17799785600, [3403412, 13613608, 871270432, 309352, 108910624, 850868]] [1439276900, [275142, 1100550, 70434864, 39302, 8804400, 68790]] [1003661570700.0, [191798295.0, 767192703, 49100323923, 42720639, 6138057555, 47954907]] [32325997586, [6175251, 24700987, 1580863168, 2051963, 195940032, 1535120]]
Model_cost: [25996296826.0, [14432.5, 20247329, 1288904952, 1727425, 49400505, 768162]] [3442032066.0, [31263.0, 2556015, 163578660, 164463, 77870628, 1216827]] [138144435.0, [31.25, 104020, 6247200, 13140, 6247200, 27210]] [2334920878.0, [9976.5, 1680616, 106002464, 38704, 103509152, 971600038]] [1409442900.0, [2826.0, 1091974, 69427248, 41606, 7767792, 120923]] [258785277540.0, [5691.0, 191805207, 12275433555, 10680855, 6137123727, 95892675]] [1009366774.0, [814.0, 748987, 47652928, 103459, 25506688, 398416]]
Arch_Param: [32, 8192, 4096, 8, 256, 16]
Samsung_cost: [17059286590.0, [3207011.0, 51312193, 820923384, 6444097, 102001848, 797857]] [13167813762.0, [2473071.0, 39567471, 633078564, 4912239, 85328676, 668271]] [1109983980, [208650, 3338290, 53412640, 417330, 6677280, 52170]] [18106095140, [3403412, 54454402, 871270432, 6806914, 108910624, 850868]] [1363794020, [256358, 4101638, 65626160, 512710, 8203312, 64094]] [1020367272204.0, [191798295.0, 3068770335, 49100323923, 383602047, 6138057555, 47954907]] [32035589772, [6021651, 96346348, 1541541568, 12113132, 192138944, 1505424]]
Model_cost: [13683096097.0, [7544.75, 41814593, 668963704, 1706881, 49400505, 136610]] [1886385186.0, [29511.0, 5333103, 85328676, 86895, 77870628, 4866975]] [139290780.0, [30.0, 390450, 6247200, 13170, 6247200, 390410]] [2354741935.0, [9975.25, 6635394, 106002464, 38794, 103509152, 971968092]] [720456860, [1416, 2171654, 34713648, 87366, 7767792, 19803]] [136686611604.0, [4077.0, 383626383, 6138012243, 5340891, 6137123727, 383570187]] [717512643.0, [483.25, 2055020, 32839552, 67028, 25506688, 1502608]]
Arch_Param: [32, 8192, 4096, 8, 256, 64]
Samsung_cost: [17059286590.0, [3207011.0, 51312193, 820923384, 6444097, 102001848, 797857]] [13167813762.0, [2473071.0, 39567471, 633078564, 4912239, 85328676, 668271]] [1109983980, [208650, 3338290, 53412640, 417330, 6677280, 52170]] [18106095140, [3403412, 54454402, 871270432, 6806914, 108910624, 850868]] [1363794020, [256358, 4101638, 65626160, 512710, 8203312, 64094]] [1020367272204.0, [191798295.0, 3068770335, 49100323923, 383602047, 6138057555, 47954907]] [32035589772, [6021651, 96346348, 1541541568, 12113132, 192138944, 1505424]]
Model_cost: [13683096097.0, [7544.75, 41814593, 668963704, 1706881, 49400505, 136610]] [1886385186.0, [29511.0, 5333103, 85328676, 86895, 77870628, 4866975]] [139290780.0, [30.0, 390450, 6247200, 13170, 6247200, 390410]] [2354741935.0, [9975.25, 6635394, 106002464, 38794, 103509152, 971968092]] [719037596.0, [1416.0, 2171654, 34713648, 22854, 7767792, 475483]] [136686611604.0, [4077.0, 383626383, 6138012243, 5340891, 6137123727, 383570187]] [717422531.0, [483.25, 2055020, 32839552, 62932, 25506688, 1579792]]
Arch_Param: [32, 8192, 4096, 8, 256, 128]
Samsung_cost: [16940034622.0, [3207011.0, 51312193, 820923384, 1023553, 102001848, 797857]] [13073601666.0, [2473071.0, 39567471, 633078564, 629871, 85328676, 668271]] [1103112940, [208650, 3338290, 53412640, 105010, 6677280, 52170]] [17963150756, [3403412, 54454402, 871270432, 309442, 108910624, 850868]] [1353239652, [256358, 4101638, 65626160, 32966, 8203312, 64094]] [1012867881228.0, [191798295.0, 3068770335, 49100323923, 42720639, 6138057555, 47954907]] [31809381900, [6021651, 96346348, 1541541568, 1830956, 192138944, 1505424]]
Model_cost: [13683096097.0, [7544.75, 41814593, 668963704, 1706881, 49400505, 136610]] [1886385186.0, [29511.0, 5333103, 85328676, 86895, 77870628, 4866975]] [139290780.0, [30.0, 390450, 6247200, 13170, 6247200, 390410]] [2354741935.0, [9975.25, 6635394, 106002464, 38794, 103509152, 971968092]] [719037596.0, [1416.0, 2171654, 34713648, 22854, 7767792, 475483]] [136686611604.0, [4077.0, 383626383, 6138012243, 5340891, 6137123727, 383570187]] [717422531.0, [483.25, 2055020, 32839552, 62932, 25506688, 1579792]]
Arch_Param: [32, 8192, 4096, 8, 256, 256]
Samsung_cost: [16940034622.0, [3207011.0, 51312193, 820923384, 1023553, 102001848, 797857]] [13073601666.0, [2473071.0, 39567471, 633078564, 629871, 85328676, 668271]] [1103112940, [208650, 3338290, 53412640, 105010, 6677280, 52170]] [17963150756, [3403412, 54454402, 871270432, 309442, 108910624, 850868]] [1353239652, [256358, 4101638, 65626160, 32966, 8203312, 64094]] [1012867881228.0, [191798295.0, 3068770335, 49100323923, 42720639, 6138057555, 47954907]] [31809381900, [6021651, 96346348, 1541541568, 1830956, 192138944, 1505424]]
Model_cost: [13665165229.0, [7469.75, 41814593, 668963704, 891937, 49400505, 3066018]] [1886385186.0, [29511.0, 5333103, 85328676, 86895, 77870628, 4866975]] [139290780.0, [30.0, 390450, 6247200, 13170, 6247200, 390410]] [2354741935.0, [9975.25, 6635394, 106002464, 38794, 103509152, 971968092]] [718992540.0, [1416.0, 2171654, 34713648, 20806, 7767792, 483419]] [136686611604.0, [4077.0, 383626383, 6138012243, 5340891, 6137123727, 383570187]] [717367556.0, [481.0, 2055020, 32839552, 60436, 25506688, 1593424]]
Arch_Param: [32, 8192, 4096, 8, 512, 16]
Samsung_cost: [16956662604.0, [3207011.0, 25656356, 820923384, 6444068, 102001848, 797857]] [13088679042.0, [2473071.0, 19783791, 633078564, 4912239, 85328676, 668271]] [1103306980, [208650, 1669150, 53412640, 417310, 6677280, 52170]] [17997185036, [3403412, 27227206, 871270432, 6806854, 108910624, 850868]] [1355590756, [256358, 2050822, 65626160, 512710, 8203312, 64094]] [1014229731852.0, [191798295.0, 1534385247, 49100323923, 383602047, 6138057555, 47954907]] [31842894480, [6021651, 48173174, 1541541568, 12113014, 192138944, 1505424]]
Model_cost: [13599467311.0, [7544.75, 20907556, 668963704, 1706852, 49400505, 128418]] [1875719202.0, [29511.0, 2666607, 85328676, 86895, 77870628, 2433543]] [138509460.0, [30.0, 195230, 6247200, 13150, 6247200, 195210]] [2341510807.0, [9975.25, 3327942, 106002464, 38734, 103509152, 971769656]] [716121756, [1416, 1087878, 34713648, 87366, 7767792, 19803]] [135919360692.0, [4077.0, 191813655, 6138012243, 5340891, 6137123727, 191785179]] [713400007.0, [483.25, 1027510, 32839552, 66910, 25506688, 754576]]
Arch_Param: [32, 8192, 4096, 8, 512, 64]
Samsung_cost: [16956662604.0, [3207011.0, 25656356, 820923384, 6444068, 102001848, 797857]] [13088679042.0, [2473071.0, 19783791, 633078564, 4912239, 85328676, 668271]] [1103306980, [208650, 1669150, 53412640, 417310, 6677280, 52170]] [17997185036, [3403412, 27227206, 871270432, 6806854, 108910624, 850868]] [1355590756, [256358, 2050822, 65626160, 512710, 8203312, 64094]] [1014229731852.0, [191798295.0, 1534385247, 49100323923, 383602047, 6138057555, 47954907]] [31842894480, [6021651, 48173174, 1541541568, 12113014, 192138944, 1505424]]
Model_cost: [13599467311.0, [7544.75, 20907556, 668963704, 1706852, 49400505, 128418]] [1875719202.0, [29511.0, 2666607, 85328676, 86895, 77870628, 2433543]] [138509460.0, [30.0, 195230, 6247200, 13150, 6247200, 195210]] [2341510807.0, [9975.25, 3327942, 106002464, 38734, 103509152, 971769656]] [714702492.0, [1416.0, 1087878, 34713648, 22854, 7767792, 237915]] [135919360692.0, [4077.0, 191813655, 6138012243, 5340891, 6137123727, 191785179]] [713309895.0, [483.25, 1027510, 32839552, 62814, 25506688, 790800]]
Arch_Param: [32, 8192, 4096, 8, 512, 128]
Samsung_cost: [16837410636.0, [3207011.0, 25656356, 820923384, 1023524, 102001848, 797857]] [12994466946.0, [2473071.0, 19783791, 633078564, 629871, 85328676, 668271]] [1096435940, [208650, 1669150, 53412640, 104990, 6677280, 52170]] [17854240652, [3403412, 27227206, 871270432, 309382, 108910624, 850868]] [1345036388, [256358, 2050822, 65626160, 32966, 8203312, 64094]] [1006730340876.0, [191798295.0, 1534385247, 49100323923, 42720639, 6138057555, 47954907]] [31616686608, [6021651, 48173174, 1541541568, 1830838, 192138944, 1505424]]
Model_cost: [13599467311.0, [7544.75, 20907556, 668963704, 1706852, 49400505, 128418]] [1875719202.0, [29511.0, 2666607, 85328676, 86895, 77870628, 2433543]] [138509460.0, [30.0, 195230, 6247200, 13150, 6247200, 195210]] [2341510807.0, [9975.25, 3327942, 106002464, 38734, 103509152, 971769656]] [714702492.0, [1416.0, 1087878, 34713648, 22854, 7767792, 237915]] [135919360692.0, [4077.0, 191813655, 6138012243, 5340891, 6137123727, 191785179]] [713309895.0, [483.25, 1027510, 32839552, 62814, 25506688, 790800]]
Arch_Param: [32, 8192, 4096, 8, 512, 256]
Samsung_cost: [16837410636.0, [3207011.0, 25656356, 820923384, 1023524, 102001848, 797857]] [12994466946.0, [2473071.0, 19783791, 633078564, 629871, 85328676, 668271]] [1096435940, [208650, 1669150, 53412640, 104990, 6677280, 52170]] [17854240652, [3403412, 27227206, 871270432, 309382, 108910624, 850868]] [1345036388, [256358, 2050822, 65626160, 32966, 8203312, 64094]] [1006730340876.0, [191798295.0, 1534385247, 49100323923, 42720639, 6138057555, 47954907]] [31616686608, [6021651, 48173174, 1541541568, 1830838, 192138944, 1505424]]
Model_cost: [13581536443.0, [7469.75, 20907556, 668963704, 891908, 49400505, 1534114]] [1875719202.0, [29511.0, 2666607, 85328676, 86895, 77870628, 2433543]] [138509460.0, [30.0, 195230, 6247200, 13150, 6247200, 195210]] [2341510807.0, [9975.25, 3327942, 106002464, 38734, 103509152, 971769656]] [714657436.0, [1416.0, 1087878, 34713648, 20806, 7767792, 241755]] [135919360692.0, [4077.0, 191813655, 6138012243, 5340891, 6137123727, 191785179]] [713254920.0, [481.0, 1027510, 32839552, 60318, 25506688, 796752]]
Arch_Param: [32, 8192, 4096, 8, 512, 512]
Samsung_cost: [16837410636.0, [3207011.0, 25656356, 820923384, 1023524, 102001848, 797857]] [12994466946.0, [2473071.0, 19783791, 633078564, 629871, 85328676, 668271]] [1096435940, [208650, 1669150, 53412640, 104990, 6677280, 52170]] [17854240652, [3403412, 27227206, 871270432, 309382, 108910624, 850868]] [1345036388, [256358, 2050822, 65626160, 32966, 8203312, 64094]] [1006730340876.0, [191798295.0, 1534385247, 49100323923, 42720639, 6138057555, 47954907]] [31616686608, [6021651, 48173174, 1541541568, 1830838, 192138944, 1505424]]
Model_cost: [13581536443.0, [7469.75, 20907556, 668963704, 891908, 49400505, 1534114]] [1875719202.0, [29511.0, 2666607, 85328676, 86895, 77870628, 2433543]] [138509460.0, [30.0, 195230, 6247200, 13150, 6247200, 195210]] [2341510807.0, [9975.25, 3327942, 106002464, 38734, 103509152, 971769656]] [714650908.0, [1416.0, 1087878, 34713648, 19654, 7777200, 242322]] [135919360692.0, [4077.0, 191813655, 6138012243, 5340891, 6137123727, 191785179]] [713254920.0, [481.0, 1027510, 32839552, 60318, 25506688, 796752]]
Arch_Param: [32, 8192, 4096, 8, 1024, 16]
Samsung_cost: [16905376510.0, [3207011.0, 12834849, 820923384, 6444065, 102001848, 797857]] [13049111682.0, [2473071.0, 9891951, 633078564, 4912239, 85328676, 668271]] [1099968480, [208650, 834580, 53412640, 417300, 6677280, 52170]] [17942729984, [3403412, 13613608, 871270432, 6806824, 108910624, 850868]] [1351489124, [256358, 1025414, 65626160, 512710, 8203312, 64094]] [1011160961676.0, [191798295.0, 767192703, 49100323923, 383602047, 6138057555, 47954907]] [31746546834, [6021651, 24086587, 1541541568, 12112955, 192138944, 1505424]]
Model_cost: [13557864673.0, [7544.75, 10506913, 668963704, 1706849, 49400505, 124322]] [1870386210.0, [29511.0, 1333359, 85328676, 86895, 77870628, 1216827]] [138144435.0, [31.25, 104020, 6247200, 13140, 6247200, 27210]] [2334920878.0, [9976.5, 1680616, 106002464, 38704, 103509152, 971600038]] [713954204, [1416, 545990, 34713648, 87366, 7767792, 19803]] [135535735236.0, [4077.0, 95907291, 6138012243, 5340891, 6137123727, 95892675]] [711359945.0, [483.25, 517819, 32839552, 66851, 25506688, 380560]]
Arch_Param: [32, 8192, 4096, 8, 1024, 64]
Samsung_cost: [16905376510.0, [3207011.0, 12834849, 820923384, 6444065, 102001848, 797857]] [13049111682.0, [2473071.0, 9891951, 633078564, 4912239, 85328676, 668271]] [1099968480, [208650, 834580, 53412640, 417300, 6677280, 52170]] [17942729984, [3403412, 13613608, 871270432, 6806824, 108910624, 850868]] [1351489124, [256358, 1025414, 65626160, 512710, 8203312, 64094]] [1011160961676.0, [191798295.0, 767192703, 49100323923, 383602047, 6138057555, 47954907]] [31746546834, [6021651, 24086587, 1541541568, 12112955, 192138944, 1505424]]
Model_cost: [13557864673.0, [7544.75, 10506913, 668963704, 1706849, 49400505, 124322]] [1870386210.0, [29511.0, 1333359, 85328676, 86895, 77870628, 1216827]] [138144435.0, [31.25, 104020, 6247200, 13140, 6247200, 27210]] [2334920878.0, [9976.5, 1680616, 106002464, 38704, 103509152, 971600038]] [712534940.0, [1416.0, 545990, 34713648, 22854, 7767792, 119131]] [135535735236.0, [4077.0, 95907291, 6138012243, 5340891, 6137123727, 95892675]] [711269833.0, [483.25, 517819, 32839552, 62755, 25506688, 396304]]
Arch_Param: [32, 8192, 4096, 8, 1024, 128]
Samsung_cost: [16786124542.0, [3207011.0, 12834849, 820923384, 1023521, 102001848, 797857]] [12954899586.0, [2473071.0, 9891951, 633078564, 629871, 85328676, 668271]] [1093097440, [208650, 834580, 53412640, 104980, 6677280, 52170]] [17799785600, [3403412, 13613608, 871270432, 309352, 108910624, 850868]] [1340934756, [256358, 1025414, 65626160, 32966, 8203312, 64094]] [1003661570700.0, [191798295.0, 767192703, 49100323923, 42720639, 6138057555, 47954907]] [31520338962, [6021651, 24086587, 1541541568, 1830779, 192138944, 1505424]]
Model_cost: [13557864673.0, [7544.75, 10506913, 668963704, 1706849, 49400505, 124322]] [1870386210.0, [29511.0, 1333359, 85328676, 86895, 77870628, 1216827]] [138144435.0, [31.25, 104020, 6247200, 13140, 6247200, 27210]] [2334920878.0, [9976.5, 1680616, 106002464, 38704, 103509152, 971600038]] [712534940.0, [1416.0, 545990, 34713648, 22854, 7767792, 119131]] [135535735236.0, [4077.0, 95907291, 6138012243, 5340891, 6137123727, 95892675]] [711269833.0, [483.25, 517819, 32839552, 62755, 25506688, 396304]]
Arch_Param: [32, 8192, 4096, 8, 1024, 256]
Samsung_cost: [16786124542.0, [3207011.0, 12834849, 820923384, 1023521, 102001848, 797857]] [12954899586.0, [2473071.0, 9891951, 633078564, 629871, 85328676, 668271]] [1093097440, [208650, 834580, 53412640, 104980, 6677280, 52170]] [17799785600, [3403412, 13613608, 871270432, 309352, 108910624, 850868]] [1340934756, [256358, 1025414, 65626160, 32966, 8203312, 64094]] [1003661570700.0, [191798295.0, 767192703, 49100323923, 42720639, 6138057555, 47954907]] [31520338962, [6021651, 24086587, 1541541568, 1830779, 192138944, 1505424]]
Model_cost: [13539933805.0, [7469.75, 10506913, 668963704, 891905, 49400505, 768162]] [1870386210.0, [29511.0, 1333359, 85328676, 86895, 77870628, 1216827]] [138144435.0, [31.25, 104020, 6247200, 13140, 6247200, 27210]] [2334920878.0, [9976.5, 1680616, 106002464, 38704, 103509152, 971600038]] [712489884.0, [1416.0, 545990, 34713648, 20806, 7767792, 120923]] [135535735236.0, [4077.0, 95907291, 6138012243, 5340891, 6137123727, 95892675]] [711204874.0, [481.0, 515323, 32839552, 60259, 25506688, 398416]]
Arch_Param: [32, 8192, 4096, 8, 1024, 512]
Samsung_cost: [16786124542.0, [3207011.0, 12834849, 820923384, 1023521, 102001848, 797857]] [12954899586.0, [2473071.0, 9891951, 633078564, 629871, 85328676, 668271]] [1093097440, [208650, 834580, 53412640, 104980, 6677280, 52170]] [17799785600, [3403412, 13613608, 871270432, 309352, 108910624, 850868]] [1340934756, [256358, 1025414, 65626160, 32966, 8203312, 64094]] [1003661570700.0, [191798295.0, 767192703, 49100323923, 42720639, 6138057555, 47954907]] [31520338962, [6021651, 24086587, 1541541568, 1830779, 192138944, 1505424]]
Model_cost: [13539933805.0, [7469.75, 10506913, 668963704, 891905, 49400505, 768162]] [1870386210.0, [29511.0, 1333359, 85328676, 86895, 77870628, 1216827]] [138144435.0, [31.25, 104020, 6247200, 13140, 6247200, 27210]] [2334920878.0, [9976.5, 1680616, 106002464, 38704, 103509152, 971600038]] [712483356.0, [1416.0, 545990, 34713648, 19654, 7777200, 121196]] [135535735236.0, [4077.0, 95907291, 6138012243, 5340891, 6137123727, 95892675]] [711204874.0, [481.0, 515323, 32839552, 60259, 25506688, 398416]]
Arch_Param: [32, 8192, 4096, 16, 256, 16]
Samsung_cost: [8566415934.0, [1610339.0, 25765441, 412206072, 3236929, 51465400, 403041]] [13167813762.0, [2473071.0, 39567471, 633078564, 4912239, 85328676, 668271]] [1109983980, [208650, 3338290, 53412640, 417330, 6677280, 52170]] [18106095140, [3403412, 54454402, 871270432, 6806914, 108910624, 850868]] [1313828580, [246966, 3951366, 63221808, 493926, 7902768, 61746]] [1020367272204.0, [191798295.0, 3068770335, 49100323923, 383602047, 6138057555, 47954907]] [31627361932, [5944851, 95117548, 1521880768, 11924716, 190238400, 1490576]]
Model_cost: [7391335018.777778, [4068.527777777778, 22447809, 359126200, 913857, 49400505, 136610]] [1886385186.0, [29511.0, 5333103, 85328676, 86895, 77870628, 4866975]] [139290780.0, [30.0, 390450, 6247200, 13170, 6247200, 390410]] [2354741935.0, [9975.25, 6635394, 106002464, 38794, 103509152, 971968092]] [367996864, [711, 1085830, 17356848, 43686, 7767792, 19803]] [136686611604.0, [4077.0, 383626383, 6138012243, 5340891, 6137123727, 383570187]] [629517185.0, [343.75, 1783660, 28517760, 45652, 25506688, 1502608]]
Arch_Param: [32, 8192, 4096, 16, 256, 64]
Samsung_cost: [8566415934.0, [1610339.0, 25765441, 412206072, 3236929, 51465400, 403041]] [13167813762.0, [2473071.0, 39567471, 633078564, 4912239, 85328676, 668271]] [1109983980, [208650, 3338290, 53412640, 417330, 6677280, 52170]] [18106095140, [3403412, 54454402, 871270432, 6806914, 108910624, 850868]] [1313828580, [246966, 3951366, 63221808, 493926, 7902768, 61746]] [1020367272204.0, [191798295.0, 3068770335, 49100323923, 383602047, 6138057555, 47954907]] [31627361932, [5944851, 95117548, 1521880768, 11924716, 190238400, 1490576]]
Model_cost: [7391335018.777778, [4068.527777777778, 22447809, 359126200, 913857, 49400505, 136610]] [1886385186.0, [29511.0, 5333103, 85328676, 86895, 77870628, 4866975]] [139290780.0, [30.0, 390450, 6247200, 13170, 6247200, 390410]] [2354741935.0, [9975.25, 6635394, 106002464, 38794, 103509152, 971968092]] [367287232.0, [711.0, 1085830, 17356848, 11430, 7767792, 475483]] [136686611604.0, [4077.0, 383626383, 6138012243, 5340891, 6137123727, 383570187]] [629472129.0, [343.75, 1783660, 28517760, 43604, 25506688, 1579792]]
Arch_Param: [32, 8192, 4096, 16, 256, 128]
Samsung_cost: [8506632254.0, [1610339.0, 25765441, 412206072, 519489, 51465400, 403041]] [13073601666.0, [2473071.0, 39567471, 633078564, 629871, 85328676, 668271]] [1103112940, [208650, 3338290, 53412640, 105010, 6677280, 52170]] [17963150756, [3403412, 54454402, 871270432, 309442, 108910624, 850868]] [1303617764, [246966, 3951366, 63221808, 29798, 7902768, 61746]] [1012867881228.0, [191798295.0, 3068770335, 49100323923, 42720639, 6138057555, 47954907]] [31402866188, [5944851, 95117548, 1521880768, 1720364, 190238400, 1490576]]
Model_cost: [7381678966.777778, [3993.527777777778, 22447809, 359126200, 475041, 49400505, 3066018]] [1886385186.0, [29511.0, 5333103, 85328676, 86895, 77870628, 4866975]] [139290780.0, [30.0, 390450, 6247200, 13170, 6247200, 390410]] [2354741935.0, [9975.25, 6635394, 106002464, 38794, 103509152, 971968092]] [367264704.0, [711.0, 1085830, 17356848, 10406, 7767792, 483419]] [136686611604.0, [4077.0, 383626383, 6138012243, 5340891, 6137123727, 383570187]] [629442540.0, [343.0, 1783660, 28517760, 42260, 25506688, 1593424]]
Arch_Param: [32, 8192, 4096, 16, 256, 256]
Samsung_cost: [8506632254.0, [1610339.0, 25765441, 412206072, 519489, 51465400, 403041]] [13073601666.0, [2473071.0, 39567471, 633078564, 629871, 85328676, 668271]] [1103112940, [208650, 3338290, 53412640, 105010, 6677280, 52170]] [17963150756, [3403412, 54454402, 871270432, 309442, 108910624, 850868]] [1303617764, [246966, 3951366, 63221808, 29798, 7902768, 61746]] [1012867881228.0, [191798295.0, 3068770335, 49100323923, 42720639, 6138057555, 47954907]] [31402866188, [5944851, 95117548, 1521880768, 1720364, 190238400, 1490576]]
Model_cost: [7381678966.777778, [3993.527777777778, 22447809, 359126200, 475041, 49400505, 3066018]] [1886385186.0, [29511.0, 5333103, 85328676, 86895, 77870628, 4866975]] [139290780.0, [30.0, 390450, 6247200, 13170, 6247200, 390410]] [2354741935.0, [9975.25, 6635394, 106002464, 38794, 103509152, 971968092]] [367264704.0, [711.0, 1085830, 17356848, 10406, 7767792, 483419]] [136686611604.0, [4077.0, 383626383, 6138012243, 5340891, 6137123727, 383570187]] [629442540.0, [343.0, 1783660, 28517760, 42260, 25506688, 1593424]]
Arch_Param: [32, 8192, 4096, 16, 512, 16]
Samsung_cost: [8514885452.0, [1610339.0, 12882980, 412206072, 3236900, 51465400, 403041]] [13088679042.0, [2473071.0, 19783791, 633078564, 4912239, 85328676, 668271]] [1103306980, [208650, 1669150, 53412640, 417310, 6677280, 52170]] [17997185036, [3403412, 27227206, 871270432, 6806854, 108910624, 850868]] [1305925860, [246966, 1975686, 63221808, 493926, 7902768, 61746]] [1014229731852.0, [191798295.0, 1534385247, 49100323923, 383602047, 6138057555, 47954907]] [31437124240, [5944851, 47558774, 1521880768, 11924598, 190238400, 1490576]]
Model_cost: [7346439800.777778, [4068.527777777778, 11224164, 359126200, 913828, 49400505, 128418]] [1875719202.0, [29511.0, 2666607, 85328676, 86895, 77870628, 2433543]] [138509460.0, [30.0, 195230, 6247200, 13150, 6247200, 195210]] [2341510807.0, [9975.25, 3327942, 106002464, 38734, 103509152, 971769656]] [365829312, [711, 543942, 17356848, 43686, 7767792, 19803]] [135919360692.0, [4077.0, 191813655, 6138012243, 5340891, 6137123727, 191785179]] [625947269.0, [343.75, 891830, 28517760, 45534, 25506688, 754576]]
Arch_Param: [32, 8192, 4096, 16, 512, 64]
Samsung_cost: [8514885452.0, [1610339.0, 12882980, 412206072, 3236900, 51465400, 403041]] [13088679042.0, [2473071.0, 19783791, 633078564, 4912239, 85328676, 668271]] [1103306980, [208650, 1669150, 53412640, 417310, 6677280, 52170]] [17997185036, [3403412, 27227206, 871270432, 6806854, 108910624, 850868]] [1305925860, [246966, 1975686, 63221808, 493926, 7902768, 61746]] [1014229731852.0, [191798295.0, 1534385247, 49100323923, 383602047, 6138057555, 47954907]] [31437124240, [5944851, 47558774, 1521880768, 11924598, 190238400, 1490576]]
Model_cost: [7346439800.777778, [4068.527777777778, 11224164, 359126200, 913828, 49400505, 128418]] [1875719202.0, [29511.0, 2666607, 85328676, 86895, 77870628, 2433543]] [138509460.0, [30.0, 195230, 6247200, 13150, 6247200, 195210]] [2341510807.0, [9975.25, 3327942, 106002464, 38734, 103509152, 971769656]] [365119680.0, [711.0, 543942, 17356848, 11430, 7767792, 237915]] [135919360692.0, [4077.0, 191813655, 6138012243, 5340891, 6137123727, 191785179]] [625902213.0, [343.75, 891830, 28517760, 43486, 25506688, 790800]]
Arch_Param: [32, 8192, 4096, 16, 512, 128]
Samsung_cost: [8455101772.0, [1610339.0, 12882980, 412206072, 519460, 51465400, 403041]] [12994466946.0, [2473071.0, 19783791, 633078564, 629871, 85328676, 668271]] [1096435940, [208650, 1669150, 53412640, 104990, 6677280, 52170]] [17854240652, [3403412, 27227206, 871270432, 309382, 108910624, 850868]] [1295715044, [246966, 1975686, 63221808, 29798, 7902768, 61746]] [1006730340876.0, [191798295.0, 1534385247, 49100323923, 42720639, 6138057555, 47954907]] [31212628496, [5944851, 47558774, 1521880768, 1720246, 190238400, 1490576]]
Model_cost: [7336783748.777778, [3993.527777777778, 11224164, 359126200, 475012, 49400505, 1534114]] [1875719202.0, [29511.0, 2666607, 85328676, 86895, 77870628, 2433543]] [138509460.0, [30.0, 195230, 6247200, 13150, 6247200, 195210]] [2341510807.0, [9975.25, 3327942, 106002464, 38734, 103509152, 971769656]] [365097152.0, [711.0, 543942, 17356848, 10406, 7767792, 241755]] [135919360692.0, [4077.0, 191813655, 6138012243, 5340891, 6137123727, 191785179]] [625872624.0, [343.0, 891830, 28517760, 42142, 25506688, 796752]]
Arch_Param: [32, 8192, 4096, 16, 512, 256]
Samsung_cost: [8455101772.0, [1610339.0, 12882980, 412206072, 519460, 51465400, 403041]] [12994466946.0, [2473071.0, 19783791, 633078564, 629871, 85328676, 668271]] [1096435940, [208650, 1669150, 53412640, 104990, 6677280, 52170]] [17854240652, [3403412, 27227206, 871270432, 309382, 108910624, 850868]] [1295715044, [246966, 1975686, 63221808, 29798, 7902768, 61746]] [1006730340876.0, [191798295.0, 1534385247, 49100323923, 42720639, 6138057555, 47954907]] [31212628496, [5944851, 47558774, 1521880768, 1720246, 190238400, 1490576]]
Model_cost: [7336783748.777778, [3993.527777777778, 11224164, 359126200, 475012, 49400505, 1534114]] [1875719202.0, [29511.0, 2666607, 85328676, 86895, 77870628, 2433543]] [138509460.0, [30.0, 195230, 6247200, 13150, 6247200, 195210]] [2341510807.0, [9975.25, 3327942, 106002464, 38734, 103509152, 971769656]] [365097152.0, [711.0, 543942, 17356848, 10406, 7767792, 241755]] [135919360692.0, [4077.0, 191813655, 6138012243, 5340891, 6137123727, 191785179]] [625872624.0, [343.0, 891830, 28517760, 42142, 25506688, 796752]]
Arch_Param: [32, 8192, 4096, 16, 512, 512]
Samsung_cost: [8455101772.0, [1610339.0, 12882980, 412206072, 519460, 51465400, 403041]] [12994466946.0, [2473071.0, 19783791, 633078564, 629871, 85328676, 668271]] [1096435940, [208650, 1669150, 53412640, 104990, 6677280, 52170]] [17854240652, [3403412, 27227206, 871270432, 309382, 108910624, 850868]] [1295715044, [246966, 1975686, 63221808, 29798, 7902768, 61746]] [1006730340876.0, [191798295.0, 1534385247, 49100323923, 42720639, 6138057555, 47954907]] [31212628496, [5944851, 47558774, 1521880768, 1720246, 190238400, 1490576]]
Model_cost: [7336678001.777778, [3988.277777777778, 11224164, 359126200, 470212, 49400505, 1540706]] [1875719202.0, [29511.0, 2666607, 85328676, 86895, 77870628, 2433543]] [138509460.0, [30.0, 195230, 6247200, 13150, 6247200, 195210]] [2341510807.0, [9975.25, 3327942, 106002464, 38734, 103509152, 971769656]] [365084480.0, [711.0, 543942, 17356848, 9830, 7767792, 242028]] [135919360692.0, [4077.0, 191813655, 6138012243, 5340891, 6137123727, 191785179]] [625872624.0, [343.0, 891830, 28517760, 42142, 25506688, 796752]]
Arch_Param: [32, 8192, 4096, 16, 1024, 16]
Samsung_cost: [8489133822.0, [1610339.0, 6445089, 412206072, 3236897, 51465400, 403041]] [13049111682.0, [2473071.0, 9891951, 633078564, 4912239, 85328676, 668271]] [1099968480, [208650, 834580, 53412640, 417300, 6677280, 52170]] [17942729984, [3403412, 13613608, 871270432, 6806824, 108910624, 850868]] [1301974500, [246966, 987846, 63221808, 493926, 7902768, 61746]] [1011160961676.0, [191798295.0, 767192703, 49100323923, 383602047, 6138057555, 47954907]] [31342005394, [5944851, 23779387, 1521880768, 11924539, 190238400, 1490576]]
Model_cost: [7324098602.777778, [4068.527777777778, 5638881, 359126200, 913825, 49400505, 124322]] [1870386210.0, [29511.0, 1333359, 85328676, 86895, 77870628, 1216827]] [138144435.0, [31.25, 104020, 6247200, 13140, 6247200, 27210]] [2334920878.0, [9976.5, 1680616, 106002464, 38704, 103509152, 971600038]] [364745536, [711, 272998, 17356848, 43686, 7767792, 19803]] [135535735236.0, [4077.0, 95907291, 6138012243, 5340891, 6137123727, 95892675]] [624170887.0, [343.75, 448059, 28517760, 45475, 25506688, 380560]]
Arch_Param: [32, 8192, 4096, 16, 1024, 64]
Samsung_cost: [8489133822.0, [1610339.0, 6445089, 412206072, 3236897, 51465400, 403041]] [13049111682.0, [2473071.0, 9891951, 633078564, 4912239, 85328676, 668271]] [1099968480, [208650, 834580, 53412640, 417300, 6677280, 52170]] [17942729984, [3403412, 13613608, 871270432, 6806824, 108910624, 850868]] [1301974500, [246966, 987846, 63221808, 493926, 7902768, 61746]] [1011160961676.0, [191798295.0, 767192703, 49100323923, 383602047, 6138057555, 47954907]] [31342005394, [5944851, 23779387, 1521880768, 11924539, 190238400, 1490576]]
Model_cost: [7324098602.777778, [4068.527777777778, 5638881, 359126200, 913825, 49400505, 124322]] [1870386210.0, [29511.0, 1333359, 85328676, 86895, 77870628, 1216827]] [138144435.0, [31.25, 104020, 6247200, 13140, 6247200, 27210]] [2334920878.0, [9976.5, 1680616, 106002464, 38704, 103509152, 971600038]] [364035904.0, [711.0, 272998, 17356848, 11430, 7767792, 119131]] [135535735236.0, [4077.0, 95907291, 6138012243, 5340891, 6137123727, 95892675]] [624125831.0, [343.75, 448059, 28517760, 43427, 25506688, 396304]]
Arch_Param: [32, 8192, 4096, 16, 1024, 128]
Samsung_cost: [8429350142.0, [1610339.0, 6445089, 412206072, 519457, 51465400, 403041]] [12954899586.0, [2473071.0, 9891951, 633078564, 629871, 85328676, 668271]] [1093097440, [208650, 834580, 53412640, 104980, 6677280, 52170]] [17799785600, [3403412, 13613608, 871270432, 309352, 108910624, 850868]] [1291763684, [246966, 987846, 63221808, 29798, 7902768, 61746]] [1003661570700.0, [191798295.0, 767192703, 49100323923, 42720639, 6138057555, 47954907]] [31117509650, [5944851, 23779387, 1521880768, 1720187, 190238400, 1490576]]
Model_cost: [7314442550.777778, [3993.527777777778, 5638881, 359126200, 475009, 49400505, 768162]] [1870386210.0, [29511.0, 1333359, 85328676, 86895, 77870628, 1216827]] [138144435.0, [31.25, 104020, 6247200, 13140, 6247200, 27210]] [2334920878.0, [9976.5, 1680616, 106002464, 38704, 103509152, 971600038]] [364013376.0, [711.0, 272998, 17356848, 10406, 7767792, 120923]] [135535735236.0, [4077.0, 95907291, 6138012243, 5340891, 6137123727, 95892675]] [624090866.0, [343.0, 446715, 28517760, 42083, 25506688, 398416]]
Arch_Param: [32, 8192, 4096, 16, 1024, 256]
Samsung_cost: [8429350142.0, [1610339.0, 6445089, 412206072, 519457, 51465400, 403041]] [12954899586.0, [2473071.0, 9891951, 633078564, 629871, 85328676, 668271]] [1093097440, [208650, 834580, 53412640, 104980, 6677280, 52170]] [17799785600, [3403412, 13613608, 871270432, 309352, 108910624, 850868]] [1291763684, [246966, 987846, 63221808, 29798, 7902768, 61746]] [1003661570700.0, [191798295.0, 767192703, 49100323923, 42720639, 6138057555, 47954907]] [31117509650, [5944851, 23779387, 1521880768, 1720187, 190238400, 1490576]]
Model_cost: [7314442550.777778, [3993.527777777778, 5638881, 359126200, 475009, 49400505, 768162]] [1870386210.0, [29511.0, 1333359, 85328676, 86895, 77870628, 1216827]] [138144435.0, [31.25, 104020, 6247200, 13140, 6247200, 27210]] [2334920878.0, [9976.5, 1680616, 106002464, 38704, 103509152, 971600038]] [364013376.0, [711.0, 272998, 17356848, 10406, 7767792, 120923]] [135535735236.0, [4077.0, 95907291, 6138012243, 5340891, 6137123727, 95892675]] [624090866.0, [343.0, 446715, 28517760, 42083, 25506688, 398416]]
Arch_Param: [32, 8192, 4096, 16, 1024, 512]
Samsung_cost: [8429350142.0, [1610339.0, 6445089, 412206072, 519457, 51465400, 403041]] [12954899586.0, [2473071.0, 9891951, 633078564, 629871, 85328676, 668271]] [1093097440, [208650, 834580, 53412640, 104980, 6677280, 52170]] [17799785600, [3403412, 13613608, 871270432, 309352, 108910624, 850868]] [1291763684, [246966, 987846, 63221808, 29798, 7902768, 61746]] [1003661570700.0, [191798295.0, 767192703, 49100323923, 42720639, 6138057555, 47954907]] [31117509650, [5944851, 23779387, 1521880768, 1720187, 190238400, 1490576]]
Model_cost: [7314317603.777778, [3988.277777777778, 5634081, 359126200, 470209, 49400505, 770594]] [1870386210.0, [29511.0, 1333359, 85328676, 86895, 77870628, 1216827]] [138144435.0, [31.25, 104020, 6247200, 13140, 6247200, 27210]] [2334920878.0, [9976.5, 1680616, 106002464, 38704, 103509152, 971600038]] [364000704.0, [711.0, 272998, 17356848, 9830, 7767792, 121049]] [135535735236.0, [4077.0, 95907291, 6138012243, 5340891, 6137123727, 95892675]] [624090866.0, [343.0, 446715, 28517760, 42083, 25506688, 398416]]
Arch_Param: [32, 8192, 4096, 32, 256, 16]
Samsung_cost: [8349696062.0, [1569507.0, 25112129, 401768440, 3146817, 50351288, 394337]] [13167813762.0, [2473071.0, 39567471, 633078564, 4912239, 85328676, 668271]] [1109983980, [208650, 3338290, 53412640, 417330, 6677280, 52170]] [18106095140, [3403412, 54454402, 871270432, 6806914, 108910624, 850868]] [1299741220, [244318, 3908998, 62543920, 488630, 7818032, 61084]] [1020367272204.0, [191798295.0, 3068770335, 49100323923, 383602047, 6138057555, 47954907]] [31583780492, [5936659, 94986476, 1519783616, 11908332, 189976256, 1488528]]
Model_cost: [4246594553.4444447, [2254.1944444444443, 12767937, 204263608, 517569, 49400505, 136610]] [1886385186.0, [29511.0, 5333103, 85328676, 86895, 77870628, 4866975]] [139290780.0, [30.0, 390450, 6247200, 13170, 6247200, 390410]] [2354741935.0, [9975.25, 6635394, 106002464, 38794, 103509152, 971968092]] [191412064.0, [359.0, 542918, 8678448, 5718, 7767792, 475483]] [136686611604.0, [4077.0, 383626383, 6138012243, 5340891, 6137123727, 383570187]] [585497012.0, [277.0, 1647980, 26356864, 33940, 25506688, 1579792]]
Arch_Param: [32, 8192, 4096, 32, 256, 64]
Samsung_cost: [8349696062.0, [1569507.0, 25112129, 401768440, 3146817, 50351288, 394337]] [13167813762.0, [2473071.0, 39567471, 633078564, 4912239, 85328676, 668271]] [1109983980, [208650, 3338290, 53412640, 417330, 6677280, 52170]] [18106095140, [3403412, 54454402, 871270432, 6806914, 108910624, 850868]] [1299741220, [244318, 3908998, 62543920, 488630, 7818032, 61084]] [1020367272204.0, [191798295.0, 3068770335, 49100323923, 383602047, 6138057555, 47954907]] [31583780492, [5936659, 94986476, 1519783616, 11908332, 189976256, 1488528]]
Model_cost: [4241078009.4444447, [2254.1944444444443, 12767937, 204263608, 266817, 49400505, 3066018]] [1886385186.0, [29511.0, 5333103, 85328676, 86895, 77870628, 4866975]] [139290780.0, [30.0, 390450, 6247200, 13170, 6247200, 390410]] [2354741935.0, [9975.25, 6635394, 106002464, 38794, 103509152, 971968092]] [191400800.0, [359.0, 542918, 8678448, 5206, 7767792, 483419]] [136686611604.0, [4077.0, 383626383, 6138012243, 5340891, 6137123727, 383570187]] [585480032.0, [274.0, 1647980, 26356864, 33172, 25506688, 1593424]]
Arch_Param: [32, 8192, 4096, 32, 256, 128]
Samsung_cost: [8291083838.0, [1569507.0, 25112129, 401768440, 482625, 50351288, 394337]] [13073601666.0, [2473071.0, 39567471, 633078564, 629871, 85328676, 668271]] [1103112940, [208650, 3338290, 53412640, 105010, 6677280, 52170]] [17963150756, [3403412, 54454402, 871270432, 309442, 108910624, 850868]] [1289623332, [244318, 3908998, 62543920, 28726, 7818032, 61084]] [1012867881228.0, [191798295.0, 3068770335, 49100323923, 42720639, 6138057555, 47954907]] [31359464972, [5936659, 94986476, 1519783616, 1712172, 189976256, 1488528]]
Model_cost: [4241078009.4444447, [2254.1944444444443, 12767937, 204263608, 266817, 49400505, 3066018]] [1886385186.0, [29511.0, 5333103, 85328676, 86895, 77870628, 4866975]] [139290780.0, [30.0, 390450, 6247200, 13170, 6247200, 390410]] [2354741935.0, [9975.25, 6635394, 106002464, 38794, 103509152, 971968092]] [191400800.0, [359.0, 542918, 8678448, 5206, 7767792, 483419]] [136686611604.0, [4077.0, 383626383, 6138012243, 5340891, 6137123727, 383570187]] [585480032.0, [274.0, 1647980, 26356864, 33172, 25506688, 1593424]]
Arch_Param: [32, 8192, 4096, 32, 256, 256]
Samsung_cost: [8291083838.0, [1569507.0, 25112129, 401768440, 482625, 50351288, 394337]] [13073601666.0, [2473071.0, 39567471, 633078564, 629871, 85328676, 668271]] [1103112940, [208650, 3338290, 53412640, 105010, 6677280, 52170]] [17963150756, [3403412, 54454402, 871270432, 309442, 108910624, 850868]] [1289623332, [244318, 3908998, 62543920, 28726, 7818032, 61084]] [1012867881228.0, [191798295.0, 3068770335, 49100323923, 42720639, 6138057555, 47954907]] [31359464972, [5936659, 94986476, 1519783616, 1712172, 189976256, 1488528]]
Model_cost: [4241023034.4444447, [2251.9444444444443, 12767937, 204263608, 264321, 49400505, 3080930]] [1886385186.0, [29511.0, 5333103, 85328676, 86895, 77870628, 4866975]] [139290780.0, [30.0, 390450, 6247200, 13170, 6247200, 390410]] [2354741935.0, [9975.25, 6635394, 106002464, 38794, 103509152, 971968092]] [191394464.0, [359.0, 542918, 8678448, 4918, 7767792, 483986]] [136686611604.0, [4077.0, 383626383, 6138012243, 5340891, 6137123727, 383570187]] [585480032.0, [274.0, 1647980, 26356864, 33172, 25506688, 1593424]]
Arch_Param: [32, 8192, 4096, 32, 512, 16]
Samsung_cost: [8299472204.0, [1569507.0, 12556324, 401768440, 3146788, 50351288, 394337]] [13088679042.0, [2473071.0, 19783791, 633078564, 4912239, 85328676, 668271]] [1103306980, [208650, 1669150, 53412640, 417310, 6677280, 52170]] [17997185036, [3403412, 27227206, 871270432, 6806854, 108910624, 850868]] [1291923236, [244318, 1954502, 62543920, 488630, 7818032, 61084]] [1014229731852.0, [191798295.0, 1534385247, 49100323923, 383602047, 6138057555, 47954907]] [31393804944, [5936659, 47493238, 1519783616, 11908214, 189976256, 1488528]]
Model_cost: [4221059079.4444447, [2254.1944444444443, 6384228, 204263608, 517540, 49400505, 128418]] [1875719202.0, [29511.0, 2666607, 85328676, 86895, 77870628, 2433543]] [138509460.0, [30.0, 195230, 6247200, 13150, 6247200, 195210]] [2341510807.0, [9975.25, 3327942, 106002464, 38734, 103509152, 971769656]] [190328288.0, [359.0, 271974, 8678448, 5718, 7767792, 237915]] [135919360692.0, [4077.0, 191813655, 6138012243, 5340891, 6137123727, 191785179]] [582198456.0, [277.0, 823990, 26356864, 33822, 25506688, 790800]]
Arch_Param: [32, 8192, 4096, 32, 512, 64]
Samsung_cost: [8299472204.0, [1569507.0, 12556324, 401768440, 3146788, 50351288, 394337]] [13088679042.0, [2473071.0, 19783791, 633078564, 4912239, 85328676, 668271]] [1103306980, [208650, 1669150, 53412640, 417310, 6677280, 52170]] [17997185036, [3403412, 27227206, 871270432, 6806854, 108910624, 850868]] [1291923236, [244318, 1954502, 62543920, 488630, 7818032, 61084]] [1014229731852.0, [191798295.0, 1534385247, 49100323923, 383602047, 6138057555, 47954907]] [31393804944, [5936659, 47493238, 1519783616, 11908214, 189976256, 1488528]]
Model_cost: [4215542535.4444447, [2254.1944444444443, 6384228, 204263608, 266788, 49400505, 1534114]] [1875719202.0, [29511.0, 2666607, 85328676, 86895, 77870628, 2433543]] [138509460.0, [30.0, 195230, 6247200, 13150, 6247200, 195210]] [2341510807.0, [9975.25, 3327942, 106002464, 38734, 103509152, 971769656]] [190317024.0, [359.0, 271974, 8678448, 5206, 7767792, 241755]] [135919360692.0, [4077.0, 191813655, 6138012243, 5340891, 6137123727, 191785179]] [582181476.0, [274.0, 823990, 26356864, 33054, 25506688, 796752]]
Arch_Param: [32, 8192, 4096, 32, 512, 128]
Samsung_cost: [8240859980.0, [1569507.0, 12556324, 401768440, 482596, 50351288, 394337]] [12994466946.0, [2473071.0, 19783791, 633078564, 629871, 85328676, 668271]] [1096435940, [208650, 1669150, 53412640, 104990, 6677280, 52170]] [17854240652, [3403412, 27227206, 871270432, 309382, 108910624, 850868]] [1281805348, [244318, 1954502, 62543920, 28726, 7818032, 61084]] [1006730340876.0, [191798295.0, 1534385247, 49100323923, 42720639, 6138057555, 47954907]] [31169489424, [5936659, 47493238, 1519783616, 1712054, 189976256, 1488528]]
Model_cost: [4215542535.4444447, [2254.1944444444443, 6384228, 204263608, 266788, 49400505, 1534114]] [1875719202.0, [29511.0, 2666607, 85328676, 86895, 77870628, 2433543]] [138509460.0, [30.0, 195230, 6247200, 13150, 6247200, 195210]] [2341510807.0, [9975.25, 3327942, 106002464, 38734, 103509152, 971769656]] [190317024.0, [359.0, 271974, 8678448, 5206, 7767792, 241755]] [135919360692.0, [4077.0, 191813655, 6138012243, 5340891, 6137123727, 191785179]] [582181476.0, [274.0, 823990, 26356864, 33054, 25506688, 796752]]
Arch_Param: [32, 8192, 4096, 32, 512, 256]
Samsung_cost: [8240859980.0, [1569507.0, 12556324, 401768440, 482596, 50351288, 394337]] [12994466946.0, [2473071.0, 19783791, 633078564, 629871, 85328676, 668271]] [1096435940, [208650, 1669150, 53412640, 104990, 6677280, 52170]] [17854240652, [3403412, 27227206, 871270432, 309382, 108910624, 850868]] [1281805348, [244318, 1954502, 62543920, 28726, 7818032, 61084]] [1006730340876.0, [191798295.0, 1534385247, 49100323923, 42720639, 6138057555, 47954907]] [31169489424, [5936659, 47493238, 1519783616, 1712054, 189976256, 1488528]]
Model_cost: [4215487560.4444447, [2251.9444444444443, 6384228, 204263608, 264292, 49400505, 1540706]] [1875719202.0, [29511.0, 2666607, 85328676, 86895, 77870628, 2433543]] [138509460.0, [30.0, 195230, 6247200, 13150, 6247200, 195210]] [2341510807.0, [9975.25, 3327942, 106002464, 38734, 103509152, 971769656]] [190310688.0, [359.0, 271974, 8678448, 4918, 7767792, 242028]] [135919360692.0, [4077.0, 191813655, 6138012243, 5340891, 6137123727, 191785179]] [582181476.0, [274.0, 823990, 26356864, 33054, 25506688, 796752]]
Arch_Param: [32, 8192, 4096, 32, 512, 512]
Samsung_cost: [8240859980.0, [1569507.0, 12556324, 401768440, 482596, 50351288, 394337]] [12994466946.0, [2473071.0, 19783791, 633078564, 629871, 85328676, 668271]] [1096435940, [208650, 1669150, 53412640, 104990, 6677280, 52170]] [17854240652, [3403412, 27227206, 871270432, 309382, 108910624, 850868]] [1281805348, [244318, 1954502, 62543920, 28726, 7818032, 61084]] [1006730340876.0, [191798295.0, 1534385247, 49100323923, 42720639, 6138057555, 47954907]] [31169489424, [5936659, 47493238, 1519783616, 1712054, 189976256, 1488528]]
Model_cost: [4215487560.4444447, [2251.9444444444443, 6384228, 204263608, 264292, 49400505, 1540706]] [1875719202.0, [29511.0, 2666607, 85328676, 86895, 77870628, 2433543]] [138509460.0, [30.0, 195230, 6247200, 13150, 6247200, 195210]] [2341510807.0, [9975.25, 3327942, 106002464, 38734, 103509152, 971769656]] [190310688.0, [359.0, 271974, 8678448, 4918, 7767792, 242028]] [135919360692.0, [4077.0, 191813655, 6138012243, 5340891, 6137123727, 191785179]] [582181476.0, [274.0, 823990, 26356864, 33054, 25506688, 796752]]
Arch_Param: [32, 8192, 4096, 32, 1024, 16]
Samsung_cost: [8274367742.0, [1569507.0, 6280225, 401768440, 3146785, 50351288, 394337]] [13049111682.0, [2473071.0, 9891951, 633078564, 4912239, 85328676, 668271]] [1099968480, [208650, 834580, 53412640, 417300, 6677280, 52170]] [17942729984, [3403412, 13613608, 871270432, 6806824, 108910624, 850868]] [1288014244, [244318, 977254, 62543920, 488630, 7818032, 61084]] [1011160961676.0, [191798295.0, 767192703, 49100323923, 383602047, 6138057555, 47954907]] [31298817170, [5936659, 23746619, 1519783616, 11908155, 189976256, 1488528]]
Model_cost: [4208345529.4444447, [2254.1944444444443, 3205857, 204263608, 517537, 49400505, 124322]] [1870386210.0, [29511.0, 1333359, 85328676, 86895, 77870628, 1216827]] [138144435.0, [31.25, 104020, 6247200, 13140, 6247200, 27210]] [2334920878.0, [9976.5, 1680616, 106002464, 38704, 103509152, 971600038]] [189786400.0, [359.0, 136502, 8678448, 5718, 7767792, 119131]] [135535735236.0, [4077.0, 95907291, 6138012243, 5340891, 6137123727, 95892675]] [580553914.0, [277.0, 413179, 26356864, 33763, 25506688, 396304]]
Arch_Param: [32, 8192, 4096, 32, 1024, 64]
Samsung_cost: [8274367742.0, [1569507.0, 6280225, 401768440, 3146785, 50351288, 394337]] [13049111682.0, [2473071.0, 9891951, 633078564, 4912239, 85328676, 668271]] [1099968480, [208650, 834580, 53412640, 417300, 6677280, 52170]] [17942729984, [3403412, 13613608, 871270432, 6806824, 108910624, 850868]] [1288014244, [244318, 977254, 62543920, 488630, 7818032, 61084]] [1011160961676.0, [191798295.0, 767192703, 49100323923, 383602047, 6138057555, 47954907]] [31298817170, [5936659, 23746619, 1519783616, 11908155, 189976256, 1488528]]
Model_cost: [4202828985.4444447, [2254.1944444444443, 3205857, 204263608, 266785, 49400505, 768162]] [1870386210.0, [29511.0, 1333359, 85328676, 86895, 77870628, 1216827]] [138144435.0, [31.25, 104020, 6247200, 13140, 6247200, 27210]] [2334920878.0, [9976.5, 1680616, 106002464, 38704, 103509152, 971600038]] [189775136.0, [359.0, 136502, 8678448, 5206, 7767792, 120923]] [135535735236.0, [4077.0, 95907291, 6138012243, 5340891, 6137123727, 95892675]] [580533862.0, [274.0, 412411, 26356864, 32995, 25506688, 398416]]
Arch_Param: [32, 8192, 4096, 32, 1024, 128]
Samsung_cost: [8215755518.0, [1569507.0, 6280225, 401768440, 482593, 50351288, 394337]] [12954899586.0, [2473071.0, 9891951, 633078564, 629871, 85328676, 668271]] [1093097440, [208650, 834580, 53412640, 104980, 6677280, 52170]] [17799785600, [3403412, 13613608, 871270432, 309352, 108910624, 850868]] [1277896356, [244318, 977254, 62543920, 28726, 7818032, 61084]] [1003661570700.0, [191798295.0, 767192703, 49100323923, 42720639, 6138057555, 47954907]] [31074501650, [5936659, 23746619, 1519783616, 1711995, 189976256, 1488528]]
Model_cost: [4202828985.4444447, [2254.1944444444443, 3205857, 204263608, 266785, 49400505, 768162]] [1870386210.0, [29511.0, 1333359, 85328676, 86895, 77870628, 1216827]] [138144435.0, [31.25, 104020, 6247200, 13140, 6247200, 27210]] [2334920878.0, [9976.5, 1680616, 106002464, 38704, 103509152, 971600038]] [189775136.0, [359.0, 136502, 8678448, 5206, 7767792, 120923]] [135535735236.0, [4077.0, 95907291, 6138012243, 5340891, 6137123727, 95892675]] [580533862.0, [274.0, 412411, 26356864, 32995, 25506688, 398416]]
Arch_Param: [32, 8192, 4096, 32, 1024, 256]
Samsung_cost: [8215755518.0, [1569507.0, 6280225, 401768440, 482593, 50351288, 394337]] [12954899586.0, [2473071.0, 9891951, 633078564, 629871, 85328676, 668271]] [1093097440, [208650, 834580, 53412640, 104980, 6677280, 52170]] [17799785600, [3403412, 13613608, 871270432, 309352, 108910624, 850868]] [1277896356, [244318, 977254, 62543920, 28726, 7818032, 61084]] [1003661570700.0, [191798295.0, 767192703, 49100323923, 42720639, 6138057555, 47954907]] [31074501650, [5936659, 23746619, 1519783616, 1711995, 189976256, 1488528]]
Model_cost: [4202764026.4444447, [2251.9444444444443, 3203361, 204263608, 264289, 49400505, 770594]] [1870386210.0, [29511.0, 1333359, 85328676, 86895, 77870628, 1216827]] [138144435.0, [31.25, 104020, 6247200, 13140, 6247200, 27210]] [2334920878.0, [9976.5, 1680616, 106002464, 38704, 103509152, 971600038]] [189768800.0, [359.0, 136502, 8678448, 4918, 7767792, 121049]] [135535735236.0, [4077.0, 95907291, 6138012243, 5340891, 6137123727, 95892675]] [580533862.0, [274.0, 412411, 26356864, 32995, 25506688, 398416]]
Arch_Param: [32, 8192, 4096, 32, 1024, 512]
Samsung_cost: [8215755518.0, [1569507.0, 6280225, 401768440, 482593, 50351288, 394337]] [12954899586.0, [2473071.0, 9891951, 633078564, 629871, 85328676, 668271]] [1093097440, [208650, 834580, 53412640, 104980, 6677280, 52170]] [17799785600, [3403412, 13613608, 871270432, 309352, 108910624, 850868]] [1277896356, [244318, 977254, 62543920, 28726, 7818032, 61084]] [1003661570700.0, [191798295.0, 767192703, 49100323923, 42720639, 6138057555, 47954907]] [31074501650, [5936659, 23746619, 1519783616, 1711995, 189976256, 1488528]]
Model_cost: [4202764026.4444447, [2251.9444444444443, 3203361, 204263608, 264289, 49400505, 770594]] [1870386210.0, [29511.0, 1333359, 85328676, 86895, 77870628, 1216827]] [138144435.0, [31.25, 104020, 6247200, 13140, 6247200, 27210]] [2334920878.0, [9976.5, 1680616, 106002464, 38704, 103509152, 971600038]] [189768800.0, [359.0, 136502, 8678448, 4918, 7767792, 121049]] [135535735236.0, [4077.0, 95907291, 6138012243, 5340891, 6137123727, 95892675]] [580533862.0, [274.0, 412411, 26356864, 32995, 25506688, 398416]]
Arch_Param: [32, 8192, 2048, 4, 256, 16]
Samsung_cost: [34224236918.0, [12800677.0, 102405697, 1638358008, 12858433, 203074744, 1587489]] [13237056642.0, [4946031.0, 39567471, 633078564, 4912239, 85328676, 668271]] [1115825900, [417290, 3338290, 53412640, 417330, 6677280, 52170]] [18201390116, [6806804, 54454402, 871270432, 6806914, 108910624, 850868]] [1471428708, [550278, 4402182, 70434864, 550278, 8804400, 68790]] [1025737620012.0, [383596431.0, 3068770335, 49100323923, 383602047, 6138057555, 47954907]] [33024952284, [12350495, 98803948, 1580863168, 12489964, 195940032, 1535120]]
Model_cost: [26272448724.0, [28822.0, 80564801, 1288904952, 3294657, 49400505, 136610]] [3478441218.0, [62415.0, 10223727, 163578660, 385647, 77870628, 185031]] [139291340.0, [50.0, 390450, 6247200, 13170, 6247200, 390410]] [2355020682.0, [19930.5, 6635394, 106002464, 38794, 103509152, 971968092]] [1425455812, [5646, 4343302, 69427248, 174726, 7767792, 19803]] [261477608724.0, [11223.0, 767215743, 12275433555, 28432407, 6137123727, 14212839]] [1019011094.0, [1624.5, 2983404, 47652928, 134548, 25506688, 1055632]]
Arch_Param: [32, 8192, 2048, 4, 256, 64]
Samsung_cost: [34224236918.0, [12800677.0, 102405697, 1638358008, 12858433, 203074744, 1587489]] [13237056642.0, [4946031.0, 39567471, 633078564, 4912239, 85328676, 668271]] [1115825900, [417290, 3338290, 53412640, 417330, 6677280, 52170]] [18201390116, [6806804, 54454402, 871270432, 6806914, 108910624, 850868]] [1471428708, [550278, 4402182, 70434864, 550278, 8804400, 68790]] [1025737620012.0, [383596431.0, 3068770335, 49100323923, 383602047, 6138057555, 47954907]] [33024952284, [12350495, 98803948, 1580863168, 12489964, 195940032, 1535120]]
Model_cost: [26272448724.0, [28822.0, 80564801, 1288904952, 3294657, 49400505, 136610]] [3473575170.0, [62415.0, 10223727, 163578660, 164463, 77870628, 4866975]] [139291340.0, [50.0, 390450, 6247200, 13170, 6247200, 390410]] [2355020682.0, [19930.5, 6635394, 106002464, 38794, 103509152, 971968092]] [1425455812, [5646, 4343302, 69427248, 174726, 7767792, 19803]] [261087074580.0, [11223.0, 767215743, 12275433555, 10680855, 6137123727, 383570187]] [1018594326.0, [1624.5, 2983404, 47652928, 115604, 25506688, 1502608]]
Arch_Param: [32, 8192, 2048, 4, 256, 128]
Samsung_cost: [33986048374.0, [12800677.0, 102405697, 1638358008, 2031681, 203074744, 1587489]] [13142844546.0, [4946031.0, 39567471, 633078564, 629871, 85328676, 668271]] [1108954860, [417290, 3338290, 53412640, 105010, 6677280, 52170]] [18058445732, [6806804, 54454402, 871270432, 309442, 108910624, 850868]] [1460187236, [550278, 4402182, 70434864, 39302, 8804400, 68790]] [1018238229036.0, [383596431.0, 3068770335, 49100323923, 42720639, 6138057555, 47954907]] [32795320156, [12350495, 98803948, 1580863168, 2052140, 195940032, 1535120]]
Model_cost: [26272448724.0, [28822.0, 80564801, 1288904952, 3294657, 49400505, 136610]] [3473575170.0, [62415.0, 10223727, 163578660, 164463, 77870628, 4866975]] [139291340.0, [50.0, 390450, 6247200, 13170, 6247200, 390410]] [2355020682.0, [19930.5, 6635394, 106002464, 38794, 103509152, 971968092]] [1422617284.0, [5646.0, 4343302, 69427248, 45702, 7767792, 475483]] [261087074580.0, [11223.0, 767215743, 12275433555, 10680855, 6137123727, 383570187]] [1018436630.0, [1624.5, 2983404, 47652928, 108436, 25506688, 1579792]]
Arch_Param: [32, 8192, 2048, 4, 256, 256]
Samsung_cost: [33986048374.0, [12800677.0, 102405697, 1638358008, 2031681, 203074744, 1587489]] [13142844546.0, [4946031.0, 39567471, 633078564, 629871, 85328676, 668271]] [1108954860, [417290, 3338290, 53412640, 105010, 6677280, 52170]] [18058445732, [6806804, 54454402, 871270432, 309442, 108910624, 850868]] [1460187236, [550278, 4402182, 70434864, 39302, 8804400, 68790]] [1018238229036.0, [383596431.0, 3068770335, 49100323923, 42720639, 6138057555, 47954907]] [32795320156, [12350495, 98803948, 1580863168, 2052140, 195940032, 1535120]]
Model_cost: [26272448724.0, [28822.0, 80564801, 1288904952, 3294657, 49400505, 136610]] [3473575170.0, [62415.0, 10223727, 163578660, 164463, 77870628, 4866975]] [139291340.0, [50.0, 390450, 6247200, 13170, 6247200, 390410]] [2355020682.0, [19930.5, 6635394, 106002464, 38794, 103509152, 971968092]] [1422617284.0, [5646.0, 4343302, 69427248, 45702, 7767792, 475483]] [261087074580.0, [11223.0, 767215743, 12275433555, 10680855, 6137123727, 383570187]] [1018436630.0, [1624.5, 2983404, 47652928, 108436, 25506688, 1579792]]
Arch_Param: [32, 8192, 2048, 4, 512, 16]
Samsung_cost: [34019425924.0, [12800677.0, 51203108, 1638358008, 12858404, 203074744, 1587489]] [13157921922.0, [4946031.0, 19783791, 633078564, 4912239, 85328676, 668271]] [1109148900, [417290, 1669150, 53412640, 417310, 6677280, 52170]] [18092480012, [6806804, 27227206, 871270432, 6806854, 108910624, 850868]] [1462624356, [550278, 2201094, 70434864, 550278, 8804400, 68790]] [1019600079660.0, [383596431.0, 1534385247, 49100323923, 383602047, 6138057555, 47954907]] [32827341792, [12350495, 49401974, 1580863168, 12489846, 195940032, 1535120]]
Model_cost: [26111319522.0, [28822.0, 40282660, 1288904952, 3294628, 49400505, 128418]] [3457993986.0, [62415.0, 5111919, 163578660, 385647, 77870628, 184743]] [138510020.0, [50.0, 195230, 6247200, 13150, 6247200, 195210]] [2341789554.0, [19930.5, 3327942, 106002464, 38734, 103509152, 971769656]] [1416785604, [5646, 2175750, 69427248, 174726, 7767792, 19803]] [259943180628.0, [11223.0, 383608719, 12275433555, 28432407, 6137123727, 14212815]] [1013041690.0, [1624.5, 1491702, 47652928, 134430, 25506688, 541072]]
Arch_Param: [32, 8192, 2048, 4, 512, 64]
Samsung_cost: [34019425924.0, [12800677.0, 51203108, 1638358008, 12858404, 203074744, 1587489]] [13157921922.0, [4946031.0, 19783791, 633078564, 4912239, 85328676, 668271]] [1109148900, [417290, 1669150, 53412640, 417310, 6677280, 52170]] [18092480012, [6806804, 27227206, 871270432, 6806854, 108910624, 850868]] [1462624356, [550278, 2201094, 70434864, 550278, 8804400, 68790]] [1019600079660.0, [383596431.0, 1534385247, 49100323923, 383602047, 6138057555, 47954907]] [32827341792, [12350495, 49401974, 1580863168, 12489846, 195940032, 1535120]]
Model_cost: [26111319522.0, [28822.0, 40282660, 1288904952, 3294628, 49400505, 128418]] [3453127938.0, [62415.0, 5111919, 163578660, 164463, 77870628, 2433543]] [138510020.0, [50.0, 195230, 6247200, 13150, 6247200, 195210]] [2341789554.0, [19930.5, 3327942, 106002464, 38734, 103509152, 971769656]] [1416785604, [5646, 2175750, 69427248, 174726, 7767792, 19803]] [259552646484.0, [11223.0, 383608719, 12275433555, 10680855, 6137123727, 191785179]] [1012624922.0, [1624.5, 1491702, 47652928, 115486, 25506688, 754576]]
Arch_Param: [32, 8192, 2048, 4, 512, 128]
Samsung_cost: [33781237380.0, [12800677.0, 51203108, 1638358008, 2031652, 203074744, 1587489]] [13063709826.0, [4946031.0, 19783791, 633078564, 629871, 85328676, 668271]] [1102277860, [417290, 1669150, 53412640, 104990, 6677280, 52170]] [17949535628, [6806804, 27227206, 871270432, 309382, 108910624, 850868]] [1451382884, [550278, 2201094, 70434864, 39302, 8804400, 68790]] [1012100688684.0, [383596431.0, 1534385247, 49100323923, 42720639, 6138057555, 47954907]] [32597709664, [12350495, 49401974, 1580863168, 2052022, 195940032, 1535120]]
Model_cost: [26111319522.0, [28822.0, 40282660, 1288904952, 3294628, 49400505, 128418]] [3453127938.0, [62415.0, 5111919, 163578660, 164463, 77870628, 2433543]] [138510020.0, [50.0, 195230, 6247200, 13150, 6247200, 195210]] [2341789554.0, [19930.5, 3327942, 106002464, 38734, 103509152, 971769656]] [1413947076.0, [5646.0, 2175750, 69427248, 45702, 7767792, 237915]] [259552646484.0, [11223.0, 383608719, 12275433555, 10680855, 6137123727, 191785179]] [1012467226.0, [1624.5, 1491702, 47652928, 108318, 25506688, 790800]]
Arch_Param: [32, 8192, 2048, 4, 512, 256]
Samsung_cost: [33781237380.0, [12800677.0, 51203108, 1638358008, 2031652, 203074744, 1587489]] [13063709826.0, [4946031.0, 19783791, 633078564, 629871, 85328676, 668271]] [1102277860, [417290, 1669150, 53412640, 104990, 6677280, 52170]] [17949535628, [6806804, 27227206, 871270432, 309382, 108910624, 850868]] [1451382884, [550278, 2201094, 70434864, 39302, 8804400, 68790]] [1012100688684.0, [383596431.0, 1534385247, 49100323923, 42720639, 6138057555, 47954907]] [32597709664, [12350495, 49401974, 1580863168, 2052022, 195940032, 1535120]]
Model_cost: [26111319522.0, [28822.0, 40282660, 1288904952, 3294628, 49400505, 128418]] [3453127938.0, [62415.0, 5111919, 163578660, 164463, 77870628, 2433543]] [138510020.0, [50.0, 195230, 6247200, 13150, 6247200, 195210]] [2341789554.0, [19930.5, 3327942, 106002464, 38734, 103509152, 971769656]] [1413947076.0, [5646.0, 2175750, 69427248, 45702, 7767792, 237915]] [259552646484.0, [11223.0, 383608719, 12275433555, 10680855, 6137123727, 191785179]] [1012467226.0, [1624.5, 1491702, 47652928, 108318, 25506688, 790800]]
Arch_Param: [32, 8192, 2048, 4, 512, 512]
Samsung_cost: [33781237380.0, [12800677.0, 51203108, 1638358008, 2031652, 203074744, 1587489]] [13063709826.0, [4946031.0, 19783791, 633078564, 629871, 85328676, 668271]] [1102277860, [417290, 1669150, 53412640, 104990, 6677280, 52170]] [17949535628, [6806804, 27227206, 871270432, 309382, 108910624, 850868]] [1451382884, [550278, 2201094, 70434864, 39302, 8804400, 68790]] [1012100688684.0, [383596431.0, 1534385247, 49100323923, 42720639, 6138057555, 47954907]] [32597709664, [12350495, 49401974, 1580863168, 2052022, 195940032, 1535120]]
Model_cost: [26076841122.0, [28822.0, 40282660, 1288904952, 1727428, 49400505, 1534114]] [3453127938.0, [62415.0, 5111919, 163578660, 164463, 77870628, 2433543]] [138510020.0, [50.0, 195230, 6247200, 13150, 6247200, 195210]] [2341789554.0, [19930.5, 3327942, 106002464, 38734, 103509152, 971769656]] [1413856964.0, [5646.0, 2175750, 69427248, 41606, 7767792, 241755]] [259552646484.0, [11223.0, 383608719, 12275433555, 10680855, 6137123727, 191785179]] [1012361500.0, [1620.0, 1491702, 47652928, 103518, 25506688, 796752]]
Arch_Param: [32, 8192, 2048, 4, 1024, 16]
Samsung_cost: [33917070902.0, [12800677.0, 25614369, 1638358008, 12858401, 203074744, 1587489]] [13118354562.0, [4946031.0, 9891951, 633078564, 4912239, 85328676, 668271]] [1105810400, [417290, 834580, 53412640, 417300, 6677280, 52170]] [18038024960, [6806804, 13613608, 871270432, 6806824, 108910624, 850868]] [1458222180, [550278, 1100550, 70434864, 550278, 8804400, 68790]] [1016531309484.0, [383596431.0, 767192703, 49100323923, 383602047, 6138057555, 47954907]] [32728536546, [12350495, 24700987, 1580863168, 12489787, 195940032, 1535120]]
Model_cost: [26031178132.0, [28822.0, 20247329, 1288904952, 3294625, 49400505, 124322]] [3447770370.0, [62415.0, 2556015, 163578660, 385647, 77870628, 184599]] [138145030.0, [52.5, 104020, 6247200, 13140, 6247200, 27210]] [2335199660.0, [19933.0, 1680616, 106002464, 38704, 103509152, 971600038]] [1412450500, [5646, 1091974, 69427248, 174726, 7767792, 19803]] [259175966580.0, [11223.0, 191805207, 12275433555, 28432407, 6137123727, 14212803]] [1010088732.0, [1624.5, 753787, 47652928, 134371, 25506688, 283792]]
Arch_Param: [32, 8192, 2048, 4, 1024, 64]
Samsung_cost: [33917070902.0, [12800677.0, 25614369, 1638358008, 12858401, 203074744, 1587489]] [13118354562.0, [4946031.0, 9891951, 633078564, 4912239, 85328676, 668271]] [1105810400, [417290, 834580, 53412640, 417300, 6677280, 52170]] [18038024960, [6806804, 13613608, 871270432, 6806824, 108910624, 850868]] [1458222180, [550278, 1100550, 70434864, 550278, 8804400, 68790]] [1016531309484.0, [383596431.0, 767192703, 49100323923, 383602047, 6138057555, 47954907]] [32728536546, [12350495, 24700987, 1580863168, 12489787, 195940032, 1535120]]
Model_cost: [26031178132.0, [28822.0, 20247329, 1288904952, 3294625, 49400505, 124322]] [3442904322.0, [62415.0, 2556015, 163578660, 164463, 77870628, 1216827]] [138145030.0, [52.5, 104020, 6247200, 13140, 6247200, 27210]] [2335199660.0, [19933.0, 1680616, 106002464, 38704, 103509152, 971600038]] [1412450500, [5646, 1091974, 69427248, 174726, 7767792, 19803]] [258785432436.0, [11223.0, 191805207, 12275433555, 10680855, 6137123727, 95892675]] [1009671964.0, [1624.5, 753787, 47652928, 115427, 25506688, 380560]]
Arch_Param: [32, 8192, 2048, 4, 1024, 128]
Samsung_cost: [33678882358.0, [12800677.0, 25614369, 1638358008, 2031649, 203074744, 1587489]] [13024142466.0, [4946031.0, 9891951, 633078564, 629871, 85328676, 668271]] [1098939360, [417290, 834580, 53412640, 104980, 6677280, 52170]] [17895080576, [6806804, 13613608, 871270432, 309352, 108910624, 850868]] [1446980708, [550278, 1100550, 70434864, 39302, 8804400, 68790]] [1009031918508.0, [383596431.0, 767192703, 49100323923, 42720639, 6138057555, 47954907]] [32498904418, [12350495, 24700987, 1580863168, 2051963, 195940032, 1535120]]
Model_cost: [26031178132.0, [28822.0, 20247329, 1288904952, 3294625, 49400505, 124322]] [3442904322.0, [62415.0, 2556015, 163578660, 164463, 77870628, 1216827]] [138145030.0, [52.5, 104020, 6247200, 13140, 6247200, 27210]] [2335199660.0, [19933.0, 1680616, 106002464, 38704, 103509152, 971600038]] [1409611972.0, [5646.0, 1091974, 69427248, 45702, 7767792, 119131]] [258785432436.0, [11223.0, 191805207, 12275433555, 10680855, 6137123727, 95892675]] [1009514268.0, [1624.5, 753787, 47652928, 108259, 25506688, 396304]]
Arch_Param: [32, 8192, 2048, 4, 1024, 256]
Samsung_cost: [33678882358.0, [12800677.0, 25614369, 1638358008, 2031649, 203074744, 1587489]] [13024142466.0, [4946031.0, 9891951, 633078564, 629871, 85328676, 668271]] [1098939360, [417290, 834580, 53412640, 104980, 6677280, 52170]] [17895080576, [6806804, 13613608, 871270432, 309352, 108910624, 850868]] [1446980708, [550278, 1100550, 70434864, 39302, 8804400, 68790]] [1009031918508.0, [383596431.0, 767192703, 49100323923, 42720639, 6138057555, 47954907]] [32498904418, [12350495, 24700987, 1580863168, 2051963, 195940032, 1535120]]
Model_cost: [26031178132.0, [28822.0, 20247329, 1288904952, 3294625, 49400505, 124322]] [3442904322.0, [62415.0, 2556015, 163578660, 164463, 77870628, 1216827]] [138145030.0, [52.5, 104020, 6247200, 13140, 6247200, 27210]] [2335199660.0, [19933.0, 1680616, 106002464, 38704, 103509152, 971600038]] [1409611972.0, [5646.0, 1091974, 69427248, 45702, 7767792, 119131]] [258785432436.0, [11223.0, 191805207, 12275433555, 10680855, 6137123727, 95892675]] [1009514268.0, [1624.5, 753787, 47652928, 108259, 25506688, 396304]]
Arch_Param: [32, 8192, 2048, 4, 1024, 512]
Samsung_cost: [33678882358.0, [12800677.0, 25614369, 1638358008, 2031649, 203074744, 1587489]] [13024142466.0, [4946031.0, 9891951, 633078564, 629871, 85328676, 668271]] [1098939360, [417290, 834580, 53412640, 104980, 6677280, 52170]] [17895080576, [6806804, 13613608, 871270432, 309352, 108910624, 850868]] [1446980708, [550278, 1100550, 70434864, 39302, 8804400, 68790]] [1009031918508.0, [383596431.0, 767192703, 49100323923, 42720639, 6138057555, 47954907]] [32498904418, [12350495, 24700987, 1580863168, 2051963, 195940032, 1535120]]
Model_cost: [25996699732.0, [28822.0, 20247329, 1288904952, 1727425, 49400505, 768162]] [3442904322.0, [62415.0, 2556015, 163578660, 164463, 77870628, 1216827]] [138145030.0, [52.5, 104020, 6247200, 13140, 6247200, 27210]] [2335199660.0, [19933.0, 1680616, 106002464, 38704, 103509152, 971600038]] [1409521860.0, [5646.0, 1091974, 69427248, 41606, 7767792, 120923]] [258785432436.0, [11223.0, 191805207, 12275433555, 10680855, 6137123727, 95892675]] [1009389342.0, [1620.0, 748987, 47652928, 103459, 25506688, 398416]]
Arch_Param: [32, 8192, 2048, 8, 256, 16]
Samsung_cost: [17149081974.0, [6413989.0, 51312193, 820923384, 6444097, 102001848, 797857]] [13237056642.0, [4946031.0, 39567471, 633078564, 4912239, 85328676, 668271]] [1115825900, [417290, 3338290, 53412640, 417330, 6677280, 52170]] [18201390116, [6806804, 54454402, 871270432, 6806914, 108910624, 850868]] [1370971876, [512710, 4101638, 65626160, 512710, 8203312, 64094]] [1025737620012.0, [383596431.0, 3068770335, 49100323923, 383602047, 6138057555, 47954907]] [32204195804, [12043295, 96346348, 1541541568, 12113132, 192138944, 1505424]]
Model_cost: [13683301918.0, [14895.5, 41814593, 668963704, 1706881, 49400505, 136610]] [1887208386.0, [58911.0, 5333103, 85328676, 86895, 77870628, 4866975]] [139291340.0, [50.0, 390450, 6247200, 13170, 6247200, 390410]] [2355020682.0, [19930.5, 6635394, 106002464, 38794, 103509152, 971968092]] [720496340, [2826, 2171654, 34713648, 87366, 7767792, 19803]] [136686721308.0, [7995.0, 383626383, 6138012243, 5340891, 6137123727, 383570187]] [717525950.0, [958.5, 2055020, 32839552, 67028, 25506688, 1502608]]
Arch_Param: [32, 8192, 2048, 8, 256, 64]
Samsung_cost: [17149081974.0, [6413989.0, 51312193, 820923384, 6444097, 102001848, 797857]] [13237056642.0, [4946031.0, 39567471, 633078564, 4912239, 85328676, 668271]] [1115825900, [417290, 3338290, 53412640, 417330, 6677280, 52170]] [18201390116, [6806804, 54454402, 871270432, 6806914, 108910624, 850868]] [1370971876, [512710, 4101638, 65626160, 512710, 8203312, 64094]] [1025737620012.0, [383596431.0, 3068770335, 49100323923, 383602047, 6138057555, 47954907]] [32204195804, [12043295, 96346348, 1541541568, 12113132, 192138944, 1505424]]
Model_cost: [13683301918.0, [14895.5, 41814593, 668963704, 1706881, 49400505, 136610]] [1887208386.0, [58911.0, 5333103, 85328676, 86895, 77870628, 4866975]] [139291340.0, [50.0, 390450, 6247200, 13170, 6247200, 390410]] [2355020682.0, [19930.5, 6635394, 106002464, 38794, 103509152, 971968092]] [719077076.0, [2826.0, 2171654, 34713648, 22854, 7767792, 475483]] [136686721308.0, [7995.0, 383626383, 6138012243, 5340891, 6137123727, 383570187]] [717435838.0, [958.5, 2055020, 32839552, 62932, 25506688, 1579792]]
Arch_Param: [32, 8192, 2048, 8, 256, 128]
Samsung_cost: [17029830006.0, [6413989.0, 51312193, 820923384, 1023553, 102001848, 797857]] [13142844546.0, [4946031.0, 39567471, 633078564, 629871, 85328676, 668271]] [1108954860, [417290, 3338290, 53412640, 105010, 6677280, 52170]] [18058445732, [6806804, 54454402, 871270432, 309442, 108910624, 850868]] [1360417508, [512710, 4101638, 65626160, 32966, 8203312, 64094]] [1018238229036.0, [383596431.0, 3068770335, 49100323923, 42720639, 6138057555, 47954907]] [31977987932, [12043295, 96346348, 1541541568, 1830956, 192138944, 1505424]]
Model_cost: [13683301918.0, [14895.5, 41814593, 668963704, 1706881, 49400505, 136610]] [1887208386.0, [58911.0, 5333103, 85328676, 86895, 77870628, 4866975]] [139291340.0, [50.0, 390450, 6247200, 13170, 6247200, 390410]] [2355020682.0, [19930.5, 6635394, 106002464, 38794, 103509152, 971968092]] [719077076.0, [2826.0, 2171654, 34713648, 22854, 7767792, 475483]] [136686721308.0, [7995.0, 383626383, 6138012243, 5340891, 6137123727, 383570187]] [717435838.0, [958.5, 2055020, 32839552, 62932, 25506688, 1579792]]
Arch_Param: [32, 8192, 2048, 8, 256, 256]
Samsung_cost: [17029830006.0, [6413989.0, 51312193, 820923384, 1023553, 102001848, 797857]] [13142844546.0, [4946031.0, 39567471, 633078564, 629871, 85328676, 668271]] [1108954860, [417290, 3338290, 53412640, 105010, 6677280, 52170]] [18058445732, [6806804, 54454402, 871270432, 309442, 108910624, 850868]] [1360417508, [512710, 4101638, 65626160, 32966, 8203312, 64094]] [1018238229036.0, [383596431.0, 3068770335, 49100323923, 42720639, 6138057555, 47954907]] [31977987932, [12043295, 96346348, 1541541568, 1830956, 192138944, 1505424]]
Model_cost: [13665373150.0, [14895.5, 41814593, 668963704, 891937, 49400505, 3066018]] [1887208386.0, [58911.0, 5333103, 85328676, 86895, 77870628, 4866975]] [139291340.0, [50.0, 390450, 6247200, 13170, 6247200, 390410]] [2355020682.0, [19930.5, 6635394, 106002464, 38794, 103509152, 971968092]] [719032020.0, [2826.0, 2171654, 34713648, 20806, 7767792, 483419]] [136686721308.0, [7995.0, 383626383, 6138012243, 5340891, 6137123727, 383570187]] [717380800.0, [954.0, 2055020, 32839552, 60436, 25506688, 1593424]]
Arch_Param: [32, 8192, 2048, 8, 512, 16]
Samsung_cost: [17046457988.0, [6413989.0, 25656356, 820923384, 6444068, 102001848, 797857]] [13157921922.0, [4946031.0, 19783791, 633078564, 4912239, 85328676, 668271]] [1109148900, [417290, 1669150, 53412640, 417310, 6677280, 52170]] [18092480012, [6806804, 27227206, 871270432, 6806854, 108910624, 850868]] [1362768612, [512710, 2050822, 65626160, 512710, 8203312, 64094]] [1019600079660.0, [383596431.0, 1534385247, 49100323923, 383602047, 6138057555, 47954907]] [32011500512, [12043295, 48173174, 1541541568, 12113014, 192138944, 1505424]]
Model_cost: [13599673132.0, [14895.5, 20907556, 668963704, 1706852, 49400505, 128418]] [1876542402.0, [58911.0, 2666607, 85328676, 86895, 77870628, 2433543]] [138510020.0, [50.0, 195230, 6247200, 13150, 6247200, 195210]] [2341789554.0, [19930.5, 3327942, 106002464, 38734, 103509152, 971769656]] [716161236, [2826, 1087878, 34713648, 87366, 7767792, 19803]] [135919470396.0, [7995.0, 191813655, 6138012243, 5340891, 6137123727, 191785179]] [713413314.0, [958.5, 1027510, 32839552, 66910, 25506688, 754576]]
Arch_Param: [32, 8192, 2048, 8, 512, 64]
Samsung_cost: [17046457988.0, [6413989.0, 25656356, 820923384, 6444068, 102001848, 797857]] [13157921922.0, [4946031.0, 19783791, 633078564, 4912239, 85328676, 668271]] [1109148900, [417290, 1669150, 53412640, 417310, 6677280, 52170]] [18092480012, [6806804, 27227206, 871270432, 6806854, 108910624, 850868]] [1362768612, [512710, 2050822, 65626160, 512710, 8203312, 64094]] [1019600079660.0, [383596431.0, 1534385247, 49100323923, 383602047, 6138057555, 47954907]] [32011500512, [12043295, 48173174, 1541541568, 12113014, 192138944, 1505424]]
Model_cost: [13599673132.0, [14895.5, 20907556, 668963704, 1706852, 49400505, 128418]] [1876542402.0, [58911.0, 2666607, 85328676, 86895, 77870628, 2433543]] [138510020.0, [50.0, 195230, 6247200, 13150, 6247200, 195210]] [2341789554.0, [19930.5, 3327942, 106002464, 38734, 103509152, 971769656]] [714741972.0, [2826.0, 1087878, 34713648, 22854, 7767792, 237915]] [135919470396.0, [7995.0, 191813655, 6138012243, 5340891, 6137123727, 191785179]] [713323202.0, [958.5, 1027510, 32839552, 62814, 25506688, 790800]]
Arch_Param: [32, 8192, 2048, 8, 512, 128]
Samsung_cost: [16927206020.0, [6413989.0, 25656356, 820923384, 1023524, 102001848, 797857]] [13063709826.0, [4946031.0, 19783791, 633078564, 629871, 85328676, 668271]] [1102277860, [417290, 1669150, 53412640, 104990, 6677280, 52170]] [17949535628, [6806804, 27227206, 871270432, 309382, 108910624, 850868]] [1352214244, [512710, 2050822, 65626160, 32966, 8203312, 64094]] [1012100688684.0, [383596431.0, 1534385247, 49100323923, 42720639, 6138057555, 47954907]] [31785292640, [12043295, 48173174, 1541541568, 1830838, 192138944, 1505424]]
Model_cost: [13599673132.0, [14895.5, 20907556, 668963704, 1706852, 49400505, 128418]] [1876542402.0, [58911.0, 2666607, 85328676, 86895, 77870628, 2433543]] [138510020.0, [50.0, 195230, 6247200, 13150, 6247200, 195210]] [2341789554.0, [19930.5, 3327942, 106002464, 38734, 103509152, 971769656]] [714741972.0, [2826.0, 1087878, 34713648, 22854, 7767792, 237915]] [135919470396.0, [7995.0, 191813655, 6138012243, 5340891, 6137123727, 191785179]] [713323202.0, [958.5, 1027510, 32839552, 62814, 25506688, 790800]]
Arch_Param: [32, 8192, 2048, 8, 512, 256]
Samsung_cost: [16927206020.0, [6413989.0, 25656356, 820923384, 1023524, 102001848, 797857]] [13063709826.0, [4946031.0, 19783791, 633078564, 629871, 85328676, 668271]] [1102277860, [417290, 1669150, 53412640, 104990, 6677280, 52170]] [17949535628, [6806804, 27227206, 871270432, 309382, 108910624, 850868]] [1352214244, [512710, 2050822, 65626160, 32966, 8203312, 64094]] [1012100688684.0, [383596431.0, 1534385247, 49100323923, 42720639, 6138057555, 47954907]] [31785292640, [12043295, 48173174, 1541541568, 1830838, 192138944, 1505424]]
Model_cost: [13581744364.0, [14895.5, 20907556, 668963704, 891908, 49400505, 1534114]] [1876542402.0, [58911.0, 2666607, 85328676, 86895, 77870628, 2433543]] [138510020.0, [50.0, 195230, 6247200, 13150, 6247200, 195210]] [2341789554.0, [19930.5, 3327942, 106002464, 38734, 103509152, 971769656]] [714696916.0, [2826.0, 1087878, 34713648, 20806, 7767792, 241755]] [135919470396.0, [7995.0, 191813655, 6138012243, 5340891, 6137123727, 191785179]] [713268164.0, [954.0, 1027510, 32839552, 60318, 25506688, 796752]]
Arch_Param: [32, 8192, 2048, 8, 512, 512]
Samsung_cost: [16927206020.0, [6413989.0, 25656356, 820923384, 1023524, 102001848, 797857]] [13063709826.0, [4946031.0, 19783791, 633078564, 629871, 85328676, 668271]] [1102277860, [417290, 1669150, 53412640, 104990, 6677280, 52170]] [17949535628, [6806804, 27227206, 871270432, 309382, 108910624, 850868]] [1352214244, [512710, 2050822, 65626160, 32966, 8203312, 64094]] [1012100688684.0, [383596431.0, 1534385247, 49100323923, 42720639, 6138057555, 47954907]] [31785292640, [12043295, 48173174, 1541541568, 1830838, 192138944, 1505424]]
Model_cost: [13581744364.0, [14895.5, 20907556, 668963704, 891908, 49400505, 1534114]] [1876542402.0, [58911.0, 2666607, 85328676, 86895, 77870628, 2433543]] [138510020.0, [50.0, 195230, 6247200, 13150, 6247200, 195210]] [2341789554.0, [19930.5, 3327942, 106002464, 38734, 103509152, 971769656]] [714690388.0, [2826.0, 1087878, 34713648, 19654, 7777200, 242322]] [135919470396.0, [7995.0, 191813655, 6138012243, 5340891, 6137123727, 191785179]] [713268164.0, [954.0, 1027510, 32839552, 60318, 25506688, 796752]]
Arch_Param: [32, 8192, 2048, 8, 1024, 16]
Samsung_cost: [16995171894.0, [6413989.0, 12834849, 820923384, 6444065, 102001848, 797857]] [13118354562.0, [4946031.0, 9891951, 633078564, 4912239, 85328676, 668271]] [1105810400, [417290, 834580, 53412640, 417300, 6677280, 52170]] [18038024960, [6806804, 13613608, 871270432, 6806824, 108910624, 850868]] [1358666980, [512710, 1025414, 65626160, 512710, 8203312, 64094]] [1016531309484.0, [383596431.0, 767192703, 49100323923, 383602047, 6138057555, 47954907]] [31915152866, [12043295, 24086587, 1541541568, 12112955, 192138944, 1505424]]
Model_cost: [13558070494.0, [14895.5, 10506913, 668963704, 1706849, 49400505, 124322]] [1871209410.0, [58911.0, 1333359, 85328676, 86895, 77870628, 1216827]] [138145030.0, [52.5, 104020, 6247200, 13140, 6247200, 27210]] [2335199660.0, [19933.0, 1680616, 106002464, 38704, 103509152, 971600038]] [713993684, [2826, 545990, 34713648, 87366, 7767792, 19803]] [135535844940.0, [7995.0, 95907291, 6138012243, 5340891, 6137123727, 95892675]] [711373252.0, [958.5, 517819, 32839552, 66851, 25506688, 380560]]
Arch_Param: [32, 8192, 2048, 8, 1024, 64]
Samsung_cost: [16995171894.0, [6413989.0, 12834849, 820923384, 6444065, 102001848, 797857]] [13118354562.0, [4946031.0, 9891951, 633078564, 4912239, 85328676, 668271]] [1105810400, [417290, 834580, 53412640, 417300, 6677280, 52170]] [18038024960, [6806804, 13613608, 871270432, 6806824, 108910624, 850868]] [1358666980, [512710, 1025414, 65626160, 512710, 8203312, 64094]] [1016531309484.0, [383596431.0, 767192703, 49100323923, 383602047, 6138057555, 47954907]] [31915152866, [12043295, 24086587, 1541541568, 12112955, 192138944, 1505424]]
Model_cost: [13558070494.0, [14895.5, 10506913, 668963704, 1706849, 49400505, 124322]] [1871209410.0, [58911.0, 1333359, 85328676, 86895, 77870628, 1216827]] [138145030.0, [52.5, 104020, 6247200, 13140, 6247200, 27210]] [2335199660.0, [19933.0, 1680616, 106002464, 38704, 103509152, 971600038]] [712574420.0, [2826.0, 545990, 34713648, 22854, 7767792, 119131]] [135535844940.0, [7995.0, 95907291, 6138012243, 5340891, 6137123727, 95892675]] [711283140.0, [958.5, 517819, 32839552, 62755, 25506688, 396304]]
Arch_Param: [32, 8192, 2048, 8, 1024, 128]
Samsung_cost: [16875919926.0, [6413989.0, 12834849, 820923384, 1023521, 102001848, 797857]] [13024142466.0, [4946031.0, 9891951, 633078564, 629871, 85328676, 668271]] [1098939360, [417290, 834580, 53412640, 104980, 6677280, 52170]] [17895080576, [6806804, 13613608, 871270432, 309352, 108910624, 850868]] [1348112612, [512710, 1025414, 65626160, 32966, 8203312, 64094]] [1009031918508.0, [383596431.0, 767192703, 49100323923, 42720639, 6138057555, 47954907]] [31688944994, [12043295, 24086587, 1541541568, 1830779, 192138944, 1505424]]
Model_cost: [13558070494.0, [14895.5, 10506913, 668963704, 1706849, 49400505, 124322]] [1871209410.0, [58911.0, 1333359, 85328676, 86895, 77870628, 1216827]] [138145030.0, [52.5, 104020, 6247200, 13140, 6247200, 27210]] [2335199660.0, [19933.0, 1680616, 106002464, 38704, 103509152, 971600038]] [712574420.0, [2826.0, 545990, 34713648, 22854, 7767792, 119131]] [135535844940.0, [7995.0, 95907291, 6138012243, 5340891, 6137123727, 95892675]] [711283140.0, [958.5, 517819, 32839552, 62755, 25506688, 396304]]
Arch_Param: [32, 8192, 2048, 8, 1024, 256]
Samsung_cost: [16875919926.0, [6413989.0, 12834849, 820923384, 1023521, 102001848, 797857]] [13024142466.0, [4946031.0, 9891951, 633078564, 629871, 85328676, 668271]] [1098939360, [417290, 834580, 53412640, 104980, 6677280, 52170]] [17895080576, [6806804, 13613608, 871270432, 309352, 108910624, 850868]] [1348112612, [512710, 1025414, 65626160, 32966, 8203312, 64094]] [1009031918508.0, [383596431.0, 767192703, 49100323923, 42720639, 6138057555, 47954907]] [31688944994, [12043295, 24086587, 1541541568, 1830779, 192138944, 1505424]]
Model_cost: [13540141726.0, [14895.5, 10506913, 668963704, 891905, 49400505, 768162]] [1871209410.0, [58911.0, 1333359, 85328676, 86895, 77870628, 1216827]] [138145030.0, [52.5, 104020, 6247200, 13140, 6247200, 27210]] [2335199660.0, [19933.0, 1680616, 106002464, 38704, 103509152, 971600038]] [712529364.0, [2826.0, 545990, 34713648, 20806, 7767792, 120923]] [135535844940.0, [7995.0, 95907291, 6138012243, 5340891, 6137123727, 95892675]] [711218118.0, [954.0, 515323, 32839552, 60259, 25506688, 398416]]
Arch_Param: [32, 8192, 2048, 8, 1024, 512]
Samsung_cost: [16875919926.0, [6413989.0, 12834849, 820923384, 1023521, 102001848, 797857]] [13024142466.0, [4946031.0, 9891951, 633078564, 629871, 85328676, 668271]] [1098939360, [417290, 834580, 53412640, 104980, 6677280, 52170]] [17895080576, [6806804, 13613608, 871270432, 309352, 108910624, 850868]] [1348112612, [512710, 1025414, 65626160, 32966, 8203312, 64094]] [1009031918508.0, [383596431.0, 767192703, 49100323923, 42720639, 6138057555, 47954907]] [31688944994, [12043295, 24086587, 1541541568, 1830779, 192138944, 1505424]]
Model_cost: [13540141726.0, [14895.5, 10506913, 668963704, 891905, 49400505, 768162]] [1871209410.0, [58911.0, 1333359, 85328676, 86895, 77870628, 1216827]] [138145030.0, [52.5, 104020, 6247200, 13140, 6247200, 27210]] [2335199660.0, [19933.0, 1680616, 106002464, 38704, 103509152, 971600038]] [712522836.0, [2826.0, 545990, 34713648, 19654, 7777200, 121196]] [135535844940.0, [7995.0, 95907291, 6138012243, 5340891, 6137123727, 95892675]] [711218118.0, [954.0, 515323, 32839552, 60259, 25506688, 398416]]
Arch_Param: [32, 8192, 2048, 16, 256, 16]
Samsung_cost: [8611504502.0, [3220645.0, 25765441, 412206072, 3236929, 51465400, 403041]] [13237056642.0, [4946031.0, 39567471, 633078564, 4912239, 85328676, 668271]] [1115825900, [417290, 3338290, 53412640, 417330, 6677280, 52170]] [18201390116, [6806804, 54454402, 871270432, 6806914, 108910624, 850868]] [1320743460, [493926, 3951366, 63221808, 493926, 7902768, 61746]] [1025737620012.0, [383596431.0, 3068770335, 49100323923, 383602047, 6138057555, 47954907]] [31793817564, [11889695, 95117548, 1521880768, 11924716, 190238400, 1490576]]
Model_cost: [7391443518.0, [7943.5, 22447809, 359126200, 913857, 49400505, 136610]] [1887208386.0, [58911.0, 5333103, 85328676, 86895, 77870628, 4866975]] [139291340.0, [50.0, 390450, 6247200, 13170, 6247200, 390410]] [2355020682.0, [19930.5, 6635394, 106002464, 38794, 103509152, 971968092]] [368016604, [1416, 1085830, 17356848, 43686, 7767792, 19803]] [136686721308.0, [7995.0, 383626383, 6138012243, 5340891, 6137123727, 383570187]] [629526586.0, [679.5, 1783660, 28517760, 45652, 25506688, 1502608]]
Arch_Param: [32, 8192, 2048, 16, 256, 64]
Samsung_cost: [8611504502.0, [3220645.0, 25765441, 412206072, 3236929, 51465400, 403041]] [13237056642.0, [4946031.0, 39567471, 633078564, 4912239, 85328676, 668271]] [1115825900, [417290, 3338290, 53412640, 417330, 6677280, 52170]] [18201390116, [6806804, 54454402, 871270432, 6806914, 108910624, 850868]] [1320743460, [493926, 3951366, 63221808, 493926, 7902768, 61746]] [1025737620012.0, [383596431.0, 3068770335, 49100323923, 383602047, 6138057555, 47954907]] [31793817564, [11889695, 95117548, 1521880768, 11924716, 190238400, 1490576]]
Model_cost: [7391443518.0, [7943.5, 22447809, 359126200, 913857, 49400505, 136610]] [1887208386.0, [58911.0, 5333103, 85328676, 86895, 77870628, 4866975]] [139291340.0, [50.0, 390450, 6247200, 13170, 6247200, 390410]] [2355020682.0, [19930.5, 6635394, 106002464, 38794, 103509152, 971968092]] [367306972.0, [1416.0, 1085830, 17356848, 11430, 7767792, 475483]] [136686721308.0, [7995.0, 383626383, 6138012243, 5340891, 6137123727, 383570187]] [629481530.0, [679.5, 1783660, 28517760, 43604, 25506688, 1579792]]
Arch_Param: [32, 8192, 2048, 16, 256, 128]
Samsung_cost: [8551720822.0, [3220645.0, 25765441, 412206072, 519489, 51465400, 403041]] [13142844546.0, [4946031.0, 39567471, 633078564, 629871, 85328676, 668271]] [1108954860, [417290, 3338290, 53412640, 105010, 6677280, 52170]] [18058445732, [6806804, 54454402, 871270432, 309442, 108910624, 850868]] [1310532644, [493926, 3951366, 63221808, 29798, 7902768, 61746]] [1018238229036.0, [383596431.0, 3068770335, 49100323923, 42720639, 6138057555, 47954907]] [31569321820, [11889695, 95117548, 1521880768, 1720364, 190238400, 1490576]]
Model_cost: [7381789566.0, [7943.5, 22447809, 359126200, 475041, 49400505, 3066018]] [1887208386.0, [58911.0, 5333103, 85328676, 86895, 77870628, 4866975]] [139291340.0, [50.0, 390450, 6247200, 13170, 6247200, 390410]] [2355020682.0, [19930.5, 6635394, 106002464, 38794, 103509152, 971968092]] [367284444.0, [1416.0, 1085830, 17356848, 10406, 7767792, 483419]] [136686721308.0, [7995.0, 383626383, 6138012243, 5340891, 6137123727, 383570187]] [629451920.0, [678.0, 1783660, 28517760, 42260, 25506688, 1593424]]
Arch_Param: [32, 8192, 2048, 16, 256, 256]
Samsung_cost: [8551720822.0, [3220645.0, 25765441, 412206072, 519489, 51465400, 403041]] [13142844546.0, [4946031.0, 39567471, 633078564, 629871, 85328676, 668271]] [1108954860, [417290, 3338290, 53412640, 105010, 6677280, 52170]] [18058445732, [6806804, 54454402, 871270432, 309442, 108910624, 850868]] [1310532644, [493926, 3951366, 63221808, 29798, 7902768, 61746]] [1018238229036.0, [383596431.0, 3068770335, 49100323923, 42720639, 6138057555, 47954907]] [31569321820, [11889695, 95117548, 1521880768, 1720364, 190238400, 1490576]]
Model_cost: [7381789566.0, [7943.5, 22447809, 359126200, 475041, 49400505, 3066018]] [1887208386.0, [58911.0, 5333103, 85328676, 86895, 77870628, 4866975]] [139291340.0, [50.0, 390450, 6247200, 13170, 6247200, 390410]] [2355020682.0, [19930.5, 6635394, 106002464, 38794, 103509152, 971968092]] [367284444.0, [1416.0, 1085830, 17356848, 10406, 7767792, 483419]] [136686721308.0, [7995.0, 383626383, 6138012243, 5340891, 6137123727, 383570187]] [629451920.0, [678.0, 1783660, 28517760, 42260, 25506688, 1593424]]
Arch_Param: [32, 8192, 2048, 16, 512, 16]
Samsung_cost: [8559974020.0, [3220645.0, 12882980, 412206072, 3236900, 51465400, 403041]] [13157921922.0, [4946031.0, 19783791, 633078564, 4912239, 85328676, 668271]] [1109148900, [417290, 1669150, 53412640, 417310, 6677280, 52170]] [18092480012, [6806804, 27227206, 871270432, 6806854, 108910624, 850868]] [1312840740, [493926, 1975686, 63221808, 493926, 7902768, 61746]] [1019600079660.0, [383596431.0, 1534385247, 49100323923, 383602047, 6138057555, 47954907]] [31603579872, [11889695, 47558774, 1521880768, 11924598, 190238400, 1490576]]
Model_cost: [7346548300.0, [7943.5, 11224164, 359126200, 913828, 49400505, 128418]] [1876542402.0, [58911.0, 2666607, 85328676, 86895, 77870628, 2433543]] [138510020.0, [50.0, 195230, 6247200, 13150, 6247200, 195210]] [2341789554.0, [19930.5, 3327942, 106002464, 38734, 103509152, 971769656]] [365849052, [1416, 543942, 17356848, 43686, 7767792, 19803]] [135919470396.0, [7995.0, 191813655, 6138012243, 5340891, 6137123727, 191785179]] [625956670.0, [679.5, 891830, 28517760, 45534, 25506688, 754576]]
Arch_Param: [32, 8192, 2048, 16, 512, 64]
Samsung_cost: [8559974020.0, [3220645.0, 12882980, 412206072, 3236900, 51465400, 403041]] [13157921922.0, [4946031.0, 19783791, 633078564, 4912239, 85328676, 668271]] [1109148900, [417290, 1669150, 53412640, 417310, 6677280, 52170]] [18092480012, [6806804, 27227206, 871270432, 6806854, 108910624, 850868]] [1312840740, [493926, 1975686, 63221808, 493926, 7902768, 61746]] [1019600079660.0, [383596431.0, 1534385247, 49100323923, 383602047, 6138057555, 47954907]] [31603579872, [11889695, 47558774, 1521880768, 11924598, 190238400, 1490576]]
Model_cost: [7346548300.0, [7943.5, 11224164, 359126200, 913828, 49400505, 128418]] [1876542402.0, [58911.0, 2666607, 85328676, 86895, 77870628, 2433543]] [138510020.0, [50.0, 195230, 6247200, 13150, 6247200, 195210]] [2341789554.0, [19930.5, 3327942, 106002464, 38734, 103509152, 971769656]] [365139420.0, [1416.0, 543942, 17356848, 11430, 7767792, 237915]] [135919470396.0, [7995.0, 191813655, 6138012243, 5340891, 6137123727, 191785179]] [625911614.0, [679.5, 891830, 28517760, 43486, 25506688, 790800]]
Arch_Param: [32, 8192, 2048, 16, 512, 128]
Samsung_cost: [8500190340.0, [3220645.0, 12882980, 412206072, 519460, 51465400, 403041]] [13063709826.0, [4946031.0, 19783791, 633078564, 629871, 85328676, 668271]] [1102277860, [417290, 1669150, 53412640, 104990, 6677280, 52170]] [17949535628, [6806804, 27227206, 871270432, 309382, 108910624, 850868]] [1302629924, [493926, 1975686, 63221808, 29798, 7902768, 61746]] [1012100688684.0, [383596431.0, 1534385247, 49100323923, 42720639, 6138057555, 47954907]] [31379084128, [11889695, 47558774, 1521880768, 1720246, 190238400, 1490576]]
Model_cost: [7336894348.0, [7943.5, 11224164, 359126200, 475012, 49400505, 1534114]] [1876542402.0, [58911.0, 2666607, 85328676, 86895, 77870628, 2433543]] [138510020.0, [50.0, 195230, 6247200, 13150, 6247200, 195210]] [2341789554.0, [19930.5, 3327942, 106002464, 38734, 103509152, 971769656]] [365116892.0, [1416.0, 543942, 17356848, 10406, 7767792, 241755]] [135919470396.0, [7995.0, 191813655, 6138012243, 5340891, 6137123727, 191785179]] [625882004.0, [678.0, 891830, 28517760, 42142, 25506688, 796752]]
Arch_Param: [32, 8192, 2048, 16, 512, 256]
Samsung_cost: [8500190340.0, [3220645.0, 12882980, 412206072, 519460, 51465400, 403041]] [13063709826.0, [4946031.0, 19783791, 633078564, 629871, 85328676, 668271]] [1102277860, [417290, 1669150, 53412640, 104990, 6677280, 52170]] [17949535628, [6806804, 27227206, 871270432, 309382, 108910624, 850868]] [1302629924, [493926, 1975686, 63221808, 29798, 7902768, 61746]] [1012100688684.0, [383596431.0, 1534385247, 49100323923, 42720639, 6138057555, 47954907]] [31379084128, [11889695, 47558774, 1521880768, 1720246, 190238400, 1490576]]
Model_cost: [7336894348.0, [7943.5, 11224164, 359126200, 475012, 49400505, 1534114]] [1876542402.0, [58911.0, 2666607, 85328676, 86895, 77870628, 2433543]] [138510020.0, [50.0, 195230, 6247200, 13150, 6247200, 195210]] [2341789554.0, [19930.5, 3327942, 106002464, 38734, 103509152, 971769656]] [365116892.0, [1416.0, 543942, 17356848, 10406, 7767792, 241755]] [135919470396.0, [7995.0, 191813655, 6138012243, 5340891, 6137123727, 191785179]] [625882004.0, [678.0, 891830, 28517760, 42142, 25506688, 796752]]
Arch_Param: [32, 8192, 2048, 16, 512, 512]
Samsung_cost: [8500190340.0, [3220645.0, 12882980, 412206072, 519460, 51465400, 403041]] [13063709826.0, [4946031.0, 19783791, 633078564, 629871, 85328676, 668271]] [1102277860, [417290, 1669150, 53412640, 104990, 6677280, 52170]] [17949535628, [6806804, 27227206, 871270432, 309382, 108910624, 850868]] [1302629924, [493926, 1975686, 63221808, 29798, 7902768, 61746]] [1012100688684.0, [383596431.0, 1534385247, 49100323923, 42720639, 6138057555, 47954907]] [31379084128, [11889695, 47558774, 1521880768, 1720246, 190238400, 1490576]]
Model_cost: [7336788622.0, [7939.0, 11224164, 359126200, 470212, 49400505, 1540706]] [1876542402.0, [58911.0, 2666607, 85328676, 86895, 77870628, 2433543]] [138510020.0, [50.0, 195230, 6247200, 13150, 6247200, 195210]] [2341789554.0, [19930.5, 3327942, 106002464, 38734, 103509152, 971769656]] [365104220.0, [1416.0, 543942, 17356848, 9830, 7767792, 242028]] [135919470396.0, [7995.0, 191813655, 6138012243, 5340891, 6137123727, 191785179]] [625882004.0, [678.0, 891830, 28517760, 42142, 25506688, 796752]]
Arch_Param: [32, 8192, 2048, 16, 1024, 16]
Samsung_cost: [8534222390.0, [3220645.0, 6445089, 412206072, 3236897, 51465400, 403041]] [13118354562.0, [4946031.0, 9891951, 633078564, 4912239, 85328676, 668271]] [1105810400, [417290, 834580, 53412640, 417300, 6677280, 52170]] [18038024960, [6806804, 13613608, 871270432, 6806824, 108910624, 850868]] [1308889380, [493926, 987846, 63221808, 493926, 7902768, 61746]] [1016531309484.0, [383596431.0, 767192703, 49100323923, 383602047, 6138057555, 47954907]] [31508461026, [11889695, 23779387, 1521880768, 11924539, 190238400, 1490576]]
Model_cost: [7324207102.0, [7943.5, 5638881, 359126200, 913825, 49400505, 124322]] [1871209410.0, [58911.0, 1333359, 85328676, 86895, 77870628, 1216827]] [138145030.0, [52.5, 104020, 6247200, 13140, 6247200, 27210]] [2335199660.0, [19933.0, 1680616, 106002464, 38704, 103509152, 971600038]] [364765276, [1416, 272998, 17356848, 43686, 7767792, 19803]] [135535844940.0, [7995.0, 95907291, 6138012243, 5340891, 6137123727, 95892675]] [624180288.0, [679.5, 448059, 28517760, 45475, 25506688, 380560]]
Arch_Param: [32, 8192, 2048, 16, 1024, 64]
Samsung_cost: [8534222390.0, [3220645.0, 6445089, 412206072, 3236897, 51465400, 403041]] [13118354562.0, [4946031.0, 9891951, 633078564, 4912239, 85328676, 668271]] [1105810400, [417290, 834580, 53412640, 417300, 6677280, 52170]] [18038024960, [6806804, 13613608, 871270432, 6806824, 108910624, 850868]] [1308889380, [493926, 987846, 63221808, 493926, 7902768, 61746]] [1016531309484.0, [383596431.0, 767192703, 49100323923, 383602047, 6138057555, 47954907]] [31508461026, [11889695, 23779387, 1521880768, 11924539, 190238400, 1490576]]
Model_cost: [7324207102.0, [7943.5, 5638881, 359126200, 913825, 49400505, 124322]] [1871209410.0, [58911.0, 1333359, 85328676, 86895, 77870628, 1216827]] [138145030.0, [52.5, 104020, 6247200, 13140, 6247200, 27210]] [2335199660.0, [19933.0, 1680616, 106002464, 38704, 103509152, 971600038]] [364055644.0, [1416.0, 272998, 17356848, 11430, 7767792, 119131]] [135535844940.0, [7995.0, 95907291, 6138012243, 5340891, 6137123727, 95892675]] [624135232.0, [679.5, 448059, 28517760, 43427, 25506688, 396304]]
Arch_Param: [32, 8192, 2048, 16, 1024, 128]
Samsung_cost: [8474438710.0, [3220645.0, 6445089, 412206072, 519457, 51465400, 403041]] [13024142466.0, [4946031.0, 9891951, 633078564, 629871, 85328676, 668271]] [1098939360, [417290, 834580, 53412640, 104980, 6677280, 52170]] [17895080576, [6806804, 13613608, 871270432, 309352, 108910624, 850868]] [1298678564, [493926, 987846, 63221808, 29798, 7902768, 61746]] [1009031918508.0, [383596431.0, 767192703, 49100323923, 42720639, 6138057555, 47954907]] [31283965282, [11889695, 23779387, 1521880768, 1720187, 190238400, 1490576]]
Model_cost: [7314553150.0, [7943.5, 5638881, 359126200, 475009, 49400505, 768162]] [1871209410.0, [58911.0, 1333359, 85328676, 86895, 77870628, 1216827]] [138145030.0, [52.5, 104020, 6247200, 13140, 6247200, 27210]] [2335199660.0, [19933.0, 1680616, 106002464, 38704, 103509152, 971600038]] [364033116.0, [1416.0, 272998, 17356848, 10406, 7767792, 120923]] [135535844940.0, [7995.0, 95907291, 6138012243, 5340891, 6137123727, 95892675]] [624100246.0, [678.0, 446715, 28517760, 42083, 25506688, 398416]]
Arch_Param: [32, 8192, 2048, 16, 1024, 256]
Samsung_cost: [8474438710.0, [3220645.0, 6445089, 412206072, 519457, 51465400, 403041]] [13024142466.0, [4946031.0, 9891951, 633078564, 629871, 85328676, 668271]] [1098939360, [417290, 834580, 53412640, 104980, 6677280, 52170]] [17895080576, [6806804, 13613608, 871270432, 309352, 108910624, 850868]] [1298678564, [493926, 987846, 63221808, 29798, 7902768, 61746]] [1009031918508.0, [383596431.0, 767192703, 49100323923, 42720639, 6138057555, 47954907]] [31283965282, [11889695, 23779387, 1521880768, 1720187, 190238400, 1490576]]
Model_cost: [7314553150.0, [7943.5, 5638881, 359126200, 475009, 49400505, 768162]] [1871209410.0, [58911.0, 1333359, 85328676, 86895, 77870628, 1216827]] [138145030.0, [52.5, 104020, 6247200, 13140, 6247200, 27210]] [2335199660.0, [19933.0, 1680616, 106002464, 38704, 103509152, 971600038]] [364033116.0, [1416.0, 272998, 17356848, 10406, 7767792, 120923]] [135535844940.0, [7995.0, 95907291, 6138012243, 5340891, 6137123727, 95892675]] [624100246.0, [678.0, 446715, 28517760, 42083, 25506688, 398416]]
Arch_Param: [32, 8192, 2048, 16, 1024, 512]
Samsung_cost: [8474438710.0, [3220645.0, 6445089, 412206072, 519457, 51465400, 403041]] [13024142466.0, [4946031.0, 9891951, 633078564, 629871, 85328676, 668271]] [1098939360, [417290, 834580, 53412640, 104980, 6677280, 52170]] [17895080576, [6806804, 13613608, 871270432, 309352, 108910624, 850868]] [1298678564, [493926, 987846, 63221808, 29798, 7902768, 61746]] [1009031918508.0, [383596431.0, 767192703, 49100323923, 42720639, 6138057555, 47954907]] [31283965282, [11889695, 23779387, 1521880768, 1720187, 190238400, 1490576]]
Model_cost: [7314428224.0, [7939.0, 5634081, 359126200, 470209, 49400505, 770594]] [1871209410.0, [58911.0, 1333359, 85328676, 86895, 77870628, 1216827]] [138145030.0, [52.5, 104020, 6247200, 13140, 6247200, 27210]] [2335199660.0, [19933.0, 1680616, 106002464, 38704, 103509152, 971600038]] [364020444.0, [1416.0, 272998, 17356848, 9830, 7767792, 121049]] [135535844940.0, [7995.0, 95907291, 6138012243, 5340891, 6137123727, 95892675]] [624100246.0, [678.0, 446715, 28517760, 42083, 25506688, 398416]]
Arch_Param: [32, 8192, 2048, 32, 256, 16]
Samsung_cost: [8393641334.0, [3138981.0, 25112129, 401768440, 3146817, 50351288, 394337]] [13237056642.0, [4946031.0, 39567471, 633078564, 4912239, 85328676, 668271]] [1115825900, [417290, 3338290, 53412640, 417330, 6677280, 52170]] [18201390116, [6806804, 54454402, 871270432, 6806914, 108910624, 850868]] [1306581956, [488630, 3908998, 62543920, 488630, 7818032, 61084]] [1025737620012.0, [383596431.0, 3068770335, 49100323923, 383602047, 6138057555, 47954907]] [31750006748, [11873311, 94986476, 1519783616, 11908332, 189976256, 1488528]]
Model_cost: [4246656638.0, [4471.5, 12767937, 204263608, 517569, 49400505, 136610]] [1887208386.0, [58911.0, 5333103, 85328676, 86895, 77870628, 4866975]] [139291340.0, [50.0, 390450, 6247200, 13170, 6247200, 390410]] [2355020682.0, [19930.5, 6635394, 106002464, 38794, 103509152, 971968092]] [191421920.0, [711.0, 542918, 8678448, 5718, 7767792, 475483]] [136686721308.0, [7995.0, 383626383, 6138012243, 5340891, 6137123727, 383570187]] [585504376.0, [540.0, 1647980, 26356864, 33940, 25506688, 1579792]]
Arch_Param: [32, 8192, 2048, 32, 256, 64]
Samsung_cost: [8393641334.0, [3138981.0, 25112129, 401768440, 3146817, 50351288, 394337]] [13237056642.0, [4946031.0, 39567471, 633078564, 4912239, 85328676, 668271]] [1115825900, [417290, 3338290, 53412640, 417330, 6677280, 52170]] [18201390116, [6806804, 54454402, 871270432, 6806914, 108910624, 850868]] [1306581956, [488630, 3908998, 62543920, 488630, 7818032, 61084]] [1025737620012.0, [383596431.0, 3068770335, 49100323923, 383602047, 6138057555, 47954907]] [31750006748, [11873311, 94986476, 1519783616, 11908332, 189976256, 1488528]]
Model_cost: [4241140094.0, [4471.5, 12767937, 204263608, 266817, 49400505, 3066018]] [1887208386.0, [58911.0, 5333103, 85328676, 86895, 77870628, 4866975]] [139291340.0, [50.0, 390450, 6247200, 13170, 6247200, 390410]] [2355020682.0, [19930.5, 6635394, 106002464, 38794, 103509152, 971968092]] [191410656.0, [711.0, 542918, 8678448, 5206, 7767792, 483419]] [136686721308.0, [7995.0, 383626383, 6138012243, 5340891, 6137123727, 383570187]] [585487480.0, [540.0, 1647980, 26356864, 33172, 25506688, 1593424]]
Arch_Param: [32, 8192, 2048, 32, 256, 128]
Samsung_cost: [8335029110.0, [3138981.0, 25112129, 401768440, 482625, 50351288, 394337]] [13142844546.0, [4946031.0, 39567471, 633078564, 629871, 85328676, 668271]] [1108954860, [417290, 3338290, 53412640, 105010, 6677280, 52170]] [18058445732, [6806804, 54454402, 871270432, 309442, 108910624, 850868]] [1296464068, [488630, 3908998, 62543920, 28726, 7818032, 61084]] [1018238229036.0, [383596431.0, 3068770335, 49100323923, 42720639, 6138057555, 47954907]] [31525691228, [11873311, 94986476, 1519783616, 1712172, 189976256, 1488528]]
Model_cost: [4241140094.0, [4471.5, 12767937, 204263608, 266817, 49400505, 3066018]] [1887208386.0, [58911.0, 5333103, 85328676, 86895, 77870628, 4866975]] [139291340.0, [50.0, 390450, 6247200, 13170, 6247200, 390410]] [2355020682.0, [19930.5, 6635394, 106002464, 38794, 103509152, 971968092]] [191410656.0, [711.0, 542918, 8678448, 5206, 7767792, 483419]] [136686721308.0, [7995.0, 383626383, 6138012243, 5340891, 6137123727, 383570187]] [585487480.0, [540.0, 1647980, 26356864, 33172, 25506688, 1593424]]
Arch_Param: [32, 8192, 2048, 32, 256, 256]
Samsung_cost: [8335029110.0, [3138981.0, 25112129, 401768440, 482625, 50351288, 394337]] [13142844546.0, [4946031.0, 39567471, 633078564, 629871, 85328676, 668271]] [1108954860, [417290, 3338290, 53412640, 105010, 6677280, 52170]] [18058445732, [6806804, 54454402, 871270432, 309442, 108910624, 850868]] [1296464068, [488630, 3908998, 62543920, 28726, 7818032, 61084]] [1018238229036.0, [383596431.0, 3068770335, 49100323923, 42720639, 6138057555, 47954907]] [31525691228, [11873311, 94986476, 1519783616, 1712172, 189976256, 1488528]]
Model_cost: [4241085056.0, [4467.0, 12767937, 204263608, 264321, 49400505, 3080930]] [1887208386.0, [58911.0, 5333103, 85328676, 86895, 77870628, 4866975]] [139291340.0, [50.0, 390450, 6247200, 13170, 6247200, 390410]] [2355020682.0, [19930.5, 6635394, 106002464, 38794, 103509152, 971968092]] [191404320.0, [711.0, 542918, 8678448, 4918, 7767792, 483986]] [136686721308.0, [7995.0, 383626383, 6138012243, 5340891, 6137123727, 383570187]] [585487480.0, [540.0, 1647980, 26356864, 33172, 25506688, 1593424]]
Arch_Param: [32, 8192, 2048, 32, 512, 16]
Samsung_cost: [8343417476.0, [3138981.0, 12556324, 401768440, 3146788, 50351288, 394337]] [13157921922.0, [4946031.0, 19783791, 633078564, 4912239, 85328676, 668271]] [1109148900, [417290, 1669150, 53412640, 417310, 6677280, 52170]] [18092480012, [6806804, 27227206, 871270432, 6806854, 108910624, 850868]] [1298763972, [488630, 1954502, 62543920, 488630, 7818032, 61084]] [1019600079660.0, [383596431.0, 1534385247, 49100323923, 383602047, 6138057555, 47954907]] [31560031200, [11873311, 47493238, 1519783616, 11908214, 189976256, 1488528]]
Model_cost: [4221121164.0, [4471.5, 6384228, 204263608, 517540, 49400505, 128418]] [1876542402.0, [58911.0, 2666607, 85328676, 86895, 77870628, 2433543]] [138510020.0, [50.0, 195230, 6247200, 13150, 6247200, 195210]] [2341789554.0, [19930.5, 3327942, 106002464, 38734, 103509152, 971769656]] [190338144.0, [711.0, 271974, 8678448, 5718, 7767792, 237915]] [135919470396.0, [7995.0, 191813655, 6138012243, 5340891, 6137123727, 191785179]] [582205820.0, [540.0, 823990, 26356864, 33822, 25506688, 790800]]
Arch_Param: [32, 8192, 2048, 32, 512, 64]
Samsung_cost: [8343417476.0, [3138981.0, 12556324, 401768440, 3146788, 50351288, 394337]] [13157921922.0, [4946031.0, 19783791, 633078564, 4912239, 85328676, 668271]] [1109148900, [417290, 1669150, 53412640, 417310, 6677280, 52170]] [18092480012, [6806804, 27227206, 871270432, 6806854, 108910624, 850868]] [1298763972, [488630, 1954502, 62543920, 488630, 7818032, 61084]] [1019600079660.0, [383596431.0, 1534385247, 49100323923, 383602047, 6138057555, 47954907]] [31560031200, [11873311, 47493238, 1519783616, 11908214, 189976256, 1488528]]
Model_cost: [4215604620.0, [4471.5, 6384228, 204263608, 266788, 49400505, 1534114]] [1876542402.0, [58911.0, 2666607, 85328676, 86895, 77870628, 2433543]] [138510020.0, [50.0, 195230, 6247200, 13150, 6247200, 195210]] [2341789554.0, [19930.5, 3327942, 106002464, 38734, 103509152, 971769656]] [190326880.0, [711.0, 271974, 8678448, 5206, 7767792, 241755]] [135919470396.0, [7995.0, 191813655, 6138012243, 5340891, 6137123727, 191785179]] [582188924.0, [540.0, 823990, 26356864, 33054, 25506688, 796752]]
Arch_Param: [32, 8192, 2048, 32, 512, 128]
Samsung_cost: [8284805252.0, [3138981.0, 12556324, 401768440, 482596, 50351288, 394337]] [13063709826.0, [4946031.0, 19783791, 633078564, 629871, 85328676, 668271]] [1102277860, [417290, 1669150, 53412640, 104990, 6677280, 52170]] [17949535628, [6806804, 27227206, 871270432, 309382, 108910624, 850868]] [1288646084, [488630, 1954502, 62543920, 28726, 7818032, 61084]] [1012100688684.0, [383596431.0, 1534385247, 49100323923, 42720639, 6138057555, 47954907]] [31335715680, [11873311, 47493238, 1519783616, 1712054, 189976256, 1488528]]
Model_cost: [4215604620.0, [4471.5, 6384228, 204263608, 266788, 49400505, 1534114]] [1876542402.0, [58911.0, 2666607, 85328676, 86895, 77870628, 2433543]] [138510020.0, [50.0, 195230, 6247200, 13150, 6247200, 195210]] [2341789554.0, [19930.5, 3327942, 106002464, 38734, 103509152, 971769656]] [190326880.0, [711.0, 271974, 8678448, 5206, 7767792, 241755]] [135919470396.0, [7995.0, 191813655, 6138012243, 5340891, 6137123727, 191785179]] [582188924.0, [540.0, 823990, 26356864, 33054, 25506688, 796752]]
Arch_Param: [32, 8192, 2048, 32, 512, 256]
Samsung_cost: [8284805252.0, [3138981.0, 12556324, 401768440, 482596, 50351288, 394337]] [13063709826.0, [4946031.0, 19783791, 633078564, 629871, 85328676, 668271]] [1102277860, [417290, 1669150, 53412640, 104990, 6677280, 52170]] [17949535628, [6806804, 27227206, 871270432, 309382, 108910624, 850868]] [1288646084, [488630, 1954502, 62543920, 28726, 7818032, 61084]] [1012100688684.0, [383596431.0, 1534385247, 49100323923, 42720639, 6138057555, 47954907]] [31335715680, [11873311, 47493238, 1519783616, 1712054, 189976256, 1488528]]
Model_cost: [4215549582.0, [4467.0, 6384228, 204263608, 264292, 49400505, 1540706]] [1876542402.0, [58911.0, 2666607, 85328676, 86895, 77870628, 2433543]] [138510020.0, [50.0, 195230, 6247200, 13150, 6247200, 195210]] [2341789554.0, [19930.5, 3327942, 106002464, 38734, 103509152, 971769656]] [190320544.0, [711.0, 271974, 8678448, 4918, 7767792, 242028]] [135919470396.0, [7995.0, 191813655, 6138012243, 5340891, 6137123727, 191785179]] [582188924.0, [540.0, 823990, 26356864, 33054, 25506688, 796752]]
Arch_Param: [32, 8192, 2048, 32, 512, 512]
Samsung_cost: [8284805252.0, [3138981.0, 12556324, 401768440, 482596, 50351288, 394337]] [13063709826.0, [4946031.0, 19783791, 633078564, 629871, 85328676, 668271]] [1102277860, [417290, 1669150, 53412640, 104990, 6677280, 52170]] [17949535628, [6806804, 27227206, 871270432, 309382, 108910624, 850868]] [1288646084, [488630, 1954502, 62543920, 28726, 7818032, 61084]] [1012100688684.0, [383596431.0, 1534385247, 49100323923, 42720639, 6138057555, 47954907]] [31335715680, [11873311, 47493238, 1519783616, 1712054, 189976256, 1488528]]
Model_cost: [4215549582.0, [4467.0, 6384228, 204263608, 264292, 49400505, 1540706]] [1876542402.0, [58911.0, 2666607, 85328676, 86895, 77870628, 2433543]] [138510020.0, [50.0, 195230, 6247200, 13150, 6247200, 195210]] [2341789554.0, [19930.5, 3327942, 106002464, 38734, 103509152, 971769656]] [190320544.0, [711.0, 271974, 8678448, 4918, 7767792, 242028]] [135919470396.0, [7995.0, 191813655, 6138012243, 5340891, 6137123727, 191785179]] [582188924.0, [540.0, 823990, 26356864, 33054, 25506688, 796752]]
Arch_Param: [32, 8192, 2048, 32, 1024, 16]
Samsung_cost: [8318313014.0, [3138981.0, 6280225, 401768440, 3146785, 50351288, 394337]] [13118354562.0, [4946031.0, 9891951, 633078564, 4912239, 85328676, 668271]] [1105810400, [417290, 834580, 53412640, 417300, 6677280, 52170]] [18038024960, [6806804, 13613608, 871270432, 6806824, 108910624, 850868]] [1294854980, [488630, 977254, 62543920, 488630, 7818032, 61084]] [1016531309484.0, [383596431.0, 767192703, 49100323923, 383602047, 6138057555, 47954907]] [31465043426, [11873311, 23746619, 1519783616, 11908155, 189976256, 1488528]]
Model_cost: [4208407614.0, [4471.5, 3205857, 204263608, 517537, 49400505, 124322]] [1871209410.0, [58911.0, 1333359, 85328676, 86895, 77870628, 1216827]] [138145030.0, [52.5, 104020, 6247200, 13140, 6247200, 27210]] [2335199660.0, [19933.0, 1680616, 106002464, 38704, 103509152, 971600038]] [189796256.0, [711.0, 136502, 8678448, 5718, 7767792, 119131]] [135535844940.0, [7995.0, 95907291, 6138012243, 5340891, 6137123727, 95892675]] [580561278.0, [540.0, 413179, 26356864, 33763, 25506688, 396304]]
Arch_Param: [32, 8192, 2048, 32, 1024, 64]
Samsung_cost: [8318313014.0, [3138981.0, 6280225, 401768440, 3146785, 50351288, 394337]] [13118354562.0, [4946031.0, 9891951, 633078564, 4912239, 85328676, 668271]] [1105810400, [417290, 834580, 53412640, 417300, 6677280, 52170]] [18038024960, [6806804, 13613608, 871270432, 6806824, 108910624, 850868]] [1294854980, [488630, 977254, 62543920, 488630, 7818032, 61084]] [1016531309484.0, [383596431.0, 767192703, 49100323923, 383602047, 6138057555, 47954907]] [31465043426, [11873311, 23746619, 1519783616, 11908155, 189976256, 1488528]]
Model_cost: [4202891070.0, [4471.5, 3205857, 204263608, 266785, 49400505, 768162]] [1871209410.0, [58911.0, 1333359, 85328676, 86895, 77870628, 1216827]] [138145030.0, [52.5, 104020, 6247200, 13140, 6247200, 27210]] [2335199660.0, [19933.0, 1680616, 106002464, 38704, 103509152, 971600038]] [189784992.0, [711.0, 136502, 8678448, 5206, 7767792, 120923]] [135535844940.0, [7995.0, 95907291, 6138012243, 5340891, 6137123727, 95892675]] [580541310.0, [540.0, 412411, 26356864, 32995, 25506688, 398416]]
Arch_Param: [32, 8192, 2048, 32, 1024, 128]
Samsung_cost: [8259700790.0, [3138981.0, 6280225, 401768440, 482593, 50351288, 394337]] [13024142466.0, [4946031.0, 9891951, 633078564, 629871, 85328676, 668271]] [1098939360, [417290, 834580, 53412640, 104980, 6677280, 52170]] [17895080576, [6806804, 13613608, 871270432, 309352, 108910624, 850868]] [1284737092, [488630, 977254, 62543920, 28726, 7818032, 61084]] [1009031918508.0, [383596431.0, 767192703, 49100323923, 42720639, 6138057555, 47954907]] [31240727906, [11873311, 23746619, 1519783616, 1711995, 189976256, 1488528]]
Model_cost: [4202891070.0, [4471.5, 3205857, 204263608, 266785, 49400505, 768162]] [1871209410.0, [58911.0, 1333359, 85328676, 86895, 77870628, 1216827]] [138145030.0, [52.5, 104020, 6247200, 13140, 6247200, 27210]] [2335199660.0, [19933.0, 1680616, 106002464, 38704, 103509152, 971600038]] [189784992.0, [711.0, 136502, 8678448, 5206, 7767792, 120923]] [135535844940.0, [7995.0, 95907291, 6138012243, 5340891, 6137123727, 95892675]] [580541310.0, [540.0, 412411, 26356864, 32995, 25506688, 398416]]
Arch_Param: [32, 8192, 2048, 32, 1024, 256]
Samsung_cost: [8259700790.0, [3138981.0, 6280225, 401768440, 482593, 50351288, 394337]] [13024142466.0, [4946031.0, 9891951, 633078564, 629871, 85328676, 668271]] [1098939360, [417290, 834580, 53412640, 104980, 6677280, 52170]] [17895080576, [6806804, 13613608, 871270432, 309352, 108910624, 850868]] [1284737092, [488630, 977254, 62543920, 28726, 7818032, 61084]] [1009031918508.0, [383596431.0, 767192703, 49100323923, 42720639, 6138057555, 47954907]] [31240727906, [11873311, 23746619, 1519783616, 1711995, 189976256, 1488528]]
Model_cost: [4202826048.0, [4467.0, 3203361, 204263608, 264289, 49400505, 770594]] [1871209410.0, [58911.0, 1333359, 85328676, 86895, 77870628, 1216827]] [138145030.0, [52.5, 104020, 6247200, 13140, 6247200, 27210]] [2335199660.0, [19933.0, 1680616, 106002464, 38704, 103509152, 971600038]] [189778656.0, [711.0, 136502, 8678448, 4918, 7767792, 121049]] [135535844940.0, [7995.0, 95907291, 6138012243, 5340891, 6137123727, 95892675]] [580541310.0, [540.0, 412411, 26356864, 32995, 25506688, 398416]]
Arch_Param: [32, 8192, 2048, 32, 1024, 512]
Samsung_cost: [8259700790.0, [3138981.0, 6280225, 401768440, 482593, 50351288, 394337]] [13024142466.0, [4946031.0, 9891951, 633078564, 629871, 85328676, 668271]] [1098939360, [417290, 834580, 53412640, 104980, 6677280, 52170]] [17895080576, [6806804, 13613608, 871270432, 309352, 108910624, 850868]] [1284737092, [488630, 977254, 62543920, 28726, 7818032, 61084]] [1009031918508.0, [383596431.0, 767192703, 49100323923, 42720639, 6138057555, 47954907]] [31240727906, [11873311, 23746619, 1519783616, 1711995, 189976256, 1488528]]
Model_cost: [4202826048.0, [4467.0, 3203361, 204263608, 264289, 49400505, 770594]] [1871209410.0, [58911.0, 1333359, 85328676, 86895, 77870628, 1216827]] [138145030.0, [52.5, 104020, 6247200, 13140, 6247200, 27210]] [2335199660.0, [19933.0, 1680616, 106002464, 38704, 103509152, 971600038]] [189778656.0, [711.0, 136502, 8678448, 4918, 7767792, 121049]] [135535844940.0, [7995.0, 95907291, 6138012243, 5340891, 6137123727, 95892675]] [580541310.0, [540.0, 412411, 26356864, 32995, 25506688, 398416]]
Arch_Param: [32, 8192, 1024, 4, 256, 16]
Samsung_cost: [34582654950.0, [25601321.0, 102405697, 1638358008, 12858433, 203074744, 1587489]] [13375542402, [9891951, 39567471, 633078564, 4912239, 85328676, 668271]] [1127510020, [834580, 3338290, 53412640, 417330, 6677280, 52170]] [18391980628, [13613608, 54454402, 871270432, 6806914, 108910624, 850868]] [1486836324, [1100550, 4402182, 70434864, 550278, 8804400, 68790]] [1036478315628, [767192703, 3068770335, 49100323923, 383602047, 6138057555, 47954907]] [33370766060, [24700987, 98803948, 1580863168, 12489964, 195940032, 1535120]]
Model_cost: [26273254648.0, [57605.0, 80564801, 1288904952, 3294657, 49400505, 136610]] [3480185730.0, [124719.0, 10223727, 163578660, 385647, 77870628, 185031]] [139292740.0, [100.0, 390450, 6247200, 13170, 6247200, 390410]] [2355578456.0, [39851.0, 6635394, 106002464, 38794, 103509152, 971968092]] [1425613732, [11286, 4343302, 69427248, 174726, 7767792, 19803]] [261477897012.0, [21519.0, 767215743, 12275433555, 28432407, 6137123727, 14212839]] [1019056328.0, [3240.0, 2983404, 47652928, 134548, 25506688, 1055632]]
Arch_Param: [32, 8192, 1024, 4, 256, 64]
Samsung_cost: [34582654950.0, [25601321.0, 102405697, 1638358008, 12858433, 203074744, 1587489]] [13375542402, [9891951, 39567471, 633078564, 4912239, 85328676, 668271]] [1127510020, [834580, 3338290, 53412640, 417330, 6677280, 52170]] [18391980628, [13613608, 54454402, 871270432, 6806914, 108910624, 850868]] [1486836324, [1100550, 4402182, 70434864, 550278, 8804400, 68790]] [1036478315628, [767192703, 3068770335, 49100323923, 383602047, 6138057555, 47954907]] [33370766060, [24700987, 98803948, 1580863168, 12489964, 195940032, 1535120]]
Model_cost: [26273254648.0, [57605.0, 80564801, 1288904952, 3294657, 49400505, 136610]] [3475319682.0, [124719.0, 10223727, 163578660, 164463, 77870628, 4866975]] [139292740.0, [100.0, 390450, 6247200, 13170, 6247200, 390410]] [2355578456.0, [39851.0, 6635394, 106002464, 38794, 103509152, 971968092]] [1425613732, [11286, 4343302, 69427248, 174726, 7767792, 19803]] [261087362868.0, [21519.0, 767215743, 12275433555, 10680855, 6137123727, 383570187]] [1018639560.0, [3240.0, 2983404, 47652928, 115604, 25506688, 1502608]]
Arch_Param: [32, 8192, 1024, 4, 256, 128]
Samsung_cost: [34344466406.0, [25601321.0, 102405697, 1638358008, 2031681, 203074744, 1587489]] [13281330306, [9891951, 39567471, 633078564, 629871, 85328676, 668271]] [1120638980, [834580, 3338290, 53412640, 105010, 6677280, 52170]] [18249036244, [13613608, 54454402, 871270432, 309442, 108910624, 850868]] [1475594852, [1100550, 4402182, 70434864, 39302, 8804400, 68790]] [1028978924652, [767192703, 3068770335, 49100323923, 42720639, 6138057555, 47954907]] [33141133932, [24700987, 98803948, 1580863168, 2052140, 195940032, 1535120]]
Model_cost: [26273254648.0, [57605.0, 80564801, 1288904952, 3294657, 49400505, 136610]] [3475319682.0, [124719.0, 10223727, 163578660, 164463, 77870628, 4866975]] [139292740.0, [100.0, 390450, 6247200, 13170, 6247200, 390410]] [2355578456.0, [39851.0, 6635394, 106002464, 38794, 103509152, 971968092]] [1422775204.0, [11286.0, 4343302, 69427248, 45702, 7767792, 475483]] [261087362868.0, [21519.0, 767215743, 12275433555, 10680855, 6137123727, 383570187]] [1018481864.0, [3240.0, 2983404, 47652928, 108436, 25506688, 1579792]]
Arch_Param: [32, 8192, 1024, 4, 256, 256]
Samsung_cost: [34344466406.0, [25601321.0, 102405697, 1638358008, 2031681, 203074744, 1587489]] [13281330306, [9891951, 39567471, 633078564, 629871, 85328676, 668271]] [1120638980, [834580, 3338290, 53412640, 105010, 6677280, 52170]] [18249036244, [13613608, 54454402, 871270432, 309442, 108910624, 850868]] [1475594852, [1100550, 4402182, 70434864, 39302, 8804400, 68790]] [1028978924652, [767192703, 3068770335, 49100323923, 42720639, 6138057555, 47954907]] [33141133932, [24700987, 98803948, 1580863168, 2052140, 195940032, 1535120]]
Model_cost: [26273254648.0, [57605.0, 80564801, 1288904952, 3294657, 49400505, 136610]] [3475319682.0, [124719.0, 10223727, 163578660, 164463, 77870628, 4866975]] [139292740.0, [100.0, 390450, 6247200, 13170, 6247200, 390410]] [2355578456.0, [39851.0, 6635394, 106002464, 38794, 103509152, 971968092]] [1422775204.0, [11286.0, 4343302, 69427248, 45702, 7767792, 475483]] [261087362868.0, [21519.0, 767215743, 12275433555, 10680855, 6137123727, 383570187]] [1018481864.0, [3240.0, 2983404, 47652928, 108436, 25506688, 1579792]]
Arch_Param: [32, 8192, 1024, 4, 512, 16]
Samsung_cost: [34377843956.0, [25601321.0, 51203108, 1638358008, 12858404, 203074744, 1587489]] [13296407682, [9891951, 19783791, 633078564, 4912239, 85328676, 668271]] [1120833020, [834580, 1669150, 53412640, 417310, 6677280, 52170]] [18283070524, [13613608, 27227206, 871270432, 6806854, 108910624, 850868]] [1478031972, [1100550, 2201094, 70434864, 550278, 8804400, 68790]] [1030340775276, [767192703, 1534385247, 49100323923, 383602047, 6138057555, 47954907]] [33173155568, [24700987, 49401974, 1580863168, 12489846, 195940032, 1535120]]
Model_cost: [26112125446.0, [57605.0, 40282660, 1288904952, 3294628, 49400505, 128418]] [3459738498.0, [124719.0, 5111919, 163578660, 385647, 77870628, 184743]] [138511420.0, [100.0, 195230, 6247200, 13150, 6247200, 195210]] [2342347328.0, [39851.0, 3327942, 106002464, 38734, 103509152, 971769656]] [1416943524, [11286, 2175750, 69427248, 174726, 7767792, 19803]] [259943468916.0, [21519.0, 383608719, 12275433555, 28432407, 6137123727, 14212815]] [1013086924.0, [3240.0, 1491702, 47652928, 134430, 25506688, 541072]]
Arch_Param: [32, 8192, 1024, 4, 512, 64]
Samsung_cost: [34377843956.0, [25601321.0, 51203108, 1638358008, 12858404, 203074744, 1587489]] [13296407682, [9891951, 19783791, 633078564, 4912239, 85328676, 668271]] [1120833020, [834580, 1669150, 53412640, 417310, 6677280, 52170]] [18283070524, [13613608, 27227206, 871270432, 6806854, 108910624, 850868]] [1478031972, [1100550, 2201094, 70434864, 550278, 8804400, 68790]] [1030340775276, [767192703, 1534385247, 49100323923, 383602047, 6138057555, 47954907]] [33173155568, [24700987, 49401974, 1580863168, 12489846, 195940032, 1535120]]
Model_cost: [26112125446.0, [57605.0, 40282660, 1288904952, 3294628, 49400505, 128418]] [3454872450.0, [124719.0, 5111919, 163578660, 164463, 77870628, 2433543]] [138511420.0, [100.0, 195230, 6247200, 13150, 6247200, 195210]] [2342347328.0, [39851.0, 3327942, 106002464, 38734, 103509152, 971769656]] [1416943524, [11286, 2175750, 69427248, 174726, 7767792, 19803]] [259552934772.0, [21519.0, 383608719, 12275433555, 10680855, 6137123727, 191785179]] [1012670156.0, [3240.0, 1491702, 47652928, 115486, 25506688, 754576]]
Arch_Param: [32, 8192, 1024, 4, 512, 128]
Samsung_cost: [34139655412.0, [25601321.0, 51203108, 1638358008, 2031652, 203074744, 1587489]] [13202195586, [9891951, 19783791, 633078564, 629871, 85328676, 668271]] [1113961980, [834580, 1669150, 53412640, 104990, 6677280, 52170]] [18140126140, [13613608, 27227206, 871270432, 309382, 108910624, 850868]] [1466790500, [1100550, 2201094, 70434864, 39302, 8804400, 68790]] [1022841384300, [767192703, 1534385247, 49100323923, 42720639, 6138057555, 47954907]] [32943523440, [24700987, 49401974, 1580863168, 2052022, 195940032, 1535120]]
Model_cost: [26112125446.0, [57605.0, 40282660, 1288904952, 3294628, 49400505, 128418]] [3454872450.0, [124719.0, 5111919, 163578660, 164463, 77870628, 2433543]] [138511420.0, [100.0, 195230, 6247200, 13150, 6247200, 195210]] [2342347328.0, [39851.0, 3327942, 106002464, 38734, 103509152, 971769656]] [1414104996.0, [11286.0, 2175750, 69427248, 45702, 7767792, 237915]] [259552934772.0, [21519.0, 383608719, 12275433555, 10680855, 6137123727, 191785179]] [1012512460.0, [3240.0, 1491702, 47652928, 108318, 25506688, 790800]]
Arch_Param: [32, 8192, 1024, 4, 512, 256]
Samsung_cost: [34139655412.0, [25601321.0, 51203108, 1638358008, 2031652, 203074744, 1587489]] [13202195586, [9891951, 19783791, 633078564, 629871, 85328676, 668271]] [1113961980, [834580, 1669150, 53412640, 104990, 6677280, 52170]] [18140126140, [13613608, 27227206, 871270432, 309382, 108910624, 850868]] [1466790500, [1100550, 2201094, 70434864, 39302, 8804400, 68790]] [1022841384300, [767192703, 1534385247, 49100323923, 42720639, 6138057555, 47954907]] [32943523440, [24700987, 49401974, 1580863168, 2052022, 195940032, 1535120]]
Model_cost: [26112125446.0, [57605.0, 40282660, 1288904952, 3294628, 49400505, 128418]] [3454872450.0, [124719.0, 5111919, 163578660, 164463, 77870628, 2433543]] [138511420.0, [100.0, 195230, 6247200, 13150, 6247200, 195210]] [2342347328.0, [39851.0, 3327942, 106002464, 38734, 103509152, 971769656]] [1414104996.0, [11286.0, 2175750, 69427248, 45702, 7767792, 237915]] [259552934772.0, [21519.0, 383608719, 12275433555, 10680855, 6137123727, 191785179]] [1012512460.0, [3240.0, 1491702, 47652928, 108318, 25506688, 790800]]
Arch_Param: [32, 8192, 1024, 4, 512, 512]
Samsung_cost: [34139655412.0, [25601321.0, 51203108, 1638358008, 2031652, 203074744, 1587489]] [13202195586, [9891951, 19783791, 633078564, 629871, 85328676, 668271]] [1113961980, [834580, 1669150, 53412640, 104990, 6677280, 52170]] [18140126140, [13613608, 27227206, 871270432, 309382, 108910624, 850868]] [1466790500, [1100550, 2201094, 70434864, 39302, 8804400, 68790]] [1022841384300, [767192703, 1534385247, 49100323923, 42720639, 6138057555, 47954907]] [32943523440, [24700987, 49401974, 1580863168, 2052022, 195940032, 1535120]]
Model_cost: [26077647046.0, [57605.0, 40282660, 1288904952, 1727428, 49400505, 1534114]] [3454872450.0, [124719.0, 5111919, 163578660, 164463, 77870628, 2433543]] [138511420.0, [100.0, 195230, 6247200, 13150, 6247200, 195210]] [2342347328.0, [39851.0, 3327942, 106002464, 38734, 103509152, 971769656]] [1414014884.0, [11286.0, 2175750, 69427248, 41606, 7767792, 241755]] [259552934772.0, [21519.0, 383608719, 12275433555, 10680855, 6137123727, 191785179]] [1012406776.0, [3237.0, 1491702, 47652928, 103518, 25506688, 796752]]
Arch_Param: [32, 8192, 1024, 4, 1024, 16]
Samsung_cost: [34275488934.0, [25601321.0, 25614369, 1638358008, 12858401, 203074744, 1587489]] [13256840322, [9891951, 9891951, 633078564, 4912239, 85328676, 668271]] [1117494520, [834580, 834580, 53412640, 417300, 6677280, 52170]] [18228615472, [13613608, 13613608, 871270432, 6806824, 108910624, 850868]] [1473629796, [1100550, 1100550, 70434864, 550278, 8804400, 68790]] [1027272005100, [767192703, 767192703, 49100323923, 383602047, 6138057555, 47954907]] [33074350322, [24700987, 24700987, 1580863168, 12489787, 195940032, 1535120]]
Model_cost: [26031984056.0, [57605.0, 20247329, 1288904952, 3294625, 49400505, 124322]] [3449514882.0, [124719.0, 2556015, 163578660, 385647, 77870628, 184599]] [138146500.0, [105.0, 104020, 6247200, 13140, 6247200, 27210]] [2335757504.0, [39856.0, 1680616, 106002464, 38704, 103509152, 971600038]] [1412608420, [11286, 1091974, 69427248, 174726, 7767792, 19803]] [259176254868.0, [21519.0, 191805207, 12275433555, 28432407, 6137123727, 14212803]] [1010133966.0, [3240.0, 753787, 47652928, 134371, 25506688, 283792]]
Arch_Param: [32, 8192, 1024, 4, 1024, 64]
Samsung_cost: [34275488934.0, [25601321.0, 25614369, 1638358008, 12858401, 203074744, 1587489]] [13256840322, [9891951, 9891951, 633078564, 4912239, 85328676, 668271]] [1117494520, [834580, 834580, 53412640, 417300, 6677280, 52170]] [18228615472, [13613608, 13613608, 871270432, 6806824, 108910624, 850868]] [1473629796, [1100550, 1100550, 70434864, 550278, 8804400, 68790]] [1027272005100, [767192703, 767192703, 49100323923, 383602047, 6138057555, 47954907]] [33074350322, [24700987, 24700987, 1580863168, 12489787, 195940032, 1535120]]
Model_cost: [26031984056.0, [57605.0, 20247329, 1288904952, 3294625, 49400505, 124322]] [3444648834.0, [124719.0, 2556015, 163578660, 164463, 77870628, 1216827]] [138146500.0, [105.0, 104020, 6247200, 13140, 6247200, 27210]] [2335757504.0, [39856.0, 1680616, 106002464, 38704, 103509152, 971600038]] [1412608420, [11286, 1091974, 69427248, 174726, 7767792, 19803]] [258785720724.0, [21519.0, 191805207, 12275433555, 10680855, 6137123727, 95892675]] [1009717198.0, [3240.0, 753787, 47652928, 115427, 25506688, 380560]]
Arch_Param: [32, 8192, 1024, 4, 1024, 128]
Samsung_cost: [34037300390.0, [25601321.0, 25614369, 1638358008, 2031649, 203074744, 1587489]] [13162628226, [9891951, 9891951, 633078564, 629871, 85328676, 668271]] [1110623480, [834580, 834580, 53412640, 104980, 6677280, 52170]] [18085671088, [13613608, 13613608, 871270432, 309352, 108910624, 850868]] [1462388324, [1100550, 1100550, 70434864, 39302, 8804400, 68790]] [1019772614124, [767192703, 767192703, 49100323923, 42720639, 6138057555, 47954907]] [32844718194, [24700987, 24700987, 1580863168, 2051963, 195940032, 1535120]]
Model_cost: [26031984056.0, [57605.0, 20247329, 1288904952, 3294625, 49400505, 124322]] [3444648834.0, [124719.0, 2556015, 163578660, 164463, 77870628, 1216827]] [138146500.0, [105.0, 104020, 6247200, 13140, 6247200, 27210]] [2335757504.0, [39856.0, 1680616, 106002464, 38704, 103509152, 971600038]] [1409769892.0, [11286.0, 1091974, 69427248, 45702, 7767792, 119131]] [258785720724.0, [21519.0, 191805207, 12275433555, 10680855, 6137123727, 95892675]] [1009559502.0, [3240.0, 753787, 47652928, 108259, 25506688, 396304]]
Arch_Param: [32, 8192, 1024, 4, 1024, 256]
Samsung_cost: [34037300390.0, [25601321.0, 25614369, 1638358008, 2031649, 203074744, 1587489]] [13162628226, [9891951, 9891951, 633078564, 629871, 85328676, 668271]] [1110623480, [834580, 834580, 53412640, 104980, 6677280, 52170]] [18085671088, [13613608, 13613608, 871270432, 309352, 108910624, 850868]] [1462388324, [1100550, 1100550, 70434864, 39302, 8804400, 68790]] [1019772614124, [767192703, 767192703, 49100323923, 42720639, 6138057555, 47954907]] [32844718194, [24700987, 24700987, 1580863168, 2051963, 195940032, 1535120]]
Model_cost: [26031984056.0, [57605.0, 20247329, 1288904952, 3294625, 49400505, 124322]] [3444648834.0, [124719.0, 2556015, 163578660, 164463, 77870628, 1216827]] [138146500.0, [105.0, 104020, 6247200, 13140, 6247200, 27210]] [2335757504.0, [39856.0, 1680616, 106002464, 38704, 103509152, 971600038]] [1409769892.0, [11286.0, 1091974, 69427248, 45702, 7767792, 119131]] [258785720724.0, [21519.0, 191805207, 12275433555, 10680855, 6137123727, 95892675]] [1009559502.0, [3240.0, 753787, 47652928, 108259, 25506688, 396304]]
Arch_Param: [32, 8192, 1024, 4, 1024, 512]
Samsung_cost: [34037300390.0, [25601321.0, 25614369, 1638358008, 2031649, 203074744, 1587489]] [13162628226, [9891951, 9891951, 633078564, 629871, 85328676, 668271]] [1110623480, [834580, 834580, 53412640, 104980, 6677280, 52170]] [18085671088, [13613608, 13613608, 871270432, 309352, 108910624, 850868]] [1462388324, [1100550, 1100550, 70434864, 39302, 8804400, 68790]] [1019772614124, [767192703, 767192703, 49100323923, 42720639, 6138057555, 47954907]] [32844718194, [24700987, 24700987, 1580863168, 2051963, 195940032, 1535120]]
Model_cost: [25997505656.0, [57605.0, 20247329, 1288904952, 1727425, 49400505, 768162]] [3444648834.0, [124719.0, 2556015, 163578660, 164463, 77870628, 1216827]] [138146500.0, [105.0, 104020, 6247200, 13140, 6247200, 27210]] [2335757504.0, [39856.0, 1680616, 106002464, 38704, 103509152, 971600038]] [1409679780.0, [11286.0, 1091974, 69427248, 41606, 7767792, 120923]] [258785720724.0, [21519.0, 191805207, 12275433555, 10680855, 6137123727, 95892675]] [1009434618.0, [3237.0, 748987, 47652928, 103459, 25506688, 398416]]
Arch_Param: [32, 8192, 1024, 8, 256, 16]
Samsung_cost: [17328672742.0, [12827945.0, 51312193, 820923384, 6444097, 102001848, 797857]] [13375542402, [9891951, 39567471, 633078564, 4912239, 85328676, 668271]] [1127510020, [834580, 3338290, 53412640, 417330, 6677280, 52170]] [18391980628, [13613608, 54454402, 871270432, 6806914, 108910624, 850868]] [1385327588, [1025414, 4101638, 65626160, 512710, 8203312, 64094]] [1036478315628, [767192703, 3068770335, 49100323923, 383602047, 6138057555, 47954907]] [32541407980, [24086587, 96346348, 1541541568, 12113132, 192138944, 1505424]]
Model_cost: [13683717788.0, [29748.0, 41814593, 668963704, 1706881, 49400505, 136610]] [1888854786.0, [117711.0, 5333103, 85328676, 86895, 77870628, 4866975]] [139292740.0, [100.0, 390450, 6247200, 13170, 6247200, 390410]] [2355578456.0, [39851.0, 6635394, 106002464, 38794, 103509152, 971968092]] [720575300, [5646, 2171654, 34713648, 87366, 7767792, 19803]] [136686940716.0, [15831.0, 383626383, 6138012243, 5340891, 6137123727, 383570187]] [717552508.0, [1907.0, 2055020, 32839552, 67028, 25506688, 1502608]]
Arch_Param: [32, 8192, 1024, 8, 256, 64]
Samsung_cost: [17328672742.0, [12827945.0, 51312193, 820923384, 6444097, 102001848, 797857]] [13375542402, [9891951, 39567471, 633078564, 4912239, 85328676, 668271]] [1127510020, [834580, 3338290, 53412640, 417330, 6677280, 52170]] [18391980628, [13613608, 54454402, 871270432, 6806914, 108910624, 850868]] [1385327588, [1025414, 4101638, 65626160, 512710, 8203312, 64094]] [1036478315628, [767192703, 3068770335, 49100323923, 383602047, 6138057555, 47954907]] [32541407980, [24086587, 96346348, 1541541568, 12113132, 192138944, 1505424]]
Model_cost: [13683717788.0, [29748.0, 41814593, 668963704, 1706881, 49400505, 136610]] [1888854786.0, [117711.0, 5333103, 85328676, 86895, 77870628, 4866975]] [139292740.0, [100.0, 390450, 6247200, 13170, 6247200, 390410]] [2355578456.0, [39851.0, 6635394, 106002464, 38794, 103509152, 971968092]] [719156036.0, [5646.0, 2171654, 34713648, 22854, 7767792, 475483]] [136686940716.0, [15831.0, 383626383, 6138012243, 5340891, 6137123727, 383570187]] [717462396.0, [1907.0, 2055020, 32839552, 62932, 25506688, 1579792]]
Arch_Param: [32, 8192, 1024, 8, 256, 128]
Samsung_cost: [17209420774.0, [12827945.0, 51312193, 820923384, 1023553, 102001848, 797857]] [13281330306, [9891951, 39567471, 633078564, 629871, 85328676, 668271]] [1120638980, [834580, 3338290, 53412640, 105010, 6677280, 52170]] [18249036244, [13613608, 54454402, 871270432, 309442, 108910624, 850868]] [1374773220, [1025414, 4101638, 65626160, 32966, 8203312, 64094]] [1028978924652, [767192703, 3068770335, 49100323923, 42720639, 6138057555, 47954907]] [32315200108, [24086587, 96346348, 1541541568, 1830956, 192138944, 1505424]]
Model_cost: [13683717788.0, [29748.0, 41814593, 668963704, 1706881, 49400505, 136610]] [1888854786.0, [117711.0, 5333103, 85328676, 86895, 77870628, 4866975]] [139292740.0, [100.0, 390450, 6247200, 13170, 6247200, 390410]] [2355578456.0, [39851.0, 6635394, 106002464, 38794, 103509152, 971968092]] [719156036.0, [5646.0, 2171654, 34713648, 22854, 7767792, 475483]] [136686940716.0, [15831.0, 383626383, 6138012243, 5340891, 6137123727, 383570187]] [717462396.0, [1907.0, 2055020, 32839552, 62932, 25506688, 1579792]]
Arch_Param: [32, 8192, 1024, 8, 256, 256]
Samsung_cost: [17209420774.0, [12827945.0, 51312193, 820923384, 1023553, 102001848, 797857]] [13281330306, [9891951, 39567471, 633078564, 629871, 85328676, 668271]] [1120638980, [834580, 3338290, 53412640, 105010, 6677280, 52170]] [18249036244, [13613608, 54454402, 871270432, 309442, 108910624, 850868]] [1374773220, [1025414, 4101638, 65626160, 32966, 8203312, 64094]] [1028978924652, [767192703, 3068770335, 49100323923, 42720639, 6138057555, 47954907]] [32315200108, [24086587, 96346348, 1541541568, 1830956, 192138944, 1505424]]
Model_cost: [13665789020.0, [29748.0, 41814593, 668963704, 891937, 49400505, 3066018]] [1888854786.0, [117711.0, 5333103, 85328676, 86895, 77870628, 4866975]] [139292740.0, [100.0, 390450, 6247200, 13170, 6247200, 390410]] [2355578456.0, [39851.0, 6635394, 106002464, 38794, 103509152, 971968092]] [719110980.0, [5646.0, 2171654, 34713648, 20806, 7767792, 483419]] [136686940716.0, [15831.0, 383626383, 6138012243, 5340891, 6137123727, 383570187]] [717407400.0, [1904.0, 2055020, 32839552, 60436, 25506688, 1593424]]
Arch_Param: [32, 8192, 1024, 8, 512, 16]
Samsung_cost: [17226048756.0, [12827945.0, 25656356, 820923384, 6444068, 102001848, 797857]] [13296407682, [9891951, 19783791, 633078564, 4912239, 85328676, 668271]] [1120833020, [834580, 1669150, 53412640, 417310, 6677280, 52170]] [18283070524, [13613608, 27227206, 871270432, 6806854, 108910624, 850868]] [1377124324, [1025414, 2050822, 65626160, 512710, 8203312, 64094]] [1030340775276, [767192703, 1534385247, 49100323923, 383602047, 6138057555, 47954907]] [32348712688, [24086587, 48173174, 1541541568, 12113014, 192138944, 1505424]]
Model_cost: [13600089002.0, [29748.0, 20907556, 668963704, 1706852, 49400505, 128418]] [1878188802.0, [117711.0, 2666607, 85328676, 86895, 77870628, 2433543]] [138511420.0, [100.0, 195230, 6247200, 13150, 6247200, 195210]] [2342347328.0, [39851.0, 3327942, 106002464, 38734, 103509152, 971769656]] [716240196, [5646, 1087878, 34713648, 87366, 7767792, 19803]] [135919689804.0, [15831.0, 191813655, 6138012243, 5340891, 6137123727, 191785179]] [713439872.0, [1907.0, 1027510, 32839552, 66910, 25506688, 754576]]
Arch_Param: [32, 8192, 1024, 8, 512, 64]
Samsung_cost: [17226048756.0, [12827945.0, 25656356, 820923384, 6444068, 102001848, 797857]] [13296407682, [9891951, 19783791, 633078564, 4912239, 85328676, 668271]] [1120833020, [834580, 1669150, 53412640, 417310, 6677280, 52170]] [18283070524, [13613608, 27227206, 871270432, 6806854, 108910624, 850868]] [1377124324, [1025414, 2050822, 65626160, 512710, 8203312, 64094]] [1030340775276, [767192703, 1534385247, 49100323923, 383602047, 6138057555, 47954907]] [32348712688, [24086587, 48173174, 1541541568, 12113014, 192138944, 1505424]]
Model_cost: [13600089002.0, [29748.0, 20907556, 668963704, 1706852, 49400505, 128418]] [1878188802.0, [117711.0, 2666607, 85328676, 86895, 77870628, 2433543]] [138511420.0, [100.0, 195230, 6247200, 13150, 6247200, 195210]] [2342347328.0, [39851.0, 3327942, 106002464, 38734, 103509152, 971769656]] [714820932.0, [5646.0, 1087878, 34713648, 22854, 7767792, 237915]] [135919689804.0, [15831.0, 191813655, 6138012243, 5340891, 6137123727, 191785179]] [713349760.0, [1907.0, 1027510, 32839552, 62814, 25506688, 790800]]
Arch_Param: [32, 8192, 1024, 8, 512, 128]
Samsung_cost: [17106796788.0, [12827945.0, 25656356, 820923384, 1023524, 102001848, 797857]] [13202195586, [9891951, 19783791, 633078564, 629871, 85328676, 668271]] [1113961980, [834580, 1669150, 53412640, 104990, 6677280, 52170]] [18140126140, [13613608, 27227206, 871270432, 309382, 108910624, 850868]] [1366569956, [1025414, 2050822, 65626160, 32966, 8203312, 64094]] [1022841384300, [767192703, 1534385247, 49100323923, 42720639, 6138057555, 47954907]] [32122504816, [24086587, 48173174, 1541541568, 1830838, 192138944, 1505424]]
Model_cost: [13600089002.0, [29748.0, 20907556, 668963704, 1706852, 49400505, 128418]] [1878188802.0, [117711.0, 2666607, 85328676, 86895, 77870628, 2433543]] [138511420.0, [100.0, 195230, 6247200, 13150, 6247200, 195210]] [2342347328.0, [39851.0, 3327942, 106002464, 38734, 103509152, 971769656]] [714820932.0, [5646.0, 1087878, 34713648, 22854, 7767792, 237915]] [135919689804.0, [15831.0, 191813655, 6138012243, 5340891, 6137123727, 191785179]] [713349760.0, [1907.0, 1027510, 32839552, 62814, 25506688, 790800]]
Arch_Param: [32, 8192, 1024, 8, 512, 256]
Samsung_cost: [17106796788.0, [12827945.0, 25656356, 820923384, 1023524, 102001848, 797857]] [13202195586, [9891951, 19783791, 633078564, 629871, 85328676, 668271]] [1113961980, [834580, 1669150, 53412640, 104990, 6677280, 52170]] [18140126140, [13613608, 27227206, 871270432, 309382, 108910624, 850868]] [1366569956, [1025414, 2050822, 65626160, 32966, 8203312, 64094]] [1022841384300, [767192703, 1534385247, 49100323923, 42720639, 6138057555, 47954907]] [32122504816, [24086587, 48173174, 1541541568, 1830838, 192138944, 1505424]]
Model_cost: [13582160234.0, [29748.0, 20907556, 668963704, 891908, 49400505, 1534114]] [1878188802.0, [117711.0, 2666607, 85328676, 86895, 77870628, 2433543]] [138511420.0, [100.0, 195230, 6247200, 13150, 6247200, 195210]] [2342347328.0, [39851.0, 3327942, 106002464, 38734, 103509152, 971769656]] [714775876.0, [5646.0, 1087878, 34713648, 20806, 7767792, 241755]] [135919689804.0, [15831.0, 191813655, 6138012243, 5340891, 6137123727, 191785179]] [713294764.0, [1904.0, 1027510, 32839552, 60318, 25506688, 796752]]
Arch_Param: [32, 8192, 1024, 8, 512, 512]
Samsung_cost: [17106796788.0, [12827945.0, 25656356, 820923384, 1023524, 102001848, 797857]] [13202195586, [9891951, 19783791, 633078564, 629871, 85328676, 668271]] [1113961980, [834580, 1669150, 53412640, 104990, 6677280, 52170]] [18140126140, [13613608, 27227206, 871270432, 309382, 108910624, 850868]] [1366569956, [1025414, 2050822, 65626160, 32966, 8203312, 64094]] [1022841384300, [767192703, 1534385247, 49100323923, 42720639, 6138057555, 47954907]] [32122504816, [24086587, 48173174, 1541541568, 1830838, 192138944, 1505424]]
Model_cost: [13582160234.0, [29748.0, 20907556, 668963704, 891908, 49400505, 1534114]] [1878188802.0, [117711.0, 2666607, 85328676, 86895, 77870628, 2433543]] [138511420.0, [100.0, 195230, 6247200, 13150, 6247200, 195210]] [2342347328.0, [39851.0, 3327942, 106002464, 38734, 103509152, 971769656]] [714769348.0, [5646.0, 1087878, 34713648, 19654, 7777200, 242322]] [135919689804.0, [15831.0, 191813655, 6138012243, 5340891, 6137123727, 191785179]] [713294764.0, [1904.0, 1027510, 32839552, 60318, 25506688, 796752]]
Arch_Param: [32, 8192, 1024, 8, 1024, 16]
Samsung_cost: [17174762662.0, [12827945.0, 12834849, 820923384, 6444065, 102001848, 797857]] [13256840322, [9891951, 9891951, 633078564, 4912239, 85328676, 668271]] [1117494520, [834580, 834580, 53412640, 417300, 6677280, 52170]] [18228615472, [13613608, 13613608, 871270432, 6806824, 108910624, 850868]] [1373022692, [1025414, 1025414, 65626160, 512710, 8203312, 64094]] [1027272005100, [767192703, 767192703, 49100323923, 383602047, 6138057555, 47954907]] [32252365042, [24086587, 24086587, 1541541568, 12112955, 192138944, 1505424]]
Model_cost: [13558486364.0, [29748.0, 10506913, 668963704, 1706849, 49400505, 124322]] [1872855810.0, [117711.0, 1333359, 85328676, 86895, 77870628, 1216827]] [138146500.0, [105.0, 104020, 6247200, 13140, 6247200, 27210]] [2335757504.0, [39856.0, 1680616, 106002464, 38704, 103509152, 971600038]] [714072644, [5646, 545990, 34713648, 87366, 7767792, 19803]] [135536064348.0, [15831.0, 95907291, 6138012243, 5340891, 6137123727, 95892675]] [711399810.0, [1907.0, 517819, 32839552, 66851, 25506688, 380560]]
Arch_Param: [32, 8192, 1024, 8, 1024, 64]
Samsung_cost: [17174762662.0, [12827945.0, 12834849, 820923384, 6444065, 102001848, 797857]] [13256840322, [9891951, 9891951, 633078564, 4912239, 85328676, 668271]] [1117494520, [834580, 834580, 53412640, 417300, 6677280, 52170]] [18228615472, [13613608, 13613608, 871270432, 6806824, 108910624, 850868]] [1373022692, [1025414, 1025414, 65626160, 512710, 8203312, 64094]] [1027272005100, [767192703, 767192703, 49100323923, 383602047, 6138057555, 47954907]] [32252365042, [24086587, 24086587, 1541541568, 12112955, 192138944, 1505424]]
Model_cost: [13558486364.0, [29748.0, 10506913, 668963704, 1706849, 49400505, 124322]] [1872855810.0, [117711.0, 1333359, 85328676, 86895, 77870628, 1216827]] [138146500.0, [105.0, 104020, 6247200, 13140, 6247200, 27210]] [2335757504.0, [39856.0, 1680616, 106002464, 38704, 103509152, 971600038]] [712653380.0, [5646.0, 545990, 34713648, 22854, 7767792, 119131]] [135536064348.0, [15831.0, 95907291, 6138012243, 5340891, 6137123727, 95892675]] [711309698.0, [1907.0, 517819, 32839552, 62755, 25506688, 396304]]
Arch_Param: [32, 8192, 1024, 8, 1024, 128]
Samsung_cost: [17055510694.0, [12827945.0, 12834849, 820923384, 1023521, 102001848, 797857]] [13162628226, [9891951, 9891951, 633078564, 629871, 85328676, 668271]] [1110623480, [834580, 834580, 53412640, 104980, 6677280, 52170]] [18085671088, [13613608, 13613608, 871270432, 309352, 108910624, 850868]] [1362468324, [1025414, 1025414, 65626160, 32966, 8203312, 64094]] [1019772614124, [767192703, 767192703, 49100323923, 42720639, 6138057555, 47954907]] [32026157170, [24086587, 24086587, 1541541568, 1830779, 192138944, 1505424]]
Model_cost: [13558486364.0, [29748.0, 10506913, 668963704, 1706849, 49400505, 124322]] [1872855810.0, [117711.0, 1333359, 85328676, 86895, 77870628, 1216827]] [138146500.0, [105.0, 104020, 6247200, 13140, 6247200, 27210]] [2335757504.0, [39856.0, 1680616, 106002464, 38704, 103509152, 971600038]] [712653380.0, [5646.0, 545990, 34713648, 22854, 7767792, 119131]] [135536064348.0, [15831.0, 95907291, 6138012243, 5340891, 6137123727, 95892675]] [711309698.0, [1907.0, 517819, 32839552, 62755, 25506688, 396304]]
Arch_Param: [32, 8192, 1024, 8, 1024, 256]
Samsung_cost: [17055510694.0, [12827945.0, 12834849, 820923384, 1023521, 102001848, 797857]] [13162628226, [9891951, 9891951, 633078564, 629871, 85328676, 668271]] [1110623480, [834580, 834580, 53412640, 104980, 6677280, 52170]] [18085671088, [13613608, 13613608, 871270432, 309352, 108910624, 850868]] [1362468324, [1025414, 1025414, 65626160, 32966, 8203312, 64094]] [1019772614124, [767192703, 767192703, 49100323923, 42720639, 6138057555, 47954907]] [32026157170, [24086587, 24086587, 1541541568, 1830779, 192138944, 1505424]]
Model_cost: [13540557596.0, [29748.0, 10506913, 668963704, 891905, 49400505, 768162]] [1872855810.0, [117711.0, 1333359, 85328676, 86895, 77870628, 1216827]] [138146500.0, [105.0, 104020, 6247200, 13140, 6247200, 27210]] [2335757504.0, [39856.0, 1680616, 106002464, 38704, 103509152, 971600038]] [712608324.0, [5646.0, 545990, 34713648, 20806, 7767792, 120923]] [135536064348.0, [15831.0, 95907291, 6138012243, 5340891, 6137123727, 95892675]] [711244718.0, [1904.0, 515323, 32839552, 60259, 25506688, 398416]]
Arch_Param: [32, 8192, 1024, 8, 1024, 512]
Samsung_cost: [17055510694.0, [12827945.0, 12834849, 820923384, 1023521, 102001848, 797857]] [13162628226, [9891951, 9891951, 633078564, 629871, 85328676, 668271]] [1110623480, [834580, 834580, 53412640, 104980, 6677280, 52170]] [18085671088, [13613608, 13613608, 871270432, 309352, 108910624, 850868]] [1362468324, [1025414, 1025414, 65626160, 32966, 8203312, 64094]] [1019772614124, [767192703, 767192703, 49100323923, 42720639, 6138057555, 47954907]] [32026157170, [24086587, 24086587, 1541541568, 1830779, 192138944, 1505424]]
Model_cost: [13540557596.0, [29748.0, 10506913, 668963704, 891905, 49400505, 768162]] [1872855810.0, [117711.0, 1333359, 85328676, 86895, 77870628, 1216827]] [138146500.0, [105.0, 104020, 6247200, 13140, 6247200, 27210]] [2335757504.0, [39856.0, 1680616, 106002464, 38704, 103509152, 971600038]] [712601796.0, [5646.0, 545990, 34713648, 19654, 7777200, 121196]] [135536064348.0, [15831.0, 95907291, 6138012243, 5340891, 6137123727, 95892675]] [711244718.0, [1904.0, 515323, 32839552, 60259, 25506688, 398416]]
Arch_Param: [32, 8192, 1024, 16, 256, 16]
Samsung_cost: [8701681638.0, [6441257.0, 25765441, 412206072, 3236929, 51465400, 403041]] [13375542402, [9891951, 39567471, 633078564, 4912239, 85328676, 668271]] [1127510020, [834580, 3338290, 53412640, 417330, 6677280, 52170]] [18391980628, [13613608, 54454402, 871270432, 6806914, 108910624, 850868]] [1334573220, [987846, 3951366, 63221808, 493926, 7902768, 61746]] [1036478315628, [767192703, 3068770335, 49100323923, 383602047, 6138057555, 47954907]] [32126728940, [23779387, 95117548, 1521880768, 11924716, 190238400, 1490576]]
Model_cost: [7391664704.0, [15843.0, 22447809, 359126200, 913857, 49400505, 136610]] [1888854786.0, [117711.0, 5333103, 85328676, 86895, 77870628, 4866975]] [139292740.0, [100.0, 390450, 6247200, 13170, 6247200, 390410]] [2355578456.0, [39851.0, 6635394, 106002464, 38794, 103509152, 971968092]] [368056084, [2826, 1085830, 17356848, 43686, 7767792, 19803]] [136686940716.0, [15831.0, 383626383, 6138012243, 5340891, 6137123727, 383570187]] [629545528.0, [1356.0, 1783660, 28517760, 45652, 25506688, 1502608]]
Arch_Param: [32, 8192, 1024, 16, 256, 64]
Samsung_cost: [8701681638.0, [6441257.0, 25765441, 412206072, 3236929, 51465400, 403041]] [13375542402, [9891951, 39567471, 633078564, 4912239, 85328676, 668271]] [1127510020, [834580, 3338290, 53412640, 417330, 6677280, 52170]] [18391980628, [13613608, 54454402, 871270432, 6806914, 108910624, 850868]] [1334573220, [987846, 3951366, 63221808, 493926, 7902768, 61746]] [1036478315628, [767192703, 3068770335, 49100323923, 383602047, 6138057555, 47954907]] [32126728940, [23779387, 95117548, 1521880768, 11924716, 190238400, 1490576]]
Model_cost: [7391664704.0, [15843.0, 22447809, 359126200, 913857, 49400505, 136610]] [1888854786.0, [117711.0, 5333103, 85328676, 86895, 77870628, 4866975]] [139292740.0, [100.0, 390450, 6247200, 13170, 6247200, 390410]] [2355578456.0, [39851.0, 6635394, 106002464, 38794, 103509152, 971968092]] [367346452.0, [2826.0, 1085830, 17356848, 11430, 7767792, 475483]] [136686940716.0, [15831.0, 383626383, 6138012243, 5340891, 6137123727, 383570187]] [629500472.0, [1356.0, 1783660, 28517760, 43604, 25506688, 1579792]]
Arch_Param: [32, 8192, 1024, 16, 256, 128]
Samsung_cost: [8641897958.0, [6441257.0, 25765441, 412206072, 519489, 51465400, 403041]] [13281330306, [9891951, 39567471, 633078564, 629871, 85328676, 668271]] [1120638980, [834580, 3338290, 53412640, 105010, 6677280, 52170]] [18249036244, [13613608, 54454402, 871270432, 309442, 108910624, 850868]] [1324362404, [987846, 3951366, 63221808, 29798, 7902768, 61746]] [1028978924652, [767192703, 3068770335, 49100323923, 42720639, 6138057555, 47954907]] [31902233196, [23779387, 95117548, 1521880768, 1720364, 190238400, 1490576]]
Model_cost: [7382010752.0, [15843.0, 22447809, 359126200, 475041, 49400505, 3066018]] [1888854786.0, [117711.0, 5333103, 85328676, 86895, 77870628, 4866975]] [139292740.0, [100.0, 390450, 6247200, 13170, 6247200, 390410]] [2355578456.0, [39851.0, 6635394, 106002464, 38794, 103509152, 971968092]] [367323924.0, [2826.0, 1085830, 17356848, 10406, 7767792, 483419]] [136686940716.0, [15831.0, 383626383, 6138012243, 5340891, 6137123727, 383570187]] [629470820.0, [1353.0, 1783660, 28517760, 42260, 25506688, 1593424]]
Arch_Param: [32, 8192, 1024, 16, 256, 256]
Samsung_cost: [8641897958.0, [6441257.0, 25765441, 412206072, 519489, 51465400, 403041]] [13281330306, [9891951, 39567471, 633078564, 629871, 85328676, 668271]] [1120638980, [834580, 3338290, 53412640, 105010, 6677280, 52170]] [18249036244, [13613608, 54454402, 871270432, 309442, 108910624, 850868]] [1324362404, [987846, 3951366, 63221808, 29798, 7902768, 61746]] [1028978924652, [767192703, 3068770335, 49100323923, 42720639, 6138057555, 47954907]] [31902233196, [23779387, 95117548, 1521880768, 1720364, 190238400, 1490576]]
Model_cost: [7382010752.0, [15843.0, 22447809, 359126200, 475041, 49400505, 3066018]] [1888854786.0, [117711.0, 5333103, 85328676, 86895, 77870628, 4866975]] [139292740.0, [100.0, 390450, 6247200, 13170, 6247200, 390410]] [2355578456.0, [39851.0, 6635394, 106002464, 38794, 103509152, 971968092]] [367323924.0, [2826.0, 1085830, 17356848, 10406, 7767792, 483419]] [136686940716.0, [15831.0, 383626383, 6138012243, 5340891, 6137123727, 383570187]] [629470820.0, [1353.0, 1783660, 28517760, 42260, 25506688, 1593424]]
Arch_Param: [32, 8192, 1024, 16, 512, 16]
Samsung_cost: [8650151156.0, [6441257.0, 12882980, 412206072, 3236900, 51465400, 403041]] [13296407682, [9891951, 19783791, 633078564, 4912239, 85328676, 668271]] [1120833020, [834580, 1669150, 53412640, 417310, 6677280, 52170]] [18283070524, [13613608, 27227206, 871270432, 6806854, 108910624, 850868]] [1326670500, [987846, 1975686, 63221808, 493926, 7902768, 61746]] [1030340775276, [767192703, 1534385247, 49100323923, 383602047, 6138057555, 47954907]] [31936491248, [23779387, 47558774, 1521880768, 11924598, 190238400, 1490576]]
Model_cost: [7346769486.0, [15843.0, 11224164, 359126200, 913828, 49400505, 128418]] [1878188802.0, [117711.0, 2666607, 85328676, 86895, 77870628, 2433543]] [138511420.0, [100.0, 195230, 6247200, 13150, 6247200, 195210]] [2342347328.0, [39851.0, 3327942, 106002464, 38734, 103509152, 971769656]] [365888532, [2826, 543942, 17356848, 43686, 7767792, 19803]] [135919689804.0, [15831.0, 191813655, 6138012243, 5340891, 6137123727, 191785179]] [625975612.0, [1356.0, 891830, 28517760, 45534, 25506688, 754576]]
Arch_Param: [32, 8192, 1024, 16, 512, 64]
Samsung_cost: [8650151156.0, [6441257.0, 12882980, 412206072, 3236900, 51465400, 403041]] [13296407682, [9891951, 19783791, 633078564, 4912239, 85328676, 668271]] [1120833020, [834580, 1669150, 53412640, 417310, 6677280, 52170]] [18283070524, [13613608, 27227206, 871270432, 6806854, 108910624, 850868]] [1326670500, [987846, 1975686, 63221808, 493926, 7902768, 61746]] [1030340775276, [767192703, 1534385247, 49100323923, 383602047, 6138057555, 47954907]] [31936491248, [23779387, 47558774, 1521880768, 11924598, 190238400, 1490576]]
Model_cost: [7346769486.0, [15843.0, 11224164, 359126200, 913828, 49400505, 128418]] [1878188802.0, [117711.0, 2666607, 85328676, 86895, 77870628, 2433543]] [138511420.0, [100.0, 195230, 6247200, 13150, 6247200, 195210]] [2342347328.0, [39851.0, 3327942, 106002464, 38734, 103509152, 971769656]] [365178900.0, [2826.0, 543942, 17356848, 11430, 7767792, 237915]] [135919689804.0, [15831.0, 191813655, 6138012243, 5340891, 6137123727, 191785179]] [625930556.0, [1356.0, 891830, 28517760, 43486, 25506688, 790800]]
Arch_Param: [32, 8192, 1024, 16, 512, 128]
Samsung_cost: [8590367476.0, [6441257.0, 12882980, 412206072, 519460, 51465400, 403041]] [13202195586, [9891951, 19783791, 633078564, 629871, 85328676, 668271]] [1113961980, [834580, 1669150, 53412640, 104990, 6677280, 52170]] [18140126140, [13613608, 27227206, 871270432, 309382, 108910624, 850868]] [1316459684, [987846, 1975686, 63221808, 29798, 7902768, 61746]] [1022841384300, [767192703, 1534385247, 49100323923, 42720639, 6138057555, 47954907]] [31711995504, [23779387, 47558774, 1521880768, 1720246, 190238400, 1490576]]
Model_cost: [7337115534.0, [15843.0, 11224164, 359126200, 475012, 49400505, 1534114]] [1878188802.0, [117711.0, 2666607, 85328676, 86895, 77870628, 2433543]] [138511420.0, [100.0, 195230, 6247200, 13150, 6247200, 195210]] [2342347328.0, [39851.0, 3327942, 106002464, 38734, 103509152, 971769656]] [365156372.0, [2826.0, 543942, 17356848, 10406, 7767792, 241755]] [135919689804.0, [15831.0, 191813655, 6138012243, 5340891, 6137123727, 191785179]] [625900904.0, [1353.0, 891830, 28517760, 42142, 25506688, 796752]]
Arch_Param: [32, 8192, 1024, 16, 512, 256]
Samsung_cost: [8590367476.0, [6441257.0, 12882980, 412206072, 519460, 51465400, 403041]] [13202195586, [9891951, 19783791, 633078564, 629871, 85328676, 668271]] [1113961980, [834580, 1669150, 53412640, 104990, 6677280, 52170]] [18140126140, [13613608, 27227206, 871270432, 309382, 108910624, 850868]] [1316459684, [987846, 1975686, 63221808, 29798, 7902768, 61746]] [1022841384300, [767192703, 1534385247, 49100323923, 42720639, 6138057555, 47954907]] [31711995504, [23779387, 47558774, 1521880768, 1720246, 190238400, 1490576]]
Model_cost: [7337115534.0, [15843.0, 11224164, 359126200, 475012, 49400505, 1534114]] [1878188802.0, [117711.0, 2666607, 85328676, 86895, 77870628, 2433543]] [138511420.0, [100.0, 195230, 6247200, 13150, 6247200, 195210]] [2342347328.0, [39851.0, 3327942, 106002464, 38734, 103509152, 971769656]] [365156372.0, [2826.0, 543942, 17356848, 10406, 7767792, 241755]] [135919689804.0, [15831.0, 191813655, 6138012243, 5340891, 6137123727, 191785179]] [625900904.0, [1353.0, 891830, 28517760, 42142, 25506688, 796752]]
Arch_Param: [32, 8192, 1024, 16, 512, 512]
Samsung_cost: [8590367476.0, [6441257.0, 12882980, 412206072, 519460, 51465400, 403041]] [13202195586, [9891951, 19783791, 633078564, 629871, 85328676, 668271]] [1113961980, [834580, 1669150, 53412640, 104990, 6677280, 52170]] [18140126140, [13613608, 27227206, 871270432, 309382, 108910624, 850868]] [1316459684, [987846, 1975686, 63221808, 29798, 7902768, 61746]] [1022841384300, [767192703, 1534385247, 49100323923, 42720639, 6138057555, 47954907]] [31711995504, [23779387, 47558774, 1521880768, 1720246, 190238400, 1490576]]
Model_cost: [7337009850.0, [15840.0, 11224164, 359126200, 470212, 49400505, 1540706]] [1878188802.0, [117711.0, 2666607, 85328676, 86895, 77870628, 2433543]] [138511420.0, [100.0, 195230, 6247200, 13150, 6247200, 195210]] [2342347328.0, [39851.0, 3327942, 106002464, 38734, 103509152, 971769656]] [365143700.0, [2826.0, 543942, 17356848, 9830, 7767792, 242028]] [135919689804.0, [15831.0, 191813655, 6138012243, 5340891, 6137123727, 191785179]] [625900904.0, [1353.0, 891830, 28517760, 42142, 25506688, 796752]]
Arch_Param: [32, 8192, 1024, 16, 1024, 16]
Samsung_cost: [8624399526.0, [6441257.0, 6445089, 412206072, 3236897, 51465400, 403041]] [13256840322, [9891951, 9891951, 633078564, 4912239, 85328676, 668271]] [1117494520, [834580, 834580, 53412640, 417300, 6677280, 52170]] [18228615472, [13613608, 13613608, 871270432, 6806824, 108910624, 850868]] [1322719140, [987846, 987846, 63221808, 493926, 7902768, 61746]] [1027272005100, [767192703, 767192703, 49100323923, 383602047, 6138057555, 47954907]] [31841372402, [23779387, 23779387, 1521880768, 11924539, 190238400, 1490576]]
Model_cost: [7324428288.0, [15843.0, 5638881, 359126200, 913825, 49400505, 124322]] [1872855810.0, [117711.0, 1333359, 85328676, 86895, 77870628, 1216827]] [138146500.0, [105.0, 104020, 6247200, 13140, 6247200, 27210]] [2335757504.0, [39856.0, 1680616, 106002464, 38704, 103509152, 971600038]] [364804756, [2826, 272998, 17356848, 43686, 7767792, 19803]] [135536064348.0, [15831.0, 95907291, 6138012243, 5340891, 6137123727, 95892675]] [624199230.0, [1356.0, 448059, 28517760, 45475, 25506688, 380560]]
Arch_Param: [32, 8192, 1024, 16, 1024, 64]
Samsung_cost: [8624399526.0, [6441257.0, 6445089, 412206072, 3236897, 51465400, 403041]] [13256840322, [9891951, 9891951, 633078564, 4912239, 85328676, 668271]] [1117494520, [834580, 834580, 53412640, 417300, 6677280, 52170]] [18228615472, [13613608, 13613608, 871270432, 6806824, 108910624, 850868]] [1322719140, [987846, 987846, 63221808, 493926, 7902768, 61746]] [1027272005100, [767192703, 767192703, 49100323923, 383602047, 6138057555, 47954907]] [31841372402, [23779387, 23779387, 1521880768, 11924539, 190238400, 1490576]]
Model_cost: [7324428288.0, [15843.0, 5638881, 359126200, 913825, 49400505, 124322]] [1872855810.0, [117711.0, 1333359, 85328676, 86895, 77870628, 1216827]] [138146500.0, [105.0, 104020, 6247200, 13140, 6247200, 27210]] [2335757504.0, [39856.0, 1680616, 106002464, 38704, 103509152, 971600038]] [364095124.0, [2826.0, 272998, 17356848, 11430, 7767792, 119131]] [135536064348.0, [15831.0, 95907291, 6138012243, 5340891, 6137123727, 95892675]] [624154174.0, [1356.0, 448059, 28517760, 43427, 25506688, 396304]]
Arch_Param: [32, 8192, 1024, 16, 1024, 128]
Samsung_cost: [8564615846.0, [6441257.0, 6445089, 412206072, 519457, 51465400, 403041]] [13162628226, [9891951, 9891951, 633078564, 629871, 85328676, 668271]] [1110623480, [834580, 834580, 53412640, 104980, 6677280, 52170]] [18085671088, [13613608, 13613608, 871270432, 309352, 108910624, 850868]] [1312508324, [987846, 987846, 63221808, 29798, 7902768, 61746]] [1019772614124, [767192703, 767192703, 49100323923, 42720639, 6138057555, 47954907]] [31616876658, [23779387, 23779387, 1521880768, 1720187, 190238400, 1490576]]
Model_cost: [7314774336.0, [15843.0, 5638881, 359126200, 475009, 49400505, 768162]] [1872855810.0, [117711.0, 1333359, 85328676, 86895, 77870628, 1216827]] [138146500.0, [105.0, 104020, 6247200, 13140, 6247200, 27210]] [2335757504.0, [39856.0, 1680616, 106002464, 38704, 103509152, 971600038]] [364072596.0, [2826.0, 272998, 17356848, 10406, 7767792, 120923]] [135536064348.0, [15831.0, 95907291, 6138012243, 5340891, 6137123727, 95892675]] [624119146.0, [1353.0, 446715, 28517760, 42083, 25506688, 398416]]
Arch_Param: [32, 8192, 1024, 16, 1024, 256]
Samsung_cost: [8564615846.0, [6441257.0, 6445089, 412206072, 519457, 51465400, 403041]] [13162628226, [9891951, 9891951, 633078564, 629871, 85328676, 668271]] [1110623480, [834580, 834580, 53412640, 104980, 6677280, 52170]] [18085671088, [13613608, 13613608, 871270432, 309352, 108910624, 850868]] [1312508324, [987846, 987846, 63221808, 29798, 7902768, 61746]] [1019772614124, [767192703, 767192703, 49100323923, 42720639, 6138057555, 47954907]] [31616876658, [23779387, 23779387, 1521880768, 1720187, 190238400, 1490576]]
Model_cost: [7314774336.0, [15843.0, 5638881, 359126200, 475009, 49400505, 768162]] [1872855810.0, [117711.0, 1333359, 85328676, 86895, 77870628, 1216827]] [138146500.0, [105.0, 104020, 6247200, 13140, 6247200, 27210]] [2335757504.0, [39856.0, 1680616, 106002464, 38704, 103509152, 971600038]] [364072596.0, [2826.0, 272998, 17356848, 10406, 7767792, 120923]] [135536064348.0, [15831.0, 95907291, 6138012243, 5340891, 6137123727, 95892675]] [624119146.0, [1353.0, 446715, 28517760, 42083, 25506688, 398416]]
Arch_Param: [32, 8192, 1024, 16, 1024, 512]
Samsung_cost: [8564615846.0, [6441257.0, 6445089, 412206072, 519457, 51465400, 403041]] [13162628226, [9891951, 9891951, 633078564, 629871, 85328676, 668271]] [1110623480, [834580, 834580, 53412640, 104980, 6677280, 52170]] [18085671088, [13613608, 13613608, 871270432, 309352, 108910624, 850868]] [1312508324, [987846, 987846, 63221808, 29798, 7902768, 61746]] [1019772614124, [767192703, 767192703, 49100323923, 42720639, 6138057555, 47954907]] [31616876658, [23779387, 23779387, 1521880768, 1720187, 190238400, 1490576]]
Model_cost: [7314649452.0, [15840.0, 5634081, 359126200, 470209, 49400505, 770594]] [1872855810.0, [117711.0, 1333359, 85328676, 86895, 77870628, 1216827]] [138146500.0, [105.0, 104020, 6247200, 13140, 6247200, 27210]] [2335757504.0, [39856.0, 1680616, 106002464, 38704, 103509152, 971600038]] [364059924.0, [2826.0, 272998, 17356848, 9830, 7767792, 121049]] [135536064348.0, [15831.0, 95907291, 6138012243, 5340891, 6137123727, 95892675]] [624119146.0, [1353.0, 446715, 28517760, 42083, 25506688, 398416]]
Arch_Param: [32, 8192, 1024, 32, 256, 16]
Samsung_cost: [8481531878.0, [6277929.0, 25112129, 401768440, 3146817, 50351288, 394337]] [13375542402, [9891951, 39567471, 633078564, 4912239, 85328676, 668271]] [1127510020, [834580, 3338290, 53412640, 417330, 6677280, 52170]] [18391980628, [13613608, 54454402, 871270432, 6806914, 108910624, 850868]] [1320263428, [977254, 3908998, 62543920, 488630, 7818032, 61084]] [1036478315628, [767192703, 3068770335, 49100323923, 383602047, 6138057555, 47954907]] [32082459372, [23746619, 94986476, 1519783616, 11908332, 189976256, 1488528]]
Model_cost: [4246780608.0, [8899.0, 12767937, 204263608, 517569, 49400505, 136610]] [1888854786.0, [117711.0, 5333103, 85328676, 86895, 77870628, 4866975]] [139292740.0, [100.0, 390450, 6247200, 13170, 6247200, 390410]] [2355578456.0, [39851.0, 6635394, 106002464, 38794, 103509152, 971968092]] [191441660.0, [1416.0, 542918, 8678448, 5718, 7767792, 475483]] [136686940716.0, [15831.0, 383626383, 6138012243, 5340891, 6137123727, 383570187]] [585519412.0, [1077.0, 1647980, 26356864, 33940, 25506688, 1579792]]
Arch_Param: [32, 8192, 1024, 32, 256, 64]
Samsung_cost: [8481531878.0, [6277929.0, 25112129, 401768440, 3146817, 50351288, 394337]] [13375542402, [9891951, 39567471, 633078564, 4912239, 85328676, 668271]] [1127510020, [834580, 3338290, 53412640, 417330, 6677280, 52170]] [18391980628, [13613608, 54454402, 871270432, 6806914, 108910624, 850868]] [1320263428, [977254, 3908998, 62543920, 488630, 7818032, 61084]] [1036478315628, [767192703, 3068770335, 49100323923, 383602047, 6138057555, 47954907]] [32082459372, [23746619, 94986476, 1519783616, 11908332, 189976256, 1488528]]
Model_cost: [4241264064.0, [8899.0, 12767937, 204263608, 266817, 49400505, 3066018]] [1888854786.0, [117711.0, 5333103, 85328676, 86895, 77870628, 4866975]] [139292740.0, [100.0, 390450, 6247200, 13170, 6247200, 390410]] [2355578456.0, [39851.0, 6635394, 106002464, 38794, 103509152, 971968092]] [191430396.0, [1416.0, 542918, 8678448, 5206, 7767792, 483419]] [136686940716.0, [15831.0, 383626383, 6138012243, 5340891, 6137123727, 383570187]] [585502516.0, [1077.0, 1647980, 26356864, 33172, 25506688, 1593424]]
Arch_Param: [32, 8192, 1024, 32, 256, 128]
Samsung_cost: [8422919654.0, [6277929.0, 25112129, 401768440, 482625, 50351288, 394337]] [13281330306, [9891951, 39567471, 633078564, 629871, 85328676, 668271]] [1120638980, [834580, 3338290, 53412640, 105010, 6677280, 52170]] [18249036244, [13613608, 54454402, 871270432, 309442, 108910624, 850868]] [1310145540, [977254, 3908998, 62543920, 28726, 7818032, 61084]] [1028978924652, [767192703, 3068770335, 49100323923, 42720639, 6138057555, 47954907]] [31858143852, [23746619, 94986476, 1519783616, 1712172, 189976256, 1488528]]
Model_cost: [4241264064.0, [8899.0, 12767937, 204263608, 266817, 49400505, 3066018]] [1888854786.0, [117711.0, 5333103, 85328676, 86895, 77870628, 4866975]] [139292740.0, [100.0, 390450, 6247200, 13170, 6247200, 390410]] [2355578456.0, [39851.0, 6635394, 106002464, 38794, 103509152, 971968092]] [191430396.0, [1416.0, 542918, 8678448, 5206, 7767792, 483419]] [136686940716.0, [15831.0, 383626383, 6138012243, 5340891, 6137123727, 383570187]] [585502516.0, [1077.0, 1647980, 26356864, 33172, 25506688, 1593424]]
Arch_Param: [32, 8192, 1024, 32, 256, 256]
Samsung_cost: [8422919654.0, [6277929.0, 25112129, 401768440, 482625, 50351288, 394337]] [13281330306, [9891951, 39567471, 633078564, 629871, 85328676, 668271]] [1120638980, [834580, 3338290, 53412640, 105010, 6677280, 52170]] [18249036244, [13613608, 54454402, 871270432, 309442, 108910624, 850868]] [1310145540, [977254, 3908998, 62543920, 28726, 7818032, 61084]] [1028978924652, [767192703, 3068770335, 49100323923, 42720639, 6138057555, 47954907]] [31858143852, [23746619, 94986476, 1519783616, 1712172, 189976256, 1488528]]
Model_cost: [4241209068.0, [8896.0, 12767937, 204263608, 264321, 49400505, 3080930]] [1888854786.0, [117711.0, 5333103, 85328676, 86895, 77870628, 4866975]] [139292740.0, [100.0, 390450, 6247200, 13170, 6247200, 390410]] [2355578456.0, [39851.0, 6635394, 106002464, 38794, 103509152, 971968092]] [191424060.0, [1416.0, 542918, 8678448, 4918, 7767792, 483986]] [136686940716.0, [15831.0, 383626383, 6138012243, 5340891, 6137123727, 383570187]] [585502516.0, [1077.0, 1647980, 26356864, 33172, 25506688, 1593424]]
Arch_Param: [32, 8192, 1024, 32, 512, 16]
Samsung_cost: [8431308020.0, [6277929.0, 12556324, 401768440, 3146788, 50351288, 394337]] [13296407682, [9891951, 19783791, 633078564, 4912239, 85328676, 668271]] [1120833020, [834580, 1669150, 53412640, 417310, 6677280, 52170]] [18283070524, [13613608, 27227206, 871270432, 6806854, 108910624, 850868]] [1312445444, [977254, 1954502, 62543920, 488630, 7818032, 61084]] [1030340775276, [767192703, 1534385247, 49100323923, 383602047, 6138057555, 47954907]] [31892483824, [23746619, 47493238, 1519783616, 11908214, 189976256, 1488528]]
Model_cost: [4221245134.0, [8899.0, 6384228, 204263608, 517540, 49400505, 128418]] [1878188802.0, [117711.0, 2666607, 85328676, 86895, 77870628, 2433543]] [138511420.0, [100.0, 195230, 6247200, 13150, 6247200, 195210]] [2342347328.0, [39851.0, 3327942, 106002464, 38734, 103509152, 971769656]] [190357884.0, [1416.0, 271974, 8678448, 5718, 7767792, 237915]] [135919689804.0, [15831.0, 191813655, 6138012243, 5340891, 6137123727, 191785179]] [582220856.0, [1077.0, 823990, 26356864, 33822, 25506688, 790800]]
Arch_Param: [32, 8192, 1024, 32, 512, 64]
Samsung_cost: [8431308020.0, [6277929.0, 12556324, 401768440, 3146788, 50351288, 394337]] [13296407682, [9891951, 19783791, 633078564, 4912239, 85328676, 668271]] [1120833020, [834580, 1669150, 53412640, 417310, 6677280, 52170]] [18283070524, [13613608, 27227206, 871270432, 6806854, 108910624, 850868]] [1312445444, [977254, 1954502, 62543920, 488630, 7818032, 61084]] [1030340775276, [767192703, 1534385247, 49100323923, 383602047, 6138057555, 47954907]] [31892483824, [23746619, 47493238, 1519783616, 11908214, 189976256, 1488528]]
Model_cost: [4215728590.0, [8899.0, 6384228, 204263608, 266788, 49400505, 1534114]] [1878188802.0, [117711.0, 2666607, 85328676, 86895, 77870628, 2433543]] [138511420.0, [100.0, 195230, 6247200, 13150, 6247200, 195210]] [2342347328.0, [39851.0, 3327942, 106002464, 38734, 103509152, 971769656]] [190346620.0, [1416.0, 271974, 8678448, 5206, 7767792, 241755]] [135919689804.0, [15831.0, 191813655, 6138012243, 5340891, 6137123727, 191785179]] [582203960.0, [1077.0, 823990, 26356864, 33054, 25506688, 796752]]
Arch_Param: [32, 8192, 1024, 32, 512, 128]
Samsung_cost: [8372695796.0, [6277929.0, 12556324, 401768440, 482596, 50351288, 394337]] [13202195586, [9891951, 19783791, 633078564, 629871, 85328676, 668271]] [1113961980, [834580, 1669150, 53412640, 104990, 6677280, 52170]] [18140126140, [13613608, 27227206, 871270432, 309382, 108910624, 850868]] [1302327556, [977254, 1954502, 62543920, 28726, 7818032, 61084]] [1022841384300, [767192703, 1534385247, 49100323923, 42720639, 6138057555, 47954907]] [31668168304, [23746619, 47493238, 1519783616, 1712054, 189976256, 1488528]]
Model_cost: [4215728590.0, [8899.0, 6384228, 204263608, 266788, 49400505, 1534114]] [1878188802.0, [117711.0, 2666607, 85328676, 86895, 77870628, 2433543]] [138511420.0, [100.0, 195230, 6247200, 13150, 6247200, 195210]] [2342347328.0, [39851.0, 3327942, 106002464, 38734, 103509152, 971769656]] [190346620.0, [1416.0, 271974, 8678448, 5206, 7767792, 241755]] [135919689804.0, [15831.0, 191813655, 6138012243, 5340891, 6137123727, 191785179]] [582203960.0, [1077.0, 823990, 26356864, 33054, 25506688, 796752]]
Arch_Param: [32, 8192, 1024, 32, 512, 256]
Samsung_cost: [8372695796.0, [6277929.0, 12556324, 401768440, 482596, 50351288, 394337]] [13202195586, [9891951, 19783791, 633078564, 629871, 85328676, 668271]] [1113961980, [834580, 1669150, 53412640, 104990, 6677280, 52170]] [18140126140, [13613608, 27227206, 871270432, 309382, 108910624, 850868]] [1302327556, [977254, 1954502, 62543920, 28726, 7818032, 61084]] [1022841384300, [767192703, 1534385247, 49100323923, 42720639, 6138057555, 47954907]] [31668168304, [23746619, 47493238, 1519783616, 1712054, 189976256, 1488528]]
Model_cost: [4215673594.0, [8896.0, 6384228, 204263608, 264292, 49400505, 1540706]] [1878188802.0, [117711.0, 2666607, 85328676, 86895, 77870628, 2433543]] [138511420.0, [100.0, 195230, 6247200, 13150, 6247200, 195210]] [2342347328.0, [39851.0, 3327942, 106002464, 38734, 103509152, 971769656]] [190340284.0, [1416.0, 271974, 8678448, 4918, 7767792, 242028]] [135919689804.0, [15831.0, 191813655, 6138012243, 5340891, 6137123727, 191785179]] [582203960.0, [1077.0, 823990, 26356864, 33054, 25506688, 796752]]
Arch_Param: [32, 8192, 1024, 32, 512, 512]
Samsung_cost: [8372695796.0, [6277929.0, 12556324, 401768440, 482596, 50351288, 394337]] [13202195586, [9891951, 19783791, 633078564, 629871, 85328676, 668271]] [1113961980, [834580, 1669150, 53412640, 104990, 6677280, 52170]] [18140126140, [13613608, 27227206, 871270432, 309382, 108910624, 850868]] [1302327556, [977254, 1954502, 62543920, 28726, 7818032, 61084]] [1022841384300, [767192703, 1534385247, 49100323923, 42720639, 6138057555, 47954907]] [31668168304, [23746619, 47493238, 1519783616, 1712054, 189976256, 1488528]]
Model_cost: [4215673594.0, [8896.0, 6384228, 204263608, 264292, 49400505, 1540706]] [1878188802.0, [117711.0, 2666607, 85328676, 86895, 77870628, 2433543]] [138511420.0, [100.0, 195230, 6247200, 13150, 6247200, 195210]] [2342347328.0, [39851.0, 3327942, 106002464, 38734, 103509152, 971769656]] [190340284.0, [1416.0, 271974, 8678448, 4918, 7767792, 242028]] [135919689804.0, [15831.0, 191813655, 6138012243, 5340891, 6137123727, 191785179]] [582203960.0, [1077.0, 823990, 26356864, 33054, 25506688, 796752]]
Arch_Param: [32, 8192, 1024, 32, 1024, 16]
Samsung_cost: [8406203558.0, [6277929.0, 6280225, 401768440, 3146785, 50351288, 394337]] [13256840322, [9891951, 9891951, 633078564, 4912239, 85328676, 668271]] [1117494520, [834580, 834580, 53412640, 417300, 6677280, 52170]] [18228615472, [13613608, 13613608, 871270432, 6806824, 108910624, 850868]] [1308536452, [977254, 977254, 62543920, 488630, 7818032, 61084]] [1027272005100, [767192703, 767192703, 49100323923, 383602047, 6138057555, 47954907]] [31797496050, [23746619, 23746619, 1519783616, 11908155, 189976256, 1488528]]
Model_cost: [4208531584.0, [8899.0, 3205857, 204263608, 517537, 49400505, 124322]] [1872855810.0, [117711.0, 1333359, 85328676, 86895, 77870628, 1216827]] [138146500.0, [105.0, 104020, 6247200, 13140, 6247200, 27210]] [2335757504.0, [39856.0, 1680616, 106002464, 38704, 103509152, 971600038]] [189815996.0, [1416.0, 136502, 8678448, 5718, 7767792, 119131]] [135536064348.0, [15831.0, 95907291, 6138012243, 5340891, 6137123727, 95892675]] [580576314.0, [1077.0, 413179, 26356864, 33763, 25506688, 396304]]
Arch_Param: [32, 8192, 1024, 32, 1024, 64]
Samsung_cost: [8406203558.0, [6277929.0, 6280225, 401768440, 3146785, 50351288, 394337]] [13256840322, [9891951, 9891951, 633078564, 4912239, 85328676, 668271]] [1117494520, [834580, 834580, 53412640, 417300, 6677280, 52170]] [18228615472, [13613608, 13613608, 871270432, 6806824, 108910624, 850868]] [1308536452, [977254, 977254, 62543920, 488630, 7818032, 61084]] [1027272005100, [767192703, 767192703, 49100323923, 383602047, 6138057555, 47954907]] [31797496050, [23746619, 23746619, 1519783616, 11908155, 189976256, 1488528]]
Model_cost: [4203015040.0, [8899.0, 3205857, 204263608, 266785, 49400505, 768162]] [1872855810.0, [117711.0, 1333359, 85328676, 86895, 77870628, 1216827]] [138146500.0, [105.0, 104020, 6247200, 13140, 6247200, 27210]] [2335757504.0, [39856.0, 1680616, 106002464, 38704, 103509152, 971600038]] [189804732.0, [1416.0, 136502, 8678448, 5206, 7767792, 120923]] [135536064348.0, [15831.0, 95907291, 6138012243, 5340891, 6137123727, 95892675]] [580556346.0, [1077.0, 412411, 26356864, 32995, 25506688, 398416]]
Arch_Param: [32, 8192, 1024, 32, 1024, 128]
Samsung_cost: [8347591334.0, [6277929.0, 6280225, 401768440, 482593, 50351288, 394337]] [13162628226, [9891951, 9891951, 633078564, 629871, 85328676, 668271]] [1110623480, [834580, 834580, 53412640, 104980, 6677280, 52170]] [18085671088, [13613608, 13613608, 871270432, 309352, 108910624, 850868]] [1298418564, [977254, 977254, 62543920, 28726, 7818032, 61084]] [1019772614124, [767192703, 767192703, 49100323923, 42720639, 6138057555, 47954907]] [31573180530, [23746619, 23746619, 1519783616, 1711995, 189976256, 1488528]]
Model_cost: [4203015040.0, [8899.0, 3205857, 204263608, 266785, 49400505, 768162]] [1872855810.0, [117711.0, 1333359, 85328676, 86895, 77870628, 1216827]] [138146500.0, [105.0, 104020, 6247200, 13140, 6247200, 27210]] [2335757504.0, [39856.0, 1680616, 106002464, 38704, 103509152, 971600038]] [189804732.0, [1416.0, 136502, 8678448, 5206, 7767792, 120923]] [135536064348.0, [15831.0, 95907291, 6138012243, 5340891, 6137123727, 95892675]] [580556346.0, [1077.0, 412411, 26356864, 32995, 25506688, 398416]]
Arch_Param: [32, 8192, 1024, 32, 1024, 256]
Samsung_cost: [8347591334.0, [6277929.0, 6280225, 401768440, 482593, 50351288, 394337]] [13162628226, [9891951, 9891951, 633078564, 629871, 85328676, 668271]] [1110623480, [834580, 834580, 53412640, 104980, 6677280, 52170]] [18085671088, [13613608, 13613608, 871270432, 309352, 108910624, 850868]] [1298418564, [977254, 977254, 62543920, 28726, 7818032, 61084]] [1019772614124, [767192703, 767192703, 49100323923, 42720639, 6138057555, 47954907]] [31573180530, [23746619, 23746619, 1519783616, 1711995, 189976256, 1488528]]
Model_cost: [4202950060.0, [8896.0, 3203361, 204263608, 264289, 49400505, 770594]] [1872855810.0, [117711.0, 1333359, 85328676, 86895, 77870628, 1216827]] [138146500.0, [105.0, 104020, 6247200, 13140, 6247200, 27210]] [2335757504.0, [39856.0, 1680616, 106002464, 38704, 103509152, 971600038]] [189798396.0, [1416.0, 136502, 8678448, 4918, 7767792, 121049]] [135536064348.0, [15831.0, 95907291, 6138012243, 5340891, 6137123727, 95892675]] [580556346.0, [1077.0, 412411, 26356864, 32995, 25506688, 398416]]
Arch_Param: [32, 8192, 1024, 32, 1024, 512]
Samsung_cost: [8347591334.0, [6277929.0, 6280225, 401768440, 482593, 50351288, 394337]] [13162628226, [9891951, 9891951, 633078564, 629871, 85328676, 668271]] [1110623480, [834580, 834580, 53412640, 104980, 6677280, 52170]] [18085671088, [13613608, 13613608, 871270432, 309352, 108910624, 850868]] [1298418564, [977254, 977254, 62543920, 28726, 7818032, 61084]] [1019772614124, [767192703, 767192703, 49100323923, 42720639, 6138057555, 47954907]] [31573180530, [23746619, 23746619, 1519783616, 1711995, 189976256, 1488528]]
Model_cost: [4202950060.0, [8896.0, 3203361, 204263608, 264289, 49400505, 770594]] [1872855810.0, [117711.0, 1333359, 85328676, 86895, 77870628, 1216827]] [138146500.0, [105.0, 104020, 6247200, 13140, 6247200, 27210]] [2335757504.0, [39856.0, 1680616, 106002464, 38704, 103509152, 971600038]] [189798396.0, [1416.0, 136502, 8678448, 4918, 7767792, 121049]] [135536064348.0, [15831.0, 95907291, 6138012243, 5340891, 6137123727, 95892675]] [580556346.0, [1077.0, 412411, 26356864, 32995, 25506688, 398416]]
