[[0, 0, 0, 0, 0, 0, 0, 0, 0, 0, 0], [0, 0, 0, 0, 0, 0, 0, 0, 0, 0, 0], [0, 0, 0, 0, 0, 0, 0, 0, 0, 0, 0], [0, 0, 0, 0, 0, 0, 0, 0, 0, 0, 0]]
Arch_Param: [32, 2048, 32768, 4, 256, 64]
Samsung_cost: [39212611829.44444, [800029.6944444445, 102405697, 1638358008, 12858433, 203074744, 1587489]] [15344483406.0, [309231.0, 39567471, 633078564, 4912239, 85328676, 668271]] [1279942340.0, [26090.0, 3338290, 53412640, 417330, 6677280, 52170]] [20878212564.0, [425444.0, 54454402, 871270432, 6806914, 108910624, 850868]] [1687824588.0, [34398.0, 4402182, 70434864, 550278, 8804400, 68790]] [1176600451698.0, [23974926.0, 3068770335, 49100323923, 383602047, 6138057555, 47954907]] [37838176796.0, [771920.0, 98803948, 1580863168, 12489964, 195940032, 1535135]]
Model_cost: [27720306648.603333, [1836.950119047619, 80564801, 1288904952, 10265793, 49400505, 386978]] [5513613318.0, [4005.0, 10223727, 163578660, 164463, 77870628, 608475]] [303178254.6666667, [12.666666666666666, 390450, 6247200, 13170, 6247200, 52170]] [5069015055.333334, [1270.8333333333333, 6635394, 106002464, 38794, 103509152, 831389]] [1638766264.0, [359.0, 4343302, 69492784, 559622, 7768304, 60826]] [421994500324.80005, [812.1000000000001, 767215743, 12275433555, 10680855, 6137123727, 47946441]] [1689983116.375, [116.58482142857143, 2983404, 47652928, 236180, 25506688, 200159]]
Arch_Param: [32, 2048, 32768, 4, 256, 128]
Samsung_cost: [38974423285.44444, [800029.6944444445, 102405697, 1638358008, 2031681, 203074744, 1587489]] [15250271310.0, [309231.0, 39567471, 633078564, 629871, 85328676, 668271]] [1273071300.0, [26090.0, 3338290, 53412640, 105010, 6677280, 52170]] [20735268180.0, [425444.0, 54454402, 871270432, 309442, 108910624, 850868]] [1676583116.0, [34398.0, 4402182, 70434864, 39302, 8804400, 68790]] [1169101060722.0, [23974926.0, 3068770335, 49100323923, 42720639, 6138057555, 47954907]] [37608544668.0, [771920.0, 98803948, 1580863168, 2052140, 195940032, 1535135]]
Model_cost: [27720306648.603333, [1836.950119047619, 80564801, 1288904952, 10265793, 49400505, 386978]] [5513613318.0, [4005.0, 10223727, 163578660, 164463, 77870628, 608475]] [303178254.6666667, [12.666666666666666, 390450, 6247200, 13170, 6247200, 52170]] [5069015055.333334, [1270.8333333333333, 6635394, 106002464, 38794, 103509152, 831389]] [1628899000.0, [359.0, 4343302, 69492784, 111110, 7768304, 60826]] [421994500324.80005, [812.1000000000001, 767215743, 12275433555, 10680855, 6137123727, 47946441]] [1688977804.375, [116.58482142857143, 2983404, 47652928, 190484, 25506688, 200159]]
Arch_Param: [32, 2048, 32768, 4, 256, 256]
Samsung_cost: [38974423285.44444, [800029.6944444445, 102405697, 1638358008, 2031681, 203074744, 1587489]] [15250271310.0, [309231.0, 39567471, 633078564, 629871, 85328676, 668271]] [1273071300.0, [26090.0, 3338290, 53412640, 105010, 6677280, 52170]] [20735268180.0, [425444.0, 54454402, 871270432, 309442, 108910624, 850868]] [1676583116.0, [34398.0, 4402182, 70434864, 39302, 8804400, 68790]] [1169101060722.0, [23974926.0, 3068770335, 49100323923, 42720639, 6138057555, 47954907]] [37608544668.0, [771920.0, 98803948, 1580863168, 2052140, 195940032, 1535135]]
Model_cost: [27720306648.603333, [1836.950119047619, 80564801, 1288904952, 10265793, 49400505, 386978]] [5513613318.0, [4005.0, 10223727, 163578660, 164463, 77870628, 608475]] [303178254.6666667, [12.666666666666666, 390450, 6247200, 13170, 6247200, 52170]] [5069015055.333334, [1270.8333333333333, 6635394, 106002464, 38794, 103509152, 831389]] [1628899000.0, [359.0, 4343302, 69492784, 111110, 7768304, 60826]] [421994500324.80005, [812.1000000000001, 767215743, 12275433555, 10680855, 6137123727, 47946441]] [1688977804.375, [116.58482142857143, 2983404, 47652928, 190484, 25506688, 200159]]
Arch_Param: [32, 2048, 32768, 4, 512, 64]
Samsung_cost: [39007800835.44444, [800029.6944444445, 51203108, 1638358008, 12858404, 203074744, 1587489]] [15265348686.0, [309231.0, 19783791, 633078564, 4912239, 85328676, 668271]] [1273265340.0, [26090.0, 1669150, 53412640, 417310, 6677280, 52170]] [20769302460.0, [425444.0, 27227206, 871270432, 6806854, 108910624, 850868]] [1679020236.0, [34398.0, 2201094, 70434864, 550278, 8804400, 68790]] [1170462911346.0, [23974926.0, 1534385247, 49100323923, 383602047, 6138057555, 47954907]] [37640566304.0, [771920.0, 49401974, 1580863168, 12489846, 195940032, 1535135]]
Model_cost: [27559177446.603333, [1836.950119047619, 40282660, 1288904952, 10265764, 49400505, 386978]] [5493166086.0, [4005.0, 5111919, 163578660, 164463, 77870628, 608475]] [302396934.6666667, [12.666666666666666, 195230, 6247200, 13150, 6247200, 52170]] [5055783927.333334, [1270.8333333333333, 3327942, 106002464, 38734, 103509152, 831389]] [1630183096.0, [359.0, 2197510, 69492784, 559622, 7768304, 60826]] [420460072228.80005, [812.1000000000001, 383608719, 12275433555, 10680855, 6137123727, 47946441]] [1683323792.375, [116.58482142857143, 1491702, 47652928, 204702, 25506688, 200159]]
Arch_Param: [32, 2048, 32768, 4, 512, 128]
Samsung_cost: [38769612291.44444, [800029.6944444445, 51203108, 1638358008, 2031652, 203074744, 1587489]] [15171136590.0, [309231.0, 19783791, 633078564, 629871, 85328676, 668271]] [1266394300.0, [26090.0, 1669150, 53412640, 104990, 6677280, 52170]] [20626358076.0, [425444.0, 27227206, 871270432, 309382, 108910624, 850868]] [1667778764.0, [34398.0, 2201094, 70434864, 39302, 8804400, 68790]] [1162963520370.0, [23974926.0, 1534385247, 49100323923, 42720639, 6138057555, 47954907]] [37410934176.0, [771920.0, 49401974, 1580863168, 2052022, 195940032, 1535135]]
Model_cost: [27559177446.603333, [1836.950119047619, 40282660, 1288904952, 10265764, 49400505, 386978]] [5493166086.0, [4005.0, 5111919, 163578660, 164463, 77870628, 608475]] [302396934.6666667, [12.666666666666666, 195230, 6247200, 13150, 6247200, 52170]] [5055783927.333334, [1270.8333333333333, 3327942, 106002464, 38734, 103509152, 831389]] [1620315832.0, [359.0, 2197510, 69492784, 111110, 7768304, 60826]] [420460072228.80005, [812.1000000000001, 383608719, 12275433555, 10680855, 6137123727, 47946441]] [1682318480.375, [116.58482142857143, 1491702, 47652928, 159006, 25506688, 200159]]
Arch_Param: [32, 2048, 32768, 4, 512, 256]
Samsung_cost: [38769612291.44444, [800029.6944444445, 51203108, 1638358008, 2031652, 203074744, 1587489]] [15171136590.0, [309231.0, 19783791, 633078564, 629871, 85328676, 668271]] [1266394300.0, [26090.0, 1669150, 53412640, 104990, 6677280, 52170]] [20626358076.0, [425444.0, 27227206, 871270432, 309382, 108910624, 850868]] [1667778764.0, [34398.0, 2201094, 70434864, 39302, 8804400, 68790]] [1162963520370.0, [23974926.0, 1534385247, 49100323923, 42720639, 6138057555, 47954907]] [37410934176.0, [771920.0, 49401974, 1580863168, 2052022, 195940032, 1535135]]
Model_cost: [27559177446.603333, [1836.950119047619, 40282660, 1288904952, 10265764, 49400505, 386978]] [5493166086.0, [4005.0, 5111919, 163578660, 164463, 77870628, 608475]] [302396934.6666667, [12.666666666666666, 195230, 6247200, 13150, 6247200, 52170]] [5055783927.333334, [1270.8333333333333, 3327942, 106002464, 38734, 103509152, 831389]] [1620315832.0, [359.0, 2197510, 69492784, 111110, 7768304, 60826]] [420460072228.80005, [812.1000000000001, 383608719, 12275433555, 10680855, 6137123727, 47946441]] [1682318480.375, [116.58482142857143, 1491702, 47652928, 159006, 25506688, 200159]]
Arch_Param: [32, 2048, 32768, 4, 512, 512]
Samsung_cost: [38769612291.44444, [800029.6944444445, 51203108, 1638358008, 2031652, 203074744, 1587489]] [15171136590.0, [309231.0, 19783791, 633078564, 629871, 85328676, 668271]] [1266394300.0, [26090.0, 1669150, 53412640, 104990, 6677280, 52170]] [20626358076.0, [425444.0, 27227206, 871270432, 309382, 108910624, 850868]] [1667778764.0, [34398.0, 2201094, 70434864, 39302, 8804400, 68790]] [1162963520370.0, [23974926.0, 1534385247, 49100323923, 42720639, 6138057555, 47954907]] [37410934176.0, [771920.0, 49401974, 1580863168, 2052022, 195940032, 1535135]]
Model_cost: [27380097446.603333, [1836.950119047619, 40282660, 1288904952, 2125764, 49400505, 386978]] [5493166086.0, [4005.0, 5111919, 163578660, 164463, 77870628, 608475]] [302396934.6666667, [12.666666666666666, 195230, 6247200, 13150, 6247200, 52170]] [5055783927.333334, [1270.8333333333333, 3327942, 106002464, 38734, 103509152, 831389]] [1619685048.0, [359.0, 2197510, 69492784, 82438, 7768304, 60826]] [420460072228.80005, [812.1000000000001, 383608719, 12275433555, 10680855, 6137123727, 47946441]] [1681644376.375, [119.15625, 1491702, 47652928, 128606, 25506688, 199967]]
Arch_Param: [32, 2048, 32768, 4, 1024, 64]
Samsung_cost: [38905445813.44444, [800029.6944444445, 25614369, 1638358008, 12858401, 203074744, 1587489]] [15225781326.0, [309231.0, 9891951, 633078564, 4912239, 85328676, 668271]] [1269926840.0, [26090.0, 834580, 53412640, 417300, 6677280, 52170]] [20714847408.0, [425444.0, 13613608, 871270432, 6806824, 108910624, 850868]] [1674618060.0, [34398.0, 1100550, 70434864, 550278, 8804400, 68790]] [1167394141170.0, [23974926.0, 767192703, 49100323923, 383602047, 6138057555, 47954907]] [37541761058.0, [771920.0, 24700987, 1580863168, 12489787, 195940032, 1535135]]
Model_cost: [27479782552.603333, [1836.950119047619, 20433953, 1288904952, 10265761, 49400505, 386978]] [5482942470.0, [4005.0, 2556015, 163578660, 164463, 77870628, 608475]] [302031874.6666667, [12.666666666666666, 104020, 6247200, 13140, 6247200, 52170]] [5049193963.333334, [1270.8333333333333, 1680616, 106002464, 38704, 103509152, 831389]] [1624805304.0, [359.0, 1094662, 69427248, 576006, 7767792, 60762]] [419692858180.80005, [812.1000000000001, 191805207, 12275433555, 10680855, 6137123727, 47946441]] [1680133266.375, [116.58482142857143, 763387, 47652928, 192099, 25506688, 200159]]
Arch_Param: [32, 2048, 32768, 4, 1024, 128]
Samsung_cost: [38667257269.44444, [800029.6944444445, 25614369, 1638358008, 2031649, 203074744, 1587489]] [15131569230.0, [309231.0, 9891951, 633078564, 629871, 85328676, 668271]] [1263055800.0, [26090.0, 834580, 53412640, 104980, 6677280, 52170]] [20571903024.0, [425444.0, 13613608, 871270432, 309352, 108910624, 850868]] [1663376588.0, [34398.0, 1100550, 70434864, 39302, 8804400, 68790]] [1159894750194.0, [23974926.0, 767192703, 49100323923, 42720639, 6138057555, 47954907]] [37312128930.0, [771920.0, 24700987, 1580863168, 2051963, 195940032, 1535135]]
Model_cost: [27479782552.603333, [1836.950119047619, 20433953, 1288904952, 10265761, 49400505, 386978]] [5482942470.0, [4005.0, 2556015, 163578660, 164463, 77870628, 608475]] [302031874.6666667, [12.666666666666666, 104020, 6247200, 13140, 6247200, 52170]] [5049193963.333334, [1270.8333333333333, 1680616, 106002464, 38704, 103509152, 831389]] [1614938040.0, [359.0, 1094662, 69427248, 127494, 7767792, 60762]] [419692858180.80005, [812.1000000000001, 191805207, 12275433555, 10680855, 6137123727, 47946441]] [1679127954.375, [116.58482142857143, 763387, 47652928, 146403, 25506688, 200159]]
Arch_Param: [32, 2048, 32768, 4, 1024, 256]
Samsung_cost: [38667257269.44444, [800029.6944444445, 25614369, 1638358008, 2031649, 203074744, 1587489]] [15131569230.0, [309231.0, 9891951, 633078564, 629871, 85328676, 668271]] [1263055800.0, [26090.0, 834580, 53412640, 104980, 6677280, 52170]] [20571903024.0, [425444.0, 13613608, 871270432, 309352, 108910624, 850868]] [1663376588.0, [34398.0, 1100550, 70434864, 39302, 8804400, 68790]] [1159894750194.0, [23974926.0, 767192703, 49100323923, 42720639, 6138057555, 47954907]] [37312128930.0, [771920.0, 24700987, 1580863168, 2051963, 195940032, 1535135]]
Model_cost: [27479782552.603333, [1836.950119047619, 20433953, 1288904952, 10265761, 49400505, 386978]] [5482942470.0, [4005.0, 2556015, 163578660, 164463, 77870628, 608475]] [302031874.6666667, [12.666666666666666, 104020, 6247200, 13140, 6247200, 52170]] [5049193963.333334, [1270.8333333333333, 1680616, 106002464, 38704, 103509152, 831389]] [1614938040.0, [359.0, 1094662, 69427248, 127494, 7767792, 60762]] [419692858180.80005, [812.1000000000001, 191805207, 12275433555, 10680855, 6137123727, 47946441]] [1679127954.375, [116.58482142857143, 763387, 47652928, 146403, 25506688, 200159]]
Arch_Param: [32, 2048, 32768, 4, 1024, 512]
Samsung_cost: [38667257269.44444, [800029.6944444445, 25614369, 1638358008, 2031649, 203074744, 1587489]] [15131569230.0, [309231.0, 9891951, 633078564, 629871, 85328676, 668271]] [1263055800.0, [26090.0, 834580, 53412640, 104980, 6677280, 52170]] [20571903024.0, [425444.0, 13613608, 871270432, 309352, 108910624, 850868]] [1663376588.0, [34398.0, 1100550, 70434864, 39302, 8804400, 68790]] [1159894750194.0, [23974926.0, 767192703, 49100323923, 42720639, 6138057555, 47954907]] [37312128930.0, [771920.0, 24700987, 1580863168, 2051963, 195940032, 1535135]]
Model_cost: [27300702552.603333, [1836.950119047619, 20433953, 1288904952, 2125761, 49400505, 386978]] [5482942470.0, [4005.0, 2556015, 163578660, 164463, 77870628, 608475]] [302031874.6666667, [12.666666666666666, 104020, 6247200, 13140, 6247200, 52170]] [5049193963.333334, [1270.8333333333333, 1680616, 106002464, 38704, 103509152, 831389]] [1614307256.0, [359.0, 1094662, 69427248, 98822, 7767792, 60762]] [419692858180.80005, [812.1000000000001, 191805207, 12275433555, 10680855, 6137123727, 47946441]] [1678396250.375, [119.15625, 748987, 47652928, 116003, 25506688, 199967]]
Arch_Param: [32, 2048, 32768, 8, 256, 64]
Samsung_cost: [19655103050.77778, [400883.02777777775, 51312193, 820923384, 6444097, 102001848, 797857]] [15344483406.0, [309231.0, 39567471, 633078564, 4912239, 85328676, 668271]] [1279942340.0, [26090.0, 3338290, 53412640, 417330, 6677280, 52170]] [20878212564.0, [425444.0, 54454402, 871270432, 6806914, 108910624, 850868]] [1572594140.0, [32050.0, 4101638, 65626160, 512710, 8203312, 64094]] [1176600451698.0, [23974926.0, 3068770335, 49100323923, 383602047, 6138057555, 47954907]] [36925824540.0, [752720.0, 96346348, 1541541568, 12113132, 192138944, 1505439]]
Model_cost: [15057734875.551666, [963.9125595238095, 41814593, 668963704, 5323905, 49400505, 386978]] [3927338514.0, [3786.0, 5333103, 85328676, 86895, 77870628, 608475]] [303178254.6666667, [12.666666666666666, 390450, 6247200, 13170, 6247200, 52170]] [5069015055.333334, [1270.8333333333333, 6635394, 106002464, 38794, 103509152, 831389]] [924058013.9555556, [184.35555555555555, 2171654, 34746416, 55558, 7768304, 60826]] [297594232325.4001, [629.5500000000001, 383626383, 6138012243, 5340891, 6137123727, 47946441]] [1387103212.375, [74.29910714285714, 2055020, 32839552, 104468, 25506688, 200159]]
Arch_Param: [32, 2048, 32768, 8, 256, 128]
Samsung_cost: [19535851082.77778, [400883.02777777775, 51312193, 820923384, 1023553, 102001848, 797857]] [15250271310.0, [309231.0, 39567471, 633078564, 629871, 85328676, 668271]] [1273071300.0, [26090.0, 3338290, 53412640, 105010, 6677280, 52170]] [20735268180.0, [425444.0, 54454402, 871270432, 309442, 108910624, 850868]] [1562039772.0, [32050.0, 4101638, 65626160, 32966, 8203312, 64094]] [1169101060722.0, [23974926.0, 3068770335, 49100323923, 42720639, 6138057555, 47954907]] [36699616668.0, [752720.0, 96346348, 1541541568, 1830956, 192138944, 1505439]]
Model_cost: [15057734875.551666, [963.9125595238095, 41814593, 668963704, 5323905, 49400505, 386978]] [3927338514.0, [3786.0, 5333103, 85328676, 86895, 77870628, 608475]] [303178254.6666667, [12.666666666666666, 390450, 6247200, 13170, 6247200, 52170]] [5069015055.333334, [1270.8333333333333, 6635394, 106002464, 38794, 103509152, 831389]] [924058013.9555556, [184.35555555555555, 2171654, 34746416, 55558, 7768304, 60826]] [297594232325.4001, [629.5500000000001, 383626383, 6138012243, 5340891, 6137123727, 47946441]] [1387103212.375, [74.29910714285714, 2055020, 32839552, 104468, 25506688, 200159]]
Arch_Param: [32, 2048, 32768, 8, 256, 256]
Samsung_cost: [19535851082.77778, [400883.02777777775, 51312193, 820923384, 1023553, 102001848, 797857]] [15250271310.0, [309231.0, 39567471, 633078564, 629871, 85328676, 668271]] [1273071300.0, [26090.0, 3338290, 53412640, 105010, 6677280, 52170]] [20735268180.0, [425444.0, 54454402, 871270432, 309442, 108910624, 850868]] [1562039772.0, [32050.0, 4101638, 65626160, 32966, 8203312, 64094]] [1169101060722.0, [23974926.0, 3068770335, 49100323923, 42720639, 6138057555, 47954907]] [36699616668.0, [752720.0, 96346348, 1541541568, 1830956, 192138944, 1505439]]
Model_cost: [14964613275.551666, [963.9125595238095, 41814593, 668963704, 1091105, 49400505, 386978]] [3927338514.0, [3786.0, 5333103, 85328676, 86895, 77870628, 608475]] [303178254.6666667, [12.666666666666666, 390450, 6247200, 13170, 6247200, 52170]] [5069015055.333334, [1270.8333333333333, 6635394, 106002464, 38794, 103509152, 831389]] [923742621.9555556, [184.35555555555555, 2171654, 34746416, 41222, 7768304, 60826]] [297594232325.4001, [629.5500000000001, 383626383, 6138012243, 5340891, 6137123727, 47946441]] [1386750084.375, [75.15625, 2055020, 32839552, 88660, 25506688, 199967]]
Arch_Param: [32, 2048, 32768, 8, 512, 64]
Samsung_cost: [19552479064.77778, [400883.02777777775, 25656356, 820923384, 6444068, 102001848, 797857]] [15265348686.0, [309231.0, 19783791, 633078564, 4912239, 85328676, 668271]] [1273265340.0, [26090.0, 1669150, 53412640, 417310, 6677280, 52170]] [20769302460.0, [425444.0, 27227206, 871270432, 6806854, 108910624, 850868]] [1564390876.0, [32050.0, 2050822, 65626160, 512710, 8203312, 64094]] [1170462911346.0, [23974926.0, 1534385247, 49100323923, 383602047, 6138057555, 47954907]] [36733129248.0, [752720.0, 48173174, 1541541568, 12113014, 192138944, 1505439]]
Model_cost: [14974106089.551666, [963.9125595238095, 20907556, 668963704, 5323876, 49400505, 386978]] [3916672530.0, [3786.0, 2666607, 85328676, 86895, 77870628, 608475]] [302396934.6666667, [12.666666666666666, 195230, 6247200, 13150, 6247200, 52170]] [5055783927.333334, [1270.8333333333333, 3327942, 106002464, 38734, 103509152, 831389]] [919766429.9555556, [184.35555555555555, 1098758, 34746416, 55558, 7768304, 60826]] [296826981413.4001, [629.5500000000001, 191813655, 6138012243, 5340891, 6137123727, 47946441]] [1382645616.375, [74.29910714285714, 1027510, 32839552, 88670, 25506688, 200159]]
Arch_Param: [32, 2048, 32768, 8, 512, 128]
Samsung_cost: [19433227096.77778, [400883.02777777775, 25656356, 820923384, 1023524, 102001848, 797857]] [15171136590.0, [309231.0, 19783791, 633078564, 629871, 85328676, 668271]] [1266394300.0, [26090.0, 1669150, 53412640, 104990, 6677280, 52170]] [20626358076.0, [425444.0, 27227206, 871270432, 309382, 108910624, 850868]] [1553836508.0, [32050.0, 2050822, 65626160, 32966, 8203312, 64094]] [1162963520370.0, [23974926.0, 1534385247, 49100323923, 42720639, 6138057555, 47954907]] [36506921376.0, [752720.0, 48173174, 1541541568, 1830838, 192138944, 1505439]]
Model_cost: [14974106089.551666, [963.9125595238095, 20907556, 668963704, 5323876, 49400505, 386978]] [3916672530.0, [3786.0, 2666607, 85328676, 86895, 77870628, 608475]] [302396934.6666667, [12.666666666666666, 195230, 6247200, 13150, 6247200, 52170]] [5055783927.333334, [1270.8333333333333, 3327942, 106002464, 38734, 103509152, 831389]] [919766429.9555556, [184.35555555555555, 1098758, 34746416, 55558, 7768304, 60826]] [296826981413.4001, [629.5500000000001, 191813655, 6138012243, 5340891, 6137123727, 47946441]] [1382645616.375, [74.29910714285714, 1027510, 32839552, 88670, 25506688, 200159]]
Arch_Param: [32, 2048, 32768, 8, 512, 256]
Samsung_cost: [19433227096.77778, [400883.02777777775, 25656356, 820923384, 1023524, 102001848, 797857]] [15171136590.0, [309231.0, 19783791, 633078564, 629871, 85328676, 668271]] [1266394300.0, [26090.0, 1669150, 53412640, 104990, 6677280, 52170]] [20626358076.0, [425444.0, 27227206, 871270432, 309382, 108910624, 850868]] [1553836508.0, [32050.0, 2050822, 65626160, 32966, 8203312, 64094]] [1162963520370.0, [23974926.0, 1534385247, 49100323923, 42720639, 6138057555, 47954907]] [36506921376.0, [752720.0, 48173174, 1541541568, 1830838, 192138944, 1505439]]
Model_cost: [14880984489.551666, [963.9125595238095, 20907556, 668963704, 1091076, 49400505, 386978]] [3916672530.0, [3786.0, 2666607, 85328676, 86895, 77870628, 608475]] [302396934.6666667, [12.666666666666666, 195230, 6247200, 13150, 6247200, 52170]] [5055783927.333334, [1270.8333333333333, 3327942, 106002464, 38734, 103509152, 831389]] [919451037.9555556, [184.35555555555555, 1098758, 34746416, 41222, 7768304, 60826]] [296826981413.4001, [629.5500000000001, 191813655, 6138012243, 5340891, 6137123727, 47946441]] [1382292488.375, [75.15625, 1027510, 32839552, 72862, 25506688, 199967]]
Arch_Param: [32, 2048, 32768, 8, 512, 512]
Samsung_cost: [19433227096.77778, [400883.02777777775, 25656356, 820923384, 1023524, 102001848, 797857]] [15171136590.0, [309231.0, 19783791, 633078564, 629871, 85328676, 668271]] [1266394300.0, [26090.0, 1669150, 53412640, 104990, 6677280, 52170]] [20626358076.0, [425444.0, 27227206, 871270432, 309382, 108910624, 850868]] [1553836508.0, [32050.0, 2050822, 65626160, 32966, 8203312, 64094]] [1162963520370.0, [23974926.0, 1534385247, 49100323923, 42720639, 6138057555, 47954907]] [36506921376.0, [752720.0, 48173174, 1541541568, 1830838, 192138944, 1505439]]
Model_cost: [14880984489.551666, [963.9125595238095, 20907556, 668963704, 1091076, 49400505, 386978]] [3916672530.0, [3786.0, 2666607, 85328676, 86895, 77870628, 608475]] [302396934.6666667, [12.666666666666666, 195230, 6247200, 13150, 6247200, 52170]] [5055783927.333334, [1270.8333333333333, 3327942, 106002464, 38734, 103509152, 831389]] [919095999.5555556, [185.55555555555554, 1090566, 34713648, 24838, 7792880, 61018]] [296826981413.4001, [629.5500000000001, 191813655, 6138012243, 5340891, 6137123727, 47946441]] [1382292488.375, [75.15625, 1027510, 32839552, 72862, 25506688, 199967]]
Arch_Param: [32, 2048, 32768, 8, 1024, 64]
Samsung_cost: [19501192970.77778, [400883.02777777775, 12834849, 820923384, 6444065, 102001848, 797857]] [15225781326.0, [309231.0, 9891951, 633078564, 4912239, 85328676, 668271]] [1269926840.0, [26090.0, 834580, 53412640, 417300, 6677280, 52170]] [20714847408.0, [425444.0, 13613608, 871270432, 6806824, 108910624, 850868]] [1560289244.0, [32050.0, 1025414, 65626160, 512710, 8203312, 64094]] [1167394141170.0, [23974926.0, 767192703, 49100323923, 383602047, 6138057555, 47954907]] [36636781602.0, [752720.0, 24086587, 1541541568, 12112955, 192138944, 1505439]]
Model_cost: [14932876699.551666, [963.9125595238095, 10600225, 668963704, 5323873, 49400505, 386978]] [3911339538.0, [3786.0, 1333359, 85328676, 86895, 77870628, 608475]] [302031874.6666667, [12.666666666666666, 104020, 6247200, 13140, 6247200, 52170]] [5049193963.333334, [1270.8333333333333, 1680616, 106002464, 38704, 103509152, 831389]] [917069475.5555556, [184.55555555555554, 547334, 34713648, 63750, 7767792, 60762]] [296443355957.4001, [629.5500000000001, 95907291, 6138012243, 5340891, 6137123727, 47946441]] [1380487538.375, [74.29910714285714, 522811, 32839552, 82339, 25506688, 200159]]
Arch_Param: [32, 2048, 32768, 8, 1024, 128]
Samsung_cost: [19381941002.77778, [400883.02777777775, 12834849, 820923384, 1023521, 102001848, 797857]] [15131569230.0, [309231.0, 9891951, 633078564, 629871, 85328676, 668271]] [1263055800.0, [26090.0, 834580, 53412640, 104980, 6677280, 52170]] [20571903024.0, [425444.0, 13613608, 871270432, 309352, 108910624, 850868]] [1549734876.0, [32050.0, 1025414, 65626160, 32966, 8203312, 64094]] [1159894750194.0, [23974926.0, 767192703, 49100323923, 42720639, 6138057555, 47954907]] [36410573730.0, [752720.0, 24086587, 1541541568, 1830779, 192138944, 1505439]]
Model_cost: [14932876699.551666, [963.9125595238095, 10600225, 668963704, 5323873, 49400505, 386978]] [3911339538.0, [3786.0, 1333359, 85328676, 86895, 77870628, 608475]] [302031874.6666667, [12.666666666666666, 104020, 6247200, 13140, 6247200, 52170]] [5049193963.333334, [1270.8333333333333, 1680616, 106002464, 38704, 103509152, 831389]] [917069475.5555556, [184.55555555555554, 547334, 34713648, 63750, 7767792, 60762]] [296443355957.4001, [629.5500000000001, 95907291, 6138012243, 5340891, 6137123727, 47946441]] [1380487538.375, [74.29910714285714, 522811, 32839552, 82339, 25506688, 200159]]
Arch_Param: [32, 2048, 32768, 8, 1024, 256]
Samsung_cost: [19381941002.77778, [400883.02777777775, 12834849, 820923384, 1023521, 102001848, 797857]] [15131569230.0, [309231.0, 9891951, 633078564, 629871, 85328676, 668271]] [1263055800.0, [26090.0, 834580, 53412640, 104980, 6677280, 52170]] [20571903024.0, [425444.0, 13613608, 871270432, 309352, 108910624, 850868]] [1549734876.0, [32050.0, 1025414, 65626160, 32966, 8203312, 64094]] [1159894750194.0, [23974926.0, 767192703, 49100323923, 42720639, 6138057555, 47954907]] [36410573730.0, [752720.0, 24086587, 1541541568, 1830779, 192138944, 1505439]]
Model_cost: [14839755099.551666, [963.9125595238095, 10600225, 668963704, 1091073, 49400505, 386978]] [3911339538.0, [3786.0, 1333359, 85328676, 86895, 77870628, 608475]] [302031874.6666667, [12.666666666666666, 104020, 6247200, 13140, 6247200, 52170]] [5049193963.333334, [1270.8333333333333, 1680616, 106002464, 38704, 103509152, 831389]] [916754083.5555556, [184.55555555555554, 547334, 34713648, 49414, 7767792, 60762]] [296443355957.4001, [629.5500000000001, 95907291, 6138012243, 5340891, 6137123727, 47946441]] [1380104458.375, [75.15625, 515323, 32839552, 66531, 25506688, 199967]]
Arch_Param: [32, 2048, 32768, 8, 1024, 512]
Samsung_cost: [19381941002.77778, [400883.02777777775, 12834849, 820923384, 1023521, 102001848, 797857]] [15131569230.0, [309231.0, 9891951, 633078564, 629871, 85328676, 668271]] [1263055800.0, [26090.0, 834580, 53412640, 104980, 6677280, 52170]] [20571903024.0, [425444.0, 13613608, 871270432, 309352, 108910624, 850868]] [1549734876.0, [32050.0, 1025414, 65626160, 32966, 8203312, 64094]] [1159894750194.0, [23974926.0, 767192703, 49100323923, 42720639, 6138057555, 47954907]] [36410573730.0, [752720.0, 24086587, 1541541568, 1830779, 192138944, 1505439]]
Model_cost: [14839755099.551666, [963.9125595238095, 10600225, 668963704, 1091073, 49400505, 386978]] [3911339538.0, [3786.0, 1333359, 85328676, 86895, 77870628, 608475]] [302031874.6666667, [12.666666666666666, 104020, 6247200, 13140, 6247200, 52170]] [5049193963.333334, [1270.8333333333333, 1680616, 106002464, 38704, 103509152, 831389]] [916754083.5555556, [184.55555555555554, 547334, 34713648, 49414, 7767792, 60762]] [296443355957.4001, [629.5500000000001, 95907291, 6138012243, 5340891, 6137123727, 47946441]] [1380104458.375, [75.15625, 515323, 32839552, 66531, 25506688, 199967]]
Arch_Param: [32, 2048, 32768, 16, 256, 64]
Samsung_cost: [9876348661.444445, [201309.69444444444, 25765441, 412206072, 3236929, 51465400, 403041]] [15344483406.0, [309231.0, 39567471, 633078564, 4912239, 85328676, 668271]] [1279942340.0, [26090.0, 3338290, 53412640, 417330, 6677280, 52170]] [20878212564.0, [425444.0, 54454402, 871270432, 6806914, 108910624, 850868]] [1514978916.0, [30876.0, 3951366, 63221808, 493926, 7902768, 61746]] [1176600451698.0, [23974926.0, 3068770335, 49100323923, 383602047, 6138057555, 47954907]] [36469648412.0, [743120.0, 95117548, 1521880768, 11924716, 190238400, 1490591]]
Model_cost: [8729174961.338333, [528.1192261904762, 22447809, 359126200, 2854337, 49400505, 386978]] [3927338514.0, [3786.0, 5333103, 85328676, 86895, 77870628, 608475]] [303178254.6666667, [12.666666666666666, 390450, 6247200, 13170, 6247200, 52170]] [5069015055.333334, [1270.8333333333333, 6635394, 106002464, 38794, 103509152, 831389]] [571637468.9777778, [95.17777777777778, 1085830, 17373232, 27782, 7768304, 60826]] [297594232325.4001, [629.5500000000001, 383626383, 6138012243, 5340891, 6137123727, 47946441]] [1298716928.125, [56.71875, 1783660, 28517760, 65172, 25506688, 200159]]
Arch_Param: [32, 2048, 32768, 16, 256, 128]
Samsung_cost: [9816564981.444445, [201309.69444444444, 25765441, 412206072, 519489, 51465400, 403041]] [15250271310.0, [309231.0, 39567471, 633078564, 629871, 85328676, 668271]] [1273071300.0, [26090.0, 3338290, 53412640, 105010, 6677280, 52170]] [20735268180.0, [425444.0, 54454402, 871270432, 309442, 108910624, 850868]] [1504768100.0, [30876.0, 3951366, 63221808, 29798, 7902768, 61746]] [1169101060722.0, [23974926.0, 3068770335, 49100323923, 42720639, 6138057555, 47954907]] [36245152668.0, [743120.0, 95117548, 1521880768, 1720364, 190238400, 1490591]]
Model_cost: [8679032561.338333, [528.1192261904762, 22447809, 359126200, 575137, 49400505, 386978]] [3927338514.0, [3786.0, 5333103, 85328676, 86895, 77870628, 608475]] [303178254.6666667, [12.666666666666666, 390450, 6247200, 13170, 6247200, 52170]] [5069015055.333334, [1270.8333333333333, 6635394, 106002464, 38794, 103509152, 831389]] [571479772.9777778, [95.17777777777778, 1085830, 17373232, 20614, 7768304, 60826]] [297594232325.4001, [629.5500000000001, 383626383, 6138012243, 5340891, 6137123727, 47946441]] [1298524288.125, [56.71875, 1783660, 28517760, 56660, 25506688, 199967]]
Arch_Param: [32, 2048, 32768, 16, 256, 256]
Samsung_cost: [9816564981.444445, [201309.69444444444, 25765441, 412206072, 519489, 51465400, 403041]] [15250271310.0, [309231.0, 39567471, 633078564, 629871, 85328676, 668271]] [1273071300.0, [26090.0, 3338290, 53412640, 105010, 6677280, 52170]] [20735268180.0, [425444.0, 54454402, 871270432, 309442, 108910624, 850868]] [1504768100.0, [30876.0, 3951366, 63221808, 29798, 7902768, 61746]] [1169101060722.0, [23974926.0, 3068770335, 49100323923, 42720639, 6138057555, 47954907]] [36245152668.0, [743120.0, 95117548, 1521880768, 1720364, 190238400, 1490591]]
Model_cost: [8679032561.338333, [528.1192261904762, 22447809, 359126200, 575137, 49400505, 386978]] [3927338514.0, [3786.0, 5333103, 85328676, 86895, 77870628, 608475]] [303178254.6666667, [12.666666666666666, 390450, 6247200, 13170, 6247200, 52170]] [5069015055.333334, [1270.8333333333333, 6635394, 106002464, 38794, 103509152, 831389]] [571479772.9777778, [95.17777777777778, 1085830, 17373232, 20614, 7768304, 60826]] [297594232325.4001, [629.5500000000001, 383626383, 6138012243, 5340891, 6137123727, 47946441]] [1298524288.125, [56.71875, 1783660, 28517760, 56660, 25506688, 199967]]
Arch_Param: [32, 2048, 32768, 16, 512, 64]
Samsung_cost: [9824818179.444445, [201309.69444444444, 12882980, 412206072, 3236900, 51465400, 403041]] [15265348686.0, [309231.0, 19783791, 633078564, 4912239, 85328676, 668271]] [1273265340.0, [26090.0, 1669150, 53412640, 417310, 6677280, 52170]] [20769302460.0, [425444.0, 27227206, 871270432, 6806854, 108910624, 850868]] [1507076196.0, [30876.0, 1975686, 63221808, 493926, 7902768, 61746]] [1170462911346.0, [23974926.0, 1534385247, 49100323923, 383602047, 6138057555, 47954907]] [36279410720.0, [743120.0, 47558774, 1521880768, 11924598, 190238400, 1490591]]
Model_cost: [8684279743.338333, [528.1192261904762, 11224164, 359126200, 2854308, 49400505, 386978]] [3916672530.0, [3786.0, 2666607, 85328676, 86895, 77870628, 608475]] [302396934.6666667, [12.666666666666666, 195230, 6247200, 13150, 6247200, 52170]] [5055783927.333334, [1270.8333333333333, 3327942, 106002464, 38734, 103509152, 831389]] [569491676.9777778, [95.17777777777778, 549382, 17373232, 27782, 7768304, 60826]] [296826981413.4001, [629.5500000000001, 191813655, 6138012243, 5340891, 6137123727, 47946441]] [1294971012.125, [56.71875, 891830, 28517760, 57054, 25506688, 200159]]
Arch_Param: [32, 2048, 32768, 16, 512, 128]
Samsung_cost: [9765034499.444445, [201309.69444444444, 12882980, 412206072, 519460, 51465400, 403041]] [15171136590.0, [309231.0, 19783791, 633078564, 629871, 85328676, 668271]] [1266394300.0, [26090.0, 1669150, 53412640, 104990, 6677280, 52170]] [20626358076.0, [425444.0, 27227206, 871270432, 309382, 108910624, 850868]] [1496865380.0, [30876.0, 1975686, 63221808, 29798, 7902768, 61746]] [1162963520370.0, [23974926.0, 1534385247, 49100323923, 42720639, 6138057555, 47954907]] [36054914976.0, [743120.0, 47558774, 1521880768, 1720246, 190238400, 1490591]]
Model_cost: [8634137343.338333, [528.1192261904762, 11224164, 359126200, 575108, 49400505, 386978]] [3916672530.0, [3786.0, 2666607, 85328676, 86895, 77870628, 608475]] [302396934.6666667, [12.666666666666666, 195230, 6247200, 13150, 6247200, 52170]] [5055783927.333334, [1270.8333333333333, 3327942, 106002464, 38734, 103509152, 831389]] [569333980.9777778, [95.17777777777778, 549382, 17373232, 20614, 7768304, 60826]] [296826981413.4001, [629.5500000000001, 191813655, 6138012243, 5340891, 6137123727, 47946441]] [1294778372.125, [56.71875, 891830, 28517760, 48542, 25506688, 199967]]
Arch_Param: [32, 2048, 32768, 16, 512, 256]
Samsung_cost: [9765034499.444445, [201309.69444444444, 12882980, 412206072, 519460, 51465400, 403041]] [15171136590.0, [309231.0, 19783791, 633078564, 629871, 85328676, 668271]] [1266394300.0, [26090.0, 1669150, 53412640, 104990, 6677280, 52170]] [20626358076.0, [425444.0, 27227206, 871270432, 309382, 108910624, 850868]] [1496865380.0, [30876.0, 1975686, 63221808, 29798, 7902768, 61746]] [1162963520370.0, [23974926.0, 1534385247, 49100323923, 42720639, 6138057555, 47954907]] [36054914976.0, [743120.0, 47558774, 1521880768, 1720246, 190238400, 1490591]]
Model_cost: [8634137343.338333, [528.1192261904762, 11224164, 359126200, 575108, 49400505, 386978]] [3916672530.0, [3786.0, 2666607, 85328676, 86895, 77870628, 608475]] [302396934.6666667, [12.666666666666666, 195230, 6247200, 13150, 6247200, 52170]] [5055783927.333334, [1270.8333333333333, 3327942, 106002464, 38734, 103509152, 831389]] [569333980.9777778, [95.17777777777778, 549382, 17373232, 20614, 7768304, 60826]] [296826981413.4001, [629.5500000000001, 191813655, 6138012243, 5340891, 6137123727, 47946441]] [1294778372.125, [56.71875, 891830, 28517760, 48542, 25506688, 199967]]
Arch_Param: [32, 2048, 32768, 16, 512, 512]
Samsung_cost: [9765034499.444445, [201309.69444444444, 12882980, 412206072, 519460, 51465400, 403041]] [15171136590.0, [309231.0, 19783791, 633078564, 629871, 85328676, 668271]] [1266394300.0, [26090.0, 1669150, 53412640, 104990, 6677280, 52170]] [20626358076.0, [425444.0, 27227206, 871270432, 309382, 108910624, 850868]] [1496865380.0, [30876.0, 1975686, 63221808, 29798, 7902768, 61746]] [1162963520370.0, [23974926.0, 1534385247, 49100323923, 42720639, 6138057555, 47954907]] [36054914976.0, [743120.0, 47558774, 1521880768, 1720246, 190238400, 1490591]]
Model_cost: [8633463239.338333, [530.6906547619047, 11224164, 359126200, 544708, 49400505, 386786]] [3916672530.0, [3786.0, 2666607, 85328676, 86895, 77870628, 608475]] [302396934.6666667, [12.666666666666666, 195230, 6247200, 13150, 6247200, 52170]] [5055783927.333334, [1270.8333333333333, 3327942, 106002464, 38734, 103509152, 831389]] [568730908.0, [95.0, 543942, 17356848, 9830, 7767792, 60753]] [296826981413.4001, [629.5500000000001, 191813655, 6138012243, 5340891, 6137123727, 47946441]] [1294637572.125, [56.71875, 891830, 28517760, 42142, 25506688, 199967]]
Arch_Param: [32, 2048, 32768, 16, 1024, 64]
Samsung_cost: [9799066549.444445, [201309.69444444444, 6445089, 412206072, 3236897, 51465400, 403041]] [15225781326.0, [309231.0, 9891951, 633078564, 4912239, 85328676, 668271]] [1269926840.0, [26090.0, 834580, 53412640, 417300, 6677280, 52170]] [20714847408.0, [425444.0, 13613608, 871270432, 6806824, 108910624, 850868]] [1503124836.0, [30876.0, 987846, 63221808, 493926, 7902768, 61746]] [1167394141170.0, [23974926.0, 767192703, 49100323923, 383602047, 6138057555, 47954907]] [36184291874.0, [743120.0, 23779387, 1521880768, 11924539, 190238400, 1490591]]
Model_cost: [8662125937.338333, [528.1192261904762, 5685729, 359126200, 2854305, 49400505, 386978]] [3911339538.0, [3786.0, 1333359, 85328676, 86895, 77870628, 608475]] [302031874.6666667, [12.666666666666666, 104020, 6247200, 13140, 6247200, 52170]] [5049193963.333334, [1270.8333333333333, 1680616, 106002464, 38704, 103509152, 831389]] [568135149.7777778, [95.77777777777777, 273670, 17356848, 31878, 7767792, 60762]] [296443355957.4001, [629.5500000000001, 95907291, 6138012243, 5340891, 6137123727, 47946441]] [1293134982.125, [56.71875, 450747, 28517760, 53795, 25506688, 200159]]
Arch_Param: [32, 2048, 32768, 16, 1024, 128]
Samsung_cost: [9739282869.444445, [201309.69444444444, 6445089, 412206072, 519457, 51465400, 403041]] [15131569230.0, [309231.0, 9891951, 633078564, 629871, 85328676, 668271]] [1263055800.0, [26090.0, 834580, 53412640, 104980, 6677280, 52170]] [20571903024.0, [425444.0, 13613608, 871270432, 309352, 108910624, 850868]] [1492914020.0, [30876.0, 987846, 63221808, 29798, 7902768, 61746]] [1159894750194.0, [23974926.0, 767192703, 49100323923, 42720639, 6138057555, 47954907]] [35959796130.0, [743120.0, 23779387, 1521880768, 1720187, 190238400, 1490591]]
Model_cost: [8611983537.338333, [528.1192261904762, 5685729, 359126200, 575105, 49400505, 386978]] [3911339538.0, [3786.0, 1333359, 85328676, 86895, 77870628, 608475]] [302031874.6666667, [12.666666666666666, 104020, 6247200, 13140, 6247200, 52170]] [5049193963.333334, [1270.8333333333333, 1680616, 106002464, 38704, 103509152, 831389]] [567977453.7777778, [95.77777777777777, 273670, 17356848, 24710, 7767792, 60762]] [296443355957.4001, [629.5500000000001, 95907291, 6138012243, 5340891, 6137123727, 47946441]] [1292926214.125, [56.71875, 446715, 28517760, 45283, 25506688, 199967]]
Arch_Param: [32, 2048, 32768, 16, 1024, 256]
Samsung_cost: [9739282869.444445, [201309.69444444444, 6445089, 412206072, 519457, 51465400, 403041]] [15131569230.0, [309231.0, 9891951, 633078564, 629871, 85328676, 668271]] [1263055800.0, [26090.0, 834580, 53412640, 104980, 6677280, 52170]] [20571903024.0, [425444.0, 13613608, 871270432, 309352, 108910624, 850868]] [1492914020.0, [30876.0, 987846, 63221808, 29798, 7902768, 61746]] [1159894750194.0, [23974926.0, 767192703, 49100323923, 42720639, 6138057555, 47954907]] [35959796130.0, [743120.0, 23779387, 1521880768, 1720187, 190238400, 1490591]]
Model_cost: [8611983537.338333, [528.1192261904762, 5685729, 359126200, 575105, 49400505, 386978]] [3911339538.0, [3786.0, 1333359, 85328676, 86895, 77870628, 608475]] [302031874.6666667, [12.666666666666666, 104020, 6247200, 13140, 6247200, 52170]] [5049193963.333334, [1270.8333333333333, 1680616, 106002464, 38704, 103509152, 831389]] [567977453.7777778, [95.77777777777777, 273670, 17356848, 24710, 7767792, 60762]] [296443355957.4001, [629.5500000000001, 95907291, 6138012243, 5340891, 6137123727, 47946441]] [1292926214.125, [56.71875, 446715, 28517760, 45283, 25506688, 199967]]
Arch_Param: [32, 2048, 32768, 16, 1024, 512]
Samsung_cost: [9739282869.444445, [201309.69444444444, 6445089, 412206072, 519457, 51465400, 403041]] [15131569230.0, [309231.0, 9891951, 633078564, 629871, 85328676, 668271]] [1263055800.0, [26090.0, 834580, 53412640, 104980, 6677280, 52170]] [20571903024.0, [425444.0, 13613608, 871270432, 309352, 108910624, 850868]] [1492914020.0, [30876.0, 987846, 63221808, 29798, 7902768, 61746]] [1159894750194.0, [23974926.0, 767192703, 49100323923, 42720639, 6138057555, 47954907]] [35959796130.0, [743120.0, 23779387, 1521880768, 1720187, 190238400, 1490591]]
Model_cost: [8611251833.338333, [530.6906547619047, 5671329, 359126200, 544705, 49400505, 386786]] [3911339538.0, [3786.0, 1333359, 85328676, 86895, 77870628, 608475]] [302031874.6666667, [12.666666666666666, 104020, 6247200, 13140, 6247200, 52170]] [5049193963.333334, [1270.8333333333333, 1680616, 106002464, 38704, 103509152, 831389]] [567647132.0, [95.0, 272998, 17356848, 9830, 7767792, 60753]] [296443355957.4001, [629.5500000000001, 95907291, 6138012243, 5340891, 6137123727, 47946441]] [1292855814.125, [56.71875, 446715, 28517760, 42083, 25506688, 199967]]
Arch_Param: [32, 2048, 32768, 32, 256, 64]
Samsung_cost: [9631418698.777779, [196211.02777777778, 25112129, 401768440, 3146817, 50351288, 394337]] [15344483406.0, [309231.0, 39567471, 633078564, 4912239, 85328676, 668271]] [1279942340.0, [26090.0, 3338290, 53412640, 417330, 6677280, 52170]] [20878212564.0, [425444.0, 54454402, 871270432, 6806914, 108910624, 850868]] [1498734760.0, [30545.0, 3908998, 62543920, 488630, 7818032, 61084]] [1176600451698.0, [23974926.0, 3068770335, 49100323923, 383602047, 6138057555, 47954907]] [36419394588.0, [742096.0, 94986476, 1519783616, 11908332, 189976256, 1488543]]
Model_cost: [5537392868.418333, [310.5149404761905, 12767937, 204263608, 317761, 49400505, 386978]] [3927338514.0, [3786.0, 5333103, 85328676, 86895, 77870628, 608475]] [303178254.6666667, [12.666666666666666, 390450, 6247200, 13170, 6247200, 52170]] [5069015055.333334, [1270.8333333333333, 6635394, 106002464, 38794, 103509152, 831389]] [395348348.4888889, [50.58888888888889, 542918, 8686640, 10310, 7768304, 60826]] [297594232325.4001, [629.5500000000001, 383626383, 6138012243, 5340891, 6137123727, 47946441]] [1254411474.0, [50.5, 1647980, 26356864, 40660, 25506688, 199967]]
Arch_Param: [32, 2048, 32768, 32, 256, 128]
Samsung_cost: [9572806474.777779, [196211.02777777778, 25112129, 401768440, 482625, 50351288, 394337]] [15250271310.0, [309231.0, 39567471, 633078564, 629871, 85328676, 668271]] [1273071300.0, [26090.0, 3338290, 53412640, 105010, 6677280, 52170]] [20735268180.0, [425444.0, 54454402, 871270432, 309442, 108910624, 850868]] [1488616872.0, [30545.0, 3908998, 62543920, 28726, 7818032, 61084]] [1169101060722.0, [23974926.0, 3068770335, 49100323923, 42720639, 6138057555, 47954907]] [36195079068.0, [742096.0, 94986476, 1519783616, 1712172, 189976256, 1488543]]
Model_cost: [5537392868.418333, [310.5149404761905, 12767937, 204263608, 317761, 49400505, 386978]] [3927338514.0, [3786.0, 5333103, 85328676, 86895, 77870628, 608475]] [303178254.6666667, [12.666666666666666, 390450, 6247200, 13170, 6247200, 52170]] [5069015055.333334, [1270.8333333333333, 6635394, 106002464, 38794, 103509152, 831389]] [395348348.4888889, [50.58888888888889, 542918, 8686640, 10310, 7768304, 60826]] [297594232325.4001, [629.5500000000001, 383626383, 6138012243, 5340891, 6137123727, 47946441]] [1254411474.0, [50.5, 1647980, 26356864, 40660, 25506688, 199967]]
Arch_Param: [32, 2048, 32768, 32, 256, 256]
Samsung_cost: [9572806474.777779, [196211.02777777778, 25112129, 401768440, 482625, 50351288, 394337]] [15250271310.0, [309231.0, 39567471, 633078564, 629871, 85328676, 668271]] [1273071300.0, [26090.0, 3338290, 53412640, 105010, 6677280, 52170]] [20735268180.0, [425444.0, 54454402, 871270432, 309442, 108910624, 850868]] [1488616872.0, [30545.0, 3908998, 62543920, 28726, 7818032, 61084]] [1169101060722.0, [23974926.0, 3068770335, 49100323923, 42720639, 6138057555, 47954907]] [36195079068.0, [742096.0, 94986476, 1519783616, 1712172, 189976256, 1488543]]
Model_cost: [5537039740.418333, [311.3720833333333, 12767937, 204263608, 301953, 49400505, 386786]] [3927338514.0, [3786.0, 5333103, 85328676, 86895, 77870628, 608475]] [303178254.6666667, [12.666666666666666, 390450, 6247200, 13170, 6247200, 52170]] [5069015055.333334, [1270.8333333333333, 6635394, 106002464, 38794, 103509152, 831389]] [395049530.0, [51.5, 542918, 8678448, 4918, 7767792, 60753]] [297594232325.4001, [629.5500000000001, 383626383, 6138012243, 5340891, 6137123727, 47946441]] [1254246738.0, [50.5, 1647980, 26356864, 33172, 25506688, 199967]]
Arch_Param: [32, 2048, 32768, 32, 512, 64]
Samsung_cost: [9581194840.777779, [196211.02777777778, 12556324, 401768440, 3146788, 50351288, 394337]] [15265348686.0, [309231.0, 19783791, 633078564, 4912239, 85328676, 668271]] [1273265340.0, [26090.0, 1669150, 53412640, 417310, 6677280, 52170]] [20769302460.0, [425444.0, 27227206, 871270432, 6806854, 108910624, 850868]] [1490916776.0, [30545.0, 1954502, 62543920, 488630, 7818032, 61084]] [1170462911346.0, [23974926.0, 1534385247, 49100323923, 383602047, 6138057555, 47954907]] [36229419040.0, [742096.0, 47493238, 1519783616, 11908214, 189976256, 1488543]]
Model_cost: [5511857394.418333, [310.5149404761905, 6384228, 204263608, 317732, 49400505, 386978]] [3916672530.0, [3786.0, 2666607, 85328676, 86895, 77870628, 608475]] [302396934.6666667, [12.666666666666666, 195230, 6247200, 13150, 6247200, 52170]] [5055783927.333334, [1270.8333333333333, 3327942, 106002464, 38734, 103509152, 831389]] [394267538.8888889, [51.388888888888886, 272646, 8678448, 18502, 7767792, 60762]] [296826981413.4001, [629.5500000000001, 191813655, 6138012243, 5340891, 6137123727, 47946441]] [1251021398.0, [50.5, 823990, 26356864, 36382, 25506688, 199967]]
Arch_Param: [32, 2048, 32768, 32, 512, 128]
Samsung_cost: [9522582616.777779, [196211.02777777778, 12556324, 401768440, 482596, 50351288, 394337]] [15171136590.0, [309231.0, 19783791, 633078564, 629871, 85328676, 668271]] [1266394300.0, [26090.0, 1669150, 53412640, 104990, 6677280, 52170]] [20626358076.0, [425444.0, 27227206, 871270432, 309382, 108910624, 850868]] [1480798888.0, [30545.0, 1954502, 62543920, 28726, 7818032, 61084]] [1162963520370.0, [23974926.0, 1534385247, 49100323923, 42720639, 6138057555, 47954907]] [36005103520.0, [742096.0, 47493238, 1519783616, 1712054, 189976256, 1488543]]
Model_cost: [5511857394.418333, [310.5149404761905, 6384228, 204263608, 317732, 49400505, 386978]] [3916672530.0, [3786.0, 2666607, 85328676, 86895, 77870628, 608475]] [302396934.6666667, [12.666666666666666, 195230, 6247200, 13150, 6247200, 52170]] [5055783927.333334, [1270.8333333333333, 3327942, 106002464, 38734, 103509152, 831389]] [394267538.8888889, [51.388888888888886, 272646, 8678448, 18502, 7767792, 60762]] [296826981413.4001, [629.5500000000001, 191813655, 6138012243, 5340891, 6137123727, 47946441]] [1251021398.0, [50.5, 823990, 26356864, 36382, 25506688, 199967]]
Arch_Param: [32, 2048, 32768, 32, 512, 256]
Samsung_cost: [9522582616.777779, [196211.02777777778, 12556324, 401768440, 482596, 50351288, 394337]] [15171136590.0, [309231.0, 19783791, 633078564, 629871, 85328676, 668271]] [1266394300.0, [26090.0, 1669150, 53412640, 104990, 6677280, 52170]] [20626358076.0, [425444.0, 27227206, 871270432, 309382, 108910624, 850868]] [1480798888.0, [30545.0, 1954502, 62543920, 28726, 7818032, 61084]] [1162963520370.0, [23974926.0, 1534385247, 49100323923, 42720639, 6138057555, 47954907]] [36005103520.0, [742096.0, 47493238, 1519783616, 1712054, 189976256, 1488543]]
Model_cost: [5511504266.418333, [311.3720833333333, 6384228, 204263608, 301924, 49400505, 386786]] [3916672530.0, [3786.0, 2666607, 85328676, 86895, 77870628, 608475]] [302396934.6666667, [12.666666666666666, 195230, 6247200, 13150, 6247200, 52170]] [5055783927.333334, [1270.8333333333333, 3327942, 106002464, 38734, 103509152, 831389]] [393965754.0, [51.5, 271974, 8678448, 4918, 7767792, 60753]] [296826981413.4001, [629.5500000000001, 191813655, 6138012243, 5340891, 6137123727, 47946441]] [1250948182.0, [50.5, 823990, 26356864, 33054, 25506688, 199967]]
Arch_Param: [32, 2048, 32768, 32, 512, 512]
Samsung_cost: [9522582616.777779, [196211.02777777778, 12556324, 401768440, 482596, 50351288, 394337]] [15171136590.0, [309231.0, 19783791, 633078564, 629871, 85328676, 668271]] [1266394300.0, [26090.0, 1669150, 53412640, 104990, 6677280, 52170]] [20626358076.0, [425444.0, 27227206, 871270432, 309382, 108910624, 850868]] [1480798888.0, [30545.0, 1954502, 62543920, 28726, 7818032, 61084]] [1162963520370.0, [23974926.0, 1534385247, 49100323923, 42720639, 6138057555, 47954907]] [36005103520.0, [742096.0, 47493238, 1519783616, 1712054, 189976256, 1488543]]
Model_cost: [5511504266.418333, [311.3720833333333, 6384228, 204263608, 301924, 49400505, 386786]] [3916672530.0, [3786.0, 2666607, 85328676, 86895, 77870628, 608475]] [302396934.6666667, [12.666666666666666, 195230, 6247200, 13150, 6247200, 52170]] [5055783927.333334, [1270.8333333333333, 3327942, 106002464, 38734, 103509152, 831389]] [393965754.0, [51.5, 271974, 8678448, 4918, 7767792, 60753]] [296826981413.4001, [629.5500000000001, 191813655, 6138012243, 5340891, 6137123727, 47946441]] [1250948182.0, [50.5, 823990, 26356864, 33054, 25506688, 199967]]
Arch_Param: [32, 2048, 32768, 32, 1024, 64]
Samsung_cost: [9556090378.777779, [196211.02777777778, 6280225, 401768440, 3146785, 50351288, 394337]] [15225781326.0, [309231.0, 9891951, 633078564, 4912239, 85328676, 668271]] [1269926840.0, [26090.0, 834580, 53412640, 417300, 6677280, 52170]] [20714847408.0, [425444.0, 13613608, 871270432, 6806824, 108910624, 850868]] [1487007784.0, [30545.0, 977254, 62543920, 488630, 7818032, 61084]] [1167394141170.0, [23974926.0, 767192703, 49100323923, 383602047, 6138057555, 47954907]] [36134431266.0, [742096.0, 23746619, 1519783616, 11908155, 189976256, 1488543]]
Model_cost: [5499239076.418333, [310.5149404761905, 3229665, 204263608, 317729, 49400505, 386978]] [3911339538.0, [3786.0, 1333359, 85328676, 86895, 77870628, 608475]] [302031874.6666667, [12.666666666666666, 104020, 6247200, 13140, 6247200, 52170]] [5049193963.333334, [1270.8333333333333, 1680616, 106002464, 38704, 103509152, 831389]] [393589138.8888889, [51.388888888888886, 136838, 8678448, 12358, 7767792, 60762]] [296443355957.4001, [629.5500000000001, 95907291, 6138012243, 5340891, 6137123727, 47946441]] [1249337176.0, [50.5, 412411, 26356864, 34659, 25506688, 199967]]
Arch_Param: [32, 2048, 32768, 32, 1024, 128]
Samsung_cost: [9497478154.777779, [196211.02777777778, 6280225, 401768440, 482593, 50351288, 394337]] [15131569230.0, [309231.0, 9891951, 633078564, 629871, 85328676, 668271]] [1263055800.0, [26090.0, 834580, 53412640, 104980, 6677280, 52170]] [20571903024.0, [425444.0, 13613608, 871270432, 309352, 108910624, 850868]] [1476889896.0, [30545.0, 977254, 62543920, 28726, 7818032, 61084]] [1159894750194.0, [23974926.0, 767192703, 49100323923, 42720639, 6138057555, 47954907]] [35910115746.0, [742096.0, 23746619, 1519783616, 1711995, 189976256, 1488543]]
Model_cost: [5499239076.418333, [310.5149404761905, 3229665, 204263608, 317729, 49400505, 386978]] [3911339538.0, [3786.0, 1333359, 85328676, 86895, 77870628, 608475]] [302031874.6666667, [12.666666666666666, 104020, 6247200, 13140, 6247200, 52170]] [5049193963.333334, [1270.8333333333333, 1680616, 106002464, 38704, 103509152, 831389]] [393589138.8888889, [51.388888888888886, 136838, 8678448, 12358, 7767792, 60762]] [296443355957.4001, [629.5500000000001, 95907291, 6138012243, 5340891, 6137123727, 47946441]] [1249337176.0, [50.5, 412411, 26356864, 34659, 25506688, 199967]]
Arch_Param: [32, 2048, 32768, 32, 1024, 256]
Samsung_cost: [9497478154.777779, [196211.02777777778, 6280225, 401768440, 482593, 50351288, 394337]] [15131569230.0, [309231.0, 9891951, 633078564, 629871, 85328676, 668271]] [1263055800.0, [26090.0, 834580, 53412640, 104980, 6677280, 52170]] [20571903024.0, [425444.0, 13613608, 871270432, 309352, 108910624, 850868]] [1476889896.0, [30545.0, 977254, 62543920, 28726, 7818032, 61084]] [1159894750194.0, [23974926.0, 767192703, 49100323923, 42720639, 6138057555, 47954907]] [35910115746.0, [742096.0, 23746619, 1519783616, 1711995, 189976256, 1488543]]
Model_cost: [5498855996.418333, [311.3720833333333, 3222177, 204263608, 301921, 49400505, 386786]] [3911339538.0, [3786.0, 1333359, 85328676, 86895, 77870628, 608475]] [302031874.6666667, [12.666666666666666, 104020, 6247200, 13140, 6247200, 52170]] [5049193963.333334, [1270.8333333333333, 1680616, 106002464, 38704, 103509152, 831389]] [393423866.0, [51.5, 136502, 8678448, 4918, 7767792, 60753]] [296443355957.4001, [629.5500000000001, 95907291, 6138012243, 5340891, 6137123727, 47946441]] [1249300568.0, [50.5, 412411, 26356864, 32995, 25506688, 199967]]
Arch_Param: [32, 2048, 32768, 32, 1024, 512]
Samsung_cost: [9497478154.777779, [196211.02777777778, 6280225, 401768440, 482593, 50351288, 394337]] [15131569230.0, [309231.0, 9891951, 633078564, 629871, 85328676, 668271]] [1263055800.0, [26090.0, 834580, 53412640, 104980, 6677280, 52170]] [20571903024.0, [425444.0, 13613608, 871270432, 309352, 108910624, 850868]] [1476889896.0, [30545.0, 977254, 62543920, 28726, 7818032, 61084]] [1159894750194.0, [23974926.0, 767192703, 49100323923, 42720639, 6138057555, 47954907]] [35910115746.0, [742096.0, 23746619, 1519783616, 1711995, 189976256, 1488543]]
Model_cost: [5498855996.418333, [311.3720833333333, 3222177, 204263608, 301921, 49400505, 386786]] [3911339538.0, [3786.0, 1333359, 85328676, 86895, 77870628, 608475]] [302031874.6666667, [12.666666666666666, 104020, 6247200, 13140, 6247200, 52170]] [5049193963.333334, [1270.8333333333333, 1680616, 106002464, 38704, 103509152, 831389]] [393423866.0, [51.5, 136502, 8678448, 4918, 7767792, 60753]] [296443355957.4001, [629.5500000000001, 95907291, 6138012243, 5340891, 6137123727, 47946441]] [1249300568.0, [50.5, 412411, 26356864, 32995, 25506688, 199967]]
Arch_Param: [32, 2048, 16384, 4, 256, 64]
Samsung_cost: [39235014176.0, [1600113.5, 102405697, 1638358008, 12858433, 203074744, 1587489]] [15353138766.0, [618351.0, 39567471, 633078564, 4912239, 85328676, 668271]] [1280672580.0, [52170.0, 3338290, 53412640, 417330, 6677280, 52170]] [20890124436.0, [850868.0, 54454402, 871270432, 6806914, 108910624, 850868]] [1688787564.0, [68790.0, 4402182, 70434864, 550278, 8804400, 68790]] [1177271745174.0, [47949693.0, 3068770335, 49100323923, 383602047, 6138057555, 47954907]] [37859790108.0, [1543824.0, 98803948, 1580863168, 12489964, 195940032, 1535135]]
Model_cost: [27720357414.32162, [3650.0114864864863, 80564801, 1288904952, 10265793, 49400505, 386978]] [5513722350.0, [7899.0, 10223727, 163578660, 164463, 77870628, 608475]] [303178329.3333333, [15.333333333333332, 390450, 6247200, 13170, 6247200, 52170]] [5069049798.666666, [2511.6666666666665, 6635394, 106002464, 38794, 103509152, 831389]] [1638776148.0, [712.0, 4343302, 69492784, 559622, 7768304, 60826]] [421994520762.0, [1542.0, 767215743, 12275433555, 10680855, 6137123727, 47946441]] [1689985964.75, [218.3125, 2983404, 47652928, 236180, 25506688, 200159]]
Arch_Param: [32, 2048, 16384, 4, 256, 128]
Samsung_cost: [38996825632.0, [1600113.5, 102405697, 1638358008, 2031681, 203074744, 1587489]] [15258926670.0, [618351.0, 39567471, 633078564, 629871, 85328676, 668271]] [1273801540.0, [52170.0, 3338290, 53412640, 105010, 6677280, 52170]] [20747180052.0, [850868.0, 54454402, 871270432, 309442, 108910624, 850868]] [1677546092.0, [68790.0, 4402182, 70434864, 39302, 8804400, 68790]] [1169772354198.0, [47949693.0, 3068770335, 49100323923, 42720639, 6138057555, 47954907]] [37630157980.0, [1543824.0, 98803948, 1580863168, 2052140, 195940032, 1535135]]
Model_cost: [27720357414.32162, [3650.0114864864863, 80564801, 1288904952, 10265793, 49400505, 386978]] [5513722350.0, [7899.0, 10223727, 163578660, 164463, 77870628, 608475]] [303178329.3333333, [15.333333333333332, 390450, 6247200, 13170, 6247200, 52170]] [5069049798.666666, [2511.6666666666665, 6635394, 106002464, 38794, 103509152, 831389]] [1628908884.0, [712.0, 4343302, 69492784, 111110, 7768304, 60826]] [421994520762.0, [1542.0, 767215743, 12275433555, 10680855, 6137123727, 47946441]] [1688980652.75, [218.3125, 2983404, 47652928, 190484, 25506688, 200159]]
Arch_Param: [32, 2048, 16384, 4, 256, 256]
Samsung_cost: [38996825632.0, [1600113.5, 102405697, 1638358008, 2031681, 203074744, 1587489]] [15258926670.0, [618351.0, 39567471, 633078564, 629871, 85328676, 668271]] [1273801540.0, [52170.0, 3338290, 53412640, 105010, 6677280, 52170]] [20747180052.0, [850868.0, 54454402, 871270432, 309442, 108910624, 850868]] [1677546092.0, [68790.0, 4402182, 70434864, 39302, 8804400, 68790]] [1169772354198.0, [47949693.0, 3068770335, 49100323923, 42720639, 6138057555, 47954907]] [37630157980.0, [1543824.0, 98803948, 1580863168, 2052140, 195940032, 1535135]]
Model_cost: [27720357414.32162, [3650.0114864864863, 80564801, 1288904952, 10265793, 49400505, 386978]] [5513722350.0, [7899.0, 10223727, 163578660, 164463, 77870628, 608475]] [303178329.3333333, [15.333333333333332, 390450, 6247200, 13170, 6247200, 52170]] [5069049798.666666, [2511.6666666666665, 6635394, 106002464, 38794, 103509152, 831389]] [1628908884.0, [712.0, 4343302, 69492784, 111110, 7768304, 60826]] [421994520762.0, [1542.0, 767215743, 12275433555, 10680855, 6137123727, 47946441]] [1688980652.75, [218.3125, 2983404, 47652928, 190484, 25506688, 200159]]
Arch_Param: [32, 2048, 16384, 4, 512, 64]
Samsung_cost: [39030203182.0, [1600113.5, 51203108, 1638358008, 12858404, 203074744, 1587489]] [15274004046.0, [618351.0, 19783791, 633078564, 4912239, 85328676, 668271]] [1273995580.0, [52170.0, 1669150, 53412640, 417310, 6677280, 52170]] [20781214332.0, [850868.0, 27227206, 871270432, 6806854, 108910624, 850868]] [1679983212.0, [68790.0, 2201094, 70434864, 550278, 8804400, 68790]] [1171134204822.0, [47949693.0, 1534385247, 49100323923, 383602047, 6138057555, 47954907]] [37662179616.0, [1543824.0, 49401974, 1580863168, 12489846, 195940032, 1535135]]
Model_cost: [27559228212.32162, [3650.0114864864863, 40282660, 1288904952, 10265764, 49400505, 386978]] [5493275118.0, [7899.0, 5111919, 163578660, 164463, 77870628, 608475]] [302397009.3333333, [15.333333333333332, 195230, 6247200, 13150, 6247200, 52170]] [5055818670.666666, [2511.6666666666665, 3327942, 106002464, 38734, 103509152, 831389]] [1630192980.0, [712.0, 2197510, 69492784, 559622, 7768304, 60826]] [420460092666.0, [1542.0, 383608719, 12275433555, 10680855, 6137123727, 47946441]] [1683326640.75, [218.3125, 1491702, 47652928, 204702, 25506688, 200159]]
Arch_Param: [32, 2048, 16384, 4, 512, 128]
Samsung_cost: [38792014638.0, [1600113.5, 51203108, 1638358008, 2031652, 203074744, 1587489]] [15179791950.0, [618351.0, 19783791, 633078564, 629871, 85328676, 668271]] [1267124540.0, [52170.0, 1669150, 53412640, 104990, 6677280, 52170]] [20638269948.0, [850868.0, 27227206, 871270432, 309382, 108910624, 850868]] [1668741740.0, [68790.0, 2201094, 70434864, 39302, 8804400, 68790]] [1163634813846.0, [47949693.0, 1534385247, 49100323923, 42720639, 6138057555, 47954907]] [37432547488.0, [1543824.0, 49401974, 1580863168, 2052022, 195940032, 1535135]]
Model_cost: [27559228212.32162, [3650.0114864864863, 40282660, 1288904952, 10265764, 49400505, 386978]] [5493275118.0, [7899.0, 5111919, 163578660, 164463, 77870628, 608475]] [302397009.3333333, [15.333333333333332, 195230, 6247200, 13150, 6247200, 52170]] [5055818670.666666, [2511.6666666666665, 3327942, 106002464, 38734, 103509152, 831389]] [1620325716.0, [712.0, 2197510, 69492784, 111110, 7768304, 60826]] [420460092666.0, [1542.0, 383608719, 12275433555, 10680855, 6137123727, 47946441]] [1682321328.75, [218.3125, 1491702, 47652928, 159006, 25506688, 200159]]
Arch_Param: [32, 2048, 16384, 4, 512, 256]
Samsung_cost: [38792014638.0, [1600113.5, 51203108, 1638358008, 2031652, 203074744, 1587489]] [15179791950.0, [618351.0, 19783791, 633078564, 629871, 85328676, 668271]] [1267124540.0, [52170.0, 1669150, 53412640, 104990, 6677280, 52170]] [20638269948.0, [850868.0, 27227206, 871270432, 309382, 108910624, 850868]] [1668741740.0, [68790.0, 2201094, 70434864, 39302, 8804400, 68790]] [1163634813846.0, [47949693.0, 1534385247, 49100323923, 42720639, 6138057555, 47954907]] [37432547488.0, [1543824.0, 49401974, 1580863168, 2052022, 195940032, 1535135]]
Model_cost: [27559228212.32162, [3650.0114864864863, 40282660, 1288904952, 10265764, 49400505, 386978]] [5493275118.0, [7899.0, 5111919, 163578660, 164463, 77870628, 608475]] [302397009.3333333, [15.333333333333332, 195230, 6247200, 13150, 6247200, 52170]] [5055818670.666666, [2511.6666666666665, 3327942, 106002464, 38734, 103509152, 831389]] [1620325716.0, [712.0, 2197510, 69492784, 111110, 7768304, 60826]] [420460092666.0, [1542.0, 383608719, 12275433555, 10680855, 6137123727, 47946441]] [1682321328.75, [218.3125, 1491702, 47652928, 159006, 25506688, 200159]]
Arch_Param: [32, 2048, 16384, 4, 512, 512]
Samsung_cost: [38792014638.0, [1600113.5, 51203108, 1638358008, 2031652, 203074744, 1587489]] [15179791950.0, [618351.0, 19783791, 633078564, 629871, 85328676, 668271]] [1267124540.0, [52170.0, 1669150, 53412640, 104990, 6677280, 52170]] [20638269948.0, [850868.0, 27227206, 871270432, 309382, 108910624, 850868]] [1668741740.0, [68790.0, 2201094, 70434864, 39302, 8804400, 68790]] [1163634813846.0, [47949693.0, 1534385247, 49100323923, 42720639, 6138057555, 47954907]] [37432547488.0, [1543824.0, 49401974, 1580863168, 2052022, 195940032, 1535135]]
Model_cost: [27380148212.32162, [3650.0114864864863, 40282660, 1288904952, 2125764, 49400505, 386978]] [5493275118.0, [7899.0, 5111919, 163578660, 164463, 77870628, 608475]] [302397009.3333333, [15.333333333333332, 195230, 6247200, 13150, 6247200, 52170]] [5055818670.666666, [2511.6666666666665, 3327942, 106002464, 38734, 103509152, 831389]] [1619694932.0, [712.0, 2197510, 69492784, 82438, 7768304, 60826]] [420460092666.0, [1542.0, 383608719, 12275433555, 10680855, 6137123727, 47946441]] [1681647152.75, [218.3125, 1491702, 47652928, 128606, 25506688, 199967]]
Arch_Param: [32, 2048, 16384, 4, 1024, 64]
Samsung_cost: [38927848160.0, [1600113.5, 25614369, 1638358008, 12858401, 203074744, 1587489]] [15234436686.0, [618351.0, 9891951, 633078564, 4912239, 85328676, 668271]] [1270657080.0, [52170.0, 834580, 53412640, 417300, 6677280, 52170]] [20726759280.0, [850868.0, 13613608, 871270432, 6806824, 108910624, 850868]] [1675581036.0, [68790.0, 1100550, 70434864, 550278, 8804400, 68790]] [1168065434646.0, [47949693.0, 767192703, 49100323923, 383602047, 6138057555, 47954907]] [37563374370.0, [1543824.0, 24700987, 1580863168, 12489787, 195940032, 1535135]]
Model_cost: [27479833318.32162, [3650.0114864864863, 20433953, 1288904952, 10265761, 49400505, 386978]] [5483051502.0, [7899.0, 2556015, 163578660, 164463, 77870628, 608475]] [302031949.3333333, [15.333333333333332, 104020, 6247200, 13140, 6247200, 52170]] [5049228706.666666, [2511.6666666666665, 1680616, 106002464, 38704, 103509152, 831389]] [1624815160.0, [711.0, 1094662, 69427248, 576006, 7767792, 60762]] [419692878618.0, [1542.0, 191805207, 12275433555, 10680855, 6137123727, 47946441]] [1680136114.75, [218.3125, 763387, 47652928, 192099, 25506688, 200159]]
Arch_Param: [32, 2048, 16384, 4, 1024, 128]
Samsung_cost: [38689659616.0, [1600113.5, 25614369, 1638358008, 2031649, 203074744, 1587489]] [15140224590.0, [618351.0, 9891951, 633078564, 629871, 85328676, 668271]] [1263786040.0, [52170.0, 834580, 53412640, 104980, 6677280, 52170]] [20583814896.0, [850868.0, 13613608, 871270432, 309352, 108910624, 850868]] [1664339564.0, [68790.0, 1100550, 70434864, 39302, 8804400, 68790]] [1160566043670.0, [47949693.0, 767192703, 49100323923, 42720639, 6138057555, 47954907]] [37333742242.0, [1543824.0, 24700987, 1580863168, 2051963, 195940032, 1535135]]
Model_cost: [27479833318.32162, [3650.0114864864863, 20433953, 1288904952, 10265761, 49400505, 386978]] [5483051502.0, [7899.0, 2556015, 163578660, 164463, 77870628, 608475]] [302031949.3333333, [15.333333333333332, 104020, 6247200, 13140, 6247200, 52170]] [5049228706.666666, [2511.6666666666665, 1680616, 106002464, 38704, 103509152, 831389]] [1614947896.0, [711.0, 1094662, 69427248, 127494, 7767792, 60762]] [419692878618.0, [1542.0, 191805207, 12275433555, 10680855, 6137123727, 47946441]] [1679130802.75, [218.3125, 763387, 47652928, 146403, 25506688, 200159]]
Arch_Param: [32, 2048, 16384, 4, 1024, 256]
Samsung_cost: [38689659616.0, [1600113.5, 25614369, 1638358008, 2031649, 203074744, 1587489]] [15140224590.0, [618351.0, 9891951, 633078564, 629871, 85328676, 668271]] [1263786040.0, [52170.0, 834580, 53412640, 104980, 6677280, 52170]] [20583814896.0, [850868.0, 13613608, 871270432, 309352, 108910624, 850868]] [1664339564.0, [68790.0, 1100550, 70434864, 39302, 8804400, 68790]] [1160566043670.0, [47949693.0, 767192703, 49100323923, 42720639, 6138057555, 47954907]] [37333742242.0, [1543824.0, 24700987, 1580863168, 2051963, 195940032, 1535135]]
Model_cost: [27479833318.32162, [3650.0114864864863, 20433953, 1288904952, 10265761, 49400505, 386978]] [5483051502.0, [7899.0, 2556015, 163578660, 164463, 77870628, 608475]] [302031949.3333333, [15.333333333333332, 104020, 6247200, 13140, 6247200, 52170]] [5049228706.666666, [2511.6666666666665, 1680616, 106002464, 38704, 103509152, 831389]] [1614947896.0, [711.0, 1094662, 69427248, 127494, 7767792, 60762]] [419692878618.0, [1542.0, 191805207, 12275433555, 10680855, 6137123727, 47946441]] [1679130802.75, [218.3125, 763387, 47652928, 146403, 25506688, 200159]]
Arch_Param: [32, 2048, 16384, 4, 1024, 512]
Samsung_cost: [38689659616.0, [1600113.5, 25614369, 1638358008, 2031649, 203074744, 1587489]] [15140224590.0, [618351.0, 9891951, 633078564, 629871, 85328676, 668271]] [1263786040.0, [52170.0, 834580, 53412640, 104980, 6677280, 52170]] [20583814896.0, [850868.0, 13613608, 871270432, 309352, 108910624, 850868]] [1664339564.0, [68790.0, 1100550, 70434864, 39302, 8804400, 68790]] [1160566043670.0, [47949693.0, 767192703, 49100323923, 42720639, 6138057555, 47954907]] [37333742242.0, [1543824.0, 24700987, 1580863168, 2051963, 195940032, 1535135]]
Model_cost: [27300753318.32162, [3650.0114864864863, 20433953, 1288904952, 2125761, 49400505, 386978]] [5483051502.0, [7899.0, 2556015, 163578660, 164463, 77870628, 608475]] [302031949.3333333, [15.333333333333332, 104020, 6247200, 13140, 6247200, 52170]] [5049228706.666666, [2511.6666666666665, 1680616, 106002464, 38704, 103509152, 831389]] [1614317112.0, [711.0, 1094662, 69427248, 98822, 7767792, 60762]] [419692878618.0, [1542.0, 191805207, 12275433555, 10680855, 6137123727, 47946441]] [1678399026.75, [218.3125, 748987, 47652928, 116003, 25506688, 199967]]
Arch_Param: [32, 2048, 16384, 8, 256, 64]
Samsung_cost: [19666328096.0, [801777.5, 51312193, 820923384, 6444097, 102001848, 797857]] [15353138766.0, [618351.0, 39567471, 633078564, 4912239, 85328676, 668271]] [1280672580.0, [52170.0, 3338290, 53412640, 417330, 6677280, 52170]] [20890124436.0, [850868.0, 54454402, 871270432, 6806914, 108910624, 850868]] [1573491372.0, [64094.0, 4101638, 65626160, 512710, 8203312, 64094]] [1177271745174.0, [47949693.0, 3068770335, 49100323923, 383602047, 6138057555, 47954907]] [36946900252.0, [1505424.0, 96346348, 1541541568, 12113132, 192138944, 1505439]]
Model_cost: [15057761236.66081, [1905.3807432432432, 41814593, 668963704, 5323905, 49400505, 386978]] [3927441414.0, [7461.0, 5333103, 85328676, 86895, 77870628, 608475]] [303178329.3333333, [15.333333333333332, 390450, 6247200, 13170, 6247200, 52170]] [5069049798.666666, [2511.6666666666665, 6635394, 106002464, 38794, 103509152, 831389]] [924062904.0, [359.0, 2171654, 34746416, 55558, 7768304, 60826]] [297594245500.7999, [1100.1000000000001, 383626383, 6138012243, 5340891, 6137123727, 47946441]] [1387104875.95, [133.7125, 2055020, 32839552, 104468, 25506688, 200159]]
Arch_Param: [32, 2048, 16384, 8, 256, 128]
Samsung_cost: [19547076128.0, [801777.5, 51312193, 820923384, 1023553, 102001848, 797857]] [15258926670.0, [618351.0, 39567471, 633078564, 629871, 85328676, 668271]] [1273801540.0, [52170.0, 3338290, 53412640, 105010, 6677280, 52170]] [20747180052.0, [850868.0, 54454402, 871270432, 309442, 108910624, 850868]] [1562937004.0, [64094.0, 4101638, 65626160, 32966, 8203312, 64094]] [1169772354198.0, [47949693.0, 3068770335, 49100323923, 42720639, 6138057555, 47954907]] [36720692380.0, [1505424.0, 96346348, 1541541568, 1830956, 192138944, 1505439]]
Model_cost: [15057761236.66081, [1905.3807432432432, 41814593, 668963704, 5323905, 49400505, 386978]] [3927441414.0, [7461.0, 5333103, 85328676, 86895, 77870628, 608475]] [303178329.3333333, [15.333333333333332, 390450, 6247200, 13170, 6247200, 52170]] [5069049798.666666, [2511.6666666666665, 6635394, 106002464, 38794, 103509152, 831389]] [924062904.0, [359.0, 2171654, 34746416, 55558, 7768304, 60826]] [297594245500.7999, [1100.1000000000001, 383626383, 6138012243, 5340891, 6137123727, 47946441]] [1387104875.95, [133.7125, 2055020, 32839552, 104468, 25506688, 200159]]
Arch_Param: [32, 2048, 16384, 8, 256, 256]
Samsung_cost: [19547076128.0, [801777.5, 51312193, 820923384, 1023553, 102001848, 797857]] [15258926670.0, [618351.0, 39567471, 633078564, 629871, 85328676, 668271]] [1273801540.0, [52170.0, 3338290, 53412640, 105010, 6677280, 52170]] [20747180052.0, [850868.0, 54454402, 871270432, 309442, 108910624, 850868]] [1562937004.0, [64094.0, 4101638, 65626160, 32966, 8203312, 64094]] [1169772354198.0, [47949693.0, 3068770335, 49100323923, 42720639, 6138057555, 47954907]] [36720692380.0, [1505424.0, 96346348, 1541541568, 1830956, 192138944, 1505439]]
Model_cost: [14964639636.66081, [1905.3807432432432, 41814593, 668963704, 1091105, 49400505, 386978]] [3927441414.0, [7461.0, 5333103, 85328676, 86895, 77870628, 608475]] [303178329.3333333, [15.333333333333332, 390450, 6247200, 13170, 6247200, 52170]] [5069049798.666666, [2511.6666666666665, 6635394, 106002464, 38794, 103509152, 831389]] [923747512.0, [359.0, 2171654, 34746416, 41222, 7768304, 60826]] [297594245500.7999, [1100.1000000000001, 383626383, 6138012243, 5340891, 6137123727, 47946441]] [1386751740.75, [134.3125, 2055020, 32839552, 88660, 25506688, 199967]]
Arch_Param: [32, 2048, 16384, 8, 512, 64]
Samsung_cost: [19563704110.0, [801777.5, 25656356, 820923384, 6444068, 102001848, 797857]] [15274004046.0, [618351.0, 19783791, 633078564, 4912239, 85328676, 668271]] [1273995580.0, [52170.0, 1669150, 53412640, 417310, 6677280, 52170]] [20781214332.0, [850868.0, 27227206, 871270432, 6806854, 108910624, 850868]] [1565288108.0, [64094.0, 2050822, 65626160, 512710, 8203312, 64094]] [1171134204822.0, [47949693.0, 1534385247, 49100323923, 383602047, 6138057555, 47954907]] [36754204960.0, [1505424.0, 48173174, 1541541568, 12113014, 192138944, 1505439]]
Model_cost: [14974132450.66081, [1905.3807432432432, 20907556, 668963704, 5323876, 49400505, 386978]] [3916775430.0, [7461.0, 2666607, 85328676, 86895, 77870628, 608475]] [302397009.3333333, [15.333333333333332, 195230, 6247200, 13150, 6247200, 52170]] [5055818670.666666, [2511.6666666666665, 3327942, 106002464, 38734, 103509152, 831389]] [919771320.0, [359.0, 1098758, 34746416, 55558, 7768304, 60826]] [296826994588.7999, [1100.1000000000001, 191813655, 6138012243, 5340891, 6137123727, 47946441]] [1382647279.95, [133.7125, 1027510, 32839552, 88670, 25506688, 200159]]
Arch_Param: [32, 2048, 16384, 8, 512, 128]
Samsung_cost: [19444452142.0, [801777.5, 25656356, 820923384, 1023524, 102001848, 797857]] [15179791950.0, [618351.0, 19783791, 633078564, 629871, 85328676, 668271]] [1267124540.0, [52170.0, 1669150, 53412640, 104990, 6677280, 52170]] [20638269948.0, [850868.0, 27227206, 871270432, 309382, 108910624, 850868]] [1554733740.0, [64094.0, 2050822, 65626160, 32966, 8203312, 64094]] [1163634813846.0, [47949693.0, 1534385247, 49100323923, 42720639, 6138057555, 47954907]] [36527997088.0, [1505424.0, 48173174, 1541541568, 1830838, 192138944, 1505439]]
Model_cost: [14974132450.66081, [1905.3807432432432, 20907556, 668963704, 5323876, 49400505, 386978]] [3916775430.0, [7461.0, 2666607, 85328676, 86895, 77870628, 608475]] [302397009.3333333, [15.333333333333332, 195230, 6247200, 13150, 6247200, 52170]] [5055818670.666666, [2511.6666666666665, 3327942, 106002464, 38734, 103509152, 831389]] [919771320.0, [359.0, 1098758, 34746416, 55558, 7768304, 60826]] [296826994588.7999, [1100.1000000000001, 191813655, 6138012243, 5340891, 6137123727, 47946441]] [1382647279.95, [133.7125, 1027510, 32839552, 88670, 25506688, 200159]]
Arch_Param: [32, 2048, 16384, 8, 512, 256]
Samsung_cost: [19444452142.0, [801777.5, 25656356, 820923384, 1023524, 102001848, 797857]] [15179791950.0, [618351.0, 19783791, 633078564, 629871, 85328676, 668271]] [1267124540.0, [52170.0, 1669150, 53412640, 104990, 6677280, 52170]] [20638269948.0, [850868.0, 27227206, 871270432, 309382, 108910624, 850868]] [1554733740.0, [64094.0, 2050822, 65626160, 32966, 8203312, 64094]] [1163634813846.0, [47949693.0, 1534385247, 49100323923, 42720639, 6138057555, 47954907]] [36527997088.0, [1505424.0, 48173174, 1541541568, 1830838, 192138944, 1505439]]
Model_cost: [14881010850.66081, [1905.3807432432432, 20907556, 668963704, 1091076, 49400505, 386978]] [3916775430.0, [7461.0, 2666607, 85328676, 86895, 77870628, 608475]] [302397009.3333333, [15.333333333333332, 195230, 6247200, 13150, 6247200, 52170]] [5055818670.666666, [2511.6666666666665, 3327942, 106002464, 38734, 103509152, 831389]] [919455928.0, [359.0, 1098758, 34746416, 41222, 7768304, 60826]] [296826994588.7999, [1100.1000000000001, 191813655, 6138012243, 5340891, 6137123727, 47946441]] [1382294144.75, [134.3125, 1027510, 32839552, 72862, 25506688, 199967]]
Arch_Param: [32, 2048, 16384, 8, 512, 512]
Samsung_cost: [19444452142.0, [801777.5, 25656356, 820923384, 1023524, 102001848, 797857]] [15179791950.0, [618351.0, 19783791, 633078564, 629871, 85328676, 668271]] [1267124540.0, [52170.0, 1669150, 53412640, 104990, 6677280, 52170]] [20638269948.0, [850868.0, 27227206, 871270432, 309382, 108910624, 850868]] [1554733740.0, [64094.0, 2050822, 65626160, 32966, 8203312, 64094]] [1163634813846.0, [47949693.0, 1534385247, 49100323923, 42720639, 6138057555, 47954907]] [36527997088.0, [1505424.0, 48173174, 1541541568, 1830838, 192138944, 1505439]]
Model_cost: [14881010850.66081, [1905.3807432432432, 20907556, 668963704, 1091076, 49400505, 386978]] [3916775430.0, [7461.0, 2666607, 85328676, 86895, 77870628, 608475]] [302397009.3333333, [15.333333333333332, 195230, 6247200, 13150, 6247200, 52170]] [5055818670.666666, [2511.6666666666665, 3327942, 106002464, 38734, 103509152, 831389]] [919100884.0, [360.0, 1090566, 34713648, 24838, 7792880, 61018]] [296826994588.7999, [1100.1000000000001, 191813655, 6138012243, 5340891, 6137123727, 47946441]] [1382294144.75, [134.3125, 1027510, 32839552, 72862, 25506688, 199967]]
Arch_Param: [32, 2048, 16384, 8, 1024, 64]
Samsung_cost: [19512418016.0, [801777.5, 12834849, 820923384, 6444065, 102001848, 797857]] [15234436686.0, [618351.0, 9891951, 633078564, 4912239, 85328676, 668271]] [1270657080.0, [52170.0, 834580, 53412640, 417300, 6677280, 52170]] [20726759280.0, [850868.0, 13613608, 871270432, 6806824, 108910624, 850868]] [1561186476.0, [64094.0, 1025414, 65626160, 512710, 8203312, 64094]] [1168065434646.0, [47949693.0, 767192703, 49100323923, 383602047, 6138057555, 47954907]] [36657857314.0, [1505424.0, 24086587, 1541541568, 12112955, 192138944, 1505439]]
Model_cost: [14932903060.66081, [1905.3807432432432, 10600225, 668963704, 5323873, 49400505, 386978]] [3911442438.0, [7461.0, 1333359, 85328676, 86895, 77870628, 608475]] [302031949.3333333, [15.333333333333332, 104020, 6247200, 13140, 6247200, 52170]] [5049228706.666666, [2511.6666666666665, 1680616, 106002464, 38704, 103509152, 831389]] [917074360.0, [359.0, 547334, 34713648, 63750, 7767792, 60762]] [296443369132.7999, [1100.1000000000001, 95907291, 6138012243, 5340891, 6137123727, 47946441]] [1380489201.95, [133.7125, 522811, 32839552, 82339, 25506688, 200159]]
Arch_Param: [32, 2048, 16384, 8, 1024, 128]
Samsung_cost: [19393166048.0, [801777.5, 12834849, 820923384, 1023521, 102001848, 797857]] [15140224590.0, [618351.0, 9891951, 633078564, 629871, 85328676, 668271]] [1263786040.0, [52170.0, 834580, 53412640, 104980, 6677280, 52170]] [20583814896.0, [850868.0, 13613608, 871270432, 309352, 108910624, 850868]] [1550632108.0, [64094.0, 1025414, 65626160, 32966, 8203312, 64094]] [1160566043670.0, [47949693.0, 767192703, 49100323923, 42720639, 6138057555, 47954907]] [36431649442.0, [1505424.0, 24086587, 1541541568, 1830779, 192138944, 1505439]]
Model_cost: [14932903060.66081, [1905.3807432432432, 10600225, 668963704, 5323873, 49400505, 386978]] [3911442438.0, [7461.0, 1333359, 85328676, 86895, 77870628, 608475]] [302031949.3333333, [15.333333333333332, 104020, 6247200, 13140, 6247200, 52170]] [5049228706.666666, [2511.6666666666665, 1680616, 106002464, 38704, 103509152, 831389]] [917074360.0, [359.0, 547334, 34713648, 63750, 7767792, 60762]] [296443369132.7999, [1100.1000000000001, 95907291, 6138012243, 5340891, 6137123727, 47946441]] [1380489201.95, [133.7125, 522811, 32839552, 82339, 25506688, 200159]]
Arch_Param: [32, 2048, 16384, 8, 1024, 256]
Samsung_cost: [19393166048.0, [801777.5, 12834849, 820923384, 1023521, 102001848, 797857]] [15140224590.0, [618351.0, 9891951, 633078564, 629871, 85328676, 668271]] [1263786040.0, [52170.0, 834580, 53412640, 104980, 6677280, 52170]] [20583814896.0, [850868.0, 13613608, 871270432, 309352, 108910624, 850868]] [1550632108.0, [64094.0, 1025414, 65626160, 32966, 8203312, 64094]] [1160566043670.0, [47949693.0, 767192703, 49100323923, 42720639, 6138057555, 47954907]] [36431649442.0, [1505424.0, 24086587, 1541541568, 1830779, 192138944, 1505439]]
Model_cost: [14839781460.66081, [1905.3807432432432, 10600225, 668963704, 1091073, 49400505, 386978]] [3911442438.0, [7461.0, 1333359, 85328676, 86895, 77870628, 608475]] [302031949.3333333, [15.333333333333332, 104020, 6247200, 13140, 6247200, 52170]] [5049228706.666666, [2511.6666666666665, 1680616, 106002464, 38704, 103509152, 831389]] [916758968.0, [359.0, 547334, 34713648, 49414, 7767792, 60762]] [296443369132.7999, [1100.1000000000001, 95907291, 6138012243, 5340891, 6137123727, 47946441]] [1380106114.75, [134.3125, 515323, 32839552, 66531, 25506688, 199967]]
Arch_Param: [32, 2048, 16384, 8, 1024, 512]
Samsung_cost: [19393166048.0, [801777.5, 12834849, 820923384, 1023521, 102001848, 797857]] [15140224590.0, [618351.0, 9891951, 633078564, 629871, 85328676, 668271]] [1263786040.0, [52170.0, 834580, 53412640, 104980, 6677280, 52170]] [20583814896.0, [850868.0, 13613608, 871270432, 309352, 108910624, 850868]] [1550632108.0, [64094.0, 1025414, 65626160, 32966, 8203312, 64094]] [1160566043670.0, [47949693.0, 767192703, 49100323923, 42720639, 6138057555, 47954907]] [36431649442.0, [1505424.0, 24086587, 1541541568, 1830779, 192138944, 1505439]]
Model_cost: [14839781460.66081, [1905.3807432432432, 10600225, 668963704, 1091073, 49400505, 386978]] [3911442438.0, [7461.0, 1333359, 85328676, 86895, 77870628, 608475]] [302031949.3333333, [15.333333333333332, 104020, 6247200, 13140, 6247200, 52170]] [5049228706.666666, [2511.6666666666665, 1680616, 106002464, 38704, 103509152, 831389]] [916758968.0, [359.0, 547334, 34713648, 49414, 7767792, 60762]] [296443369132.7999, [1100.1000000000001, 95907291, 6138012243, 5340891, 6137123727, 47946441]] [1380106114.75, [134.3125, 515323, 32839552, 66531, 25506688, 199967]]
Arch_Param: [32, 2048, 16384, 16, 256, 64]
Samsung_cost: [9881985056.0, [402609.5, 25765441, 412206072, 3236929, 51465400, 403041]] [15353138766.0, [618351.0, 39567471, 633078564, 4912239, 85328676, 668271]] [1280672580.0, [52170.0, 3338290, 53412640, 417330, 6677280, 52170]] [20890124436.0, [850868.0, 54454402, 871270432, 6806914, 108910624, 850868]] [1515843276.0, [61746.0, 3951366, 63221808, 493926, 7902768, 61746]] [1177271745174.0, [47949693.0, 3068770335, 49100323923, 383602047, 6138057555, 47954907]] [36490455324.0, [1486224.0, 95117548, 1521880768, 11924716, 190238400, 1490591]]
Model_cost: [8729189040.855406, [1030.9591216216218, 22447809, 359126200, 2854337, 49400505, 386978]] [3927441414.0, [7461.0, 5333103, 85328676, 86895, 77870628, 608475]] [303178329.3333333, [15.333333333333332, 390450, 6247200, 13170, 6247200, 52170]] [5069049798.666666, [2511.6666666666665, 6635394, 106002464, 38794, 103509152, 831389]] [571639980.888889, [184.8888888888889, 1085830, 17373232, 27782, 7768304, 60826]] [297594245500.7999, [1100.1000000000001, 383626383, 6138012243, 5340891, 6137123727, 47946441]] [1298718085.05, [98.0375, 1783660, 28517760, 65172, 25506688, 200159]]
Arch_Param: [32, 2048, 16384, 16, 256, 128]
Samsung_cost: [9822201376.0, [402609.5, 25765441, 412206072, 519489, 51465400, 403041]] [15258926670.0, [618351.0, 39567471, 633078564, 629871, 85328676, 668271]] [1273801540.0, [52170.0, 3338290, 53412640, 105010, 6677280, 52170]] [20747180052.0, [850868.0, 54454402, 871270432, 309442, 108910624, 850868]] [1505632460.0, [61746.0, 3951366, 63221808, 29798, 7902768, 61746]] [1169772354198.0, [47949693.0, 3068770335, 49100323923, 42720639, 6138057555, 47954907]] [36265959580.0, [1486224.0, 95117548, 1521880768, 1720364, 190238400, 1490591]]
Model_cost: [8679046640.855406, [1030.9591216216218, 22447809, 359126200, 575137, 49400505, 386978]] [3927441414.0, [7461.0, 5333103, 85328676, 86895, 77870628, 608475]] [303178329.3333333, [15.333333333333332, 390450, 6247200, 13170, 6247200, 52170]] [5069049798.666666, [2511.6666666666665, 6635394, 106002464, 38794, 103509152, 831389]] [571482284.888889, [184.8888888888889, 1085830, 17373232, 20614, 7768304, 60826]] [297594245500.7999, [1100.1000000000001, 383626383, 6138012243, 5340891, 6137123727, 47946441]] [1298525428.25, [97.4375, 1783660, 28517760, 56660, 25506688, 199967]]
Arch_Param: [32, 2048, 16384, 16, 256, 256]
Samsung_cost: [9822201376.0, [402609.5, 25765441, 412206072, 519489, 51465400, 403041]] [15258926670.0, [618351.0, 39567471, 633078564, 629871, 85328676, 668271]] [1273801540.0, [52170.0, 3338290, 53412640, 105010, 6677280, 52170]] [20747180052.0, [850868.0, 54454402, 871270432, 309442, 108910624, 850868]] [1505632460.0, [61746.0, 3951366, 63221808, 29798, 7902768, 61746]] [1169772354198.0, [47949693.0, 3068770335, 49100323923, 42720639, 6138057555, 47954907]] [36265959580.0, [1486224.0, 95117548, 1521880768, 1720364, 190238400, 1490591]]
Model_cost: [8679046640.855406, [1030.9591216216218, 22447809, 359126200, 575137, 49400505, 386978]] [3927441414.0, [7461.0, 5333103, 85328676, 86895, 77870628, 608475]] [303178329.3333333, [15.333333333333332, 390450, 6247200, 13170, 6247200, 52170]] [5069049798.666666, [2511.6666666666665, 6635394, 106002464, 38794, 103509152, 831389]] [571482284.888889, [184.8888888888889, 1085830, 17373232, 20614, 7768304, 60826]] [297594245500.7999, [1100.1000000000001, 383626383, 6138012243, 5340891, 6137123727, 47946441]] [1298525428.25, [97.4375, 1783660, 28517760, 56660, 25506688, 199967]]
Arch_Param: [32, 2048, 16384, 16, 512, 64]
Samsung_cost: [9830454574.0, [402609.5, 12882980, 412206072, 3236900, 51465400, 403041]] [15274004046.0, [618351.0, 19783791, 633078564, 4912239, 85328676, 668271]] [1273995580.0, [52170.0, 1669150, 53412640, 417310, 6677280, 52170]] [20781214332.0, [850868.0, 27227206, 871270432, 6806854, 108910624, 850868]] [1507940556.0, [61746.0, 1975686, 63221808, 493926, 7902768, 61746]] [1171134204822.0, [47949693.0, 1534385247, 49100323923, 383602047, 6138057555, 47954907]] [36300217632.0, [1486224.0, 47558774, 1521880768, 11924598, 190238400, 1490591]]
Model_cost: [8684293822.855406, [1030.9591216216218, 11224164, 359126200, 2854308, 49400505, 386978]] [3916775430.0, [7461.0, 2666607, 85328676, 86895, 77870628, 608475]] [302397009.3333333, [15.333333333333332, 195230, 6247200, 13150, 6247200, 52170]] [5055818670.666666, [2511.6666666666665, 3327942, 106002464, 38734, 103509152, 831389]] [569494188.888889, [184.8888888888889, 549382, 17373232, 27782, 7768304, 60826]] [296826994588.7999, [1100.1000000000001, 191813655, 6138012243, 5340891, 6137123727, 47946441]] [1294972169.05, [98.0375, 891830, 28517760, 57054, 25506688, 200159]]
Arch_Param: [32, 2048, 16384, 16, 512, 128]
Samsung_cost: [9770670894.0, [402609.5, 12882980, 412206072, 519460, 51465400, 403041]] [15179791950.0, [618351.0, 19783791, 633078564, 629871, 85328676, 668271]] [1267124540.0, [52170.0, 1669150, 53412640, 104990, 6677280, 52170]] [20638269948.0, [850868.0, 27227206, 871270432, 309382, 108910624, 850868]] [1497729740.0, [61746.0, 1975686, 63221808, 29798, 7902768, 61746]] [1163634813846.0, [47949693.0, 1534385247, 49100323923, 42720639, 6138057555, 47954907]] [36075721888.0, [1486224.0, 47558774, 1521880768, 1720246, 190238400, 1490591]]
Model_cost: [8634151422.855406, [1030.9591216216218, 11224164, 359126200, 575108, 49400505, 386978]] [3916775430.0, [7461.0, 2666607, 85328676, 86895, 77870628, 608475]] [302397009.3333333, [15.333333333333332, 195230, 6247200, 13150, 6247200, 52170]] [5055818670.666666, [2511.6666666666665, 3327942, 106002464, 38734, 103509152, 831389]] [569336492.888889, [184.8888888888889, 549382, 17373232, 20614, 7768304, 60826]] [296826994588.7999, [1100.1000000000001, 191813655, 6138012243, 5340891, 6137123727, 47946441]] [1294779512.25, [97.4375, 891830, 28517760, 48542, 25506688, 199967]]
Arch_Param: [32, 2048, 16384, 16, 512, 256]
Samsung_cost: [9770670894.0, [402609.5, 12882980, 412206072, 519460, 51465400, 403041]] [15179791950.0, [618351.0, 19783791, 633078564, 629871, 85328676, 668271]] [1267124540.0, [52170.0, 1669150, 53412640, 104990, 6677280, 52170]] [20638269948.0, [850868.0, 27227206, 871270432, 309382, 108910624, 850868]] [1497729740.0, [61746.0, 1975686, 63221808, 29798, 7902768, 61746]] [1163634813846.0, [47949693.0, 1534385247, 49100323923, 42720639, 6138057555, 47954907]] [36075721888.0, [1486224.0, 47558774, 1521880768, 1720246, 190238400, 1490591]]
Model_cost: [8634151422.855406, [1030.9591216216218, 11224164, 359126200, 575108, 49400505, 386978]] [3916775430.0, [7461.0, 2666607, 85328676, 86895, 77870628, 608475]] [302397009.3333333, [15.333333333333332, 195230, 6247200, 13150, 6247200, 52170]] [5055818670.666666, [2511.6666666666665, 3327942, 106002464, 38734, 103509152, 831389]] [569336492.888889, [184.8888888888889, 549382, 17373232, 20614, 7768304, 60826]] [296826994588.7999, [1100.1000000000001, 191813655, 6138012243, 5340891, 6137123727, 47946441]] [1294779512.25, [97.4375, 891830, 28517760, 48542, 25506688, 199967]]
Arch_Param: [32, 2048, 16384, 16, 512, 512]
Samsung_cost: [9770670894.0, [402609.5, 12882980, 412206072, 519460, 51465400, 403041]] [15179791950.0, [618351.0, 19783791, 633078564, 629871, 85328676, 668271]] [1267124540.0, [52170.0, 1669150, 53412640, 104990, 6677280, 52170]] [20638269948.0, [850868.0, 27227206, 871270432, 309382, 108910624, 850868]] [1497729740.0, [61746.0, 1975686, 63221808, 29798, 7902768, 61746]] [1163634813846.0, [47949693.0, 1534385247, 49100323923, 42720639, 6138057555, 47954907]] [36075721888.0, [1486224.0, 47558774, 1521880768, 1720246, 190238400, 1490591]]
Model_cost: [8633477246.855406, [1030.9591216216218, 11224164, 359126200, 544708, 49400505, 386786]] [3916775430.0, [7461.0, 2666607, 85328676, 86895, 77870628, 608475]] [302397009.3333333, [15.333333333333332, 195230, 6247200, 13150, 6247200, 52170]] [5055818670.666666, [2511.6666666666665, 3327942, 106002464, 38734, 103509152, 831389]] [568733372.0, [183.0, 543942, 17356848, 9830, 7767792, 60753]] [296826994588.7999, [1100.1000000000001, 191813655, 6138012243, 5340891, 6137123727, 47946441]] [1294638712.25, [97.4375, 891830, 28517760, 42142, 25506688, 199967]]
Arch_Param: [32, 2048, 16384, 16, 1024, 64]
Samsung_cost: [9804702944.0, [402609.5, 6445089, 412206072, 3236897, 51465400, 403041]] [15234436686.0, [618351.0, 9891951, 633078564, 4912239, 85328676, 668271]] [1270657080.0, [52170.0, 834580, 53412640, 417300, 6677280, 52170]] [20726759280.0, [850868.0, 13613608, 871270432, 6806824, 108910624, 850868]] [1503989196.0, [61746.0, 987846, 63221808, 493926, 7902768, 61746]] [1168065434646.0, [47949693.0, 767192703, 49100323923, 383602047, 6138057555, 47954907]] [36205098786.0, [1486224.0, 23779387, 1521880768, 11924539, 190238400, 1490591]]
Model_cost: [8662140016.855406, [1030.9591216216218, 5685729, 359126200, 2854305, 49400505, 386978]] [3911442438.0, [7461.0, 1333359, 85328676, 86895, 77870628, 608475]] [302031949.3333333, [15.333333333333332, 104020, 6247200, 13140, 6247200, 52170]] [5049228706.666666, [2511.6666666666665, 1680616, 106002464, 38704, 103509152, 831389]] [568137635.5555556, [184.55555555555554, 273670, 17356848, 31878, 7767792, 60762]] [296443369132.7999, [1100.1000000000001, 95907291, 6138012243, 5340891, 6137123727, 47946441]] [1293136139.05, [98.0375, 450747, 28517760, 53795, 25506688, 200159]]
Arch_Param: [32, 2048, 16384, 16, 1024, 128]
Samsung_cost: [9744919264.0, [402609.5, 6445089, 412206072, 519457, 51465400, 403041]] [15140224590.0, [618351.0, 9891951, 633078564, 629871, 85328676, 668271]] [1263786040.0, [52170.0, 834580, 53412640, 104980, 6677280, 52170]] [20583814896.0, [850868.0, 13613608, 871270432, 309352, 108910624, 850868]] [1493778380.0, [61746.0, 987846, 63221808, 29798, 7902768, 61746]] [1160566043670.0, [47949693.0, 767192703, 49100323923, 42720639, 6138057555, 47954907]] [35980603042.0, [1486224.0, 23779387, 1521880768, 1720187, 190238400, 1490591]]
Model_cost: [8611997616.855406, [1030.9591216216218, 5685729, 359126200, 575105, 49400505, 386978]] [3911442438.0, [7461.0, 1333359, 85328676, 86895, 77870628, 608475]] [302031949.3333333, [15.333333333333332, 104020, 6247200, 13140, 6247200, 52170]] [5049228706.666666, [2511.6666666666665, 1680616, 106002464, 38704, 103509152, 831389]] [567979939.5555556, [184.55555555555554, 273670, 17356848, 24710, 7767792, 60762]] [296443369132.7999, [1100.1000000000001, 95907291, 6138012243, 5340891, 6137123727, 47946441]] [1292927354.25, [97.4375, 446715, 28517760, 45283, 25506688, 199967]]
Arch_Param: [32, 2048, 16384, 16, 1024, 256]
Samsung_cost: [9744919264.0, [402609.5, 6445089, 412206072, 519457, 51465400, 403041]] [15140224590.0, [618351.0, 9891951, 633078564, 629871, 85328676, 668271]] [1263786040.0, [52170.0, 834580, 53412640, 104980, 6677280, 52170]] [20583814896.0, [850868.0, 13613608, 871270432, 309352, 108910624, 850868]] [1493778380.0, [61746.0, 987846, 63221808, 29798, 7902768, 61746]] [1160566043670.0, [47949693.0, 767192703, 49100323923, 42720639, 6138057555, 47954907]] [35980603042.0, [1486224.0, 23779387, 1521880768, 1720187, 190238400, 1490591]]
Model_cost: [8611997616.855406, [1030.9591216216218, 5685729, 359126200, 575105, 49400505, 386978]] [3911442438.0, [7461.0, 1333359, 85328676, 86895, 77870628, 608475]] [302031949.3333333, [15.333333333333332, 104020, 6247200, 13140, 6247200, 52170]] [5049228706.666666, [2511.6666666666665, 1680616, 106002464, 38704, 103509152, 831389]] [567979939.5555556, [184.55555555555554, 273670, 17356848, 24710, 7767792, 60762]] [296443369132.7999, [1100.1000000000001, 95907291, 6138012243, 5340891, 6137123727, 47946441]] [1292927354.25, [97.4375, 446715, 28517760, 45283, 25506688, 199967]]
Arch_Param: [32, 2048, 16384, 16, 1024, 512]
Samsung_cost: [9744919264.0, [402609.5, 6445089, 412206072, 519457, 51465400, 403041]] [15140224590.0, [618351.0, 9891951, 633078564, 629871, 85328676, 668271]] [1263786040.0, [52170.0, 834580, 53412640, 104980, 6677280, 52170]] [20583814896.0, [850868.0, 13613608, 871270432, 309352, 108910624, 850868]] [1493778380.0, [61746.0, 987846, 63221808, 29798, 7902768, 61746]] [1160566043670.0, [47949693.0, 767192703, 49100323923, 42720639, 6138057555, 47954907]] [35980603042.0, [1486224.0, 23779387, 1521880768, 1720187, 190238400, 1490591]]
Model_cost: [8611265840.855406, [1030.9591216216218, 5671329, 359126200, 544705, 49400505, 386786]] [3911442438.0, [7461.0, 1333359, 85328676, 86895, 77870628, 608475]] [302031949.3333333, [15.333333333333332, 104020, 6247200, 13140, 6247200, 52170]] [5049228706.666666, [2511.6666666666665, 1680616, 106002464, 38704, 103509152, 831389]] [567649596.0, [183.0, 272998, 17356848, 9830, 7767792, 60753]] [296443369132.7999, [1100.1000000000001, 95907291, 6138012243, 5340891, 6137123727, 47946441]] [1292856954.25, [97.4375, 446715, 28517760, 42083, 25506688, 199967]]
Arch_Param: [32, 2048, 16384, 32, 256, 64]
Samsung_cost: [9636912032.0, [392401.5, 25112129, 401768440, 3146817, 50351288, 394337]] [15353138766.0, [618351.0, 39567471, 633078564, 4912239, 85328676, 668271]] [1280672580.0, [52170.0, 3338290, 53412640, 417330, 6677280, 52170]] [20890124436.0, [850868.0, 54454402, 871270432, 6806914, 108910624, 850868]] [1499589852.0, [61084.0, 3908998, 62543920, 488630, 7818032, 61084]] [1177271745174.0, [47949693.0, 3068770335, 49100323923, 383602047, 6138057555, 47954907]] [36440172828.0, [1484176.0, 94986476, 1519783616, 11908332, 189976256, 1488543]]
Model_cost: [5537400748.931081, [591.9618243243243, 12767937, 204263608, 317761, 49400505, 386978]] [3927441414.0, [7461.0, 5333103, 85328676, 86895, 77870628, 608475]] [303178329.3333333, [15.333333333333332, 390450, 6247200, 13170, 6247200, 52170]] [5069049798.666666, [2511.6666666666665, 6635394, 106002464, 38794, 103509152, 831389]] [395349604.4444445, [95.44444444444446, 542918, 8686640, 10310, 7768304, 60826]] [297594245500.7999, [1100.1000000000001, 383626383, 6138012243, 5340891, 6137123727, 47946441]] [1254412356.0, [82.0, 1647980, 26356864, 40660, 25506688, 199967]]
Arch_Param: [32, 2048, 16384, 32, 256, 128]
Samsung_cost: [9578299808.0, [392401.5, 25112129, 401768440, 482625, 50351288, 394337]] [15258926670.0, [618351.0, 39567471, 633078564, 629871, 85328676, 668271]] [1273801540.0, [52170.0, 3338290, 53412640, 105010, 6677280, 52170]] [20747180052.0, [850868.0, 54454402, 871270432, 309442, 108910624, 850868]] [1489471964.0, [61084.0, 3908998, 62543920, 28726, 7818032, 61084]] [1169772354198.0, [47949693.0, 3068770335, 49100323923, 42720639, 6138057555, 47954907]] [36215857308.0, [1484176.0, 94986476, 1519783616, 1712172, 189976256, 1488543]]
Model_cost: [5537400748.931081, [591.9618243243243, 12767937, 204263608, 317761, 49400505, 386978]] [3927441414.0, [7461.0, 5333103, 85328676, 86895, 77870628, 608475]] [303178329.3333333, [15.333333333333332, 390450, 6247200, 13170, 6247200, 52170]] [5069049798.666666, [2511.6666666666665, 6635394, 106002464, 38794, 103509152, 831389]] [395349604.4444445, [95.44444444444446, 542918, 8686640, 10310, 7768304, 60826]] [297594245500.7999, [1100.1000000000001, 383626383, 6138012243, 5340891, 6137123727, 47946441]] [1254412356.0, [82.0, 1647980, 26356864, 40660, 25506688, 199967]]
Arch_Param: [32, 2048, 16384, 32, 256, 256]
Samsung_cost: [9578299808.0, [392401.5, 25112129, 401768440, 482625, 50351288, 394337]] [15258926670.0, [618351.0, 39567471, 633078564, 629871, 85328676, 668271]] [1273801540.0, [52170.0, 3338290, 53412640, 105010, 6677280, 52170]] [20747180052.0, [850868.0, 54454402, 871270432, 309442, 108910624, 850868]] [1489471964.0, [61084.0, 3908998, 62543920, 28726, 7818032, 61084]] [1169772354198.0, [47949693.0, 3068770335, 49100323923, 42720639, 6138057555, 47954907]] [36215857308.0, [1484176.0, 94986476, 1519783616, 1712172, 189976256, 1488543]]
Model_cost: [5537047613.731081, [592.5618243243243, 12767937, 204263608, 301953, 49400505, 386786]] [3927441414.0, [7461.0, 5333103, 85328676, 86895, 77870628, 608475]] [303178329.3333333, [15.333333333333332, 390450, 6247200, 13170, 6247200, 52170]] [5069049798.666666, [2511.6666666666665, 6635394, 106002464, 38794, 103509152, 831389]] [395050748.0, [95.0, 542918, 8678448, 4918, 7767792, 60753]] [297594245500.7999, [1100.1000000000001, 383626383, 6138012243, 5340891, 6137123727, 47946441]] [1254247620.0, [82.0, 1647980, 26356864, 33172, 25506688, 199967]]
Arch_Param: [32, 2048, 16384, 32, 512, 64]
Samsung_cost: [9586688174.0, [392401.5, 12556324, 401768440, 3146788, 50351288, 394337]] [15274004046.0, [618351.0, 19783791, 633078564, 4912239, 85328676, 668271]] [1273995580.0, [52170.0, 1669150, 53412640, 417310, 6677280, 52170]] [20781214332.0, [850868.0, 27227206, 871270432, 6806854, 108910624, 850868]] [1491771868.0, [61084.0, 1954502, 62543920, 488630, 7818032, 61084]] [1171134204822.0, [47949693.0, 1534385247, 49100323923, 383602047, 6138057555, 47954907]] [36250197280.0, [1484176.0, 47493238, 1519783616, 11908214, 189976256, 1488543]]
Model_cost: [5511865274.931081, [591.9618243243243, 6384228, 204263608, 317732, 49400505, 386978]] [3916775430.0, [7461.0, 2666607, 85328676, 86895, 77870628, 608475]] [302397009.3333333, [15.333333333333332, 195230, 6247200, 13150, 6247200, 52170]] [5055818670.666666, [2511.6666666666665, 3327942, 106002464, 38734, 103509152, 831389]] [394268781.7777778, [95.77777777777777, 272646, 8678448, 18502, 7767792, 60762]] [296826994588.7999, [1100.1000000000001, 191813655, 6138012243, 5340891, 6137123727, 47946441]] [1251022280.0, [82.0, 823990, 26356864, 36382, 25506688, 199967]]
Arch_Param: [32, 2048, 16384, 32, 512, 128]
Samsung_cost: [9528075950.0, [392401.5, 12556324, 401768440, 482596, 50351288, 394337]] [15179791950.0, [618351.0, 19783791, 633078564, 629871, 85328676, 668271]] [1267124540.0, [52170.0, 1669150, 53412640, 104990, 6677280, 52170]] [20638269948.0, [850868.0, 27227206, 871270432, 309382, 108910624, 850868]] [1481653980.0, [61084.0, 1954502, 62543920, 28726, 7818032, 61084]] [1163634813846.0, [47949693.0, 1534385247, 49100323923, 42720639, 6138057555, 47954907]] [36025881760.0, [1484176.0, 47493238, 1519783616, 1712054, 189976256, 1488543]]
Model_cost: [5511865274.931081, [591.9618243243243, 6384228, 204263608, 317732, 49400505, 386978]] [3916775430.0, [7461.0, 2666607, 85328676, 86895, 77870628, 608475]] [302397009.3333333, [15.333333333333332, 195230, 6247200, 13150, 6247200, 52170]] [5055818670.666666, [2511.6666666666665, 3327942, 106002464, 38734, 103509152, 831389]] [394268781.7777778, [95.77777777777777, 272646, 8678448, 18502, 7767792, 60762]] [296826994588.7999, [1100.1000000000001, 191813655, 6138012243, 5340891, 6137123727, 47946441]] [1251022280.0, [82.0, 823990, 26356864, 36382, 25506688, 199967]]
Arch_Param: [32, 2048, 16384, 32, 512, 256]
Samsung_cost: [9528075950.0, [392401.5, 12556324, 401768440, 482596, 50351288, 394337]] [15179791950.0, [618351.0, 19783791, 633078564, 629871, 85328676, 668271]] [1267124540.0, [52170.0, 1669150, 53412640, 104990, 6677280, 52170]] [20638269948.0, [850868.0, 27227206, 871270432, 309382, 108910624, 850868]] [1481653980.0, [61084.0, 1954502, 62543920, 28726, 7818032, 61084]] [1163634813846.0, [47949693.0, 1534385247, 49100323923, 42720639, 6138057555, 47954907]] [36025881760.0, [1484176.0, 47493238, 1519783616, 1712054, 189976256, 1488543]]
Model_cost: [5511512139.731081, [592.5618243243243, 6384228, 204263608, 301924, 49400505, 386786]] [3916775430.0, [7461.0, 2666607, 85328676, 86895, 77870628, 608475]] [302397009.3333333, [15.333333333333332, 195230, 6247200, 13150, 6247200, 52170]] [5055818670.666666, [2511.6666666666665, 3327942, 106002464, 38734, 103509152, 831389]] [393966972.0, [95.0, 271974, 8678448, 4918, 7767792, 60753]] [296826994588.7999, [1100.1000000000001, 191813655, 6138012243, 5340891, 6137123727, 47946441]] [1250949064.0, [82.0, 823990, 26356864, 33054, 25506688, 199967]]
Arch_Param: [32, 2048, 16384, 32, 512, 512]
Samsung_cost: [9528075950.0, [392401.5, 12556324, 401768440, 482596, 50351288, 394337]] [15179791950.0, [618351.0, 19783791, 633078564, 629871, 85328676, 668271]] [1267124540.0, [52170.0, 1669150, 53412640, 104990, 6677280, 52170]] [20638269948.0, [850868.0, 27227206, 871270432, 309382, 108910624, 850868]] [1481653980.0, [61084.0, 1954502, 62543920, 28726, 7818032, 61084]] [1163634813846.0, [47949693.0, 1534385247, 49100323923, 42720639, 6138057555, 47954907]] [36025881760.0, [1484176.0, 47493238, 1519783616, 1712054, 189976256, 1488543]]
Model_cost: [5511512139.731081, [592.5618243243243, 6384228, 204263608, 301924, 49400505, 386786]] [3916775430.0, [7461.0, 2666607, 85328676, 86895, 77870628, 608475]] [302397009.3333333, [15.333333333333332, 195230, 6247200, 13150, 6247200, 52170]] [5055818670.666666, [2511.6666666666665, 3327942, 106002464, 38734, 103509152, 831389]] [393966972.0, [95.0, 271974, 8678448, 4918, 7767792, 60753]] [296826994588.7999, [1100.1000000000001, 191813655, 6138012243, 5340891, 6137123727, 47946441]] [1250949064.0, [82.0, 823990, 26356864, 33054, 25506688, 199967]]
Arch_Param: [32, 2048, 16384, 32, 1024, 64]
Samsung_cost: [9561583712.0, [392401.5, 6280225, 401768440, 3146785, 50351288, 394337]] [15234436686.0, [618351.0, 9891951, 633078564, 4912239, 85328676, 668271]] [1270657080.0, [52170.0, 834580, 53412640, 417300, 6677280, 52170]] [20726759280.0, [850868.0, 13613608, 871270432, 6806824, 108910624, 850868]] [1487862876.0, [61084.0, 977254, 62543920, 488630, 7818032, 61084]] [1168065434646.0, [47949693.0, 767192703, 49100323923, 383602047, 6138057555, 47954907]] [36155209506.0, [1484176.0, 23746619, 1519783616, 11908155, 189976256, 1488543]]
Model_cost: [5499246956.931081, [591.9618243243243, 3229665, 204263608, 317729, 49400505, 386978]] [3911442438.0, [7461.0, 1333359, 85328676, 86895, 77870628, 608475]] [302031949.3333333, [15.333333333333332, 104020, 6247200, 13140, 6247200, 52170]] [5049228706.666666, [2511.6666666666665, 1680616, 106002464, 38704, 103509152, 831389]] [393590381.7777778, [95.77777777777777, 136838, 8678448, 12358, 7767792, 60762]] [296443369132.7999, [1100.1000000000001, 95907291, 6138012243, 5340891, 6137123727, 47946441]] [1249338058.0, [82.0, 412411, 26356864, 34659, 25506688, 199967]]
Arch_Param: [32, 2048, 16384, 32, 1024, 128]
Samsung_cost: [9502971488.0, [392401.5, 6280225, 401768440, 482593, 50351288, 394337]] [15140224590.0, [618351.0, 9891951, 633078564, 629871, 85328676, 668271]] [1263786040.0, [52170.0, 834580, 53412640, 104980, 6677280, 52170]] [20583814896.0, [850868.0, 13613608, 871270432, 309352, 108910624, 850868]] [1477744988.0, [61084.0, 977254, 62543920, 28726, 7818032, 61084]] [1160566043670.0, [47949693.0, 767192703, 49100323923, 42720639, 6138057555, 47954907]] [35930893986.0, [1484176.0, 23746619, 1519783616, 1711995, 189976256, 1488543]]
Model_cost: [5499246956.931081, [591.9618243243243, 3229665, 204263608, 317729, 49400505, 386978]] [3911442438.0, [7461.0, 1333359, 85328676, 86895, 77870628, 608475]] [302031949.3333333, [15.333333333333332, 104020, 6247200, 13140, 6247200, 52170]] [5049228706.666666, [2511.6666666666665, 1680616, 106002464, 38704, 103509152, 831389]] [393590381.7777778, [95.77777777777777, 136838, 8678448, 12358, 7767792, 60762]] [296443369132.7999, [1100.1000000000001, 95907291, 6138012243, 5340891, 6137123727, 47946441]] [1249338058.0, [82.0, 412411, 26356864, 34659, 25506688, 199967]]
Arch_Param: [32, 2048, 16384, 32, 1024, 256]
Samsung_cost: [9502971488.0, [392401.5, 6280225, 401768440, 482593, 50351288, 394337]] [15140224590.0, [618351.0, 9891951, 633078564, 629871, 85328676, 668271]] [1263786040.0, [52170.0, 834580, 53412640, 104980, 6677280, 52170]] [20583814896.0, [850868.0, 13613608, 871270432, 309352, 108910624, 850868]] [1477744988.0, [61084.0, 977254, 62543920, 28726, 7818032, 61084]] [1160566043670.0, [47949693.0, 767192703, 49100323923, 42720639, 6138057555, 47954907]] [35930893986.0, [1484176.0, 23746619, 1519783616, 1711995, 189976256, 1488543]]
Model_cost: [5498863869.731081, [592.5618243243243, 3222177, 204263608, 301921, 49400505, 386786]] [3911442438.0, [7461.0, 1333359, 85328676, 86895, 77870628, 608475]] [302031949.3333333, [15.333333333333332, 104020, 6247200, 13140, 6247200, 52170]] [5049228706.666666, [2511.6666666666665, 1680616, 106002464, 38704, 103509152, 831389]] [393425084.0, [95.0, 136502, 8678448, 4918, 7767792, 60753]] [296443369132.7999, [1100.1000000000001, 95907291, 6138012243, 5340891, 6137123727, 47946441]] [1249301450.0, [82.0, 412411, 26356864, 32995, 25506688, 199967]]
Arch_Param: [32, 2048, 16384, 32, 1024, 512]
Samsung_cost: [9502971488.0, [392401.5, 6280225, 401768440, 482593, 50351288, 394337]] [15140224590.0, [618351.0, 9891951, 633078564, 629871, 85328676, 668271]] [1263786040.0, [52170.0, 834580, 53412640, 104980, 6677280, 52170]] [20583814896.0, [850868.0, 13613608, 871270432, 309352, 108910624, 850868]] [1477744988.0, [61084.0, 977254, 62543920, 28726, 7818032, 61084]] [1160566043670.0, [47949693.0, 767192703, 49100323923, 42720639, 6138057555, 47954907]] [35930893986.0, [1484176.0, 23746619, 1519783616, 1711995, 189976256, 1488543]]
Model_cost: [5498863869.731081, [592.5618243243243, 3222177, 204263608, 301921, 49400505, 386786]] [3911442438.0, [7461.0, 1333359, 85328676, 86895, 77870628, 608475]] [302031949.3333333, [15.333333333333332, 104020, 6247200, 13140, 6247200, 52170]] [5049228706.666666, [2511.6666666666665, 1680616, 106002464, 38704, 103509152, 831389]] [393425084.0, [95.0, 136502, 8678448, 4918, 7767792, 60753]] [296443369132.7999, [1100.1000000000001, 95907291, 6138012243, 5340891, 6137123727, 47946441]] [1249301450.0, [82.0, 412411, 26356864, 32995, 25506688, 199967]]
Arch_Param: [32, 2048, 8192, 4, 256, 64]
Samsung_cost: [39279816430.0, [3200194.0, 102405697, 1638358008, 12858433, 203074744, 1587489]] [15370449486.0, [1236591.0, 39567471, 633078564, 4912239, 85328676, 668271]] [1282133060, [104330, 3338290, 53412640, 417330, 6677280, 52170]] [20913948180, [1701716, 54454402, 871270432, 6806914, 108910624, 850868]] [1690713516, [137574, 4402182, 70434864, 550278, 8804400, 68790]] [1178614332126.0, [95899227.0, 3068770335, 49100323923, 383602047, 6138057555, 47954907]] [37903016732.0, [3087632.0, 98803948, 1580863168, 12489964, 195940032, 1535135]]
Model_cost: [27720458053.0, [7244.25, 80564801, 1288904952, 10265793, 49400505, 386978]] [5513940414.0, [15687.0, 10223727, 163578660, 164463, 77870628, 608475]] [303178488.0, [21.0, 390450, 6247200, 13170, 6247200, 52170]] [5069119584.0, [5004.0, 6635394, 106002464, 38794, 103509152, 831389]] [1638795916.0, [1418.0, 4343302, 69492784, 559622, 7768304, 60826]] [421994559486.0, [2925.0, 767215743, 12275433555, 10680855, 6137123727, 47946441]] [1689991601.5, [419.625, 2983404, 47652928, 236180, 25506688, 200159]]
Arch_Param: [32, 2048, 8192, 4, 256, 128]
Samsung_cost: [39041627886.0, [3200194.0, 102405697, 1638358008, 2031681, 203074744, 1587489]] [15276237390.0, [1236591.0, 39567471, 633078564, 629871, 85328676, 668271]] [1275262020, [104330, 3338290, 53412640, 105010, 6677280, 52170]] [20771003796, [1701716, 54454402, 871270432, 309442, 108910624, 850868]] [1679472044, [137574, 4402182, 70434864, 39302, 8804400, 68790]] [1171114941150.0, [95899227.0, 3068770335, 49100323923, 42720639, 6138057555, 47954907]] [37673384604.0, [3087632.0, 98803948, 1580863168, 2052140, 195940032, 1535135]]
Model_cost: [27720458053.0, [7244.25, 80564801, 1288904952, 10265793, 49400505, 386978]] [5513940414.0, [15687.0, 10223727, 163578660, 164463, 77870628, 608475]] [303178488.0, [21.0, 390450, 6247200, 13170, 6247200, 52170]] [5069119584.0, [5004.0, 6635394, 106002464, 38794, 103509152, 831389]] [1628928652.0, [1418.0, 4343302, 69492784, 111110, 7768304, 60826]] [421994559486.0, [2925.0, 767215743, 12275433555, 10680855, 6137123727, 47946441]] [1688986289.5, [419.625, 2983404, 47652928, 190484, 25506688, 200159]]
Arch_Param: [32, 2048, 8192, 4, 256, 256]
Samsung_cost: [39041627886.0, [3200194.0, 102405697, 1638358008, 2031681, 203074744, 1587489]] [15276237390.0, [1236591.0, 39567471, 633078564, 629871, 85328676, 668271]] [1275262020, [104330, 3338290, 53412640, 105010, 6677280, 52170]] [20771003796, [1701716, 54454402, 871270432, 309442, 108910624, 850868]] [1679472044, [137574, 4402182, 70434864, 39302, 8804400, 68790]] [1171114941150.0, [95899227.0, 3068770335, 49100323923, 42720639, 6138057555, 47954907]] [37673384604.0, [3087632.0, 98803948, 1580863168, 2052140, 195940032, 1535135]]
Model_cost: [27720458053.0, [7244.25, 80564801, 1288904952, 10265793, 49400505, 386978]] [5513940414.0, [15687.0, 10223727, 163578660, 164463, 77870628, 608475]] [303178488.0, [21.0, 390450, 6247200, 13170, 6247200, 52170]] [5069119584.0, [5004.0, 6635394, 106002464, 38794, 103509152, 831389]] [1628928652.0, [1418.0, 4343302, 69492784, 111110, 7768304, 60826]] [421994559486.0, [2925.0, 767215743, 12275433555, 10680855, 6137123727, 47946441]] [1688986289.5, [419.625, 2983404, 47652928, 190484, 25506688, 200159]]
Arch_Param: [32, 2048, 8192, 4, 512, 64]
Samsung_cost: [39075005436.0, [3200194.0, 51203108, 1638358008, 12858404, 203074744, 1587489]] [15291314766.0, [1236591.0, 19783791, 633078564, 4912239, 85328676, 668271]] [1275456060, [104330, 1669150, 53412640, 417310, 6677280, 52170]] [20805038076, [1701716, 27227206, 871270432, 6806854, 108910624, 850868]] [1681909164, [137574, 2201094, 70434864, 550278, 8804400, 68790]] [1172476791774.0, [95899227.0, 1534385247, 49100323923, 383602047, 6138057555, 47954907]] [37705406240.0, [3087632.0, 49401974, 1580863168, 12489846, 195940032, 1535135]]
Model_cost: [27559328851.0, [7244.25, 40282660, 1288904952, 10265764, 49400505, 386978]] [5493493182.0, [15687.0, 5111919, 163578660, 164463, 77870628, 608475]] [302397168.0, [21.0, 195230, 6247200, 13150, 6247200, 52170]] [5055888456.0, [5004.0, 3327942, 106002464, 38734, 103509152, 831389]] [1630212748.0, [1418.0, 2197510, 69492784, 559622, 7768304, 60826]] [420460131390.0, [2925.0, 383608719, 12275433555, 10680855, 6137123727, 47946441]] [1683332277.5, [419.625, 1491702, 47652928, 204702, 25506688, 200159]]
Arch_Param: [32, 2048, 8192, 4, 512, 128]
Samsung_cost: [38836816892.0, [3200194.0, 51203108, 1638358008, 2031652, 203074744, 1587489]] [15197102670.0, [1236591.0, 19783791, 633078564, 629871, 85328676, 668271]] [1268585020, [104330, 1669150, 53412640, 104990, 6677280, 52170]] [20662093692, [1701716, 27227206, 871270432, 309382, 108910624, 850868]] [1670667692, [137574, 2201094, 70434864, 39302, 8804400, 68790]] [1164977400798.0, [95899227.0, 1534385247, 49100323923, 42720639, 6138057555, 47954907]] [37475774112.0, [3087632.0, 49401974, 1580863168, 2052022, 195940032, 1535135]]
Model_cost: [27559328851.0, [7244.25, 40282660, 1288904952, 10265764, 49400505, 386978]] [5493493182.0, [15687.0, 5111919, 163578660, 164463, 77870628, 608475]] [302397168.0, [21.0, 195230, 6247200, 13150, 6247200, 52170]] [5055888456.0, [5004.0, 3327942, 106002464, 38734, 103509152, 831389]] [1620345484.0, [1418.0, 2197510, 69492784, 111110, 7768304, 60826]] [420460131390.0, [2925.0, 383608719, 12275433555, 10680855, 6137123727, 47946441]] [1682326965.5, [419.625, 1491702, 47652928, 159006, 25506688, 200159]]
Arch_Param: [32, 2048, 8192, 4, 512, 256]
Samsung_cost: [38836816892.0, [3200194.0, 51203108, 1638358008, 2031652, 203074744, 1587489]] [15197102670.0, [1236591.0, 19783791, 633078564, 629871, 85328676, 668271]] [1268585020, [104330, 1669150, 53412640, 104990, 6677280, 52170]] [20662093692, [1701716, 27227206, 871270432, 309382, 108910624, 850868]] [1670667692, [137574, 2201094, 70434864, 39302, 8804400, 68790]] [1164977400798.0, [95899227.0, 1534385247, 49100323923, 42720639, 6138057555, 47954907]] [37475774112.0, [3087632.0, 49401974, 1580863168, 2052022, 195940032, 1535135]]
Model_cost: [27559328851.0, [7244.25, 40282660, 1288904952, 10265764, 49400505, 386978]] [5493493182.0, [15687.0, 5111919, 163578660, 164463, 77870628, 608475]] [302397168.0, [21.0, 195230, 6247200, 13150, 6247200, 52170]] [5055888456.0, [5004.0, 3327942, 106002464, 38734, 103509152, 831389]] [1620345484.0, [1418.0, 2197510, 69492784, 111110, 7768304, 60826]] [420460131390.0, [2925.0, 383608719, 12275433555, 10680855, 6137123727, 47946441]] [1682326965.5, [419.625, 1491702, 47652928, 159006, 25506688, 200159]]
Arch_Param: [32, 2048, 8192, 4, 512, 512]
Samsung_cost: [38836816892.0, [3200194.0, 51203108, 1638358008, 2031652, 203074744, 1587489]] [15197102670.0, [1236591.0, 19783791, 633078564, 629871, 85328676, 668271]] [1268585020, [104330, 1669150, 53412640, 104990, 6677280, 52170]] [20662093692, [1701716, 27227206, 871270432, 309382, 108910624, 850868]] [1670667692, [137574, 2201094, 70434864, 39302, 8804400, 68790]] [1164977400798.0, [95899227.0, 1534385247, 49100323923, 42720639, 6138057555, 47954907]] [37475774112.0, [3087632.0, 49401974, 1580863168, 2052022, 195940032, 1535135]]
Model_cost: [27380248851.0, [7244.25, 40282660, 1288904952, 2125764, 49400505, 386978]] [5493493182.0, [15687.0, 5111919, 163578660, 164463, 77870628, 608475]] [302397168.0, [21.0, 195230, 6247200, 13150, 6247200, 52170]] [5055888456.0, [5004.0, 3327942, 106002464, 38734, 103509152, 831389]] [1619714700.0, [1418.0, 2197510, 69492784, 82438, 7768304, 60826]] [420460131390.0, [2925.0, 383608719, 12275433555, 10680855, 6137123727, 47946441]] [1681652705.5, [416.625, 1491702, 47652928, 128606, 25506688, 199967]]
Arch_Param: [32, 2048, 8192, 4, 1024, 64]
Samsung_cost: [38972650414.0, [3200194.0, 25614369, 1638358008, 12858401, 203074744, 1587489]] [15251747406.0, [1236591.0, 9891951, 633078564, 4912239, 85328676, 668271]] [1272117560, [104330, 834580, 53412640, 417300, 6677280, 52170]] [20750583024, [1701716, 13613608, 871270432, 6806824, 108910624, 850868]] [1677506988, [137574, 1100550, 70434864, 550278, 8804400, 68790]] [1169408021598.0, [95899227.0, 767192703, 49100323923, 383602047, 6138057555, 47954907]] [37606600994.0, [3087632.0, 24700987, 1580863168, 12489787, 195940032, 1535135]]
Model_cost: [27479933957.0, [7244.25, 20433953, 1288904952, 10265761, 49400505, 386978]] [5483269566.0, [15687.0, 2556015, 163578660, 164463, 77870628, 608475]] [302032108.0, [21.0, 104020, 6247200, 13140, 6247200, 52170]] [5049298492.0, [5004.0, 1680616, 106002464, 38704, 103509152, 831389]] [1624834900.0, [1416.0, 1094662, 69427248, 576006, 7767792, 60762]] [419692917342.0, [2925.0, 191805207, 12275433555, 10680855, 6137123727, 47946441]] [1680141751.5, [419.625, 763387, 47652928, 192099, 25506688, 200159]]
Arch_Param: [32, 2048, 8192, 4, 1024, 128]
Samsung_cost: [38734461870.0, [3200194.0, 25614369, 1638358008, 2031649, 203074744, 1587489]] [15157535310.0, [1236591.0, 9891951, 633078564, 629871, 85328676, 668271]] [1265246520, [104330, 834580, 53412640, 104980, 6677280, 52170]] [20607638640, [1701716, 13613608, 871270432, 309352, 108910624, 850868]] [1666265516, [137574, 1100550, 70434864, 39302, 8804400, 68790]] [1161908630622.0, [95899227.0, 767192703, 49100323923, 42720639, 6138057555, 47954907]] [37376968866.0, [3087632.0, 24700987, 1580863168, 2051963, 195940032, 1535135]]
Model_cost: [27479933957.0, [7244.25, 20433953, 1288904952, 10265761, 49400505, 386978]] [5483269566.0, [15687.0, 2556015, 163578660, 164463, 77870628, 608475]] [302032108.0, [21.0, 104020, 6247200, 13140, 6247200, 52170]] [5049298492.0, [5004.0, 1680616, 106002464, 38704, 103509152, 831389]] [1614967636.0, [1416.0, 1094662, 69427248, 127494, 7767792, 60762]] [419692917342.0, [2925.0, 191805207, 12275433555, 10680855, 6137123727, 47946441]] [1679136439.5, [419.625, 763387, 47652928, 146403, 25506688, 200159]]
Arch_Param: [32, 2048, 8192, 4, 1024, 256]
Samsung_cost: [38734461870.0, [3200194.0, 25614369, 1638358008, 2031649, 203074744, 1587489]] [15157535310.0, [1236591.0, 9891951, 633078564, 629871, 85328676, 668271]] [1265246520, [104330, 834580, 53412640, 104980, 6677280, 52170]] [20607638640, [1701716, 13613608, 871270432, 309352, 108910624, 850868]] [1666265516, [137574, 1100550, 70434864, 39302, 8804400, 68790]] [1161908630622.0, [95899227.0, 767192703, 49100323923, 42720639, 6138057555, 47954907]] [37376968866.0, [3087632.0, 24700987, 1580863168, 2051963, 195940032, 1535135]]
Model_cost: [27479933957.0, [7244.25, 20433953, 1288904952, 10265761, 49400505, 386978]] [5483269566.0, [15687.0, 2556015, 163578660, 164463, 77870628, 608475]] [302032108.0, [21.0, 104020, 6247200, 13140, 6247200, 52170]] [5049298492.0, [5004.0, 1680616, 106002464, 38704, 103509152, 831389]] [1614967636.0, [1416.0, 1094662, 69427248, 127494, 7767792, 60762]] [419692917342.0, [2925.0, 191805207, 12275433555, 10680855, 6137123727, 47946441]] [1679136439.5, [419.625, 763387, 47652928, 146403, 25506688, 200159]]
Arch_Param: [32, 2048, 8192, 4, 1024, 512]
Samsung_cost: [38734461870.0, [3200194.0, 25614369, 1638358008, 2031649, 203074744, 1587489]] [15157535310.0, [1236591.0, 9891951, 633078564, 629871, 85328676, 668271]] [1265246520, [104330, 834580, 53412640, 104980, 6677280, 52170]] [20607638640, [1701716, 13613608, 871270432, 309352, 108910624, 850868]] [1666265516, [137574, 1100550, 70434864, 39302, 8804400, 68790]] [1161908630622.0, [95899227.0, 767192703, 49100323923, 42720639, 6138057555, 47954907]] [37376968866.0, [3087632.0, 24700987, 1580863168, 2051963, 195940032, 1535135]]
Model_cost: [27300853957.0, [7244.25, 20433953, 1288904952, 2125761, 49400505, 386978]] [5483269566.0, [15687.0, 2556015, 163578660, 164463, 77870628, 608475]] [302032108.0, [21.0, 104020, 6247200, 13140, 6247200, 52170]] [5049298492.0, [5004.0, 1680616, 106002464, 38704, 103509152, 831389]] [1614336852.0, [1416.0, 1094662, 69427248, 98822, 7767792, 60762]] [419692917342.0, [2925.0, 191805207, 12275433555, 10680855, 6137123727, 47946441]] [1678404579.5, [416.625, 748987, 47652928, 116003, 25506688, 199967]]
Arch_Param: [32, 2048, 8192, 8, 256, 64]
Samsung_cost: [19688776942.0, [1603522.0, 51312193, 820923384, 6444097, 102001848, 797857]] [15370449486.0, [1236591.0, 39567471, 633078564, 4912239, 85328676, 668271]] [1282133060, [104330, 3338290, 53412640, 417330, 6677280, 52170]] [20913948180, [1701716, 54454402, 871270432, 6806914, 108910624, 850868]] [1575285836, [128182, 4101638, 65626160, 512710, 8203312, 64094]] [1178614332126.0, [95899227.0, 3068770335, 49100323923, 383602047, 6138057555, 47954907]] [36989051676.0, [3010832.0, 96346348, 1541541568, 12113132, 192138944, 1505439]]
Model_cost: [15057813335.477777, [3766.052777777778, 41814593, 668963704, 5323905, 49400505, 386978]] [3927647214.0, [14811.0, 5333103, 85328676, 86895, 77870628, 608475]] [303178488.0, [21.0, 390450, 6247200, 13170, 6247200, 52170]] [5069119584.0, [5004.0, 6635394, 106002464, 38794, 103509152, 831389]] [924072788.0, [712.0, 2171654, 34746416, 55558, 7768304, 60826]] [297594274002.0, [2118.0, 383626383, 6138012243, 5340891, 6137123727, 47946441]] [1387108143.9, [250.425, 2055020, 32839552, 104468, 25506688, 200159]]
Arch_Param: [32, 2048, 8192, 8, 256, 128]
Samsung_cost: [19569524974.0, [1603522.0, 51312193, 820923384, 1023553, 102001848, 797857]] [15276237390.0, [1236591.0, 39567471, 633078564, 629871, 85328676, 668271]] [1275262020, [104330, 3338290, 53412640, 105010, 6677280, 52170]] [20771003796, [1701716, 54454402, 871270432, 309442, 108910624, 850868]] [1564731468, [128182, 4101638, 65626160, 32966, 8203312, 64094]] [1171114941150.0, [95899227.0, 3068770335, 49100323923, 42720639, 6138057555, 47954907]] [36762843804.0, [3010832.0, 96346348, 1541541568, 1830956, 192138944, 1505439]]
Model_cost: [15057813335.477777, [3766.052777777778, 41814593, 668963704, 5323905, 49400505, 386978]] [3927647214.0, [14811.0, 5333103, 85328676, 86895, 77870628, 608475]] [303178488.0, [21.0, 390450, 6247200, 13170, 6247200, 52170]] [5069119584.0, [5004.0, 6635394, 106002464, 38794, 103509152, 831389]] [924072788.0, [712.0, 2171654, 34746416, 55558, 7768304, 60826]] [297594274002.0, [2118.0, 383626383, 6138012243, 5340891, 6137123727, 47946441]] [1387108143.9, [250.425, 2055020, 32839552, 104468, 25506688, 200159]]
Arch_Param: [32, 2048, 8192, 8, 256, 256]
Samsung_cost: [19569524974.0, [1603522.0, 51312193, 820923384, 1023553, 102001848, 797857]] [15276237390.0, [1236591.0, 39567471, 633078564, 629871, 85328676, 668271]] [1275262020, [104330, 3338290, 53412640, 105010, 6677280, 52170]] [20771003796, [1701716, 54454402, 871270432, 309442, 108910624, 850868]] [1564731468, [128182, 4101638, 65626160, 32966, 8203312, 64094]] [1171114941150.0, [95899227.0, 3068770335, 49100323923, 42720639, 6138057555, 47954907]] [36762843804.0, [3010832.0, 96346348, 1541541568, 1830956, 192138944, 1505439]]
Model_cost: [14964691735.477777, [3766.052777777778, 41814593, 668963704, 1091105, 49400505, 386978]] [3927647214.0, [14811.0, 5333103, 85328676, 86895, 77870628, 608475]] [303178488.0, [21.0, 390450, 6247200, 13170, 6247200, 52170]] [5069119584.0, [5004.0, 6635394, 106002464, 38794, 103509152, 831389]] [923757396.0, [712.0, 2171654, 34746416, 41222, 7768304, 60826]] [297594274002.0, [2118.0, 383626383, 6138012243, 5340891, 6137123727, 47946441]] [1386754941.5, [248.625, 2055020, 32839552, 88660, 25506688, 199967]]
Arch_Param: [32, 2048, 8192, 8, 512, 64]
Samsung_cost: [19586152956.0, [1603522.0, 25656356, 820923384, 6444068, 102001848, 797857]] [15291314766.0, [1236591.0, 19783791, 633078564, 4912239, 85328676, 668271]] [1275456060, [104330, 1669150, 53412640, 417310, 6677280, 52170]] [20805038076, [1701716, 27227206, 871270432, 6806854, 108910624, 850868]] [1567082572, [128182, 2050822, 65626160, 512710, 8203312, 64094]] [1172476791774.0, [95899227.0, 1534385247, 49100323923, 383602047, 6138057555, 47954907]] [36796356384.0, [3010832.0, 48173174, 1541541568, 12113014, 192138944, 1505439]]
Model_cost: [14974184549.477777, [3766.052777777778, 20907556, 668963704, 5323876, 49400505, 386978]] [3916981230.0, [14811.0, 2666607, 85328676, 86895, 77870628, 608475]] [302397168.0, [21.0, 195230, 6247200, 13150, 6247200, 52170]] [5055888456.0, [5004.0, 3327942, 106002464, 38734, 103509152, 831389]] [919781204.0, [712.0, 1098758, 34746416, 55558, 7768304, 60826]] [296827023090.0, [2118.0, 191813655, 6138012243, 5340891, 6137123727, 47946441]] [1382650547.9, [250.425, 1027510, 32839552, 88670, 25506688, 200159]]
Arch_Param: [32, 2048, 8192, 8, 512, 128]
Samsung_cost: [19466900988.0, [1603522.0, 25656356, 820923384, 1023524, 102001848, 797857]] [15197102670.0, [1236591.0, 19783791, 633078564, 629871, 85328676, 668271]] [1268585020, [104330, 1669150, 53412640, 104990, 6677280, 52170]] [20662093692, [1701716, 27227206, 871270432, 309382, 108910624, 850868]] [1556528204, [128182, 2050822, 65626160, 32966, 8203312, 64094]] [1164977400798.0, [95899227.0, 1534385247, 49100323923, 42720639, 6138057555, 47954907]] [36570148512.0, [3010832.0, 48173174, 1541541568, 1830838, 192138944, 1505439]]
Model_cost: [14974184549.477777, [3766.052777777778, 20907556, 668963704, 5323876, 49400505, 386978]] [3916981230.0, [14811.0, 2666607, 85328676, 86895, 77870628, 608475]] [302397168.0, [21.0, 195230, 6247200, 13150, 6247200, 52170]] [5055888456.0, [5004.0, 3327942, 106002464, 38734, 103509152, 831389]] [919781204.0, [712.0, 1098758, 34746416, 55558, 7768304, 60826]] [296827023090.0, [2118.0, 191813655, 6138012243, 5340891, 6137123727, 47946441]] [1382650547.9, [250.425, 1027510, 32839552, 88670, 25506688, 200159]]
Arch_Param: [32, 2048, 8192, 8, 512, 256]
Samsung_cost: [19466900988.0, [1603522.0, 25656356, 820923384, 1023524, 102001848, 797857]] [15197102670.0, [1236591.0, 19783791, 633078564, 629871, 85328676, 668271]] [1268585020, [104330, 1669150, 53412640, 104990, 6677280, 52170]] [20662093692, [1701716, 27227206, 871270432, 309382, 108910624, 850868]] [1556528204, [128182, 2050822, 65626160, 32966, 8203312, 64094]] [1164977400798.0, [95899227.0, 1534385247, 49100323923, 42720639, 6138057555, 47954907]] [36570148512.0, [3010832.0, 48173174, 1541541568, 1830838, 192138944, 1505439]]
Model_cost: [14881062949.477777, [3766.052777777778, 20907556, 668963704, 1091076, 49400505, 386978]] [3916981230.0, [14811.0, 2666607, 85328676, 86895, 77870628, 608475]] [302397168.0, [21.0, 195230, 6247200, 13150, 6247200, 52170]] [5055888456.0, [5004.0, 3327942, 106002464, 38734, 103509152, 831389]] [919465812.0, [712.0, 1098758, 34746416, 41222, 7768304, 60826]] [296827023090.0, [2118.0, 191813655, 6138012243, 5340891, 6137123727, 47946441]] [1382297345.5, [248.625, 1027510, 32839552, 72862, 25506688, 199967]]
Arch_Param: [32, 2048, 8192, 8, 512, 512]
Samsung_cost: [19466900988.0, [1603522.0, 25656356, 820923384, 1023524, 102001848, 797857]] [15197102670.0, [1236591.0, 19783791, 633078564, 629871, 85328676, 668271]] [1268585020, [104330, 1669150, 53412640, 104990, 6677280, 52170]] [20662093692, [1701716, 27227206, 871270432, 309382, 108910624, 850868]] [1556528204, [128182, 2050822, 65626160, 32966, 8203312, 64094]] [1164977400798.0, [95899227.0, 1534385247, 49100323923, 42720639, 6138057555, 47954907]] [36570148512.0, [3010832.0, 48173174, 1541541568, 1830838, 192138944, 1505439]]
Model_cost: [14881062949.477777, [3766.052777777778, 20907556, 668963704, 1091076, 49400505, 386978]] [3916981230.0, [14811.0, 2666607, 85328676, 86895, 77870628, 608475]] [302397168.0, [21.0, 195230, 6247200, 13150, 6247200, 52170]] [5055888456.0, [5004.0, 3327942, 106002464, 38734, 103509152, 831389]] [919110740.0, [712.0, 1090566, 34713648, 24838, 7792880, 61018]] [296827023090.0, [2118.0, 191813655, 6138012243, 5340891, 6137123727, 47946441]] [1382297345.5, [248.625, 1027510, 32839552, 72862, 25506688, 199967]]
Arch_Param: [32, 2048, 8192, 8, 1024, 64]
Samsung_cost: [19534866862.0, [1603522.0, 12834849, 820923384, 6444065, 102001848, 797857]] [15251747406.0, [1236591.0, 9891951, 633078564, 4912239, 85328676, 668271]] [1272117560, [104330, 834580, 53412640, 417300, 6677280, 52170]] [20750583024, [1701716, 13613608, 871270432, 6806824, 108910624, 850868]] [1562980940, [128182, 1025414, 65626160, 512710, 8203312, 64094]] [1169408021598.0, [95899227.0, 767192703, 49100323923, 383602047, 6138057555, 47954907]] [36700008738.0, [3010832.0, 24086587, 1541541568, 12112955, 192138944, 1505439]]
Model_cost: [14932955159.477777, [3766.052777777778, 10600225, 668963704, 5323873, 49400505, 386978]] [3911648238.0, [14811.0, 1333359, 85328676, 86895, 77870628, 608475]] [302032108.0, [21.0, 104020, 6247200, 13140, 6247200, 52170]] [5049298492.0, [5004.0, 1680616, 106002464, 38704, 103509152, 831389]] [917084216.0, [711.0, 547334, 34713648, 63750, 7767792, 60762]] [296443397634.0, [2118.0, 95907291, 6138012243, 5340891, 6137123727, 47946441]] [1380492469.9, [250.425, 522811, 32839552, 82339, 25506688, 200159]]
Arch_Param: [32, 2048, 8192, 8, 1024, 128]
Samsung_cost: [19415614894.0, [1603522.0, 12834849, 820923384, 1023521, 102001848, 797857]] [15157535310.0, [1236591.0, 9891951, 633078564, 629871, 85328676, 668271]] [1265246520, [104330, 834580, 53412640, 104980, 6677280, 52170]] [20607638640, [1701716, 13613608, 871270432, 309352, 108910624, 850868]] [1552426572, [128182, 1025414, 65626160, 32966, 8203312, 64094]] [1161908630622.0, [95899227.0, 767192703, 49100323923, 42720639, 6138057555, 47954907]] [36473800866.0, [3010832.0, 24086587, 1541541568, 1830779, 192138944, 1505439]]
Model_cost: [14932955159.477777, [3766.052777777778, 10600225, 668963704, 5323873, 49400505, 386978]] [3911648238.0, [14811.0, 1333359, 85328676, 86895, 77870628, 608475]] [302032108.0, [21.0, 104020, 6247200, 13140, 6247200, 52170]] [5049298492.0, [5004.0, 1680616, 106002464, 38704, 103509152, 831389]] [917084216.0, [711.0, 547334, 34713648, 63750, 7767792, 60762]] [296443397634.0, [2118.0, 95907291, 6138012243, 5340891, 6137123727, 47946441]] [1380492469.9, [250.425, 522811, 32839552, 82339, 25506688, 200159]]
Arch_Param: [32, 2048, 8192, 8, 1024, 256]
Samsung_cost: [19415614894.0, [1603522.0, 12834849, 820923384, 1023521, 102001848, 797857]] [15157535310.0, [1236591.0, 9891951, 633078564, 629871, 85328676, 668271]] [1265246520, [104330, 834580, 53412640, 104980, 6677280, 52170]] [20607638640, [1701716, 13613608, 871270432, 309352, 108910624, 850868]] [1552426572, [128182, 1025414, 65626160, 32966, 8203312, 64094]] [1161908630622.0, [95899227.0, 767192703, 49100323923, 42720639, 6138057555, 47954907]] [36473800866.0, [3010832.0, 24086587, 1541541568, 1830779, 192138944, 1505439]]
Model_cost: [14839833559.477777, [3766.052777777778, 10600225, 668963704, 1091073, 49400505, 386978]] [3911648238.0, [14811.0, 1333359, 85328676, 86895, 77870628, 608475]] [302032108.0, [21.0, 104020, 6247200, 13140, 6247200, 52170]] [5049298492.0, [5004.0, 1680616, 106002464, 38704, 103509152, 831389]] [916768824.0, [711.0, 547334, 34713648, 49414, 7767792, 60762]] [296443397634.0, [2118.0, 95907291, 6138012243, 5340891, 6137123727, 47946441]] [1380109315.5, [248.625, 515323, 32839552, 66531, 25506688, 199967]]
Arch_Param: [32, 2048, 8192, 8, 1024, 512]
Samsung_cost: [19415614894.0, [1603522.0, 12834849, 820923384, 1023521, 102001848, 797857]] [15157535310.0, [1236591.0, 9891951, 633078564, 629871, 85328676, 668271]] [1265246520, [104330, 834580, 53412640, 104980, 6677280, 52170]] [20607638640, [1701716, 13613608, 871270432, 309352, 108910624, 850868]] [1552426572, [128182, 1025414, 65626160, 32966, 8203312, 64094]] [1161908630622.0, [95899227.0, 767192703, 49100323923, 42720639, 6138057555, 47954907]] [36473800866.0, [3010832.0, 24086587, 1541541568, 1830779, 192138944, 1505439]]
Model_cost: [14839833559.477777, [3766.052777777778, 10600225, 668963704, 1091073, 49400505, 386978]] [3911648238.0, [14811.0, 1333359, 85328676, 86895, 77870628, 608475]] [302032108.0, [21.0, 104020, 6247200, 13140, 6247200, 52170]] [5049298492.0, [5004.0, 1680616, 106002464, 38704, 103509152, 831389]] [916768824.0, [711.0, 547334, 34713648, 49414, 7767792, 60762]] [296443397634.0, [2118.0, 95907291, 6138012243, 5340891, 6137123727, 47946441]] [1380109315.5, [248.625, 515323, 32839552, 66531, 25506688, 199967]]
Arch_Param: [32, 2048, 8192, 16, 256, 64]
Samsung_cost: [9893257198.0, [805186.0, 25765441, 412206072, 3236929, 51465400, 403041]] [15370449486.0, [1236591.0, 39567471, 633078564, 4912239, 85328676, 668271]] [1282133060, [104330, 3338290, 53412640, 417330, 6677280, 52170]] [20913948180, [1701716, 54454402, 871270432, 6806914, 108910624, 850868]] [1517571996, [123486, 3951366, 63221808, 493926, 7902768, 61746]] [1178614332126.0, [95899227.0, 3068770335, 49100323923, 383602047, 6138057555, 47954907]] [36532069148.0, [2972432.0, 95117548, 1521880768, 11924716, 190238400, 1490591]]
Model_cost: [8729216853.38889, [2024.263888888889, 22447809, 359126200, 2854337, 49400505, 386978]] [3927647214.0, [14811.0, 5333103, 85328676, 86895, 77870628, 608475]] [303178488.0, [21.0, 390450, 6247200, 13170, 6247200, 52170]] [5069119584.0, [5004.0, 6635394, 106002464, 38794, 103509152, 831389]] [571644856.0, [359.0, 1085830, 17373232, 27782, 7768304, 60826]] [297594274002.0, [2118.0, 383626383, 6138012243, 5340891, 6137123727, 47946441]] [1298720382.1, [180.075, 1783660, 28517760, 65172, 25506688, 200159]]
Arch_Param: [32, 2048, 8192, 16, 256, 128]
Samsung_cost: [9833473518.0, [805186.0, 25765441, 412206072, 519489, 51465400, 403041]] [15276237390.0, [1236591.0, 39567471, 633078564, 629871, 85328676, 668271]] [1275262020, [104330, 3338290, 53412640, 105010, 6677280, 52170]] [20771003796, [1701716, 54454402, 871270432, 309442, 108910624, 850868]] [1507361180, [123486, 3951366, 63221808, 29798, 7902768, 61746]] [1171114941150.0, [95899227.0, 3068770335, 49100323923, 42720639, 6138057555, 47954907]] [36307573404.0, [2972432.0, 95117548, 1521880768, 1720364, 190238400, 1490591]]
Model_cost: [8679074453.38889, [2024.263888888889, 22447809, 359126200, 575137, 49400505, 386978]] [3927647214.0, [14811.0, 5333103, 85328676, 86895, 77870628, 608475]] [303178488.0, [21.0, 390450, 6247200, 13170, 6247200, 52170]] [5069119584.0, [5004.0, 6635394, 106002464, 38794, 103509152, 831389]] [571487160.0, [359.0, 1085830, 17373232, 20614, 7768304, 60826]] [297594274002.0, [2118.0, 383626383, 6138012243, 5340891, 6137123727, 47946441]] [1298527708.5, [178.875, 1783660, 28517760, 56660, 25506688, 199967]]
Arch_Param: [32, 2048, 8192, 16, 256, 256]
Samsung_cost: [9833473518.0, [805186.0, 25765441, 412206072, 519489, 51465400, 403041]] [15276237390.0, [1236591.0, 39567471, 633078564, 629871, 85328676, 668271]] [1275262020, [104330, 3338290, 53412640, 105010, 6677280, 52170]] [20771003796, [1701716, 54454402, 871270432, 309442, 108910624, 850868]] [1507361180, [123486, 3951366, 63221808, 29798, 7902768, 61746]] [1171114941150.0, [95899227.0, 3068770335, 49100323923, 42720639, 6138057555, 47954907]] [36307573404.0, [2972432.0, 95117548, 1521880768, 1720364, 190238400, 1490591]]
Model_cost: [8679074453.38889, [2024.263888888889, 22447809, 359126200, 575137, 49400505, 386978]] [3927647214.0, [14811.0, 5333103, 85328676, 86895, 77870628, 608475]] [303178488.0, [21.0, 390450, 6247200, 13170, 6247200, 52170]] [5069119584.0, [5004.0, 6635394, 106002464, 38794, 103509152, 831389]] [571487160.0, [359.0, 1085830, 17373232, 20614, 7768304, 60826]] [297594274002.0, [2118.0, 383626383, 6138012243, 5340891, 6137123727, 47946441]] [1298527708.5, [178.875, 1783660, 28517760, 56660, 25506688, 199967]]
Arch_Param: [32, 2048, 8192, 16, 512, 64]
Samsung_cost: [9841726716.0, [805186.0, 12882980, 412206072, 3236900, 51465400, 403041]] [15291314766.0, [1236591.0, 19783791, 633078564, 4912239, 85328676, 668271]] [1275456060, [104330, 1669150, 53412640, 417310, 6677280, 52170]] [20805038076, [1701716, 27227206, 871270432, 6806854, 108910624, 850868]] [1509669276, [123486, 1975686, 63221808, 493926, 7902768, 61746]] [1172476791774.0, [95899227.0, 1534385247, 49100323923, 383602047, 6138057555, 47954907]] [36341831456.0, [2972432.0, 47558774, 1521880768, 11924598, 190238400, 1490591]]
Model_cost: [8684321635.38889, [2024.263888888889, 11224164, 359126200, 2854308, 49400505, 386978]] [3916981230.0, [14811.0, 2666607, 85328676, 86895, 77870628, 608475]] [302397168.0, [21.0, 195230, 6247200, 13150, 6247200, 52170]] [5055888456.0, [5004.0, 3327942, 106002464, 38734, 103509152, 831389]] [569499064.0, [359.0, 549382, 17373232, 27782, 7768304, 60826]] [296827023090.0, [2118.0, 191813655, 6138012243, 5340891, 6137123727, 47946441]] [1294974466.1, [180.075, 891830, 28517760, 57054, 25506688, 200159]]
Arch_Param: [32, 2048, 8192, 16, 512, 128]
Samsung_cost: [9781943036.0, [805186.0, 12882980, 412206072, 519460, 51465400, 403041]] [15197102670.0, [1236591.0, 19783791, 633078564, 629871, 85328676, 668271]] [1268585020, [104330, 1669150, 53412640, 104990, 6677280, 52170]] [20662093692, [1701716, 27227206, 871270432, 309382, 108910624, 850868]] [1499458460, [123486, 1975686, 63221808, 29798, 7902768, 61746]] [1164977400798.0, [95899227.0, 1534385247, 49100323923, 42720639, 6138057555, 47954907]] [36117335712.0, [2972432.0, 47558774, 1521880768, 1720246, 190238400, 1490591]]
Model_cost: [8634179235.38889, [2024.263888888889, 11224164, 359126200, 575108, 49400505, 386978]] [3916981230.0, [14811.0, 2666607, 85328676, 86895, 77870628, 608475]] [302397168.0, [21.0, 195230, 6247200, 13150, 6247200, 52170]] [5055888456.0, [5004.0, 3327942, 106002464, 38734, 103509152, 831389]] [569341368.0, [359.0, 549382, 17373232, 20614, 7768304, 60826]] [296827023090.0, [2118.0, 191813655, 6138012243, 5340891, 6137123727, 47946441]] [1294781792.5, [178.875, 891830, 28517760, 48542, 25506688, 199967]]
Arch_Param: [32, 2048, 8192, 16, 512, 256]
Samsung_cost: [9781943036.0, [805186.0, 12882980, 412206072, 519460, 51465400, 403041]] [15197102670.0, [1236591.0, 19783791, 633078564, 629871, 85328676, 668271]] [1268585020, [104330, 1669150, 53412640, 104990, 6677280, 52170]] [20662093692, [1701716, 27227206, 871270432, 309382, 108910624, 850868]] [1499458460, [123486, 1975686, 63221808, 29798, 7902768, 61746]] [1164977400798.0, [95899227.0, 1534385247, 49100323923, 42720639, 6138057555, 47954907]] [36117335712.0, [2972432.0, 47558774, 1521880768, 1720246, 190238400, 1490591]]
Model_cost: [8634179235.38889, [2024.263888888889, 11224164, 359126200, 575108, 49400505, 386978]] [3916981230.0, [14811.0, 2666607, 85328676, 86895, 77870628, 608475]] [302397168.0, [21.0, 195230, 6247200, 13150, 6247200, 52170]] [5055888456.0, [5004.0, 3327942, 106002464, 38734, 103509152, 831389]] [569341368.0, [359.0, 549382, 17373232, 20614, 7768304, 60826]] [296827023090.0, [2118.0, 191813655, 6138012243, 5340891, 6137123727, 47946441]] [1294781792.5, [178.875, 891830, 28517760, 48542, 25506688, 199967]]
Arch_Param: [32, 2048, 8192, 16, 512, 512]
Samsung_cost: [9781943036.0, [805186.0, 12882980, 412206072, 519460, 51465400, 403041]] [15197102670.0, [1236591.0, 19783791, 633078564, 629871, 85328676, 668271]] [1268585020, [104330, 1669150, 53412640, 104990, 6677280, 52170]] [20662093692, [1701716, 27227206, 871270432, 309382, 108910624, 850868]] [1499458460, [123486, 1975686, 63221808, 29798, 7902768, 61746]] [1164977400798.0, [95899227.0, 1534385247, 49100323923, 42720639, 6138057555, 47954907]] [36117335712.0, [2972432.0, 47558774, 1521880768, 1720246, 190238400, 1490591]]
Model_cost: [8633504975.38889, [2021.263888888889, 11224164, 359126200, 544708, 49400505, 386786]] [3916981230.0, [14811.0, 2666607, 85328676, 86895, 77870628, 608475]] [302397168.0, [21.0, 195230, 6247200, 13150, 6247200, 52170]] [5055888456.0, [5004.0, 3327942, 106002464, 38734, 103509152, 831389]] [568738300.0, [359.0, 543942, 17356848, 9830, 7767792, 60753]] [296827023090.0, [2118.0, 191813655, 6138012243, 5340891, 6137123727, 47946441]] [1294640992.5, [178.875, 891830, 28517760, 42142, 25506688, 199967]]
Arch_Param: [32, 2048, 8192, 16, 1024, 64]
Samsung_cost: [9815975086.0, [805186.0, 6445089, 412206072, 3236897, 51465400, 403041]] [15251747406.0, [1236591.0, 9891951, 633078564, 4912239, 85328676, 668271]] [1272117560, [104330, 834580, 53412640, 417300, 6677280, 52170]] [20750583024, [1701716, 13613608, 871270432, 6806824, 108910624, 850868]] [1505717916, [123486, 987846, 63221808, 493926, 7902768, 61746]] [1169408021598.0, [95899227.0, 767192703, 49100323923, 383602047, 6138057555, 47954907]] [36246712610.0, [2972432.0, 23779387, 1521880768, 11924539, 190238400, 1490591]]
Model_cost: [8662167829.38889, [2024.263888888889, 5685729, 359126200, 2854305, 49400505, 386978]] [3911648238.0, [14811.0, 1333359, 85328676, 86895, 77870628, 608475]] [302032108.0, [21.0, 104020, 6247200, 13140, 6247200, 52170]] [5049298492.0, [5004.0, 1680616, 106002464, 38704, 103509152, 831389]] [568142520.0, [359.0, 273670, 17356848, 31878, 7767792, 60762]] [296443397634.0, [2118.0, 95907291, 6138012243, 5340891, 6137123727, 47946441]] [1293138436.1, [180.075, 450747, 28517760, 53795, 25506688, 200159]]
Arch_Param: [32, 2048, 8192, 16, 1024, 128]
Samsung_cost: [9756191406.0, [805186.0, 6445089, 412206072, 519457, 51465400, 403041]] [15157535310.0, [1236591.0, 9891951, 633078564, 629871, 85328676, 668271]] [1265246520, [104330, 834580, 53412640, 104980, 6677280, 52170]] [20607638640, [1701716, 13613608, 871270432, 309352, 108910624, 850868]] [1495507100, [123486, 987846, 63221808, 29798, 7902768, 61746]] [1161908630622.0, [95899227.0, 767192703, 49100323923, 42720639, 6138057555, 47954907]] [36022216866.0, [2972432.0, 23779387, 1521880768, 1720187, 190238400, 1490591]]
Model_cost: [8612025429.38889, [2024.263888888889, 5685729, 359126200, 575105, 49400505, 386978]] [3911648238.0, [14811.0, 1333359, 85328676, 86895, 77870628, 608475]] [302032108.0, [21.0, 104020, 6247200, 13140, 6247200, 52170]] [5049298492.0, [5004.0, 1680616, 106002464, 38704, 103509152, 831389]] [567984824.0, [359.0, 273670, 17356848, 24710, 7767792, 60762]] [296443397634.0, [2118.0, 95907291, 6138012243, 5340891, 6137123727, 47946441]] [1292929634.5, [178.875, 446715, 28517760, 45283, 25506688, 199967]]
Arch_Param: [32, 2048, 8192, 16, 1024, 256]
Samsung_cost: [9756191406.0, [805186.0, 6445089, 412206072, 519457, 51465400, 403041]] [15157535310.0, [1236591.0, 9891951, 633078564, 629871, 85328676, 668271]] [1265246520, [104330, 834580, 53412640, 104980, 6677280, 52170]] [20607638640, [1701716, 13613608, 871270432, 309352, 108910624, 850868]] [1495507100, [123486, 987846, 63221808, 29798, 7902768, 61746]] [1161908630622.0, [95899227.0, 767192703, 49100323923, 42720639, 6138057555, 47954907]] [36022216866.0, [2972432.0, 23779387, 1521880768, 1720187, 190238400, 1490591]]
Model_cost: [8612025429.38889, [2024.263888888889, 5685729, 359126200, 575105, 49400505, 386978]] [3911648238.0, [14811.0, 1333359, 85328676, 86895, 77870628, 608475]] [302032108.0, [21.0, 104020, 6247200, 13140, 6247200, 52170]] [5049298492.0, [5004.0, 1680616, 106002464, 38704, 103509152, 831389]] [567984824.0, [359.0, 273670, 17356848, 24710, 7767792, 60762]] [296443397634.0, [2118.0, 95907291, 6138012243, 5340891, 6137123727, 47946441]] [1292929634.5, [178.875, 446715, 28517760, 45283, 25506688, 199967]]
Arch_Param: [32, 2048, 8192, 16, 1024, 512]
Samsung_cost: [9756191406.0, [805186.0, 6445089, 412206072, 519457, 51465400, 403041]] [15157535310.0, [1236591.0, 9891951, 633078564, 629871, 85328676, 668271]] [1265246520, [104330, 834580, 53412640, 104980, 6677280, 52170]] [20607638640, [1701716, 13613608, 871270432, 309352, 108910624, 850868]] [1495507100, [123486, 987846, 63221808, 29798, 7902768, 61746]] [1161908630622.0, [95899227.0, 767192703, 49100323923, 42720639, 6138057555, 47954907]] [36022216866.0, [2972432.0, 23779387, 1521880768, 1720187, 190238400, 1490591]]
Model_cost: [8611293569.38889, [2021.263888888889, 5671329, 359126200, 544705, 49400505, 386786]] [3911648238.0, [14811.0, 1333359, 85328676, 86895, 77870628, 608475]] [302032108.0, [21.0, 104020, 6247200, 13140, 6247200, 52170]] [5049298492.0, [5004.0, 1680616, 106002464, 38704, 103509152, 831389]] [567654524.0, [359.0, 272998, 17356848, 9830, 7767792, 60753]] [296443397634.0, [2118.0, 95907291, 6138012243, 5340891, 6137123727, 47946441]] [1292859234.5, [178.875, 446715, 28517760, 42083, 25506688, 199967]]
Arch_Param: [32, 2048, 8192, 32, 256, 64]
Samsung_cost: [9647898350.0, [784770.0, 25112129, 401768440, 3146817, 50351288, 394337]] [15370449486.0, [1236591.0, 39567471, 633078564, 4912239, 85328676, 668271]] [1282133060, [104330, 3338290, 53412640, 417330, 6677280, 52170]] [20913948180, [1701716, 54454402, 871270432, 6806914, 108910624, 850868]] [1501300036, [122162, 3908998, 62543920, 488630, 7818032, 61084]] [1178614332126.0, [95899227.0, 3068770335, 49100323923, 383602047, 6138057555, 47954907]] [36481729308.0, [2968336.0, 94986476, 1519783616, 11908332, 189976256, 1488543]]
Model_cost: [5537416401.922222, [1150.9972222222223, 12767937, 204263608, 317761, 49400505, 386978]] [3927647214.0, [14811.0, 5333103, 85328676, 86895, 77870628, 608475]] [303178488.0, [21.0, 390450, 6247200, 13170, 6247200, 52170]] [5069119584.0, [5004.0, 6635394, 106002464, 38794, 103509152, 831389]] [395352457.3333333, [197.33333333333334, 542918, 8686640, 10310, 7768304, 60826]] [297594274002.0, [2118.0, 383626383, 6138012243, 5340891, 6137123727, 47946441]] [1254414120.0, [145.0, 1647980, 26356864, 40660, 25506688, 199967]]
Arch_Param: [32, 2048, 8192, 32, 256, 128]
Samsung_cost: [9589286126.0, [784770.0, 25112129, 401768440, 482625, 50351288, 394337]] [15276237390.0, [1236591.0, 39567471, 633078564, 629871, 85328676, 668271]] [1275262020, [104330, 3338290, 53412640, 105010, 6677280, 52170]] [20771003796, [1701716, 54454402, 871270432, 309442, 108910624, 850868]] [1491182148, [122162, 3908998, 62543920, 28726, 7818032, 61084]] [1171114941150.0, [95899227.0, 3068770335, 49100323923, 42720639, 6138057555, 47954907]] [36257413788.0, [2968336.0, 94986476, 1519783616, 1712172, 189976256, 1488543]]
Model_cost: [5537416401.922222, [1150.9972222222223, 12767937, 204263608, 317761, 49400505, 386978]] [3927647214.0, [14811.0, 5333103, 85328676, 86895, 77870628, 608475]] [303178488.0, [21.0, 390450, 6247200, 13170, 6247200, 52170]] [5069119584.0, [5004.0, 6635394, 106002464, 38794, 103509152, 831389]] [395352457.3333333, [197.33333333333334, 542918, 8686640, 10310, 7768304, 60826]] [297594274002.0, [2118.0, 383626383, 6138012243, 5340891, 6137123727, 47946441]] [1254414120.0, [145.0, 1647980, 26356864, 40660, 25506688, 199967]]
Arch_Param: [32, 2048, 8192, 32, 256, 256]
Samsung_cost: [9589286126.0, [784770.0, 25112129, 401768440, 482625, 50351288, 394337]] [15276237390.0, [1236591.0, 39567471, 633078564, 629871, 85328676, 668271]] [1275262020, [104330, 3338290, 53412640, 105010, 6677280, 52170]] [20771003796, [1701716, 54454402, 871270432, 309442, 108910624, 850868]] [1491182148, [122162, 3908998, 62543920, 28726, 7818032, 61084]] [1171114941150.0, [95899227.0, 3068770335, 49100323923, 42720639, 6138057555, 47954907]] [36257413788.0, [2968336.0, 94986476, 1519783616, 1712172, 189976256, 1488543]]
Model_cost: [5537063199.5222225, [1149.197222222222, 12767937, 204263608, 301953, 49400505, 386786]] [3927647214.0, [14811.0, 5333103, 85328676, 86895, 77870628, 608475]] [303178488.0, [21.0, 390450, 6247200, 13170, 6247200, 52170]] [5069119584.0, [5004.0, 6635394, 106002464, 38794, 103509152, 831389]] [395053212.0, [183.0, 542918, 8678448, 4918, 7767792, 60753]] [297594274002.0, [2118.0, 383626383, 6138012243, 5340891, 6137123727, 47946441]] [1254249384.0, [145.0, 1647980, 26356864, 33172, 25506688, 199967]]
Arch_Param: [32, 2048, 8192, 32, 512, 64]
Samsung_cost: [9597674492.0, [784770.0, 12556324, 401768440, 3146788, 50351288, 394337]] [15291314766.0, [1236591.0, 19783791, 633078564, 4912239, 85328676, 668271]] [1275456060, [104330, 1669150, 53412640, 417310, 6677280, 52170]] [20805038076, [1701716, 27227206, 871270432, 6806854, 108910624, 850868]] [1493482052, [122162, 1954502, 62543920, 488630, 7818032, 61084]] [1172476791774.0, [95899227.0, 1534385247, 49100323923, 383602047, 6138057555, 47954907]] [36291753760.0, [2968336.0, 47493238, 1519783616, 11908214, 189976256, 1488543]]
Model_cost: [5511880927.922222, [1150.9972222222223, 6384228, 204263608, 317732, 49400505, 386978]] [3916981230.0, [14811.0, 2666607, 85328676, 86895, 77870628, 608475]] [302397168.0, [21.0, 195230, 6247200, 13150, 6247200, 52170]] [5055888456.0, [5004.0, 3327942, 106002464, 38734, 103509152, 831389]] [394271616.0, [197.0, 272646, 8678448, 18502, 7767792, 60762]] [296827023090.0, [2118.0, 191813655, 6138012243, 5340891, 6137123727, 47946441]] [1251024044.0, [145.0, 823990, 26356864, 36382, 25506688, 199967]]
Arch_Param: [32, 2048, 8192, 32, 512, 128]
Samsung_cost: [9539062268.0, [784770.0, 12556324, 401768440, 482596, 50351288, 394337]] [15197102670.0, [1236591.0, 19783791, 633078564, 629871, 85328676, 668271]] [1268585020, [104330, 1669150, 53412640, 104990, 6677280, 52170]] [20662093692, [1701716, 27227206, 871270432, 309382, 108910624, 850868]] [1483364164, [122162, 1954502, 62543920, 28726, 7818032, 61084]] [1164977400798.0, [95899227.0, 1534385247, 49100323923, 42720639, 6138057555, 47954907]] [36067438240.0, [2968336.0, 47493238, 1519783616, 1712054, 189976256, 1488543]]
Model_cost: [5511880927.922222, [1150.9972222222223, 6384228, 204263608, 317732, 49400505, 386978]] [3916981230.0, [14811.0, 2666607, 85328676, 86895, 77870628, 608475]] [302397168.0, [21.0, 195230, 6247200, 13150, 6247200, 52170]] [5055888456.0, [5004.0, 3327942, 106002464, 38734, 103509152, 831389]] [394271616.0, [197.0, 272646, 8678448, 18502, 7767792, 60762]] [296827023090.0, [2118.0, 191813655, 6138012243, 5340891, 6137123727, 47946441]] [1251024044.0, [145.0, 823990, 26356864, 36382, 25506688, 199967]]
Arch_Param: [32, 2048, 8192, 32, 512, 256]
Samsung_cost: [9539062268.0, [784770.0, 12556324, 401768440, 482596, 50351288, 394337]] [15197102670.0, [1236591.0, 19783791, 633078564, 629871, 85328676, 668271]] [1268585020, [104330, 1669150, 53412640, 104990, 6677280, 52170]] [20662093692, [1701716, 27227206, 871270432, 309382, 108910624, 850868]] [1483364164, [122162, 1954502, 62543920, 28726, 7818032, 61084]] [1164977400798.0, [95899227.0, 1534385247, 49100323923, 42720639, 6138057555, 47954907]] [36067438240.0, [2968336.0, 47493238, 1519783616, 1712054, 189976256, 1488543]]
Model_cost: [5511527725.5222225, [1149.197222222222, 6384228, 204263608, 301924, 49400505, 386786]] [3916981230.0, [14811.0, 2666607, 85328676, 86895, 77870628, 608475]] [302397168.0, [21.0, 195230, 6247200, 13150, 6247200, 52170]] [5055888456.0, [5004.0, 3327942, 106002464, 38734, 103509152, 831389]] [393969436.0, [183.0, 271974, 8678448, 4918, 7767792, 60753]] [296827023090.0, [2118.0, 191813655, 6138012243, 5340891, 6137123727, 47946441]] [1250950828.0, [145.0, 823990, 26356864, 33054, 25506688, 199967]]
Arch_Param: [32, 2048, 8192, 32, 512, 512]
Samsung_cost: [9539062268.0, [784770.0, 12556324, 401768440, 482596, 50351288, 394337]] [15197102670.0, [1236591.0, 19783791, 633078564, 629871, 85328676, 668271]] [1268585020, [104330, 1669150, 53412640, 104990, 6677280, 52170]] [20662093692, [1701716, 27227206, 871270432, 309382, 108910624, 850868]] [1483364164, [122162, 1954502, 62543920, 28726, 7818032, 61084]] [1164977400798.0, [95899227.0, 1534385247, 49100323923, 42720639, 6138057555, 47954907]] [36067438240.0, [2968336.0, 47493238, 1519783616, 1712054, 189976256, 1488543]]
Model_cost: [5511527725.5222225, [1149.197222222222, 6384228, 204263608, 301924, 49400505, 386786]] [3916981230.0, [14811.0, 2666607, 85328676, 86895, 77870628, 608475]] [302397168.0, [21.0, 195230, 6247200, 13150, 6247200, 52170]] [5055888456.0, [5004.0, 3327942, 106002464, 38734, 103509152, 831389]] [393969436.0, [183.0, 271974, 8678448, 4918, 7767792, 60753]] [296827023090.0, [2118.0, 191813655, 6138012243, 5340891, 6137123727, 47946441]] [1250950828.0, [145.0, 823990, 26356864, 33054, 25506688, 199967]]
Arch_Param: [32, 2048, 8192, 32, 1024, 64]
Samsung_cost: [9572570030.0, [784770.0, 6280225, 401768440, 3146785, 50351288, 394337]] [15251747406.0, [1236591.0, 9891951, 633078564, 4912239, 85328676, 668271]] [1272117560, [104330, 834580, 53412640, 417300, 6677280, 52170]] [20750583024, [1701716, 13613608, 871270432, 6806824, 108910624, 850868]] [1489573060, [122162, 977254, 62543920, 488630, 7818032, 61084]] [1169408021598.0, [95899227.0, 767192703, 49100323923, 383602047, 6138057555, 47954907]] [36196765986.0, [2968336.0, 23746619, 1519783616, 11908155, 189976256, 1488543]]
Model_cost: [5499262609.922222, [1150.9972222222223, 3229665, 204263608, 317729, 49400505, 386978]] [3911648238.0, [14811.0, 1333359, 85328676, 86895, 77870628, 608475]] [302032108.0, [21.0, 104020, 6247200, 13140, 6247200, 52170]] [5049298492.0, [5004.0, 1680616, 106002464, 38704, 103509152, 831389]] [393593216.0, [197.0, 136838, 8678448, 12358, 7767792, 60762]] [296443397634.0, [2118.0, 95907291, 6138012243, 5340891, 6137123727, 47946441]] [1249339822.0, [145.0, 412411, 26356864, 34659, 25506688, 199967]]
Arch_Param: [32, 2048, 8192, 32, 1024, 128]
Samsung_cost: [9513957806.0, [784770.0, 6280225, 401768440, 482593, 50351288, 394337]] [15157535310.0, [1236591.0, 9891951, 633078564, 629871, 85328676, 668271]] [1265246520, [104330, 834580, 53412640, 104980, 6677280, 52170]] [20607638640, [1701716, 13613608, 871270432, 309352, 108910624, 850868]] [1479455172, [122162, 977254, 62543920, 28726, 7818032, 61084]] [1161908630622.0, [95899227.0, 767192703, 49100323923, 42720639, 6138057555, 47954907]] [35972450466.0, [2968336.0, 23746619, 1519783616, 1711995, 189976256, 1488543]]
Model_cost: [5499262609.922222, [1150.9972222222223, 3229665, 204263608, 317729, 49400505, 386978]] [3911648238.0, [14811.0, 1333359, 85328676, 86895, 77870628, 608475]] [302032108.0, [21.0, 104020, 6247200, 13140, 6247200, 52170]] [5049298492.0, [5004.0, 1680616, 106002464, 38704, 103509152, 831389]] [393593216.0, [197.0, 136838, 8678448, 12358, 7767792, 60762]] [296443397634.0, [2118.0, 95907291, 6138012243, 5340891, 6137123727, 47946441]] [1249339822.0, [145.0, 412411, 26356864, 34659, 25506688, 199967]]
Arch_Param: [32, 2048, 8192, 32, 1024, 256]
Samsung_cost: [9513957806.0, [784770.0, 6280225, 401768440, 482593, 50351288, 394337]] [15157535310.0, [1236591.0, 9891951, 633078564, 629871, 85328676, 668271]] [1265246520, [104330, 834580, 53412640, 104980, 6677280, 52170]] [20607638640, [1701716, 13613608, 871270432, 309352, 108910624, 850868]] [1479455172, [122162, 977254, 62543920, 28726, 7818032, 61084]] [1161908630622.0, [95899227.0, 767192703, 49100323923, 42720639, 6138057555, 47954907]] [35972450466.0, [2968336.0, 23746619, 1519783616, 1711995, 189976256, 1488543]]
Model_cost: [5498879455.5222225, [1149.197222222222, 3222177, 204263608, 301921, 49400505, 386786]] [3911648238.0, [14811.0, 1333359, 85328676, 86895, 77870628, 608475]] [302032108.0, [21.0, 104020, 6247200, 13140, 6247200, 52170]] [5049298492.0, [5004.0, 1680616, 106002464, 38704, 103509152, 831389]] [393427548.0, [183.0, 136502, 8678448, 4918, 7767792, 60753]] [296443397634.0, [2118.0, 95907291, 6138012243, 5340891, 6137123727, 47946441]] [1249303214.0, [145.0, 412411, 26356864, 32995, 25506688, 199967]]
Arch_Param: [32, 2048, 8192, 32, 1024, 512]
Samsung_cost: [9513957806.0, [784770.0, 6280225, 401768440, 482593, 50351288, 394337]] [15157535310.0, [1236591.0, 9891951, 633078564, 629871, 85328676, 668271]] [1265246520, [104330, 834580, 53412640, 104980, 6677280, 52170]] [20607638640, [1701716, 13613608, 871270432, 309352, 108910624, 850868]] [1479455172, [122162, 977254, 62543920, 28726, 7818032, 61084]] [1161908630622.0, [95899227.0, 767192703, 49100323923, 42720639, 6138057555, 47954907]] [35972450466.0, [2968336.0, 23746619, 1519783616, 1711995, 189976256, 1488543]]
Model_cost: [5498879455.5222225, [1149.197222222222, 3222177, 204263608, 301921, 49400505, 386786]] [3911648238.0, [14811.0, 1333359, 85328676, 86895, 77870628, 608475]] [302032108.0, [21.0, 104020, 6247200, 13140, 6247200, 52170]] [5049298492.0, [5004.0, 1680616, 106002464, 38704, 103509152, 831389]] [393427548.0, [183.0, 136502, 8678448, 4918, 7767792, 60753]] [296443397634.0, [2118.0, 95907291, 6138012243, 5340891, 6137123727, 47946441]] [1249303214.0, [145.0, 412411, 26356864, 32995, 25506688, 199967]]
Arch_Param: [32, 2048, 4096, 4, 256, 64]
Samsung_cost: [39369420938.0, [6400355.0, 102405697, 1638358008, 12858433, 203074744, 1587489]] [15405070926.0, [2473071.0, 39567471, 633078564, 4912239, 85328676, 668271]] [1285054020, [208650, 3338290, 53412640, 417330, 6677280, 52170]] [20961595668, [3403412, 54454402, 871270432, 6806914, 108910624, 850868]] [1694565420, [275142, 4402182, 70434864, 550278, 8804400, 68790]] [1181299506030.0, [191798295.0, 3068770335, 49100323923, 383602047, 6138057555, 47954907]] [37989470064, [6175251, 98803948, 1580863168, 12489964, 195940032, 1535135]]
Model_cost: [27720659436.0, [14436.5, 80564801, 1288904952, 10265793, 49400505, 386978]] [5514376542.0, [31263.0, 10223727, 163578660, 164463, 77870628, 608475]] [303178796.0, [32.0, 390450, 6247200, 13170, 6247200, 52170]] [5069258856.0, [9978.0, 6635394, 106002464, 38794, 103509152, 831389]] [1638835452.0, [2830.0, 4343302, 69492784, 559622, 7768304, 60826]] [421994636934.0, [5691.0, 767215743, 12275433555, 10680855, 6137123727, 47946441]] [1690002959.0, [825.25, 2983404, 47652928, 236180, 25506688, 200159]]
Arch_Param: [32, 2048, 4096, 4, 256, 128]
Samsung_cost: [39131232394.0, [6400355.0, 102405697, 1638358008, 2031681, 203074744, 1587489]] [15310858830.0, [2473071.0, 39567471, 633078564, 629871, 85328676, 668271]] [1278182980, [208650, 3338290, 53412640, 105010, 6677280, 52170]] [20818651284, [3403412, 54454402, 871270432, 309442, 108910624, 850868]] [1683323948, [275142, 4402182, 70434864, 39302, 8804400, 68790]] [1173800115054.0, [191798295.0, 3068770335, 49100323923, 42720639, 6138057555, 47954907]] [37759837936, [6175251, 98803948, 1580863168, 2052140, 195940032, 1535135]]
Model_cost: [27720659436.0, [14436.5, 80564801, 1288904952, 10265793, 49400505, 386978]] [5514376542.0, [31263.0, 10223727, 163578660, 164463, 77870628, 608475]] [303178796.0, [32.0, 390450, 6247200, 13170, 6247200, 52170]] [5069258856.0, [9978.0, 6635394, 106002464, 38794, 103509152, 831389]] [1628968188.0, [2830.0, 4343302, 69492784, 111110, 7768304, 60826]] [421994636934.0, [5691.0, 767215743, 12275433555, 10680855, 6137123727, 47946441]] [1688997647.0, [825.25, 2983404, 47652928, 190484, 25506688, 200159]]
Arch_Param: [32, 2048, 4096, 4, 256, 256]
Samsung_cost: [39131232394.0, [6400355.0, 102405697, 1638358008, 2031681, 203074744, 1587489]] [15310858830.0, [2473071.0, 39567471, 633078564, 629871, 85328676, 668271]] [1278182980, [208650, 3338290, 53412640, 105010, 6677280, 52170]] [20818651284, [3403412, 54454402, 871270432, 309442, 108910624, 850868]] [1683323948, [275142, 4402182, 70434864, 39302, 8804400, 68790]] [1173800115054.0, [191798295.0, 3068770335, 49100323923, 42720639, 6138057555, 47954907]] [37759837936, [6175251, 98803948, 1580863168, 2052140, 195940032, 1535135]]
Model_cost: [27720659436.0, [14436.5, 80564801, 1288904952, 10265793, 49400505, 386978]] [5514376542.0, [31263.0, 10223727, 163578660, 164463, 77870628, 608475]] [303178796.0, [32.0, 390450, 6247200, 13170, 6247200, 52170]] [5069258856.0, [9978.0, 6635394, 106002464, 38794, 103509152, 831389]] [1628968188.0, [2830.0, 4343302, 69492784, 111110, 7768304, 60826]] [421994636934.0, [5691.0, 767215743, 12275433555, 10680855, 6137123727, 47946441]] [1688997647.0, [825.25, 2983404, 47652928, 190484, 25506688, 200159]]
Arch_Param: [32, 2048, 4096, 4, 512, 64]
Samsung_cost: [39164609944.0, [6400355.0, 51203108, 1638358008, 12858404, 203074744, 1587489]] [15325936206.0, [2473071.0, 19783791, 633078564, 4912239, 85328676, 668271]] [1278377020, [208650, 1669150, 53412640, 417310, 6677280, 52170]] [20852685564, [3403412, 27227206, 871270432, 6806854, 108910624, 850868]] [1685761068, [275142, 2201094, 70434864, 550278, 8804400, 68790]] [1175161965678.0, [191798295.0, 1534385247, 49100323923, 383602047, 6138057555, 47954907]] [37791859572, [6175251, 49401974, 1580863168, 12489846, 195940032, 1535135]]
Model_cost: [27559530234.0, [14436.5, 40282660, 1288904952, 10265764, 49400505, 386978]] [5493929310.0, [31263.0, 5111919, 163578660, 164463, 77870628, 608475]] [302397476, [32, 195230, 6247200, 13150, 6247200, 52170]] [5056027728.0, [9978.0, 3327942, 106002464, 38734, 103509152, 831389]] [1630252284.0, [2830.0, 2197510, 69492784, 559622, 7768304, 60826]] [420460208838.0, [5691.0, 383608719, 12275433555, 10680855, 6137123727, 47946441]] [1683343635.0, [825.25, 1491702, 47652928, 204702, 25506688, 200159]]
Arch_Param: [32, 2048, 4096, 4, 512, 128]
Samsung_cost: [38926421400.0, [6400355.0, 51203108, 1638358008, 2031652, 203074744, 1587489]] [15231724110.0, [2473071.0, 19783791, 633078564, 629871, 85328676, 668271]] [1271505980, [208650, 1669150, 53412640, 104990, 6677280, 52170]] [20709741180, [3403412, 27227206, 871270432, 309382, 108910624, 850868]] [1674519596, [275142, 2201094, 70434864, 39302, 8804400, 68790]] [1167662574702.0, [191798295.0, 1534385247, 49100323923, 42720639, 6138057555, 47954907]] [37562227444, [6175251, 49401974, 1580863168, 2052022, 195940032, 1535135]]
Model_cost: [27559530234.0, [14436.5, 40282660, 1288904952, 10265764, 49400505, 386978]] [5493929310.0, [31263.0, 5111919, 163578660, 164463, 77870628, 608475]] [302397476, [32, 195230, 6247200, 13150, 6247200, 52170]] [5056027728.0, [9978.0, 3327942, 106002464, 38734, 103509152, 831389]] [1620385020.0, [2830.0, 2197510, 69492784, 111110, 7768304, 60826]] [420460208838.0, [5691.0, 383608719, 12275433555, 10680855, 6137123727, 47946441]] [1682338323.0, [825.25, 1491702, 47652928, 159006, 25506688, 200159]]
Arch_Param: [32, 2048, 4096, 4, 512, 256]
Samsung_cost: [38926421400.0, [6400355.0, 51203108, 1638358008, 2031652, 203074744, 1587489]] [15231724110.0, [2473071.0, 19783791, 633078564, 629871, 85328676, 668271]] [1271505980, [208650, 1669150, 53412640, 104990, 6677280, 52170]] [20709741180, [3403412, 27227206, 871270432, 309382, 108910624, 850868]] [1674519596, [275142, 2201094, 70434864, 39302, 8804400, 68790]] [1167662574702.0, [191798295.0, 1534385247, 49100323923, 42720639, 6138057555, 47954907]] [37562227444, [6175251, 49401974, 1580863168, 2052022, 195940032, 1535135]]
Model_cost: [27559530234.0, [14436.5, 40282660, 1288904952, 10265764, 49400505, 386978]] [5493929310.0, [31263.0, 5111919, 163578660, 164463, 77870628, 608475]] [302397476, [32, 195230, 6247200, 13150, 6247200, 52170]] [5056027728.0, [9978.0, 3327942, 106002464, 38734, 103509152, 831389]] [1620385020.0, [2830.0, 2197510, 69492784, 111110, 7768304, 60826]] [420460208838.0, [5691.0, 383608719, 12275433555, 10680855, 6137123727, 47946441]] [1682338323.0, [825.25, 1491702, 47652928, 159006, 25506688, 200159]]
Arch_Param: [32, 2048, 4096, 4, 512, 512]
Samsung_cost: [38926421400.0, [6400355.0, 51203108, 1638358008, 2031652, 203074744, 1587489]] [15231724110.0, [2473071.0, 19783791, 633078564, 629871, 85328676, 668271]] [1271505980, [208650, 1669150, 53412640, 104990, 6677280, 52170]] [20709741180, [3403412, 27227206, 871270432, 309382, 108910624, 850868]] [1674519596, [275142, 2201094, 70434864, 39302, 8804400, 68790]] [1167662574702.0, [191798295.0, 1534385247, 49100323923, 42720639, 6138057555, 47954907]] [37562227444, [6175251, 49401974, 1580863168, 2052022, 195940032, 1535135]]
Model_cost: [27380450234.0, [14436.5, 40282660, 1288904952, 2125764, 49400505, 386978]] [5493929310.0, [31263.0, 5111919, 163578660, 164463, 77870628, 608475]] [302397476, [32, 195230, 6247200, 13150, 6247200, 52170]] [5056027728.0, [9978.0, 3327942, 106002464, 38734, 103509152, 831389]] [1619754236.0, [2830.0, 2197510, 69492784, 82438, 7768304, 60826]] [420460208838.0, [5691.0, 383608719, 12275433555, 10680855, 6137123727, 47946441]] [1681663895.0, [816.25, 1491702, 47652928, 128606, 25506688, 199967]]
Arch_Param: [32, 2048, 4096, 4, 1024, 64]
Samsung_cost: [39062254922.0, [6400355.0, 25614369, 1638358008, 12858401, 203074744, 1587489]] [15286368846.0, [2473071.0, 9891951, 633078564, 4912239, 85328676, 668271]] [1275038520, [208650, 834580, 53412640, 417300, 6677280, 52170]] [20798230512, [3403412, 13613608, 871270432, 6806824, 108910624, 850868]] [1681358892, [275142, 1100550, 70434864, 550278, 8804400, 68790]] [1172093195502.0, [191798295.0, 767192703, 49100323923, 383602047, 6138057555, 47954907]] [37693054326, [6175251, 24700987, 1580863168, 12489787, 195940032, 1535135]]
Model_cost: [27480135340.0, [14436.5, 20433953, 1288904952, 10265761, 49400505, 386978]] [5483705694.0, [31263.0, 2556015, 163578660, 164463, 77870628, 608475]] [302032416.0, [32.0, 104020, 6247200, 13140, 6247200, 52170]] [5049437764.0, [9978.0, 1680616, 106002464, 38704, 103509152, 831389]] [1624874380.0, [2826.0, 1094662, 69427248, 576006, 7767792, 60762]] [419692994790.0, [5691.0, 191805207, 12275433555, 10680855, 6137123727, 47946441]] [1680153109.0, [825.25, 763387, 47652928, 192099, 25506688, 200159]]
Arch_Param: [32, 2048, 4096, 4, 1024, 128]
Samsung_cost: [38824066378.0, [6400355.0, 25614369, 1638358008, 2031649, 203074744, 1587489]] [15192156750.0, [2473071.0, 9891951, 633078564, 629871, 85328676, 668271]] [1268167480, [208650, 834580, 53412640, 104980, 6677280, 52170]] [20655286128, [3403412, 13613608, 871270432, 309352, 108910624, 850868]] [1670117420, [275142, 1100550, 70434864, 39302, 8804400, 68790]] [1164593804526.0, [191798295.0, 767192703, 49100323923, 42720639, 6138057555, 47954907]] [37463422198, [6175251, 24700987, 1580863168, 2051963, 195940032, 1535135]]
Model_cost: [27480135340.0, [14436.5, 20433953, 1288904952, 10265761, 49400505, 386978]] [5483705694.0, [31263.0, 2556015, 163578660, 164463, 77870628, 608475]] [302032416.0, [32.0, 104020, 6247200, 13140, 6247200, 52170]] [5049437764.0, [9978.0, 1680616, 106002464, 38704, 103509152, 831389]] [1615007116.0, [2826.0, 1094662, 69427248, 127494, 7767792, 60762]] [419692994790.0, [5691.0, 191805207, 12275433555, 10680855, 6137123727, 47946441]] [1679147797.0, [825.25, 763387, 47652928, 146403, 25506688, 200159]]
Arch_Param: [32, 2048, 4096, 4, 1024, 256]
Samsung_cost: [38824066378.0, [6400355.0, 25614369, 1638358008, 2031649, 203074744, 1587489]] [15192156750.0, [2473071.0, 9891951, 633078564, 629871, 85328676, 668271]] [1268167480, [208650, 834580, 53412640, 104980, 6677280, 52170]] [20655286128, [3403412, 13613608, 871270432, 309352, 108910624, 850868]] [1670117420, [275142, 1100550, 70434864, 39302, 8804400, 68790]] [1164593804526.0, [191798295.0, 767192703, 49100323923, 42720639, 6138057555, 47954907]] [37463422198, [6175251, 24700987, 1580863168, 2051963, 195940032, 1535135]]
Model_cost: [27480135340.0, [14436.5, 20433953, 1288904952, 10265761, 49400505, 386978]] [5483705694.0, [31263.0, 2556015, 163578660, 164463, 77870628, 608475]] [302032416.0, [32.0, 104020, 6247200, 13140, 6247200, 52170]] [5049437764.0, [9978.0, 1680616, 106002464, 38704, 103509152, 831389]] [1615007116.0, [2826.0, 1094662, 69427248, 127494, 7767792, 60762]] [419692994790.0, [5691.0, 191805207, 12275433555, 10680855, 6137123727, 47946441]] [1679147797.0, [825.25, 763387, 47652928, 146403, 25506688, 200159]]
Arch_Param: [32, 2048, 4096, 4, 1024, 512]
Samsung_cost: [38824066378.0, [6400355.0, 25614369, 1638358008, 2031649, 203074744, 1587489]] [15192156750.0, [2473071.0, 9891951, 633078564, 629871, 85328676, 668271]] [1268167480, [208650, 834580, 53412640, 104980, 6677280, 52170]] [20655286128, [3403412, 13613608, 871270432, 309352, 108910624, 850868]] [1670117420, [275142, 1100550, 70434864, 39302, 8804400, 68790]] [1164593804526.0, [191798295.0, 767192703, 49100323923, 42720639, 6138057555, 47954907]] [37463422198, [6175251, 24700987, 1580863168, 2051963, 195940032, 1535135]]
Model_cost: [27301055340.0, [14436.5, 20433953, 1288904952, 2125761, 49400505, 386978]] [5483705694.0, [31263.0, 2556015, 163578660, 164463, 77870628, 608475]] [302032416.0, [32.0, 104020, 6247200, 13140, 6247200, 52170]] [5049437764.0, [9978.0, 1680616, 106002464, 38704, 103509152, 831389]] [1614376332.0, [2826.0, 1094662, 69427248, 98822, 7767792, 60762]] [419692994790.0, [5691.0, 191805207, 12275433555, 10680855, 6137123727, 47946441]] [1678415769.0, [816.25, 748987, 47652928, 116003, 25506688, 199967]]
Arch_Param: [32, 2048, 4096, 8, 256, 64]
Samsung_cost: [19733674634.0, [3207011.0, 51312193, 820923384, 6444097, 102001848, 797857]] [15405070926.0, [2473071.0, 39567471, 633078564, 4912239, 85328676, 668271]] [1285054020, [208650, 3338290, 53412640, 417330, 6677280, 52170]] [20961595668, [3403412, 54454402, 871270432, 6806914, 108910624, 850868]] [1578874764, [256358, 4101638, 65626160, 512710, 8203312, 64094]] [1181299506030.0, [191798295.0, 3068770335, 49100323923, 383602047, 6138057555, 47954907]] [37073354608, [6021651, 96346348, 1541541568, 12113132, 192138944, 1505439]]
Model_cost: [15057917207.0, [7475.75, 41814593, 668963704, 5323905, 49400505, 386978]] [3928058814.0, [29511.0, 5333103, 85328676, 86895, 77870628, 608475]] [303178796.0, [32.0, 390450, 6247200, 13170, 6247200, 52170]] [5069258856.0, [9978.0, 6635394, 106002464, 38794, 103509152, 831389]] [924092556.0, [1418.0, 2171654, 34746416, 55558, 7768304, 60826]] [297594328854.0, [4077.0, 383626383, 6138012243, 5340891, 6137123727, 47946441]] [1387114663.0, [483.25, 2055020, 32839552, 104468, 25506688, 200159]]
Arch_Param: [32, 2048, 4096, 8, 256, 128]
Samsung_cost: [19614422666.0, [3207011.0, 51312193, 820923384, 1023553, 102001848, 797857]] [15310858830.0, [2473071.0, 39567471, 633078564, 629871, 85328676, 668271]] [1278182980, [208650, 3338290, 53412640, 105010, 6677280, 52170]] [20818651284, [3403412, 54454402, 871270432, 309442, 108910624, 850868]] [1568320396, [256358, 4101638, 65626160, 32966, 8203312, 64094]] [1173800115054.0, [191798295.0, 3068770335, 49100323923, 42720639, 6138057555, 47954907]] [36847146736, [6021651, 96346348, 1541541568, 1830956, 192138944, 1505439]]
Model_cost: [15057917207.0, [7475.75, 41814593, 668963704, 5323905, 49400505, 386978]] [3928058814.0, [29511.0, 5333103, 85328676, 86895, 77870628, 608475]] [303178796.0, [32.0, 390450, 6247200, 13170, 6247200, 52170]] [5069258856.0, [9978.0, 6635394, 106002464, 38794, 103509152, 831389]] [924092556.0, [1418.0, 2171654, 34746416, 55558, 7768304, 60826]] [297594328854.0, [4077.0, 383626383, 6138012243, 5340891, 6137123727, 47946441]] [1387114663.0, [483.25, 2055020, 32839552, 104468, 25506688, 200159]]
Arch_Param: [32, 2048, 4096, 8, 256, 256]
Samsung_cost: [19614422666.0, [3207011.0, 51312193, 820923384, 1023553, 102001848, 797857]] [15310858830.0, [2473071.0, 39567471, 633078564, 629871, 85328676, 668271]] [1278182980, [208650, 3338290, 53412640, 105010, 6677280, 52170]] [20818651284, [3403412, 54454402, 871270432, 309442, 108910624, 850868]] [1568320396, [256358, 4101638, 65626160, 32966, 8203312, 64094]] [1173800115054.0, [191798295.0, 3068770335, 49100323923, 42720639, 6138057555, 47954907]] [36847146736, [6021651, 96346348, 1541541568, 1830956, 192138944, 1505439]]
Model_cost: [14964795607.0, [7475.75, 41814593, 668963704, 1091105, 49400505, 386978]] [3928058814.0, [29511.0, 5333103, 85328676, 86895, 77870628, 608475]] [303178796.0, [32.0, 390450, 6247200, 13170, 6247200, 52170]] [5069258856.0, [9978.0, 6635394, 106002464, 38794, 103509152, 831389]] [923777164.0, [1418.0, 2171654, 34746416, 41222, 7768304, 60826]] [297594328854.0, [4077.0, 383626383, 6138012243, 5340891, 6137123727, 47946441]] [1386761511.0, [483.25, 2055020, 32839552, 88660, 25506688, 199967]]
Arch_Param: [32, 2048, 4096, 8, 512, 64]
Samsung_cost: [19631050648.0, [3207011.0, 25656356, 820923384, 6444068, 102001848, 797857]] [15325936206.0, [2473071.0, 19783791, 633078564, 4912239, 85328676, 668271]] [1278377020, [208650, 1669150, 53412640, 417310, 6677280, 52170]] [20852685564, [3403412, 27227206, 871270432, 6806854, 108910624, 850868]] [1570671500, [256358, 2050822, 65626160, 512710, 8203312, 64094]] [1175161965678.0, [191798295.0, 1534385247, 49100323923, 383602047, 6138057555, 47954907]] [36880659316, [6021651, 48173174, 1541541568, 12113014, 192138944, 1505439]]
Model_cost: [14974288421.0, [7475.75, 20907556, 668963704, 5323876, 49400505, 386978]] [3917392830.0, [29511.0, 2666607, 85328676, 86895, 77870628, 608475]] [302397476, [32, 195230, 6247200, 13150, 6247200, 52170]] [5056027728.0, [9978.0, 3327942, 106002464, 38734, 103509152, 831389]] [919800972.0, [1418.0, 1098758, 34746416, 55558, 7768304, 60826]] [296827077942.0, [4077.0, 191813655, 6138012243, 5340891, 6137123727, 47946441]] [1382657067.0, [483.25, 1027510, 32839552, 88670, 25506688, 200159]]
Arch_Param: [32, 2048, 4096, 8, 512, 128]
Samsung_cost: [19511798680.0, [3207011.0, 25656356, 820923384, 1023524, 102001848, 797857]] [15231724110.0, [2473071.0, 19783791, 633078564, 629871, 85328676, 668271]] [1271505980, [208650, 1669150, 53412640, 104990, 6677280, 52170]] [20709741180, [3403412, 27227206, 871270432, 309382, 108910624, 850868]] [1560117132, [256358, 2050822, 65626160, 32966, 8203312, 64094]] [1167662574702.0, [191798295.0, 1534385247, 49100323923, 42720639, 6138057555, 47954907]] [36654451444, [6021651, 48173174, 1541541568, 1830838, 192138944, 1505439]]
Model_cost: [14974288421.0, [7475.75, 20907556, 668963704, 5323876, 49400505, 386978]] [3917392830.0, [29511.0, 2666607, 85328676, 86895, 77870628, 608475]] [302397476, [32, 195230, 6247200, 13150, 6247200, 52170]] [5056027728.0, [9978.0, 3327942, 106002464, 38734, 103509152, 831389]] [919800972.0, [1418.0, 1098758, 34746416, 55558, 7768304, 60826]] [296827077942.0, [4077.0, 191813655, 6138012243, 5340891, 6137123727, 47946441]] [1382657067.0, [483.25, 1027510, 32839552, 88670, 25506688, 200159]]
Arch_Param: [32, 2048, 4096, 8, 512, 256]
Samsung_cost: [19511798680.0, [3207011.0, 25656356, 820923384, 1023524, 102001848, 797857]] [15231724110.0, [2473071.0, 19783791, 633078564, 629871, 85328676, 668271]] [1271505980, [208650, 1669150, 53412640, 104990, 6677280, 52170]] [20709741180, [3403412, 27227206, 871270432, 309382, 108910624, 850868]] [1560117132, [256358, 2050822, 65626160, 32966, 8203312, 64094]] [1167662574702.0, [191798295.0, 1534385247, 49100323923, 42720639, 6138057555, 47954907]] [36654451444, [6021651, 48173174, 1541541568, 1830838, 192138944, 1505439]]
Model_cost: [14881166821.0, [7475.75, 20907556, 668963704, 1091076, 49400505, 386978]] [3917392830.0, [29511.0, 2666607, 85328676, 86895, 77870628, 608475]] [302397476, [32, 195230, 6247200, 13150, 6247200, 52170]] [5056027728.0, [9978.0, 3327942, 106002464, 38734, 103509152, 831389]] [919485580.0, [1418.0, 1098758, 34746416, 41222, 7768304, 60826]] [296827077942.0, [4077.0, 191813655, 6138012243, 5340891, 6137123727, 47946441]] [1382303915.0, [483.25, 1027510, 32839552, 72862, 25506688, 199967]]
Arch_Param: [32, 2048, 4096, 8, 512, 512]
Samsung_cost: [19511798680.0, [3207011.0, 25656356, 820923384, 1023524, 102001848, 797857]] [15231724110.0, [2473071.0, 19783791, 633078564, 629871, 85328676, 668271]] [1271505980, [208650, 1669150, 53412640, 104990, 6677280, 52170]] [20709741180, [3403412, 27227206, 871270432, 309382, 108910624, 850868]] [1560117132, [256358, 2050822, 65626160, 32966, 8203312, 64094]] [1167662574702.0, [191798295.0, 1534385247, 49100323923, 42720639, 6138057555, 47954907]] [36654451444, [6021651, 48173174, 1541541568, 1830838, 192138944, 1505439]]
Model_cost: [14881166821.0, [7475.75, 20907556, 668963704, 1091076, 49400505, 386978]] [3917392830.0, [29511.0, 2666607, 85328676, 86895, 77870628, 608475]] [302397476, [32, 195230, 6247200, 13150, 6247200, 52170]] [5056027728.0, [9978.0, 3327942, 106002464, 38734, 103509152, 831389]] [919130452.0, [1416.0, 1090566, 34713648, 24838, 7792880, 61018]] [296827077942.0, [4077.0, 191813655, 6138012243, 5340891, 6137123727, 47946441]] [1382303915.0, [483.25, 1027510, 32839552, 72862, 25506688, 199967]]
Arch_Param: [32, 2048, 4096, 8, 1024, 64]
Samsung_cost: [19579764554.0, [3207011.0, 12834849, 820923384, 6444065, 102001848, 797857]] [15286368846.0, [2473071.0, 9891951, 633078564, 4912239, 85328676, 668271]] [1275038520, [208650, 834580, 53412640, 417300, 6677280, 52170]] [20798230512, [3403412, 13613608, 871270432, 6806824, 108910624, 850868]] [1566569868, [256358, 1025414, 65626160, 512710, 8203312, 64094]] [1172093195502.0, [191798295.0, 767192703, 49100323923, 383602047, 6138057555, 47954907]] [36784311670, [6021651, 24086587, 1541541568, 12112955, 192138944, 1505439]]
Model_cost: [14933059031.0, [7475.75, 10600225, 668963704, 5323873, 49400505, 386978]] [3912059838.0, [29511.0, 1333359, 85328676, 86895, 77870628, 608475]] [302032416.0, [32.0, 104020, 6247200, 13140, 6247200, 52170]] [5049437764.0, [9978.0, 1680616, 106002464, 38704, 103509152, 831389]] [917103956.0, [1416.0, 547334, 34713648, 63750, 7767792, 60762]] [296443452486.0, [4077.0, 95907291, 6138012243, 5340891, 6137123727, 47946441]] [1380498989.0, [483.25, 522811, 32839552, 82339, 25506688, 200159]]
Arch_Param: [32, 2048, 4096, 8, 1024, 128]
Samsung_cost: [19460512586.0, [3207011.0, 12834849, 820923384, 1023521, 102001848, 797857]] [15192156750.0, [2473071.0, 9891951, 633078564, 629871, 85328676, 668271]] [1268167480, [208650, 834580, 53412640, 104980, 6677280, 52170]] [20655286128, [3403412, 13613608, 871270432, 309352, 108910624, 850868]] [1556015500, [256358, 1025414, 65626160, 32966, 8203312, 64094]] [1164593804526.0, [191798295.0, 767192703, 49100323923, 42720639, 6138057555, 47954907]] [36558103798, [6021651, 24086587, 1541541568, 1830779, 192138944, 1505439]]
Model_cost: [14933059031.0, [7475.75, 10600225, 668963704, 5323873, 49400505, 386978]] [3912059838.0, [29511.0, 1333359, 85328676, 86895, 77870628, 608475]] [302032416.0, [32.0, 104020, 6247200, 13140, 6247200, 52170]] [5049437764.0, [9978.0, 1680616, 106002464, 38704, 103509152, 831389]] [917103956.0, [1416.0, 547334, 34713648, 63750, 7767792, 60762]] [296443452486.0, [4077.0, 95907291, 6138012243, 5340891, 6137123727, 47946441]] [1380498989.0, [483.25, 522811, 32839552, 82339, 25506688, 200159]]
Arch_Param: [32, 2048, 4096, 8, 1024, 256]
Samsung_cost: [19460512586.0, [3207011.0, 12834849, 820923384, 1023521, 102001848, 797857]] [15192156750.0, [2473071.0, 9891951, 633078564, 629871, 85328676, 668271]] [1268167480, [208650, 834580, 53412640, 104980, 6677280, 52170]] [20655286128, [3403412, 13613608, 871270432, 309352, 108910624, 850868]] [1556015500, [256358, 1025414, 65626160, 32966, 8203312, 64094]] [1164593804526.0, [191798295.0, 767192703, 49100323923, 42720639, 6138057555, 47954907]] [36558103798, [6021651, 24086587, 1541541568, 1830779, 192138944, 1505439]]
Model_cost: [14839937431.0, [7475.75, 10600225, 668963704, 1091073, 49400505, 386978]] [3912059838.0, [29511.0, 1333359, 85328676, 86895, 77870628, 608475]] [302032416.0, [32.0, 104020, 6247200, 13140, 6247200, 52170]] [5049437764.0, [9978.0, 1680616, 106002464, 38704, 103509152, 831389]] [916788564.0, [1416.0, 547334, 34713648, 49414, 7767792, 60762]] [296443452486.0, [4077.0, 95907291, 6138012243, 5340891, 6137123727, 47946441]] [1380115885.0, [483.25, 515323, 32839552, 66531, 25506688, 199967]]
Arch_Param: [32, 2048, 4096, 8, 1024, 512]
Samsung_cost: [19460512586.0, [3207011.0, 12834849, 820923384, 1023521, 102001848, 797857]] [15192156750.0, [2473071.0, 9891951, 633078564, 629871, 85328676, 668271]] [1268167480, [208650, 834580, 53412640, 104980, 6677280, 52170]] [20655286128, [3403412, 13613608, 871270432, 309352, 108910624, 850868]] [1556015500, [256358, 1025414, 65626160, 32966, 8203312, 64094]] [1164593804526.0, [191798295.0, 767192703, 49100323923, 42720639, 6138057555, 47954907]] [36558103798, [6021651, 24086587, 1541541568, 1830779, 192138944, 1505439]]
Model_cost: [14839937431.0, [7475.75, 10600225, 668963704, 1091073, 49400505, 386978]] [3912059838.0, [29511.0, 1333359, 85328676, 86895, 77870628, 608475]] [302032416.0, [32.0, 104020, 6247200, 13140, 6247200, 52170]] [5049437764.0, [9978.0, 1680616, 106002464, 38704, 103509152, 831389]] [916788564.0, [1416.0, 547334, 34713648, 49414, 7767792, 60762]] [296443452486.0, [4077.0, 95907291, 6138012243, 5340891, 6137123727, 47946441]] [1380115885.0, [483.25, 515323, 32839552, 66531, 25506688, 199967]]
Arch_Param: [32, 2048, 4096, 16, 256, 64]
Samsung_cost: [9915801482.0, [1610339.0, 25765441, 412206072, 3236929, 51465400, 403041]] [15405070926.0, [2473071.0, 39567471, 633078564, 4912239, 85328676, 668271]] [1285054020, [208650, 3338290, 53412640, 417330, 6677280, 52170]] [20961595668, [3403412, 54454402, 871270432, 6806914, 108910624, 850868]] [1521029436, [246966, 3951366, 63221808, 493926, 7902768, 61746]] [1181299506030.0, [191798295.0, 3068770335, 49100323923, 383602047, 6138057555, 47954907]] [36615296880, [5944851, 95117548, 1521880768, 11924716, 190238400, 1490591]]
Model_cost: [8729272272.777779, [4003.527777777778, 22447809, 359126200, 2854337, 49400505, 386978]] [3928058814.0, [29511.0, 5333103, 85328676, 86895, 77870628, 608475]] [303178796.0, [32.0, 390450, 6247200, 13170, 6247200, 52170]] [5069258856.0, [9978.0, 6635394, 106002464, 38794, 103509152, 831389]] [571654740.0, [712.0, 1085830, 17373232, 27782, 7768304, 60826]] [297594328854.0, [4077.0, 383626383, 6138012243, 5340891, 6137123727, 47946441]] [1298725133.0, [349.75, 1783660, 28517760, 65172, 25506688, 200159]]
Arch_Param: [32, 2048, 4096, 16, 256, 128]
Samsung_cost: [9856017802.0, [1610339.0, 25765441, 412206072, 519489, 51465400, 403041]] [15310858830.0, [2473071.0, 39567471, 633078564, 629871, 85328676, 668271]] [1278182980, [208650, 3338290, 53412640, 105010, 6677280, 52170]] [20818651284, [3403412, 54454402, 871270432, 309442, 108910624, 850868]] [1510818620, [246966, 3951366, 63221808, 29798, 7902768, 61746]] [1173800115054.0, [191798295.0, 3068770335, 49100323923, 42720639, 6138057555, 47954907]] [36390801136, [5944851, 95117548, 1521880768, 1720364, 190238400, 1490591]]
Model_cost: [8679129872.777779, [4003.527777777778, 22447809, 359126200, 575137, 49400505, 386978]] [3928058814.0, [29511.0, 5333103, 85328676, 86895, 77870628, 608475]] [303178796.0, [32.0, 390450, 6247200, 13170, 6247200, 52170]] [5069258856.0, [9978.0, 6635394, 106002464, 38794, 103509152, 831389]] [571497044.0, [712.0, 1085830, 17373232, 20614, 7768304, 60826]] [297594328854.0, [4077.0, 383626383, 6138012243, 5340891, 6137123727, 47946441]] [1298532325.0, [343.75, 1783660, 28517760, 56660, 25506688, 199967]]
Arch_Param: [32, 2048, 4096, 16, 256, 256]
Samsung_cost: [9856017802.0, [1610339.0, 25765441, 412206072, 519489, 51465400, 403041]] [15310858830.0, [2473071.0, 39567471, 633078564, 629871, 85328676, 668271]] [1278182980, [208650, 3338290, 53412640, 105010, 6677280, 52170]] [20818651284, [3403412, 54454402, 871270432, 309442, 108910624, 850868]] [1510818620, [246966, 3951366, 63221808, 29798, 7902768, 61746]] [1173800115054.0, [191798295.0, 3068770335, 49100323923, 42720639, 6138057555, 47954907]] [36390801136, [5944851, 95117548, 1521880768, 1720364, 190238400, 1490591]]
Model_cost: [8679129872.777779, [4003.527777777778, 22447809, 359126200, 575137, 49400505, 386978]] [3928058814.0, [29511.0, 5333103, 85328676, 86895, 77870628, 608475]] [303178796.0, [32.0, 390450, 6247200, 13170, 6247200, 52170]] [5069258856.0, [9978.0, 6635394, 106002464, 38794, 103509152, 831389]] [571497044.0, [712.0, 1085830, 17373232, 20614, 7768304, 60826]] [297594328854.0, [4077.0, 383626383, 6138012243, 5340891, 6137123727, 47946441]] [1298532325.0, [343.75, 1783660, 28517760, 56660, 25506688, 199967]]
Arch_Param: [32, 2048, 4096, 16, 512, 64]
Samsung_cost: [9864271000.0, [1610339.0, 12882980, 412206072, 3236900, 51465400, 403041]] [15325936206.0, [2473071.0, 19783791, 633078564, 4912239, 85328676, 668271]] [1278377020, [208650, 1669150, 53412640, 417310, 6677280, 52170]] [20852685564, [3403412, 27227206, 871270432, 6806854, 108910624, 850868]] [1513126716, [246966, 1975686, 63221808, 493926, 7902768, 61746]] [1175161965678.0, [191798295.0, 1534385247, 49100323923, 383602047, 6138057555, 47954907]] [36425059188, [5944851, 47558774, 1521880768, 11924598, 190238400, 1490591]]
Model_cost: [8684377054.777779, [4003.527777777778, 11224164, 359126200, 2854308, 49400505, 386978]] [3917392830.0, [29511.0, 2666607, 85328676, 86895, 77870628, 608475]] [302397476, [32, 195230, 6247200, 13150, 6247200, 52170]] [5056027728.0, [9978.0, 3327942, 106002464, 38734, 103509152, 831389]] [569508948.0, [712.0, 549382, 17373232, 27782, 7768304, 60826]] [296827077942.0, [4077.0, 191813655, 6138012243, 5340891, 6137123727, 47946441]] [1294979217.0, [349.75, 891830, 28517760, 57054, 25506688, 200159]]
Arch_Param: [32, 2048, 4096, 16, 512, 128]
Samsung_cost: [9804487320.0, [1610339.0, 12882980, 412206072, 519460, 51465400, 403041]] [15231724110.0, [2473071.0, 19783791, 633078564, 629871, 85328676, 668271]] [1271505980, [208650, 1669150, 53412640, 104990, 6677280, 52170]] [20709741180, [3403412, 27227206, 871270432, 309382, 108910624, 850868]] [1502915900, [246966, 1975686, 63221808, 29798, 7902768, 61746]] [1167662574702.0, [191798295.0, 1534385247, 49100323923, 42720639, 6138057555, 47954907]] [36200563444, [5944851, 47558774, 1521880768, 1720246, 190238400, 1490591]]
Model_cost: [8634234654.777779, [4003.527777777778, 11224164, 359126200, 575108, 49400505, 386978]] [3917392830.0, [29511.0, 2666607, 85328676, 86895, 77870628, 608475]] [302397476, [32, 195230, 6247200, 13150, 6247200, 52170]] [5056027728.0, [9978.0, 3327942, 106002464, 38734, 103509152, 831389]] [569351252.0, [712.0, 549382, 17373232, 20614, 7768304, 60826]] [296827077942.0, [4077.0, 191813655, 6138012243, 5340891, 6137123727, 47946441]] [1294786409.0, [343.75, 891830, 28517760, 48542, 25506688, 199967]]
Arch_Param: [32, 2048, 4096, 16, 512, 256]
Samsung_cost: [9804487320.0, [1610339.0, 12882980, 412206072, 519460, 51465400, 403041]] [15231724110.0, [2473071.0, 19783791, 633078564, 629871, 85328676, 668271]] [1271505980, [208650, 1669150, 53412640, 104990, 6677280, 52170]] [20709741180, [3403412, 27227206, 871270432, 309382, 108910624, 850868]] [1502915900, [246966, 1975686, 63221808, 29798, 7902768, 61746]] [1167662574702.0, [191798295.0, 1534385247, 49100323923, 42720639, 6138057555, 47954907]] [36200563444, [5944851, 47558774, 1521880768, 1720246, 190238400, 1490591]]
Model_cost: [8634234654.777779, [4003.527777777778, 11224164, 359126200, 575108, 49400505, 386978]] [3917392830.0, [29511.0, 2666607, 85328676, 86895, 77870628, 608475]] [302397476, [32, 195230, 6247200, 13150, 6247200, 52170]] [5056027728.0, [9978.0, 3327942, 106002464, 38734, 103509152, 831389]] [569351252.0, [712.0, 549382, 17373232, 20614, 7768304, 60826]] [296827077942.0, [4077.0, 191813655, 6138012243, 5340891, 6137123727, 47946441]] [1294786409.0, [343.75, 891830, 28517760, 48542, 25506688, 199967]]
Arch_Param: [32, 2048, 4096, 16, 512, 512]
Samsung_cost: [9804487320.0, [1610339.0, 12882980, 412206072, 519460, 51465400, 403041]] [15231724110.0, [2473071.0, 19783791, 633078564, 629871, 85328676, 668271]] [1271505980, [208650, 1669150, 53412640, 104990, 6677280, 52170]] [20709741180, [3403412, 27227206, 871270432, 309382, 108910624, 850868]] [1502915900, [246966, 1975686, 63221808, 29798, 7902768, 61746]] [1167662574702.0, [191798295.0, 1534385247, 49100323923, 42720639, 6138057555, 47954907]] [36200563444, [5944851, 47558774, 1521880768, 1720246, 190238400, 1490591]]
Model_cost: [8633560226.777779, [3994.527777777778, 11224164, 359126200, 544708, 49400505, 386786]] [3917392830.0, [29511.0, 2666607, 85328676, 86895, 77870628, 608475]] [302397476, [32, 195230, 6247200, 13150, 6247200, 52170]] [5056027728.0, [9978.0, 3327942, 106002464, 38734, 103509152, 831389]] [568748156.0, [711.0, 543942, 17356848, 9830, 7767792, 60753]] [296827077942.0, [4077.0, 191813655, 6138012243, 5340891, 6137123727, 47946441]] [1294645609.0, [343.75, 891830, 28517760, 42142, 25506688, 199967]]
Arch_Param: [32, 2048, 4096, 16, 1024, 64]
Samsung_cost: [9838519370.0, [1610339.0, 6445089, 412206072, 3236897, 51465400, 403041]] [15286368846.0, [2473071.0, 9891951, 633078564, 4912239, 85328676, 668271]] [1275038520, [208650, 834580, 53412640, 417300, 6677280, 52170]] [20798230512, [3403412, 13613608, 871270432, 6806824, 108910624, 850868]] [1509175356, [246966, 987846, 63221808, 493926, 7902768, 61746]] [1172093195502.0, [191798295.0, 767192703, 49100323923, 383602047, 6138057555, 47954907]] [36329940342, [5944851, 23779387, 1521880768, 11924539, 190238400, 1490591]]
Model_cost: [8662223248.777779, [4003.527777777778, 5685729, 359126200, 2854305, 49400505, 386978]] [3912059838.0, [29511.0, 1333359, 85328676, 86895, 77870628, 608475]] [302032416.0, [32.0, 104020, 6247200, 13140, 6247200, 52170]] [5049437764.0, [9978.0, 1680616, 106002464, 38704, 103509152, 831389]] [568152376.0, [711.0, 273670, 17356848, 31878, 7767792, 60762]] [296443452486.0, [4077.0, 95907291, 6138012243, 5340891, 6137123727, 47946441]] [1293143187.0, [349.75, 450747, 28517760, 53795, 25506688, 200159]]
Arch_Param: [32, 2048, 4096, 16, 1024, 128]
Samsung_cost: [9778735690.0, [1610339.0, 6445089, 412206072, 519457, 51465400, 403041]] [15192156750.0, [2473071.0, 9891951, 633078564, 629871, 85328676, 668271]] [1268167480, [208650, 834580, 53412640, 104980, 6677280, 52170]] [20655286128, [3403412, 13613608, 871270432, 309352, 108910624, 850868]] [1498964540, [246966, 987846, 63221808, 29798, 7902768, 61746]] [1164593804526.0, [191798295.0, 767192703, 49100323923, 42720639, 6138057555, 47954907]] [36105444598, [5944851, 23779387, 1521880768, 1720187, 190238400, 1490591]]
Model_cost: [8612080848.777779, [4003.527777777778, 5685729, 359126200, 575105, 49400505, 386978]] [3912059838.0, [29511.0, 1333359, 85328676, 86895, 77870628, 608475]] [302032416.0, [32.0, 104020, 6247200, 13140, 6247200, 52170]] [5049437764.0, [9978.0, 1680616, 106002464, 38704, 103509152, 831389]] [567994680.0, [711.0, 273670, 17356848, 24710, 7767792, 60762]] [296443452486.0, [4077.0, 95907291, 6138012243, 5340891, 6137123727, 47946441]] [1292934251.0, [343.75, 446715, 28517760, 45283, 25506688, 199967]]
Arch_Param: [32, 2048, 4096, 16, 1024, 256]
Samsung_cost: [9778735690.0, [1610339.0, 6445089, 412206072, 519457, 51465400, 403041]] [15192156750.0, [2473071.0, 9891951, 633078564, 629871, 85328676, 668271]] [1268167480, [208650, 834580, 53412640, 104980, 6677280, 52170]] [20655286128, [3403412, 13613608, 871270432, 309352, 108910624, 850868]] [1498964540, [246966, 987846, 63221808, 29798, 7902768, 61746]] [1164593804526.0, [191798295.0, 767192703, 49100323923, 42720639, 6138057555, 47954907]] [36105444598, [5944851, 23779387, 1521880768, 1720187, 190238400, 1490591]]
Model_cost: [8612080848.777779, [4003.527777777778, 5685729, 359126200, 575105, 49400505, 386978]] [3912059838.0, [29511.0, 1333359, 85328676, 86895, 77870628, 608475]] [302032416.0, [32.0, 104020, 6247200, 13140, 6247200, 52170]] [5049437764.0, [9978.0, 1680616, 106002464, 38704, 103509152, 831389]] [567994680.0, [711.0, 273670, 17356848, 24710, 7767792, 60762]] [296443452486.0, [4077.0, 95907291, 6138012243, 5340891, 6137123727, 47946441]] [1292934251.0, [343.75, 446715, 28517760, 45283, 25506688, 199967]]
Arch_Param: [32, 2048, 4096, 16, 1024, 512]
Samsung_cost: [9778735690.0, [1610339.0, 6445089, 412206072, 519457, 51465400, 403041]] [15192156750.0, [2473071.0, 9891951, 633078564, 629871, 85328676, 668271]] [1268167480, [208650, 834580, 53412640, 104980, 6677280, 52170]] [20655286128, [3403412, 13613608, 871270432, 309352, 108910624, 850868]] [1498964540, [246966, 987846, 63221808, 29798, 7902768, 61746]] [1164593804526.0, [191798295.0, 767192703, 49100323923, 42720639, 6138057555, 47954907]] [36105444598, [5944851, 23779387, 1521880768, 1720187, 190238400, 1490591]]
Model_cost: [8611348820.777779, [3994.527777777778, 5671329, 359126200, 544705, 49400505, 386786]] [3912059838.0, [29511.0, 1333359, 85328676, 86895, 77870628, 608475]] [302032416.0, [32.0, 104020, 6247200, 13140, 6247200, 52170]] [5049437764.0, [9978.0, 1680616, 106002464, 38704, 103509152, 831389]] [567664380.0, [711.0, 272998, 17356848, 9830, 7767792, 60753]] [296443452486.0, [4077.0, 95907291, 6138012243, 5340891, 6137123727, 47946441]] [1292863851.0, [343.75, 446715, 28517760, 42083, 25506688, 199967]]
Arch_Param: [32, 2048, 4096, 32, 256, 64]
Samsung_cost: [9669870986.0, [1569507.0, 25112129, 401768440, 3146817, 50351288, 394337]] [15405070926.0, [2473071.0, 39567471, 633078564, 4912239, 85328676, 668271]] [1285054020, [208650, 3338290, 53412640, 417330, 6677280, 52170]] [20961595668, [3403412, 54454402, 871270432, 6806914, 108910624, 850868]] [1504720404, [244318, 3908998, 62543920, 488630, 7818032, 61084]] [1181299506030.0, [191798295.0, 3068770335, 49100323923, 383602047, 6138057555, 47954907]] [36564842352, [5936659, 94986476, 1519783616, 11908332, 189976256, 1488543]]
Model_cost: [5537447403.444445, [2258.1944444444443, 12767937, 204263608, 317761, 49400505, 386978]] [3928058814.0, [29511.0, 5333103, 85328676, 86895, 77870628, 608475]] [303178796.0, [32.0, 390450, 6247200, 13170, 6247200, 52170]] [5069258856.0, [9978.0, 6635394, 106002464, 38794, 103509152, 831389]] [395356984.0, [359.0, 542918, 8686640, 10310, 7768304, 60826]] [297594328854.0, [4077.0, 383626383, 6138012243, 5340891, 6137123727, 47946441]] [1254417732.0, [274.0, 1647980, 26356864, 40660, 25506688, 199967]]
Arch_Param: [32, 2048, 4096, 32, 256, 128]
Samsung_cost: [9611258762.0, [1569507.0, 25112129, 401768440, 482625, 50351288, 394337]] [15310858830.0, [2473071.0, 39567471, 633078564, 629871, 85328676, 668271]] [1278182980, [208650, 3338290, 53412640, 105010, 6677280, 52170]] [20818651284, [3403412, 54454402, 871270432, 309442, 108910624, 850868]] [1494602516, [244318, 3908998, 62543920, 28726, 7818032, 61084]] [1173800115054.0, [191798295.0, 3068770335, 49100323923, 42720639, 6138057555, 47954907]] [36340526832, [5936659, 94986476, 1519783616, 1712172, 189976256, 1488543]]
Model_cost: [5537447403.444445, [2258.1944444444443, 12767937, 204263608, 317761, 49400505, 386978]] [3928058814.0, [29511.0, 5333103, 85328676, 86895, 77870628, 608475]] [303178796.0, [32.0, 390450, 6247200, 13170, 6247200, 52170]] [5069258856.0, [9978.0, 6635394, 106002464, 38794, 103509152, 831389]] [395356984.0, [359.0, 542918, 8686640, 10310, 7768304, 60826]] [297594328854.0, [4077.0, 383626383, 6138012243, 5340891, 6137123727, 47946441]] [1254417732.0, [274.0, 1647980, 26356864, 40660, 25506688, 199967]]
Arch_Param: [32, 2048, 4096, 32, 256, 256]
Samsung_cost: [9611258762.0, [1569507.0, 25112129, 401768440, 482625, 50351288, 394337]] [15310858830.0, [2473071.0, 39567471, 633078564, 629871, 85328676, 668271]] [1278182980, [208650, 3338290, 53412640, 105010, 6677280, 52170]] [20818651284, [3403412, 54454402, 871270432, 309442, 108910624, 850868]] [1494602516, [244318, 3908998, 62543920, 28726, 7818032, 61084]] [1173800115054.0, [191798295.0, 3068770335, 49100323923, 42720639, 6138057555, 47954907]] [36340526832, [5936659, 94986476, 1519783616, 1712172, 189976256, 1488543]]
Model_cost: [5537094251.444445, [2258.1944444444443, 12767937, 204263608, 301953, 49400505, 386786]] [3928058814.0, [29511.0, 5333103, 85328676, 86895, 77870628, 608475]] [303178796.0, [32.0, 390450, 6247200, 13170, 6247200, 52170]] [5069258856.0, [9978.0, 6635394, 106002464, 38794, 103509152, 831389]] [395058140.0, [359.0, 542918, 8678448, 4918, 7767792, 60753]] [297594328854.0, [4077.0, 383626383, 6138012243, 5340891, 6137123727, 47946441]] [1254252996.0, [274.0, 1647980, 26356864, 33172, 25506688, 199967]]
Arch_Param: [32, 2048, 4096, 32, 512, 64]
Samsung_cost: [9619647128.0, [1569507.0, 12556324, 401768440, 3146788, 50351288, 394337]] [15325936206.0, [2473071.0, 19783791, 633078564, 4912239, 85328676, 668271]] [1278377020, [208650, 1669150, 53412640, 417310, 6677280, 52170]] [20852685564, [3403412, 27227206, 871270432, 6806854, 108910624, 850868]] [1496902420, [244318, 1954502, 62543920, 488630, 7818032, 61084]] [1175161965678.0, [191798295.0, 1534385247, 49100323923, 383602047, 6138057555, 47954907]] [36374866804, [5936659, 47493238, 1519783616, 11908214, 189976256, 1488543]]
Model_cost: [5511911929.444445, [2258.1944444444443, 6384228, 204263608, 317732, 49400505, 386978]] [3917392830.0, [29511.0, 2666607, 85328676, 86895, 77870628, 608475]] [302397476, [32, 195230, 6247200, 13150, 6247200, 52170]] [5056027728.0, [9978.0, 3327942, 106002464, 38734, 103509152, 831389]] [394276152.0, [359.0, 272646, 8678448, 18502, 7767792, 60762]] [296827077942.0, [4077.0, 191813655, 6138012243, 5340891, 6137123727, 47946441]] [1251027656.0, [274.0, 823990, 26356864, 36382, 25506688, 199967]]
Arch_Param: [32, 2048, 4096, 32, 512, 128]
Samsung_cost: [9561034904.0, [1569507.0, 12556324, 401768440, 482596, 50351288, 394337]] [15231724110.0, [2473071.0, 19783791, 633078564, 629871, 85328676, 668271]] [1271505980, [208650, 1669150, 53412640, 104990, 6677280, 52170]] [20709741180, [3403412, 27227206, 871270432, 309382, 108910624, 850868]] [1486784532, [244318, 1954502, 62543920, 28726, 7818032, 61084]] [1167662574702.0, [191798295.0, 1534385247, 49100323923, 42720639, 6138057555, 47954907]] [36150551284, [5936659, 47493238, 1519783616, 1712054, 189976256, 1488543]]
Model_cost: [5511911929.444445, [2258.1944444444443, 6384228, 204263608, 317732, 49400505, 386978]] [3917392830.0, [29511.0, 2666607, 85328676, 86895, 77870628, 608475]] [302397476, [32, 195230, 6247200, 13150, 6247200, 52170]] [5056027728.0, [9978.0, 3327942, 106002464, 38734, 103509152, 831389]] [394276152.0, [359.0, 272646, 8678448, 18502, 7767792, 60762]] [296827077942.0, [4077.0, 191813655, 6138012243, 5340891, 6137123727, 47946441]] [1251027656.0, [274.0, 823990, 26356864, 36382, 25506688, 199967]]
Arch_Param: [32, 2048, 4096, 32, 512, 256]
Samsung_cost: [9561034904.0, [1569507.0, 12556324, 401768440, 482596, 50351288, 394337]] [15231724110.0, [2473071.0, 19783791, 633078564, 629871, 85328676, 668271]] [1271505980, [208650, 1669150, 53412640, 104990, 6677280, 52170]] [20709741180, [3403412, 27227206, 871270432, 309382, 108910624, 850868]] [1486784532, [244318, 1954502, 62543920, 28726, 7818032, 61084]] [1167662574702.0, [191798295.0, 1534385247, 49100323923, 42720639, 6138057555, 47954907]] [36150551284, [5936659, 47493238, 1519783616, 1712054, 189976256, 1488543]]
Model_cost: [5511558777.444445, [2258.1944444444443, 6384228, 204263608, 301924, 49400505, 386786]] [3917392830.0, [29511.0, 2666607, 85328676, 86895, 77870628, 608475]] [302397476, [32, 195230, 6247200, 13150, 6247200, 52170]] [5056027728.0, [9978.0, 3327942, 106002464, 38734, 103509152, 831389]] [393974364.0, [359.0, 271974, 8678448, 4918, 7767792, 60753]] [296827077942.0, [4077.0, 191813655, 6138012243, 5340891, 6137123727, 47946441]] [1250954440.0, [274.0, 823990, 26356864, 33054, 25506688, 199967]]
Arch_Param: [32, 2048, 4096, 32, 512, 512]
Samsung_cost: [9561034904.0, [1569507.0, 12556324, 401768440, 482596, 50351288, 394337]] [15231724110.0, [2473071.0, 19783791, 633078564, 629871, 85328676, 668271]] [1271505980, [208650, 1669150, 53412640, 104990, 6677280, 52170]] [20709741180, [3403412, 27227206, 871270432, 309382, 108910624, 850868]] [1486784532, [244318, 1954502, 62543920, 28726, 7818032, 61084]] [1167662574702.0, [191798295.0, 1534385247, 49100323923, 42720639, 6138057555, 47954907]] [36150551284, [5936659, 47493238, 1519783616, 1712054, 189976256, 1488543]]
Model_cost: [5511558777.444445, [2258.1944444444443, 6384228, 204263608, 301924, 49400505, 386786]] [3917392830.0, [29511.0, 2666607, 85328676, 86895, 77870628, 608475]] [302397476, [32, 195230, 6247200, 13150, 6247200, 52170]] [5056027728.0, [9978.0, 3327942, 106002464, 38734, 103509152, 831389]] [393974364.0, [359.0, 271974, 8678448, 4918, 7767792, 60753]] [296827077942.0, [4077.0, 191813655, 6138012243, 5340891, 6137123727, 47946441]] [1250954440.0, [274.0, 823990, 26356864, 33054, 25506688, 199967]]
Arch_Param: [32, 2048, 4096, 32, 1024, 64]
Samsung_cost: [9594542666.0, [1569507.0, 6280225, 401768440, 3146785, 50351288, 394337]] [15286368846.0, [2473071.0, 9891951, 633078564, 4912239, 85328676, 668271]] [1275038520, [208650, 834580, 53412640, 417300, 6677280, 52170]] [20798230512, [3403412, 13613608, 871270432, 6806824, 108910624, 850868]] [1492993428, [244318, 977254, 62543920, 488630, 7818032, 61084]] [1172093195502.0, [191798295.0, 767192703, 49100323923, 383602047, 6138057555, 47954907]] [36279879030, [5936659, 23746619, 1519783616, 11908155, 189976256, 1488543]]
Model_cost: [5499293611.444445, [2258.1944444444443, 3229665, 204263608, 317729, 49400505, 386978]] [3912059838.0, [29511.0, 1333359, 85328676, 86895, 77870628, 608475]] [302032416.0, [32.0, 104020, 6247200, 13140, 6247200, 52170]] [5049437764.0, [9978.0, 1680616, 106002464, 38704, 103509152, 831389]] [393597752.0, [359.0, 136838, 8678448, 12358, 7767792, 60762]] [296443452486.0, [4077.0, 95907291, 6138012243, 5340891, 6137123727, 47946441]] [1249343434.0, [274.0, 412411, 26356864, 34659, 25506688, 199967]]
Arch_Param: [32, 2048, 4096, 32, 1024, 128]
Samsung_cost: [9535930442.0, [1569507.0, 6280225, 401768440, 482593, 50351288, 394337]] [15192156750.0, [2473071.0, 9891951, 633078564, 629871, 85328676, 668271]] [1268167480, [208650, 834580, 53412640, 104980, 6677280, 52170]] [20655286128, [3403412, 13613608, 871270432, 309352, 108910624, 850868]] [1482875540, [244318, 977254, 62543920, 28726, 7818032, 61084]] [1164593804526.0, [191798295.0, 767192703, 49100323923, 42720639, 6138057555, 47954907]] [36055563510, [5936659, 23746619, 1519783616, 1711995, 189976256, 1488543]]
Model_cost: [5499293611.444445, [2258.1944444444443, 3229665, 204263608, 317729, 49400505, 386978]] [3912059838.0, [29511.0, 1333359, 85328676, 86895, 77870628, 608475]] [302032416.0, [32.0, 104020, 6247200, 13140, 6247200, 52170]] [5049437764.0, [9978.0, 1680616, 106002464, 38704, 103509152, 831389]] [393597752.0, [359.0, 136838, 8678448, 12358, 7767792, 60762]] [296443452486.0, [4077.0, 95907291, 6138012243, 5340891, 6137123727, 47946441]] [1249343434.0, [274.0, 412411, 26356864, 34659, 25506688, 199967]]
Arch_Param: [32, 2048, 4096, 32, 1024, 256]
Samsung_cost: [9535930442.0, [1569507.0, 6280225, 401768440, 482593, 50351288, 394337]] [15192156750.0, [2473071.0, 9891951, 633078564, 629871, 85328676, 668271]] [1268167480, [208650, 834580, 53412640, 104980, 6677280, 52170]] [20655286128, [3403412, 13613608, 871270432, 309352, 108910624, 850868]] [1482875540, [244318, 977254, 62543920, 28726, 7818032, 61084]] [1164593804526.0, [191798295.0, 767192703, 49100323923, 42720639, 6138057555, 47954907]] [36055563510, [5936659, 23746619, 1519783616, 1711995, 189976256, 1488543]]
Model_cost: [5498910507.444445, [2258.1944444444443, 3222177, 204263608, 301921, 49400505, 386786]] [3912059838.0, [29511.0, 1333359, 85328676, 86895, 77870628, 608475]] [302032416.0, [32.0, 104020, 6247200, 13140, 6247200, 52170]] [5049437764.0, [9978.0, 1680616, 106002464, 38704, 103509152, 831389]] [393432476.0, [359.0, 136502, 8678448, 4918, 7767792, 60753]] [296443452486.0, [4077.0, 95907291, 6138012243, 5340891, 6137123727, 47946441]] [1249306826.0, [274.0, 412411, 26356864, 32995, 25506688, 199967]]
Arch_Param: [32, 2048, 4096, 32, 1024, 512]
Samsung_cost: [9535930442.0, [1569507.0, 6280225, 401768440, 482593, 50351288, 394337]] [15192156750.0, [2473071.0, 9891951, 633078564, 629871, 85328676, 668271]] [1268167480, [208650, 834580, 53412640, 104980, 6677280, 52170]] [20655286128, [3403412, 13613608, 871270432, 309352, 108910624, 850868]] [1482875540, [244318, 977254, 62543920, 28726, 7818032, 61084]] [1164593804526.0, [191798295.0, 767192703, 49100323923, 42720639, 6138057555, 47954907]] [36055563510, [5936659, 23746619, 1519783616, 1711995, 189976256, 1488543]]
Model_cost: [5498910507.444445, [2258.1944444444443, 3222177, 204263608, 301921, 49400505, 386786]] [3912059838.0, [29511.0, 1333359, 85328676, 86895, 77870628, 608475]] [302032416.0, [32.0, 104020, 6247200, 13140, 6247200, 52170]] [5049437764.0, [9978.0, 1680616, 106002464, 38704, 103509152, 831389]] [393432476.0, [359.0, 136502, 8678448, 4918, 7767792, 60753]] [296443452486.0, [4077.0, 95907291, 6138012243, 5340891, 6137123727, 47946441]] [1249306826.0, [274.0, 412411, 26356864, 32995, 25506688, 199967]]
Arch_Param: [32, 2048, 2048, 4, 256, 64]
Samsung_cost: [39548629954.0, [12800677.0, 102405697, 1638358008, 12858433, 203074744, 1587489]] [15474313806.0, [4946031.0, 39567471, 633078564, 4912239, 85328676, 668271]] [1290895940, [417290, 3338290, 53412640, 417330, 6677280, 52170]] [21056890644, [6806804, 54454402, 871270432, 6806914, 108910624, 850868]] [1702269228, [550278, 4402182, 70434864, 550278, 8804400, 68790]] [1186669853838.0, [383596431.0, 3068770335, 49100323923, 383602047, 6138057555, 47954907]] [38162376896, [12350495, 98803948, 1580863168, 12489964, 195940032, 1535135]]
Model_cost: [27721062398.0, [28828.0, 80564801, 1288904952, 10265793, 49400505, 386978]] [5515248798.0, [62415.0, 10223727, 163578660, 164463, 77870628, 608475]] [303179384, [53, 390450, 6247200, 13170, 6247200, 52170]] [5069537624.0, [19934.0, 6635394, 106002464, 38794, 103509152, 831389]] [1638914524.0, [5654.0, 4343302, 69492784, 559622, 7768304, 60826]] [421994791830.0, [11223.0, 767215743, 12275433555, 10680855, 6137123727, 47946441]] [1690025338.0, [1624.5, 2983404, 47652928, 236180, 25506688, 200159]]
Arch_Param: [32, 2048, 2048, 4, 256, 128]
Samsung_cost: [39310441410.0, [12800677.0, 102405697, 1638358008, 2031681, 203074744, 1587489]] [15380101710.0, [4946031.0, 39567471, 633078564, 629871, 85328676, 668271]] [1284024900, [417290, 3338290, 53412640, 105010, 6677280, 52170]] [20913946260, [6806804, 54454402, 871270432, 309442, 108910624, 850868]] [1691027756, [550278, 4402182, 70434864, 39302, 8804400, 68790]] [1179170462862.0, [383596431.0, 3068770335, 49100323923, 42720639, 6138057555, 47954907]] [37932744768, [12350495, 98803948, 1580863168, 2052140, 195940032, 1535135]]
Model_cost: [27721062398.0, [28828.0, 80564801, 1288904952, 10265793, 49400505, 386978]] [5515248798.0, [62415.0, 10223727, 163578660, 164463, 77870628, 608475]] [303179384, [53, 390450, 6247200, 13170, 6247200, 52170]] [5069537624.0, [19934.0, 6635394, 106002464, 38794, 103509152, 831389]] [1629047260.0, [5654.0, 4343302, 69492784, 111110, 7768304, 60826]] [421994791830.0, [11223.0, 767215743, 12275433555, 10680855, 6137123727, 47946441]] [1689020026.0, [1624.5, 2983404, 47652928, 190484, 25506688, 200159]]
Arch_Param: [32, 2048, 2048, 4, 256, 256]
Samsung_cost: [39310441410.0, [12800677.0, 102405697, 1638358008, 2031681, 203074744, 1587489]] [15380101710.0, [4946031.0, 39567471, 633078564, 629871, 85328676, 668271]] [1284024900, [417290, 3338290, 53412640, 105010, 6677280, 52170]] [20913946260, [6806804, 54454402, 871270432, 309442, 108910624, 850868]] [1691027756, [550278, 4402182, 70434864, 39302, 8804400, 68790]] [1179170462862.0, [383596431.0, 3068770335, 49100323923, 42720639, 6138057555, 47954907]] [37932744768, [12350495, 98803948, 1580863168, 2052140, 195940032, 1535135]]
Model_cost: [27721062398.0, [28828.0, 80564801, 1288904952, 10265793, 49400505, 386978]] [5515248798.0, [62415.0, 10223727, 163578660, 164463, 77870628, 608475]] [303179384, [53, 390450, 6247200, 13170, 6247200, 52170]] [5069537624.0, [19934.0, 6635394, 106002464, 38794, 103509152, 831389]] [1629047260.0, [5654.0, 4343302, 69492784, 111110, 7768304, 60826]] [421994791830.0, [11223.0, 767215743, 12275433555, 10680855, 6137123727, 47946441]] [1689020026.0, [1624.5, 2983404, 47652928, 190484, 25506688, 200159]]
Arch_Param: [32, 2048, 2048, 4, 512, 64]
Samsung_cost: [39343818960.0, [12800677.0, 51203108, 1638358008, 12858404, 203074744, 1587489]] [15395179086.0, [4946031.0, 19783791, 633078564, 4912239, 85328676, 668271]] [1284218940, [417290, 1669150, 53412640, 417310, 6677280, 52170]] [20947980540, [6806804, 27227206, 871270432, 6806854, 108910624, 850868]] [1693464876, [550278, 2201094, 70434864, 550278, 8804400, 68790]] [1180532313486.0, [383596431.0, 1534385247, 49100323923, 383602047, 6138057555, 47954907]] [37964766404, [12350495, 49401974, 1580863168, 12489846, 195940032, 1535135]]
Model_cost: [27559933196.0, [28828.0, 40282660, 1288904952, 10265764, 49400505, 386978]] [5494801566.0, [62415.0, 5111919, 163578660, 164463, 77870628, 608475]] [302398064, [53, 195230, 6247200, 13150, 6247200, 52170]] [5056306496.0, [19934.0, 3327942, 106002464, 38734, 103509152, 831389]] [1630331356.0, [5654.0, 2197510, 69492784, 559622, 7768304, 60826]] [420460363734.0, [11223.0, 383608719, 12275433555, 10680855, 6137123727, 47946441]] [1683366014.0, [1624.5, 1491702, 47652928, 204702, 25506688, 200159]]
Arch_Param: [32, 2048, 2048, 4, 512, 128]
Samsung_cost: [39105630416.0, [12800677.0, 51203108, 1638358008, 2031652, 203074744, 1587489]] [15300966990.0, [4946031.0, 19783791, 633078564, 629871, 85328676, 668271]] [1277347900, [417290, 1669150, 53412640, 104990, 6677280, 52170]] [20805036156, [6806804, 27227206, 871270432, 309382, 108910624, 850868]] [1682223404, [550278, 2201094, 70434864, 39302, 8804400, 68790]] [1173032922510.0, [383596431.0, 1534385247, 49100323923, 42720639, 6138057555, 47954907]] [37735134276, [12350495, 49401974, 1580863168, 2052022, 195940032, 1535135]]
Model_cost: [27559933196.0, [28828.0, 40282660, 1288904952, 10265764, 49400505, 386978]] [5494801566.0, [62415.0, 5111919, 163578660, 164463, 77870628, 608475]] [302398064, [53, 195230, 6247200, 13150, 6247200, 52170]] [5056306496.0, [19934.0, 3327942, 106002464, 38734, 103509152, 831389]] [1620464092.0, [5654.0, 2197510, 69492784, 111110, 7768304, 60826]] [420460363734.0, [11223.0, 383608719, 12275433555, 10680855, 6137123727, 47946441]] [1682360702.0, [1624.5, 1491702, 47652928, 159006, 25506688, 200159]]
Arch_Param: [32, 2048, 2048, 4, 512, 256]
Samsung_cost: [39105630416.0, [12800677.0, 51203108, 1638358008, 2031652, 203074744, 1587489]] [15300966990.0, [4946031.0, 19783791, 633078564, 629871, 85328676, 668271]] [1277347900, [417290, 1669150, 53412640, 104990, 6677280, 52170]] [20805036156, [6806804, 27227206, 871270432, 309382, 108910624, 850868]] [1682223404, [550278, 2201094, 70434864, 39302, 8804400, 68790]] [1173032922510.0, [383596431.0, 1534385247, 49100323923, 42720639, 6138057555, 47954907]] [37735134276, [12350495, 49401974, 1580863168, 2052022, 195940032, 1535135]]
Model_cost: [27559933196.0, [28828.0, 40282660, 1288904952, 10265764, 49400505, 386978]] [5494801566.0, [62415.0, 5111919, 163578660, 164463, 77870628, 608475]] [302398064, [53, 195230, 6247200, 13150, 6247200, 52170]] [5056306496.0, [19934.0, 3327942, 106002464, 38734, 103509152, 831389]] [1620464092.0, [5654.0, 2197510, 69492784, 111110, 7768304, 60826]] [420460363734.0, [11223.0, 383608719, 12275433555, 10680855, 6137123727, 47946441]] [1682360702.0, [1624.5, 1491702, 47652928, 159006, 25506688, 200159]]
Arch_Param: [32, 2048, 2048, 4, 512, 512]
Samsung_cost: [39105630416.0, [12800677.0, 51203108, 1638358008, 2031652, 203074744, 1587489]] [15300966990.0, [4946031.0, 19783791, 633078564, 629871, 85328676, 668271]] [1277347900, [417290, 1669150, 53412640, 104990, 6677280, 52170]] [20805036156, [6806804, 27227206, 871270432, 309382, 108910624, 850868]] [1682223404, [550278, 2201094, 70434864, 39302, 8804400, 68790]] [1173032922510.0, [383596431.0, 1534385247, 49100323923, 42720639, 6138057555, 47954907]] [37735134276, [12350495, 49401974, 1580863168, 2052022, 195940032, 1535135]]
Model_cost: [27380853196.0, [28828.0, 40282660, 1288904952, 2125764, 49400505, 386978]] [5494801566.0, [62415.0, 5111919, 163578660, 164463, 77870628, 608475]] [302398064, [53, 195230, 6247200, 13150, 6247200, 52170]] [5056306496.0, [19934.0, 3327942, 106002464, 38734, 103509152, 831389]] [1619833308.0, [5654.0, 2197510, 69492784, 82438, 7768304, 60826]] [420460363734.0, [11223.0, 383608719, 12275433555, 10680855, 6137123727, 47946441]] [1681686442.0, [1621.5, 1491702, 47652928, 128606, 25506688, 199967]]
Arch_Param: [32, 2048, 2048, 4, 1024, 64]
Samsung_cost: [39241463938.0, [12800677.0, 25614369, 1638358008, 12858401, 203074744, 1587489]] [15355611726.0, [4946031.0, 9891951, 633078564, 4912239, 85328676, 668271]] [1280880440, [417290, 834580, 53412640, 417300, 6677280, 52170]] [20893525488, [6806804, 13613608, 871270432, 6806824, 108910624, 850868]] [1689062700, [550278, 1100550, 70434864, 550278, 8804400, 68790]] [1177463543310.0, [383596431.0, 767192703, 49100323923, 383602047, 6138057555, 47954907]] [37865961158, [12350495, 24700987, 1580863168, 12489787, 195940032, 1535135]]
Model_cost: [27480538302.0, [28828.0, 20433953, 1288904952, 10265761, 49400505, 386978]] [5484577950.0, [62415.0, 2556015, 163578660, 164463, 77870628, 608475]] [302033004, [53, 104020, 6247200, 13140, 6247200, 52170]] [5049716532.0, [19934.0, 1680616, 106002464, 38704, 103509152, 831389]] [1624953340.0, [5646.0, 1094662, 69427248, 576006, 7767792, 60762]] [419693149686.0, [11223.0, 191805207, 12275433555, 10680855, 6137123727, 47946441]] [1680175488.0, [1624.5, 763387, 47652928, 192099, 25506688, 200159]]
Arch_Param: [32, 2048, 2048, 4, 1024, 128]
Samsung_cost: [39003275394.0, [12800677.0, 25614369, 1638358008, 2031649, 203074744, 1587489]] [15261399630.0, [4946031.0, 9891951, 633078564, 629871, 85328676, 668271]] [1274009400, [417290, 834580, 53412640, 104980, 6677280, 52170]] [20750581104, [6806804, 13613608, 871270432, 309352, 108910624, 850868]] [1677821228, [550278, 1100550, 70434864, 39302, 8804400, 68790]] [1169964152334.0, [383596431.0, 767192703, 49100323923, 42720639, 6138057555, 47954907]] [37636329030, [12350495, 24700987, 1580863168, 2051963, 195940032, 1535135]]
Model_cost: [27480538302.0, [28828.0, 20433953, 1288904952, 10265761, 49400505, 386978]] [5484577950.0, [62415.0, 2556015, 163578660, 164463, 77870628, 608475]] [302033004, [53, 104020, 6247200, 13140, 6247200, 52170]] [5049716532.0, [19934.0, 1680616, 106002464, 38704, 103509152, 831389]] [1615086076.0, [5646.0, 1094662, 69427248, 127494, 7767792, 60762]] [419693149686.0, [11223.0, 191805207, 12275433555, 10680855, 6137123727, 47946441]] [1679170176.0, [1624.5, 763387, 47652928, 146403, 25506688, 200159]]
Arch_Param: [32, 2048, 2048, 4, 1024, 256]
Samsung_cost: [39003275394.0, [12800677.0, 25614369, 1638358008, 2031649, 203074744, 1587489]] [15261399630.0, [4946031.0, 9891951, 633078564, 629871, 85328676, 668271]] [1274009400, [417290, 834580, 53412640, 104980, 6677280, 52170]] [20750581104, [6806804, 13613608, 871270432, 309352, 108910624, 850868]] [1677821228, [550278, 1100550, 70434864, 39302, 8804400, 68790]] [1169964152334.0, [383596431.0, 767192703, 49100323923, 42720639, 6138057555, 47954907]] [37636329030, [12350495, 24700987, 1580863168, 2051963, 195940032, 1535135]]
Model_cost: [27480538302.0, [28828.0, 20433953, 1288904952, 10265761, 49400505, 386978]] [5484577950.0, [62415.0, 2556015, 163578660, 164463, 77870628, 608475]] [302033004, [53, 104020, 6247200, 13140, 6247200, 52170]] [5049716532.0, [19934.0, 1680616, 106002464, 38704, 103509152, 831389]] [1615086076.0, [5646.0, 1094662, 69427248, 127494, 7767792, 60762]] [419693149686.0, [11223.0, 191805207, 12275433555, 10680855, 6137123727, 47946441]] [1679170176.0, [1624.5, 763387, 47652928, 146403, 25506688, 200159]]
Arch_Param: [32, 2048, 2048, 4, 1024, 512]
Samsung_cost: [39003275394.0, [12800677.0, 25614369, 1638358008, 2031649, 203074744, 1587489]] [15261399630.0, [4946031.0, 9891951, 633078564, 629871, 85328676, 668271]] [1274009400, [417290, 834580, 53412640, 104980, 6677280, 52170]] [20750581104, [6806804, 13613608, 871270432, 309352, 108910624, 850868]] [1677821228, [550278, 1100550, 70434864, 39302, 8804400, 68790]] [1169964152334.0, [383596431.0, 767192703, 49100323923, 42720639, 6138057555, 47954907]] [37636329030, [12350495, 24700987, 1580863168, 2051963, 195940032, 1535135]]
Model_cost: [27301458302.0, [28828.0, 20433953, 1288904952, 2125761, 49400505, 386978]] [5484577950.0, [62415.0, 2556015, 163578660, 164463, 77870628, 608475]] [302033004, [53, 104020, 6247200, 13140, 6247200, 52170]] [5049716532.0, [19934.0, 1680616, 106002464, 38704, 103509152, 831389]] [1614455292.0, [5646.0, 1094662, 69427248, 98822, 7767792, 60762]] [419693149686.0, [11223.0, 191805207, 12275433555, 10680855, 6137123727, 47946441]] [1678438316.0, [1621.5, 748987, 47652928, 116003, 25506688, 199967]]
Arch_Param: [32, 2048, 2048, 8, 256, 64]
Samsung_cost: [19823470018.0, [6413989.0, 51312193, 820923384, 6444097, 102001848, 797857]] [15474313806.0, [4946031.0, 39567471, 633078564, 4912239, 85328676, 668271]] [1290895940, [417290, 3338290, 53412640, 417330, 6677280, 52170]] [21056890644, [6806804, 54454402, 871270432, 6806914, 108910624, 850868]] [1586052620, [512710, 4101638, 65626160, 512710, 8203312, 64094]] [1186669853838.0, [383596431.0, 3068770335, 49100323923, 383602047, 6138057555, 47954907]] [37241960640, [12043295, 96346348, 1541541568, 12113132, 192138944, 1505439]]
Model_cost: [15058125072.0, [14899.5, 41814593, 668963704, 5323905, 49400505, 386978]] [3928882014.0, [58911.0, 5333103, 85328676, 86895, 77870628, 608475]] [303179384, [53, 390450, 6247200, 13170, 6247200, 52170]] [5069537624.0, [19934.0, 6635394, 106002464, 38794, 103509152, 831389]] [924132092.0, [2830.0, 2171654, 34746416, 55558, 7768304, 60826]] [297594438558.0, [7995.0, 383626383, 6138012243, 5340891, 6137123727, 47946441]] [1387127970.0, [958.5, 2055020, 32839552, 104468, 25506688, 200159]]
Arch_Param: [32, 2048, 2048, 8, 256, 128]
Samsung_cost: [19704218050.0, [6413989.0, 51312193, 820923384, 1023553, 102001848, 797857]] [15380101710.0, [4946031.0, 39567471, 633078564, 629871, 85328676, 668271]] [1284024900, [417290, 3338290, 53412640, 105010, 6677280, 52170]] [20913946260, [6806804, 54454402, 871270432, 309442, 108910624, 850868]] [1575498252, [512710, 4101638, 65626160, 32966, 8203312, 64094]] [1179170462862.0, [383596431.0, 3068770335, 49100323923, 42720639, 6138057555, 47954907]] [37015752768, [12043295, 96346348, 1541541568, 1830956, 192138944, 1505439]]
Model_cost: [15058125072.0, [14899.5, 41814593, 668963704, 5323905, 49400505, 386978]] [3928882014.0, [58911.0, 5333103, 85328676, 86895, 77870628, 608475]] [303179384, [53, 390450, 6247200, 13170, 6247200, 52170]] [5069537624.0, [19934.0, 6635394, 106002464, 38794, 103509152, 831389]] [924132092.0, [2830.0, 2171654, 34746416, 55558, 7768304, 60826]] [297594438558.0, [7995.0, 383626383, 6138012243, 5340891, 6137123727, 47946441]] [1387127970.0, [958.5, 2055020, 32839552, 104468, 25506688, 200159]]
Arch_Param: [32, 2048, 2048, 8, 256, 256]
Samsung_cost: [19704218050.0, [6413989.0, 51312193, 820923384, 1023553, 102001848, 797857]] [15380101710.0, [4946031.0, 39567471, 633078564, 629871, 85328676, 668271]] [1284024900, [417290, 3338290, 53412640, 105010, 6677280, 52170]] [20913946260, [6806804, 54454402, 871270432, 309442, 108910624, 850868]] [1575498252, [512710, 4101638, 65626160, 32966, 8203312, 64094]] [1179170462862.0, [383596431.0, 3068770335, 49100323923, 42720639, 6138057555, 47954907]] [37015752768, [12043295, 96346348, 1541541568, 1830956, 192138944, 1505439]]
Model_cost: [14965003472.0, [14899.5, 41814593, 668963704, 1091105, 49400505, 386978]] [3928882014.0, [58911.0, 5333103, 85328676, 86895, 77870628, 608475]] [303179384, [53, 390450, 6247200, 13170, 6247200, 52170]] [5069537624.0, [19934.0, 6635394, 106002464, 38794, 103509152, 831389]] [923816700.0, [2830.0, 2171654, 34746416, 41222, 7768304, 60826]] [297594438558.0, [7995.0, 383626383, 6138012243, 5340891, 6137123727, 47946441]] [1386774734.0, [955.5, 2055020, 32839552, 88660, 25506688, 199967]]
Arch_Param: [32, 2048, 2048, 8, 512, 64]
Samsung_cost: [19720846032.0, [6413989.0, 25656356, 820923384, 6444068, 102001848, 797857]] [15395179086.0, [4946031.0, 19783791, 633078564, 4912239, 85328676, 668271]] [1284218940, [417290, 1669150, 53412640, 417310, 6677280, 52170]] [20947980540, [6806804, 27227206, 871270432, 6806854, 108910624, 850868]] [1577849356, [512710, 2050822, 65626160, 512710, 8203312, 64094]] [1180532313486.0, [383596431.0, 1534385247, 49100323923, 383602047, 6138057555, 47954907]] [37049265348, [12043295, 48173174, 1541541568, 12113014, 192138944, 1505439]]
Model_cost: [14974496286.0, [14899.5, 20907556, 668963704, 5323876, 49400505, 386978]] [3918216030.0, [58911.0, 2666607, 85328676, 86895, 77870628, 608475]] [302398064, [53, 195230, 6247200, 13150, 6247200, 52170]] [5056306496.0, [19934.0, 3327942, 106002464, 38734, 103509152, 831389]] [919840508.0, [2830.0, 1098758, 34746416, 55558, 7768304, 60826]] [296827187646.0, [7995.0, 191813655, 6138012243, 5340891, 6137123727, 47946441]] [1382670374.0, [958.5, 1027510, 32839552, 88670, 25506688, 200159]]
Arch_Param: [32, 2048, 2048, 8, 512, 128]
Samsung_cost: [19601594064.0, [6413989.0, 25656356, 820923384, 1023524, 102001848, 797857]] [15300966990.0, [4946031.0, 19783791, 633078564, 629871, 85328676, 668271]] [1277347900, [417290, 1669150, 53412640, 104990, 6677280, 52170]] [20805036156, [6806804, 27227206, 871270432, 309382, 108910624, 850868]] [1567294988, [512710, 2050822, 65626160, 32966, 8203312, 64094]] [1173032922510.0, [383596431.0, 1534385247, 49100323923, 42720639, 6138057555, 47954907]] [36823057476, [12043295, 48173174, 1541541568, 1830838, 192138944, 1505439]]
Model_cost: [14974496286.0, [14899.5, 20907556, 668963704, 5323876, 49400505, 386978]] [3918216030.0, [58911.0, 2666607, 85328676, 86895, 77870628, 608475]] [302398064, [53, 195230, 6247200, 13150, 6247200, 52170]] [5056306496.0, [19934.0, 3327942, 106002464, 38734, 103509152, 831389]] [919840508.0, [2830.0, 1098758, 34746416, 55558, 7768304, 60826]] [296827187646.0, [7995.0, 191813655, 6138012243, 5340891, 6137123727, 47946441]] [1382670374.0, [958.5, 1027510, 32839552, 88670, 25506688, 200159]]
Arch_Param: [32, 2048, 2048, 8, 512, 256]
Samsung_cost: [19601594064.0, [6413989.0, 25656356, 820923384, 1023524, 102001848, 797857]] [15300966990.0, [4946031.0, 19783791, 633078564, 629871, 85328676, 668271]] [1277347900, [417290, 1669150, 53412640, 104990, 6677280, 52170]] [20805036156, [6806804, 27227206, 871270432, 309382, 108910624, 850868]] [1567294988, [512710, 2050822, 65626160, 32966, 8203312, 64094]] [1173032922510.0, [383596431.0, 1534385247, 49100323923, 42720639, 6138057555, 47954907]] [36823057476, [12043295, 48173174, 1541541568, 1830838, 192138944, 1505439]]
Model_cost: [14881374686.0, [14899.5, 20907556, 668963704, 1091076, 49400505, 386978]] [3918216030.0, [58911.0, 2666607, 85328676, 86895, 77870628, 608475]] [302398064, [53, 195230, 6247200, 13150, 6247200, 52170]] [5056306496.0, [19934.0, 3327942, 106002464, 38734, 103509152, 831389]] [919525116.0, [2830.0, 1098758, 34746416, 41222, 7768304, 60826]] [296827187646.0, [7995.0, 191813655, 6138012243, 5340891, 6137123727, 47946441]] [1382317138.0, [955.5, 1027510, 32839552, 72862, 25506688, 199967]]
Arch_Param: [32, 2048, 2048, 8, 512, 512]
Samsung_cost: [19601594064.0, [6413989.0, 25656356, 820923384, 1023524, 102001848, 797857]] [15300966990.0, [4946031.0, 19783791, 633078564, 629871, 85328676, 668271]] [1277347900, [417290, 1669150, 53412640, 104990, 6677280, 52170]] [20805036156, [6806804, 27227206, 871270432, 309382, 108910624, 850868]] [1567294988, [512710, 2050822, 65626160, 32966, 8203312, 64094]] [1173032922510.0, [383596431.0, 1534385247, 49100323923, 42720639, 6138057555, 47954907]] [36823057476, [12043295, 48173174, 1541541568, 1830838, 192138944, 1505439]]
Model_cost: [14881374686.0, [14899.5, 20907556, 668963704, 1091076, 49400505, 386978]] [3918216030.0, [58911.0, 2666607, 85328676, 86895, 77870628, 608475]] [302398064, [53, 195230, 6247200, 13150, 6247200, 52170]] [5056306496.0, [19934.0, 3327942, 106002464, 38734, 103509152, 831389]] [919169932.0, [2826.0, 1090566, 34713648, 24838, 7792880, 61018]] [296827187646.0, [7995.0, 191813655, 6138012243, 5340891, 6137123727, 47946441]] [1382317138.0, [955.5, 1027510, 32839552, 72862, 25506688, 199967]]
Arch_Param: [32, 2048, 2048, 8, 1024, 64]
Samsung_cost: [19669559938.0, [6413989.0, 12834849, 820923384, 6444065, 102001848, 797857]] [15355611726.0, [4946031.0, 9891951, 633078564, 4912239, 85328676, 668271]] [1280880440, [417290, 834580, 53412640, 417300, 6677280, 52170]] [20893525488, [6806804, 13613608, 871270432, 6806824, 108910624, 850868]] [1573747724, [512710, 1025414, 65626160, 512710, 8203312, 64094]] [1177463543310.0, [383596431.0, 767192703, 49100323923, 383602047, 6138057555, 47954907]] [36952917702, [12043295, 24086587, 1541541568, 12112955, 192138944, 1505439]]
Model_cost: [14933266896.0, [14899.5, 10600225, 668963704, 5323873, 49400505, 386978]] [3912883038.0, [58911.0, 1333359, 85328676, 86895, 77870628, 608475]] [302033004, [53, 104020, 6247200, 13140, 6247200, 52170]] [5049716532.0, [19934.0, 1680616, 106002464, 38704, 103509152, 831389]] [917143436.0, [2826.0, 547334, 34713648, 63750, 7767792, 60762]] [296443562190.0, [7995.0, 95907291, 6138012243, 5340891, 6137123727, 47946441]] [1380512296.0, [958.5, 522811, 32839552, 82339, 25506688, 200159]]
Arch_Param: [32, 2048, 2048, 8, 1024, 128]
Samsung_cost: [19550307970.0, [6413989.0, 12834849, 820923384, 1023521, 102001848, 797857]] [15261399630.0, [4946031.0, 9891951, 633078564, 629871, 85328676, 668271]] [1274009400, [417290, 834580, 53412640, 104980, 6677280, 52170]] [20750581104, [6806804, 13613608, 871270432, 309352, 108910624, 850868]] [1563193356, [512710, 1025414, 65626160, 32966, 8203312, 64094]] [1169964152334.0, [383596431.0, 767192703, 49100323923, 42720639, 6138057555, 47954907]] [36726709830, [12043295, 24086587, 1541541568, 1830779, 192138944, 1505439]]
Model_cost: [14933266896.0, [14899.5, 10600225, 668963704, 5323873, 49400505, 386978]] [3912883038.0, [58911.0, 1333359, 85328676, 86895, 77870628, 608475]] [302033004, [53, 104020, 6247200, 13140, 6247200, 52170]] [5049716532.0, [19934.0, 1680616, 106002464, 38704, 103509152, 831389]] [917143436.0, [2826.0, 547334, 34713648, 63750, 7767792, 60762]] [296443562190.0, [7995.0, 95907291, 6138012243, 5340891, 6137123727, 47946441]] [1380512296.0, [958.5, 522811, 32839552, 82339, 25506688, 200159]]
Arch_Param: [32, 2048, 2048, 8, 1024, 256]
Samsung_cost: [19550307970.0, [6413989.0, 12834849, 820923384, 1023521, 102001848, 797857]] [15261399630.0, [4946031.0, 9891951, 633078564, 629871, 85328676, 668271]] [1274009400, [417290, 834580, 53412640, 104980, 6677280, 52170]] [20750581104, [6806804, 13613608, 871270432, 309352, 108910624, 850868]] [1563193356, [512710, 1025414, 65626160, 32966, 8203312, 64094]] [1169964152334.0, [383596431.0, 767192703, 49100323923, 42720639, 6138057555, 47954907]] [36726709830, [12043295, 24086587, 1541541568, 1830779, 192138944, 1505439]]
Model_cost: [14840145296.0, [14899.5, 10600225, 668963704, 1091073, 49400505, 386978]] [3912883038.0, [58911.0, 1333359, 85328676, 86895, 77870628, 608475]] [302033004, [53, 104020, 6247200, 13140, 6247200, 52170]] [5049716532.0, [19934.0, 1680616, 106002464, 38704, 103509152, 831389]] [916828044.0, [2826.0, 547334, 34713648, 49414, 7767792, 60762]] [296443562190.0, [7995.0, 95907291, 6138012243, 5340891, 6137123727, 47946441]] [1380129108.0, [955.5, 515323, 32839552, 66531, 25506688, 199967]]
Arch_Param: [32, 2048, 2048, 8, 1024, 512]
Samsung_cost: [19550307970.0, [6413989.0, 12834849, 820923384, 1023521, 102001848, 797857]] [15261399630.0, [4946031.0, 9891951, 633078564, 629871, 85328676, 668271]] [1274009400, [417290, 834580, 53412640, 104980, 6677280, 52170]] [20750581104, [6806804, 13613608, 871270432, 309352, 108910624, 850868]] [1563193356, [512710, 1025414, 65626160, 32966, 8203312, 64094]] [1169964152334.0, [383596431.0, 767192703, 49100323923, 42720639, 6138057555, 47954907]] [36726709830, [12043295, 24086587, 1541541568, 1830779, 192138944, 1505439]]
Model_cost: [14840145296.0, [14899.5, 10600225, 668963704, 1091073, 49400505, 386978]] [3912883038.0, [58911.0, 1333359, 85328676, 86895, 77870628, 608475]] [302033004, [53, 104020, 6247200, 13140, 6247200, 52170]] [5049716532.0, [19934.0, 1680616, 106002464, 38704, 103509152, 831389]] [916828044.0, [2826.0, 547334, 34713648, 49414, 7767792, 60762]] [296443562190.0, [7995.0, 95907291, 6138012243, 5340891, 6137123727, 47946441]] [1380129108.0, [955.5, 515323, 32839552, 66531, 25506688, 199967]]
Arch_Param: [32, 2048, 2048, 16, 256, 64]
Samsung_cost: [9960890050.0, [3220645.0, 25765441, 412206072, 3236929, 51465400, 403041]] [15474313806.0, [4946031.0, 39567471, 633078564, 4912239, 85328676, 668271]] [1290895940, [417290, 3338290, 53412640, 417330, 6677280, 52170]] [21056890644, [6806804, 54454402, 871270432, 6806914, 108910624, 850868]] [1527944316, [493926, 3951366, 63221808, 493926, 7902768, 61746]] [1186669853838.0, [383596431.0, 3068770335, 49100323923, 383602047, 6138057555, 47954907]] [36781752512, [11889695, 95117548, 1521880768, 11924716, 190238400, 1490591]]
Model_cost: [8729382592.0, [7943.5, 22447809, 359126200, 2854337, 49400505, 386978]] [3928882014.0, [58911.0, 5333103, 85328676, 86895, 77870628, 608475]] [303179384, [53, 390450, 6247200, 13170, 6247200, 52170]] [5069537624.0, [19934.0, 6635394, 106002464, 38794, 103509152, 831389]] [571674508.0, [1418.0, 1085830, 17373232, 27782, 7768304, 60826]] [297594438558.0, [7995.0, 383626383, 6138012243, 5340891, 6137123727, 47946441]] [1298734702.0, [691.5, 1783660, 28517760, 65172, 25506688, 200159]]
Arch_Param: [32, 2048, 2048, 16, 256, 128]
Samsung_cost: [9901106370.0, [3220645.0, 25765441, 412206072, 519489, 51465400, 403041]] [15380101710.0, [4946031.0, 39567471, 633078564, 629871, 85328676, 668271]] [1284024900, [417290, 3338290, 53412640, 105010, 6677280, 52170]] [20913946260, [6806804, 54454402, 871270432, 309442, 108910624, 850868]] [1517733500, [493926, 3951366, 63221808, 29798, 7902768, 61746]] [1179170462862.0, [383596431.0, 3068770335, 49100323923, 42720639, 6138057555, 47954907]] [36557256768, [11889695, 95117548, 1521880768, 1720364, 190238400, 1490591]]
Model_cost: [8679240192.0, [7943.5, 22447809, 359126200, 575137, 49400505, 386978]] [3928882014.0, [58911.0, 5333103, 85328676, 86895, 77870628, 608475]] [303179384, [53, 390450, 6247200, 13170, 6247200, 52170]] [5069537624.0, [19934.0, 6635394, 106002464, 38794, 103509152, 831389]] [571516812.0, [1418.0, 1085830, 17373232, 20614, 7768304, 60826]] [297594438558.0, [7995.0, 383626383, 6138012243, 5340891, 6137123727, 47946441]] [1298541726.0, [679.5, 1783660, 28517760, 56660, 25506688, 199967]]
Arch_Param: [32, 2048, 2048, 16, 256, 256]
Samsung_cost: [9901106370.0, [3220645.0, 25765441, 412206072, 519489, 51465400, 403041]] [15380101710.0, [4946031.0, 39567471, 633078564, 629871, 85328676, 668271]] [1284024900, [417290, 3338290, 53412640, 105010, 6677280, 52170]] [20913946260, [6806804, 54454402, 871270432, 309442, 108910624, 850868]] [1517733500, [493926, 3951366, 63221808, 29798, 7902768, 61746]] [1179170462862.0, [383596431.0, 3068770335, 49100323923, 42720639, 6138057555, 47954907]] [36557256768, [11889695, 95117548, 1521880768, 1720364, 190238400, 1490591]]
Model_cost: [8679240192.0, [7943.5, 22447809, 359126200, 575137, 49400505, 386978]] [3928882014.0, [58911.0, 5333103, 85328676, 86895, 77870628, 608475]] [303179384, [53, 390450, 6247200, 13170, 6247200, 52170]] [5069537624.0, [19934.0, 6635394, 106002464, 38794, 103509152, 831389]] [571516812.0, [1418.0, 1085830, 17373232, 20614, 7768304, 60826]] [297594438558.0, [7995.0, 383626383, 6138012243, 5340891, 6137123727, 47946441]] [1298541726.0, [679.5, 1783660, 28517760, 56660, 25506688, 199967]]
Arch_Param: [32, 2048, 2048, 16, 512, 64]
Samsung_cost: [9909359568.0, [3220645.0, 12882980, 412206072, 3236900, 51465400, 403041]] [15395179086.0, [4946031.0, 19783791, 633078564, 4912239, 85328676, 668271]] [1284218940, [417290, 1669150, 53412640, 417310, 6677280, 52170]] [20947980540, [6806804, 27227206, 871270432, 6806854, 108910624, 850868]] [1520041596, [493926, 1975686, 63221808, 493926, 7902768, 61746]] [1180532313486.0, [383596431.0, 1534385247, 49100323923, 383602047, 6138057555, 47954907]] [36591514820, [11889695, 47558774, 1521880768, 11924598, 190238400, 1490591]]
Model_cost: [8684487374.0, [7943.5, 11224164, 359126200, 2854308, 49400505, 386978]] [3918216030.0, [58911.0, 2666607, 85328676, 86895, 77870628, 608475]] [302398064, [53, 195230, 6247200, 13150, 6247200, 52170]] [5056306496.0, [19934.0, 3327942, 106002464, 38734, 103509152, 831389]] [569528716.0, [1418.0, 549382, 17373232, 27782, 7768304, 60826]] [296827187646.0, [7995.0, 191813655, 6138012243, 5340891, 6137123727, 47946441]] [1294988786.0, [691.5, 891830, 28517760, 57054, 25506688, 200159]]
Arch_Param: [32, 2048, 2048, 16, 512, 128]
Samsung_cost: [9849575888.0, [3220645.0, 12882980, 412206072, 519460, 51465400, 403041]] [15300966990.0, [4946031.0, 19783791, 633078564, 629871, 85328676, 668271]] [1277347900, [417290, 1669150, 53412640, 104990, 6677280, 52170]] [20805036156, [6806804, 27227206, 871270432, 309382, 108910624, 850868]] [1509830780, [493926, 1975686, 63221808, 29798, 7902768, 61746]] [1173032922510.0, [383596431.0, 1534385247, 49100323923, 42720639, 6138057555, 47954907]] [36367019076, [11889695, 47558774, 1521880768, 1720246, 190238400, 1490591]]
Model_cost: [8634344974.0, [7943.5, 11224164, 359126200, 575108, 49400505, 386978]] [3918216030.0, [58911.0, 2666607, 85328676, 86895, 77870628, 608475]] [302398064, [53, 195230, 6247200, 13150, 6247200, 52170]] [5056306496.0, [19934.0, 3327942, 106002464, 38734, 103509152, 831389]] [569371020.0, [1418.0, 549382, 17373232, 20614, 7768304, 60826]] [296827187646.0, [7995.0, 191813655, 6138012243, 5340891, 6137123727, 47946441]] [1294795810.0, [679.5, 891830, 28517760, 48542, 25506688, 199967]]
Arch_Param: [32, 2048, 2048, 16, 512, 256]
Samsung_cost: [9849575888.0, [3220645.0, 12882980, 412206072, 519460, 51465400, 403041]] [15300966990.0, [4946031.0, 19783791, 633078564, 629871, 85328676, 668271]] [1277347900, [417290, 1669150, 53412640, 104990, 6677280, 52170]] [20805036156, [6806804, 27227206, 871270432, 309382, 108910624, 850868]] [1509830780, [493926, 1975686, 63221808, 29798, 7902768, 61746]] [1173032922510.0, [383596431.0, 1534385247, 49100323923, 42720639, 6138057555, 47954907]] [36367019076, [11889695, 47558774, 1521880768, 1720246, 190238400, 1490591]]
Model_cost: [8634344974.0, [7943.5, 11224164, 359126200, 575108, 49400505, 386978]] [3918216030.0, [58911.0, 2666607, 85328676, 86895, 77870628, 608475]] [302398064, [53, 195230, 6247200, 13150, 6247200, 52170]] [5056306496.0, [19934.0, 3327942, 106002464, 38734, 103509152, 831389]] [569371020.0, [1418.0, 549382, 17373232, 20614, 7768304, 60826]] [296827187646.0, [7995.0, 191813655, 6138012243, 5340891, 6137123727, 47946441]] [1294795810.0, [679.5, 891830, 28517760, 48542, 25506688, 199967]]
Arch_Param: [32, 2048, 2048, 16, 512, 512]
Samsung_cost: [9849575888.0, [3220645.0, 12882980, 412206072, 519460, 51465400, 403041]] [15300966990.0, [4946031.0, 19783791, 633078564, 629871, 85328676, 668271]] [1277347900, [417290, 1669150, 53412640, 104990, 6677280, 52170]] [20805036156, [6806804, 27227206, 871270432, 309382, 108910624, 850868]] [1509830780, [493926, 1975686, 63221808, 29798, 7902768, 61746]] [1173032922510.0, [383596431.0, 1534385247, 49100323923, 42720639, 6138057555, 47954907]] [36367019076, [11889695, 47558774, 1521880768, 1720246, 190238400, 1490591]]
Model_cost: [8633670714.0, [7940.5, 11224164, 359126200, 544708, 49400505, 386786]] [3918216030.0, [58911.0, 2666607, 85328676, 86895, 77870628, 608475]] [302398064, [53, 195230, 6247200, 13150, 6247200, 52170]] [5056306496.0, [19934.0, 3327942, 106002464, 38734, 103509152, 831389]] [568767896.0, [1416.0, 543942, 17356848, 9830, 7767792, 60753]] [296827187646.0, [7995.0, 191813655, 6138012243, 5340891, 6137123727, 47946441]] [1294655010.0, [679.5, 891830, 28517760, 42142, 25506688, 199967]]
Arch_Param: [32, 2048, 2048, 16, 1024, 64]
Samsung_cost: [9883607938.0, [3220645.0, 6445089, 412206072, 3236897, 51465400, 403041]] [15355611726.0, [4946031.0, 9891951, 633078564, 4912239, 85328676, 668271]] [1280880440, [417290, 834580, 53412640, 417300, 6677280, 52170]] [20893525488, [6806804, 13613608, 871270432, 6806824, 108910624, 850868]] [1516090236, [493926, 987846, 63221808, 493926, 7902768, 61746]] [1177463543310.0, [383596431.0, 767192703, 49100323923, 383602047, 6138057555, 47954907]] [36496395974, [11889695, 23779387, 1521880768, 11924539, 190238400, 1490591]]
Model_cost: [8662333568.0, [7943.5, 5685729, 359126200, 2854305, 49400505, 386978]] [3912883038.0, [58911.0, 1333359, 85328676, 86895, 77870628, 608475]] [302033004, [53, 104020, 6247200, 13140, 6247200, 52170]] [5049716532.0, [19934.0, 1680616, 106002464, 38704, 103509152, 831389]] [568172116.0, [1416.0, 273670, 17356848, 31878, 7767792, 60762]] [296443562190.0, [7995.0, 95907291, 6138012243, 5340891, 6137123727, 47946441]] [1293152756.0, [691.5, 450747, 28517760, 53795, 25506688, 200159]]
Arch_Param: [32, 2048, 2048, 16, 1024, 128]
Samsung_cost: [9823824258.0, [3220645.0, 6445089, 412206072, 519457, 51465400, 403041]] [15261399630.0, [4946031.0, 9891951, 633078564, 629871, 85328676, 668271]] [1274009400, [417290, 834580, 53412640, 104980, 6677280, 52170]] [20750581104, [6806804, 13613608, 871270432, 309352, 108910624, 850868]] [1505879420, [493926, 987846, 63221808, 29798, 7902768, 61746]] [1169964152334.0, [383596431.0, 767192703, 49100323923, 42720639, 6138057555, 47954907]] [36271900230, [11889695, 23779387, 1521880768, 1720187, 190238400, 1490591]]
Model_cost: [8612191168.0, [7943.5, 5685729, 359126200, 575105, 49400505, 386978]] [3912883038.0, [58911.0, 1333359, 85328676, 86895, 77870628, 608475]] [302033004, [53, 104020, 6247200, 13140, 6247200, 52170]] [5049716532.0, [19934.0, 1680616, 106002464, 38704, 103509152, 831389]] [568014420.0, [1416.0, 273670, 17356848, 24710, 7767792, 60762]] [296443562190.0, [7995.0, 95907291, 6138012243, 5340891, 6137123727, 47946441]] [1292943652.0, [679.5, 446715, 28517760, 45283, 25506688, 199967]]
Arch_Param: [32, 2048, 2048, 16, 1024, 256]
Samsung_cost: [9823824258.0, [3220645.0, 6445089, 412206072, 519457, 51465400, 403041]] [15261399630.0, [4946031.0, 9891951, 633078564, 629871, 85328676, 668271]] [1274009400, [417290, 834580, 53412640, 104980, 6677280, 52170]] [20750581104, [6806804, 13613608, 871270432, 309352, 108910624, 850868]] [1505879420, [493926, 987846, 63221808, 29798, 7902768, 61746]] [1169964152334.0, [383596431.0, 767192703, 49100323923, 42720639, 6138057555, 47954907]] [36271900230, [11889695, 23779387, 1521880768, 1720187, 190238400, 1490591]]
Model_cost: [8612191168.0, [7943.5, 5685729, 359126200, 575105, 49400505, 386978]] [3912883038.0, [58911.0, 1333359, 85328676, 86895, 77870628, 608475]] [302033004, [53, 104020, 6247200, 13140, 6247200, 52170]] [5049716532.0, [19934.0, 1680616, 106002464, 38704, 103509152, 831389]] [568014420.0, [1416.0, 273670, 17356848, 24710, 7767792, 60762]] [296443562190.0, [7995.0, 95907291, 6138012243, 5340891, 6137123727, 47946441]] [1292943652.0, [679.5, 446715, 28517760, 45283, 25506688, 199967]]
Arch_Param: [32, 2048, 2048, 16, 1024, 512]
Samsung_cost: [9823824258.0, [3220645.0, 6445089, 412206072, 519457, 51465400, 403041]] [15261399630.0, [4946031.0, 9891951, 633078564, 629871, 85328676, 668271]] [1274009400, [417290, 834580, 53412640, 104980, 6677280, 52170]] [20750581104, [6806804, 13613608, 871270432, 309352, 108910624, 850868]] [1505879420, [493926, 987846, 63221808, 29798, 7902768, 61746]] [1169964152334.0, [383596431.0, 767192703, 49100323923, 42720639, 6138057555, 47954907]] [36271900230, [11889695, 23779387, 1521880768, 1720187, 190238400, 1490591]]
Model_cost: [8611459308.0, [7940.5, 5671329, 359126200, 544705, 49400505, 386786]] [3912883038.0, [58911.0, 1333359, 85328676, 86895, 77870628, 608475]] [302033004, [53, 104020, 6247200, 13140, 6247200, 52170]] [5049716532.0, [19934.0, 1680616, 106002464, 38704, 103509152, 831389]] [567684120.0, [1416.0, 272998, 17356848, 9830, 7767792, 60753]] [296443562190.0, [7995.0, 95907291, 6138012243, 5340891, 6137123727, 47946441]] [1292873252.0, [679.5, 446715, 28517760, 42083, 25506688, 199967]]
Arch_Param: [32, 2048, 2048, 32, 256, 64]
Samsung_cost: [9713816258.0, [3138981.0, 25112129, 401768440, 3146817, 50351288, 394337]] [15474313806.0, [4946031.0, 39567471, 633078564, 4912239, 85328676, 668271]] [1290895940, [417290, 3338290, 53412640, 417330, 6677280, 52170]] [21056890644, [6806804, 54454402, 871270432, 6806914, 108910624, 850868]] [1511561140, [488630, 3908998, 62543920, 488630, 7818032, 61084]] [1186669853838.0, [383596431.0, 3068770335, 49100323923, 383602047, 6138057555, 47954907]] [36731068608, [11873311, 94986476, 1519783616, 11908332, 189976256, 1488543]]
Model_cost: [5537509376.0, [4471.5, 12767937, 204263608, 317761, 49400505, 386978]] [3928882014.0, [58911.0, 5333103, 85328676, 86895, 77870628, 608475]] [303179384, [53, 390450, 6247200, 13170, 6247200, 52170]] [5069537624.0, [19934.0, 6635394, 106002464, 38794, 103509152, 831389]] [395366868.0, [712.0, 542918, 8686640, 10310, 7768304, 60826]] [297594438558.0, [7995.0, 383626383, 6138012243, 5340891, 6137123727, 47946441]] [1254425180.0, [540.0, 1647980, 26356864, 40660, 25506688, 199967]]
Arch_Param: [32, 2048, 2048, 32, 256, 128]
Samsung_cost: [9655204034.0, [3138981.0, 25112129, 401768440, 482625, 50351288, 394337]] [15380101710.0, [4946031.0, 39567471, 633078564, 629871, 85328676, 668271]] [1284024900, [417290, 3338290, 53412640, 105010, 6677280, 52170]] [20913946260, [6806804, 54454402, 871270432, 309442, 108910624, 850868]] [1501443252, [488630, 3908998, 62543920, 28726, 7818032, 61084]] [1179170462862.0, [383596431.0, 3068770335, 49100323923, 42720639, 6138057555, 47954907]] [36506753088, [11873311, 94986476, 1519783616, 1712172, 189976256, 1488543]]
Model_cost: [5537509376.0, [4471.5, 12767937, 204263608, 317761, 49400505, 386978]] [3928882014.0, [58911.0, 5333103, 85328676, 86895, 77870628, 608475]] [303179384, [53, 390450, 6247200, 13170, 6247200, 52170]] [5069537624.0, [19934.0, 6635394, 106002464, 38794, 103509152, 831389]] [395366868.0, [712.0, 542918, 8686640, 10310, 7768304, 60826]] [297594438558.0, [7995.0, 383626383, 6138012243, 5340891, 6137123727, 47946441]] [1254425180.0, [540.0, 1647980, 26356864, 40660, 25506688, 199967]]
Arch_Param: [32, 2048, 2048, 32, 256, 256]
Samsung_cost: [9655204034.0, [3138981.0, 25112129, 401768440, 482625, 50351288, 394337]] [15380101710.0, [4946031.0, 39567471, 633078564, 629871, 85328676, 668271]] [1284024900, [417290, 3338290, 53412640, 105010, 6677280, 52170]] [20913946260, [6806804, 54454402, 871270432, 309442, 108910624, 850868]] [1501443252, [488630, 3908998, 62543920, 28726, 7818032, 61084]] [1179170462862.0, [383596431.0, 3068770335, 49100323923, 42720639, 6138057555, 47954907]] [36506753088, [11873311, 94986476, 1519783616, 1712172, 189976256, 1488543]]
Model_cost: [5537156140.0, [4468.5, 12767937, 204263608, 301953, 49400505, 386786]] [3928882014.0, [58911.0, 5333103, 85328676, 86895, 77870628, 608475]] [303179384, [53, 390450, 6247200, 13170, 6247200, 52170]] [5069537624.0, [19934.0, 6635394, 106002464, 38794, 103509152, 831389]] [395067996.0, [711.0, 542918, 8678448, 4918, 7767792, 60753]] [297594438558.0, [7995.0, 383626383, 6138012243, 5340891, 6137123727, 47946441]] [1254260444.0, [540.0, 1647980, 26356864, 33172, 25506688, 199967]]
Arch_Param: [32, 2048, 2048, 32, 512, 64]
Samsung_cost: [9663592400.0, [3138981.0, 12556324, 401768440, 3146788, 50351288, 394337]] [15395179086.0, [4946031.0, 19783791, 633078564, 4912239, 85328676, 668271]] [1284218940, [417290, 1669150, 53412640, 417310, 6677280, 52170]] [20947980540, [6806804, 27227206, 871270432, 6806854, 108910624, 850868]] [1503743156, [488630, 1954502, 62543920, 488630, 7818032, 61084]] [1180532313486.0, [383596431.0, 1534385247, 49100323923, 383602047, 6138057555, 47954907]] [36541093060, [11873311, 47493238, 1519783616, 11908214, 189976256, 1488543]]
Model_cost: [5511973902.0, [4471.5, 6384228, 204263608, 317732, 49400505, 386978]] [3918216030.0, [58911.0, 2666607, 85328676, 86895, 77870628, 608475]] [302398064, [53, 195230, 6247200, 13150, 6247200, 52170]] [5056306496.0, [19934.0, 3327942, 106002464, 38734, 103509152, 831389]] [394286008.0, [711.0, 272646, 8678448, 18502, 7767792, 60762]] [296827187646.0, [7995.0, 191813655, 6138012243, 5340891, 6137123727, 47946441]] [1251035104.0, [540.0, 823990, 26356864, 36382, 25506688, 199967]]
Arch_Param: [32, 2048, 2048, 32, 512, 128]
Samsung_cost: [9604980176.0, [3138981.0, 12556324, 401768440, 482596, 50351288, 394337]] [15300966990.0, [4946031.0, 19783791, 633078564, 629871, 85328676, 668271]] [1277347900, [417290, 1669150, 53412640, 104990, 6677280, 52170]] [20805036156, [6806804, 27227206, 871270432, 309382, 108910624, 850868]] [1493625268, [488630, 1954502, 62543920, 28726, 7818032, 61084]] [1173032922510.0, [383596431.0, 1534385247, 49100323923, 42720639, 6138057555, 47954907]] [36316777540, [11873311, 47493238, 1519783616, 1712054, 189976256, 1488543]]
Model_cost: [5511973902.0, [4471.5, 6384228, 204263608, 317732, 49400505, 386978]] [3918216030.0, [58911.0, 2666607, 85328676, 86895, 77870628, 608475]] [302398064, [53, 195230, 6247200, 13150, 6247200, 52170]] [5056306496.0, [19934.0, 3327942, 106002464, 38734, 103509152, 831389]] [394286008.0, [711.0, 272646, 8678448, 18502, 7767792, 60762]] [296827187646.0, [7995.0, 191813655, 6138012243, 5340891, 6137123727, 47946441]] [1251035104.0, [540.0, 823990, 26356864, 36382, 25506688, 199967]]
Arch_Param: [32, 2048, 2048, 32, 512, 256]
Samsung_cost: [9604980176.0, [3138981.0, 12556324, 401768440, 482596, 50351288, 394337]] [15300966990.0, [4946031.0, 19783791, 633078564, 629871, 85328676, 668271]] [1277347900, [417290, 1669150, 53412640, 104990, 6677280, 52170]] [20805036156, [6806804, 27227206, 871270432, 309382, 108910624, 850868]] [1493625268, [488630, 1954502, 62543920, 28726, 7818032, 61084]] [1173032922510.0, [383596431.0, 1534385247, 49100323923, 42720639, 6138057555, 47954907]] [36316777540, [11873311, 47493238, 1519783616, 1712054, 189976256, 1488543]]
Model_cost: [5511620666.0, [4468.5, 6384228, 204263608, 301924, 49400505, 386786]] [3918216030.0, [58911.0, 2666607, 85328676, 86895, 77870628, 608475]] [302398064, [53, 195230, 6247200, 13150, 6247200, 52170]] [5056306496.0, [19934.0, 3327942, 106002464, 38734, 103509152, 831389]] [393984220.0, [711.0, 271974, 8678448, 4918, 7767792, 60753]] [296827187646.0, [7995.0, 191813655, 6138012243, 5340891, 6137123727, 47946441]] [1250961888.0, [540.0, 823990, 26356864, 33054, 25506688, 199967]]
Arch_Param: [32, 2048, 2048, 32, 512, 512]
Samsung_cost: [9604980176.0, [3138981.0, 12556324, 401768440, 482596, 50351288, 394337]] [15300966990.0, [4946031.0, 19783791, 633078564, 629871, 85328676, 668271]] [1277347900, [417290, 1669150, 53412640, 104990, 6677280, 52170]] [20805036156, [6806804, 27227206, 871270432, 309382, 108910624, 850868]] [1493625268, [488630, 1954502, 62543920, 28726, 7818032, 61084]] [1173032922510.0, [383596431.0, 1534385247, 49100323923, 42720639, 6138057555, 47954907]] [36316777540, [11873311, 47493238, 1519783616, 1712054, 189976256, 1488543]]
Model_cost: [5511620666.0, [4468.5, 6384228, 204263608, 301924, 49400505, 386786]] [3918216030.0, [58911.0, 2666607, 85328676, 86895, 77870628, 608475]] [302398064, [53, 195230, 6247200, 13150, 6247200, 52170]] [5056306496.0, [19934.0, 3327942, 106002464, 38734, 103509152, 831389]] [393984220.0, [711.0, 271974, 8678448, 4918, 7767792, 60753]] [296827187646.0, [7995.0, 191813655, 6138012243, 5340891, 6137123727, 47946441]] [1250961888.0, [540.0, 823990, 26356864, 33054, 25506688, 199967]]
Arch_Param: [32, 2048, 2048, 32, 1024, 64]
Samsung_cost: [9638487938.0, [3138981.0, 6280225, 401768440, 3146785, 50351288, 394337]] [15355611726.0, [4946031.0, 9891951, 633078564, 4912239, 85328676, 668271]] [1280880440, [417290, 834580, 53412640, 417300, 6677280, 52170]] [20893525488, [6806804, 13613608, 871270432, 6806824, 108910624, 850868]] [1499834164, [488630, 977254, 62543920, 488630, 7818032, 61084]] [1177463543310.0, [383596431.0, 767192703, 49100323923, 383602047, 6138057555, 47954907]] [36446105286, [11873311, 23746619, 1519783616, 11908155, 189976256, 1488543]]
Model_cost: [5499355584.0, [4471.5, 3229665, 204263608, 317729, 49400505, 386978]] [3912883038.0, [58911.0, 1333359, 85328676, 86895, 77870628, 608475]] [302033004, [53, 104020, 6247200, 13140, 6247200, 52170]] [5049716532.0, [19934.0, 1680616, 106002464, 38704, 103509152, 831389]] [393607608.0, [711.0, 136838, 8678448, 12358, 7767792, 60762]] [296443562190.0, [7995.0, 95907291, 6138012243, 5340891, 6137123727, 47946441]] [1249350882.0, [540.0, 412411, 26356864, 34659, 25506688, 199967]]
Arch_Param: [32, 2048, 2048, 32, 1024, 128]
Samsung_cost: [9579875714.0, [3138981.0, 6280225, 401768440, 482593, 50351288, 394337]] [15261399630.0, [4946031.0, 9891951, 633078564, 629871, 85328676, 668271]] [1274009400, [417290, 834580, 53412640, 104980, 6677280, 52170]] [20750581104, [6806804, 13613608, 871270432, 309352, 108910624, 850868]] [1489716276, [488630, 977254, 62543920, 28726, 7818032, 61084]] [1169964152334.0, [383596431.0, 767192703, 49100323923, 42720639, 6138057555, 47954907]] [36221789766, [11873311, 23746619, 1519783616, 1711995, 189976256, 1488543]]
Model_cost: [5499355584.0, [4471.5, 3229665, 204263608, 317729, 49400505, 386978]] [3912883038.0, [58911.0, 1333359, 85328676, 86895, 77870628, 608475]] [302033004, [53, 104020, 6247200, 13140, 6247200, 52170]] [5049716532.0, [19934.0, 1680616, 106002464, 38704, 103509152, 831389]] [393607608.0, [711.0, 136838, 8678448, 12358, 7767792, 60762]] [296443562190.0, [7995.0, 95907291, 6138012243, 5340891, 6137123727, 47946441]] [1249350882.0, [540.0, 412411, 26356864, 34659, 25506688, 199967]]
Arch_Param: [32, 2048, 2048, 32, 1024, 256]
Samsung_cost: [9579875714.0, [3138981.0, 6280225, 401768440, 482593, 50351288, 394337]] [15261399630.0, [4946031.0, 9891951, 633078564, 629871, 85328676, 668271]] [1274009400, [417290, 834580, 53412640, 104980, 6677280, 52170]] [20750581104, [6806804, 13613608, 871270432, 309352, 108910624, 850868]] [1489716276, [488630, 977254, 62543920, 28726, 7818032, 61084]] [1169964152334.0, [383596431.0, 767192703, 49100323923, 42720639, 6138057555, 47954907]] [36221789766, [11873311, 23746619, 1519783616, 1711995, 189976256, 1488543]]
Model_cost: [5498972396.0, [4468.5, 3222177, 204263608, 301921, 49400505, 386786]] [3912883038.0, [58911.0, 1333359, 85328676, 86895, 77870628, 608475]] [302033004, [53, 104020, 6247200, 13140, 6247200, 52170]] [5049716532.0, [19934.0, 1680616, 106002464, 38704, 103509152, 831389]] [393442332.0, [711.0, 136502, 8678448, 4918, 7767792, 60753]] [296443562190.0, [7995.0, 95907291, 6138012243, 5340891, 6137123727, 47946441]] [1249314274.0, [540.0, 412411, 26356864, 32995, 25506688, 199967]]
Arch_Param: [32, 2048, 2048, 32, 1024, 512]
Samsung_cost: [9579875714.0, [3138981.0, 6280225, 401768440, 482593, 50351288, 394337]] [15261399630.0, [4946031.0, 9891951, 633078564, 629871, 85328676, 668271]] [1274009400, [417290, 834580, 53412640, 104980, 6677280, 52170]] [20750581104, [6806804, 13613608, 871270432, 309352, 108910624, 850868]] [1489716276, [488630, 977254, 62543920, 28726, 7818032, 61084]] [1169964152334.0, [383596431.0, 767192703, 49100323923, 42720639, 6138057555, 47954907]] [36221789766, [11873311, 23746619, 1519783616, 1711995, 189976256, 1488543]]
Model_cost: [5498972396.0, [4468.5, 3222177, 204263608, 301921, 49400505, 386786]] [3912883038.0, [58911.0, 1333359, 85328676, 86895, 77870628, 608475]] [302033004, [53, 104020, 6247200, 13140, 6247200, 52170]] [5049716532.0, [19934.0, 1680616, 106002464, 38704, 103509152, 831389]] [393442332.0, [711.0, 136502, 8678448, 4918, 7767792, 60753]] [296443562190.0, [7995.0, 95907291, 6138012243, 5340891, 6137123727, 47946441]] [1249314274.0, [540.0, 412411, 26356864, 32995, 25506688, 199967]]
Arch_Param: [32, 2048, 1024, 4, 256, 64]
Samsung_cost: [39907047986.0, [25601321.0, 102405697, 1638358008, 12858433, 203074744, 1587489]] [15612799566, [9891951, 39567471, 633078564, 4912239, 85328676, 668271]] [1302580060, [834580, 3338290, 53412640, 417330, 6677280, 52170]] [21247481156, [13613608, 54454402, 871270432, 6806914, 108910624, 850868]] [1717676844, [1100550, 4402182, 70434864, 550278, 8804400, 68790]] [1197410549454, [767192703, 3068770335, 49100323923, 383602047, 6138057555, 47954907]] [38508190672, [24700987, 98803948, 1580863168, 12489964, 195940032, 1535135]]
Model_cost: [27721868154.0, [57605.0, 80564801, 1288904952, 10265793, 49400505, 386978]] [5516993310.0, [124719.0, 10223727, 163578660, 164463, 77870628, 608475]] [303180840, [105, 390450, 6247200, 13170, 6247200, 52170]] [5070095440, [39856, 6635394, 106002464, 38794, 103509152, 831389]] [1639072668, [11302, 4343302, 69492784, 559622, 7768304, 60826]] [421995080118.0, [21519.0, 767215743, 12275433555, 10680855, 6137123727, 47946441]] [1690070740.0, [3246.0, 2983404, 47652928, 236180, 25506688, 200159]]
Arch_Param: [32, 2048, 1024, 4, 256, 128]
Samsung_cost: [39668859442.0, [25601321.0, 102405697, 1638358008, 2031681, 203074744, 1587489]] [15518587470, [9891951, 39567471, 633078564, 629871, 85328676, 668271]] [1295709020, [834580, 3338290, 53412640, 105010, 6677280, 52170]] [21104536772, [13613608, 54454402, 871270432, 309442, 108910624, 850868]] [1706435372, [1100550, 4402182, 70434864, 39302, 8804400, 68790]] [1189911158478, [767192703, 3068770335, 49100323923, 42720639, 6138057555, 47954907]] [38278558544, [24700987, 98803948, 1580863168, 2052140, 195940032, 1535135]]
Model_cost: [27721868154.0, [57605.0, 80564801, 1288904952, 10265793, 49400505, 386978]] [5516993310.0, [124719.0, 10223727, 163578660, 164463, 77870628, 608475]] [303180840, [105, 390450, 6247200, 13170, 6247200, 52170]] [5070095440, [39856, 6635394, 106002464, 38794, 103509152, 831389]] [1629205404, [11302, 4343302, 69492784, 111110, 7768304, 60826]] [421995080118.0, [21519.0, 767215743, 12275433555, 10680855, 6137123727, 47946441]] [1689065428.0, [3246.0, 2983404, 47652928, 190484, 25506688, 200159]]
Arch_Param: [32, 2048, 1024, 4, 256, 256]
Samsung_cost: [39668859442.0, [25601321.0, 102405697, 1638358008, 2031681, 203074744, 1587489]] [15518587470, [9891951, 39567471, 633078564, 629871, 85328676, 668271]] [1295709020, [834580, 3338290, 53412640, 105010, 6677280, 52170]] [21104536772, [13613608, 54454402, 871270432, 309442, 108910624, 850868]] [1706435372, [1100550, 4402182, 70434864, 39302, 8804400, 68790]] [1189911158478, [767192703, 3068770335, 49100323923, 42720639, 6138057555, 47954907]] [38278558544, [24700987, 98803948, 1580863168, 2052140, 195940032, 1535135]]
Model_cost: [27721868154.0, [57605.0, 80564801, 1288904952, 10265793, 49400505, 386978]] [5516993310.0, [124719.0, 10223727, 163578660, 164463, 77870628, 608475]] [303180840, [105, 390450, 6247200, 13170, 6247200, 52170]] [5070095440, [39856, 6635394, 106002464, 38794, 103509152, 831389]] [1629205404, [11302, 4343302, 69492784, 111110, 7768304, 60826]] [421995080118.0, [21519.0, 767215743, 12275433555, 10680855, 6137123727, 47946441]] [1689065428.0, [3246.0, 2983404, 47652928, 190484, 25506688, 200159]]
Arch_Param: [32, 2048, 1024, 4, 512, 64]
Samsung_cost: [39702236992.0, [25601321.0, 51203108, 1638358008, 12858404, 203074744, 1587489]] [15533664846, [9891951, 19783791, 633078564, 4912239, 85328676, 668271]] [1295903060, [834580, 1669150, 53412640, 417310, 6677280, 52170]] [21138571052, [13613608, 27227206, 871270432, 6806854, 108910624, 850868]] [1708872492, [1100550, 2201094, 70434864, 550278, 8804400, 68790]] [1191273009102, [767192703, 1534385247, 49100323923, 383602047, 6138057555, 47954907]] [38310580180, [24700987, 49401974, 1580863168, 12489846, 195940032, 1535135]]
Model_cost: [27560738952.0, [57605.0, 40282660, 1288904952, 10265764, 49400505, 386978]] [5496546078.0, [124719.0, 5111919, 163578660, 164463, 77870628, 608475]] [302399520, [105, 195230, 6247200, 13150, 6247200, 52170]] [5056864312, [39856, 3327942, 106002464, 38734, 103509152, 831389]] [1630489500, [11302, 2197510, 69492784, 559622, 7768304, 60826]] [420460652022.0, [21519.0, 383608719, 12275433555, 10680855, 6137123727, 47946441]] [1683411416.0, [3246.0, 1491702, 47652928, 204702, 25506688, 200159]]
Arch_Param: [32, 2048, 1024, 4, 512, 128]
Samsung_cost: [39464048448.0, [25601321.0, 51203108, 1638358008, 2031652, 203074744, 1587489]] [15439452750, [9891951, 19783791, 633078564, 629871, 85328676, 668271]] [1289032020, [834580, 1669150, 53412640, 104990, 6677280, 52170]] [20995626668, [13613608, 27227206, 871270432, 309382, 108910624, 850868]] [1697631020, [1100550, 2201094, 70434864, 39302, 8804400, 68790]] [1183773618126, [767192703, 1534385247, 49100323923, 42720639, 6138057555, 47954907]] [38080948052, [24700987, 49401974, 1580863168, 2052022, 195940032, 1535135]]
Model_cost: [27560738952.0, [57605.0, 40282660, 1288904952, 10265764, 49400505, 386978]] [5496546078.0, [124719.0, 5111919, 163578660, 164463, 77870628, 608475]] [302399520, [105, 195230, 6247200, 13150, 6247200, 52170]] [5056864312, [39856, 3327942, 106002464, 38734, 103509152, 831389]] [1620622236, [11302, 2197510, 69492784, 111110, 7768304, 60826]] [420460652022.0, [21519.0, 383608719, 12275433555, 10680855, 6137123727, 47946441]] [1682406104.0, [3246.0, 1491702, 47652928, 159006, 25506688, 200159]]
Arch_Param: [32, 2048, 1024, 4, 512, 256]
Samsung_cost: [39464048448.0, [25601321.0, 51203108, 1638358008, 2031652, 203074744, 1587489]] [15439452750, [9891951, 19783791, 633078564, 629871, 85328676, 668271]] [1289032020, [834580, 1669150, 53412640, 104990, 6677280, 52170]] [20995626668, [13613608, 27227206, 871270432, 309382, 108910624, 850868]] [1697631020, [1100550, 2201094, 70434864, 39302, 8804400, 68790]] [1183773618126, [767192703, 1534385247, 49100323923, 42720639, 6138057555, 47954907]] [38080948052, [24700987, 49401974, 1580863168, 2052022, 195940032, 1535135]]
Model_cost: [27560738952.0, [57605.0, 40282660, 1288904952, 10265764, 49400505, 386978]] [5496546078.0, [124719.0, 5111919, 163578660, 164463, 77870628, 608475]] [302399520, [105, 195230, 6247200, 13150, 6247200, 52170]] [5056864312, [39856, 3327942, 106002464, 38734, 103509152, 831389]] [1620622236, [11302, 2197510, 69492784, 111110, 7768304, 60826]] [420460652022.0, [21519.0, 383608719, 12275433555, 10680855, 6137123727, 47946441]] [1682406104.0, [3246.0, 1491702, 47652928, 159006, 25506688, 200159]]
Arch_Param: [32, 2048, 1024, 4, 512, 512]
Samsung_cost: [39464048448.0, [25601321.0, 51203108, 1638358008, 2031652, 203074744, 1587489]] [15439452750, [9891951, 19783791, 633078564, 629871, 85328676, 668271]] [1289032020, [834580, 1669150, 53412640, 104990, 6677280, 52170]] [20995626668, [13613608, 27227206, 871270432, 309382, 108910624, 850868]] [1697631020, [1100550, 2201094, 70434864, 39302, 8804400, 68790]] [1183773618126, [767192703, 1534385247, 49100323923, 42720639, 6138057555, 47954907]] [38080948052, [24700987, 49401974, 1580863168, 2052022, 195940032, 1535135]]
Model_cost: [27381658952.0, [57605.0, 40282660, 1288904952, 2125764, 49400505, 386978]] [5496546078.0, [124719.0, 5111919, 163578660, 164463, 77870628, 608475]] [302399520, [105, 195230, 6247200, 13150, 6247200, 52170]] [5056864312, [39856, 3327942, 106002464, 38734, 103509152, 831389]] [1619991452, [11302, 2197510, 69492784, 82438, 7768304, 60826]] [420460652022.0, [21519.0, 383608719, 12275433555, 10680855, 6137123727, 47946441]] [1681731676.0, [3237.0, 1491702, 47652928, 128606, 25506688, 199967]]
Arch_Param: [32, 2048, 1024, 4, 1024, 64]
Samsung_cost: [39599881970.0, [25601321.0, 25614369, 1638358008, 12858401, 203074744, 1587489]] [15494097486, [9891951, 9891951, 633078564, 4912239, 85328676, 668271]] [1292564560, [834580, 834580, 53412640, 417300, 6677280, 52170]] [21084116000, [13613608, 13613608, 871270432, 6806824, 108910624, 850868]] [1704470316, [1100550, 1100550, 70434864, 550278, 8804400, 68790]] [1188204238926, [767192703, 767192703, 49100323923, 383602047, 6138057555, 47954907]] [38211774934, [24700987, 24700987, 1580863168, 12489787, 195940032, 1535135]]
Model_cost: [27481344058.0, [57605.0, 20433953, 1288904952, 10265761, 49400505, 386978]] [5486322462.0, [124719.0, 2556015, 163578660, 164463, 77870628, 608475]] [302034460, [105, 104020, 6247200, 13140, 6247200, 52170]] [5050274348, [39856, 1680616, 106002464, 38704, 103509152, 831389]] [1625111260, [11286, 1094662, 69427248, 576006, 7767792, 60762]] [419693437974.0, [21519.0, 191805207, 12275433555, 10680855, 6137123727, 47946441]] [1680220890.0, [3246.0, 763387, 47652928, 192099, 25506688, 200159]]
Arch_Param: [32, 2048, 1024, 4, 1024, 128]
Samsung_cost: [39361693426.0, [25601321.0, 25614369, 1638358008, 2031649, 203074744, 1587489]] [15399885390, [9891951, 9891951, 633078564, 629871, 85328676, 668271]] [1285693520, [834580, 834580, 53412640, 104980, 6677280, 52170]] [20941171616, [13613608, 13613608, 871270432, 309352, 108910624, 850868]] [1693228844, [1100550, 1100550, 70434864, 39302, 8804400, 68790]] [1180704847950, [767192703, 767192703, 49100323923, 42720639, 6138057555, 47954907]] [37982142806, [24700987, 24700987, 1580863168, 2051963, 195940032, 1535135]]
Model_cost: [27481344058.0, [57605.0, 20433953, 1288904952, 10265761, 49400505, 386978]] [5486322462.0, [124719.0, 2556015, 163578660, 164463, 77870628, 608475]] [302034460, [105, 104020, 6247200, 13140, 6247200, 52170]] [5050274348, [39856, 1680616, 106002464, 38704, 103509152, 831389]] [1615243996, [11286, 1094662, 69427248, 127494, 7767792, 60762]] [419693437974.0, [21519.0, 191805207, 12275433555, 10680855, 6137123727, 47946441]] [1679215578.0, [3246.0, 763387, 47652928, 146403, 25506688, 200159]]
Arch_Param: [32, 2048, 1024, 4, 1024, 256]
Samsung_cost: [39361693426.0, [25601321.0, 25614369, 1638358008, 2031649, 203074744, 1587489]] [15399885390, [9891951, 9891951, 633078564, 629871, 85328676, 668271]] [1285693520, [834580, 834580, 53412640, 104980, 6677280, 52170]] [20941171616, [13613608, 13613608, 871270432, 309352, 108910624, 850868]] [1693228844, [1100550, 1100550, 70434864, 39302, 8804400, 68790]] [1180704847950, [767192703, 767192703, 49100323923, 42720639, 6138057555, 47954907]] [37982142806, [24700987, 24700987, 1580863168, 2051963, 195940032, 1535135]]
Model_cost: [27481344058.0, [57605.0, 20433953, 1288904952, 10265761, 49400505, 386978]] [5486322462.0, [124719.0, 2556015, 163578660, 164463, 77870628, 608475]] [302034460, [105, 104020, 6247200, 13140, 6247200, 52170]] [5050274348, [39856, 1680616, 106002464, 38704, 103509152, 831389]] [1615243996, [11286, 1094662, 69427248, 127494, 7767792, 60762]] [419693437974.0, [21519.0, 191805207, 12275433555, 10680855, 6137123727, 47946441]] [1679215578.0, [3246.0, 763387, 47652928, 146403, 25506688, 200159]]
Arch_Param: [32, 2048, 1024, 4, 1024, 512]
Samsung_cost: [39361693426.0, [25601321.0, 25614369, 1638358008, 2031649, 203074744, 1587489]] [15399885390, [9891951, 9891951, 633078564, 629871, 85328676, 668271]] [1285693520, [834580, 834580, 53412640, 104980, 6677280, 52170]] [20941171616, [13613608, 13613608, 871270432, 309352, 108910624, 850868]] [1693228844, [1100550, 1100550, 70434864, 39302, 8804400, 68790]] [1180704847950, [767192703, 767192703, 49100323923, 42720639, 6138057555, 47954907]] [37982142806, [24700987, 24700987, 1580863168, 2051963, 195940032, 1535135]]
Model_cost: [27302264058.0, [57605.0, 20433953, 1288904952, 2125761, 49400505, 386978]] [5486322462.0, [124719.0, 2556015, 163578660, 164463, 77870628, 608475]] [302034460, [105, 104020, 6247200, 13140, 6247200, 52170]] [5050274348, [39856, 1680616, 106002464, 38704, 103509152, 831389]] [1614613212, [11286, 1094662, 69427248, 98822, 7767792, 60762]] [419693437974.0, [21519.0, 191805207, 12275433555, 10680855, 6137123727, 47946441]] [1678483550.0, [3237.0, 748987, 47652928, 116003, 25506688, 199967]]
Arch_Param: [32, 2048, 1024, 8, 256, 64]
Samsung_cost: [20003060786.0, [12827945.0, 51312193, 820923384, 6444097, 102001848, 797857]] [15612799566, [9891951, 39567471, 633078564, 4912239, 85328676, 668271]] [1302580060, [834580, 3338290, 53412640, 417330, 6677280, 52170]] [21247481156, [13613608, 54454402, 871270432, 6806914, 108910624, 850868]] [1600408332, [1025414, 4101638, 65626160, 512710, 8203312, 64094]] [1197410549454, [767192703, 3068770335, 49100323923, 383602047, 6138057555, 47954907]] [37579172816, [24086587, 96346348, 1541541568, 12113132, 192138944, 1505439]]
Model_cost: [15058540998.0, [29754.0, 41814593, 668963704, 5323905, 49400505, 386978]] [3930528414.0, [117711.0, 5333103, 85328676, 86895, 77870628, 608475]] [303180840, [105, 390450, 6247200, 13170, 6247200, 52170]] [5070095440, [39856, 6635394, 106002464, 38794, 103509152, 831389]] [924211164, [5654, 2171654, 34746416, 55558, 7768304, 60826]] [297594657966.0, [15831.0, 383626383, 6138012243, 5340891, 6137123727, 47946441]] [1387154696.0, [1913.0, 2055020, 32839552, 104468, 25506688, 200159]]
Arch_Param: [32, 2048, 1024, 8, 256, 128]
Samsung_cost: [19883808818.0, [12827945.0, 51312193, 820923384, 1023553, 102001848, 797857]] [15518587470, [9891951, 39567471, 633078564, 629871, 85328676, 668271]] [1295709020, [834580, 3338290, 53412640, 105010, 6677280, 52170]] [21104536772, [13613608, 54454402, 871270432, 309442, 108910624, 850868]] [1589853964, [1025414, 4101638, 65626160, 32966, 8203312, 64094]] [1189911158478, [767192703, 3068770335, 49100323923, 42720639, 6138057555, 47954907]] [37352964944, [24086587, 96346348, 1541541568, 1830956, 192138944, 1505439]]
Model_cost: [15058540998.0, [29754.0, 41814593, 668963704, 5323905, 49400505, 386978]] [3930528414.0, [117711.0, 5333103, 85328676, 86895, 77870628, 608475]] [303180840, [105, 390450, 6247200, 13170, 6247200, 52170]] [5070095440, [39856, 6635394, 106002464, 38794, 103509152, 831389]] [924211164, [5654, 2171654, 34746416, 55558, 7768304, 60826]] [297594657966.0, [15831.0, 383626383, 6138012243, 5340891, 6137123727, 47946441]] [1387154696.0, [1913.0, 2055020, 32839552, 104468, 25506688, 200159]]
Arch_Param: [32, 2048, 1024, 8, 256, 256]
Samsung_cost: [19883808818.0, [12827945.0, 51312193, 820923384, 1023553, 102001848, 797857]] [15518587470, [9891951, 39567471, 633078564, 629871, 85328676, 668271]] [1295709020, [834580, 3338290, 53412640, 105010, 6677280, 52170]] [21104536772, [13613608, 54454402, 871270432, 309442, 108910624, 850868]] [1589853964, [1025414, 4101638, 65626160, 32966, 8203312, 64094]] [1189911158478, [767192703, 3068770335, 49100323923, 42720639, 6138057555, 47954907]] [37352964944, [24086587, 96346348, 1541541568, 1830956, 192138944, 1505439]]
Model_cost: [14965419398.0, [29754.0, 41814593, 668963704, 1091105, 49400505, 386978]] [3930528414.0, [117711.0, 5333103, 85328676, 86895, 77870628, 608475]] [303180840, [105, 390450, 6247200, 13170, 6247200, 52170]] [5070095440, [39856, 6635394, 106002464, 38794, 103509152, 831389]] [923895772, [5654, 2171654, 34746416, 41222, 7768304, 60826]] [297594657966.0, [15831.0, 383626383, 6138012243, 5340891, 6137123727, 47946441]] [1386801292.0, [1904.0, 2055020, 32839552, 88660, 25506688, 199967]]
Arch_Param: [32, 2048, 1024, 8, 512, 64]
Samsung_cost: [19900436800.0, [12827945.0, 25656356, 820923384, 6444068, 102001848, 797857]] [15533664846, [9891951, 19783791, 633078564, 4912239, 85328676, 668271]] [1295903060, [834580, 1669150, 53412640, 417310, 6677280, 52170]] [21138571052, [13613608, 27227206, 871270432, 6806854, 108910624, 850868]] [1592205068, [1025414, 2050822, 65626160, 512710, 8203312, 64094]] [1191273009102, [767192703, 1534385247, 49100323923, 383602047, 6138057555, 47954907]] [37386477524, [24086587, 48173174, 1541541568, 12113014, 192138944, 1505439]]
Model_cost: [14974912212.0, [29754.0, 20907556, 668963704, 5323876, 49400505, 386978]] [3919862430.0, [117711.0, 2666607, 85328676, 86895, 77870628, 608475]] [302399520, [105, 195230, 6247200, 13150, 6247200, 52170]] [5056864312, [39856, 3327942, 106002464, 38734, 103509152, 831389]] [919919580, [5654, 1098758, 34746416, 55558, 7768304, 60826]] [296827407054.0, [15831.0, 191813655, 6138012243, 5340891, 6137123727, 47946441]] [1382697100.0, [1913.0, 1027510, 32839552, 88670, 25506688, 200159]]
Arch_Param: [32, 2048, 1024, 8, 512, 128]
Samsung_cost: [19781184832.0, [12827945.0, 25656356, 820923384, 1023524, 102001848, 797857]] [15439452750, [9891951, 19783791, 633078564, 629871, 85328676, 668271]] [1289032020, [834580, 1669150, 53412640, 104990, 6677280, 52170]] [20995626668, [13613608, 27227206, 871270432, 309382, 108910624, 850868]] [1581650700, [1025414, 2050822, 65626160, 32966, 8203312, 64094]] [1183773618126, [767192703, 1534385247, 49100323923, 42720639, 6138057555, 47954907]] [37160269652, [24086587, 48173174, 1541541568, 1830838, 192138944, 1505439]]
Model_cost: [14974912212.0, [29754.0, 20907556, 668963704, 5323876, 49400505, 386978]] [3919862430.0, [117711.0, 2666607, 85328676, 86895, 77870628, 608475]] [302399520, [105, 195230, 6247200, 13150, 6247200, 52170]] [5056864312, [39856, 3327942, 106002464, 38734, 103509152, 831389]] [919919580, [5654, 1098758, 34746416, 55558, 7768304, 60826]] [296827407054.0, [15831.0, 191813655, 6138012243, 5340891, 6137123727, 47946441]] [1382697100.0, [1913.0, 1027510, 32839552, 88670, 25506688, 200159]]
Arch_Param: [32, 2048, 1024, 8, 512, 256]
Samsung_cost: [19781184832.0, [12827945.0, 25656356, 820923384, 1023524, 102001848, 797857]] [15439452750, [9891951, 19783791, 633078564, 629871, 85328676, 668271]] [1289032020, [834580, 1669150, 53412640, 104990, 6677280, 52170]] [20995626668, [13613608, 27227206, 871270432, 309382, 108910624, 850868]] [1581650700, [1025414, 2050822, 65626160, 32966, 8203312, 64094]] [1183773618126, [767192703, 1534385247, 49100323923, 42720639, 6138057555, 47954907]] [37160269652, [24086587, 48173174, 1541541568, 1830838, 192138944, 1505439]]
Model_cost: [14881790612.0, [29754.0, 20907556, 668963704, 1091076, 49400505, 386978]] [3919862430.0, [117711.0, 2666607, 85328676, 86895, 77870628, 608475]] [302399520, [105, 195230, 6247200, 13150, 6247200, 52170]] [5056864312, [39856, 3327942, 106002464, 38734, 103509152, 831389]] [919604188, [5654, 1098758, 34746416, 41222, 7768304, 60826]] [296827407054.0, [15831.0, 191813655, 6138012243, 5340891, 6137123727, 47946441]] [1382343696.0, [1904.0, 1027510, 32839552, 72862, 25506688, 199967]]
Arch_Param: [32, 2048, 1024, 8, 512, 512]
Samsung_cost: [19781184832.0, [12827945.0, 25656356, 820923384, 1023524, 102001848, 797857]] [15439452750, [9891951, 19783791, 633078564, 629871, 85328676, 668271]] [1289032020, [834580, 1669150, 53412640, 104990, 6677280, 52170]] [20995626668, [13613608, 27227206, 871270432, 309382, 108910624, 850868]] [1581650700, [1025414, 2050822, 65626160, 32966, 8203312, 64094]] [1183773618126, [767192703, 1534385247, 49100323923, 42720639, 6138057555, 47954907]] [37160269652, [24086587, 48173174, 1541541568, 1830838, 192138944, 1505439]]
Model_cost: [14881790612.0, [29754.0, 20907556, 668963704, 1091076, 49400505, 386978]] [3919862430.0, [117711.0, 2666607, 85328676, 86895, 77870628, 608475]] [302399520, [105, 195230, 6247200, 13150, 6247200, 52170]] [5056864312, [39856, 3327942, 106002464, 38734, 103509152, 831389]] [919248892, [5646, 1090566, 34713648, 24838, 7792880, 61018]] [296827407054.0, [15831.0, 191813655, 6138012243, 5340891, 6137123727, 47946441]] [1382343696.0, [1904.0, 1027510, 32839552, 72862, 25506688, 199967]]
Arch_Param: [32, 2048, 1024, 8, 1024, 64]
Samsung_cost: [19849150706.0, [12827945.0, 12834849, 820923384, 6444065, 102001848, 797857]] [15494097486, [9891951, 9891951, 633078564, 4912239, 85328676, 668271]] [1292564560, [834580, 834580, 53412640, 417300, 6677280, 52170]] [21084116000, [13613608, 13613608, 871270432, 6806824, 108910624, 850868]] [1588103436, [1025414, 1025414, 65626160, 512710, 8203312, 64094]] [1188204238926, [767192703, 767192703, 49100323923, 383602047, 6138057555, 47954907]] [37290129878, [24086587, 24086587, 1541541568, 12112955, 192138944, 1505439]]
Model_cost: [14933682822.0, [29754.0, 10600225, 668963704, 5323873, 49400505, 386978]] [3914529438.0, [117711.0, 1333359, 85328676, 86895, 77870628, 608475]] [302034460, [105, 104020, 6247200, 13140, 6247200, 52170]] [5050274348, [39856, 1680616, 106002464, 38704, 103509152, 831389]] [917222396, [5646, 547334, 34713648, 63750, 7767792, 60762]] [296443781598.0, [15831.0, 95907291, 6138012243, 5340891, 6137123727, 47946441]] [1380539022.0, [1913.0, 522811, 32839552, 82339, 25506688, 200159]]
Arch_Param: [32, 2048, 1024, 8, 1024, 128]
Samsung_cost: [19729898738.0, [12827945.0, 12834849, 820923384, 1023521, 102001848, 797857]] [15399885390, [9891951, 9891951, 633078564, 629871, 85328676, 668271]] [1285693520, [834580, 834580, 53412640, 104980, 6677280, 52170]] [20941171616, [13613608, 13613608, 871270432, 309352, 108910624, 850868]] [1577549068, [1025414, 1025414, 65626160, 32966, 8203312, 64094]] [1180704847950, [767192703, 767192703, 49100323923, 42720639, 6138057555, 47954907]] [37063922006, [24086587, 24086587, 1541541568, 1830779, 192138944, 1505439]]
Model_cost: [14933682822.0, [29754.0, 10600225, 668963704, 5323873, 49400505, 386978]] [3914529438.0, [117711.0, 1333359, 85328676, 86895, 77870628, 608475]] [302034460, [105, 104020, 6247200, 13140, 6247200, 52170]] [5050274348, [39856, 1680616, 106002464, 38704, 103509152, 831389]] [917222396, [5646, 547334, 34713648, 63750, 7767792, 60762]] [296443781598.0, [15831.0, 95907291, 6138012243, 5340891, 6137123727, 47946441]] [1380539022.0, [1913.0, 522811, 32839552, 82339, 25506688, 200159]]
Arch_Param: [32, 2048, 1024, 8, 1024, 256]
Samsung_cost: [19729898738.0, [12827945.0, 12834849, 820923384, 1023521, 102001848, 797857]] [15399885390, [9891951, 9891951, 633078564, 629871, 85328676, 668271]] [1285693520, [834580, 834580, 53412640, 104980, 6677280, 52170]] [20941171616, [13613608, 13613608, 871270432, 309352, 108910624, 850868]] [1577549068, [1025414, 1025414, 65626160, 32966, 8203312, 64094]] [1180704847950, [767192703, 767192703, 49100323923, 42720639, 6138057555, 47954907]] [37063922006, [24086587, 24086587, 1541541568, 1830779, 192138944, 1505439]]
Model_cost: [14840561222.0, [29754.0, 10600225, 668963704, 1091073, 49400505, 386978]] [3914529438.0, [117711.0, 1333359, 85328676, 86895, 77870628, 608475]] [302034460, [105, 104020, 6247200, 13140, 6247200, 52170]] [5050274348, [39856, 1680616, 106002464, 38704, 103509152, 831389]] [916907004, [5646, 547334, 34713648, 49414, 7767792, 60762]] [296443781598.0, [15831.0, 95907291, 6138012243, 5340891, 6137123727, 47946441]] [1380155666.0, [1904.0, 515323, 32839552, 66531, 25506688, 199967]]
Arch_Param: [32, 2048, 1024, 8, 1024, 512]
Samsung_cost: [19729898738.0, [12827945.0, 12834849, 820923384, 1023521, 102001848, 797857]] [15399885390, [9891951, 9891951, 633078564, 629871, 85328676, 668271]] [1285693520, [834580, 834580, 53412640, 104980, 6677280, 52170]] [20941171616, [13613608, 13613608, 871270432, 309352, 108910624, 850868]] [1577549068, [1025414, 1025414, 65626160, 32966, 8203312, 64094]] [1180704847950, [767192703, 767192703, 49100323923, 42720639, 6138057555, 47954907]] [37063922006, [24086587, 24086587, 1541541568, 1830779, 192138944, 1505439]]
Model_cost: [14840561222.0, [29754.0, 10600225, 668963704, 1091073, 49400505, 386978]] [3914529438.0, [117711.0, 1333359, 85328676, 86895, 77870628, 608475]] [302034460, [105, 104020, 6247200, 13140, 6247200, 52170]] [5050274348, [39856, 1680616, 106002464, 38704, 103509152, 831389]] [916907004, [5646, 547334, 34713648, 49414, 7767792, 60762]] [296443781598.0, [15831.0, 95907291, 6138012243, 5340891, 6137123727, 47946441]] [1380155666.0, [1904.0, 515323, 32839552, 66531, 25506688, 199967]]
Arch_Param: [32, 2048, 1024, 16, 256, 64]
Samsung_cost: [10051067186.0, [6441257.0, 25765441, 412206072, 3236929, 51465400, 403041]] [15612799566, [9891951, 39567471, 633078564, 4912239, 85328676, 668271]] [1302580060, [834580, 3338290, 53412640, 417330, 6677280, 52170]] [21247481156, [13613608, 54454402, 871270432, 6806914, 108910624, 850868]] [1541774076, [987846, 3951366, 63221808, 493926, 7902768, 61746]] [1197410549454, [767192703, 3068770335, 49100323923, 383602047, 6138057555, 47954907]] [37114663888, [23779387, 95117548, 1521880768, 11924716, 190238400, 1490591]]
Model_cost: [8729604058.0, [15853.0, 22447809, 359126200, 2854337, 49400505, 386978]] [3930528414.0, [117711.0, 5333103, 85328676, 86895, 77870628, 608475]] [303180840, [105, 390450, 6247200, 13170, 6247200, 52170]] [5070095440, [39856, 6635394, 106002464, 38794, 103509152, 831389]] [571714044, [2830, 1085830, 17373232, 27782, 7768304, 60826]] [297594657966.0, [15831.0, 383626383, 6138012243, 5340891, 6137123727, 47946441]] [1298753476.0, [1362.0, 1783660, 28517760, 65172, 25506688, 200159]]
Arch_Param: [32, 2048, 1024, 16, 256, 128]
Samsung_cost: [9991283506.0, [6441257.0, 25765441, 412206072, 519489, 51465400, 403041]] [15518587470, [9891951, 39567471, 633078564, 629871, 85328676, 668271]] [1295709020, [834580, 3338290, 53412640, 105010, 6677280, 52170]] [21104536772, [13613608, 54454402, 871270432, 309442, 108910624, 850868]] [1531563260, [987846, 3951366, 63221808, 29798, 7902768, 61746]] [1189911158478, [767192703, 3068770335, 49100323923, 42720639, 6138057555, 47954907]] [36890168144, [23779387, 95117548, 1521880768, 1720364, 190238400, 1490591]]
Model_cost: [8679461658.0, [15853.0, 22447809, 359126200, 575137, 49400505, 386978]] [3930528414.0, [117711.0, 5333103, 85328676, 86895, 77870628, 608475]] [303180840, [105, 390450, 6247200, 13170, 6247200, 52170]] [5070095440, [39856, 6635394, 106002464, 38794, 103509152, 831389]] [571556348, [2830, 1085830, 17373232, 20614, 7768304, 60826]] [297594657966.0, [15831.0, 383626383, 6138012243, 5340891, 6137123727, 47946441]] [1298560584.0, [1353.0, 1783660, 28517760, 56660, 25506688, 199967]]
Arch_Param: [32, 2048, 1024, 16, 256, 256]
Samsung_cost: [9991283506.0, [6441257.0, 25765441, 412206072, 519489, 51465400, 403041]] [15518587470, [9891951, 39567471, 633078564, 629871, 85328676, 668271]] [1295709020, [834580, 3338290, 53412640, 105010, 6677280, 52170]] [21104536772, [13613608, 54454402, 871270432, 309442, 108910624, 850868]] [1531563260, [987846, 3951366, 63221808, 29798, 7902768, 61746]] [1189911158478, [767192703, 3068770335, 49100323923, 42720639, 6138057555, 47954907]] [36890168144, [23779387, 95117548, 1521880768, 1720364, 190238400, 1490591]]
Model_cost: [8679461658.0, [15853.0, 22447809, 359126200, 575137, 49400505, 386978]] [3930528414.0, [117711.0, 5333103, 85328676, 86895, 77870628, 608475]] [303180840, [105, 390450, 6247200, 13170, 6247200, 52170]] [5070095440, [39856, 6635394, 106002464, 38794, 103509152, 831389]] [571556348, [2830, 1085830, 17373232, 20614, 7768304, 60826]] [297594657966.0, [15831.0, 383626383, 6138012243, 5340891, 6137123727, 47946441]] [1298560584.0, [1353.0, 1783660, 28517760, 56660, 25506688, 199967]]
Arch_Param: [32, 2048, 1024, 16, 512, 64]
Samsung_cost: [9999536704.0, [6441257.0, 12882980, 412206072, 3236900, 51465400, 403041]] [15533664846, [9891951, 19783791, 633078564, 4912239, 85328676, 668271]] [1295903060, [834580, 1669150, 53412640, 417310, 6677280, 52170]] [21138571052, [13613608, 27227206, 871270432, 6806854, 108910624, 850868]] [1533871356, [987846, 1975686, 63221808, 493926, 7902768, 61746]] [1191273009102, [767192703, 1534385247, 49100323923, 383602047, 6138057555, 47954907]] [36924426196, [23779387, 47558774, 1521880768, 11924598, 190238400, 1490591]]
Model_cost: [8684708840.0, [15853.0, 11224164, 359126200, 2854308, 49400505, 386978]] [3919862430.0, [117711.0, 2666607, 85328676, 86895, 77870628, 608475]] [302399520, [105, 195230, 6247200, 13150, 6247200, 52170]] [5056864312, [39856, 3327942, 106002464, 38734, 103509152, 831389]] [569568252, [2830, 549382, 17373232, 27782, 7768304, 60826]] [296827407054.0, [15831.0, 191813655, 6138012243, 5340891, 6137123727, 47946441]] [1295007560.0, [1362.0, 891830, 28517760, 57054, 25506688, 200159]]
Arch_Param: [32, 2048, 1024, 16, 512, 128]
Samsung_cost: [9939753024.0, [6441257.0, 12882980, 412206072, 519460, 51465400, 403041]] [15439452750, [9891951, 19783791, 633078564, 629871, 85328676, 668271]] [1289032020, [834580, 1669150, 53412640, 104990, 6677280, 52170]] [20995626668, [13613608, 27227206, 871270432, 309382, 108910624, 850868]] [1523660540, [987846, 1975686, 63221808, 29798, 7902768, 61746]] [1183773618126, [767192703, 1534385247, 49100323923, 42720639, 6138057555, 47954907]] [36699930452, [23779387, 47558774, 1521880768, 1720246, 190238400, 1490591]]
Model_cost: [8634566440.0, [15853.0, 11224164, 359126200, 575108, 49400505, 386978]] [3919862430.0, [117711.0, 2666607, 85328676, 86895, 77870628, 608475]] [302399520, [105, 195230, 6247200, 13150, 6247200, 52170]] [5056864312, [39856, 3327942, 106002464, 38734, 103509152, 831389]] [569410556, [2830, 549382, 17373232, 20614, 7768304, 60826]] [296827407054.0, [15831.0, 191813655, 6138012243, 5340891, 6137123727, 47946441]] [1294814668.0, [1353.0, 891830, 28517760, 48542, 25506688, 199967]]
Arch_Param: [32, 2048, 1024, 16, 512, 256]
Samsung_cost: [9939753024.0, [6441257.0, 12882980, 412206072, 519460, 51465400, 403041]] [15439452750, [9891951, 19783791, 633078564, 629871, 85328676, 668271]] [1289032020, [834580, 1669150, 53412640, 104990, 6677280, 52170]] [20995626668, [13613608, 27227206, 871270432, 309382, 108910624, 850868]] [1523660540, [987846, 1975686, 63221808, 29798, 7902768, 61746]] [1183773618126, [767192703, 1534385247, 49100323923, 42720639, 6138057555, 47954907]] [36699930452, [23779387, 47558774, 1521880768, 1720246, 190238400, 1490591]]
Model_cost: [8634566440.0, [15853.0, 11224164, 359126200, 575108, 49400505, 386978]] [3919862430.0, [117711.0, 2666607, 85328676, 86895, 77870628, 608475]] [302399520, [105, 195230, 6247200, 13150, 6247200, 52170]] [5056864312, [39856, 3327942, 106002464, 38734, 103509152, 831389]] [569410556, [2830, 549382, 17373232, 20614, 7768304, 60826]] [296827407054.0, [15831.0, 191813655, 6138012243, 5340891, 6137123727, 47946441]] [1294814668.0, [1353.0, 891830, 28517760, 48542, 25506688, 199967]]
Arch_Param: [32, 2048, 1024, 16, 512, 512]
Samsung_cost: [9939753024.0, [6441257.0, 12882980, 412206072, 519460, 51465400, 403041]] [15439452750, [9891951, 19783791, 633078564, 629871, 85328676, 668271]] [1289032020, [834580, 1669150, 53412640, 104990, 6677280, 52170]] [20995626668, [13613608, 27227206, 871270432, 309382, 108910624, 850868]] [1523660540, [987846, 1975686, 63221808, 29798, 7902768, 61746]] [1183773618126, [767192703, 1534385247, 49100323923, 42720639, 6138057555, 47954907]] [36699930452, [23779387, 47558774, 1521880768, 1720246, 190238400, 1490591]]
Model_cost: [8633892012.0, [15844.0, 11224164, 359126200, 544708, 49400505, 386786]] [3919862430.0, [117711.0, 2666607, 85328676, 86895, 77870628, 608475]] [302399520, [105, 195230, 6247200, 13150, 6247200, 52170]] [5056864312, [39856, 3327942, 106002464, 38734, 103509152, 831389]] [568807376, [2826, 543942, 17356848, 9830, 7767792, 60753]] [296827407054.0, [15831.0, 191813655, 6138012243, 5340891, 6137123727, 47946441]] [1294673868.0, [1353.0, 891830, 28517760, 42142, 25506688, 199967]]
Arch_Param: [32, 2048, 1024, 16, 1024, 64]
Samsung_cost: [9973785074.0, [6441257.0, 6445089, 412206072, 3236897, 51465400, 403041]] [15494097486, [9891951, 9891951, 633078564, 4912239, 85328676, 668271]] [1292564560, [834580, 834580, 53412640, 417300, 6677280, 52170]] [21084116000, [13613608, 13613608, 871270432, 6806824, 108910624, 850868]] [1529919996, [987846, 987846, 63221808, 493926, 7902768, 61746]] [1188204238926, [767192703, 767192703, 49100323923, 383602047, 6138057555, 47954907]] [36829307350, [23779387, 23779387, 1521880768, 11924539, 190238400, 1490591]]
Model_cost: [8662555034.0, [15853.0, 5685729, 359126200, 2854305, 49400505, 386978]] [3914529438.0, [117711.0, 1333359, 85328676, 86895, 77870628, 608475]] [302034460, [105, 104020, 6247200, 13140, 6247200, 52170]] [5050274348, [39856, 1680616, 106002464, 38704, 103509152, 831389]] [568211596, [2826, 273670, 17356848, 31878, 7767792, 60762]] [296443781598.0, [15831.0, 95907291, 6138012243, 5340891, 6137123727, 47946441]] [1293171530.0, [1362.0, 450747, 28517760, 53795, 25506688, 200159]]
Arch_Param: [32, 2048, 1024, 16, 1024, 128]
Samsung_cost: [9914001394.0, [6441257.0, 6445089, 412206072, 519457, 51465400, 403041]] [15399885390, [9891951, 9891951, 633078564, 629871, 85328676, 668271]] [1285693520, [834580, 834580, 53412640, 104980, 6677280, 52170]] [20941171616, [13613608, 13613608, 871270432, 309352, 108910624, 850868]] [1519709180, [987846, 987846, 63221808, 29798, 7902768, 61746]] [1180704847950, [767192703, 767192703, 49100323923, 42720639, 6138057555, 47954907]] [36604811606, [23779387, 23779387, 1521880768, 1720187, 190238400, 1490591]]
Model_cost: [8612412634.0, [15853.0, 5685729, 359126200, 575105, 49400505, 386978]] [3914529438.0, [117711.0, 1333359, 85328676, 86895, 77870628, 608475]] [302034460, [105, 104020, 6247200, 13140, 6247200, 52170]] [5050274348, [39856, 1680616, 106002464, 38704, 103509152, 831389]] [568053900, [2826, 273670, 17356848, 24710, 7767792, 60762]] [296443781598.0, [15831.0, 95907291, 6138012243, 5340891, 6137123727, 47946441]] [1292962510.0, [1353.0, 446715, 28517760, 45283, 25506688, 199967]]
Arch_Param: [32, 2048, 1024, 16, 1024, 256]
Samsung_cost: [9914001394.0, [6441257.0, 6445089, 412206072, 519457, 51465400, 403041]] [15399885390, [9891951, 9891951, 633078564, 629871, 85328676, 668271]] [1285693520, [834580, 834580, 53412640, 104980, 6677280, 52170]] [20941171616, [13613608, 13613608, 871270432, 309352, 108910624, 850868]] [1519709180, [987846, 987846, 63221808, 29798, 7902768, 61746]] [1180704847950, [767192703, 767192703, 49100323923, 42720639, 6138057555, 47954907]] [36604811606, [23779387, 23779387, 1521880768, 1720187, 190238400, 1490591]]
Model_cost: [8612412634.0, [15853.0, 5685729, 359126200, 575105, 49400505, 386978]] [3914529438.0, [117711.0, 1333359, 85328676, 86895, 77870628, 608475]] [302034460, [105, 104020, 6247200, 13140, 6247200, 52170]] [5050274348, [39856, 1680616, 106002464, 38704, 103509152, 831389]] [568053900, [2826, 273670, 17356848, 24710, 7767792, 60762]] [296443781598.0, [15831.0, 95907291, 6138012243, 5340891, 6137123727, 47946441]] [1292962510.0, [1353.0, 446715, 28517760, 45283, 25506688, 199967]]
Arch_Param: [32, 2048, 1024, 16, 1024, 512]
Samsung_cost: [9914001394.0, [6441257.0, 6445089, 412206072, 519457, 51465400, 403041]] [15399885390, [9891951, 9891951, 633078564, 629871, 85328676, 668271]] [1285693520, [834580, 834580, 53412640, 104980, 6677280, 52170]] [20941171616, [13613608, 13613608, 871270432, 309352, 108910624, 850868]] [1519709180, [987846, 987846, 63221808, 29798, 7902768, 61746]] [1180704847950, [767192703, 767192703, 49100323923, 42720639, 6138057555, 47954907]] [36604811606, [23779387, 23779387, 1521880768, 1720187, 190238400, 1490591]]
Model_cost: [8611680606.0, [15844.0, 5671329, 359126200, 544705, 49400505, 386786]] [3914529438.0, [117711.0, 1333359, 85328676, 86895, 77870628, 608475]] [302034460, [105, 104020, 6247200, 13140, 6247200, 52170]] [5050274348, [39856, 1680616, 106002464, 38704, 103509152, 831389]] [567723600, [2826, 272998, 17356848, 9830, 7767792, 60753]] [296443781598.0, [15831.0, 95907291, 6138012243, 5340891, 6137123727, 47946441]] [1292892110.0, [1353.0, 446715, 28517760, 42083, 25506688, 199967]]
Arch_Param: [32, 2048, 1024, 32, 256, 64]
Samsung_cost: [9801706802.0, [6277929.0, 25112129, 401768440, 3146817, 50351288, 394337]] [15612799566, [9891951, 39567471, 633078564, 4912239, 85328676, 668271]] [1302580060, [834580, 3338290, 53412640, 417330, 6677280, 52170]] [21247481156, [13613608, 54454402, 871270432, 6806914, 108910624, 850868]] [1525242612, [977254, 3908998, 62543920, 488630, 7818032, 61084]] [1197410549454, [767192703, 3068770335, 49100323923, 383602047, 6138057555, 47954907]] [37063521232, [23746619, 94986476, 1519783616, 11908332, 189976256, 1488543]]
Model_cost: [5537633626.0, [8909.0, 12767937, 204263608, 317761, 49400505, 386978]] [3930528414.0, [117711.0, 5333103, 85328676, 86895, 77870628, 608475]] [303180840, [105, 390450, 6247200, 13170, 6247200, 52170]] [5070095440, [39856, 6635394, 106002464, 38794, 103509152, 831389]] [395386636, [1418, 542918, 8686640, 10310, 7768304, 60826]] [297594657966.0, [15831.0, 383626383, 6138012243, 5340891, 6137123727, 47946441]] [1254440216.0, [1077.0, 1647980, 26356864, 40660, 25506688, 199967]]
Arch_Param: [32, 2048, 1024, 32, 256, 128]
Samsung_cost: [9743094578.0, [6277929.0, 25112129, 401768440, 482625, 50351288, 394337]] [15518587470, [9891951, 39567471, 633078564, 629871, 85328676, 668271]] [1295709020, [834580, 3338290, 53412640, 105010, 6677280, 52170]] [21104536772, [13613608, 54454402, 871270432, 309442, 108910624, 850868]] [1515124724, [977254, 3908998, 62543920, 28726, 7818032, 61084]] [1189911158478, [767192703, 3068770335, 49100323923, 42720639, 6138057555, 47954907]] [36839205712, [23746619, 94986476, 1519783616, 1712172, 189976256, 1488543]]
Model_cost: [5537633626.0, [8909.0, 12767937, 204263608, 317761, 49400505, 386978]] [3930528414.0, [117711.0, 5333103, 85328676, 86895, 77870628, 608475]] [303180840, [105, 390450, 6247200, 13170, 6247200, 52170]] [5070095440, [39856, 6635394, 106002464, 38794, 103509152, 831389]] [395386636, [1418, 542918, 8686640, 10310, 7768304, 60826]] [297594657966.0, [15831.0, 383626383, 6138012243, 5340891, 6137123727, 47946441]] [1254440216.0, [1077.0, 1647980, 26356864, 40660, 25506688, 199967]]
Arch_Param: [32, 2048, 1024, 32, 256, 256]
Samsung_cost: [9743094578.0, [6277929.0, 25112129, 401768440, 482625, 50351288, 394337]] [15518587470, [9891951, 39567471, 633078564, 629871, 85328676, 668271]] [1295709020, [834580, 3338290, 53412640, 105010, 6677280, 52170]] [21104536772, [13613608, 54454402, 871270432, 309442, 108910624, 850868]] [1515124724, [977254, 3908998, 62543920, 28726, 7818032, 61084]] [1189911158478, [767192703, 3068770335, 49100323923, 42720639, 6138057555, 47954907]] [36839205712, [23746619, 94986476, 1519783616, 1712172, 189976256, 1488543]]
Model_cost: [5537280222.0, [8900.0, 12767937, 204263608, 301953, 49400505, 386786]] [3930528414.0, [117711.0, 5333103, 85328676, 86895, 77870628, 608475]] [303180840, [105, 390450, 6247200, 13170, 6247200, 52170]] [5070095440, [39856, 6635394, 106002464, 38794, 103509152, 831389]] [395087736, [1416, 542918, 8678448, 4918, 7767792, 60753]] [297594657966.0, [15831.0, 383626383, 6138012243, 5340891, 6137123727, 47946441]] [1254275480.0, [1077.0, 1647980, 26356864, 33172, 25506688, 199967]]
Arch_Param: [32, 2048, 1024, 32, 512, 64]
Samsung_cost: [9751482944.0, [6277929.0, 12556324, 401768440, 3146788, 50351288, 394337]] [15533664846, [9891951, 19783791, 633078564, 4912239, 85328676, 668271]] [1295903060, [834580, 1669150, 53412640, 417310, 6677280, 52170]] [21138571052, [13613608, 27227206, 871270432, 6806854, 108910624, 850868]] [1517424628, [977254, 1954502, 62543920, 488630, 7818032, 61084]] [1191273009102, [767192703, 1534385247, 49100323923, 383602047, 6138057555, 47954907]] [36873545684, [23746619, 47493238, 1519783616, 11908214, 189976256, 1488543]]
Model_cost: [5512098152.0, [8909.0, 6384228, 204263608, 317732, 49400505, 386978]] [3919862430.0, [117711.0, 2666607, 85328676, 86895, 77870628, 608475]] [302399520, [105, 195230, 6247200, 13150, 6247200, 52170]] [5056864312, [39856, 3327942, 106002464, 38734, 103509152, 831389]] [394305748, [1416, 272646, 8678448, 18502, 7767792, 60762]] [296827407054.0, [15831.0, 191813655, 6138012243, 5340891, 6137123727, 47946441]] [1251050140.0, [1077.0, 823990, 26356864, 36382, 25506688, 199967]]
Arch_Param: [32, 2048, 1024, 32, 512, 128]
Samsung_cost: [9692870720.0, [6277929.0, 12556324, 401768440, 482596, 50351288, 394337]] [15439452750, [9891951, 19783791, 633078564, 629871, 85328676, 668271]] [1289032020, [834580, 1669150, 53412640, 104990, 6677280, 52170]] [20995626668, [13613608, 27227206, 871270432, 309382, 108910624, 850868]] [1507306740, [977254, 1954502, 62543920, 28726, 7818032, 61084]] [1183773618126, [767192703, 1534385247, 49100323923, 42720639, 6138057555, 47954907]] [36649230164, [23746619, 47493238, 1519783616, 1712054, 189976256, 1488543]]
Model_cost: [5512098152.0, [8909.0, 6384228, 204263608, 317732, 49400505, 386978]] [3919862430.0, [117711.0, 2666607, 85328676, 86895, 77870628, 608475]] [302399520, [105, 195230, 6247200, 13150, 6247200, 52170]] [5056864312, [39856, 3327942, 106002464, 38734, 103509152, 831389]] [394305748, [1416, 272646, 8678448, 18502, 7767792, 60762]] [296827407054.0, [15831.0, 191813655, 6138012243, 5340891, 6137123727, 47946441]] [1251050140.0, [1077.0, 823990, 26356864, 36382, 25506688, 199967]]
Arch_Param: [32, 2048, 1024, 32, 512, 256]
Samsung_cost: [9692870720.0, [6277929.0, 12556324, 401768440, 482596, 50351288, 394337]] [15439452750, [9891951, 19783791, 633078564, 629871, 85328676, 668271]] [1289032020, [834580, 1669150, 53412640, 104990, 6677280, 52170]] [20995626668, [13613608, 27227206, 871270432, 309382, 108910624, 850868]] [1507306740, [977254, 1954502, 62543920, 28726, 7818032, 61084]] [1183773618126, [767192703, 1534385247, 49100323923, 42720639, 6138057555, 47954907]] [36649230164, [23746619, 47493238, 1519783616, 1712054, 189976256, 1488543]]
Model_cost: [5511744748.0, [8900.0, 6384228, 204263608, 301924, 49400505, 386786]] [3919862430.0, [117711.0, 2666607, 85328676, 86895, 77870628, 608475]] [302399520, [105, 195230, 6247200, 13150, 6247200, 52170]] [5056864312, [39856, 3327942, 106002464, 38734, 103509152, 831389]] [394003960, [1416, 271974, 8678448, 4918, 7767792, 60753]] [296827407054.0, [15831.0, 191813655, 6138012243, 5340891, 6137123727, 47946441]] [1250976924.0, [1077.0, 823990, 26356864, 33054, 25506688, 199967]]
Arch_Param: [32, 2048, 1024, 32, 512, 512]
Samsung_cost: [9692870720.0, [6277929.0, 12556324, 401768440, 482596, 50351288, 394337]] [15439452750, [9891951, 19783791, 633078564, 629871, 85328676, 668271]] [1289032020, [834580, 1669150, 53412640, 104990, 6677280, 52170]] [20995626668, [13613608, 27227206, 871270432, 309382, 108910624, 850868]] [1507306740, [977254, 1954502, 62543920, 28726, 7818032, 61084]] [1183773618126, [767192703, 1534385247, 49100323923, 42720639, 6138057555, 47954907]] [36649230164, [23746619, 47493238, 1519783616, 1712054, 189976256, 1488543]]
Model_cost: [5511744748.0, [8900.0, 6384228, 204263608, 301924, 49400505, 386786]] [3919862430.0, [117711.0, 2666607, 85328676, 86895, 77870628, 608475]] [302399520, [105, 195230, 6247200, 13150, 6247200, 52170]] [5056864312, [39856, 3327942, 106002464, 38734, 103509152, 831389]] [394003960, [1416, 271974, 8678448, 4918, 7767792, 60753]] [296827407054.0, [15831.0, 191813655, 6138012243, 5340891, 6137123727, 47946441]] [1250976924.0, [1077.0, 823990, 26356864, 33054, 25506688, 199967]]
Arch_Param: [32, 2048, 1024, 32, 1024, 64]
Samsung_cost: [9726378482.0, [6277929.0, 6280225, 401768440, 3146785, 50351288, 394337]] [15494097486, [9891951, 9891951, 633078564, 4912239, 85328676, 668271]] [1292564560, [834580, 834580, 53412640, 417300, 6677280, 52170]] [21084116000, [13613608, 13613608, 871270432, 6806824, 108910624, 850868]] [1513515636, [977254, 977254, 62543920, 488630, 7818032, 61084]] [1188204238926, [767192703, 767192703, 49100323923, 383602047, 6138057555, 47954907]] [36778557910, [23746619, 23746619, 1519783616, 11908155, 189976256, 1488543]]
Model_cost: [5499479834.0, [8909.0, 3229665, 204263608, 317729, 49400505, 386978]] [3914529438.0, [117711.0, 1333359, 85328676, 86895, 77870628, 608475]] [302034460, [105, 104020, 6247200, 13140, 6247200, 52170]] [5050274348, [39856, 1680616, 106002464, 38704, 103509152, 831389]] [393627348, [1416, 136838, 8678448, 12358, 7767792, 60762]] [296443781598.0, [15831.0, 95907291, 6138012243, 5340891, 6137123727, 47946441]] [1249365918.0, [1077.0, 412411, 26356864, 34659, 25506688, 199967]]
Arch_Param: [32, 2048, 1024, 32, 1024, 128]
Samsung_cost: [9667766258.0, [6277929.0, 6280225, 401768440, 482593, 50351288, 394337]] [15399885390, [9891951, 9891951, 633078564, 629871, 85328676, 668271]] [1285693520, [834580, 834580, 53412640, 104980, 6677280, 52170]] [20941171616, [13613608, 13613608, 871270432, 309352, 108910624, 850868]] [1503397748, [977254, 977254, 62543920, 28726, 7818032, 61084]] [1180704847950, [767192703, 767192703, 49100323923, 42720639, 6138057555, 47954907]] [36554242390, [23746619, 23746619, 1519783616, 1711995, 189976256, 1488543]]
Model_cost: [5499479834.0, [8909.0, 3229665, 204263608, 317729, 49400505, 386978]] [3914529438.0, [117711.0, 1333359, 85328676, 86895, 77870628, 608475]] [302034460, [105, 104020, 6247200, 13140, 6247200, 52170]] [5050274348, [39856, 1680616, 106002464, 38704, 103509152, 831389]] [393627348, [1416, 136838, 8678448, 12358, 7767792, 60762]] [296443781598.0, [15831.0, 95907291, 6138012243, 5340891, 6137123727, 47946441]] [1249365918.0, [1077.0, 412411, 26356864, 34659, 25506688, 199967]]
Arch_Param: [32, 2048, 1024, 32, 1024, 256]
Samsung_cost: [9667766258.0, [6277929.0, 6280225, 401768440, 482593, 50351288, 394337]] [15399885390, [9891951, 9891951, 633078564, 629871, 85328676, 668271]] [1285693520, [834580, 834580, 53412640, 104980, 6677280, 52170]] [20941171616, [13613608, 13613608, 871270432, 309352, 108910624, 850868]] [1503397748, [977254, 977254, 62543920, 28726, 7818032, 61084]] [1180704847950, [767192703, 767192703, 49100323923, 42720639, 6138057555, 47954907]] [36554242390, [23746619, 23746619, 1519783616, 1711995, 189976256, 1488543]]
Model_cost: [5499096478.0, [8900.0, 3222177, 204263608, 301921, 49400505, 386786]] [3914529438.0, [117711.0, 1333359, 85328676, 86895, 77870628, 608475]] [302034460, [105, 104020, 6247200, 13140, 6247200, 52170]] [5050274348, [39856, 1680616, 106002464, 38704, 103509152, 831389]] [393462072, [1416, 136502, 8678448, 4918, 7767792, 60753]] [296443781598.0, [15831.0, 95907291, 6138012243, 5340891, 6137123727, 47946441]] [1249329310.0, [1077.0, 412411, 26356864, 32995, 25506688, 199967]]
Arch_Param: [32, 2048, 1024, 32, 1024, 512]
Samsung_cost: [9667766258.0, [6277929.0, 6280225, 401768440, 482593, 50351288, 394337]] [15399885390, [9891951, 9891951, 633078564, 629871, 85328676, 668271]] [1285693520, [834580, 834580, 53412640, 104980, 6677280, 52170]] [20941171616, [13613608, 13613608, 871270432, 309352, 108910624, 850868]] [1503397748, [977254, 977254, 62543920, 28726, 7818032, 61084]] [1180704847950, [767192703, 767192703, 49100323923, 42720639, 6138057555, 47954907]] [36554242390, [23746619, 23746619, 1519783616, 1711995, 189976256, 1488543]]
Model_cost: [5499096478.0, [8900.0, 3222177, 204263608, 301921, 49400505, 386786]] [3914529438.0, [117711.0, 1333359, 85328676, 86895, 77870628, 608475]] [302034460, [105, 104020, 6247200, 13140, 6247200, 52170]] [5050274348, [39856, 1680616, 106002464, 38704, 103509152, 831389]] [393462072, [1416, 136502, 8678448, 4918, 7767792, 60753]] [296443781598.0, [15831.0, 95907291, 6138012243, 5340891, 6137123727, 47946441]] [1249329310.0, [1077.0, 412411, 26356864, 32995, 25506688, 199967]]
