[[0, 0, 0, 0, 0, 0, 0, 0, 0, 0, 0], [0, 0, 0, 0, 0, 0, 0, 0, 0, 0, 0], [0, 0, 0, 0, 0, 0, 0, 0, 0, 0, 0], [0, 0, 0, 0, 0, 0, 0, 0, 0, 0, 0]]
Arch_Param: [32, 1024, 32768, 4, 256, 64]
Samsung_cost: [90636275701.44444, [800029.6944444445, 102405697, 1638358008, 12858433, 1632619704, 408601953]] [35391673422.0, [309231.0, 39567471, 633078564, 4912239, 631702308, 170265711]] [2960955100.0, [26090.0, 3338290, 53412640, 417330, 53412640, 13352980]] [48299342468.0, [425444.0, 54454402, 871270432, 6806914, 871270432, 217817128]] [3904595340.0, [34398.0, 4402182, 70434864, 550278, 70434864, 17608710]] [2721894277746.0, [23974926.0, 3068770335, 49100323923, 383602047, 49099264851, 12275812827]] [87030996780.0, [771920.0, 98803948, 1580863168, 12489964, 1563594432, 390767163]]
Model_cost: [27948548178.853333, [1832.1733333333334, 80564801, 1288904952, 20150465, 49400505, 771938]] [5530647174.0, [4005.0, 10223727, 163578660, 164463, 77870628, 1216827]] [304630054.375, [12.65625, 390450, 6247200, 13170, 6247200, 104020]] [5091702586.75, [1270.8125, 6635394, 106002464, 38794, 103509152, 1641658]] [1654093980.0, [359.0, 4343302, 69427248, 1239430, 7767792, 121433]] [423336995884.80005, [812.1000000000001, 767215743, 12275433555, 10680855, 6137123727, 95892711]] [1697714451.0, [116.25, 2983404, 47652928, 335060, 25506688, 398587]]
Arch_Param: [32, 1024, 32768, 4, 256, 128]
Samsung_cost: [90398087157.44444, [800029.6944444445, 102405697, 1638358008, 2031681, 1632619704, 408601953]] [35297461326.0, [309231.0, 39567471, 633078564, 629871, 631702308, 170265711]] [2954084060.0, [26090.0, 3338290, 53412640, 105010, 53412640, 13352980]] [48156398084.0, [425444.0, 54454402, 871270432, 309442, 871270432, 217817128]] [3893353868.0, [34398.0, 4402182, 70434864, 39302, 70434864, 17608710]] [2714394886770.0, [23974926.0, 3068770335, 49100323923, 42720639, 49099264851, 12275812827]] [86801364652.0, [771920.0, 98803948, 1580863168, 2052140, 1563594432, 390767163]]
Model_cost: [27948548178.853333, [1832.1733333333334, 80564801, 1288904952, 20150465, 49400505, 771938]] [5530647174.0, [4005.0, 10223727, 163578660, 164463, 77870628, 1216827]] [304630054.375, [12.65625, 390450, 6247200, 13170, 6247200, 104020]] [5091702586.75, [1270.8125, 6635394, 106002464, 38794, 103509152, 1641658]] [1633773724.0, [359.0, 4343302, 69427248, 315782, 7767792, 121433]] [423336995884.80005, [812.1000000000001, 767215743, 12275433555, 10680855, 6137123727, 95892711]] [1695132179.0, [116.25, 2983404, 47652928, 217684, 25506688, 398587]]
Arch_Param: [32, 1024, 32768, 4, 256, 256]
Samsung_cost: [90398087157.44444, [800029.6944444445, 102405697, 1638358008, 2031681, 1632619704, 408601953]] [35297461326.0, [309231.0, 39567471, 633078564, 629871, 631702308, 170265711]] [2954084060.0, [26090.0, 3338290, 53412640, 105010, 53412640, 13352980]] [48156398084.0, [425444.0, 54454402, 871270432, 309442, 871270432, 217817128]] [3893353868.0, [34398.0, 4402182, 70434864, 39302, 70434864, 17608710]] [2714394886770.0, [23974926.0, 3068770335, 49100323923, 42720639, 49099264851, 12275812827]] [86801364652.0, [771920.0, 98803948, 1580863168, 2052140, 1563594432, 390767163]]
Model_cost: [27948548178.853333, [1832.1733333333334, 80564801, 1288904952, 20150465, 49400505, 771938]] [5530647174.0, [4005.0, 10223727, 163578660, 164463, 77870628, 1216827]] [304630054.375, [12.65625, 390450, 6247200, 13170, 6247200, 104020]] [5091702586.75, [1270.8125, 6635394, 106002464, 38794, 103509152, 1641658]] [1633773724.0, [359.0, 4343302, 69427248, 315782, 7767792, 121433]] [423336995884.80005, [812.1000000000001, 767215743, 12275433555, 10680855, 6137123727, 95892711]] [1695132179.0, [116.25, 2983404, 47652928, 217684, 25506688, 398587]]
Arch_Param: [32, 1024, 32768, 4, 512, 64]
Samsung_cost: [90431464707.44444, [800029.6944444445, 51203108, 1638358008, 12858404, 1632619704, 408601953]] [35312538702.0, [309231.0, 19783791, 633078564, 4912239, 631702308, 170265711]] [2954278100.0, [26090.0, 1669150, 53412640, 417310, 53412640, 13352980]] [48190432364.0, [425444.0, 27227206, 871270432, 6806854, 871270432, 217817128]] [3895790988.0, [34398.0, 2201094, 70434864, 550278, 70434864, 17608710]] [2715756737394.0, [23974926.0, 1534385247, 49100323923, 383602047, 49099264851, 12275812827]] [86833386288.0, [771920.0, 49401974, 1580863168, 12489846, 1563594432, 390767163]]
Model_cost: [27787418976.853333, [1832.1733333333334, 40282660, 1288904952, 20150436, 49400505, 771938]] [5510199942.0, [4005.0, 5111919, 163578660, 164463, 77870628, 1216827]] [303848734.375, [12.65625, 195230, 6247200, 13150, 6247200, 104020]] [5078471458.75, [1270.8125, 3327942, 106002464, 38734, 103509152, 1641658]] [1643261084.0, [359.0, 2175750, 69427248, 1141126, 7767792, 121433]] [421802567788.80005, [812.1000000000001, 383608719, 12275433555, 10680855, 6137123727, 95892711]] [1691055127.0, [116.25, 1491702, 47652928, 303582, 25506688, 398587]]
Arch_Param: [32, 1024, 32768, 4, 512, 128]
Samsung_cost: [90193276163.44444, [800029.6944444445, 51203108, 1638358008, 2031652, 1632619704, 408601953]] [35218326606.0, [309231.0, 19783791, 633078564, 629871, 631702308, 170265711]] [2947407060.0, [26090.0, 1669150, 53412640, 104990, 53412640, 13352980]] [48047487980.0, [425444.0, 27227206, 871270432, 309382, 871270432, 217817128]] [3884549516.0, [34398.0, 2201094, 70434864, 39302, 70434864, 17608710]] [2708257346418.0, [23974926.0, 1534385247, 49100323923, 42720639, 49099264851, 12275812827]] [86603754160.0, [771920.0, 49401974, 1580863168, 2052022, 1563594432, 390767163]]
Model_cost: [27787418976.853333, [1832.1733333333334, 40282660, 1288904952, 20150436, 49400505, 771938]] [5510199942.0, [4005.0, 5111919, 163578660, 164463, 77870628, 1216827]] [303848734.375, [12.65625, 195230, 6247200, 13150, 6247200, 104020]] [5078471458.75, [1270.8125, 3327942, 106002464, 38734, 103509152, 1641658]] [1622940828.0, [359.0, 2175750, 69427248, 217478, 7767792, 121433]] [421802567788.80005, [812.1000000000001, 383608719, 12275433555, 10680855, 6137123727, 95892711]] [1688472855.0, [116.25, 1491702, 47652928, 186206, 25506688, 398587]]
Arch_Param: [32, 1024, 32768, 4, 512, 256]
Samsung_cost: [90193276163.44444, [800029.6944444445, 51203108, 1638358008, 2031652, 1632619704, 408601953]] [35218326606.0, [309231.0, 19783791, 633078564, 629871, 631702308, 170265711]] [2947407060.0, [26090.0, 1669150, 53412640, 104990, 53412640, 13352980]] [48047487980.0, [425444.0, 27227206, 871270432, 309382, 871270432, 217817128]] [3884549516.0, [34398.0, 2201094, 70434864, 39302, 70434864, 17608710]] [2708257346418.0, [23974926.0, 1534385247, 49100323923, 42720639, 49099264851, 12275812827]] [86603754160.0, [771920.0, 49401974, 1580863168, 2052022, 1563594432, 390767163]]
Model_cost: [27787418976.853333, [1832.1733333333334, 40282660, 1288904952, 20150436, 49400505, 771938]] [5510199942.0, [4005.0, 5111919, 163578660, 164463, 77870628, 1216827]] [303848734.375, [12.65625, 195230, 6247200, 13150, 6247200, 104020]] [5078471458.75, [1270.8125, 3327942, 106002464, 38734, 103509152, 1641658]] [1622940828.0, [359.0, 2175750, 69427248, 217478, 7767792, 121433]] [421802567788.80005, [812.1000000000001, 383608719, 12275433555, 10680855, 6137123727, 95892711]] [1688472855.0, [116.25, 1491702, 47652928, 186206, 25506688, 398587]]
Arch_Param: [32, 1024, 32768, 4, 512, 512]
Samsung_cost: [90193276163.44444, [800029.6944444445, 51203108, 1638358008, 2031652, 1632619704, 408601953]] [35218326606.0, [309231.0, 19783791, 633078564, 629871, 631702308, 170265711]] [2947407060.0, [26090.0, 1669150, 53412640, 104990, 53412640, 13352980]] [48047487980.0, [425444.0, 27227206, 871270432, 309382, 871270432, 217817128]] [3884549516.0, [34398.0, 2201094, 70434864, 39302, 70434864, 17608710]] [2708257346418.0, [23974926.0, 1534385247, 49100323923, 42720639, 49099264851, 12275812827]] [86603754160.0, [771920.0, 49401974, 1580863168, 2052022, 1563594432, 390767163]]
Model_cost: [27398828576.853333, [1832.1733333333334, 40282660, 1288904952, 2487236, 49400505, 771938]] [5510199942.0, [4005.0, 5111919, 163578660, 164463, 77870628, 1216827]] [303848734.375, [12.65625, 195230, 6247200, 13150, 6247200, 104020]] [5078471458.75, [1270.8125, 3327942, 106002464, 38734, 103509152, 1641658]] [1621571568.0, [362.0, 2175750, 69427248, 57734, 7843056, 122777]] [421802567788.80005, [812.1000000000001, 383608719, 12275433555, 10680855, 6137123727, 95892711]] [1687205655.0, [116.25, 1491702, 47652928, 128606, 25506688, 398587]]
Arch_Param: [32, 1024, 32768, 4, 1024, 64]
Samsung_cost: [90329109685.44444, [800029.6944444445, 25614369, 1638358008, 12858401, 1632619704, 408601953]] [35272971342.0, [309231.0, 9891951, 633078564, 4912239, 631702308, 170265711]] [2950939600.0, [26090.0, 834580, 53412640, 417300, 53412640, 13352980]] [48135977312.0, [425444.0, 13613608, 871270432, 6806824, 871270432, 217817128]] [3891388812.0, [34398.0, 1100550, 70434864, 550278, 70434864, 17608710]] [2712687967218.0, [23974926.0, 767192703, 49100323923, 383602047, 49099264851, 12275812827]] [86734581042.0, [771920.0, 24700987, 1580863168, 12489787, 1563594432, 390767163]]
Model_cost: [27706904338.853333, [1832.1733333333334, 20154017, 1288904952, 20150433, 49400505, 771938]] [5499976326.0, [4005.0, 2556015, 163578660, 164463, 77870628, 1216827]] [303483674.375, [12.65625, 104020, 6247200, 13140, 6247200, 104020]] [5071881494.75, [1270.8125, 1680616, 106002464, 38704, 103509152, 1641658]] [1637844636.0, [359.0, 1091974, 69427248, 1091974, 7767792, 121433]] [421035353740.80005, [812.1000000000001, 191805207, 12275433555, 10680855, 6137123727, 95892711]] [1687807001.0, [116.25, 748987, 47652928, 290979, 25506688, 398587]]
Arch_Param: [32, 1024, 32768, 4, 1024, 128]
Samsung_cost: [90090921141.44444, [800029.6944444445, 25614369, 1638358008, 2031649, 1632619704, 408601953]] [35178759246.0, [309231.0, 9891951, 633078564, 629871, 631702308, 170265711]] [2944068560.0, [26090.0, 834580, 53412640, 104980, 53412640, 13352980]] [47993032928.0, [425444.0, 13613608, 871270432, 309352, 871270432, 217817128]] [3880147340.0, [34398.0, 1100550, 70434864, 39302, 70434864, 17608710]] [2705188576242.0, [23974926.0, 767192703, 49100323923, 42720639, 49099264851, 12275812827]] [86504948914.0, [771920.0, 24700987, 1580863168, 2051963, 1563594432, 390767163]]
Model_cost: [27706904338.853333, [1832.1733333333334, 20154017, 1288904952, 20150433, 49400505, 771938]] [5499976326.0, [4005.0, 2556015, 163578660, 164463, 77870628, 1216827]] [303483674.375, [12.65625, 104020, 6247200, 13140, 6247200, 104020]] [5071881494.75, [1270.8125, 1680616, 106002464, 38704, 103509152, 1641658]] [1617524380.0, [359.0, 1091974, 69427248, 168326, 7767792, 121433]] [421035353740.80005, [812.1000000000001, 191805207, 12275433555, 10680855, 6137123727, 95892711]] [1685224729.0, [116.25, 748987, 47652928, 173603, 25506688, 398587]]
Arch_Param: [32, 1024, 32768, 4, 1024, 256]
Samsung_cost: [90090921141.44444, [800029.6944444445, 25614369, 1638358008, 2031649, 1632619704, 408601953]] [35178759246.0, [309231.0, 9891951, 633078564, 629871, 631702308, 170265711]] [2944068560.0, [26090.0, 834580, 53412640, 104980, 53412640, 13352980]] [47993032928.0, [425444.0, 13613608, 871270432, 309352, 871270432, 217817128]] [3880147340.0, [34398.0, 1100550, 70434864, 39302, 70434864, 17608710]] [2705188576242.0, [23974926.0, 767192703, 49100323923, 42720639, 49099264851, 12275812827]] [86504948914.0, [771920.0, 24700987, 1580863168, 2051963, 1563594432, 390767163]]
Model_cost: [27706904338.853333, [1832.1733333333334, 20154017, 1288904952, 20150433, 49400505, 771938]] [5499976326.0, [4005.0, 2556015, 163578660, 164463, 77870628, 1216827]] [303483674.375, [12.65625, 104020, 6247200, 13140, 6247200, 104020]] [5071881494.75, [1270.8125, 1680616, 106002464, 38704, 103509152, 1641658]] [1617524380.0, [359.0, 1091974, 69427248, 168326, 7767792, 121433]] [421035353740.80005, [812.1000000000001, 191805207, 12275433555, 10680855, 6137123727, 95892711]] [1685224729.0, [116.25, 748987, 47652928, 173603, 25506688, 398587]]
Arch_Param: [32, 1024, 32768, 4, 1024, 512]
Samsung_cost: [90090921141.44444, [800029.6944444445, 25614369, 1638358008, 2031649, 1632619704, 408601953]] [35178759246.0, [309231.0, 9891951, 633078564, 629871, 631702308, 170265711]] [2944068560.0, [26090.0, 834580, 53412640, 104980, 53412640, 13352980]] [47993032928.0, [425444.0, 13613608, 871270432, 309352, 871270432, 217817128]] [3880147340.0, [34398.0, 1100550, 70434864, 39302, 70434864, 17608710]] [2705188576242.0, [23974926.0, 767192703, 49100323923, 42720639, 49099264851, 12275812827]] [86504948914.0, [771920.0, 24700987, 1580863168, 2051963, 1563594432, 390767163]]
Model_cost: [27318313938.853333, [1832.1733333333334, 20154017, 1288904952, 2487233, 49400505, 771938]] [5499976326.0, [4005.0, 2556015, 163578660, 164463, 77870628, 1216827]] [303483674.375, [12.65625, 104020, 6247200, 13140, 6247200, 104020]] [5071881494.75, [1270.8125, 1680616, 106002464, 38704, 103509152, 1641658]] [1616172700.0, [359.0, 1091974, 69427248, 106886, 7767792, 121433]] [421035353740.80005, [812.1000000000001, 191805207, 12275433555, 10680855, 6137123727, 95892711]] [1683957529.0, [116.25, 748987, 47652928, 116003, 25506688, 398587]]
Arch_Param: [32, 1024, 32768, 8, 256, 64]
Samsung_cost: [45414893386.77778, [400883.02777777775, 51312193, 820923384, 6444097, 817876152, 204916065]] [35391673422.0, [309231.0, 39567471, 633078564, 4912239, 631702308, 170265711]] [2960955100.0, [26090.0, 3338290, 53412640, 417330, 53412640, 13352980]] [48299342468.0, [425444.0, 54454402, 871270432, 6806914, 871270432, 217817128]] [3638022204.0, [32050.0, 4101638, 65626160, 512710, 65626160, 16406534]] [2721894277746.0, [23974926.0, 3068770335, 49100323923, 383602047, 49099264851, 12275812827]] [85161601836.0, [752720.0, 96346348, 1541541568, 12113132, 1533185728, 383164987]]
Model_cost: [15181435288.676666, [961.5241666666667, 41814593, 668963704, 10456705, 49400505, 771938]] [3944372370.0, [3786.0, 5333103, 85328676, 86895, 77870628, 1216827]] [304630054.375, [12.65625, 390450, 6247200, 13170, 6247200, 104020]] [5091702586.75, [1270.8125, 6635394, 106002464, 38794, 103509152, 1641658]] [927336668.0, [183.0, 2171654, 34713648, 157894, 7767792, 121433]] [298936727885.4001, [629.5500000000001, 383626383, 6138012243, 5340891, 6137123727, 95892711]] [1392970359.5, [74.125, 2055020, 32839552, 118612, 25506688, 398587]]
Arch_Param: [32, 1024, 32768, 8, 256, 128]
Samsung_cost: [45295641418.77778, [400883.02777777775, 51312193, 820923384, 1023553, 817876152, 204916065]] [35297461326.0, [309231.0, 39567471, 633078564, 629871, 631702308, 170265711]] [2954084060.0, [26090.0, 3338290, 53412640, 105010, 53412640, 13352980]] [48156398084.0, [425444.0, 54454402, 871270432, 309442, 871270432, 217817128]] [3627467836.0, [32050.0, 4101638, 65626160, 32966, 65626160, 16406534]] [2714394886770.0, [23974926.0, 3068770335, 49100323923, 42720639, 49099264851, 12275812827]] [84935393964.0, [752720.0, 96346348, 1541541568, 1830956, 1533185728, 383164987]]
Model_cost: [15181435288.676666, [961.5241666666667, 41814593, 668963704, 10456705, 49400505, 771938]] [3944372370.0, [3786.0, 5333103, 85328676, 86895, 77870628, 1216827]] [304630054.375, [12.65625, 390450, 6247200, 13170, 6247200, 104020]] [5091702586.75, [1270.8125, 6635394, 106002464, 38794, 103509152, 1641658]] [927336668.0, [183.0, 2171654, 34713648, 157894, 7767792, 121433]] [298936727885.4001, [629.5500000000001, 383626383, 6138012243, 5340891, 6137123727, 95892711]] [1392970359.5, [74.125, 2055020, 32839552, 118612, 25506688, 398587]]
Arch_Param: [32, 1024, 32768, 8, 256, 256]
Samsung_cost: [45295641418.77778, [400883.02777777775, 51312193, 820923384, 1023553, 817876152, 204916065]] [35297461326.0, [309231.0, 39567471, 633078564, 629871, 631702308, 170265711]] [2954084060.0, [26090.0, 3338290, 53412640, 105010, 53412640, 13352980]] [48156398084.0, [425444.0, 54454402, 871270432, 309442, 871270432, 217817128]] [3627467836.0, [32050.0, 4101638, 65626160, 32966, 65626160, 16406534]] [2714394886770.0, [23974926.0, 3068770335, 49100323923, 42720639, 49099264851, 12275812827]] [84935393964.0, [752720.0, 96346348, 1541541568, 1830956, 1533185728, 383164987]]
Model_cost: [14979368280.676666, [961.5241666666667, 41814593, 668963704, 1271841, 49400505, 771938]] [3944372370.0, [3786.0, 5333103, 85328676, 86895, 77870628, 1216827]] [304630054.375, [12.65625, 390450, 6247200, 13170, 6247200, 104020]] [5091702586.75, [1270.8125, 6635394, 106002464, 38794, 103509152, 1641658]] [926643248.0, [186.0, 2171654, 34713648, 28870, 7843056, 122777]] [298936727885.4001, [629.5500000000001, 383626383, 6138012243, 5340891, 6137123727, 95892711]] [1392311415.5, [74.125, 2055020, 32839552, 88660, 25506688, 398587]]
Arch_Param: [32, 1024, 32768, 8, 512, 64]
Samsung_cost: [45312269400.77778, [400883.02777777775, 25656356, 820923384, 6444068, 817876152, 204916065]] [35312538702.0, [309231.0, 19783791, 633078564, 4912239, 631702308, 170265711]] [2954278100.0, [26090.0, 1669150, 53412640, 417310, 53412640, 13352980]] [48190432364.0, [425444.0, 27227206, 871270432, 6806854, 871270432, 217817128]] [3629818940.0, [32050.0, 2050822, 65626160, 512710, 65626160, 16406534]] [2715756737394.0, [23974926.0, 1534385247, 49100323923, 383602047, 49099264851, 12275812827]] [84968906544.0, [752720.0, 48173174, 1541541568, 12113014, 1533185728, 383164987]]
Model_cost: [15097806502.676666, [961.5241666666667, 20907556, 668963704, 10456676, 49400505, 771938]] [3933706386.0, [3786.0, 2666607, 85328676, 86895, 77870628, 1216827]] [303848734.375, [12.65625, 195230, 6247200, 13150, 6247200, 104020]] [5078471458.75, [1270.8125, 3327942, 106002464, 38734, 103509152, 1641658]] [921920220.0, [183.0, 1087878, 34713648, 108742, 7767792, 121433]] [298169476973.4001, [629.5500000000001, 191813655, 6138012243, 5340891, 6137123727, 95892711]] [1388512763.5, [74.125, 1027510, 32839552, 102814, 25506688, 398587]]
Arch_Param: [32, 1024, 32768, 8, 512, 128]
Samsung_cost: [45193017432.77778, [400883.02777777775, 25656356, 820923384, 1023524, 817876152, 204916065]] [35218326606.0, [309231.0, 19783791, 633078564, 629871, 631702308, 170265711]] [2947407060.0, [26090.0, 1669150, 53412640, 104990, 53412640, 13352980]] [48047487980.0, [425444.0, 27227206, 871270432, 309382, 871270432, 217817128]] [3619264572.0, [32050.0, 2050822, 65626160, 32966, 65626160, 16406534]] [2708257346418.0, [23974926.0, 1534385247, 49100323923, 42720639, 49099264851, 12275812827]] [84742698672.0, [752720.0, 48173174, 1541541568, 1830838, 1533185728, 383164987]]
Model_cost: [15097806502.676666, [961.5241666666667, 20907556, 668963704, 10456676, 49400505, 771938]] [3933706386.0, [3786.0, 2666607, 85328676, 86895, 77870628, 1216827]] [303848734.375, [12.65625, 195230, 6247200, 13150, 6247200, 104020]] [5078471458.75, [1270.8125, 3327942, 106002464, 38734, 103509152, 1641658]] [921920220.0, [183.0, 1087878, 34713648, 108742, 7767792, 121433]] [298169476973.4001, [629.5500000000001, 191813655, 6138012243, 5340891, 6137123727, 95892711]] [1388512763.5, [74.125, 1027510, 32839552, 102814, 25506688, 398587]]
Arch_Param: [32, 1024, 32768, 8, 512, 256]
Samsung_cost: [45193017432.77778, [400883.02777777775, 25656356, 820923384, 1023524, 817876152, 204916065]] [35218326606.0, [309231.0, 19783791, 633078564, 629871, 631702308, 170265711]] [2947407060.0, [26090.0, 1669150, 53412640, 104990, 53412640, 13352980]] [48047487980.0, [425444.0, 27227206, 871270432, 309382, 871270432, 217817128]] [3619264572.0, [32050.0, 2050822, 65626160, 32966, 65626160, 16406534]] [2708257346418.0, [23974926.0, 1534385247, 49100323923, 42720639, 49099264851, 12275812827]] [84742698672.0, [752720.0, 48173174, 1541541568, 1830838, 1533185728, 383164987]]
Model_cost: [14895739494.676666, [961.5241666666667, 20907556, 668963704, 1271812, 49400505, 771938]] [3933706386.0, [3786.0, 2666607, 85328676, 86895, 77870628, 1216827]] [303848734.375, [12.65625, 195230, 6247200, 13150, 6247200, 104020]] [5078471458.75, [1270.8125, 3327942, 106002464, 38734, 103509152, 1641658]] [921244380.0, [183.0, 1087878, 34713648, 78022, 7767792, 121433]] [298169476973.4001, [629.5500000000001, 191813655, 6138012243, 5340891, 6137123727, 95892711]] [1387853819.5, [74.125, 1027510, 32839552, 72862, 25506688, 398587]]
Arch_Param: [32, 1024, 32768, 8, 512, 512]
Samsung_cost: [45193017432.77778, [400883.02777777775, 25656356, 820923384, 1023524, 817876152, 204916065]] [35218326606.0, [309231.0, 19783791, 633078564, 629871, 631702308, 170265711]] [2947407060.0, [26090.0, 1669150, 53412640, 104990, 53412640, 13352980]] [48047487980.0, [425444.0, 27227206, 871270432, 309382, 871270432, 217817128]] [3619264572.0, [32050.0, 2050822, 65626160, 32966, 65626160, 16406534]] [2708257346418.0, [23974926.0, 1534385247, 49100323923, 42720639, 49099264851, 12275812827]] [84742698672.0, [752720.0, 48173174, 1541541568, 1830838, 1533185728, 383164987]]
Model_cost: [14895739494.676666, [961.5241666666667, 20907556, 668963704, 1271812, 49400505, 771938]] [3933706386.0, [3786.0, 2666607, 85328676, 86895, 77870628, 1216827]] [303848734.375, [12.65625, 195230, 6247200, 13150, 6247200, 104020]] [5078471458.75, [1270.8125, 3327942, 106002464, 38734, 103509152, 1641658]] [920878072.0, [184.0, 1087878, 34713648, 28870, 7792880, 121881]] [298169476973.4001, [629.5500000000001, 191813655, 6138012243, 5340891, 6137123727, 95892711]] [1387853819.5, [74.125, 1027510, 32839552, 72862, 25506688, 398587]]
Arch_Param: [32, 1024, 32768, 8, 1024, 64]
Samsung_cost: [45260983306.77778, [400883.02777777775, 12834849, 820923384, 6444065, 817876152, 204916065]] [35272971342.0, [309231.0, 9891951, 633078564, 4912239, 631702308, 170265711]] [2950939600.0, [26090.0, 834580, 53412640, 417300, 53412640, 13352980]] [48135977312.0, [425444.0, 13613608, 871270432, 6806824, 871270432, 217817128]] [3625717308.0, [32050.0, 1025414, 65626160, 512710, 65626160, 16406534]] [2712687967218.0, [23974926.0, 767192703, 49100323923, 383602047, 49099264851, 12275812827]] [84872558898.0, [752720.0, 24086587, 1541541568, 12112955, 1533185728, 383164987]]
Model_cost: [15056017240.676666, [961.5241666666667, 10460257, 668963704, 10456673, 49400505, 771938]] [3928373394.0, [3786.0, 1333359, 85328676, 86895, 77870628, 1216827]] [303483674.375, [12.65625, 104020, 6247200, 13140, 6247200, 104020]] [5071881494.75, [1270.8125, 1680616, 106002464, 38704, 103509152, 1641658]] [919211996.0, [183.0, 545990, 34713648, 84166, 7767792, 121433]] [297785851517.4001, [629.5500000000001, 95907291, 6138012243, 5340891, 6137123727, 95892711]] [1386324733.5, [74.125, 515323, 32839552, 96483, 25506688, 398587]]
Arch_Param: [32, 1024, 32768, 8, 1024, 128]
Samsung_cost: [45141731338.77778, [400883.02777777775, 12834849, 820923384, 1023521, 817876152, 204916065]] [35178759246.0, [309231.0, 9891951, 633078564, 629871, 631702308, 170265711]] [2944068560.0, [26090.0, 834580, 53412640, 104980, 53412640, 13352980]] [47993032928.0, [425444.0, 13613608, 871270432, 309352, 871270432, 217817128]] [3615162940.0, [32050.0, 1025414, 65626160, 32966, 65626160, 16406534]] [2705188576242.0, [23974926.0, 767192703, 49100323923, 42720639, 49099264851, 12275812827]] [84646351026.0, [752720.0, 24086587, 1541541568, 1830779, 1533185728, 383164987]]
Model_cost: [15056017240.676666, [961.5241666666667, 10460257, 668963704, 10456673, 49400505, 771938]] [3928373394.0, [3786.0, 1333359, 85328676, 86895, 77870628, 1216827]] [303483674.375, [12.65625, 104020, 6247200, 13140, 6247200, 104020]] [5071881494.75, [1270.8125, 1680616, 106002464, 38704, 103509152, 1641658]] [919211996.0, [183.0, 545990, 34713648, 84166, 7767792, 121433]] [297785851517.4001, [629.5500000000001, 95907291, 6138012243, 5340891, 6137123727, 95892711]] [1386324733.5, [74.125, 515323, 32839552, 96483, 25506688, 398587]]
Arch_Param: [32, 1024, 32768, 8, 1024, 256]
Samsung_cost: [45141731338.77778, [400883.02777777775, 12834849, 820923384, 1023521, 817876152, 204916065]] [35178759246.0, [309231.0, 9891951, 633078564, 629871, 631702308, 170265711]] [2944068560.0, [26090.0, 834580, 53412640, 104980, 53412640, 13352980]] [47993032928.0, [425444.0, 13613608, 871270432, 309352, 871270432, 217817128]] [3615162940.0, [32050.0, 1025414, 65626160, 32966, 65626160, 16406534]] [2705188576242.0, [23974926.0, 767192703, 49100323923, 42720639, 49099264851, 12275812827]] [84646351026.0, [752720.0, 24086587, 1541541568, 1830779, 1533185728, 383164987]]
Model_cost: [14853950232.676666, [961.5241666666667, 10460257, 668963704, 1271809, 49400505, 771938]] [3928373394.0, [3786.0, 1333359, 85328676, 86895, 77870628, 1216827]] [303483674.375, [12.65625, 104020, 6247200, 13140, 6247200, 104020]] [5071881494.75, [1270.8125, 1680616, 106002464, 38704, 103509152, 1641658]] [918536156.0, [183.0, 545990, 34713648, 53446, 7767792, 121433]] [297785851517.4001, [629.5500000000001, 95907291, 6138012243, 5340891, 6137123727, 95892711]] [1385665789.5, [74.125, 515323, 32839552, 66531, 25506688, 398587]]
Arch_Param: [32, 1024, 32768, 8, 1024, 512]
Samsung_cost: [45141731338.77778, [400883.02777777775, 12834849, 820923384, 1023521, 817876152, 204916065]] [35178759246.0, [309231.0, 9891951, 633078564, 629871, 631702308, 170265711]] [2944068560.0, [26090.0, 834580, 53412640, 104980, 53412640, 13352980]] [47993032928.0, [425444.0, 13613608, 871270432, 309352, 871270432, 217817128]] [3615162940.0, [32050.0, 1025414, 65626160, 32966, 65626160, 16406534]] [2705188576242.0, [23974926.0, 767192703, 49100323923, 42720639, 49099264851, 12275812827]] [84646351026.0, [752720.0, 24086587, 1541541568, 1830779, 1533185728, 383164987]]
Model_cost: [14853950232.676666, [961.5241666666667, 10460257, 668963704, 1271809, 49400505, 771938]] [3928373394.0, [3786.0, 1333359, 85328676, 86895, 77870628, 1216827]] [303483674.375, [12.65625, 104020, 6247200, 13140, 6247200, 104020]] [5071881494.75, [1270.8125, 1680616, 106002464, 38704, 103509152, 1641658]] [918536156.0, [183.0, 545990, 34713648, 53446, 7767792, 121433]] [297785851517.4001, [629.5500000000001, 95907291, 6138012243, 5340891, 6137123727, 95892711]] [1385665789.5, [74.125, 515323, 32839552, 66531, 25506688, 398587]]
Arch_Param: [32, 1024, 32768, 16, 256, 64]
Samsung_cost: [22804202229.444443, [201309.69444444444, 25765441, 412206072, 3236929, 410504376, 103073121]] [35391673422.0, [309231.0, 39567471, 633078564, 4912239, 631702308, 170265711]] [2960955100.0, [26090.0, 3338290, 53412640, 417330, 53412640, 13352980]] [48299342468.0, [425444.0, 54454402, 871270432, 6806914, 871270432, 217817128]] [3504735636.0, [30876.0, 3951366, 63221808, 493926, 63221808, 15805446]] [2721894277746.0, [23974926.0, 3068770335, 49100323923, 383602047, 49099264851, 12275812827]] [84226904364.0, [743120.0, 95117548, 1521880768, 11924716, 1517981376, 379363899]]
Model_cost: [8800620303.713333, [526.9183333333333, 22447809, 359126200, 5611905, 49400505, 771938]] [3944372370.0, [3786.0, 5333103, 85328676, 86895, 77870628, 1216827]] [304630054.375, [12.65625, 390450, 6247200, 13170, 6247200, 104020]] [5091702586.75, [1270.8125, 6635394, 106002464, 38794, 103509152, 1641658]] [574118140.0, [95.0, 1085830, 17356848, 78950, 7767792, 121433]] [298936727885.4001, [629.5500000000001, 383626383, 6138012243, 5340891, 6137123727, 95892711]] [1304440461.5, [56.625, 1783660, 28517760, 72788, 25506688, 398587]]
Arch_Param: [32, 1024, 32768, 16, 256, 128]
Samsung_cost: [22744418549.444443, [201309.69444444444, 25765441, 412206072, 519489, 410504376, 103073121]] [35297461326.0, [309231.0, 39567471, 633078564, 629871, 631702308, 170265711]] [2954084060.0, [26090.0, 3338290, 53412640, 105010, 53412640, 13352980]] [48156398084.0, [425444.0, 54454402, 871270432, 309442, 871270432, 217817128]] [3494524820.0, [30876.0, 3951366, 63221808, 29798, 63221808, 15805446]] [2714394886770.0, [23974926.0, 3068770335, 49100323923, 42720639, 49099264851, 12275812827]] [84002408620.0, [743120.0, 95117548, 1521880768, 1720364, 1517981376, 379363899]]
Model_cost: [8691814991.713333, [526.9183333333333, 22447809, 359126200, 666209, 49400505, 771938]] [3944372370.0, [3786.0, 5333103, 85328676, 86895, 77870628, 1216827]] [304630054.375, [12.65625, 390450, 6247200, 13170, 6247200, 104020]] [5091702586.75, [1270.8125, 6635394, 106002464, 38794, 103509152, 1641658]] [573780220.0, [95.0, 1085830, 17356848, 63590, 7767792, 121433]] [298936727885.4001, [629.5500000000001, 383626383, 6138012243, 5340891, 6137123727, 95892711]] [1304085645.5, [56.625, 1783660, 28517760, 56660, 25506688, 398587]]
Arch_Param: [32, 1024, 32768, 16, 256, 256]
Samsung_cost: [22744418549.444443, [201309.69444444444, 25765441, 412206072, 519489, 410504376, 103073121]] [35297461326.0, [309231.0, 39567471, 633078564, 629871, 631702308, 170265711]] [2954084060.0, [26090.0, 3338290, 53412640, 105010, 53412640, 13352980]] [48156398084.0, [425444.0, 54454402, 871270432, 309442, 871270432, 217817128]] [3494524820.0, [30876.0, 3951366, 63221808, 29798, 63221808, 15805446]] [2714394886770.0, [23974926.0, 3068770335, 49100323923, 42720639, 49099264851, 12275812827]] [84002408620.0, [743120.0, 95117548, 1521880768, 1720364, 1517981376, 379363899]]
Model_cost: [8691814991.713333, [526.9183333333333, 22447809, 359126200, 666209, 49400505, 771938]] [3944372370.0, [3786.0, 5333103, 85328676, 86895, 77870628, 1216827]] [304630054.375, [12.65625, 390450, 6247200, 13170, 6247200, 104020]] [5091702586.75, [1270.8125, 6635394, 106002464, 38794, 103509152, 1641658]] [573413912.0, [96.0, 1085830, 17356848, 14438, 7792880, 121881]] [298936727885.4001, [629.5500000000001, 383626383, 6138012243, 5340891, 6137123727, 95892711]] [1304085645.5, [56.625, 1783660, 28517760, 56660, 25506688, 398587]]
Arch_Param: [32, 1024, 32768, 16, 512, 64]
Samsung_cost: [22752671747.444443, [201309.69444444444, 12882980, 412206072, 3236900, 410504376, 103073121]] [35312538702.0, [309231.0, 19783791, 633078564, 4912239, 631702308, 170265711]] [2954278100.0, [26090.0, 1669150, 53412640, 417310, 53412640, 13352980]] [48190432364.0, [425444.0, 27227206, 871270432, 6806854, 871270432, 217817128]] [3496832916.0, [30876.0, 1975686, 63221808, 493926, 63221808, 15805446]] [2715756737394.0, [23974926.0, 1534385247, 49100323923, 383602047, 49099264851, 12275812827]] [84036666672.0, [743120.0, 47558774, 1521880768, 11924598, 1517981376, 379363899]]
Model_cost: [8755725085.713333, [526.9183333333333, 11224164, 359126200, 5611876, 49400505, 771938]] [3933706386.0, [3786.0, 2666607, 85328676, 86895, 77870628, 1216827]] [303848734.375, [12.65625, 195230, 6247200, 13150, 6247200, 104020]] [5078471458.75, [1270.8125, 3327942, 106002464, 38734, 103509152, 1641658]] [571409916.0, [95.0, 543942, 17356848, 54374, 7767792, 121433]] [298169476973.4001, [629.5500000000001, 191813655, 6138012243, 5340891, 6137123727, 95892711]] [1300694545.5, [56.625, 891830, 28517760, 64670, 25506688, 398587]]
Arch_Param: [32, 1024, 32768, 16, 512, 128]
Samsung_cost: [22692888067.444443, [201309.69444444444, 12882980, 412206072, 519460, 410504376, 103073121]] [35218326606.0, [309231.0, 19783791, 633078564, 629871, 631702308, 170265711]] [2947407060.0, [26090.0, 1669150, 53412640, 104990, 53412640, 13352980]] [48047487980.0, [425444.0, 27227206, 871270432, 309382, 871270432, 217817128]] [3486622100.0, [30876.0, 1975686, 63221808, 29798, 63221808, 15805446]] [2708257346418.0, [23974926.0, 1534385247, 49100323923, 42720639, 49099264851, 12275812827]] [83812170928.0, [743120.0, 47558774, 1521880768, 1720246, 1517981376, 379363899]]
Model_cost: [8646919773.713333, [526.9183333333333, 11224164, 359126200, 666180, 49400505, 771938]] [3933706386.0, [3786.0, 2666607, 85328676, 86895, 77870628, 1216827]] [303848734.375, [12.65625, 195230, 6247200, 13150, 6247200, 104020]] [5078471458.75, [1270.8125, 3327942, 106002464, 38734, 103509152, 1641658]] [571071996.0, [95.0, 543942, 17356848, 39014, 7767792, 121433]] [298169476973.4001, [629.5500000000001, 191813655, 6138012243, 5340891, 6137123727, 95892711]] [1300339729.5, [56.625, 891830, 28517760, 48542, 25506688, 398587]]
Arch_Param: [32, 1024, 32768, 16, 512, 256]
Samsung_cost: [22692888067.444443, [201309.69444444444, 12882980, 412206072, 519460, 410504376, 103073121]] [35218326606.0, [309231.0, 19783791, 633078564, 629871, 631702308, 170265711]] [2947407060.0, [26090.0, 1669150, 53412640, 104990, 53412640, 13352980]] [48047487980.0, [425444.0, 27227206, 871270432, 309382, 871270432, 217817128]] [3486622100.0, [30876.0, 1975686, 63221808, 29798, 63221808, 15805446]] [2708257346418.0, [23974926.0, 1534385247, 49100323923, 42720639, 49099264851, 12275812827]] [83812170928.0, [743120.0, 47558774, 1521880768, 1720246, 1517981376, 379363899]]
Model_cost: [8646919773.713333, [526.9183333333333, 11224164, 359126200, 666180, 49400505, 771938]] [3933706386.0, [3786.0, 2666607, 85328676, 86895, 77870628, 1216827]] [303848734.375, [12.65625, 195230, 6247200, 13150, 6247200, 104020]] [5078471458.75, [1270.8125, 3327942, 106002464, 38734, 103509152, 1641658]] [571071996.0, [95.0, 543942, 17356848, 39014, 7767792, 121433]] [298169476973.4001, [629.5500000000001, 191813655, 6138012243, 5340891, 6137123727, 95892711]] [1300339729.5, [56.625, 891830, 28517760, 48542, 25506688, 398587]]
Arch_Param: [32, 1024, 32768, 16, 512, 512]
Samsung_cost: [22692888067.444443, [201309.69444444444, 12882980, 412206072, 519460, 410504376, 103073121]] [35218326606.0, [309231.0, 19783791, 633078564, 629871, 631702308, 170265711]] [2947407060.0, [26090.0, 1669150, 53412640, 104990, 53412640, 13352980]] [48047487980.0, [425444.0, 27227206, 871270432, 309382, 871270432, 217817128]] [3486622100.0, [30876.0, 1975686, 63221808, 29798, 63221808, 15805446]] [2708257346418.0, [23974926.0, 1534385247, 49100323923, 42720639, 49099264851, 12275812827]] [83812170928.0, [743120.0, 47558774, 1521880768, 1720246, 1517981376, 379363899]]
Model_cost: [8645476573.713333, [526.9183333333333, 11224164, 359126200, 600580, 49400505, 771938]] [3933706386.0, [3786.0, 2666607, 85328676, 86895, 77870628, 1216827]] [303848734.375, [12.65625, 195230, 6247200, 13150, 6247200, 104020]] [5078471458.75, [1270.8125, 3327942, 106002464, 38734, 103509152, 1641658]] [570429948.0, [95.0, 543942, 17356848, 9830, 7767792, 121433]] [298169476973.4001, [629.5500000000001, 191813655, 6138012243, 5340891, 6137123727, 95892711]] [1300198929.5, [56.625, 891830, 28517760, 42142, 25506688, 398587]]
Arch_Param: [32, 1024, 32768, 16, 1024, 64]
Samsung_cost: [22726920117.444443, [201309.69444444444, 6445089, 412206072, 3236897, 410504376, 103073121]] [35272971342.0, [309231.0, 9891951, 633078564, 4912239, 631702308, 170265711]] [2950939600.0, [26090.0, 834580, 53412640, 417300, 53412640, 13352980]] [48135977312.0, [425444.0, 13613608, 871270432, 6806824, 871270432, 217817128]] [3492881556.0, [30876.0, 987846, 63221808, 493926, 63221808, 15805446]] [2712687967218.0, [23974926.0, 767192703, 49100323923, 383602047, 49099264851, 12275812827]] [83941547826.0, [743120.0, 23779387, 1521880768, 11924539, 1517981376, 379363899]]
Model_cost: [8733290191.713333, [526.9183333333333, 5615457, 359126200, 5611873, 49400505, 771938]] [3928373394.0, [3786.0, 1333359, 85328676, 86895, 77870628, 1216827]] [303483674.375, [12.65625, 104020, 6247200, 13140, 6247200, 104020]] [5071881494.75, [1270.8125, 1680616, 106002464, 38704, 103509152, 1641658]] [570055804.0, [95.0, 272998, 17356848, 42086, 7767792, 121433]] [297785851517.4001, [629.5500000000001, 95907291, 6138012243, 5340891, 6137123727, 95892711]] [1298842387.5, [56.625, 446715, 28517760, 61411, 25506688, 398587]]
Arch_Param: [32, 1024, 32768, 16, 1024, 128]
Samsung_cost: [22667136437.444443, [201309.69444444444, 6445089, 412206072, 519457, 410504376, 103073121]] [35178759246.0, [309231.0, 9891951, 633078564, 629871, 631702308, 170265711]] [2944068560.0, [26090.0, 834580, 53412640, 104980, 53412640, 13352980]] [47993032928.0, [425444.0, 13613608, 871270432, 309352, 871270432, 217817128]] [3482670740.0, [30876.0, 987846, 63221808, 29798, 63221808, 15805446]] [2705188576242.0, [23974926.0, 767192703, 49100323923, 42720639, 49099264851, 12275812827]] [83717052082.0, [743120.0, 23779387, 1521880768, 1720187, 1517981376, 379363899]]
Model_cost: [8624484879.713333, [526.9183333333333, 5615457, 359126200, 666177, 49400505, 771938]] [3928373394.0, [3786.0, 1333359, 85328676, 86895, 77870628, 1216827]] [303483674.375, [12.65625, 104020, 6247200, 13140, 6247200, 104020]] [5071881494.75, [1270.8125, 1680616, 106002464, 38704, 103509152, 1641658]] [569717884.0, [95.0, 272998, 17356848, 26726, 7767792, 121433]] [297785851517.4001, [629.5500000000001, 95907291, 6138012243, 5340891, 6137123727, 95892711]] [1298487571.5, [56.625, 446715, 28517760, 45283, 25506688, 398587]]
Arch_Param: [32, 1024, 32768, 16, 1024, 256]
Samsung_cost: [22667136437.444443, [201309.69444444444, 6445089, 412206072, 519457, 410504376, 103073121]] [35178759246.0, [309231.0, 9891951, 633078564, 629871, 631702308, 170265711]] [2944068560.0, [26090.0, 834580, 53412640, 104980, 53412640, 13352980]] [47993032928.0, [425444.0, 13613608, 871270432, 309352, 871270432, 217817128]] [3482670740.0, [30876.0, 987846, 63221808, 29798, 63221808, 15805446]] [2705188576242.0, [23974926.0, 767192703, 49100323923, 42720639, 49099264851, 12275812827]] [83717052082.0, [743120.0, 23779387, 1521880768, 1720187, 1517981376, 379363899]]
Model_cost: [8624484879.713333, [526.9183333333333, 5615457, 359126200, 666177, 49400505, 771938]] [3928373394.0, [3786.0, 1333359, 85328676, 86895, 77870628, 1216827]] [303483674.375, [12.65625, 104020, 6247200, 13140, 6247200, 104020]] [5071881494.75, [1270.8125, 1680616, 106002464, 38704, 103509152, 1641658]] [569717884.0, [95.0, 272998, 17356848, 26726, 7767792, 121433]] [297785851517.4001, [629.5500000000001, 95907291, 6138012243, 5340891, 6137123727, 95892711]] [1298487571.5, [56.625, 446715, 28517760, 45283, 25506688, 398587]]
Arch_Param: [32, 1024, 32768, 16, 1024, 512]
Samsung_cost: [22667136437.444443, [201309.69444444444, 6445089, 412206072, 519457, 410504376, 103073121]] [35178759246.0, [309231.0, 9891951, 633078564, 629871, 631702308, 170265711]] [2944068560.0, [26090.0, 834580, 53412640, 104980, 53412640, 13352980]] [47993032928.0, [425444.0, 13613608, 871270432, 309352, 871270432, 217817128]] [3482670740.0, [30876.0, 987846, 63221808, 29798, 63221808, 15805446]] [2705188576242.0, [23974926.0, 767192703, 49100323923, 42720639, 49099264851, 12275812827]] [83717052082.0, [743120.0, 23779387, 1521880768, 1720187, 1517981376, 379363899]]
Model_cost: [8623041679.713333, [526.9183333333333, 5615457, 359126200, 600577, 49400505, 771938]] [3928373394.0, [3786.0, 1333359, 85328676, 86895, 77870628, 1216827]] [303483674.375, [12.65625, 104020, 6247200, 13140, 6247200, 104020]] [5071881494.75, [1270.8125, 1680616, 106002464, 38704, 103509152, 1641658]] [569346172.0, [95.0, 272998, 17356848, 9830, 7767792, 121433]] [297785851517.4001, [629.5500000000001, 95907291, 6138012243, 5340891, 6137123727, 95892711]] [1298417171.5, [56.625, 446715, 28517760, 42083, 25506688, 398587]]
Arch_Param: [32, 1024, 32768, 32, 256, 64]
Samsung_cost: [22255822154.77778, [196211.02777777778, 25112129, 401768440, 3146817, 400936120, 100681057]] [35391673422.0, [309231.0, 39567471, 633078564, 4912239, 631702308, 170265711]] [2960955100.0, [26090.0, 3338290, 53412640, 417330, 53412640, 13352980]] [48299342468.0, [425444.0, 54454402, 871270432, 6806914, 871270432, 217817128]] [3467156544.0, [30545.0, 3908998, 62543920, 488630, 62543920, 15635974]] [2721894277746.0, [23974926.0, 3068770335, 49100323923, 383602047, 49099264851, 12275812827]] [84110647596.0, [742096.0, 94986476, 1519783616, 11908332, 1515884224, 378839611]]
Model_cost: [5549195347.293333, [309.9033333333333, 12767937, 204263608, 364289, 49400505, 771938]] [3944372370.0, [3786.0, 5333103, 85328676, 86895, 77870628, 1216827]] [304630054.375, [12.65625, 390450, 6247200, 13170, 6247200, 104020]] [5091702586.75, [1270.8125, 6635394, 106002464, 38794, 103509152, 1641658]] [397339916.0, [51.0, 542918, 8678448, 31798, 7767792, 121433]] [298936727885.4001, [629.5500000000001, 383626383, 6138012243, 5340891, 6137123727, 95892711]] [1259972760.5, [47.875, 1647980, 26356864, 40660, 25506688, 398587]]
Arch_Param: [32, 1024, 32768, 32, 256, 128]
Samsung_cost: [22197209930.77778, [196211.02777777778, 25112129, 401768440, 482625, 400936120, 100681057]] [35297461326.0, [309231.0, 39567471, 633078564, 629871, 631702308, 170265711]] [2954084060.0, [26090.0, 3338290, 53412640, 105010, 53412640, 13352980]] [48156398084.0, [425444.0, 54454402, 871270432, 309442, 871270432, 217817128]] [3457038656.0, [30545.0, 3908998, 62543920, 28726, 62543920, 15635974]] [2714394886770.0, [23974926.0, 3068770335, 49100323923, 42720639, 49099264851, 12275812827]] [83886332076.0, [742096.0, 94986476, 1519783616, 1712172, 1515884224, 378839611]]
Model_cost: [5549195347.293333, [309.9033333333333, 12767937, 204263608, 364289, 49400505, 771938]] [3944372370.0, [3786.0, 5333103, 85328676, 86895, 77870628, 1216827]] [304630054.375, [12.65625, 390450, 6247200, 13170, 6247200, 104020]] [5091702586.75, [1270.8125, 6635394, 106002464, 38794, 103509152, 1641658]] [397339916.0, [51.0, 542918, 8678448, 31798, 7767792, 121433]] [298936727885.4001, [629.5500000000001, 383626383, 6138012243, 5340891, 6137123727, 95892711]] [1259972760.5, [47.875, 1647980, 26356864, 40660, 25506688, 398587]]
Arch_Param: [32, 1024, 32768, 32, 256, 256]
Samsung_cost: [22197209930.77778, [196211.02777777778, 25112129, 401768440, 482625, 400936120, 100681057]] [35297461326.0, [309231.0, 39567471, 633078564, 629871, 631702308, 170265711]] [2954084060.0, [26090.0, 3338290, 53412640, 105010, 53412640, 13352980]] [48156398084.0, [425444.0, 54454402, 871270432, 309442, 871270432, 217817128]] [3457038656.0, [30545.0, 3908998, 62543920, 28726, 62543920, 15635974]] [2714394886770.0, [23974926.0, 3068770335, 49100323923, 42720639, 49099264851, 12275812827]] [83886332076.0, [742096.0, 94986476, 1519783616, 1712172, 1515884224, 378839611]]
Model_cost: [5548444883.293333, [309.9033333333333, 12767937, 204263608, 330177, 49400505, 771938]] [3944372370.0, [3786.0, 5333103, 85328676, 86895, 77870628, 1216827]] [304630054.375, [12.65625, 390450, 6247200, 13170, 6247200, 104020]] [5091702586.75, [1270.8125, 6635394, 106002464, 38794, 103509152, 1641658]] [396748556.0, [51.0, 542918, 8678448, 4918, 7767792, 121433]] [298936727885.4001, [629.5500000000001, 383626383, 6138012243, 5340891, 6137123727, 95892711]] [1259808024.5, [47.875, 1647980, 26356864, 33172, 25506688, 398587]]
Arch_Param: [32, 1024, 32768, 32, 512, 64]
Samsung_cost: [22205598296.77778, [196211.02777777778, 12556324, 401768440, 3146788, 400936120, 100681057]] [35312538702.0, [309231.0, 19783791, 633078564, 4912239, 631702308, 170265711]] [2954278100.0, [26090.0, 1669150, 53412640, 417310, 53412640, 13352980]] [48190432364.0, [425444.0, 27227206, 871270432, 6806854, 871270432, 217817128]] [3459338560.0, [30545.0, 1954502, 62543920, 488630, 62543920, 15635974]] [2715756737394.0, [23974926.0, 1534385247, 49100323923, 383602047, 49099264851, 12275812827]] [83920672048.0, [742096.0, 47493238, 1519783616, 11908214, 1515884224, 378839611]]
Model_cost: [5523659873.293333, [309.9033333333333, 6384228, 204263608, 364260, 49400505, 771938]] [3933706386.0, [3786.0, 2666607, 85328676, 86895, 77870628, 1216827]] [303848734.375, [12.65625, 195230, 6247200, 13150, 6247200, 104020]] [5078471458.75, [1270.8125, 3327942, 106002464, 38734, 103509152, 1641658]] [395985804.0, [51.0, 271974, 8678448, 19510, 7767792, 121433]] [298169476973.4001, [629.5500000000001, 191813655, 6138012243, 5340891, 6137123727, 95892711]] [1256582684.5, [47.875, 823990, 26356864, 36382, 25506688, 398587]]
Arch_Param: [32, 1024, 32768, 32, 512, 128]
Samsung_cost: [22146986072.77778, [196211.02777777778, 12556324, 401768440, 482596, 400936120, 100681057]] [35218326606.0, [309231.0, 19783791, 633078564, 629871, 631702308, 170265711]] [2947407060.0, [26090.0, 1669150, 53412640, 104990, 53412640, 13352980]] [48047487980.0, [425444.0, 27227206, 871270432, 309382, 871270432, 217817128]] [3449220672.0, [30545.0, 1954502, 62543920, 28726, 62543920, 15635974]] [2708257346418.0, [23974926.0, 1534385247, 49100323923, 42720639, 49099264851, 12275812827]] [83696356528.0, [742096.0, 47493238, 1519783616, 1712054, 1515884224, 378839611]]
Model_cost: [5523659873.293333, [309.9033333333333, 6384228, 204263608, 364260, 49400505, 771938]] [3933706386.0, [3786.0, 2666607, 85328676, 86895, 77870628, 1216827]] [303848734.375, [12.65625, 195230, 6247200, 13150, 6247200, 104020]] [5078471458.75, [1270.8125, 3327942, 106002464, 38734, 103509152, 1641658]] [395985804.0, [51.0, 271974, 8678448, 19510, 7767792, 121433]] [298169476973.4001, [629.5500000000001, 191813655, 6138012243, 5340891, 6137123727, 95892711]] [1256582684.5, [47.875, 823990, 26356864, 36382, 25506688, 398587]]
Arch_Param: [32, 1024, 32768, 32, 512, 256]
Samsung_cost: [22146986072.77778, [196211.02777777778, 12556324, 401768440, 482596, 400936120, 100681057]] [35218326606.0, [309231.0, 19783791, 633078564, 629871, 631702308, 170265711]] [2947407060.0, [26090.0, 1669150, 53412640, 104990, 53412640, 13352980]] [48047487980.0, [425444.0, 27227206, 871270432, 309382, 871270432, 217817128]] [3449220672.0, [30545.0, 1954502, 62543920, 28726, 62543920, 15635974]] [2708257346418.0, [23974926.0, 1534385247, 49100323923, 42720639, 49099264851, 12275812827]] [83696356528.0, [742096.0, 47493238, 1519783616, 1712054, 1515884224, 378839611]]
Model_cost: [5522909409.293333, [309.9033333333333, 6384228, 204263608, 330148, 49400505, 771938]] [3933706386.0, [3786.0, 2666607, 85328676, 86895, 77870628, 1216827]] [303848734.375, [12.65625, 195230, 6247200, 13150, 6247200, 104020]] [5078471458.75, [1270.8125, 3327942, 106002464, 38734, 103509152, 1641658]] [395664780.0, [51.0, 271974, 8678448, 4918, 7767792, 121433]] [298169476973.4001, [629.5500000000001, 191813655, 6138012243, 5340891, 6137123727, 95892711]] [1256509468.5, [47.875, 823990, 26356864, 33054, 25506688, 398587]]
Arch_Param: [32, 1024, 32768, 32, 512, 512]
Samsung_cost: [22146986072.77778, [196211.02777777778, 12556324, 401768440, 482596, 400936120, 100681057]] [35218326606.0, [309231.0, 19783791, 633078564, 629871, 631702308, 170265711]] [2947407060.0, [26090.0, 1669150, 53412640, 104990, 53412640, 13352980]] [48047487980.0, [425444.0, 27227206, 871270432, 309382, 871270432, 217817128]] [3449220672.0, [30545.0, 1954502, 62543920, 28726, 62543920, 15635974]] [2708257346418.0, [23974926.0, 1534385247, 49100323923, 42720639, 49099264851, 12275812827]] [83696356528.0, [742096.0, 47493238, 1519783616, 1712054, 1515884224, 378839611]]
Model_cost: [5522909409.293333, [309.9033333333333, 6384228, 204263608, 330148, 49400505, 771938]] [3933706386.0, [3786.0, 2666607, 85328676, 86895, 77870628, 1216827]] [303848734.375, [12.65625, 195230, 6247200, 13150, 6247200, 104020]] [5078471458.75, [1270.8125, 3327942, 106002464, 38734, 103509152, 1641658]] [395664780.0, [51.0, 271974, 8678448, 4918, 7767792, 121433]] [298169476973.4001, [629.5500000000001, 191813655, 6138012243, 5340891, 6137123727, 95892711]] [1256509468.5, [47.875, 823990, 26356864, 33054, 25506688, 398587]]
Arch_Param: [32, 1024, 32768, 32, 1024, 64]
Samsung_cost: [22180493834.77778, [196211.02777777778, 6280225, 401768440, 3146785, 400936120, 100681057]] [35272971342.0, [309231.0, 9891951, 633078564, 4912239, 631702308, 170265711]] [2950939600.0, [26090.0, 834580, 53412640, 417300, 53412640, 13352980]] [48135977312.0, [425444.0, 13613608, 871270432, 6806824, 871270432, 217817128]] [3455429568.0, [30545.0, 977254, 62543920, 488630, 62543920, 15635974]] [2712687967218.0, [23974926.0, 767192703, 49100323923, 383602047, 49099264851, 12275812827]] [83825684274.0, [742096.0, 23746619, 1519783616, 11908155, 1515884224, 378839611]]
Model_cost: [5510898707.293333, [309.9033333333333, 3193953, 204263608, 364257, 49400505, 771938]] [3928373394.0, [3786.0, 1333359, 85328676, 86895, 77870628, 1216827]] [303483674.375, [12.65625, 104020, 6247200, 13140, 6247200, 104020]] [5071881494.75, [1270.8125, 1680616, 106002464, 38704, 103509152, 1641658]] [395308748.0, [51.0, 136502, 8678448, 13366, 7767792, 121433]] [297785851517.4001, [629.5500000000001, 95907291, 6138012243, 5340891, 6137123727, 95892711]] [1254898462.5, [47.875, 412411, 26356864, 34659, 25506688, 398587]]
Arch_Param: [32, 1024, 32768, 32, 1024, 128]
Samsung_cost: [22121881610.77778, [196211.02777777778, 6280225, 401768440, 482593, 400936120, 100681057]] [35178759246.0, [309231.0, 9891951, 633078564, 629871, 631702308, 170265711]] [2944068560.0, [26090.0, 834580, 53412640, 104980, 53412640, 13352980]] [47993032928.0, [425444.0, 13613608, 871270432, 309352, 871270432, 217817128]] [3445311680.0, [30545.0, 977254, 62543920, 28726, 62543920, 15635974]] [2705188576242.0, [23974926.0, 767192703, 49100323923, 42720639, 49099264851, 12275812827]] [83601368754.0, [742096.0, 23746619, 1519783616, 1711995, 1515884224, 378839611]]
Model_cost: [5510898707.293333, [309.9033333333333, 3193953, 204263608, 364257, 49400505, 771938]] [3928373394.0, [3786.0, 1333359, 85328676, 86895, 77870628, 1216827]] [303483674.375, [12.65625, 104020, 6247200, 13140, 6247200, 104020]] [5071881494.75, [1270.8125, 1680616, 106002464, 38704, 103509152, 1641658]] [395308748.0, [51.0, 136502, 8678448, 13366, 7767792, 121433]] [297785851517.4001, [629.5500000000001, 95907291, 6138012243, 5340891, 6137123727, 95892711]] [1254898462.5, [47.875, 412411, 26356864, 34659, 25506688, 398587]]
Arch_Param: [32, 1024, 32768, 32, 1024, 256]
Samsung_cost: [22121881610.77778, [196211.02777777778, 6280225, 401768440, 482593, 400936120, 100681057]] [35178759246.0, [309231.0, 9891951, 633078564, 629871, 631702308, 170265711]] [2944068560.0, [26090.0, 834580, 53412640, 104980, 53412640, 13352980]] [47993032928.0, [425444.0, 13613608, 871270432, 309352, 871270432, 217817128]] [3445311680.0, [30545.0, 977254, 62543920, 28726, 62543920, 15635974]] [2705188576242.0, [23974926.0, 767192703, 49100323923, 42720639, 49099264851, 12275812827]] [83601368754.0, [742096.0, 23746619, 1519783616, 1711995, 1515884224, 378839611]]
Model_cost: [5510148243.293333, [309.9033333333333, 3193953, 204263608, 330145, 49400505, 771938]] [3928373394.0, [3786.0, 1333359, 85328676, 86895, 77870628, 1216827]] [303483674.375, [12.65625, 104020, 6247200, 13140, 6247200, 104020]] [5071881494.75, [1270.8125, 1680616, 106002464, 38704, 103509152, 1641658]] [395122892.0, [51.0, 136502, 8678448, 4918, 7767792, 121433]] [297785851517.4001, [629.5500000000001, 95907291, 6138012243, 5340891, 6137123727, 95892711]] [1254861854.5, [47.875, 412411, 26356864, 32995, 25506688, 398587]]
Arch_Param: [32, 1024, 32768, 32, 1024, 512]
Samsung_cost: [22121881610.77778, [196211.02777777778, 6280225, 401768440, 482593, 400936120, 100681057]] [35178759246.0, [309231.0, 9891951, 633078564, 629871, 631702308, 170265711]] [2944068560.0, [26090.0, 834580, 53412640, 104980, 53412640, 13352980]] [47993032928.0, [425444.0, 13613608, 871270432, 309352, 871270432, 217817128]] [3445311680.0, [30545.0, 977254, 62543920, 28726, 62543920, 15635974]] [2705188576242.0, [23974926.0, 767192703, 49100323923, 42720639, 49099264851, 12275812827]] [83601368754.0, [742096.0, 23746619, 1519783616, 1711995, 1515884224, 378839611]]
Model_cost: [5510148243.293333, [309.9033333333333, 3193953, 204263608, 330145, 49400505, 771938]] [3928373394.0, [3786.0, 1333359, 85328676, 86895, 77870628, 1216827]] [303483674.375, [12.65625, 104020, 6247200, 13140, 6247200, 104020]] [5071881494.75, [1270.8125, 1680616, 106002464, 38704, 103509152, 1641658]] [395122892.0, [51.0, 136502, 8678448, 4918, 7767792, 121433]] [297785851517.4001, [629.5500000000001, 95907291, 6138012243, 5340891, 6137123727, 95892711]] [1254861854.5, [47.875, 412411, 26356864, 32995, 25506688, 398587]]
Arch_Param: [32, 1024, 16384, 4, 256, 64]
Samsung_cost: [90658678048.0, [1600113.5, 102405697, 1638358008, 12858433, 1632619704, 408601953]] [35400328782.0, [618351.0, 39567471, 633078564, 4912239, 631702308, 170265711]] [2961685340.0, [52170.0, 3338290, 53412640, 417330, 53412640, 13352980]] [48311254340.0, [850868.0, 54454402, 871270432, 6806914, 871270432, 217817128]] [3905558316.0, [68790.0, 4402182, 70434864, 550278, 70434864, 17608710]] [2722565571222.0, [47949693.0, 3068770335, 49100323923, 383602047, 49099264851, 12275812827]] [87052610092.0, [1543824.0, 98803948, 1580863168, 12489964, 1563594432, 390767163]]
Model_cost: [27948598559.62162, [3631.4864864864867, 80564801, 1288904952, 20150465, 49400505, 771938]] [5530756206.0, [7899.0, 10223727, 163578660, 164463, 77870628, 1216827]] [304630128.75, [15.3125, 390450, 6247200, 13170, 6247200, 104020]] [5091737329.5, [2511.625, 6635394, 106002464, 38794, 103509152, 1641658]] [1654103836.0, [711.0, 4343302, 69427248, 1239430, 7767792, 121433]] [423337016322.0, [1542.0, 767215743, 12275433555, 10680855, 6137123727, 95892711]] [1697717230.0, [215.5, 2983404, 47652928, 335060, 25506688, 398587]]
Arch_Param: [32, 1024, 16384, 4, 256, 128]
Samsung_cost: [90420489504.0, [1600113.5, 102405697, 1638358008, 2031681, 1632619704, 408601953]] [35306116686.0, [618351.0, 39567471, 633078564, 629871, 631702308, 170265711]] [2954814300.0, [52170.0, 3338290, 53412640, 105010, 53412640, 13352980]] [48168309956.0, [850868.0, 54454402, 871270432, 309442, 871270432, 217817128]] [3894316844.0, [68790.0, 4402182, 70434864, 39302, 70434864, 17608710]] [2715066180246.0, [47949693.0, 3068770335, 49100323923, 42720639, 49099264851, 12275812827]] [86822977964.0, [1543824.0, 98803948, 1580863168, 2052140, 1563594432, 390767163]]
Model_cost: [27948598559.62162, [3631.4864864864867, 80564801, 1288904952, 20150465, 49400505, 771938]] [5530756206.0, [7899.0, 10223727, 163578660, 164463, 77870628, 1216827]] [304630128.75, [15.3125, 390450, 6247200, 13170, 6247200, 104020]] [5091737329.5, [2511.625, 6635394, 106002464, 38794, 103509152, 1641658]] [1633783580.0, [711.0, 4343302, 69427248, 315782, 7767792, 121433]] [423337016322.0, [1542.0, 767215743, 12275433555, 10680855, 6137123727, 95892711]] [1695134958.0, [215.5, 2983404, 47652928, 217684, 25506688, 398587]]
Arch_Param: [32, 1024, 16384, 4, 256, 256]
Samsung_cost: [90420489504.0, [1600113.5, 102405697, 1638358008, 2031681, 1632619704, 408601953]] [35306116686.0, [618351.0, 39567471, 633078564, 629871, 631702308, 170265711]] [2954814300.0, [52170.0, 3338290, 53412640, 105010, 53412640, 13352980]] [48168309956.0, [850868.0, 54454402, 871270432, 309442, 871270432, 217817128]] [3894316844.0, [68790.0, 4402182, 70434864, 39302, 70434864, 17608710]] [2715066180246.0, [47949693.0, 3068770335, 49100323923, 42720639, 49099264851, 12275812827]] [86822977964.0, [1543824.0, 98803948, 1580863168, 2052140, 1563594432, 390767163]]
Model_cost: [27948598559.62162, [3631.4864864864867, 80564801, 1288904952, 20150465, 49400505, 771938]] [5530756206.0, [7899.0, 10223727, 163578660, 164463, 77870628, 1216827]] [304630128.75, [15.3125, 390450, 6247200, 13170, 6247200, 104020]] [5091737329.5, [2511.625, 6635394, 106002464, 38794, 103509152, 1641658]] [1633783580.0, [711.0, 4343302, 69427248, 315782, 7767792, 121433]] [423337016322.0, [1542.0, 767215743, 12275433555, 10680855, 6137123727, 95892711]] [1695134958.0, [215.5, 2983404, 47652928, 217684, 25506688, 398587]]
Arch_Param: [32, 1024, 16384, 4, 512, 64]
Samsung_cost: [90453867054.0, [1600113.5, 51203108, 1638358008, 12858404, 1632619704, 408601953]] [35321194062.0, [618351.0, 19783791, 633078564, 4912239, 631702308, 170265711]] [2955008340.0, [52170.0, 1669150, 53412640, 417310, 53412640, 13352980]] [48202344236.0, [850868.0, 27227206, 871270432, 6806854, 871270432, 217817128]] [3896753964.0, [68790.0, 2201094, 70434864, 550278, 70434864, 17608710]] [2716428030870.0, [47949693.0, 1534385247, 49100323923, 383602047, 49099264851, 12275812827]] [86854999600.0, [1543824.0, 49401974, 1580863168, 12489846, 1563594432, 390767163]]
Model_cost: [27787469357.62162, [3631.4864864864867, 40282660, 1288904952, 20150436, 49400505, 771938]] [5510308974.0, [7899.0, 5111919, 163578660, 164463, 77870628, 1216827]] [303848808.75, [15.3125, 195230, 6247200, 13150, 6247200, 104020]] [5078506201.5, [2511.625, 3327942, 106002464, 38734, 103509152, 1641658]] [1643270940.0, [711.0, 2175750, 69427248, 1141126, 7767792, 121433]] [421802588226.0, [1542.0, 383608719, 12275433555, 10680855, 6137123727, 95892711]] [1691057906.0, [215.5, 1491702, 47652928, 303582, 25506688, 398587]]
Arch_Param: [32, 1024, 16384, 4, 512, 128]
Samsung_cost: [90215678510.0, [1600113.5, 51203108, 1638358008, 2031652, 1632619704, 408601953]] [35226981966.0, [618351.0, 19783791, 633078564, 629871, 631702308, 170265711]] [2948137300.0, [52170.0, 1669150, 53412640, 104990, 53412640, 13352980]] [48059399852.0, [850868.0, 27227206, 871270432, 309382, 871270432, 217817128]] [3885512492.0, [68790.0, 2201094, 70434864, 39302, 70434864, 17608710]] [2708928639894.0, [47949693.0, 1534385247, 49100323923, 42720639, 49099264851, 12275812827]] [86625367472.0, [1543824.0, 49401974, 1580863168, 2052022, 1563594432, 390767163]]
Model_cost: [27787469357.62162, [3631.4864864864867, 40282660, 1288904952, 20150436, 49400505, 771938]] [5510308974.0, [7899.0, 5111919, 163578660, 164463, 77870628, 1216827]] [303848808.75, [15.3125, 195230, 6247200, 13150, 6247200, 104020]] [5078506201.5, [2511.625, 3327942, 106002464, 38734, 103509152, 1641658]] [1622950684.0, [711.0, 2175750, 69427248, 217478, 7767792, 121433]] [421802588226.0, [1542.0, 383608719, 12275433555, 10680855, 6137123727, 95892711]] [1688475634.0, [215.5, 1491702, 47652928, 186206, 25506688, 398587]]
Arch_Param: [32, 1024, 16384, 4, 512, 256]
Samsung_cost: [90215678510.0, [1600113.5, 51203108, 1638358008, 2031652, 1632619704, 408601953]] [35226981966.0, [618351.0, 19783791, 633078564, 629871, 631702308, 170265711]] [2948137300.0, [52170.0, 1669150, 53412640, 104990, 53412640, 13352980]] [48059399852.0, [850868.0, 27227206, 871270432, 309382, 871270432, 217817128]] [3885512492.0, [68790.0, 2201094, 70434864, 39302, 70434864, 17608710]] [2708928639894.0, [47949693.0, 1534385247, 49100323923, 42720639, 49099264851, 12275812827]] [86625367472.0, [1543824.0, 49401974, 1580863168, 2052022, 1563594432, 390767163]]
Model_cost: [27787469357.62162, [3631.4864864864867, 40282660, 1288904952, 20150436, 49400505, 771938]] [5510308974.0, [7899.0, 5111919, 163578660, 164463, 77870628, 1216827]] [303848808.75, [15.3125, 195230, 6247200, 13150, 6247200, 104020]] [5078506201.5, [2511.625, 3327942, 106002464, 38734, 103509152, 1641658]] [1622950684.0, [711.0, 2175750, 69427248, 217478, 7767792, 121433]] [421802588226.0, [1542.0, 383608719, 12275433555, 10680855, 6137123727, 95892711]] [1688475634.0, [215.5, 1491702, 47652928, 186206, 25506688, 398587]]
Arch_Param: [32, 1024, 16384, 4, 512, 512]
Samsung_cost: [90215678510.0, [1600113.5, 51203108, 1638358008, 2031652, 1632619704, 408601953]] [35226981966.0, [618351.0, 19783791, 633078564, 629871, 631702308, 170265711]] [2948137300.0, [52170.0, 1669150, 53412640, 104990, 53412640, 13352980]] [48059399852.0, [850868.0, 27227206, 871270432, 309382, 871270432, 217817128]] [3885512492.0, [68790.0, 2201094, 70434864, 39302, 70434864, 17608710]] [2708928639894.0, [47949693.0, 1534385247, 49100323923, 42720639, 49099264851, 12275812827]] [86625367472.0, [1543824.0, 49401974, 1580863168, 2052022, 1563594432, 390767163]]
Model_cost: [27398878957.62162, [3631.4864864864867, 40282660, 1288904952, 2487236, 49400505, 771938]] [5510308974.0, [7899.0, 5111919, 163578660, 164463, 77870628, 1216827]] [303848808.75, [15.3125, 195230, 6247200, 13150, 6247200, 104020]] [5078506201.5, [2511.625, 3327942, 106002464, 38734, 103509152, 1641658]] [1621581424.0, [714.0, 2175750, 69427248, 57734, 7843056, 122777]] [421802588226.0, [1542.0, 383608719, 12275433555, 10680855, 6137123727, 95892711]] [1687208434.0, [215.5, 1491702, 47652928, 128606, 25506688, 398587]]
Arch_Param: [32, 1024, 16384, 4, 1024, 64]
Samsung_cost: [90351512032.0, [1600113.5, 25614369, 1638358008, 12858401, 1632619704, 408601953]] [35281626702.0, [618351.0, 9891951, 633078564, 4912239, 631702308, 170265711]] [2951669840.0, [52170.0, 834580, 53412640, 417300, 53412640, 13352980]] [48147889184.0, [850868.0, 13613608, 871270432, 6806824, 871270432, 217817128]] [3892351788.0, [68790.0, 1100550, 70434864, 550278, 70434864, 17608710]] [2713359260694.0, [47949693.0, 767192703, 49100323923, 383602047, 49099264851, 12275812827]] [86756194354.0, [1543824.0, 24700987, 1580863168, 12489787, 1563594432, 390767163]]
Model_cost: [27706954719.62162, [3631.4864864864867, 20154017, 1288904952, 20150433, 49400505, 771938]] [5500085358.0, [7899.0, 2556015, 163578660, 164463, 77870628, 1216827]] [303483748.75, [15.3125, 104020, 6247200, 13140, 6247200, 104020]] [5071916237.5, [2511.625, 1680616, 106002464, 38704, 103509152, 1641658]] [1637854492.0, [711.0, 1091974, 69427248, 1091974, 7767792, 121433]] [421035374178.0, [1542.0, 191805207, 12275433555, 10680855, 6137123727, 95892711]] [1687809780.0, [215.5, 748987, 47652928, 290979, 25506688, 398587]]
Arch_Param: [32, 1024, 16384, 4, 1024, 128]
Samsung_cost: [90113323488.0, [1600113.5, 25614369, 1638358008, 2031649, 1632619704, 408601953]] [35187414606.0, [618351.0, 9891951, 633078564, 629871, 631702308, 170265711]] [2944798800.0, [52170.0, 834580, 53412640, 104980, 53412640, 13352980]] [48004944800.0, [850868.0, 13613608, 871270432, 309352, 871270432, 217817128]] [3881110316.0, [68790.0, 1100550, 70434864, 39302, 70434864, 17608710]] [2705859869718.0, [47949693.0, 767192703, 49100323923, 42720639, 49099264851, 12275812827]] [86526562226.0, [1543824.0, 24700987, 1580863168, 2051963, 1563594432, 390767163]]
Model_cost: [27706954719.62162, [3631.4864864864867, 20154017, 1288904952, 20150433, 49400505, 771938]] [5500085358.0, [7899.0, 2556015, 163578660, 164463, 77870628, 1216827]] [303483748.75, [15.3125, 104020, 6247200, 13140, 6247200, 104020]] [5071916237.5, [2511.625, 1680616, 106002464, 38704, 103509152, 1641658]] [1617534236.0, [711.0, 1091974, 69427248, 168326, 7767792, 121433]] [421035374178.0, [1542.0, 191805207, 12275433555, 10680855, 6137123727, 95892711]] [1685227508.0, [215.5, 748987, 47652928, 173603, 25506688, 398587]]
Arch_Param: [32, 1024, 16384, 4, 1024, 256]
Samsung_cost: [90113323488.0, [1600113.5, 25614369, 1638358008, 2031649, 1632619704, 408601953]] [35187414606.0, [618351.0, 9891951, 633078564, 629871, 631702308, 170265711]] [2944798800.0, [52170.0, 834580, 53412640, 104980, 53412640, 13352980]] [48004944800.0, [850868.0, 13613608, 871270432, 309352, 871270432, 217817128]] [3881110316.0, [68790.0, 1100550, 70434864, 39302, 70434864, 17608710]] [2705859869718.0, [47949693.0, 767192703, 49100323923, 42720639, 49099264851, 12275812827]] [86526562226.0, [1543824.0, 24700987, 1580863168, 2051963, 1563594432, 390767163]]
Model_cost: [27706954719.62162, [3631.4864864864867, 20154017, 1288904952, 20150433, 49400505, 771938]] [5500085358.0, [7899.0, 2556015, 163578660, 164463, 77870628, 1216827]] [303483748.75, [15.3125, 104020, 6247200, 13140, 6247200, 104020]] [5071916237.5, [2511.625, 1680616, 106002464, 38704, 103509152, 1641658]] [1617534236.0, [711.0, 1091974, 69427248, 168326, 7767792, 121433]] [421035374178.0, [1542.0, 191805207, 12275433555, 10680855, 6137123727, 95892711]] [1685227508.0, [215.5, 748987, 47652928, 173603, 25506688, 398587]]
Arch_Param: [32, 1024, 16384, 4, 1024, 512]
Samsung_cost: [90113323488.0, [1600113.5, 25614369, 1638358008, 2031649, 1632619704, 408601953]] [35187414606.0, [618351.0, 9891951, 633078564, 629871, 631702308, 170265711]] [2944798800.0, [52170.0, 834580, 53412640, 104980, 53412640, 13352980]] [48004944800.0, [850868.0, 13613608, 871270432, 309352, 871270432, 217817128]] [3881110316.0, [68790.0, 1100550, 70434864, 39302, 70434864, 17608710]] [2705859869718.0, [47949693.0, 767192703, 49100323923, 42720639, 49099264851, 12275812827]] [86526562226.0, [1543824.0, 24700987, 1580863168, 2051963, 1563594432, 390767163]]
Model_cost: [27318364319.62162, [3631.4864864864867, 20154017, 1288904952, 2487233, 49400505, 771938]] [5500085358.0, [7899.0, 2556015, 163578660, 164463, 77870628, 1216827]] [303483748.75, [15.3125, 104020, 6247200, 13140, 6247200, 104020]] [5071916237.5, [2511.625, 1680616, 106002464, 38704, 103509152, 1641658]] [1616182556.0, [711.0, 1091974, 69427248, 106886, 7767792, 121433]] [421035374178.0, [1542.0, 191805207, 12275433555, 10680855, 6137123727, 95892711]] [1683960308.0, [215.5, 748987, 47652928, 116003, 25506688, 398587]]
Arch_Param: [32, 1024, 16384, 8, 256, 64]
Samsung_cost: [45426118432.0, [801777.5, 51312193, 820923384, 6444097, 817876152, 204916065]] [35400328782.0, [618351.0, 39567471, 633078564, 4912239, 631702308, 170265711]] [2961685340.0, [52170.0, 3338290, 53412640, 417330, 53412640, 13352980]] [48311254340.0, [850868.0, 54454402, 871270432, 6806914, 871270432, 217817128]] [3638919436.0, [64094.0, 4101638, 65626160, 512710, 65626160, 16406534]] [2722565571222.0, [47949693.0, 3068770335, 49100323923, 383602047, 49099264851, 12275812827]] [85182677548.0, [1505424.0, 96346348, 1541541568, 12113132, 1533185728, 383164987]]
Model_cost: [15181461289.31081, [1890.1182432432433, 41814593, 668963704, 10456705, 49400505, 771938]] [3944475270.0, [7461.0, 5333103, 85328676, 86895, 77870628, 1216827]] [304630128.75, [15.3125, 390450, 6247200, 13170, 6247200, 104020]] [5091737329.5, [2511.625, 6635394, 106002464, 38794, 103509152, 1641658]] [927341596.0, [359.0, 2171654, 34713648, 157894, 7767792, 121433]] [298936741060.7999, [1100.1000000000001, 383626383, 6138012243, 5340891, 6137123727, 95892711]] [1392971987.0, [132.25, 2055020, 32839552, 118612, 25506688, 398587]]
Arch_Param: [32, 1024, 16384, 8, 256, 128]
Samsung_cost: [45306866464.0, [801777.5, 51312193, 820923384, 1023553, 817876152, 204916065]] [35306116686.0, [618351.0, 39567471, 633078564, 629871, 631702308, 170265711]] [2954814300.0, [52170.0, 3338290, 53412640, 105010, 53412640, 13352980]] [48168309956.0, [850868.0, 54454402, 871270432, 309442, 871270432, 217817128]] [3628365068.0, [64094.0, 4101638, 65626160, 32966, 65626160, 16406534]] [2715066180246.0, [47949693.0, 3068770335, 49100323923, 42720639, 49099264851, 12275812827]] [84956469676.0, [1505424.0, 96346348, 1541541568, 1830956, 1533185728, 383164987]]
Model_cost: [15181461289.31081, [1890.1182432432433, 41814593, 668963704, 10456705, 49400505, 771938]] [3944475270.0, [7461.0, 5333103, 85328676, 86895, 77870628, 1216827]] [304630128.75, [15.3125, 390450, 6247200, 13170, 6247200, 104020]] [5091737329.5, [2511.625, 6635394, 106002464, 38794, 103509152, 1641658]] [927341596.0, [359.0, 2171654, 34713648, 157894, 7767792, 121433]] [298936741060.7999, [1100.1000000000001, 383626383, 6138012243, 5340891, 6137123727, 95892711]] [1392971987.0, [132.25, 2055020, 32839552, 118612, 25506688, 398587]]
Arch_Param: [32, 1024, 16384, 8, 256, 256]
Samsung_cost: [45306866464.0, [801777.5, 51312193, 820923384, 1023553, 817876152, 204916065]] [35306116686.0, [618351.0, 39567471, 633078564, 629871, 631702308, 170265711]] [2954814300.0, [52170.0, 3338290, 53412640, 105010, 53412640, 13352980]] [48168309956.0, [850868.0, 54454402, 871270432, 309442, 871270432, 217817128]] [3628365068.0, [64094.0, 4101638, 65626160, 32966, 65626160, 16406534]] [2715066180246.0, [47949693.0, 3068770335, 49100323923, 42720639, 49099264851, 12275812827]] [84956469676.0, [1505424.0, 96346348, 1541541568, 1830956, 1533185728, 383164987]]
Model_cost: [14979394281.31081, [1890.1182432432433, 41814593, 668963704, 1271841, 49400505, 771938]] [3944475270.0, [7461.0, 5333103, 85328676, 86895, 77870628, 1216827]] [304630128.75, [15.3125, 390450, 6247200, 13170, 6247200, 104020]] [5091737329.5, [2511.625, 6635394, 106002464, 38794, 103509152, 1641658]] [926648176.0, [362.0, 2171654, 34713648, 28870, 7843056, 122777]] [298936741060.7999, [1100.1000000000001, 383626383, 6138012243, 5340891, 6137123727, 95892711]] [1392313043.0, [132.25, 2055020, 32839552, 88660, 25506688, 398587]]
Arch_Param: [32, 1024, 16384, 8, 512, 64]
Samsung_cost: [45323494446.0, [801777.5, 25656356, 820923384, 6444068, 817876152, 204916065]] [35321194062.0, [618351.0, 19783791, 633078564, 4912239, 631702308, 170265711]] [2955008340.0, [52170.0, 1669150, 53412640, 417310, 53412640, 13352980]] [48202344236.0, [850868.0, 27227206, 871270432, 6806854, 871270432, 217817128]] [3630716172.0, [64094.0, 2050822, 65626160, 512710, 65626160, 16406534]] [2716428030870.0, [47949693.0, 1534385247, 49100323923, 383602047, 49099264851, 12275812827]] [84989982256.0, [1505424.0, 48173174, 1541541568, 12113014, 1533185728, 383164987]]
Model_cost: [15097832503.31081, [1890.1182432432433, 20907556, 668963704, 10456676, 49400505, 771938]] [3933809286.0, [7461.0, 2666607, 85328676, 86895, 77870628, 1216827]] [303848808.75, [15.3125, 195230, 6247200, 13150, 6247200, 104020]] [5078506201.5, [2511.625, 3327942, 106002464, 38734, 103509152, 1641658]] [921925148.0, [359.0, 1087878, 34713648, 108742, 7767792, 121433]] [298169490148.7999, [1100.1000000000001, 191813655, 6138012243, 5340891, 6137123727, 95892711]] [1388514391.0, [132.25, 1027510, 32839552, 102814, 25506688, 398587]]
Arch_Param: [32, 1024, 16384, 8, 512, 128]
Samsung_cost: [45204242478.0, [801777.5, 25656356, 820923384, 1023524, 817876152, 204916065]] [35226981966.0, [618351.0, 19783791, 633078564, 629871, 631702308, 170265711]] [2948137300.0, [52170.0, 1669150, 53412640, 104990, 53412640, 13352980]] [48059399852.0, [850868.0, 27227206, 871270432, 309382, 871270432, 217817128]] [3620161804.0, [64094.0, 2050822, 65626160, 32966, 65626160, 16406534]] [2708928639894.0, [47949693.0, 1534385247, 49100323923, 42720639, 49099264851, 12275812827]] [84763774384.0, [1505424.0, 48173174, 1541541568, 1830838, 1533185728, 383164987]]
Model_cost: [15097832503.31081, [1890.1182432432433, 20907556, 668963704, 10456676, 49400505, 771938]] [3933809286.0, [7461.0, 2666607, 85328676, 86895, 77870628, 1216827]] [303848808.75, [15.3125, 195230, 6247200, 13150, 6247200, 104020]] [5078506201.5, [2511.625, 3327942, 106002464, 38734, 103509152, 1641658]] [921925148.0, [359.0, 1087878, 34713648, 108742, 7767792, 121433]] [298169490148.7999, [1100.1000000000001, 191813655, 6138012243, 5340891, 6137123727, 95892711]] [1388514391.0, [132.25, 1027510, 32839552, 102814, 25506688, 398587]]
Arch_Param: [32, 1024, 16384, 8, 512, 256]
Samsung_cost: [45204242478.0, [801777.5, 25656356, 820923384, 1023524, 817876152, 204916065]] [35226981966.0, [618351.0, 19783791, 633078564, 629871, 631702308, 170265711]] [2948137300.0, [52170.0, 1669150, 53412640, 104990, 53412640, 13352980]] [48059399852.0, [850868.0, 27227206, 871270432, 309382, 871270432, 217817128]] [3620161804.0, [64094.0, 2050822, 65626160, 32966, 65626160, 16406534]] [2708928639894.0, [47949693.0, 1534385247, 49100323923, 42720639, 49099264851, 12275812827]] [84763774384.0, [1505424.0, 48173174, 1541541568, 1830838, 1533185728, 383164987]]
Model_cost: [14895765495.31081, [1890.1182432432433, 20907556, 668963704, 1271812, 49400505, 771938]] [3933809286.0, [7461.0, 2666607, 85328676, 86895, 77870628, 1216827]] [303848808.75, [15.3125, 195230, 6247200, 13150, 6247200, 104020]] [5078506201.5, [2511.625, 3327942, 106002464, 38734, 103509152, 1641658]] [921249308.0, [359.0, 1087878, 34713648, 78022, 7767792, 121433]] [298169490148.7999, [1100.1000000000001, 191813655, 6138012243, 5340891, 6137123727, 95892711]] [1387855447.0, [132.25, 1027510, 32839552, 72862, 25506688, 398587]]
Arch_Param: [32, 1024, 16384, 8, 512, 512]
Samsung_cost: [45204242478.0, [801777.5, 25656356, 820923384, 1023524, 817876152, 204916065]] [35226981966.0, [618351.0, 19783791, 633078564, 629871, 631702308, 170265711]] [2948137300.0, [52170.0, 1669150, 53412640, 104990, 53412640, 13352980]] [48059399852.0, [850868.0, 27227206, 871270432, 309382, 871270432, 217817128]] [3620161804.0, [64094.0, 2050822, 65626160, 32966, 65626160, 16406534]] [2708928639894.0, [47949693.0, 1534385247, 49100323923, 42720639, 49099264851, 12275812827]] [84763774384.0, [1505424.0, 48173174, 1541541568, 1830838, 1533185728, 383164987]]
Model_cost: [14895765495.31081, [1890.1182432432433, 20907556, 668963704, 1271812, 49400505, 771938]] [3933809286.0, [7461.0, 2666607, 85328676, 86895, 77870628, 1216827]] [303848808.75, [15.3125, 195230, 6247200, 13150, 6247200, 104020]] [5078506201.5, [2511.625, 3327942, 106002464, 38734, 103509152, 1641658]] [920883000.0, [360.0, 1087878, 34713648, 28870, 7792880, 121881]] [298169490148.7999, [1100.1000000000001, 191813655, 6138012243, 5340891, 6137123727, 95892711]] [1387855447.0, [132.25, 1027510, 32839552, 72862, 25506688, 398587]]
Arch_Param: [32, 1024, 16384, 8, 1024, 64]
Samsung_cost: [45272208352.0, [801777.5, 12834849, 820923384, 6444065, 817876152, 204916065]] [35281626702.0, [618351.0, 9891951, 633078564, 4912239, 631702308, 170265711]] [2951669840.0, [52170.0, 834580, 53412640, 417300, 53412640, 13352980]] [48147889184.0, [850868.0, 13613608, 871270432, 6806824, 871270432, 217817128]] [3626614540.0, [64094.0, 1025414, 65626160, 512710, 65626160, 16406534]] [2713359260694.0, [47949693.0, 767192703, 49100323923, 383602047, 49099264851, 12275812827]] [84893634610.0, [1505424.0, 24086587, 1541541568, 12112955, 1533185728, 383164987]]
Model_cost: [15056043241.31081, [1890.1182432432433, 10460257, 668963704, 10456673, 49400505, 771938]] [3928476294.0, [7461.0, 1333359, 85328676, 86895, 77870628, 1216827]] [303483748.75, [15.3125, 104020, 6247200, 13140, 6247200, 104020]] [5071916237.5, [2511.625, 1680616, 106002464, 38704, 103509152, 1641658]] [919216924.0, [359.0, 545990, 34713648, 84166, 7767792, 121433]] [297785864692.7999, [1100.1000000000001, 95907291, 6138012243, 5340891, 6137123727, 95892711]] [1386326361.0, [132.25, 515323, 32839552, 96483, 25506688, 398587]]
Arch_Param: [32, 1024, 16384, 8, 1024, 128]
Samsung_cost: [45152956384.0, [801777.5, 12834849, 820923384, 1023521, 817876152, 204916065]] [35187414606.0, [618351.0, 9891951, 633078564, 629871, 631702308, 170265711]] [2944798800.0, [52170.0, 834580, 53412640, 104980, 53412640, 13352980]] [48004944800.0, [850868.0, 13613608, 871270432, 309352, 871270432, 217817128]] [3616060172.0, [64094.0, 1025414, 65626160, 32966, 65626160, 16406534]] [2705859869718.0, [47949693.0, 767192703, 49100323923, 42720639, 49099264851, 12275812827]] [84667426738.0, [1505424.0, 24086587, 1541541568, 1830779, 1533185728, 383164987]]
Model_cost: [15056043241.31081, [1890.1182432432433, 10460257, 668963704, 10456673, 49400505, 771938]] [3928476294.0, [7461.0, 1333359, 85328676, 86895, 77870628, 1216827]] [303483748.75, [15.3125, 104020, 6247200, 13140, 6247200, 104020]] [5071916237.5, [2511.625, 1680616, 106002464, 38704, 103509152, 1641658]] [919216924.0, [359.0, 545990, 34713648, 84166, 7767792, 121433]] [297785864692.7999, [1100.1000000000001, 95907291, 6138012243, 5340891, 6137123727, 95892711]] [1386326361.0, [132.25, 515323, 32839552, 96483, 25506688, 398587]]
Arch_Param: [32, 1024, 16384, 8, 1024, 256]
Samsung_cost: [45152956384.0, [801777.5, 12834849, 820923384, 1023521, 817876152, 204916065]] [35187414606.0, [618351.0, 9891951, 633078564, 629871, 631702308, 170265711]] [2944798800.0, [52170.0, 834580, 53412640, 104980, 53412640, 13352980]] [48004944800.0, [850868.0, 13613608, 871270432, 309352, 871270432, 217817128]] [3616060172.0, [64094.0, 1025414, 65626160, 32966, 65626160, 16406534]] [2705859869718.0, [47949693.0, 767192703, 49100323923, 42720639, 49099264851, 12275812827]] [84667426738.0, [1505424.0, 24086587, 1541541568, 1830779, 1533185728, 383164987]]
Model_cost: [14853976233.31081, [1890.1182432432433, 10460257, 668963704, 1271809, 49400505, 771938]] [3928476294.0, [7461.0, 1333359, 85328676, 86895, 77870628, 1216827]] [303483748.75, [15.3125, 104020, 6247200, 13140, 6247200, 104020]] [5071916237.5, [2511.625, 1680616, 106002464, 38704, 103509152, 1641658]] [918541084.0, [359.0, 545990, 34713648, 53446, 7767792, 121433]] [297785864692.7999, [1100.1000000000001, 95907291, 6138012243, 5340891, 6137123727, 95892711]] [1385667417.0, [132.25, 515323, 32839552, 66531, 25506688, 398587]]
Arch_Param: [32, 1024, 16384, 8, 1024, 512]
Samsung_cost: [45152956384.0, [801777.5, 12834849, 820923384, 1023521, 817876152, 204916065]] [35187414606.0, [618351.0, 9891951, 633078564, 629871, 631702308, 170265711]] [2944798800.0, [52170.0, 834580, 53412640, 104980, 53412640, 13352980]] [48004944800.0, [850868.0, 13613608, 871270432, 309352, 871270432, 217817128]] [3616060172.0, [64094.0, 1025414, 65626160, 32966, 65626160, 16406534]] [2705859869718.0, [47949693.0, 767192703, 49100323923, 42720639, 49099264851, 12275812827]] [84667426738.0, [1505424.0, 24086587, 1541541568, 1830779, 1533185728, 383164987]]
Model_cost: [14853976233.31081, [1890.1182432432433, 10460257, 668963704, 1271809, 49400505, 771938]] [3928476294.0, [7461.0, 1333359, 85328676, 86895, 77870628, 1216827]] [303483748.75, [15.3125, 104020, 6247200, 13140, 6247200, 104020]] [5071916237.5, [2511.625, 1680616, 106002464, 38704, 103509152, 1641658]] [918541084.0, [359.0, 545990, 34713648, 53446, 7767792, 121433]] [297785864692.7999, [1100.1000000000001, 95907291, 6138012243, 5340891, 6137123727, 95892711]] [1385667417.0, [132.25, 515323, 32839552, 66531, 25506688, 398587]]
Arch_Param: [32, 1024, 16384, 16, 256, 64]
Samsung_cost: [22809838624.0, [402609.5, 25765441, 412206072, 3236929, 410504376, 103073121]] [35400328782.0, [618351.0, 39567471, 633078564, 4912239, 631702308, 170265711]] [2961685340.0, [52170.0, 3338290, 53412640, 417330, 53412640, 13352980]] [48311254340.0, [850868.0, 54454402, 871270432, 6806914, 871270432, 217817128]] [3505599996.0, [61746.0, 3951366, 63221808, 493926, 63221808, 15805446]] [2722565571222.0, [47949693.0, 3068770335, 49100323923, 383602047, 49099264851, 12275812827]] [84247711276.0, [1486224.0, 95117548, 1521880768, 11924716, 1517981376, 379363899]]
Model_cost: [8800634134.405405, [1020.8716216216217, 22447809, 359126200, 5611905, 49400505, 771938]] [3944475270.0, [7461.0, 5333103, 85328676, 86895, 77870628, 1216827]] [304630128.75, [15.3125, 390450, 6247200, 13170, 6247200, 104020]] [5091737329.5, [2511.625, 6635394, 106002464, 38794, 103509152, 1641658]] [574120604.0, [183.0, 1085830, 17356848, 78950, 7767792, 121433]] [298936741060.7999, [1100.1000000000001, 383626383, 6138012243, 5340891, 6137123727, 95892711]] [1304441599.0, [97.25, 1783660, 28517760, 72788, 25506688, 398587]]
Arch_Param: [32, 1024, 16384, 16, 256, 128]
Samsung_cost: [22750054944.0, [402609.5, 25765441, 412206072, 519489, 410504376, 103073121]] [35306116686.0, [618351.0, 39567471, 633078564, 629871, 631702308, 170265711]] [2954814300.0, [52170.0, 3338290, 53412640, 105010, 53412640, 13352980]] [48168309956.0, [850868.0, 54454402, 871270432, 309442, 871270432, 217817128]] [3495389180.0, [61746.0, 3951366, 63221808, 29798, 63221808, 15805446]] [2715066180246.0, [47949693.0, 3068770335, 49100323923, 42720639, 49099264851, 12275812827]] [84023215532.0, [1486224.0, 95117548, 1521880768, 1720364, 1517981376, 379363899]]
Model_cost: [8691828822.405405, [1020.8716216216217, 22447809, 359126200, 666209, 49400505, 771938]] [3944475270.0, [7461.0, 5333103, 85328676, 86895, 77870628, 1216827]] [304630128.75, [15.3125, 390450, 6247200, 13170, 6247200, 104020]] [5091737329.5, [2511.625, 6635394, 106002464, 38794, 103509152, 1641658]] [573782684.0, [183.0, 1085830, 17356848, 63590, 7767792, 121433]] [298936741060.7999, [1100.1000000000001, 383626383, 6138012243, 5340891, 6137123727, 95892711]] [1304086783.0, [97.25, 1783660, 28517760, 56660, 25506688, 398587]]
Arch_Param: [32, 1024, 16384, 16, 256, 256]
Samsung_cost: [22750054944.0, [402609.5, 25765441, 412206072, 519489, 410504376, 103073121]] [35306116686.0, [618351.0, 39567471, 633078564, 629871, 631702308, 170265711]] [2954814300.0, [52170.0, 3338290, 53412640, 105010, 53412640, 13352980]] [48168309956.0, [850868.0, 54454402, 871270432, 309442, 871270432, 217817128]] [3495389180.0, [61746.0, 3951366, 63221808, 29798, 63221808, 15805446]] [2715066180246.0, [47949693.0, 3068770335, 49100323923, 42720639, 49099264851, 12275812827]] [84023215532.0, [1486224.0, 95117548, 1521880768, 1720364, 1517981376, 379363899]]
Model_cost: [8691828822.405405, [1020.8716216216217, 22447809, 359126200, 666209, 49400505, 771938]] [3944475270.0, [7461.0, 5333103, 85328676, 86895, 77870628, 1216827]] [304630128.75, [15.3125, 390450, 6247200, 13170, 6247200, 104020]] [5091737329.5, [2511.625, 6635394, 106002464, 38794, 103509152, 1641658]] [573416376.0, [184.0, 1085830, 17356848, 14438, 7792880, 121881]] [298936741060.7999, [1100.1000000000001, 383626383, 6138012243, 5340891, 6137123727, 95892711]] [1304086783.0, [97.25, 1783660, 28517760, 56660, 25506688, 398587]]
Arch_Param: [32, 1024, 16384, 16, 512, 64]
Samsung_cost: [22758308142.0, [402609.5, 12882980, 412206072, 3236900, 410504376, 103073121]] [35321194062.0, [618351.0, 19783791, 633078564, 4912239, 631702308, 170265711]] [2955008340.0, [52170.0, 1669150, 53412640, 417310, 53412640, 13352980]] [48202344236.0, [850868.0, 27227206, 871270432, 6806854, 871270432, 217817128]] [3497697276.0, [61746.0, 1975686, 63221808, 493926, 63221808, 15805446]] [2716428030870.0, [47949693.0, 1534385247, 49100323923, 383602047, 49099264851, 12275812827]] [84057473584.0, [1486224.0, 47558774, 1521880768, 11924598, 1517981376, 379363899]]
Model_cost: [8755738916.405405, [1020.8716216216217, 11224164, 359126200, 5611876, 49400505, 771938]] [3933809286.0, [7461.0, 2666607, 85328676, 86895, 77870628, 1216827]] [303848808.75, [15.3125, 195230, 6247200, 13150, 6247200, 104020]] [5078506201.5, [2511.625, 3327942, 106002464, 38734, 103509152, 1641658]] [571412380.0, [183.0, 543942, 17356848, 54374, 7767792, 121433]] [298169490148.7999, [1100.1000000000001, 191813655, 6138012243, 5340891, 6137123727, 95892711]] [1300695683.0, [97.25, 891830, 28517760, 64670, 25506688, 398587]]
Arch_Param: [32, 1024, 16384, 16, 512, 128]
Samsung_cost: [22698524462.0, [402609.5, 12882980, 412206072, 519460, 410504376, 103073121]] [35226981966.0, [618351.0, 19783791, 633078564, 629871, 631702308, 170265711]] [2948137300.0, [52170.0, 1669150, 53412640, 104990, 53412640, 13352980]] [48059399852.0, [850868.0, 27227206, 871270432, 309382, 871270432, 217817128]] [3487486460.0, [61746.0, 1975686, 63221808, 29798, 63221808, 15805446]] [2708928639894.0, [47949693.0, 1534385247, 49100323923, 42720639, 49099264851, 12275812827]] [83832977840.0, [1486224.0, 47558774, 1521880768, 1720246, 1517981376, 379363899]]
Model_cost: [8646933604.405405, [1020.8716216216217, 11224164, 359126200, 666180, 49400505, 771938]] [3933809286.0, [7461.0, 2666607, 85328676, 86895, 77870628, 1216827]] [303848808.75, [15.3125, 195230, 6247200, 13150, 6247200, 104020]] [5078506201.5, [2511.625, 3327942, 106002464, 38734, 103509152, 1641658]] [571074460.0, [183.0, 543942, 17356848, 39014, 7767792, 121433]] [298169490148.7999, [1100.1000000000001, 191813655, 6138012243, 5340891, 6137123727, 95892711]] [1300340867.0, [97.25, 891830, 28517760, 48542, 25506688, 398587]]
Arch_Param: [32, 1024, 16384, 16, 512, 256]
Samsung_cost: [22698524462.0, [402609.5, 12882980, 412206072, 519460, 410504376, 103073121]] [35226981966.0, [618351.0, 19783791, 633078564, 629871, 631702308, 170265711]] [2948137300.0, [52170.0, 1669150, 53412640, 104990, 53412640, 13352980]] [48059399852.0, [850868.0, 27227206, 871270432, 309382, 871270432, 217817128]] [3487486460.0, [61746.0, 1975686, 63221808, 29798, 63221808, 15805446]] [2708928639894.0, [47949693.0, 1534385247, 49100323923, 42720639, 49099264851, 12275812827]] [83832977840.0, [1486224.0, 47558774, 1521880768, 1720246, 1517981376, 379363899]]
Model_cost: [8646933604.405405, [1020.8716216216217, 11224164, 359126200, 666180, 49400505, 771938]] [3933809286.0, [7461.0, 2666607, 85328676, 86895, 77870628, 1216827]] [303848808.75, [15.3125, 195230, 6247200, 13150, 6247200, 104020]] [5078506201.5, [2511.625, 3327942, 106002464, 38734, 103509152, 1641658]] [571074460.0, [183.0, 543942, 17356848, 39014, 7767792, 121433]] [298169490148.7999, [1100.1000000000001, 191813655, 6138012243, 5340891, 6137123727, 95892711]] [1300340867.0, [97.25, 891830, 28517760, 48542, 25506688, 398587]]
Arch_Param: [32, 1024, 16384, 16, 512, 512]
Samsung_cost: [22698524462.0, [402609.5, 12882980, 412206072, 519460, 410504376, 103073121]] [35226981966.0, [618351.0, 19783791, 633078564, 629871, 631702308, 170265711]] [2948137300.0, [52170.0, 1669150, 53412640, 104990, 53412640, 13352980]] [48059399852.0, [850868.0, 27227206, 871270432, 309382, 871270432, 217817128]] [3487486460.0, [61746.0, 1975686, 63221808, 29798, 63221808, 15805446]] [2708928639894.0, [47949693.0, 1534385247, 49100323923, 42720639, 49099264851, 12275812827]] [83832977840.0, [1486224.0, 47558774, 1521880768, 1720246, 1517981376, 379363899]]
Model_cost: [8645490404.405405, [1020.8716216216217, 11224164, 359126200, 600580, 49400505, 771938]] [3933809286.0, [7461.0, 2666607, 85328676, 86895, 77870628, 1216827]] [303848808.75, [15.3125, 195230, 6247200, 13150, 6247200, 104020]] [5078506201.5, [2511.625, 3327942, 106002464, 38734, 103509152, 1641658]] [570432412.0, [183.0, 543942, 17356848, 9830, 7767792, 121433]] [298169490148.7999, [1100.1000000000001, 191813655, 6138012243, 5340891, 6137123727, 95892711]] [1300200067.0, [97.25, 891830, 28517760, 42142, 25506688, 398587]]
Arch_Param: [32, 1024, 16384, 16, 1024, 64]
Samsung_cost: [22732556512.0, [402609.5, 6445089, 412206072, 3236897, 410504376, 103073121]] [35281626702.0, [618351.0, 9891951, 633078564, 4912239, 631702308, 170265711]] [2951669840.0, [52170.0, 834580, 53412640, 417300, 53412640, 13352980]] [48147889184.0, [850868.0, 13613608, 871270432, 6806824, 871270432, 217817128]] [3493745916.0, [61746.0, 987846, 63221808, 493926, 63221808, 15805446]] [2713359260694.0, [47949693.0, 767192703, 49100323923, 383602047, 49099264851, 12275812827]] [83962354738.0, [1486224.0, 23779387, 1521880768, 11924539, 1517981376, 379363899]]
Model_cost: [8733304022.405405, [1020.8716216216217, 5615457, 359126200, 5611873, 49400505, 771938]] [3928476294.0, [7461.0, 1333359, 85328676, 86895, 77870628, 1216827]] [303483748.75, [15.3125, 104020, 6247200, 13140, 6247200, 104020]] [5071916237.5, [2511.625, 1680616, 106002464, 38704, 103509152, 1641658]] [570058268.0, [183.0, 272998, 17356848, 42086, 7767792, 121433]] [297785864692.7999, [1100.1000000000001, 95907291, 6138012243, 5340891, 6137123727, 95892711]] [1298843525.0, [97.25, 446715, 28517760, 61411, 25506688, 398587]]
Arch_Param: [32, 1024, 16384, 16, 1024, 128]
Samsung_cost: [22672772832.0, [402609.5, 6445089, 412206072, 519457, 410504376, 103073121]] [35187414606.0, [618351.0, 9891951, 633078564, 629871, 631702308, 170265711]] [2944798800.0, [52170.0, 834580, 53412640, 104980, 53412640, 13352980]] [48004944800.0, [850868.0, 13613608, 871270432, 309352, 871270432, 217817128]] [3483535100.0, [61746.0, 987846, 63221808, 29798, 63221808, 15805446]] [2705859869718.0, [47949693.0, 767192703, 49100323923, 42720639, 49099264851, 12275812827]] [83737858994.0, [1486224.0, 23779387, 1521880768, 1720187, 1517981376, 379363899]]
Model_cost: [8624498710.405405, [1020.8716216216217, 5615457, 359126200, 666177, 49400505, 771938]] [3928476294.0, [7461.0, 1333359, 85328676, 86895, 77870628, 1216827]] [303483748.75, [15.3125, 104020, 6247200, 13140, 6247200, 104020]] [5071916237.5, [2511.625, 1680616, 106002464, 38704, 103509152, 1641658]] [569720348.0, [183.0, 272998, 17356848, 26726, 7767792, 121433]] [297785864692.7999, [1100.1000000000001, 95907291, 6138012243, 5340891, 6137123727, 95892711]] [1298488709.0, [97.25, 446715, 28517760, 45283, 25506688, 398587]]
Arch_Param: [32, 1024, 16384, 16, 1024, 256]
Samsung_cost: [22672772832.0, [402609.5, 6445089, 412206072, 519457, 410504376, 103073121]] [35187414606.0, [618351.0, 9891951, 633078564, 629871, 631702308, 170265711]] [2944798800.0, [52170.0, 834580, 53412640, 104980, 53412640, 13352980]] [48004944800.0, [850868.0, 13613608, 871270432, 309352, 871270432, 217817128]] [3483535100.0, [61746.0, 987846, 63221808, 29798, 63221808, 15805446]] [2705859869718.0, [47949693.0, 767192703, 49100323923, 42720639, 49099264851, 12275812827]] [83737858994.0, [1486224.0, 23779387, 1521880768, 1720187, 1517981376, 379363899]]
Model_cost: [8624498710.405405, [1020.8716216216217, 5615457, 359126200, 666177, 49400505, 771938]] [3928476294.0, [7461.0, 1333359, 85328676, 86895, 77870628, 1216827]] [303483748.75, [15.3125, 104020, 6247200, 13140, 6247200, 104020]] [5071916237.5, [2511.625, 1680616, 106002464, 38704, 103509152, 1641658]] [569720348.0, [183.0, 272998, 17356848, 26726, 7767792, 121433]] [297785864692.7999, [1100.1000000000001, 95907291, 6138012243, 5340891, 6137123727, 95892711]] [1298488709.0, [97.25, 446715, 28517760, 45283, 25506688, 398587]]
Arch_Param: [32, 1024, 16384, 16, 1024, 512]
Samsung_cost: [22672772832.0, [402609.5, 6445089, 412206072, 519457, 410504376, 103073121]] [35187414606.0, [618351.0, 9891951, 633078564, 629871, 631702308, 170265711]] [2944798800.0, [52170.0, 834580, 53412640, 104980, 53412640, 13352980]] [48004944800.0, [850868.0, 13613608, 871270432, 309352, 871270432, 217817128]] [3483535100.0, [61746.0, 987846, 63221808, 29798, 63221808, 15805446]] [2705859869718.0, [47949693.0, 767192703, 49100323923, 42720639, 49099264851, 12275812827]] [83737858994.0, [1486224.0, 23779387, 1521880768, 1720187, 1517981376, 379363899]]
Model_cost: [8623055510.405405, [1020.8716216216217, 5615457, 359126200, 600577, 49400505, 771938]] [3928476294.0, [7461.0, 1333359, 85328676, 86895, 77870628, 1216827]] [303483748.75, [15.3125, 104020, 6247200, 13140, 6247200, 104020]] [5071916237.5, [2511.625, 1680616, 106002464, 38704, 103509152, 1641658]] [569348636.0, [183.0, 272998, 17356848, 9830, 7767792, 121433]] [297785864692.7999, [1100.1000000000001, 95907291, 6138012243, 5340891, 6137123727, 95892711]] [1298418309.0, [97.25, 446715, 28517760, 42083, 25506688, 398587]]
Arch_Param: [32, 1024, 16384, 32, 256, 64]
Samsung_cost: [22261315488.0, [392401.5, 25112129, 401768440, 3146817, 400936120, 100681057]] [35400328782.0, [618351.0, 39567471, 633078564, 4912239, 631702308, 170265711]] [2961685340.0, [52170.0, 3338290, 53412640, 417330, 53412640, 13352980]] [48311254340.0, [850868.0, 54454402, 871270432, 6806914, 871270432, 217817128]] [3468011636.0, [61084.0, 3908998, 62543920, 488630, 62543920, 15635974]] [2722565571222.0, [47949693.0, 3068770335, 49100323923, 383602047, 49099264851, 12275812827]] [84131425836.0, [1484176.0, 94986476, 1519783616, 11908332, 1515884224, 378839611]]
Model_cost: [5549203101.081081, [586.8243243243244, 12767937, 204263608, 364289, 49400505, 771938]] [3944475270.0, [7461.0, 5333103, 85328676, 86895, 77870628, 1216827]] [304630128.75, [15.3125, 390450, 6247200, 13170, 6247200, 104020]] [5091737329.5, [2511.625, 6635394, 106002464, 38794, 103509152, 1641658]] [397341148.0, [95.0, 542918, 8678448, 31798, 7767792, 121433]] [298936741060.7999, [1100.1000000000001, 383626383, 6138012243, 5340891, 6137123727, 95892711]] [1259973653.0, [79.75, 1647980, 26356864, 40660, 25506688, 398587]]
Arch_Param: [32, 1024, 16384, 32, 256, 128]
Samsung_cost: [22202703264.0, [392401.5, 25112129, 401768440, 482625, 400936120, 100681057]] [35306116686.0, [618351.0, 39567471, 633078564, 629871, 631702308, 170265711]] [2954814300.0, [52170.0, 3338290, 53412640, 105010, 53412640, 13352980]] [48168309956.0, [850868.0, 54454402, 871270432, 309442, 871270432, 217817128]] [3457893748.0, [61084.0, 3908998, 62543920, 28726, 62543920, 15635974]] [2715066180246.0, [47949693.0, 3068770335, 49100323923, 42720639, 49099264851, 12275812827]] [83907110316.0, [1484176.0, 94986476, 1519783616, 1712172, 1515884224, 378839611]]
Model_cost: [5549203101.081081, [586.8243243243244, 12767937, 204263608, 364289, 49400505, 771938]] [3944475270.0, [7461.0, 5333103, 85328676, 86895, 77870628, 1216827]] [304630128.75, [15.3125, 390450, 6247200, 13170, 6247200, 104020]] [5091737329.5, [2511.625, 6635394, 106002464, 38794, 103509152, 1641658]] [397341148.0, [95.0, 542918, 8678448, 31798, 7767792, 121433]] [298936741060.7999, [1100.1000000000001, 383626383, 6138012243, 5340891, 6137123727, 95892711]] [1259973653.0, [79.75, 1647980, 26356864, 40660, 25506688, 398587]]
Arch_Param: [32, 1024, 16384, 32, 256, 256]
Samsung_cost: [22202703264.0, [392401.5, 25112129, 401768440, 482625, 400936120, 100681057]] [35306116686.0, [618351.0, 39567471, 633078564, 629871, 631702308, 170265711]] [2954814300.0, [52170.0, 3338290, 53412640, 105010, 53412640, 13352980]] [48168309956.0, [850868.0, 54454402, 871270432, 309442, 871270432, 217817128]] [3457893748.0, [61084.0, 3908998, 62543920, 28726, 62543920, 15635974]] [2715066180246.0, [47949693.0, 3068770335, 49100323923, 42720639, 49099264851, 12275812827]] [83907110316.0, [1484176.0, 94986476, 1519783616, 1712172, 1515884224, 378839611]]
Model_cost: [5548452637.081081, [586.8243243243244, 12767937, 204263608, 330177, 49400505, 771938]] [3944475270.0, [7461.0, 5333103, 85328676, 86895, 77870628, 1216827]] [304630128.75, [15.3125, 390450, 6247200, 13170, 6247200, 104020]] [5091737329.5, [2511.625, 6635394, 106002464, 38794, 103509152, 1641658]] [396749788.0, [95.0, 542918, 8678448, 4918, 7767792, 121433]] [298936741060.7999, [1100.1000000000001, 383626383, 6138012243, 5340891, 6137123727, 95892711]] [1259808917.0, [79.75, 1647980, 26356864, 33172, 25506688, 398587]]
Arch_Param: [32, 1024, 16384, 32, 512, 64]
Samsung_cost: [22211091630.0, [392401.5, 12556324, 401768440, 3146788, 400936120, 100681057]] [35321194062.0, [618351.0, 19783791, 633078564, 4912239, 631702308, 170265711]] [2955008340.0, [52170.0, 1669150, 53412640, 417310, 53412640, 13352980]] [48202344236.0, [850868.0, 27227206, 871270432, 6806854, 871270432, 217817128]] [3460193652.0, [61084.0, 1954502, 62543920, 488630, 62543920, 15635974]] [2716428030870.0, [47949693.0, 1534385247, 49100323923, 383602047, 49099264851, 12275812827]] [83941450288.0, [1484176.0, 47493238, 1519783616, 11908214, 1515884224, 378839611]]
Model_cost: [5523667627.081081, [586.8243243243244, 6384228, 204263608, 364260, 49400505, 771938]] [3933809286.0, [7461.0, 2666607, 85328676, 86895, 77870628, 1216827]] [303848808.75, [15.3125, 195230, 6247200, 13150, 6247200, 104020]] [5078506201.5, [2511.625, 3327942, 106002464, 38734, 103509152, 1641658]] [395987036.0, [95.0, 271974, 8678448, 19510, 7767792, 121433]] [298169490148.7999, [1100.1000000000001, 191813655, 6138012243, 5340891, 6137123727, 95892711]] [1256583577.0, [79.75, 823990, 26356864, 36382, 25506688, 398587]]
Arch_Param: [32, 1024, 16384, 32, 512, 128]
Samsung_cost: [22152479406.0, [392401.5, 12556324, 401768440, 482596, 400936120, 100681057]] [35226981966.0, [618351.0, 19783791, 633078564, 629871, 631702308, 170265711]] [2948137300.0, [52170.0, 1669150, 53412640, 104990, 53412640, 13352980]] [48059399852.0, [850868.0, 27227206, 871270432, 309382, 871270432, 217817128]] [3450075764.0, [61084.0, 1954502, 62543920, 28726, 62543920, 15635974]] [2708928639894.0, [47949693.0, 1534385247, 49100323923, 42720639, 49099264851, 12275812827]] [83717134768.0, [1484176.0, 47493238, 1519783616, 1712054, 1515884224, 378839611]]
Model_cost: [5523667627.081081, [586.8243243243244, 6384228, 204263608, 364260, 49400505, 771938]] [3933809286.0, [7461.0, 2666607, 85328676, 86895, 77870628, 1216827]] [303848808.75, [15.3125, 195230, 6247200, 13150, 6247200, 104020]] [5078506201.5, [2511.625, 3327942, 106002464, 38734, 103509152, 1641658]] [395987036.0, [95.0, 271974, 8678448, 19510, 7767792, 121433]] [298169490148.7999, [1100.1000000000001, 191813655, 6138012243, 5340891, 6137123727, 95892711]] [1256583577.0, [79.75, 823990, 26356864, 36382, 25506688, 398587]]
Arch_Param: [32, 1024, 16384, 32, 512, 256]
Samsung_cost: [22152479406.0, [392401.5, 12556324, 401768440, 482596, 400936120, 100681057]] [35226981966.0, [618351.0, 19783791, 633078564, 629871, 631702308, 170265711]] [2948137300.0, [52170.0, 1669150, 53412640, 104990, 53412640, 13352980]] [48059399852.0, [850868.0, 27227206, 871270432, 309382, 871270432, 217817128]] [3450075764.0, [61084.0, 1954502, 62543920, 28726, 62543920, 15635974]] [2708928639894.0, [47949693.0, 1534385247, 49100323923, 42720639, 49099264851, 12275812827]] [83717134768.0, [1484176.0, 47493238, 1519783616, 1712054, 1515884224, 378839611]]
Model_cost: [5522917163.081081, [586.8243243243244, 6384228, 204263608, 330148, 49400505, 771938]] [3933809286.0, [7461.0, 2666607, 85328676, 86895, 77870628, 1216827]] [303848808.75, [15.3125, 195230, 6247200, 13150, 6247200, 104020]] [5078506201.5, [2511.625, 3327942, 106002464, 38734, 103509152, 1641658]] [395666012.0, [95.0, 271974, 8678448, 4918, 7767792, 121433]] [298169490148.7999, [1100.1000000000001, 191813655, 6138012243, 5340891, 6137123727, 95892711]] [1256510361.0, [79.75, 823990, 26356864, 33054, 25506688, 398587]]
Arch_Param: [32, 1024, 16384, 32, 512, 512]
Samsung_cost: [22152479406.0, [392401.5, 12556324, 401768440, 482596, 400936120, 100681057]] [35226981966.0, [618351.0, 19783791, 633078564, 629871, 631702308, 170265711]] [2948137300.0, [52170.0, 1669150, 53412640, 104990, 53412640, 13352980]] [48059399852.0, [850868.0, 27227206, 871270432, 309382, 871270432, 217817128]] [3450075764.0, [61084.0, 1954502, 62543920, 28726, 62543920, 15635974]] [2708928639894.0, [47949693.0, 1534385247, 49100323923, 42720639, 49099264851, 12275812827]] [83717134768.0, [1484176.0, 47493238, 1519783616, 1712054, 1515884224, 378839611]]
Model_cost: [5522917163.081081, [586.8243243243244, 6384228, 204263608, 330148, 49400505, 771938]] [3933809286.0, [7461.0, 2666607, 85328676, 86895, 77870628, 1216827]] [303848808.75, [15.3125, 195230, 6247200, 13150, 6247200, 104020]] [5078506201.5, [2511.625, 3327942, 106002464, 38734, 103509152, 1641658]] [395666012.0, [95.0, 271974, 8678448, 4918, 7767792, 121433]] [298169490148.7999, [1100.1000000000001, 191813655, 6138012243, 5340891, 6137123727, 95892711]] [1256510361.0, [79.75, 823990, 26356864, 33054, 25506688, 398587]]
Arch_Param: [32, 1024, 16384, 32, 1024, 64]
Samsung_cost: [22185987168.0, [392401.5, 6280225, 401768440, 3146785, 400936120, 100681057]] [35281626702.0, [618351.0, 9891951, 633078564, 4912239, 631702308, 170265711]] [2951669840.0, [52170.0, 834580, 53412640, 417300, 53412640, 13352980]] [48147889184.0, [850868.0, 13613608, 871270432, 6806824, 871270432, 217817128]] [3456284660.0, [61084.0, 977254, 62543920, 488630, 62543920, 15635974]] [2713359260694.0, [47949693.0, 767192703, 49100323923, 383602047, 49099264851, 12275812827]] [83846462514.0, [1484176.0, 23746619, 1519783616, 11908155, 1515884224, 378839611]]
Model_cost: [5510906461.081081, [586.8243243243244, 3193953, 204263608, 364257, 49400505, 771938]] [3928476294.0, [7461.0, 1333359, 85328676, 86895, 77870628, 1216827]] [303483748.75, [15.3125, 104020, 6247200, 13140, 6247200, 104020]] [5071916237.5, [2511.625, 1680616, 106002464, 38704, 103509152, 1641658]] [395309980.0, [95.0, 136502, 8678448, 13366, 7767792, 121433]] [297785864692.7999, [1100.1000000000001, 95907291, 6138012243, 5340891, 6137123727, 95892711]] [1254899355.0, [79.75, 412411, 26356864, 34659, 25506688, 398587]]
Arch_Param: [32, 1024, 16384, 32, 1024, 128]
Samsung_cost: [22127374944.0, [392401.5, 6280225, 401768440, 482593, 400936120, 100681057]] [35187414606.0, [618351.0, 9891951, 633078564, 629871, 631702308, 170265711]] [2944798800.0, [52170.0, 834580, 53412640, 104980, 53412640, 13352980]] [48004944800.0, [850868.0, 13613608, 871270432, 309352, 871270432, 217817128]] [3446166772.0, [61084.0, 977254, 62543920, 28726, 62543920, 15635974]] [2705859869718.0, [47949693.0, 767192703, 49100323923, 42720639, 49099264851, 12275812827]] [83622146994.0, [1484176.0, 23746619, 1519783616, 1711995, 1515884224, 378839611]]
Model_cost: [5510906461.081081, [586.8243243243244, 3193953, 204263608, 364257, 49400505, 771938]] [3928476294.0, [7461.0, 1333359, 85328676, 86895, 77870628, 1216827]] [303483748.75, [15.3125, 104020, 6247200, 13140, 6247200, 104020]] [5071916237.5, [2511.625, 1680616, 106002464, 38704, 103509152, 1641658]] [395309980.0, [95.0, 136502, 8678448, 13366, 7767792, 121433]] [297785864692.7999, [1100.1000000000001, 95907291, 6138012243, 5340891, 6137123727, 95892711]] [1254899355.0, [79.75, 412411, 26356864, 34659, 25506688, 398587]]
Arch_Param: [32, 1024, 16384, 32, 1024, 256]
Samsung_cost: [22127374944.0, [392401.5, 6280225, 401768440, 482593, 400936120, 100681057]] [35187414606.0, [618351.0, 9891951, 633078564, 629871, 631702308, 170265711]] [2944798800.0, [52170.0, 834580, 53412640, 104980, 53412640, 13352980]] [48004944800.0, [850868.0, 13613608, 871270432, 309352, 871270432, 217817128]] [3446166772.0, [61084.0, 977254, 62543920, 28726, 62543920, 15635974]] [2705859869718.0, [47949693.0, 767192703, 49100323923, 42720639, 49099264851, 12275812827]] [83622146994.0, [1484176.0, 23746619, 1519783616, 1711995, 1515884224, 378839611]]
Model_cost: [5510155997.081081, [586.8243243243244, 3193953, 204263608, 330145, 49400505, 771938]] [3928476294.0, [7461.0, 1333359, 85328676, 86895, 77870628, 1216827]] [303483748.75, [15.3125, 104020, 6247200, 13140, 6247200, 104020]] [5071916237.5, [2511.625, 1680616, 106002464, 38704, 103509152, 1641658]] [395124124.0, [95.0, 136502, 8678448, 4918, 7767792, 121433]] [297785864692.7999, [1100.1000000000001, 95907291, 6138012243, 5340891, 6137123727, 95892711]] [1254862747.0, [79.75, 412411, 26356864, 32995, 25506688, 398587]]
Arch_Param: [32, 1024, 16384, 32, 1024, 512]
Samsung_cost: [22127374944.0, [392401.5, 6280225, 401768440, 482593, 400936120, 100681057]] [35187414606.0, [618351.0, 9891951, 633078564, 629871, 631702308, 170265711]] [2944798800.0, [52170.0, 834580, 53412640, 104980, 53412640, 13352980]] [48004944800.0, [850868.0, 13613608, 871270432, 309352, 871270432, 217817128]] [3446166772.0, [61084.0, 977254, 62543920, 28726, 62543920, 15635974]] [2705859869718.0, [47949693.0, 767192703, 49100323923, 42720639, 49099264851, 12275812827]] [83622146994.0, [1484176.0, 23746619, 1519783616, 1711995, 1515884224, 378839611]]
Model_cost: [5510155997.081081, [586.8243243243244, 3193953, 204263608, 330145, 49400505, 771938]] [3928476294.0, [7461.0, 1333359, 85328676, 86895, 77870628, 1216827]] [303483748.75, [15.3125, 104020, 6247200, 13140, 6247200, 104020]] [5071916237.5, [2511.625, 1680616, 106002464, 38704, 103509152, 1641658]] [395124124.0, [95.0, 136502, 8678448, 4918, 7767792, 121433]] [297785864692.7999, [1100.1000000000001, 95907291, 6138012243, 5340891, 6137123727, 95892711]] [1254862747.0, [79.75, 412411, 26356864, 32995, 25506688, 398587]]
Arch_Param: [32, 1024, 8192, 4, 256, 64]
Samsung_cost: [90703480302.0, [3200194.0, 102405697, 1638358008, 12858433, 1632619704, 408601953]] [35417639502.0, [1236591.0, 39567471, 633078564, 4912239, 631702308, 170265711]] [2963145820, [104330, 3338290, 53412640, 417330, 53412640, 13352980]] [48335078084, [1701716, 54454402, 871270432, 6806914, 871270432, 217817128]] [3907484268, [137574, 4402182, 70434864, 550278, 70434864, 17608710]] [2723908158174.0, [95899227.0, 3068770335, 49100323923, 383602047, 49099264851, 12275812827]] [87095836716.0, [3087632.0, 98803948, 1580863168, 12489964, 1563594432, 390767163]]
Model_cost: [27948699318.0, [7230.0, 80564801, 1288904952, 20150465, 49400505, 771938]] [5530974270.0, [15687.0, 10223727, 163578660, 164463, 77870628, 1216827]] [304630277.5, [20.625, 390450, 6247200, 13170, 6247200, 104020]] [5091807095.0, [5003.25, 6635394, 106002464, 38794, 103509152, 1641658]] [1654123576.0, [1416.0, 4343302, 69427248, 1239430, 7767792, 121433]] [423337055046.0, [2925.0, 767215743, 12275433555, 10680855, 6137123727, 95892711]] [1697722788.0, [414.0, 2983404, 47652928, 335060, 25506688, 398587]]
Arch_Param: [32, 1024, 8192, 4, 256, 128]
Samsung_cost: [90465291758.0, [3200194.0, 102405697, 1638358008, 2031681, 1632619704, 408601953]] [35323427406.0, [1236591.0, 39567471, 633078564, 629871, 631702308, 170265711]] [2956274780, [104330, 3338290, 53412640, 105010, 53412640, 13352980]] [48192133700, [1701716, 54454402, 871270432, 309442, 871270432, 217817128]] [3896242796, [137574, 4402182, 70434864, 39302, 70434864, 17608710]] [2716408767198.0, [95899227.0, 3068770335, 49100323923, 42720639, 49099264851, 12275812827]] [86866204588.0, [3087632.0, 98803948, 1580863168, 2052140, 1563594432, 390767163]]
Model_cost: [27948699318.0, [7230.0, 80564801, 1288904952, 20150465, 49400505, 771938]] [5530974270.0, [15687.0, 10223727, 163578660, 164463, 77870628, 1216827]] [304630277.5, [20.625, 390450, 6247200, 13170, 6247200, 104020]] [5091807095.0, [5003.25, 6635394, 106002464, 38794, 103509152, 1641658]] [1633803320.0, [1416.0, 4343302, 69427248, 315782, 7767792, 121433]] [423337055046.0, [2925.0, 767215743, 12275433555, 10680855, 6137123727, 95892711]] [1695140516.0, [414.0, 2983404, 47652928, 217684, 25506688, 398587]]
Arch_Param: [32, 1024, 8192, 4, 256, 256]
Samsung_cost: [90465291758.0, [3200194.0, 102405697, 1638358008, 2031681, 1632619704, 408601953]] [35323427406.0, [1236591.0, 39567471, 633078564, 629871, 631702308, 170265711]] [2956274780, [104330, 3338290, 53412640, 105010, 53412640, 13352980]] [48192133700, [1701716, 54454402, 871270432, 309442, 871270432, 217817128]] [3896242796, [137574, 4402182, 70434864, 39302, 70434864, 17608710]] [2716408767198.0, [95899227.0, 3068770335, 49100323923, 42720639, 49099264851, 12275812827]] [86866204588.0, [3087632.0, 98803948, 1580863168, 2052140, 1563594432, 390767163]]
Model_cost: [27948699318.0, [7230.0, 80564801, 1288904952, 20150465, 49400505, 771938]] [5530974270.0, [15687.0, 10223727, 163578660, 164463, 77870628, 1216827]] [304630277.5, [20.625, 390450, 6247200, 13170, 6247200, 104020]] [5091807095.0, [5003.25, 6635394, 106002464, 38794, 103509152, 1641658]] [1633803320.0, [1416.0, 4343302, 69427248, 315782, 7767792, 121433]] [423337055046.0, [2925.0, 767215743, 12275433555, 10680855, 6137123727, 95892711]] [1695140516.0, [414.0, 2983404, 47652928, 217684, 25506688, 398587]]
Arch_Param: [32, 1024, 8192, 4, 512, 64]
Samsung_cost: [90498669308.0, [3200194.0, 51203108, 1638358008, 12858404, 1632619704, 408601953]] [35338504782.0, [1236591.0, 19783791, 633078564, 4912239, 631702308, 170265711]] [2956468820, [104330, 1669150, 53412640, 417310, 53412640, 13352980]] [48226167980, [1701716, 27227206, 871270432, 6806854, 871270432, 217817128]] [3898679916, [137574, 2201094, 70434864, 550278, 70434864, 17608710]] [2717770617822.0, [95899227.0, 1534385247, 49100323923, 383602047, 49099264851, 12275812827]] [86898226224.0, [3087632.0, 49401974, 1580863168, 12489846, 1563594432, 390767163]]
Model_cost: [27787570116.0, [7230.0, 40282660, 1288904952, 20150436, 49400505, 771938]] [5510527038.0, [15687.0, 5111919, 163578660, 164463, 77870628, 1216827]] [303848957.5, [20.625, 195230, 6247200, 13150, 6247200, 104020]] [5078575967.0, [5003.25, 3327942, 106002464, 38734, 103509152, 1641658]] [1643290680.0, [1416.0, 2175750, 69427248, 1141126, 7767792, 121433]] [421802626950.0, [2925.0, 383608719, 12275433555, 10680855, 6137123727, 95892711]] [1691063464.0, [414.0, 1491702, 47652928, 303582, 25506688, 398587]]
Arch_Param: [32, 1024, 8192, 4, 512, 128]
Samsung_cost: [90260480764.0, [3200194.0, 51203108, 1638358008, 2031652, 1632619704, 408601953]] [35244292686.0, [1236591.0, 19783791, 633078564, 629871, 631702308, 170265711]] [2949597780, [104330, 1669150, 53412640, 104990, 53412640, 13352980]] [48083223596, [1701716, 27227206, 871270432, 309382, 871270432, 217817128]] [3887438444, [137574, 2201094, 70434864, 39302, 70434864, 17608710]] [2710271226846.0, [95899227.0, 1534385247, 49100323923, 42720639, 49099264851, 12275812827]] [86668594096.0, [3087632.0, 49401974, 1580863168, 2052022, 1563594432, 390767163]]
Model_cost: [27787570116.0, [7230.0, 40282660, 1288904952, 20150436, 49400505, 771938]] [5510527038.0, [15687.0, 5111919, 163578660, 164463, 77870628, 1216827]] [303848957.5, [20.625, 195230, 6247200, 13150, 6247200, 104020]] [5078575967.0, [5003.25, 3327942, 106002464, 38734, 103509152, 1641658]] [1622970424.0, [1416.0, 2175750, 69427248, 217478, 7767792, 121433]] [421802626950.0, [2925.0, 383608719, 12275433555, 10680855, 6137123727, 95892711]] [1688481192.0, [414.0, 1491702, 47652928, 186206, 25506688, 398587]]
Arch_Param: [32, 1024, 8192, 4, 512, 256]
Samsung_cost: [90260480764.0, [3200194.0, 51203108, 1638358008, 2031652, 1632619704, 408601953]] [35244292686.0, [1236591.0, 19783791, 633078564, 629871, 631702308, 170265711]] [2949597780, [104330, 1669150, 53412640, 104990, 53412640, 13352980]] [48083223596, [1701716, 27227206, 871270432, 309382, 871270432, 217817128]] [3887438444, [137574, 2201094, 70434864, 39302, 70434864, 17608710]] [2710271226846.0, [95899227.0, 1534385247, 49100323923, 42720639, 49099264851, 12275812827]] [86668594096.0, [3087632.0, 49401974, 1580863168, 2052022, 1563594432, 390767163]]
Model_cost: [27787570116.0, [7230.0, 40282660, 1288904952, 20150436, 49400505, 771938]] [5510527038.0, [15687.0, 5111919, 163578660, 164463, 77870628, 1216827]] [303848957.5, [20.625, 195230, 6247200, 13150, 6247200, 104020]] [5078575967.0, [5003.25, 3327942, 106002464, 38734, 103509152, 1641658]] [1622970424.0, [1416.0, 2175750, 69427248, 217478, 7767792, 121433]] [421802626950.0, [2925.0, 383608719, 12275433555, 10680855, 6137123727, 95892711]] [1688481192.0, [414.0, 1491702, 47652928, 186206, 25506688, 398587]]
Arch_Param: [32, 1024, 8192, 4, 512, 512]
Samsung_cost: [90260480764.0, [3200194.0, 51203108, 1638358008, 2031652, 1632619704, 408601953]] [35244292686.0, [1236591.0, 19783791, 633078564, 629871, 631702308, 170265711]] [2949597780, [104330, 1669150, 53412640, 104990, 53412640, 13352980]] [48083223596, [1701716, 27227206, 871270432, 309382, 871270432, 217817128]] [3887438444, [137574, 2201094, 70434864, 39302, 70434864, 17608710]] [2710271226846.0, [95899227.0, 1534385247, 49100323923, 42720639, 49099264851, 12275812827]] [86668594096.0, [3087632.0, 49401974, 1580863168, 2052022, 1563594432, 390767163]]
Model_cost: [27398979716.0, [7230.0, 40282660, 1288904952, 2487236, 49400505, 771938]] [5510527038.0, [15687.0, 5111919, 163578660, 164463, 77870628, 1216827]] [303848957.5, [20.625, 195230, 6247200, 13150, 6247200, 104020]] [5078575967.0, [5003.25, 3327942, 106002464, 38734, 103509152, 1641658]] [1621601136.0, [1418.0, 2175750, 69427248, 57734, 7843056, 122777]] [421802626950.0, [2925.0, 383608719, 12275433555, 10680855, 6137123727, 95892711]] [1687213992.0, [414.0, 1491702, 47652928, 128606, 25506688, 398587]]
Arch_Param: [32, 1024, 8192, 4, 1024, 64]
Samsung_cost: [90396314286.0, [3200194.0, 25614369, 1638358008, 12858401, 1632619704, 408601953]] [35298937422.0, [1236591.0, 9891951, 633078564, 4912239, 631702308, 170265711]] [2953130320, [104330, 834580, 53412640, 417300, 53412640, 13352980]] [48171712928, [1701716, 13613608, 871270432, 6806824, 871270432, 217817128]] [3894277740, [137574, 1100550, 70434864, 550278, 70434864, 17608710]] [2714701847646.0, [95899227.0, 767192703, 49100323923, 383602047, 49099264851, 12275812827]] [86799420978.0, [3087632.0, 24700987, 1580863168, 12489787, 1563594432, 390767163]]
Model_cost: [27707055478.0, [7230.0, 20154017, 1288904952, 20150433, 49400505, 771938]] [5500303422.0, [15687.0, 2556015, 163578660, 164463, 77870628, 1216827]] [303483897.5, [20.625, 104020, 6247200, 13140, 6247200, 104020]] [5071986003.0, [5003.25, 1680616, 106002464, 38704, 103509152, 1641658]] [1637874232.0, [1416.0, 1091974, 69427248, 1091974, 7767792, 121433]] [421035412902.0, [2925.0, 191805207, 12275433555, 10680855, 6137123727, 95892711]] [1687815338.0, [414.0, 748987, 47652928, 290979, 25506688, 398587]]
Arch_Param: [32, 1024, 8192, 4, 1024, 128]
Samsung_cost: [90158125742.0, [3200194.0, 25614369, 1638358008, 2031649, 1632619704, 408601953]] [35204725326.0, [1236591.0, 9891951, 633078564, 629871, 631702308, 170265711]] [2946259280, [104330, 834580, 53412640, 104980, 53412640, 13352980]] [48028768544, [1701716, 13613608, 871270432, 309352, 871270432, 217817128]] [3883036268, [137574, 1100550, 70434864, 39302, 70434864, 17608710]] [2707202456670.0, [95899227.0, 767192703, 49100323923, 42720639, 49099264851, 12275812827]] [86569788850.0, [3087632.0, 24700987, 1580863168, 2051963, 1563594432, 390767163]]
Model_cost: [27707055478.0, [7230.0, 20154017, 1288904952, 20150433, 49400505, 771938]] [5500303422.0, [15687.0, 2556015, 163578660, 164463, 77870628, 1216827]] [303483897.5, [20.625, 104020, 6247200, 13140, 6247200, 104020]] [5071986003.0, [5003.25, 1680616, 106002464, 38704, 103509152, 1641658]] [1617553976.0, [1416.0, 1091974, 69427248, 168326, 7767792, 121433]] [421035412902.0, [2925.0, 191805207, 12275433555, 10680855, 6137123727, 95892711]] [1685233066.0, [414.0, 748987, 47652928, 173603, 25506688, 398587]]
Arch_Param: [32, 1024, 8192, 4, 1024, 256]
Samsung_cost: [90158125742.0, [3200194.0, 25614369, 1638358008, 2031649, 1632619704, 408601953]] [35204725326.0, [1236591.0, 9891951, 633078564, 629871, 631702308, 170265711]] [2946259280, [104330, 834580, 53412640, 104980, 53412640, 13352980]] [48028768544, [1701716, 13613608, 871270432, 309352, 871270432, 217817128]] [3883036268, [137574, 1100550, 70434864, 39302, 70434864, 17608710]] [2707202456670.0, [95899227.0, 767192703, 49100323923, 42720639, 49099264851, 12275812827]] [86569788850.0, [3087632.0, 24700987, 1580863168, 2051963, 1563594432, 390767163]]
Model_cost: [27707055478.0, [7230.0, 20154017, 1288904952, 20150433, 49400505, 771938]] [5500303422.0, [15687.0, 2556015, 163578660, 164463, 77870628, 1216827]] [303483897.5, [20.625, 104020, 6247200, 13140, 6247200, 104020]] [5071986003.0, [5003.25, 1680616, 106002464, 38704, 103509152, 1641658]] [1617553976.0, [1416.0, 1091974, 69427248, 168326, 7767792, 121433]] [421035412902.0, [2925.0, 191805207, 12275433555, 10680855, 6137123727, 95892711]] [1685233066.0, [414.0, 748987, 47652928, 173603, 25506688, 398587]]
Arch_Param: [32, 1024, 8192, 4, 1024, 512]
Samsung_cost: [90158125742.0, [3200194.0, 25614369, 1638358008, 2031649, 1632619704, 408601953]] [35204725326.0, [1236591.0, 9891951, 633078564, 629871, 631702308, 170265711]] [2946259280, [104330, 834580, 53412640, 104980, 53412640, 13352980]] [48028768544, [1701716, 13613608, 871270432, 309352, 871270432, 217817128]] [3883036268, [137574, 1100550, 70434864, 39302, 70434864, 17608710]] [2707202456670.0, [95899227.0, 767192703, 49100323923, 42720639, 49099264851, 12275812827]] [86569788850.0, [3087632.0, 24700987, 1580863168, 2051963, 1563594432, 390767163]]
Model_cost: [27318465078.0, [7230.0, 20154017, 1288904952, 2487233, 49400505, 771938]] [5500303422.0, [15687.0, 2556015, 163578660, 164463, 77870628, 1216827]] [303483897.5, [20.625, 104020, 6247200, 13140, 6247200, 104020]] [5071986003.0, [5003.25, 1680616, 106002464, 38704, 103509152, 1641658]] [1616202296.0, [1416.0, 1091974, 69427248, 106886, 7767792, 121433]] [421035412902.0, [2925.0, 191805207, 12275433555, 10680855, 6137123727, 95892711]] [1683965866.0, [414.0, 748987, 47652928, 116003, 25506688, 398587]]
Arch_Param: [32, 1024, 8192, 8, 256, 64]
Samsung_cost: [45448567278.0, [1603522.0, 51312193, 820923384, 6444097, 817876152, 204916065]] [35417639502.0, [1236591.0, 39567471, 633078564, 4912239, 631702308, 170265711]] [2963145820, [104330, 3338290, 53412640, 417330, 53412640, 13352980]] [48335078084, [1701716, 54454402, 871270432, 6806914, 871270432, 217817128]] [3640713900, [128182, 4101638, 65626160, 512710, 65626160, 16406534]] [2723908158174.0, [95899227.0, 3068770335, 49100323923, 383602047, 49099264851, 12275812827]] [85224828972.0, [3010832.0, 96346348, 1541541568, 12113132, 1533185728, 383164987]]
Model_cost: [15181513296.777779, [3747.527777777778, 41814593, 668963704, 10456705, 49400505, 771938]] [3944681070.0, [14811.0, 5333103, 85328676, 86895, 77870628, 1216827]] [304630277.5, [20.625, 390450, 6247200, 13170, 6247200, 104020]] [5091807095.0, [5003.25, 6635394, 106002464, 38794, 103509152, 1641658]] [927351452.0, [711.0, 2171654, 34713648, 157894, 7767792, 121433]] [298936769562.0, [2118.0, 383626383, 6138012243, 5340891, 6137123727, 95892711]] [1392975214.0, [247.5, 2055020, 32839552, 118612, 25506688, 398587]]
Arch_Param: [32, 1024, 8192, 8, 256, 128]
Samsung_cost: [45329315310.0, [1603522.0, 51312193, 820923384, 1023553, 817876152, 204916065]] [35323427406.0, [1236591.0, 39567471, 633078564, 629871, 631702308, 170265711]] [2956274780, [104330, 3338290, 53412640, 105010, 53412640, 13352980]] [48192133700, [1701716, 54454402, 871270432, 309442, 871270432, 217817128]] [3630159532, [128182, 4101638, 65626160, 32966, 65626160, 16406534]] [2716408767198.0, [95899227.0, 3068770335, 49100323923, 42720639, 49099264851, 12275812827]] [84998621100.0, [3010832.0, 96346348, 1541541568, 1830956, 1533185728, 383164987]]
Model_cost: [15181513296.777779, [3747.527777777778, 41814593, 668963704, 10456705, 49400505, 771938]] [3944681070.0, [14811.0, 5333103, 85328676, 86895, 77870628, 1216827]] [304630277.5, [20.625, 390450, 6247200, 13170, 6247200, 104020]] [5091807095.0, [5003.25, 6635394, 106002464, 38794, 103509152, 1641658]] [927351452.0, [711.0, 2171654, 34713648, 157894, 7767792, 121433]] [298936769562.0, [2118.0, 383626383, 6138012243, 5340891, 6137123727, 95892711]] [1392975214.0, [247.5, 2055020, 32839552, 118612, 25506688, 398587]]
Arch_Param: [32, 1024, 8192, 8, 256, 256]
Samsung_cost: [45329315310.0, [1603522.0, 51312193, 820923384, 1023553, 817876152, 204916065]] [35323427406.0, [1236591.0, 39567471, 633078564, 629871, 631702308, 170265711]] [2956274780, [104330, 3338290, 53412640, 105010, 53412640, 13352980]] [48192133700, [1701716, 54454402, 871270432, 309442, 871270432, 217817128]] [3630159532, [128182, 4101638, 65626160, 32966, 65626160, 16406534]] [2716408767198.0, [95899227.0, 3068770335, 49100323923, 42720639, 49099264851, 12275812827]] [84998621100.0, [3010832.0, 96346348, 1541541568, 1830956, 1533185728, 383164987]]
Model_cost: [14979446288.777779, [3747.527777777778, 41814593, 668963704, 1271841, 49400505, 771938]] [3944681070.0, [14811.0, 5333103, 85328676, 86895, 77870628, 1216827]] [304630277.5, [20.625, 390450, 6247200, 13170, 6247200, 104020]] [5091807095.0, [5003.25, 6635394, 106002464, 38794, 103509152, 1641658]] [926658032.0, [714.0, 2171654, 34713648, 28870, 7843056, 122777]] [298936769562.0, [2118.0, 383626383, 6138012243, 5340891, 6137123727, 95892711]] [1392316270.0, [247.5, 2055020, 32839552, 88660, 25506688, 398587]]
Arch_Param: [32, 1024, 8192, 8, 512, 64]
Samsung_cost: [45345943292.0, [1603522.0, 25656356, 820923384, 6444068, 817876152, 204916065]] [35338504782.0, [1236591.0, 19783791, 633078564, 4912239, 631702308, 170265711]] [2956468820, [104330, 1669150, 53412640, 417310, 53412640, 13352980]] [48226167980, [1701716, 27227206, 871270432, 6806854, 871270432, 217817128]] [3632510636, [128182, 2050822, 65626160, 512710, 65626160, 16406534]] [2717770617822.0, [95899227.0, 1534385247, 49100323923, 383602047, 49099264851, 12275812827]] [85032133680.0, [3010832.0, 48173174, 1541541568, 12113014, 1533185728, 383164987]]
Model_cost: [15097884510.777779, [3747.527777777778, 20907556, 668963704, 10456676, 49400505, 771938]] [3934015086.0, [14811.0, 2666607, 85328676, 86895, 77870628, 1216827]] [303848957.5, [20.625, 195230, 6247200, 13150, 6247200, 104020]] [5078575967.0, [5003.25, 3327942, 106002464, 38734, 103509152, 1641658]] [921935004.0, [711.0, 1087878, 34713648, 108742, 7767792, 121433]] [298169518650.0, [2118.0, 191813655, 6138012243, 5340891, 6137123727, 95892711]] [1388517618.0, [247.5, 1027510, 32839552, 102814, 25506688, 398587]]
Arch_Param: [32, 1024, 8192, 8, 512, 128]
Samsung_cost: [45226691324.0, [1603522.0, 25656356, 820923384, 1023524, 817876152, 204916065]] [35244292686.0, [1236591.0, 19783791, 633078564, 629871, 631702308, 170265711]] [2949597780, [104330, 1669150, 53412640, 104990, 53412640, 13352980]] [48083223596, [1701716, 27227206, 871270432, 309382, 871270432, 217817128]] [3621956268, [128182, 2050822, 65626160, 32966, 65626160, 16406534]] [2710271226846.0, [95899227.0, 1534385247, 49100323923, 42720639, 49099264851, 12275812827]] [84805925808.0, [3010832.0, 48173174, 1541541568, 1830838, 1533185728, 383164987]]
Model_cost: [15097884510.777779, [3747.527777777778, 20907556, 668963704, 10456676, 49400505, 771938]] [3934015086.0, [14811.0, 2666607, 85328676, 86895, 77870628, 1216827]] [303848957.5, [20.625, 195230, 6247200, 13150, 6247200, 104020]] [5078575967.0, [5003.25, 3327942, 106002464, 38734, 103509152, 1641658]] [921935004.0, [711.0, 1087878, 34713648, 108742, 7767792, 121433]] [298169518650.0, [2118.0, 191813655, 6138012243, 5340891, 6137123727, 95892711]] [1388517618.0, [247.5, 1027510, 32839552, 102814, 25506688, 398587]]
Arch_Param: [32, 1024, 8192, 8, 512, 256]
Samsung_cost: [45226691324.0, [1603522.0, 25656356, 820923384, 1023524, 817876152, 204916065]] [35244292686.0, [1236591.0, 19783791, 633078564, 629871, 631702308, 170265711]] [2949597780, [104330, 1669150, 53412640, 104990, 53412640, 13352980]] [48083223596, [1701716, 27227206, 871270432, 309382, 871270432, 217817128]] [3621956268, [128182, 2050822, 65626160, 32966, 65626160, 16406534]] [2710271226846.0, [95899227.0, 1534385247, 49100323923, 42720639, 49099264851, 12275812827]] [84805925808.0, [3010832.0, 48173174, 1541541568, 1830838, 1533185728, 383164987]]
Model_cost: [14895817502.777779, [3747.527777777778, 20907556, 668963704, 1271812, 49400505, 771938]] [3934015086.0, [14811.0, 2666607, 85328676, 86895, 77870628, 1216827]] [303848957.5, [20.625, 195230, 6247200, 13150, 6247200, 104020]] [5078575967.0, [5003.25, 3327942, 106002464, 38734, 103509152, 1641658]] [921259164.0, [711.0, 1087878, 34713648, 78022, 7767792, 121433]] [298169518650.0, [2118.0, 191813655, 6138012243, 5340891, 6137123727, 95892711]] [1387858674.0, [247.5, 1027510, 32839552, 72862, 25506688, 398587]]
Arch_Param: [32, 1024, 8192, 8, 512, 512]
Samsung_cost: [45226691324.0, [1603522.0, 25656356, 820923384, 1023524, 817876152, 204916065]] [35244292686.0, [1236591.0, 19783791, 633078564, 629871, 631702308, 170265711]] [2949597780, [104330, 1669150, 53412640, 104990, 53412640, 13352980]] [48083223596, [1701716, 27227206, 871270432, 309382, 871270432, 217817128]] [3621956268, [128182, 2050822, 65626160, 32966, 65626160, 16406534]] [2710271226846.0, [95899227.0, 1534385247, 49100323923, 42720639, 49099264851, 12275812827]] [84805925808.0, [3010832.0, 48173174, 1541541568, 1830838, 1533185728, 383164987]]
Model_cost: [14895817502.777779, [3747.527777777778, 20907556, 668963704, 1271812, 49400505, 771938]] [3934015086.0, [14811.0, 2666607, 85328676, 86895, 77870628, 1216827]] [303848957.5, [20.625, 195230, 6247200, 13150, 6247200, 104020]] [5078575967.0, [5003.25, 3327942, 106002464, 38734, 103509152, 1641658]] [920892856.0, [712.0, 1087878, 34713648, 28870, 7792880, 121881]] [298169518650.0, [2118.0, 191813655, 6138012243, 5340891, 6137123727, 95892711]] [1387858674.0, [247.5, 1027510, 32839552, 72862, 25506688, 398587]]
Arch_Param: [32, 1024, 8192, 8, 1024, 64]
Samsung_cost: [45294657198.0, [1603522.0, 12834849, 820923384, 6444065, 817876152, 204916065]] [35298937422.0, [1236591.0, 9891951, 633078564, 4912239, 631702308, 170265711]] [2953130320, [104330, 834580, 53412640, 417300, 53412640, 13352980]] [48171712928, [1701716, 13613608, 871270432, 6806824, 871270432, 217817128]] [3628409004, [128182, 1025414, 65626160, 512710, 65626160, 16406534]] [2714701847646.0, [95899227.0, 767192703, 49100323923, 383602047, 49099264851, 12275812827]] [84935786034.0, [3010832.0, 24086587, 1541541568, 12112955, 1533185728, 383164987]]
Model_cost: [15056095248.777779, [3747.527777777778, 10460257, 668963704, 10456673, 49400505, 771938]] [3928682094.0, [14811.0, 1333359, 85328676, 86895, 77870628, 1216827]] [303483897.5, [20.625, 104020, 6247200, 13140, 6247200, 104020]] [5071986003.0, [5003.25, 1680616, 106002464, 38704, 103509152, 1641658]] [919226780.0, [711.0, 545990, 34713648, 84166, 7767792, 121433]] [297785893194.0, [2118.0, 95907291, 6138012243, 5340891, 6137123727, 95892711]] [1386329588.0, [247.5, 515323, 32839552, 96483, 25506688, 398587]]
Arch_Param: [32, 1024, 8192, 8, 1024, 128]
Samsung_cost: [45175405230.0, [1603522.0, 12834849, 820923384, 1023521, 817876152, 204916065]] [35204725326.0, [1236591.0, 9891951, 633078564, 629871, 631702308, 170265711]] [2946259280, [104330, 834580, 53412640, 104980, 53412640, 13352980]] [48028768544, [1701716, 13613608, 871270432, 309352, 871270432, 217817128]] [3617854636, [128182, 1025414, 65626160, 32966, 65626160, 16406534]] [2707202456670.0, [95899227.0, 767192703, 49100323923, 42720639, 49099264851, 12275812827]] [84709578162.0, [3010832.0, 24086587, 1541541568, 1830779, 1533185728, 383164987]]
Model_cost: [15056095248.777779, [3747.527777777778, 10460257, 668963704, 10456673, 49400505, 771938]] [3928682094.0, [14811.0, 1333359, 85328676, 86895, 77870628, 1216827]] [303483897.5, [20.625, 104020, 6247200, 13140, 6247200, 104020]] [5071986003.0, [5003.25, 1680616, 106002464, 38704, 103509152, 1641658]] [919226780.0, [711.0, 545990, 34713648, 84166, 7767792, 121433]] [297785893194.0, [2118.0, 95907291, 6138012243, 5340891, 6137123727, 95892711]] [1386329588.0, [247.5, 515323, 32839552, 96483, 25506688, 398587]]
Arch_Param: [32, 1024, 8192, 8, 1024, 256]
Samsung_cost: [45175405230.0, [1603522.0, 12834849, 820923384, 1023521, 817876152, 204916065]] [35204725326.0, [1236591.0, 9891951, 633078564, 629871, 631702308, 170265711]] [2946259280, [104330, 834580, 53412640, 104980, 53412640, 13352980]] [48028768544, [1701716, 13613608, 871270432, 309352, 871270432, 217817128]] [3617854636, [128182, 1025414, 65626160, 32966, 65626160, 16406534]] [2707202456670.0, [95899227.0, 767192703, 49100323923, 42720639, 49099264851, 12275812827]] [84709578162.0, [3010832.0, 24086587, 1541541568, 1830779, 1533185728, 383164987]]
Model_cost: [14854028240.777779, [3747.527777777778, 10460257, 668963704, 1271809, 49400505, 771938]] [3928682094.0, [14811.0, 1333359, 85328676, 86895, 77870628, 1216827]] [303483897.5, [20.625, 104020, 6247200, 13140, 6247200, 104020]] [5071986003.0, [5003.25, 1680616, 106002464, 38704, 103509152, 1641658]] [918550940.0, [711.0, 545990, 34713648, 53446, 7767792, 121433]] [297785893194.0, [2118.0, 95907291, 6138012243, 5340891, 6137123727, 95892711]] [1385670644.0, [247.5, 515323, 32839552, 66531, 25506688, 398587]]
Arch_Param: [32, 1024, 8192, 8, 1024, 512]
Samsung_cost: [45175405230.0, [1603522.0, 12834849, 820923384, 1023521, 817876152, 204916065]] [35204725326.0, [1236591.0, 9891951, 633078564, 629871, 631702308, 170265711]] [2946259280, [104330, 834580, 53412640, 104980, 53412640, 13352980]] [48028768544, [1701716, 13613608, 871270432, 309352, 871270432, 217817128]] [3617854636, [128182, 1025414, 65626160, 32966, 65626160, 16406534]] [2707202456670.0, [95899227.0, 767192703, 49100323923, 42720639, 49099264851, 12275812827]] [84709578162.0, [3010832.0, 24086587, 1541541568, 1830779, 1533185728, 383164987]]
Model_cost: [14854028240.777779, [3747.527777777778, 10460257, 668963704, 1271809, 49400505, 771938]] [3928682094.0, [14811.0, 1333359, 85328676, 86895, 77870628, 1216827]] [303483897.5, [20.625, 104020, 6247200, 13140, 6247200, 104020]] [5071986003.0, [5003.25, 1680616, 106002464, 38704, 103509152, 1641658]] [918550940.0, [711.0, 545990, 34713648, 53446, 7767792, 121433]] [297785893194.0, [2118.0, 95907291, 6138012243, 5340891, 6137123727, 95892711]] [1385670644.0, [247.5, 515323, 32839552, 66531, 25506688, 398587]]
Arch_Param: [32, 1024, 8192, 16, 256, 64]
Samsung_cost: [22821110766.0, [805186.0, 25765441, 412206072, 3236929, 410504376, 103073121]] [35417639502.0, [1236591.0, 39567471, 633078564, 4912239, 631702308, 170265711]] [2963145820, [104330, 3338290, 53412640, 417330, 53412640, 13352980]] [48335078084, [1701716, 54454402, 871270432, 6806914, 871270432, 217817128]] [3507328716, [123486, 3951366, 63221808, 493926, 63221808, 15805446]] [2723908158174.0, [95899227.0, 3068770335, 49100323923, 383602047, 49099264851, 12275812827]] [84289325100.0, [2972432.0, 95117548, 1521880768, 11924716, 1517981376, 379363899]]
Model_cost: [8800661798.88889, [2008.888888888889, 22447809, 359126200, 5611905, 49400505, 771938]] [3944681070.0, [14811.0, 5333103, 85328676, 86895, 77870628, 1216827]] [304630277.5, [20.625, 390450, 6247200, 13170, 6247200, 104020]] [5091807095.0, [5003.25, 6635394, 106002464, 38794, 103509152, 1641658]] [574125532.0, [359.0, 1085830, 17356848, 78950, 7767792, 121433]] [298936769562.0, [2118.0, 383626383, 6138012243, 5340891, 6137123727, 95892711]] [1304443874.0, [178.5, 1783660, 28517760, 72788, 25506688, 398587]]
Arch_Param: [32, 1024, 8192, 16, 256, 128]
Samsung_cost: [22761327086.0, [805186.0, 25765441, 412206072, 519489, 410504376, 103073121]] [35323427406.0, [1236591.0, 39567471, 633078564, 629871, 631702308, 170265711]] [2956274780, [104330, 3338290, 53412640, 105010, 53412640, 13352980]] [48192133700, [1701716, 54454402, 871270432, 309442, 871270432, 217817128]] [3497117900, [123486, 3951366, 63221808, 29798, 63221808, 15805446]] [2716408767198.0, [95899227.0, 3068770335, 49100323923, 42720639, 49099264851, 12275812827]] [84064829356.0, [2972432.0, 95117548, 1521880768, 1720364, 1517981376, 379363899]]
Model_cost: [8691856486.88889, [2008.888888888889, 22447809, 359126200, 666209, 49400505, 771938]] [3944681070.0, [14811.0, 5333103, 85328676, 86895, 77870628, 1216827]] [304630277.5, [20.625, 390450, 6247200, 13170, 6247200, 104020]] [5091807095.0, [5003.25, 6635394, 106002464, 38794, 103509152, 1641658]] [573787612.0, [359.0, 1085830, 17356848, 63590, 7767792, 121433]] [298936769562.0, [2118.0, 383626383, 6138012243, 5340891, 6137123727, 95892711]] [1304089058.0, [178.5, 1783660, 28517760, 56660, 25506688, 398587]]
Arch_Param: [32, 1024, 8192, 16, 256, 256]
Samsung_cost: [22761327086.0, [805186.0, 25765441, 412206072, 519489, 410504376, 103073121]] [35323427406.0, [1236591.0, 39567471, 633078564, 629871, 631702308, 170265711]] [2956274780, [104330, 3338290, 53412640, 105010, 53412640, 13352980]] [48192133700, [1701716, 54454402, 871270432, 309442, 871270432, 217817128]] [3497117900, [123486, 3951366, 63221808, 29798, 63221808, 15805446]] [2716408767198.0, [95899227.0, 3068770335, 49100323923, 42720639, 49099264851, 12275812827]] [84064829356.0, [2972432.0, 95117548, 1521880768, 1720364, 1517981376, 379363899]]
Model_cost: [8691856486.88889, [2008.888888888889, 22447809, 359126200, 666209, 49400505, 771938]] [3944681070.0, [14811.0, 5333103, 85328676, 86895, 77870628, 1216827]] [304630277.5, [20.625, 390450, 6247200, 13170, 6247200, 104020]] [5091807095.0, [5003.25, 6635394, 106002464, 38794, 103509152, 1641658]] [573421304.0, [360.0, 1085830, 17356848, 14438, 7792880, 121881]] [298936769562.0, [2118.0, 383626383, 6138012243, 5340891, 6137123727, 95892711]] [1304089058.0, [178.5, 1783660, 28517760, 56660, 25506688, 398587]]
Arch_Param: [32, 1024, 8192, 16, 512, 64]
Samsung_cost: [22769580284.0, [805186.0, 12882980, 412206072, 3236900, 410504376, 103073121]] [35338504782.0, [1236591.0, 19783791, 633078564, 4912239, 631702308, 170265711]] [2956468820, [104330, 1669150, 53412640, 417310, 53412640, 13352980]] [48226167980, [1701716, 27227206, 871270432, 6806854, 871270432, 217817128]] [3499425996, [123486, 1975686, 63221808, 493926, 63221808, 15805446]] [2717770617822.0, [95899227.0, 1534385247, 49100323923, 383602047, 49099264851, 12275812827]] [84099087408.0, [2972432.0, 47558774, 1521880768, 11924598, 1517981376, 379363899]]
Model_cost: [8755766580.88889, [2008.888888888889, 11224164, 359126200, 5611876, 49400505, 771938]] [3934015086.0, [14811.0, 2666607, 85328676, 86895, 77870628, 1216827]] [303848957.5, [20.625, 195230, 6247200, 13150, 6247200, 104020]] [5078575967.0, [5003.25, 3327942, 106002464, 38734, 103509152, 1641658]] [571417308.0, [359.0, 543942, 17356848, 54374, 7767792, 121433]] [298169518650.0, [2118.0, 191813655, 6138012243, 5340891, 6137123727, 95892711]] [1300697958.0, [178.5, 891830, 28517760, 64670, 25506688, 398587]]
Arch_Param: [32, 1024, 8192, 16, 512, 128]
Samsung_cost: [22709796604.0, [805186.0, 12882980, 412206072, 519460, 410504376, 103073121]] [35244292686.0, [1236591.0, 19783791, 633078564, 629871, 631702308, 170265711]] [2949597780, [104330, 1669150, 53412640, 104990, 53412640, 13352980]] [48083223596, [1701716, 27227206, 871270432, 309382, 871270432, 217817128]] [3489215180, [123486, 1975686, 63221808, 29798, 63221808, 15805446]] [2710271226846.0, [95899227.0, 1534385247, 49100323923, 42720639, 49099264851, 12275812827]] [83874591664.0, [2972432.0, 47558774, 1521880768, 1720246, 1517981376, 379363899]]
Model_cost: [8646961268.88889, [2008.888888888889, 11224164, 359126200, 666180, 49400505, 771938]] [3934015086.0, [14811.0, 2666607, 85328676, 86895, 77870628, 1216827]] [303848957.5, [20.625, 195230, 6247200, 13150, 6247200, 104020]] [5078575967.0, [5003.25, 3327942, 106002464, 38734, 103509152, 1641658]] [571079388.0, [359.0, 543942, 17356848, 39014, 7767792, 121433]] [298169518650.0, [2118.0, 191813655, 6138012243, 5340891, 6137123727, 95892711]] [1300343142.0, [178.5, 891830, 28517760, 48542, 25506688, 398587]]
Arch_Param: [32, 1024, 8192, 16, 512, 256]
Samsung_cost: [22709796604.0, [805186.0, 12882980, 412206072, 519460, 410504376, 103073121]] [35244292686.0, [1236591.0, 19783791, 633078564, 629871, 631702308, 170265711]] [2949597780, [104330, 1669150, 53412640, 104990, 53412640, 13352980]] [48083223596, [1701716, 27227206, 871270432, 309382, 871270432, 217817128]] [3489215180, [123486, 1975686, 63221808, 29798, 63221808, 15805446]] [2710271226846.0, [95899227.0, 1534385247, 49100323923, 42720639, 49099264851, 12275812827]] [83874591664.0, [2972432.0, 47558774, 1521880768, 1720246, 1517981376, 379363899]]
Model_cost: [8646961268.88889, [2008.888888888889, 11224164, 359126200, 666180, 49400505, 771938]] [3934015086.0, [14811.0, 2666607, 85328676, 86895, 77870628, 1216827]] [303848957.5, [20.625, 195230, 6247200, 13150, 6247200, 104020]] [5078575967.0, [5003.25, 3327942, 106002464, 38734, 103509152, 1641658]] [571079388.0, [359.0, 543942, 17356848, 39014, 7767792, 121433]] [298169518650.0, [2118.0, 191813655, 6138012243, 5340891, 6137123727, 95892711]] [1300343142.0, [178.5, 891830, 28517760, 48542, 25506688, 398587]]
Arch_Param: [32, 1024, 8192, 16, 512, 512]
Samsung_cost: [22709796604.0, [805186.0, 12882980, 412206072, 519460, 410504376, 103073121]] [35244292686.0, [1236591.0, 19783791, 633078564, 629871, 631702308, 170265711]] [2949597780, [104330, 1669150, 53412640, 104990, 53412640, 13352980]] [48083223596, [1701716, 27227206, 871270432, 309382, 871270432, 217817128]] [3489215180, [123486, 1975686, 63221808, 29798, 63221808, 15805446]] [2710271226846.0, [95899227.0, 1534385247, 49100323923, 42720639, 49099264851, 12275812827]] [83874591664.0, [2972432.0, 47558774, 1521880768, 1720246, 1517981376, 379363899]]
Model_cost: [8645518068.88889, [2008.888888888889, 11224164, 359126200, 600580, 49400505, 771938]] [3934015086.0, [14811.0, 2666607, 85328676, 86895, 77870628, 1216827]] [303848957.5, [20.625, 195230, 6247200, 13150, 6247200, 104020]] [5078575967.0, [5003.25, 3327942, 106002464, 38734, 103509152, 1641658]] [570437340.0, [359.0, 543942, 17356848, 9830, 7767792, 121433]] [298169518650.0, [2118.0, 191813655, 6138012243, 5340891, 6137123727, 95892711]] [1300202342.0, [178.5, 891830, 28517760, 42142, 25506688, 398587]]
Arch_Param: [32, 1024, 8192, 16, 1024, 64]
Samsung_cost: [22743828654.0, [805186.0, 6445089, 412206072, 3236897, 410504376, 103073121]] [35298937422.0, [1236591.0, 9891951, 633078564, 4912239, 631702308, 170265711]] [2953130320, [104330, 834580, 53412640, 417300, 53412640, 13352980]] [48171712928, [1701716, 13613608, 871270432, 6806824, 871270432, 217817128]] [3495474636, [123486, 987846, 63221808, 493926, 63221808, 15805446]] [2714701847646.0, [95899227.0, 767192703, 49100323923, 383602047, 49099264851, 12275812827]] [84003968562.0, [2972432.0, 23779387, 1521880768, 11924539, 1517981376, 379363899]]
Model_cost: [8733331686.88889, [2008.888888888889, 5615457, 359126200, 5611873, 49400505, 771938]] [3928682094.0, [14811.0, 1333359, 85328676, 86895, 77870628, 1216827]] [303483897.5, [20.625, 104020, 6247200, 13140, 6247200, 104020]] [5071986003.0, [5003.25, 1680616, 106002464, 38704, 103509152, 1641658]] [570063196.0, [359.0, 272998, 17356848, 42086, 7767792, 121433]] [297785893194.0, [2118.0, 95907291, 6138012243, 5340891, 6137123727, 95892711]] [1298845800.0, [178.5, 446715, 28517760, 61411, 25506688, 398587]]
Arch_Param: [32, 1024, 8192, 16, 1024, 128]
Samsung_cost: [22684044974.0, [805186.0, 6445089, 412206072, 519457, 410504376, 103073121]] [35204725326.0, [1236591.0, 9891951, 633078564, 629871, 631702308, 170265711]] [2946259280, [104330, 834580, 53412640, 104980, 53412640, 13352980]] [48028768544, [1701716, 13613608, 871270432, 309352, 871270432, 217817128]] [3485263820, [123486, 987846, 63221808, 29798, 63221808, 15805446]] [2707202456670.0, [95899227.0, 767192703, 49100323923, 42720639, 49099264851, 12275812827]] [83779472818.0, [2972432.0, 23779387, 1521880768, 1720187, 1517981376, 379363899]]
Model_cost: [8624526374.88889, [2008.888888888889, 5615457, 359126200, 666177, 49400505, 771938]] [3928682094.0, [14811.0, 1333359, 85328676, 86895, 77870628, 1216827]] [303483897.5, [20.625, 104020, 6247200, 13140, 6247200, 104020]] [5071986003.0, [5003.25, 1680616, 106002464, 38704, 103509152, 1641658]] [569725276.0, [359.0, 272998, 17356848, 26726, 7767792, 121433]] [297785893194.0, [2118.0, 95907291, 6138012243, 5340891, 6137123727, 95892711]] [1298490984.0, [178.5, 446715, 28517760, 45283, 25506688, 398587]]
Arch_Param: [32, 1024, 8192, 16, 1024, 256]
Samsung_cost: [22684044974.0, [805186.0, 6445089, 412206072, 519457, 410504376, 103073121]] [35204725326.0, [1236591.0, 9891951, 633078564, 629871, 631702308, 170265711]] [2946259280, [104330, 834580, 53412640, 104980, 53412640, 13352980]] [48028768544, [1701716, 13613608, 871270432, 309352, 871270432, 217817128]] [3485263820, [123486, 987846, 63221808, 29798, 63221808, 15805446]] [2707202456670.0, [95899227.0, 767192703, 49100323923, 42720639, 49099264851, 12275812827]] [83779472818.0, [2972432.0, 23779387, 1521880768, 1720187, 1517981376, 379363899]]
Model_cost: [8624526374.88889, [2008.888888888889, 5615457, 359126200, 666177, 49400505, 771938]] [3928682094.0, [14811.0, 1333359, 85328676, 86895, 77870628, 1216827]] [303483897.5, [20.625, 104020, 6247200, 13140, 6247200, 104020]] [5071986003.0, [5003.25, 1680616, 106002464, 38704, 103509152, 1641658]] [569725276.0, [359.0, 272998, 17356848, 26726, 7767792, 121433]] [297785893194.0, [2118.0, 95907291, 6138012243, 5340891, 6137123727, 95892711]] [1298490984.0, [178.5, 446715, 28517760, 45283, 25506688, 398587]]
Arch_Param: [32, 1024, 8192, 16, 1024, 512]
Samsung_cost: [22684044974.0, [805186.0, 6445089, 412206072, 519457, 410504376, 103073121]] [35204725326.0, [1236591.0, 9891951, 633078564, 629871, 631702308, 170265711]] [2946259280, [104330, 834580, 53412640, 104980, 53412640, 13352980]] [48028768544, [1701716, 13613608, 871270432, 309352, 871270432, 217817128]] [3485263820, [123486, 987846, 63221808, 29798, 63221808, 15805446]] [2707202456670.0, [95899227.0, 767192703, 49100323923, 42720639, 49099264851, 12275812827]] [83779472818.0, [2972432.0, 23779387, 1521880768, 1720187, 1517981376, 379363899]]
Model_cost: [8623083174.88889, [2008.888888888889, 5615457, 359126200, 600577, 49400505, 771938]] [3928682094.0, [14811.0, 1333359, 85328676, 86895, 77870628, 1216827]] [303483897.5, [20.625, 104020, 6247200, 13140, 6247200, 104020]] [5071986003.0, [5003.25, 1680616, 106002464, 38704, 103509152, 1641658]] [569353564.0, [359.0, 272998, 17356848, 9830, 7767792, 121433]] [297785893194.0, [2118.0, 95907291, 6138012243, 5340891, 6137123727, 95892711]] [1298420584.0, [178.5, 446715, 28517760, 42083, 25506688, 398587]]
Arch_Param: [32, 1024, 8192, 32, 256, 64]
Samsung_cost: [22272301806.0, [784770.0, 25112129, 401768440, 3146817, 400936120, 100681057]] [35417639502.0, [1236591.0, 39567471, 633078564, 4912239, 631702308, 170265711]] [2963145820, [104330, 3338290, 53412640, 417330, 53412640, 13352980]] [48335078084, [1701716, 54454402, 871270432, 6806914, 871270432, 217817128]] [3469721820, [122162, 3908998, 62543920, 488630, 62543920, 15635974]] [2723908158174.0, [95899227.0, 3068770335, 49100323923, 383602047, 49099264851, 12275812827]] [84172982316.0, [2968336.0, 94986476, 1519783616, 11908332, 1515884224, 378839611]]
Model_cost: [5549218610.222222, [1140.7222222222222, 12767937, 204263608, 364289, 49400505, 771938]] [3944681070.0, [14811.0, 5333103, 85328676, 86895, 77870628, 1216827]] [304630277.5, [20.625, 390450, 6247200, 13170, 6247200, 104020]] [5091807095.0, [5003.25, 6635394, 106002464, 38794, 103509152, 1641658]] [397343612.0, [183.0, 542918, 8678448, 31798, 7767792, 121433]] [298936769562.0, [2118.0, 383626383, 6138012243, 5340891, 6137123727, 95892711]] [1259975438.0, [143.5, 1647980, 26356864, 40660, 25506688, 398587]]
Arch_Param: [32, 1024, 8192, 32, 256, 128]
Samsung_cost: [22213689582.0, [784770.0, 25112129, 401768440, 482625, 400936120, 100681057]] [35323427406.0, [1236591.0, 39567471, 633078564, 629871, 631702308, 170265711]] [2956274780, [104330, 3338290, 53412640, 105010, 53412640, 13352980]] [48192133700, [1701716, 54454402, 871270432, 309442, 871270432, 217817128]] [3459603932, [122162, 3908998, 62543920, 28726, 62543920, 15635974]] [2716408767198.0, [95899227.0, 3068770335, 49100323923, 42720639, 49099264851, 12275812827]] [83948666796.0, [2968336.0, 94986476, 1519783616, 1712172, 1515884224, 378839611]]
Model_cost: [5549218610.222222, [1140.7222222222222, 12767937, 204263608, 364289, 49400505, 771938]] [3944681070.0, [14811.0, 5333103, 85328676, 86895, 77870628, 1216827]] [304630277.5, [20.625, 390450, 6247200, 13170, 6247200, 104020]] [5091807095.0, [5003.25, 6635394, 106002464, 38794, 103509152, 1641658]] [397343612.0, [183.0, 542918, 8678448, 31798, 7767792, 121433]] [298936769562.0, [2118.0, 383626383, 6138012243, 5340891, 6137123727, 95892711]] [1259975438.0, [143.5, 1647980, 26356864, 40660, 25506688, 398587]]
Arch_Param: [32, 1024, 8192, 32, 256, 256]
Samsung_cost: [22213689582.0, [784770.0, 25112129, 401768440, 482625, 400936120, 100681057]] [35323427406.0, [1236591.0, 39567471, 633078564, 629871, 631702308, 170265711]] [2956274780, [104330, 3338290, 53412640, 105010, 53412640, 13352980]] [48192133700, [1701716, 54454402, 871270432, 309442, 871270432, 217817128]] [3459603932, [122162, 3908998, 62543920, 28726, 62543920, 15635974]] [2716408767198.0, [95899227.0, 3068770335, 49100323923, 42720639, 49099264851, 12275812827]] [83948666796.0, [2968336.0, 94986476, 1519783616, 1712172, 1515884224, 378839611]]
Model_cost: [5548468146.222222, [1140.7222222222222, 12767937, 204263608, 330177, 49400505, 771938]] [3944681070.0, [14811.0, 5333103, 85328676, 86895, 77870628, 1216827]] [304630277.5, [20.625, 390450, 6247200, 13170, 6247200, 104020]] [5091807095.0, [5003.25, 6635394, 106002464, 38794, 103509152, 1641658]] [396752252.0, [183.0, 542918, 8678448, 4918, 7767792, 121433]] [298936769562.0, [2118.0, 383626383, 6138012243, 5340891, 6137123727, 95892711]] [1259810702.0, [143.5, 1647980, 26356864, 33172, 25506688, 398587]]
Arch_Param: [32, 1024, 8192, 32, 512, 64]
Samsung_cost: [22222077948.0, [784770.0, 12556324, 401768440, 3146788, 400936120, 100681057]] [35338504782.0, [1236591.0, 19783791, 633078564, 4912239, 631702308, 170265711]] [2956468820, [104330, 1669150, 53412640, 417310, 53412640, 13352980]] [48226167980, [1701716, 27227206, 871270432, 6806854, 871270432, 217817128]] [3461903836, [122162, 1954502, 62543920, 488630, 62543920, 15635974]] [2717770617822.0, [95899227.0, 1534385247, 49100323923, 383602047, 49099264851, 12275812827]] [83983006768.0, [2968336.0, 47493238, 1519783616, 11908214, 1515884224, 378839611]]
Model_cost: [5523683136.222222, [1140.7222222222222, 6384228, 204263608, 364260, 49400505, 771938]] [3934015086.0, [14811.0, 2666607, 85328676, 86895, 77870628, 1216827]] [303848957.5, [20.625, 195230, 6247200, 13150, 6247200, 104020]] [5078575967.0, [5003.25, 3327942, 106002464, 38734, 103509152, 1641658]] [395989500.0, [183.0, 271974, 8678448, 19510, 7767792, 121433]] [298169518650.0, [2118.0, 191813655, 6138012243, 5340891, 6137123727, 95892711]] [1256585362.0, [143.5, 823990, 26356864, 36382, 25506688, 398587]]
Arch_Param: [32, 1024, 8192, 32, 512, 128]
Samsung_cost: [22163465724.0, [784770.0, 12556324, 401768440, 482596, 400936120, 100681057]] [35244292686.0, [1236591.0, 19783791, 633078564, 629871, 631702308, 170265711]] [2949597780, [104330, 1669150, 53412640, 104990, 53412640, 13352980]] [48083223596, [1701716, 27227206, 871270432, 309382, 871270432, 217817128]] [3451785948, [122162, 1954502, 62543920, 28726, 62543920, 15635974]] [2710271226846.0, [95899227.0, 1534385247, 49100323923, 42720639, 49099264851, 12275812827]] [83758691248.0, [2968336.0, 47493238, 1519783616, 1712054, 1515884224, 378839611]]
Model_cost: [5523683136.222222, [1140.7222222222222, 6384228, 204263608, 364260, 49400505, 771938]] [3934015086.0, [14811.0, 2666607, 85328676, 86895, 77870628, 1216827]] [303848957.5, [20.625, 195230, 6247200, 13150, 6247200, 104020]] [5078575967.0, [5003.25, 3327942, 106002464, 38734, 103509152, 1641658]] [395989500.0, [183.0, 271974, 8678448, 19510, 7767792, 121433]] [298169518650.0, [2118.0, 191813655, 6138012243, 5340891, 6137123727, 95892711]] [1256585362.0, [143.5, 823990, 26356864, 36382, 25506688, 398587]]
Arch_Param: [32, 1024, 8192, 32, 512, 256]
Samsung_cost: [22163465724.0, [784770.0, 12556324, 401768440, 482596, 400936120, 100681057]] [35244292686.0, [1236591.0, 19783791, 633078564, 629871, 631702308, 170265711]] [2949597780, [104330, 1669150, 53412640, 104990, 53412640, 13352980]] [48083223596, [1701716, 27227206, 871270432, 309382, 871270432, 217817128]] [3451785948, [122162, 1954502, 62543920, 28726, 62543920, 15635974]] [2710271226846.0, [95899227.0, 1534385247, 49100323923, 42720639, 49099264851, 12275812827]] [83758691248.0, [2968336.0, 47493238, 1519783616, 1712054, 1515884224, 378839611]]
Model_cost: [5522932672.222222, [1140.7222222222222, 6384228, 204263608, 330148, 49400505, 771938]] [3934015086.0, [14811.0, 2666607, 85328676, 86895, 77870628, 1216827]] [303848957.5, [20.625, 195230, 6247200, 13150, 6247200, 104020]] [5078575967.0, [5003.25, 3327942, 106002464, 38734, 103509152, 1641658]] [395668476.0, [183.0, 271974, 8678448, 4918, 7767792, 121433]] [298169518650.0, [2118.0, 191813655, 6138012243, 5340891, 6137123727, 95892711]] [1256512146.0, [143.5, 823990, 26356864, 33054, 25506688, 398587]]
Arch_Param: [32, 1024, 8192, 32, 512, 512]
Samsung_cost: [22163465724.0, [784770.0, 12556324, 401768440, 482596, 400936120, 100681057]] [35244292686.0, [1236591.0, 19783791, 633078564, 629871, 631702308, 170265711]] [2949597780, [104330, 1669150, 53412640, 104990, 53412640, 13352980]] [48083223596, [1701716, 27227206, 871270432, 309382, 871270432, 217817128]] [3451785948, [122162, 1954502, 62543920, 28726, 62543920, 15635974]] [2710271226846.0, [95899227.0, 1534385247, 49100323923, 42720639, 49099264851, 12275812827]] [83758691248.0, [2968336.0, 47493238, 1519783616, 1712054, 1515884224, 378839611]]
Model_cost: [5522932672.222222, [1140.7222222222222, 6384228, 204263608, 330148, 49400505, 771938]] [3934015086.0, [14811.0, 2666607, 85328676, 86895, 77870628, 1216827]] [303848957.5, [20.625, 195230, 6247200, 13150, 6247200, 104020]] [5078575967.0, [5003.25, 3327942, 106002464, 38734, 103509152, 1641658]] [395668476.0, [183.0, 271974, 8678448, 4918, 7767792, 121433]] [298169518650.0, [2118.0, 191813655, 6138012243, 5340891, 6137123727, 95892711]] [1256512146.0, [143.5, 823990, 26356864, 33054, 25506688, 398587]]
Arch_Param: [32, 1024, 8192, 32, 1024, 64]
Samsung_cost: [22196973486.0, [784770.0, 6280225, 401768440, 3146785, 400936120, 100681057]] [35298937422.0, [1236591.0, 9891951, 633078564, 4912239, 631702308, 170265711]] [2953130320, [104330, 834580, 53412640, 417300, 53412640, 13352980]] [48171712928, [1701716, 13613608, 871270432, 6806824, 871270432, 217817128]] [3457994844, [122162, 977254, 62543920, 488630, 62543920, 15635974]] [2714701847646.0, [95899227.0, 767192703, 49100323923, 383602047, 49099264851, 12275812827]] [83888018994.0, [2968336.0, 23746619, 1519783616, 11908155, 1515884224, 378839611]]
Model_cost: [5510921970.222222, [1140.7222222222222, 3193953, 204263608, 364257, 49400505, 771938]] [3928682094.0, [14811.0, 1333359, 85328676, 86895, 77870628, 1216827]] [303483897.5, [20.625, 104020, 6247200, 13140, 6247200, 104020]] [5071986003.0, [5003.25, 1680616, 106002464, 38704, 103509152, 1641658]] [395312444.0, [183.0, 136502, 8678448, 13366, 7767792, 121433]] [297785893194.0, [2118.0, 95907291, 6138012243, 5340891, 6137123727, 95892711]] [1254901140.0, [143.5, 412411, 26356864, 34659, 25506688, 398587]]
Arch_Param: [32, 1024, 8192, 32, 1024, 128]
Samsung_cost: [22138361262.0, [784770.0, 6280225, 401768440, 482593, 400936120, 100681057]] [35204725326.0, [1236591.0, 9891951, 633078564, 629871, 631702308, 170265711]] [2946259280, [104330, 834580, 53412640, 104980, 53412640, 13352980]] [48028768544, [1701716, 13613608, 871270432, 309352, 871270432, 217817128]] [3447876956, [122162, 977254, 62543920, 28726, 62543920, 15635974]] [2707202456670.0, [95899227.0, 767192703, 49100323923, 42720639, 49099264851, 12275812827]] [83663703474.0, [2968336.0, 23746619, 1519783616, 1711995, 1515884224, 378839611]]
Model_cost: [5510921970.222222, [1140.7222222222222, 3193953, 204263608, 364257, 49400505, 771938]] [3928682094.0, [14811.0, 1333359, 85328676, 86895, 77870628, 1216827]] [303483897.5, [20.625, 104020, 6247200, 13140, 6247200, 104020]] [5071986003.0, [5003.25, 1680616, 106002464, 38704, 103509152, 1641658]] [395312444.0, [183.0, 136502, 8678448, 13366, 7767792, 121433]] [297785893194.0, [2118.0, 95907291, 6138012243, 5340891, 6137123727, 95892711]] [1254901140.0, [143.5, 412411, 26356864, 34659, 25506688, 398587]]
Arch_Param: [32, 1024, 8192, 32, 1024, 256]
Samsung_cost: [22138361262.0, [784770.0, 6280225, 401768440, 482593, 400936120, 100681057]] [35204725326.0, [1236591.0, 9891951, 633078564, 629871, 631702308, 170265711]] [2946259280, [104330, 834580, 53412640, 104980, 53412640, 13352980]] [48028768544, [1701716, 13613608, 871270432, 309352, 871270432, 217817128]] [3447876956, [122162, 977254, 62543920, 28726, 62543920, 15635974]] [2707202456670.0, [95899227.0, 767192703, 49100323923, 42720639, 49099264851, 12275812827]] [83663703474.0, [2968336.0, 23746619, 1519783616, 1711995, 1515884224, 378839611]]
Model_cost: [5510171506.222222, [1140.7222222222222, 3193953, 204263608, 330145, 49400505, 771938]] [3928682094.0, [14811.0, 1333359, 85328676, 86895, 77870628, 1216827]] [303483897.5, [20.625, 104020, 6247200, 13140, 6247200, 104020]] [5071986003.0, [5003.25, 1680616, 106002464, 38704, 103509152, 1641658]] [395126588.0, [183.0, 136502, 8678448, 4918, 7767792, 121433]] [297785893194.0, [2118.0, 95907291, 6138012243, 5340891, 6137123727, 95892711]] [1254864532.0, [143.5, 412411, 26356864, 32995, 25506688, 398587]]
Arch_Param: [32, 1024, 8192, 32, 1024, 512]
Samsung_cost: [22138361262.0, [784770.0, 6280225, 401768440, 482593, 400936120, 100681057]] [35204725326.0, [1236591.0, 9891951, 633078564, 629871, 631702308, 170265711]] [2946259280, [104330, 834580, 53412640, 104980, 53412640, 13352980]] [48028768544, [1701716, 13613608, 871270432, 309352, 871270432, 217817128]] [3447876956, [122162, 977254, 62543920, 28726, 62543920, 15635974]] [2707202456670.0, [95899227.0, 767192703, 49100323923, 42720639, 49099264851, 12275812827]] [83663703474.0, [2968336.0, 23746619, 1519783616, 1711995, 1515884224, 378839611]]
Model_cost: [5510171506.222222, [1140.7222222222222, 3193953, 204263608, 330145, 49400505, 771938]] [3928682094.0, [14811.0, 1333359, 85328676, 86895, 77870628, 1216827]] [303483897.5, [20.625, 104020, 6247200, 13140, 6247200, 104020]] [5071986003.0, [5003.25, 1680616, 106002464, 38704, 103509152, 1641658]] [395126588.0, [183.0, 136502, 8678448, 4918, 7767792, 121433]] [297785893194.0, [2118.0, 95907291, 6138012243, 5340891, 6137123727, 95892711]] [1254864532.0, [143.5, 412411, 26356864, 32995, 25506688, 398587]]
Arch_Param: [32, 1024, 4096, 4, 256, 64]
Samsung_cost: [90793084810.0, [6400355.0, 102405697, 1638358008, 12858433, 1632619704, 408601953]] [35452260942.0, [2473071.0, 39567471, 633078564, 4912239, 631702308, 170265711]] [2966066780, [208650, 3338290, 53412640, 417330, 53412640, 13352980]] [48382725572, [3403412, 54454402, 871270432, 6806914, 871270432, 217817128]] [3911336172, [275142, 4402182, 70434864, 550278, 70434864, 17608710]] [2726593332078.0, [191798295.0, 3068770335, 49100323923, 383602047, 49099264851, 12275812827]] [87182290048, [6175251, 98803948, 1580863168, 12489964, 1563594432, 390767163]]
Model_cost: [27948900806.0, [14426.0, 80564801, 1288904952, 20150465, 49400505, 771938]] [5531410398.0, [31263.0, 10223727, 163578660, 164463, 77870628, 1216827]] [304630575.0, [31.25, 390450, 6247200, 13170, 6247200, 104020]] [5091946346.0, [9976.5, 6635394, 106002464, 38794, 103509152, 1641658]] [1654163056.0, [2826.0, 4343302, 69427248, 1239430, 7767792, 121433]] [423337132494.0, [5691.0, 767215743, 12275433555, 10680855, 6137123727, 95892711]] [1697733988.0, [814.0, 2983404, 47652928, 335060, 25506688, 398587]]
Arch_Param: [32, 1024, 4096, 4, 256, 128]
Samsung_cost: [90554896266.0, [6400355.0, 102405697, 1638358008, 2031681, 1632619704, 408601953]] [35358048846.0, [2473071.0, 39567471, 633078564, 629871, 631702308, 170265711]] [2959195740, [208650, 3338290, 53412640, 105010, 53412640, 13352980]] [48239781188, [3403412, 54454402, 871270432, 309442, 871270432, 217817128]] [3900094700, [275142, 4402182, 70434864, 39302, 70434864, 17608710]] [2719093941102.0, [191798295.0, 3068770335, 49100323923, 42720639, 49099264851, 12275812827]] [86952657920, [6175251, 98803948, 1580863168, 2052140, 1563594432, 390767163]]
Model_cost: [27948900806.0, [14426.0, 80564801, 1288904952, 20150465, 49400505, 771938]] [5531410398.0, [31263.0, 10223727, 163578660, 164463, 77870628, 1216827]] [304630575.0, [31.25, 390450, 6247200, 13170, 6247200, 104020]] [5091946346.0, [9976.5, 6635394, 106002464, 38794, 103509152, 1641658]] [1633842800.0, [2826.0, 4343302, 69427248, 315782, 7767792, 121433]] [423337132494.0, [5691.0, 767215743, 12275433555, 10680855, 6137123727, 95892711]] [1695151716.0, [814.0, 2983404, 47652928, 217684, 25506688, 398587]]
Arch_Param: [32, 1024, 4096, 4, 256, 256]
Samsung_cost: [90554896266.0, [6400355.0, 102405697, 1638358008, 2031681, 1632619704, 408601953]] [35358048846.0, [2473071.0, 39567471, 633078564, 629871, 631702308, 170265711]] [2959195740, [208650, 3338290, 53412640, 105010, 53412640, 13352980]] [48239781188, [3403412, 54454402, 871270432, 309442, 871270432, 217817128]] [3900094700, [275142, 4402182, 70434864, 39302, 70434864, 17608710]] [2719093941102.0, [191798295.0, 3068770335, 49100323923, 42720639, 49099264851, 12275812827]] [86952657920, [6175251, 98803948, 1580863168, 2052140, 1563594432, 390767163]]
Model_cost: [27948900806.0, [14426.0, 80564801, 1288904952, 20150465, 49400505, 771938]] [5531410398.0, [31263.0, 10223727, 163578660, 164463, 77870628, 1216827]] [304630575.0, [31.25, 390450, 6247200, 13170, 6247200, 104020]] [5091946346.0, [9976.5, 6635394, 106002464, 38794, 103509152, 1641658]] [1633842800.0, [2826.0, 4343302, 69427248, 315782, 7767792, 121433]] [423337132494.0, [5691.0, 767215743, 12275433555, 10680855, 6137123727, 95892711]] [1695151716.0, [814.0, 2983404, 47652928, 217684, 25506688, 398587]]
Arch_Param: [32, 1024, 4096, 4, 512, 64]
Samsung_cost: [90588273816.0, [6400355.0, 51203108, 1638358008, 12858404, 1632619704, 408601953]] [35373126222.0, [2473071.0, 19783791, 633078564, 4912239, 631702308, 170265711]] [2959389780, [208650, 1669150, 53412640, 417310, 53412640, 13352980]] [48273815468, [3403412, 27227206, 871270432, 6806854, 871270432, 217817128]] [3902531820, [275142, 2201094, 70434864, 550278, 70434864, 17608710]] [2720455791726.0, [191798295.0, 1534385247, 49100323923, 383602047, 49099264851, 12275812827]] [86984679556, [6175251, 49401974, 1580863168, 12489846, 1563594432, 390767163]]
Model_cost: [27787771604.0, [14426.0, 40282660, 1288904952, 20150436, 49400505, 771938]] [5510963166.0, [31263.0, 5111919, 163578660, 164463, 77870628, 1216827]] [303849255.0, [31.25, 195230, 6247200, 13150, 6247200, 104020]] [5078715218.0, [9976.5, 3327942, 106002464, 38734, 103509152, 1641658]] [1643330160.0, [2826.0, 2175750, 69427248, 1141126, 7767792, 121433]] [421802704398.0, [5691.0, 383608719, 12275433555, 10680855, 6137123727, 95892711]] [1691074664.0, [814.0, 1491702, 47652928, 303582, 25506688, 398587]]
Arch_Param: [32, 1024, 4096, 4, 512, 128]
Samsung_cost: [90350085272.0, [6400355.0, 51203108, 1638358008, 2031652, 1632619704, 408601953]] [35278914126.0, [2473071.0, 19783791, 633078564, 629871, 631702308, 170265711]] [2952518740, [208650, 1669150, 53412640, 104990, 53412640, 13352980]] [48130871084, [3403412, 27227206, 871270432, 309382, 871270432, 217817128]] [3891290348, [275142, 2201094, 70434864, 39302, 70434864, 17608710]] [2712956400750.0, [191798295.0, 1534385247, 49100323923, 42720639, 49099264851, 12275812827]] [86755047428, [6175251, 49401974, 1580863168, 2052022, 1563594432, 390767163]]
Model_cost: [27787771604.0, [14426.0, 40282660, 1288904952, 20150436, 49400505, 771938]] [5510963166.0, [31263.0, 5111919, 163578660, 164463, 77870628, 1216827]] [303849255.0, [31.25, 195230, 6247200, 13150, 6247200, 104020]] [5078715218.0, [9976.5, 3327942, 106002464, 38734, 103509152, 1641658]] [1623009904.0, [2826.0, 2175750, 69427248, 217478, 7767792, 121433]] [421802704398.0, [5691.0, 383608719, 12275433555, 10680855, 6137123727, 95892711]] [1688492392.0, [814.0, 1491702, 47652928, 186206, 25506688, 398587]]
Arch_Param: [32, 1024, 4096, 4, 512, 256]
Samsung_cost: [90350085272.0, [6400355.0, 51203108, 1638358008, 2031652, 1632619704, 408601953]] [35278914126.0, [2473071.0, 19783791, 633078564, 629871, 631702308, 170265711]] [2952518740, [208650, 1669150, 53412640, 104990, 53412640, 13352980]] [48130871084, [3403412, 27227206, 871270432, 309382, 871270432, 217817128]] [3891290348, [275142, 2201094, 70434864, 39302, 70434864, 17608710]] [2712956400750.0, [191798295.0, 1534385247, 49100323923, 42720639, 49099264851, 12275812827]] [86755047428, [6175251, 49401974, 1580863168, 2052022, 1563594432, 390767163]]
Model_cost: [27787771604.0, [14426.0, 40282660, 1288904952, 20150436, 49400505, 771938]] [5510963166.0, [31263.0, 5111919, 163578660, 164463, 77870628, 1216827]] [303849255.0, [31.25, 195230, 6247200, 13150, 6247200, 104020]] [5078715218.0, [9976.5, 3327942, 106002464, 38734, 103509152, 1641658]] [1623009904.0, [2826.0, 2175750, 69427248, 217478, 7767792, 121433]] [421802704398.0, [5691.0, 383608719, 12275433555, 10680855, 6137123727, 95892711]] [1688492392.0, [814.0, 1491702, 47652928, 186206, 25506688, 398587]]
Arch_Param: [32, 1024, 4096, 4, 512, 512]
Samsung_cost: [90350085272.0, [6400355.0, 51203108, 1638358008, 2031652, 1632619704, 408601953]] [35278914126.0, [2473071.0, 19783791, 633078564, 629871, 631702308, 170265711]] [2952518740, [208650, 1669150, 53412640, 104990, 53412640, 13352980]] [48130871084, [3403412, 27227206, 871270432, 309382, 871270432, 217817128]] [3891290348, [275142, 2201094, 70434864, 39302, 70434864, 17608710]] [2712956400750.0, [191798295.0, 1534385247, 49100323923, 42720639, 49099264851, 12275812827]] [86755047428, [6175251, 49401974, 1580863168, 2052022, 1563594432, 390767163]]
Model_cost: [27399181204.0, [14426.0, 40282660, 1288904952, 2487236, 49400505, 771938]] [5510963166.0, [31263.0, 5111919, 163578660, 164463, 77870628, 1216827]] [303849255.0, [31.25, 195230, 6247200, 13150, 6247200, 104020]] [5078715218.0, [9976.5, 3327942, 106002464, 38734, 103509152, 1641658]] [1621640560.0, [2826.0, 2175750, 69427248, 57734, 7843056, 122777]] [421802704398.0, [5691.0, 383608719, 12275433555, 10680855, 6137123727, 95892711]] [1687225192.0, [814.0, 1491702, 47652928, 128606, 25506688, 398587]]
Arch_Param: [32, 1024, 4096, 4, 1024, 64]
Samsung_cost: [90485918794.0, [6400355.0, 25614369, 1638358008, 12858401, 1632619704, 408601953]] [35333558862.0, [2473071.0, 9891951, 633078564, 4912239, 631702308, 170265711]] [2956051280, [208650, 834580, 53412640, 417300, 53412640, 13352980]] [48219360416, [3403412, 13613608, 871270432, 6806824, 871270432, 217817128]] [3898129644, [275142, 1100550, 70434864, 550278, 70434864, 17608710]] [2717387021550.0, [191798295.0, 767192703, 49100323923, 383602047, 49099264851, 12275812827]] [86885874310, [6175251, 24700987, 1580863168, 12489787, 1563594432, 390767163]]
Model_cost: [27707256966.0, [14426.0, 20154017, 1288904952, 20150433, 49400505, 771938]] [5500739550.0, [31263.0, 2556015, 163578660, 164463, 77870628, 1216827]] [303484195.0, [31.25, 104020, 6247200, 13140, 6247200, 104020]] [5072125254.0, [9976.5, 1680616, 106002464, 38704, 103509152, 1641658]] [1637913712.0, [2826.0, 1091974, 69427248, 1091974, 7767792, 121433]] [421035490350.0, [5691.0, 191805207, 12275433555, 10680855, 6137123727, 95892711]] [1687826538.0, [814.0, 748987, 47652928, 290979, 25506688, 398587]]
Arch_Param: [32, 1024, 4096, 4, 1024, 128]
Samsung_cost: [90247730250.0, [6400355.0, 25614369, 1638358008, 2031649, 1632619704, 408601953]] [35239346766.0, [2473071.0, 9891951, 633078564, 629871, 631702308, 170265711]] [2949180240, [208650, 834580, 53412640, 104980, 53412640, 13352980]] [48076416032, [3403412, 13613608, 871270432, 309352, 871270432, 217817128]] [3886888172, [275142, 1100550, 70434864, 39302, 70434864, 17608710]] [2709887630574.0, [191798295.0, 767192703, 49100323923, 42720639, 49099264851, 12275812827]] [86656242182, [6175251, 24700987, 1580863168, 2051963, 1563594432, 390767163]]
Model_cost: [27707256966.0, [14426.0, 20154017, 1288904952, 20150433, 49400505, 771938]] [5500739550.0, [31263.0, 2556015, 163578660, 164463, 77870628, 1216827]] [303484195.0, [31.25, 104020, 6247200, 13140, 6247200, 104020]] [5072125254.0, [9976.5, 1680616, 106002464, 38704, 103509152, 1641658]] [1617593456.0, [2826.0, 1091974, 69427248, 168326, 7767792, 121433]] [421035490350.0, [5691.0, 191805207, 12275433555, 10680855, 6137123727, 95892711]] [1685244266.0, [814.0, 748987, 47652928, 173603, 25506688, 398587]]
Arch_Param: [32, 1024, 4096, 4, 1024, 256]
Samsung_cost: [90247730250.0, [6400355.0, 25614369, 1638358008, 2031649, 1632619704, 408601953]] [35239346766.0, [2473071.0, 9891951, 633078564, 629871, 631702308, 170265711]] [2949180240, [208650, 834580, 53412640, 104980, 53412640, 13352980]] [48076416032, [3403412, 13613608, 871270432, 309352, 871270432, 217817128]] [3886888172, [275142, 1100550, 70434864, 39302, 70434864, 17608710]] [2709887630574.0, [191798295.0, 767192703, 49100323923, 42720639, 49099264851, 12275812827]] [86656242182, [6175251, 24700987, 1580863168, 2051963, 1563594432, 390767163]]
Model_cost: [27707256966.0, [14426.0, 20154017, 1288904952, 20150433, 49400505, 771938]] [5500739550.0, [31263.0, 2556015, 163578660, 164463, 77870628, 1216827]] [303484195.0, [31.25, 104020, 6247200, 13140, 6247200, 104020]] [5072125254.0, [9976.5, 1680616, 106002464, 38704, 103509152, 1641658]] [1617593456.0, [2826.0, 1091974, 69427248, 168326, 7767792, 121433]] [421035490350.0, [5691.0, 191805207, 12275433555, 10680855, 6137123727, 95892711]] [1685244266.0, [814.0, 748987, 47652928, 173603, 25506688, 398587]]
Arch_Param: [32, 1024, 4096, 4, 1024, 512]
Samsung_cost: [90247730250.0, [6400355.0, 25614369, 1638358008, 2031649, 1632619704, 408601953]] [35239346766.0, [2473071.0, 9891951, 633078564, 629871, 631702308, 170265711]] [2949180240, [208650, 834580, 53412640, 104980, 53412640, 13352980]] [48076416032, [3403412, 13613608, 871270432, 309352, 871270432, 217817128]] [3886888172, [275142, 1100550, 70434864, 39302, 70434864, 17608710]] [2709887630574.0, [191798295.0, 767192703, 49100323923, 42720639, 49099264851, 12275812827]] [86656242182, [6175251, 24700987, 1580863168, 2051963, 1563594432, 390767163]]
Model_cost: [27318666566.0, [14426.0, 20154017, 1288904952, 2487233, 49400505, 771938]] [5500739550.0, [31263.0, 2556015, 163578660, 164463, 77870628, 1216827]] [303484195.0, [31.25, 104020, 6247200, 13140, 6247200, 104020]] [5072125254.0, [9976.5, 1680616, 106002464, 38704, 103509152, 1641658]] [1616241776.0, [2826.0, 1091974, 69427248, 106886, 7767792, 121433]] [421035490350.0, [5691.0, 191805207, 12275433555, 10680855, 6137123727, 95892711]] [1683977066.0, [814.0, 748987, 47652928, 116003, 25506688, 398587]]
Arch_Param: [32, 1024, 4096, 8, 256, 64]
Samsung_cost: [45493464970.0, [3207011.0, 51312193, 820923384, 6444097, 817876152, 204916065]] [35452260942.0, [2473071.0, 39567471, 633078564, 4912239, 631702308, 170265711]] [2966066780, [208650, 3338290, 53412640, 417330, 53412640, 13352980]] [48382725572, [3403412, 54454402, 871270432, 6806914, 871270432, 217817128]] [3644302828, [256358, 4101638, 65626160, 512710, 65626160, 16406534]] [2726593332078.0, [191798295.0, 3068770335, 49100323923, 383602047, 49099264851, 12275812827]] [85309131904, [6021651, 96346348, 1541541568, 12113132, 1533185728, 383164987]]
Model_cost: [15181617288.0, [7461.5, 41814593, 668963704, 10456705, 49400505, 771938]] [3945092670.0, [29511.0, 5333103, 85328676, 86895, 77870628, 1216827]] [304630575.0, [31.25, 390450, 6247200, 13170, 6247200, 104020]] [5091946346.0, [9976.5, 6635394, 106002464, 38794, 103509152, 1641658]] [927371192.0, [1416.0, 2171654, 34713648, 157894, 7767792, 121433]] [298936824414.0, [4077.0, 383626383, 6138012243, 5340891, 6137123727, 95892711]] [1392981752.0, [481.0, 2055020, 32839552, 118612, 25506688, 398587]]
Arch_Param: [32, 1024, 4096, 8, 256, 128]
Samsung_cost: [45374213002.0, [3207011.0, 51312193, 820923384, 1023553, 817876152, 204916065]] [35358048846.0, [2473071.0, 39567471, 633078564, 629871, 631702308, 170265711]] [2959195740, [208650, 3338290, 53412640, 105010, 53412640, 13352980]] [48239781188, [3403412, 54454402, 871270432, 309442, 871270432, 217817128]] [3633748460, [256358, 4101638, 65626160, 32966, 65626160, 16406534]] [2719093941102.0, [191798295.0, 3068770335, 49100323923, 42720639, 49099264851, 12275812827]] [85082924032, [6021651, 96346348, 1541541568, 1830956, 1533185728, 383164987]]
Model_cost: [15181617288.0, [7461.5, 41814593, 668963704, 10456705, 49400505, 771938]] [3945092670.0, [29511.0, 5333103, 85328676, 86895, 77870628, 1216827]] [304630575.0, [31.25, 390450, 6247200, 13170, 6247200, 104020]] [5091946346.0, [9976.5, 6635394, 106002464, 38794, 103509152, 1641658]] [927371192.0, [1416.0, 2171654, 34713648, 157894, 7767792, 121433]] [298936824414.0, [4077.0, 383626383, 6138012243, 5340891, 6137123727, 95892711]] [1392981752.0, [481.0, 2055020, 32839552, 118612, 25506688, 398587]]
Arch_Param: [32, 1024, 4096, 8, 256, 256]
Samsung_cost: [45374213002.0, [3207011.0, 51312193, 820923384, 1023553, 817876152, 204916065]] [35358048846.0, [2473071.0, 39567471, 633078564, 629871, 631702308, 170265711]] [2959195740, [208650, 3338290, 53412640, 105010, 53412640, 13352980]] [48239781188, [3403412, 54454402, 871270432, 309442, 871270432, 217817128]] [3633748460, [256358, 4101638, 65626160, 32966, 65626160, 16406534]] [2719093941102.0, [191798295.0, 3068770335, 49100323923, 42720639, 49099264851, 12275812827]] [85082924032, [6021651, 96346348, 1541541568, 1830956, 1533185728, 383164987]]
Model_cost: [14979550280.0, [7461.5, 41814593, 668963704, 1271841, 49400505, 771938]] [3945092670.0, [29511.0, 5333103, 85328676, 86895, 77870628, 1216827]] [304630575.0, [31.25, 390450, 6247200, 13170, 6247200, 104020]] [5091946346.0, [9976.5, 6635394, 106002464, 38794, 103509152, 1641658]] [926677744.0, [1418.0, 2171654, 34713648, 28870, 7843056, 122777]] [298936824414.0, [4077.0, 383626383, 6138012243, 5340891, 6137123727, 95892711]] [1392322808.0, [481.0, 2055020, 32839552, 88660, 25506688, 398587]]
Arch_Param: [32, 1024, 4096, 8, 512, 64]
Samsung_cost: [45390840984.0, [3207011.0, 25656356, 820923384, 6444068, 817876152, 204916065]] [35373126222.0, [2473071.0, 19783791, 633078564, 4912239, 631702308, 170265711]] [2959389780, [208650, 1669150, 53412640, 417310, 53412640, 13352980]] [48273815468, [3403412, 27227206, 871270432, 6806854, 871270432, 217817128]] [3636099564, [256358, 2050822, 65626160, 512710, 65626160, 16406534]] [2720455791726.0, [191798295.0, 1534385247, 49100323923, 383602047, 49099264851, 12275812827]] [85116436612, [6021651, 48173174, 1541541568, 12113014, 1533185728, 383164987]]
Model_cost: [15097988502.0, [7461.5, 20907556, 668963704, 10456676, 49400505, 771938]] [3934426686.0, [29511.0, 2666607, 85328676, 86895, 77870628, 1216827]] [303849255.0, [31.25, 195230, 6247200, 13150, 6247200, 104020]] [5078715218.0, [9976.5, 3327942, 106002464, 38734, 103509152, 1641658]] [921954744.0, [1416.0, 1087878, 34713648, 108742, 7767792, 121433]] [298169573502.0, [4077.0, 191813655, 6138012243, 5340891, 6137123727, 95892711]] [1388524156.0, [481.0, 1027510, 32839552, 102814, 25506688, 398587]]
Arch_Param: [32, 1024, 4096, 8, 512, 128]
Samsung_cost: [45271589016.0, [3207011.0, 25656356, 820923384, 1023524, 817876152, 204916065]] [35278914126.0, [2473071.0, 19783791, 633078564, 629871, 631702308, 170265711]] [2952518740, [208650, 1669150, 53412640, 104990, 53412640, 13352980]] [48130871084, [3403412, 27227206, 871270432, 309382, 871270432, 217817128]] [3625545196, [256358, 2050822, 65626160, 32966, 65626160, 16406534]] [2712956400750.0, [191798295.0, 1534385247, 49100323923, 42720639, 49099264851, 12275812827]] [84890228740, [6021651, 48173174, 1541541568, 1830838, 1533185728, 383164987]]
Model_cost: [15097988502.0, [7461.5, 20907556, 668963704, 10456676, 49400505, 771938]] [3934426686.0, [29511.0, 2666607, 85328676, 86895, 77870628, 1216827]] [303849255.0, [31.25, 195230, 6247200, 13150, 6247200, 104020]] [5078715218.0, [9976.5, 3327942, 106002464, 38734, 103509152, 1641658]] [921954744.0, [1416.0, 1087878, 34713648, 108742, 7767792, 121433]] [298169573502.0, [4077.0, 191813655, 6138012243, 5340891, 6137123727, 95892711]] [1388524156.0, [481.0, 1027510, 32839552, 102814, 25506688, 398587]]
Arch_Param: [32, 1024, 4096, 8, 512, 256]
Samsung_cost: [45271589016.0, [3207011.0, 25656356, 820923384, 1023524, 817876152, 204916065]] [35278914126.0, [2473071.0, 19783791, 633078564, 629871, 631702308, 170265711]] [2952518740, [208650, 1669150, 53412640, 104990, 53412640, 13352980]] [48130871084, [3403412, 27227206, 871270432, 309382, 871270432, 217817128]] [3625545196, [256358, 2050822, 65626160, 32966, 65626160, 16406534]] [2712956400750.0, [191798295.0, 1534385247, 49100323923, 42720639, 49099264851, 12275812827]] [84890228740, [6021651, 48173174, 1541541568, 1830838, 1533185728, 383164987]]
Model_cost: [14895921494.0, [7461.5, 20907556, 668963704, 1271812, 49400505, 771938]] [3934426686.0, [29511.0, 2666607, 85328676, 86895, 77870628, 1216827]] [303849255.0, [31.25, 195230, 6247200, 13150, 6247200, 104020]] [5078715218.0, [9976.5, 3327942, 106002464, 38734, 103509152, 1641658]] [921278904.0, [1416.0, 1087878, 34713648, 78022, 7767792, 121433]] [298169573502.0, [4077.0, 191813655, 6138012243, 5340891, 6137123727, 95892711]] [1387865212.0, [481.0, 1027510, 32839552, 72862, 25506688, 398587]]
Arch_Param: [32, 1024, 4096, 8, 512, 512]
Samsung_cost: [45271589016.0, [3207011.0, 25656356, 820923384, 1023524, 817876152, 204916065]] [35278914126.0, [2473071.0, 19783791, 633078564, 629871, 631702308, 170265711]] [2952518740, [208650, 1669150, 53412640, 104990, 53412640, 13352980]] [48130871084, [3403412, 27227206, 871270432, 309382, 871270432, 217817128]] [3625545196, [256358, 2050822, 65626160, 32966, 65626160, 16406534]] [2712956400750.0, [191798295.0, 1534385247, 49100323923, 42720639, 49099264851, 12275812827]] [84890228740, [6021651, 48173174, 1541541568, 1830838, 1533185728, 383164987]]
Model_cost: [14895921494.0, [7461.5, 20907556, 668963704, 1271812, 49400505, 771938]] [3934426686.0, [29511.0, 2666607, 85328676, 86895, 77870628, 1216827]] [303849255.0, [31.25, 195230, 6247200, 13150, 6247200, 104020]] [5078715218.0, [9976.5, 3327942, 106002464, 38734, 103509152, 1641658]] [920912568.0, [1416.0, 1087878, 34713648, 28870, 7792880, 121881]] [298169573502.0, [4077.0, 191813655, 6138012243, 5340891, 6137123727, 95892711]] [1387865212.0, [481.0, 1027510, 32839552, 72862, 25506688, 398587]]
Arch_Param: [32, 1024, 4096, 8, 1024, 64]
Samsung_cost: [45339554890.0, [3207011.0, 12834849, 820923384, 6444065, 817876152, 204916065]] [35333558862.0, [2473071.0, 9891951, 633078564, 4912239, 631702308, 170265711]] [2956051280, [208650, 834580, 53412640, 417300, 53412640, 13352980]] [48219360416, [3403412, 13613608, 871270432, 6806824, 871270432, 217817128]] [3631997932, [256358, 1025414, 65626160, 512710, 65626160, 16406534]] [2717387021550.0, [191798295.0, 767192703, 49100323923, 383602047, 49099264851, 12275812827]] [85020088966, [6021651, 24086587, 1541541568, 12112955, 1533185728, 383164987]]
Model_cost: [15056199240.0, [7461.5, 10460257, 668963704, 10456673, 49400505, 771938]] [3929093694.0, [29511.0, 1333359, 85328676, 86895, 77870628, 1216827]] [303484195.0, [31.25, 104020, 6247200, 13140, 6247200, 104020]] [5072125254.0, [9976.5, 1680616, 106002464, 38704, 103509152, 1641658]] [919246520.0, [1416.0, 545990, 34713648, 84166, 7767792, 121433]] [297785948046.0, [4077.0, 95907291, 6138012243, 5340891, 6137123727, 95892711]] [1386336126.0, [481.0, 515323, 32839552, 96483, 25506688, 398587]]
Arch_Param: [32, 1024, 4096, 8, 1024, 128]
Samsung_cost: [45220302922.0, [3207011.0, 12834849, 820923384, 1023521, 817876152, 204916065]] [35239346766.0, [2473071.0, 9891951, 633078564, 629871, 631702308, 170265711]] [2949180240, [208650, 834580, 53412640, 104980, 53412640, 13352980]] [48076416032, [3403412, 13613608, 871270432, 309352, 871270432, 217817128]] [3621443564, [256358, 1025414, 65626160, 32966, 65626160, 16406534]] [2709887630574.0, [191798295.0, 767192703, 49100323923, 42720639, 49099264851, 12275812827]] [84793881094, [6021651, 24086587, 1541541568, 1830779, 1533185728, 383164987]]
Model_cost: [15056199240.0, [7461.5, 10460257, 668963704, 10456673, 49400505, 771938]] [3929093694.0, [29511.0, 1333359, 85328676, 86895, 77870628, 1216827]] [303484195.0, [31.25, 104020, 6247200, 13140, 6247200, 104020]] [5072125254.0, [9976.5, 1680616, 106002464, 38704, 103509152, 1641658]] [919246520.0, [1416.0, 545990, 34713648, 84166, 7767792, 121433]] [297785948046.0, [4077.0, 95907291, 6138012243, 5340891, 6137123727, 95892711]] [1386336126.0, [481.0, 515323, 32839552, 96483, 25506688, 398587]]
Arch_Param: [32, 1024, 4096, 8, 1024, 256]
Samsung_cost: [45220302922.0, [3207011.0, 12834849, 820923384, 1023521, 817876152, 204916065]] [35239346766.0, [2473071.0, 9891951, 633078564, 629871, 631702308, 170265711]] [2949180240, [208650, 834580, 53412640, 104980, 53412640, 13352980]] [48076416032, [3403412, 13613608, 871270432, 309352, 871270432, 217817128]] [3621443564, [256358, 1025414, 65626160, 32966, 65626160, 16406534]] [2709887630574.0, [191798295.0, 767192703, 49100323923, 42720639, 49099264851, 12275812827]] [84793881094, [6021651, 24086587, 1541541568, 1830779, 1533185728, 383164987]]
Model_cost: [14854132232.0, [7461.5, 10460257, 668963704, 1271809, 49400505, 771938]] [3929093694.0, [29511.0, 1333359, 85328676, 86895, 77870628, 1216827]] [303484195.0, [31.25, 104020, 6247200, 13140, 6247200, 104020]] [5072125254.0, [9976.5, 1680616, 106002464, 38704, 103509152, 1641658]] [918570680.0, [1416.0, 545990, 34713648, 53446, 7767792, 121433]] [297785948046.0, [4077.0, 95907291, 6138012243, 5340891, 6137123727, 95892711]] [1385677182.0, [481.0, 515323, 32839552, 66531, 25506688, 398587]]
Arch_Param: [32, 1024, 4096, 8, 1024, 512]
Samsung_cost: [45220302922.0, [3207011.0, 12834849, 820923384, 1023521, 817876152, 204916065]] [35239346766.0, [2473071.0, 9891951, 633078564, 629871, 631702308, 170265711]] [2949180240, [208650, 834580, 53412640, 104980, 53412640, 13352980]] [48076416032, [3403412, 13613608, 871270432, 309352, 871270432, 217817128]] [3621443564, [256358, 1025414, 65626160, 32966, 65626160, 16406534]] [2709887630574.0, [191798295.0, 767192703, 49100323923, 42720639, 49099264851, 12275812827]] [84793881094, [6021651, 24086587, 1541541568, 1830779, 1533185728, 383164987]]
Model_cost: [14854132232.0, [7461.5, 10460257, 668963704, 1271809, 49400505, 771938]] [3929093694.0, [29511.0, 1333359, 85328676, 86895, 77870628, 1216827]] [303484195.0, [31.25, 104020, 6247200, 13140, 6247200, 104020]] [5072125254.0, [9976.5, 1680616, 106002464, 38704, 103509152, 1641658]] [918570680.0, [1416.0, 545990, 34713648, 53446, 7767792, 121433]] [297785948046.0, [4077.0, 95907291, 6138012243, 5340891, 6137123727, 95892711]] [1385677182.0, [481.0, 515323, 32839552, 66531, 25506688, 398587]]
Arch_Param: [32, 1024, 4096, 16, 256, 64]
Samsung_cost: [22843655050.0, [1610339.0, 25765441, 412206072, 3236929, 410504376, 103073121]] [35452260942.0, [2473071.0, 39567471, 633078564, 4912239, 631702308, 170265711]] [2966066780, [208650, 3338290, 53412640, 417330, 53412640, 13352980]] [48382725572, [3403412, 54454402, 871270432, 6806914, 871270432, 217817128]] [3510786156, [246966, 3951366, 63221808, 493926, 63221808, 15805446]] [2726593332078.0, [191798295.0, 3068770335, 49100323923, 383602047, 49099264851, 12275812827]] [84372552832, [5944851, 95117548, 1521880768, 11924716, 1517981376, 379363899]]
Model_cost: [8800717123.777779, [3984.777777777778, 22447809, 359126200, 5611905, 49400505, 771938]] [3945092670.0, [29511.0, 5333103, 85328676, 86895, 77870628, 1216827]] [304630575.0, [31.25, 390450, 6247200, 13170, 6247200, 104020]] [5091946346.0, [9976.5, 6635394, 106002464, 38794, 103509152, 1641658]] [574135388.0, [711.0, 1085830, 17356848, 78950, 7767792, 121433]] [298936824414.0, [4077.0, 383626383, 6138012243, 5340891, 6137123727, 95892711]] [1304448480.0, [343.0, 1783660, 28517760, 72788, 25506688, 398587]]
Arch_Param: [32, 1024, 4096, 16, 256, 128]
Samsung_cost: [22783871370.0, [1610339.0, 25765441, 412206072, 519489, 410504376, 103073121]] [35358048846.0, [2473071.0, 39567471, 633078564, 629871, 631702308, 170265711]] [2959195740, [208650, 3338290, 53412640, 105010, 53412640, 13352980]] [48239781188, [3403412, 54454402, 871270432, 309442, 871270432, 217817128]] [3500575340, [246966, 3951366, 63221808, 29798, 63221808, 15805446]] [2719093941102.0, [191798295.0, 3068770335, 49100323923, 42720639, 49099264851, 12275812827]] [84148057088, [5944851, 95117548, 1521880768, 1720364, 1517981376, 379363899]]
Model_cost: [8691911811.777779, [3984.777777777778, 22447809, 359126200, 666209, 49400505, 771938]] [3945092670.0, [29511.0, 5333103, 85328676, 86895, 77870628, 1216827]] [304630575.0, [31.25, 390450, 6247200, 13170, 6247200, 104020]] [5091946346.0, [9976.5, 6635394, 106002464, 38794, 103509152, 1641658]] [573797468.0, [711.0, 1085830, 17356848, 63590, 7767792, 121433]] [298936824414.0, [4077.0, 383626383, 6138012243, 5340891, 6137123727, 95892711]] [1304093664.0, [343.0, 1783660, 28517760, 56660, 25506688, 398587]]
Arch_Param: [32, 1024, 4096, 16, 256, 256]
Samsung_cost: [22783871370.0, [1610339.0, 25765441, 412206072, 519489, 410504376, 103073121]] [35358048846.0, [2473071.0, 39567471, 633078564, 629871, 631702308, 170265711]] [2959195740, [208650, 3338290, 53412640, 105010, 53412640, 13352980]] [48239781188, [3403412, 54454402, 871270432, 309442, 871270432, 217817128]] [3500575340, [246966, 3951366, 63221808, 29798, 63221808, 15805446]] [2719093941102.0, [191798295.0, 3068770335, 49100323923, 42720639, 49099264851, 12275812827]] [84148057088, [5944851, 95117548, 1521880768, 1720364, 1517981376, 379363899]]
Model_cost: [8691911811.777779, [3984.777777777778, 22447809, 359126200, 666209, 49400505, 771938]] [3945092670.0, [29511.0, 5333103, 85328676, 86895, 77870628, 1216827]] [304630575.0, [31.25, 390450, 6247200, 13170, 6247200, 104020]] [5091946346.0, [9976.5, 6635394, 106002464, 38794, 103509152, 1641658]] [573431160.0, [712.0, 1085830, 17356848, 14438, 7792880, 121881]] [298936824414.0, [4077.0, 383626383, 6138012243, 5340891, 6137123727, 95892711]] [1304093664.0, [343.0, 1783660, 28517760, 56660, 25506688, 398587]]
Arch_Param: [32, 1024, 4096, 16, 512, 64]
Samsung_cost: [22792124568.0, [1610339.0, 12882980, 412206072, 3236900, 410504376, 103073121]] [35373126222.0, [2473071.0, 19783791, 633078564, 4912239, 631702308, 170265711]] [2959389780, [208650, 1669150, 53412640, 417310, 53412640, 13352980]] [48273815468, [3403412, 27227206, 871270432, 6806854, 871270432, 217817128]] [3502883436, [246966, 1975686, 63221808, 493926, 63221808, 15805446]] [2720455791726.0, [191798295.0, 1534385247, 49100323923, 383602047, 49099264851, 12275812827]] [84182315140, [5944851, 47558774, 1521880768, 11924598, 1517981376, 379363899]]
Model_cost: [8755821905.777779, [3984.777777777778, 11224164, 359126200, 5611876, 49400505, 771938]] [3934426686.0, [29511.0, 2666607, 85328676, 86895, 77870628, 1216827]] [303849255.0, [31.25, 195230, 6247200, 13150, 6247200, 104020]] [5078715218.0, [9976.5, 3327942, 106002464, 38734, 103509152, 1641658]] [571427164.0, [711.0, 543942, 17356848, 54374, 7767792, 121433]] [298169573502.0, [4077.0, 191813655, 6138012243, 5340891, 6137123727, 95892711]] [1300702564.0, [343.0, 891830, 28517760, 64670, 25506688, 398587]]
Arch_Param: [32, 1024, 4096, 16, 512, 128]
Samsung_cost: [22732340888.0, [1610339.0, 12882980, 412206072, 519460, 410504376, 103073121]] [35278914126.0, [2473071.0, 19783791, 633078564, 629871, 631702308, 170265711]] [2952518740, [208650, 1669150, 53412640, 104990, 53412640, 13352980]] [48130871084, [3403412, 27227206, 871270432, 309382, 871270432, 217817128]] [3492672620, [246966, 1975686, 63221808, 29798, 63221808, 15805446]] [2712956400750.0, [191798295.0, 1534385247, 49100323923, 42720639, 49099264851, 12275812827]] [83957819396, [5944851, 47558774, 1521880768, 1720246, 1517981376, 379363899]]
Model_cost: [8647016593.777779, [3984.777777777778, 11224164, 359126200, 666180, 49400505, 771938]] [3934426686.0, [29511.0, 2666607, 85328676, 86895, 77870628, 1216827]] [303849255.0, [31.25, 195230, 6247200, 13150, 6247200, 104020]] [5078715218.0, [9976.5, 3327942, 106002464, 38734, 103509152, 1641658]] [571089244.0, [711.0, 543942, 17356848, 39014, 7767792, 121433]] [298169573502.0, [4077.0, 191813655, 6138012243, 5340891, 6137123727, 95892711]] [1300347748.0, [343.0, 891830, 28517760, 48542, 25506688, 398587]]
Arch_Param: [32, 1024, 4096, 16, 512, 256]
Samsung_cost: [22732340888.0, [1610339.0, 12882980, 412206072, 519460, 410504376, 103073121]] [35278914126.0, [2473071.0, 19783791, 633078564, 629871, 631702308, 170265711]] [2952518740, [208650, 1669150, 53412640, 104990, 53412640, 13352980]] [48130871084, [3403412, 27227206, 871270432, 309382, 871270432, 217817128]] [3492672620, [246966, 1975686, 63221808, 29798, 63221808, 15805446]] [2712956400750.0, [191798295.0, 1534385247, 49100323923, 42720639, 49099264851, 12275812827]] [83957819396, [5944851, 47558774, 1521880768, 1720246, 1517981376, 379363899]]
Model_cost: [8647016593.777779, [3984.777777777778, 11224164, 359126200, 666180, 49400505, 771938]] [3934426686.0, [29511.0, 2666607, 85328676, 86895, 77870628, 1216827]] [303849255.0, [31.25, 195230, 6247200, 13150, 6247200, 104020]] [5078715218.0, [9976.5, 3327942, 106002464, 38734, 103509152, 1641658]] [571089244.0, [711.0, 543942, 17356848, 39014, 7767792, 121433]] [298169573502.0, [4077.0, 191813655, 6138012243, 5340891, 6137123727, 95892711]] [1300347748.0, [343.0, 891830, 28517760, 48542, 25506688, 398587]]
Arch_Param: [32, 1024, 4096, 16, 512, 512]
Samsung_cost: [22732340888.0, [1610339.0, 12882980, 412206072, 519460, 410504376, 103073121]] [35278914126.0, [2473071.0, 19783791, 633078564, 629871, 631702308, 170265711]] [2952518740, [208650, 1669150, 53412640, 104990, 53412640, 13352980]] [48130871084, [3403412, 27227206, 871270432, 309382, 871270432, 217817128]] [3492672620, [246966, 1975686, 63221808, 29798, 63221808, 15805446]] [2712956400750.0, [191798295.0, 1534385247, 49100323923, 42720639, 49099264851, 12275812827]] [83957819396, [5944851, 47558774, 1521880768, 1720246, 1517981376, 379363899]]
Model_cost: [8645573393.777779, [3984.777777777778, 11224164, 359126200, 600580, 49400505, 771938]] [3934426686.0, [29511.0, 2666607, 85328676, 86895, 77870628, 1216827]] [303849255.0, [31.25, 195230, 6247200, 13150, 6247200, 104020]] [5078715218.0, [9976.5, 3327942, 106002464, 38734, 103509152, 1641658]] [570447196.0, [711.0, 543942, 17356848, 9830, 7767792, 121433]] [298169573502.0, [4077.0, 191813655, 6138012243, 5340891, 6137123727, 95892711]] [1300206948.0, [343.0, 891830, 28517760, 42142, 25506688, 398587]]
Arch_Param: [32, 1024, 4096, 16, 1024, 64]
Samsung_cost: [22766372938.0, [1610339.0, 6445089, 412206072, 3236897, 410504376, 103073121]] [35333558862.0, [2473071.0, 9891951, 633078564, 4912239, 631702308, 170265711]] [2956051280, [208650, 834580, 53412640, 417300, 53412640, 13352980]] [48219360416, [3403412, 13613608, 871270432, 6806824, 871270432, 217817128]] [3498932076, [246966, 987846, 63221808, 493926, 63221808, 15805446]] [2717387021550.0, [191798295.0, 767192703, 49100323923, 383602047, 49099264851, 12275812827]] [84087196294, [5944851, 23779387, 1521880768, 11924539, 1517981376, 379363899]]
Model_cost: [8733387011.777779, [3984.777777777778, 5615457, 359126200, 5611873, 49400505, 771938]] [3929093694.0, [29511.0, 1333359, 85328676, 86895, 77870628, 1216827]] [303484195.0, [31.25, 104020, 6247200, 13140, 6247200, 104020]] [5072125254.0, [9976.5, 1680616, 106002464, 38704, 103509152, 1641658]] [570073052.0, [711.0, 272998, 17356848, 42086, 7767792, 121433]] [297785948046.0, [4077.0, 95907291, 6138012243, 5340891, 6137123727, 95892711]] [1298850406.0, [343.0, 446715, 28517760, 61411, 25506688, 398587]]
Arch_Param: [32, 1024, 4096, 16, 1024, 128]
Samsung_cost: [22706589258.0, [1610339.0, 6445089, 412206072, 519457, 410504376, 103073121]] [35239346766.0, [2473071.0, 9891951, 633078564, 629871, 631702308, 170265711]] [2949180240, [208650, 834580, 53412640, 104980, 53412640, 13352980]] [48076416032, [3403412, 13613608, 871270432, 309352, 871270432, 217817128]] [3488721260, [246966, 987846, 63221808, 29798, 63221808, 15805446]] [2709887630574.0, [191798295.0, 767192703, 49100323923, 42720639, 49099264851, 12275812827]] [83862700550, [5944851, 23779387, 1521880768, 1720187, 1517981376, 379363899]]
Model_cost: [8624581699.777779, [3984.777777777778, 5615457, 359126200, 666177, 49400505, 771938]] [3929093694.0, [29511.0, 1333359, 85328676, 86895, 77870628, 1216827]] [303484195.0, [31.25, 104020, 6247200, 13140, 6247200, 104020]] [5072125254.0, [9976.5, 1680616, 106002464, 38704, 103509152, 1641658]] [569735132.0, [711.0, 272998, 17356848, 26726, 7767792, 121433]] [297785948046.0, [4077.0, 95907291, 6138012243, 5340891, 6137123727, 95892711]] [1298495590.0, [343.0, 446715, 28517760, 45283, 25506688, 398587]]
Arch_Param: [32, 1024, 4096, 16, 1024, 256]
Samsung_cost: [22706589258.0, [1610339.0, 6445089, 412206072, 519457, 410504376, 103073121]] [35239346766.0, [2473071.0, 9891951, 633078564, 629871, 631702308, 170265711]] [2949180240, [208650, 834580, 53412640, 104980, 53412640, 13352980]] [48076416032, [3403412, 13613608, 871270432, 309352, 871270432, 217817128]] [3488721260, [246966, 987846, 63221808, 29798, 63221808, 15805446]] [2709887630574.0, [191798295.0, 767192703, 49100323923, 42720639, 49099264851, 12275812827]] [83862700550, [5944851, 23779387, 1521880768, 1720187, 1517981376, 379363899]]
Model_cost: [8624581699.777779, [3984.777777777778, 5615457, 359126200, 666177, 49400505, 771938]] [3929093694.0, [29511.0, 1333359, 85328676, 86895, 77870628, 1216827]] [303484195.0, [31.25, 104020, 6247200, 13140, 6247200, 104020]] [5072125254.0, [9976.5, 1680616, 106002464, 38704, 103509152, 1641658]] [569735132.0, [711.0, 272998, 17356848, 26726, 7767792, 121433]] [297785948046.0, [4077.0, 95907291, 6138012243, 5340891, 6137123727, 95892711]] [1298495590.0, [343.0, 446715, 28517760, 45283, 25506688, 398587]]
Arch_Param: [32, 1024, 4096, 16, 1024, 512]
Samsung_cost: [22706589258.0, [1610339.0, 6445089, 412206072, 519457, 410504376, 103073121]] [35239346766.0, [2473071.0, 9891951, 633078564, 629871, 631702308, 170265711]] [2949180240, [208650, 834580, 53412640, 104980, 53412640, 13352980]] [48076416032, [3403412, 13613608, 871270432, 309352, 871270432, 217817128]] [3488721260, [246966, 987846, 63221808, 29798, 63221808, 15805446]] [2709887630574.0, [191798295.0, 767192703, 49100323923, 42720639, 49099264851, 12275812827]] [83862700550, [5944851, 23779387, 1521880768, 1720187, 1517981376, 379363899]]
Model_cost: [8623138499.777779, [3984.777777777778, 5615457, 359126200, 600577, 49400505, 771938]] [3929093694.0, [29511.0, 1333359, 85328676, 86895, 77870628, 1216827]] [303484195.0, [31.25, 104020, 6247200, 13140, 6247200, 104020]] [5072125254.0, [9976.5, 1680616, 106002464, 38704, 103509152, 1641658]] [569363420.0, [711.0, 272998, 17356848, 9830, 7767792, 121433]] [297785948046.0, [4077.0, 95907291, 6138012243, 5340891, 6137123727, 95892711]] [1298425190.0, [343.0, 446715, 28517760, 42083, 25506688, 398587]]
Arch_Param: [32, 1024, 4096, 32, 256, 64]
Samsung_cost: [22294274442.0, [1569507.0, 25112129, 401768440, 3146817, 400936120, 100681057]] [35452260942.0, [2473071.0, 39567471, 633078564, 4912239, 631702308, 170265711]] [2966066780, [208650, 3338290, 53412640, 417330, 53412640, 13352980]] [48382725572, [3403412, 54454402, 871270432, 6806914, 871270432, 217817128]] [3473142188, [244318, 3908998, 62543920, 488630, 62543920, 15635974]] [2726593332078.0, [191798295.0, 3068770335, 49100323923, 383602047, 49099264851, 12275812827]] [84256095360, [5936659, 94986476, 1519783616, 11908332, 1515884224, 378839611]]
Model_cost: [5549249626.444445, [2248.4444444444443, 12767937, 204263608, 364289, 49400505, 771938]] [3945092670.0, [29511.0, 5333103, 85328676, 86895, 77870628, 1216827]] [304630575.0, [31.25, 390450, 6247200, 13170, 6247200, 104020]] [5091946346.0, [9976.5, 6635394, 106002464, 38794, 103509152, 1641658]] [397348540.0, [359.0, 542918, 8678448, 31798, 7767792, 121433]] [298936824414.0, [4077.0, 383626383, 6138012243, 5340891, 6137123727, 95892711]] [1259979092.0, [274.0, 1647980, 26356864, 40660, 25506688, 398587]]
Arch_Param: [32, 1024, 4096, 32, 256, 128]
Samsung_cost: [22235662218.0, [1569507.0, 25112129, 401768440, 482625, 400936120, 100681057]] [35358048846.0, [2473071.0, 39567471, 633078564, 629871, 631702308, 170265711]] [2959195740, [208650, 3338290, 53412640, 105010, 53412640, 13352980]] [48239781188, [3403412, 54454402, 871270432, 309442, 871270432, 217817128]] [3463024300, [244318, 3908998, 62543920, 28726, 62543920, 15635974]] [2719093941102.0, [191798295.0, 3068770335, 49100323923, 42720639, 49099264851, 12275812827]] [84031779840, [5936659, 94986476, 1519783616, 1712172, 1515884224, 378839611]]
Model_cost: [5549249626.444445, [2248.4444444444443, 12767937, 204263608, 364289, 49400505, 771938]] [3945092670.0, [29511.0, 5333103, 85328676, 86895, 77870628, 1216827]] [304630575.0, [31.25, 390450, 6247200, 13170, 6247200, 104020]] [5091946346.0, [9976.5, 6635394, 106002464, 38794, 103509152, 1641658]] [397348540.0, [359.0, 542918, 8678448, 31798, 7767792, 121433]] [298936824414.0, [4077.0, 383626383, 6138012243, 5340891, 6137123727, 95892711]] [1259979092.0, [274.0, 1647980, 26356864, 40660, 25506688, 398587]]
Arch_Param: [32, 1024, 4096, 32, 256, 256]
Samsung_cost: [22235662218.0, [1569507.0, 25112129, 401768440, 482625, 400936120, 100681057]] [35358048846.0, [2473071.0, 39567471, 633078564, 629871, 631702308, 170265711]] [2959195740, [208650, 3338290, 53412640, 105010, 53412640, 13352980]] [48239781188, [3403412, 54454402, 871270432, 309442, 871270432, 217817128]] [3463024300, [244318, 3908998, 62543920, 28726, 62543920, 15635974]] [2719093941102.0, [191798295.0, 3068770335, 49100323923, 42720639, 49099264851, 12275812827]] [84031779840, [5936659, 94986476, 1519783616, 1712172, 1515884224, 378839611]]
Model_cost: [5548499162.444445, [2248.4444444444443, 12767937, 204263608, 330177, 49400505, 771938]] [3945092670.0, [29511.0, 5333103, 85328676, 86895, 77870628, 1216827]] [304630575.0, [31.25, 390450, 6247200, 13170, 6247200, 104020]] [5091946346.0, [9976.5, 6635394, 106002464, 38794, 103509152, 1641658]] [396757180.0, [359.0, 542918, 8678448, 4918, 7767792, 121433]] [298936824414.0, [4077.0, 383626383, 6138012243, 5340891, 6137123727, 95892711]] [1259814356.0, [274.0, 1647980, 26356864, 33172, 25506688, 398587]]
Arch_Param: [32, 1024, 4096, 32, 512, 64]
Samsung_cost: [22244050584.0, [1569507.0, 12556324, 401768440, 3146788, 400936120, 100681057]] [35373126222.0, [2473071.0, 19783791, 633078564, 4912239, 631702308, 170265711]] [2959389780, [208650, 1669150, 53412640, 417310, 53412640, 13352980]] [48273815468, [3403412, 27227206, 871270432, 6806854, 871270432, 217817128]] [3465324204, [244318, 1954502, 62543920, 488630, 62543920, 15635974]] [2720455791726.0, [191798295.0, 1534385247, 49100323923, 383602047, 49099264851, 12275812827]] [84066119812, [5936659, 47493238, 1519783616, 11908214, 1515884224, 378839611]]
Model_cost: [5523714152.444445, [2248.4444444444443, 6384228, 204263608, 364260, 49400505, 771938]] [3934426686.0, [29511.0, 2666607, 85328676, 86895, 77870628, 1216827]] [303849255.0, [31.25, 195230, 6247200, 13150, 6247200, 104020]] [5078715218.0, [9976.5, 3327942, 106002464, 38734, 103509152, 1641658]] [395994428.0, [359.0, 271974, 8678448, 19510, 7767792, 121433]] [298169573502.0, [4077.0, 191813655, 6138012243, 5340891, 6137123727, 95892711]] [1256589016.0, [274.0, 823990, 26356864, 36382, 25506688, 398587]]
Arch_Param: [32, 1024, 4096, 32, 512, 128]
Samsung_cost: [22185438360.0, [1569507.0, 12556324, 401768440, 482596, 400936120, 100681057]] [35278914126.0, [2473071.0, 19783791, 633078564, 629871, 631702308, 170265711]] [2952518740, [208650, 1669150, 53412640, 104990, 53412640, 13352980]] [48130871084, [3403412, 27227206, 871270432, 309382, 871270432, 217817128]] [3455206316, [244318, 1954502, 62543920, 28726, 62543920, 15635974]] [2712956400750.0, [191798295.0, 1534385247, 49100323923, 42720639, 49099264851, 12275812827]] [83841804292, [5936659, 47493238, 1519783616, 1712054, 1515884224, 378839611]]
Model_cost: [5523714152.444445, [2248.4444444444443, 6384228, 204263608, 364260, 49400505, 771938]] [3934426686.0, [29511.0, 2666607, 85328676, 86895, 77870628, 1216827]] [303849255.0, [31.25, 195230, 6247200, 13150, 6247200, 104020]] [5078715218.0, [9976.5, 3327942, 106002464, 38734, 103509152, 1641658]] [395994428.0, [359.0, 271974, 8678448, 19510, 7767792, 121433]] [298169573502.0, [4077.0, 191813655, 6138012243, 5340891, 6137123727, 95892711]] [1256589016.0, [274.0, 823990, 26356864, 36382, 25506688, 398587]]
Arch_Param: [32, 1024, 4096, 32, 512, 256]
Samsung_cost: [22185438360.0, [1569507.0, 12556324, 401768440, 482596, 400936120, 100681057]] [35278914126.0, [2473071.0, 19783791, 633078564, 629871, 631702308, 170265711]] [2952518740, [208650, 1669150, 53412640, 104990, 53412640, 13352980]] [48130871084, [3403412, 27227206, 871270432, 309382, 871270432, 217817128]] [3455206316, [244318, 1954502, 62543920, 28726, 62543920, 15635974]] [2712956400750.0, [191798295.0, 1534385247, 49100323923, 42720639, 49099264851, 12275812827]] [83841804292, [5936659, 47493238, 1519783616, 1712054, 1515884224, 378839611]]
Model_cost: [5522963688.444445, [2248.4444444444443, 6384228, 204263608, 330148, 49400505, 771938]] [3934426686.0, [29511.0, 2666607, 85328676, 86895, 77870628, 1216827]] [303849255.0, [31.25, 195230, 6247200, 13150, 6247200, 104020]] [5078715218.0, [9976.5, 3327942, 106002464, 38734, 103509152, 1641658]] [395673404.0, [359.0, 271974, 8678448, 4918, 7767792, 121433]] [298169573502.0, [4077.0, 191813655, 6138012243, 5340891, 6137123727, 95892711]] [1256515800.0, [274.0, 823990, 26356864, 33054, 25506688, 398587]]
Arch_Param: [32, 1024, 4096, 32, 512, 512]
Samsung_cost: [22185438360.0, [1569507.0, 12556324, 401768440, 482596, 400936120, 100681057]] [35278914126.0, [2473071.0, 19783791, 633078564, 629871, 631702308, 170265711]] [2952518740, [208650, 1669150, 53412640, 104990, 53412640, 13352980]] [48130871084, [3403412, 27227206, 871270432, 309382, 871270432, 217817128]] [3455206316, [244318, 1954502, 62543920, 28726, 62543920, 15635974]] [2712956400750.0, [191798295.0, 1534385247, 49100323923, 42720639, 49099264851, 12275812827]] [83841804292, [5936659, 47493238, 1519783616, 1712054, 1515884224, 378839611]]
Model_cost: [5522963688.444445, [2248.4444444444443, 6384228, 204263608, 330148, 49400505, 771938]] [3934426686.0, [29511.0, 2666607, 85328676, 86895, 77870628, 1216827]] [303849255.0, [31.25, 195230, 6247200, 13150, 6247200, 104020]] [5078715218.0, [9976.5, 3327942, 106002464, 38734, 103509152, 1641658]] [395673404.0, [359.0, 271974, 8678448, 4918, 7767792, 121433]] [298169573502.0, [4077.0, 191813655, 6138012243, 5340891, 6137123727, 95892711]] [1256515800.0, [274.0, 823990, 26356864, 33054, 25506688, 398587]]
Arch_Param: [32, 1024, 4096, 32, 1024, 64]
Samsung_cost: [22218946122.0, [1569507.0, 6280225, 401768440, 3146785, 400936120, 100681057]] [35333558862.0, [2473071.0, 9891951, 633078564, 4912239, 631702308, 170265711]] [2956051280, [208650, 834580, 53412640, 417300, 53412640, 13352980]] [48219360416, [3403412, 13613608, 871270432, 6806824, 871270432, 217817128]] [3461415212, [244318, 977254, 62543920, 488630, 62543920, 15635974]] [2717387021550.0, [191798295.0, 767192703, 49100323923, 383602047, 49099264851, 12275812827]] [83971132038, [5936659, 23746619, 1519783616, 11908155, 1515884224, 378839611]]
Model_cost: [5510952986.444445, [2248.4444444444443, 3193953, 204263608, 364257, 49400505, 771938]] [3929093694.0, [29511.0, 1333359, 85328676, 86895, 77870628, 1216827]] [303484195.0, [31.25, 104020, 6247200, 13140, 6247200, 104020]] [5072125254.0, [9976.5, 1680616, 106002464, 38704, 103509152, 1641658]] [395317372.0, [359.0, 136502, 8678448, 13366, 7767792, 121433]] [297785948046.0, [4077.0, 95907291, 6138012243, 5340891, 6137123727, 95892711]] [1254904794.0, [274.0, 412411, 26356864, 34659, 25506688, 398587]]
Arch_Param: [32, 1024, 4096, 32, 1024, 128]
Samsung_cost: [22160333898.0, [1569507.0, 6280225, 401768440, 482593, 400936120, 100681057]] [35239346766.0, [2473071.0, 9891951, 633078564, 629871, 631702308, 170265711]] [2949180240, [208650, 834580, 53412640, 104980, 53412640, 13352980]] [48076416032, [3403412, 13613608, 871270432, 309352, 871270432, 217817128]] [3451297324, [244318, 977254, 62543920, 28726, 62543920, 15635974]] [2709887630574.0, [191798295.0, 767192703, 49100323923, 42720639, 49099264851, 12275812827]] [83746816518, [5936659, 23746619, 1519783616, 1711995, 1515884224, 378839611]]
Model_cost: [5510952986.444445, [2248.4444444444443, 3193953, 204263608, 364257, 49400505, 771938]] [3929093694.0, [29511.0, 1333359, 85328676, 86895, 77870628, 1216827]] [303484195.0, [31.25, 104020, 6247200, 13140, 6247200, 104020]] [5072125254.0, [9976.5, 1680616, 106002464, 38704, 103509152, 1641658]] [395317372.0, [359.0, 136502, 8678448, 13366, 7767792, 121433]] [297785948046.0, [4077.0, 95907291, 6138012243, 5340891, 6137123727, 95892711]] [1254904794.0, [274.0, 412411, 26356864, 34659, 25506688, 398587]]
Arch_Param: [32, 1024, 4096, 32, 1024, 256]
Samsung_cost: [22160333898.0, [1569507.0, 6280225, 401768440, 482593, 400936120, 100681057]] [35239346766.0, [2473071.0, 9891951, 633078564, 629871, 631702308, 170265711]] [2949180240, [208650, 834580, 53412640, 104980, 53412640, 13352980]] [48076416032, [3403412, 13613608, 871270432, 309352, 871270432, 217817128]] [3451297324, [244318, 977254, 62543920, 28726, 62543920, 15635974]] [2709887630574.0, [191798295.0, 767192703, 49100323923, 42720639, 49099264851, 12275812827]] [83746816518, [5936659, 23746619, 1519783616, 1711995, 1515884224, 378839611]]
Model_cost: [5510202522.444445, [2248.4444444444443, 3193953, 204263608, 330145, 49400505, 771938]] [3929093694.0, [29511.0, 1333359, 85328676, 86895, 77870628, 1216827]] [303484195.0, [31.25, 104020, 6247200, 13140, 6247200, 104020]] [5072125254.0, [9976.5, 1680616, 106002464, 38704, 103509152, 1641658]] [395131516.0, [359.0, 136502, 8678448, 4918, 7767792, 121433]] [297785948046.0, [4077.0, 95907291, 6138012243, 5340891, 6137123727, 95892711]] [1254868186.0, [274.0, 412411, 26356864, 32995, 25506688, 398587]]
Arch_Param: [32, 1024, 4096, 32, 1024, 512]
Samsung_cost: [22160333898.0, [1569507.0, 6280225, 401768440, 482593, 400936120, 100681057]] [35239346766.0, [2473071.0, 9891951, 633078564, 629871, 631702308, 170265711]] [2949180240, [208650, 834580, 53412640, 104980, 53412640, 13352980]] [48076416032, [3403412, 13613608, 871270432, 309352, 871270432, 217817128]] [3451297324, [244318, 977254, 62543920, 28726, 62543920, 15635974]] [2709887630574.0, [191798295.0, 767192703, 49100323923, 42720639, 49099264851, 12275812827]] [83746816518, [5936659, 23746619, 1519783616, 1711995, 1515884224, 378839611]]
Model_cost: [5510202522.444445, [2248.4444444444443, 3193953, 204263608, 330145, 49400505, 771938]] [3929093694.0, [29511.0, 1333359, 85328676, 86895, 77870628, 1216827]] [303484195.0, [31.25, 104020, 6247200, 13140, 6247200, 104020]] [5072125254.0, [9976.5, 1680616, 106002464, 38704, 103509152, 1641658]] [395131516.0, [359.0, 136502, 8678448, 4918, 7767792, 121433]] [297785948046.0, [4077.0, 95907291, 6138012243, 5340891, 6137123727, 95892711]] [1254868186.0, [274.0, 412411, 26356864, 32995, 25506688, 398587]]
Arch_Param: [32, 1024, 2048, 4, 256, 64]
Samsung_cost: [90972293826.0, [12800677.0, 102405697, 1638358008, 12858433, 1632619704, 408601953]] [35521503822.0, [4946031.0, 39567471, 633078564, 4912239, 631702308, 170265711]] [2971908700, [417290, 3338290, 53412640, 417330, 53412640, 13352980]] [48478020548, [6806804, 54454402, 871270432, 6806914, 871270432, 217817128]] [3919039980, [550278, 4402182, 70434864, 550278, 70434864, 17608710]] [2731963679886.0, [383596431.0, 3068770335, 49100323923, 383602047, 49099264851, 12275812827]] [87355196880, [12350495, 98803948, 1580863168, 12489964, 1563594432, 390767163]]
Model_cost: [27949303810.0, [28819.0, 80564801, 1288904952, 20150465, 49400505, 771938]] [5532282654.0, [62415.0, 10223727, 163578660, 164463, 77870628, 1216827]] [304631170.0, [52.5, 390450, 6247200, 13170, 6247200, 104020]] [5092225128.0, [19933.0, 6635394, 106002464, 38794, 103509152, 1641658]] [1654242016.0, [5646.0, 4343302, 69427248, 1239430, 7767792, 121433]] [423337287390.0, [11223.0, 767215743, 12275433555, 10680855, 6137123727, 95892711]] [1697756556.0, [1620.0, 2983404, 47652928, 335060, 25506688, 398587]]
Arch_Param: [32, 1024, 2048, 4, 256, 128]
Samsung_cost: [90734105282.0, [12800677.0, 102405697, 1638358008, 2031681, 1632619704, 408601953]] [35427291726.0, [4946031.0, 39567471, 633078564, 629871, 631702308, 170265711]] [2965037660, [417290, 3338290, 53412640, 105010, 53412640, 13352980]] [48335076164, [6806804, 54454402, 871270432, 309442, 871270432, 217817128]] [3907798508, [550278, 4402182, 70434864, 39302, 70434864, 17608710]] [2724464288910.0, [383596431.0, 3068770335, 49100323923, 42720639, 49099264851, 12275812827]] [87125564752, [12350495, 98803948, 1580863168, 2052140, 1563594432, 390767163]]
Model_cost: [27949303810.0, [28819.0, 80564801, 1288904952, 20150465, 49400505, 771938]] [5532282654.0, [62415.0, 10223727, 163578660, 164463, 77870628, 1216827]] [304631170.0, [52.5, 390450, 6247200, 13170, 6247200, 104020]] [5092225128.0, [19933.0, 6635394, 106002464, 38794, 103509152, 1641658]] [1633921760.0, [5646.0, 4343302, 69427248, 315782, 7767792, 121433]] [423337287390.0, [11223.0, 767215743, 12275433555, 10680855, 6137123727, 95892711]] [1695174284.0, [1620.0, 2983404, 47652928, 217684, 25506688, 398587]]
Arch_Param: [32, 1024, 2048, 4, 256, 256]
Samsung_cost: [90734105282.0, [12800677.0, 102405697, 1638358008, 2031681, 1632619704, 408601953]] [35427291726.0, [4946031.0, 39567471, 633078564, 629871, 631702308, 170265711]] [2965037660, [417290, 3338290, 53412640, 105010, 53412640, 13352980]] [48335076164, [6806804, 54454402, 871270432, 309442, 871270432, 217817128]] [3907798508, [550278, 4402182, 70434864, 39302, 70434864, 17608710]] [2724464288910.0, [383596431.0, 3068770335, 49100323923, 42720639, 49099264851, 12275812827]] [87125564752, [12350495, 98803948, 1580863168, 2052140, 1563594432, 390767163]]
Model_cost: [27949303810.0, [28819.0, 80564801, 1288904952, 20150465, 49400505, 771938]] [5532282654.0, [62415.0, 10223727, 163578660, 164463, 77870628, 1216827]] [304631170.0, [52.5, 390450, 6247200, 13170, 6247200, 104020]] [5092225128.0, [19933.0, 6635394, 106002464, 38794, 103509152, 1641658]] [1633921760.0, [5646.0, 4343302, 69427248, 315782, 7767792, 121433]] [423337287390.0, [11223.0, 767215743, 12275433555, 10680855, 6137123727, 95892711]] [1695174284.0, [1620.0, 2983404, 47652928, 217684, 25506688, 398587]]
Arch_Param: [32, 1024, 2048, 4, 512, 64]
Samsung_cost: [90767482832.0, [12800677.0, 51203108, 1638358008, 12858404, 1632619704, 408601953]] [35442369102.0, [4946031.0, 19783791, 633078564, 4912239, 631702308, 170265711]] [2965231700, [417290, 1669150, 53412640, 417310, 53412640, 13352980]] [48369110444, [6806804, 27227206, 871270432, 6806854, 871270432, 217817128]] [3910235628, [550278, 2201094, 70434864, 550278, 70434864, 17608710]] [2725826139534.0, [383596431.0, 1534385247, 49100323923, 383602047, 49099264851, 12275812827]] [87157586388, [12350495, 49401974, 1580863168, 12489846, 1563594432, 390767163]]
Model_cost: [27788174608.0, [28819.0, 40282660, 1288904952, 20150436, 49400505, 771938]] [5511835422.0, [62415.0, 5111919, 163578660, 164463, 77870628, 1216827]] [303849850.0, [52.5, 195230, 6247200, 13150, 6247200, 104020]] [5078994000.0, [19933.0, 3327942, 106002464, 38734, 103509152, 1641658]] [1643409120.0, [5646.0, 2175750, 69427248, 1141126, 7767792, 121433]] [421802859294.0, [11223.0, 383608719, 12275433555, 10680855, 6137123727, 95892711]] [1691097232.0, [1620.0, 1491702, 47652928, 303582, 25506688, 398587]]
Arch_Param: [32, 1024, 2048, 4, 512, 128]
Samsung_cost: [90529294288.0, [12800677.0, 51203108, 1638358008, 2031652, 1632619704, 408601953]] [35348157006.0, [4946031.0, 19783791, 633078564, 629871, 631702308, 170265711]] [2958360660, [417290, 1669150, 53412640, 104990, 53412640, 13352980]] [48226166060, [6806804, 27227206, 871270432, 309382, 871270432, 217817128]] [3898994156, [550278, 2201094, 70434864, 39302, 70434864, 17608710]] [2718326748558.0, [383596431.0, 1534385247, 49100323923, 42720639, 49099264851, 12275812827]] [86927954260, [12350495, 49401974, 1580863168, 2052022, 1563594432, 390767163]]
Model_cost: [27788174608.0, [28819.0, 40282660, 1288904952, 20150436, 49400505, 771938]] [5511835422.0, [62415.0, 5111919, 163578660, 164463, 77870628, 1216827]] [303849850.0, [52.5, 195230, 6247200, 13150, 6247200, 104020]] [5078994000.0, [19933.0, 3327942, 106002464, 38734, 103509152, 1641658]] [1623088864.0, [5646.0, 2175750, 69427248, 217478, 7767792, 121433]] [421802859294.0, [11223.0, 383608719, 12275433555, 10680855, 6137123727, 95892711]] [1688514960.0, [1620.0, 1491702, 47652928, 186206, 25506688, 398587]]
Arch_Param: [32, 1024, 2048, 4, 512, 256]
Samsung_cost: [90529294288.0, [12800677.0, 51203108, 1638358008, 2031652, 1632619704, 408601953]] [35348157006.0, [4946031.0, 19783791, 633078564, 629871, 631702308, 170265711]] [2958360660, [417290, 1669150, 53412640, 104990, 53412640, 13352980]] [48226166060, [6806804, 27227206, 871270432, 309382, 871270432, 217817128]] [3898994156, [550278, 2201094, 70434864, 39302, 70434864, 17608710]] [2718326748558.0, [383596431.0, 1534385247, 49100323923, 42720639, 49099264851, 12275812827]] [86927954260, [12350495, 49401974, 1580863168, 2052022, 1563594432, 390767163]]
Model_cost: [27788174608.0, [28819.0, 40282660, 1288904952, 20150436, 49400505, 771938]] [5511835422.0, [62415.0, 5111919, 163578660, 164463, 77870628, 1216827]] [303849850.0, [52.5, 195230, 6247200, 13150, 6247200, 104020]] [5078994000.0, [19933.0, 3327942, 106002464, 38734, 103509152, 1641658]] [1623088864.0, [5646.0, 2175750, 69427248, 217478, 7767792, 121433]] [421802859294.0, [11223.0, 383608719, 12275433555, 10680855, 6137123727, 95892711]] [1688514960.0, [1620.0, 1491702, 47652928, 186206, 25506688, 398587]]
Arch_Param: [32, 1024, 2048, 4, 512, 512]
Samsung_cost: [90529294288.0, [12800677.0, 51203108, 1638358008, 2031652, 1632619704, 408601953]] [35348157006.0, [4946031.0, 19783791, 633078564, 629871, 631702308, 170265711]] [2958360660, [417290, 1669150, 53412640, 104990, 53412640, 13352980]] [48226166060, [6806804, 27227206, 871270432, 309382, 871270432, 217817128]] [3898994156, [550278, 2201094, 70434864, 39302, 70434864, 17608710]] [2718326748558.0, [383596431.0, 1534385247, 49100323923, 42720639, 49099264851, 12275812827]] [86927954260, [12350495, 49401974, 1580863168, 2052022, 1563594432, 390767163]]
Model_cost: [27399584208.0, [28819.0, 40282660, 1288904952, 2487236, 49400505, 771938]] [5511835422.0, [62415.0, 5111919, 163578660, 164463, 77870628, 1216827]] [303849850.0, [52.5, 195230, 6247200, 13150, 6247200, 104020]] [5078994000.0, [19933.0, 3327942, 106002464, 38734, 103509152, 1641658]] [1621719520.0, [5646.0, 2175750, 69427248, 57734, 7843056, 122777]] [421802859294.0, [11223.0, 383608719, 12275433555, 10680855, 6137123727, 95892711]] [1687247760.0, [1620.0, 1491702, 47652928, 128606, 25506688, 398587]]
Arch_Param: [32, 1024, 2048, 4, 1024, 64]
Samsung_cost: [90665127810.0, [12800677.0, 25614369, 1638358008, 12858401, 1632619704, 408601953]] [35402801742.0, [4946031.0, 9891951, 633078564, 4912239, 631702308, 170265711]] [2961893200, [417290, 834580, 53412640, 417300, 53412640, 13352980]] [48314655392, [6806804, 13613608, 871270432, 6806824, 871270432, 217817128]] [3905833452, [550278, 1100550, 70434864, 550278, 70434864, 17608710]] [2722757369358.0, [383596431.0, 767192703, 49100323923, 383602047, 49099264851, 12275812827]] [87058781142, [12350495, 24700987, 1580863168, 12489787, 1563594432, 390767163]]
Model_cost: [27707659970.0, [28819.0, 20154017, 1288904952, 20150433, 49400505, 771938]] [5501611806.0, [62415.0, 2556015, 163578660, 164463, 77870628, 1216827]] [303484790.0, [52.5, 104020, 6247200, 13140, 6247200, 104020]] [5072404036.0, [19933.0, 1680616, 106002464, 38704, 103509152, 1641658]] [1637992672.0, [5646.0, 1091974, 69427248, 1091974, 7767792, 121433]] [421035645246.0, [11223.0, 191805207, 12275433555, 10680855, 6137123727, 95892711]] [1687849106.0, [1620.0, 748987, 47652928, 290979, 25506688, 398587]]
Arch_Param: [32, 1024, 2048, 4, 1024, 128]
Samsung_cost: [90426939266.0, [12800677.0, 25614369, 1638358008, 2031649, 1632619704, 408601953]] [35308589646.0, [4946031.0, 9891951, 633078564, 629871, 631702308, 170265711]] [2955022160, [417290, 834580, 53412640, 104980, 53412640, 13352980]] [48171711008, [6806804, 13613608, 871270432, 309352, 871270432, 217817128]] [3894591980, [550278, 1100550, 70434864, 39302, 70434864, 17608710]] [2715257978382.0, [383596431.0, 767192703, 49100323923, 42720639, 49099264851, 12275812827]] [86829149014, [12350495, 24700987, 1580863168, 2051963, 1563594432, 390767163]]
Model_cost: [27707659970.0, [28819.0, 20154017, 1288904952, 20150433, 49400505, 771938]] [5501611806.0, [62415.0, 2556015, 163578660, 164463, 77870628, 1216827]] [303484790.0, [52.5, 104020, 6247200, 13140, 6247200, 104020]] [5072404036.0, [19933.0, 1680616, 106002464, 38704, 103509152, 1641658]] [1617672416.0, [5646.0, 1091974, 69427248, 168326, 7767792, 121433]] [421035645246.0, [11223.0, 191805207, 12275433555, 10680855, 6137123727, 95892711]] [1685266834.0, [1620.0, 748987, 47652928, 173603, 25506688, 398587]]
Arch_Param: [32, 1024, 2048, 4, 1024, 256]
Samsung_cost: [90426939266.0, [12800677.0, 25614369, 1638358008, 2031649, 1632619704, 408601953]] [35308589646.0, [4946031.0, 9891951, 633078564, 629871, 631702308, 170265711]] [2955022160, [417290, 834580, 53412640, 104980, 53412640, 13352980]] [48171711008, [6806804, 13613608, 871270432, 309352, 871270432, 217817128]] [3894591980, [550278, 1100550, 70434864, 39302, 70434864, 17608710]] [2715257978382.0, [383596431.0, 767192703, 49100323923, 42720639, 49099264851, 12275812827]] [86829149014, [12350495, 24700987, 1580863168, 2051963, 1563594432, 390767163]]
Model_cost: [27707659970.0, [28819.0, 20154017, 1288904952, 20150433, 49400505, 771938]] [5501611806.0, [62415.0, 2556015, 163578660, 164463, 77870628, 1216827]] [303484790.0, [52.5, 104020, 6247200, 13140, 6247200, 104020]] [5072404036.0, [19933.0, 1680616, 106002464, 38704, 103509152, 1641658]] [1617672416.0, [5646.0, 1091974, 69427248, 168326, 7767792, 121433]] [421035645246.0, [11223.0, 191805207, 12275433555, 10680855, 6137123727, 95892711]] [1685266834.0, [1620.0, 748987, 47652928, 173603, 25506688, 398587]]
Arch_Param: [32, 1024, 2048, 4, 1024, 512]
Samsung_cost: [90426939266.0, [12800677.0, 25614369, 1638358008, 2031649, 1632619704, 408601953]] [35308589646.0, [4946031.0, 9891951, 633078564, 629871, 631702308, 170265711]] [2955022160, [417290, 834580, 53412640, 104980, 53412640, 13352980]] [48171711008, [6806804, 13613608, 871270432, 309352, 871270432, 217817128]] [3894591980, [550278, 1100550, 70434864, 39302, 70434864, 17608710]] [2715257978382.0, [383596431.0, 767192703, 49100323923, 42720639, 49099264851, 12275812827]] [86829149014, [12350495, 24700987, 1580863168, 2051963, 1563594432, 390767163]]
Model_cost: [27319069570.0, [28819.0, 20154017, 1288904952, 2487233, 49400505, 771938]] [5501611806.0, [62415.0, 2556015, 163578660, 164463, 77870628, 1216827]] [303484790.0, [52.5, 104020, 6247200, 13140, 6247200, 104020]] [5072404036.0, [19933.0, 1680616, 106002464, 38704, 103509152, 1641658]] [1616320736.0, [5646.0, 1091974, 69427248, 106886, 7767792, 121433]] [421035645246.0, [11223.0, 191805207, 12275433555, 10680855, 6137123727, 95892711]] [1683999634.0, [1620.0, 748987, 47652928, 116003, 25506688, 398587]]
Arch_Param: [32, 1024, 2048, 8, 256, 64]
Samsung_cost: [45583260354.0, [6413989.0, 51312193, 820923384, 6444097, 817876152, 204916065]] [35521503822.0, [4946031.0, 39567471, 633078564, 4912239, 631702308, 170265711]] [2971908700, [417290, 3338290, 53412640, 417330, 53412640, 13352980]] [48478020548, [6806804, 54454402, 871270432, 6806914, 871270432, 217817128]] [3651480684, [512710, 4101638, 65626160, 512710, 65626160, 16406534]] [2731963679886.0, [383596431.0, 3068770335, 49100323923, 383602047, 49099264851, 12275812827]] [85477737936, [12043295, 96346348, 1541541568, 12113132, 1533185728, 383164987]]
Model_cost: [15181825258.0, [14889.0, 41814593, 668963704, 10456705, 49400505, 771938]] [3945915870.0, [58911.0, 5333103, 85328676, 86895, 77870628, 1216827]] [304631170.0, [52.5, 390450, 6247200, 13170, 6247200, 104020]] [5092225128.0, [19933.0, 6635394, 106002464, 38794, 103509152, 1641658]] [927410672.0, [2826.0, 2171654, 34713648, 157894, 7767792, 121433]] [298936934118.0, [7995.0, 383626383, 6138012243, 5340891, 6137123727, 95892711]] [1392994996.0, [954.0, 2055020, 32839552, 118612, 25506688, 398587]]
Arch_Param: [32, 1024, 2048, 8, 256, 128]
Samsung_cost: [45464008386.0, [6413989.0, 51312193, 820923384, 1023553, 817876152, 204916065]] [35427291726.0, [4946031.0, 39567471, 633078564, 629871, 631702308, 170265711]] [2965037660, [417290, 3338290, 53412640, 105010, 53412640, 13352980]] [48335076164, [6806804, 54454402, 871270432, 309442, 871270432, 217817128]] [3640926316, [512710, 4101638, 65626160, 32966, 65626160, 16406534]] [2724464288910.0, [383596431.0, 3068770335, 49100323923, 42720639, 49099264851, 12275812827]] [85251530064, [12043295, 96346348, 1541541568, 1830956, 1533185728, 383164987]]
Model_cost: [15181825258.0, [14889.0, 41814593, 668963704, 10456705, 49400505, 771938]] [3945915870.0, [58911.0, 5333103, 85328676, 86895, 77870628, 1216827]] [304631170.0, [52.5, 390450, 6247200, 13170, 6247200, 104020]] [5092225128.0, [19933.0, 6635394, 106002464, 38794, 103509152, 1641658]] [927410672.0, [2826.0, 2171654, 34713648, 157894, 7767792, 121433]] [298936934118.0, [7995.0, 383626383, 6138012243, 5340891, 6137123727, 95892711]] [1392994996.0, [954.0, 2055020, 32839552, 118612, 25506688, 398587]]
Arch_Param: [32, 1024, 2048, 8, 256, 256]
Samsung_cost: [45464008386.0, [6413989.0, 51312193, 820923384, 1023553, 817876152, 204916065]] [35427291726.0, [4946031.0, 39567471, 633078564, 629871, 631702308, 170265711]] [2965037660, [417290, 3338290, 53412640, 105010, 53412640, 13352980]] [48335076164, [6806804, 54454402, 871270432, 309442, 871270432, 217817128]] [3640926316, [512710, 4101638, 65626160, 32966, 65626160, 16406534]] [2724464288910.0, [383596431.0, 3068770335, 49100323923, 42720639, 49099264851, 12275812827]] [85251530064, [12043295, 96346348, 1541541568, 1830956, 1533185728, 383164987]]
Model_cost: [14979758250.0, [14889.0, 41814593, 668963704, 1271841, 49400505, 771938]] [3945915870.0, [58911.0, 5333103, 85328676, 86895, 77870628, 1216827]] [304631170.0, [52.5, 390450, 6247200, 13170, 6247200, 104020]] [5092225128.0, [19933.0, 6635394, 106002464, 38794, 103509152, 1641658]] [926717168.0, [2826.0, 2171654, 34713648, 28870, 7843056, 122777]] [298936934118.0, [7995.0, 383626383, 6138012243, 5340891, 6137123727, 95892711]] [1392336052.0, [954.0, 2055020, 32839552, 88660, 25506688, 398587]]
Arch_Param: [32, 1024, 2048, 8, 512, 64]
Samsung_cost: [45480636368.0, [6413989.0, 25656356, 820923384, 6444068, 817876152, 204916065]] [35442369102.0, [4946031.0, 19783791, 633078564, 4912239, 631702308, 170265711]] [2965231700, [417290, 1669150, 53412640, 417310, 53412640, 13352980]] [48369110444, [6806804, 27227206, 871270432, 6806854, 871270432, 217817128]] [3643277420, [512710, 2050822, 65626160, 512710, 65626160, 16406534]] [2725826139534.0, [383596431.0, 1534385247, 49100323923, 383602047, 49099264851, 12275812827]] [85285042644, [12043295, 48173174, 1541541568, 12113014, 1533185728, 383164987]]
Model_cost: [15098196472.0, [14889.0, 20907556, 668963704, 10456676, 49400505, 771938]] [3935249886.0, [58911.0, 2666607, 85328676, 86895, 77870628, 1216827]] [303849850.0, [52.5, 195230, 6247200, 13150, 6247200, 104020]] [5078994000.0, [19933.0, 3327942, 106002464, 38734, 103509152, 1641658]] [921994224.0, [2826.0, 1087878, 34713648, 108742, 7767792, 121433]] [298169683206.0, [7995.0, 191813655, 6138012243, 5340891, 6137123727, 95892711]] [1388537400.0, [954.0, 1027510, 32839552, 102814, 25506688, 398587]]
Arch_Param: [32, 1024, 2048, 8, 512, 128]
Samsung_cost: [45361384400.0, [6413989.0, 25656356, 820923384, 1023524, 817876152, 204916065]] [35348157006.0, [4946031.0, 19783791, 633078564, 629871, 631702308, 170265711]] [2958360660, [417290, 1669150, 53412640, 104990, 53412640, 13352980]] [48226166060, [6806804, 27227206, 871270432, 309382, 871270432, 217817128]] [3632723052, [512710, 2050822, 65626160, 32966, 65626160, 16406534]] [2718326748558.0, [383596431.0, 1534385247, 49100323923, 42720639, 49099264851, 12275812827]] [85058834772, [12043295, 48173174, 1541541568, 1830838, 1533185728, 383164987]]
Model_cost: [15098196472.0, [14889.0, 20907556, 668963704, 10456676, 49400505, 771938]] [3935249886.0, [58911.0, 2666607, 85328676, 86895, 77870628, 1216827]] [303849850.0, [52.5, 195230, 6247200, 13150, 6247200, 104020]] [5078994000.0, [19933.0, 3327942, 106002464, 38734, 103509152, 1641658]] [921994224.0, [2826.0, 1087878, 34713648, 108742, 7767792, 121433]] [298169683206.0, [7995.0, 191813655, 6138012243, 5340891, 6137123727, 95892711]] [1388537400.0, [954.0, 1027510, 32839552, 102814, 25506688, 398587]]
Arch_Param: [32, 1024, 2048, 8, 512, 256]
Samsung_cost: [45361384400.0, [6413989.0, 25656356, 820923384, 1023524, 817876152, 204916065]] [35348157006.0, [4946031.0, 19783791, 633078564, 629871, 631702308, 170265711]] [2958360660, [417290, 1669150, 53412640, 104990, 53412640, 13352980]] [48226166060, [6806804, 27227206, 871270432, 309382, 871270432, 217817128]] [3632723052, [512710, 2050822, 65626160, 32966, 65626160, 16406534]] [2718326748558.0, [383596431.0, 1534385247, 49100323923, 42720639, 49099264851, 12275812827]] [85058834772, [12043295, 48173174, 1541541568, 1830838, 1533185728, 383164987]]
Model_cost: [14896129464.0, [14889.0, 20907556, 668963704, 1271812, 49400505, 771938]] [3935249886.0, [58911.0, 2666607, 85328676, 86895, 77870628, 1216827]] [303849850.0, [52.5, 195230, 6247200, 13150, 6247200, 104020]] [5078994000.0, [19933.0, 3327942, 106002464, 38734, 103509152, 1641658]] [921318384.0, [2826.0, 1087878, 34713648, 78022, 7767792, 121433]] [298169683206.0, [7995.0, 191813655, 6138012243, 5340891, 6137123727, 95892711]] [1387878456.0, [954.0, 1027510, 32839552, 72862, 25506688, 398587]]
Arch_Param: [32, 1024, 2048, 8, 512, 512]
Samsung_cost: [45361384400.0, [6413989.0, 25656356, 820923384, 1023524, 817876152, 204916065]] [35348157006.0, [4946031.0, 19783791, 633078564, 629871, 631702308, 170265711]] [2958360660, [417290, 1669150, 53412640, 104990, 53412640, 13352980]] [48226166060, [6806804, 27227206, 871270432, 309382, 871270432, 217817128]] [3632723052, [512710, 2050822, 65626160, 32966, 65626160, 16406534]] [2718326748558.0, [383596431.0, 1534385247, 49100323923, 42720639, 49099264851, 12275812827]] [85058834772, [12043295, 48173174, 1541541568, 1830838, 1533185728, 383164987]]
Model_cost: [14896129464.0, [14889.0, 20907556, 668963704, 1271812, 49400505, 771938]] [3935249886.0, [58911.0, 2666607, 85328676, 86895, 77870628, 1216827]] [303849850.0, [52.5, 195230, 6247200, 13150, 6247200, 104020]] [5078994000.0, [19933.0, 3327942, 106002464, 38734, 103509152, 1641658]] [920952048.0, [2826.0, 1087878, 34713648, 28870, 7792880, 121881]] [298169683206.0, [7995.0, 191813655, 6138012243, 5340891, 6137123727, 95892711]] [1387878456.0, [954.0, 1027510, 32839552, 72862, 25506688, 398587]]
Arch_Param: [32, 1024, 2048, 8, 1024, 64]
Samsung_cost: [45429350274.0, [6413989.0, 12834849, 820923384, 6444065, 817876152, 204916065]] [35402801742.0, [4946031.0, 9891951, 633078564, 4912239, 631702308, 170265711]] [2961893200, [417290, 834580, 53412640, 417300, 53412640, 13352980]] [48314655392, [6806804, 13613608, 871270432, 6806824, 871270432, 217817128]] [3639175788, [512710, 1025414, 65626160, 512710, 65626160, 16406534]] [2722757369358.0, [383596431.0, 767192703, 49100323923, 383602047, 49099264851, 12275812827]] [85188694998, [12043295, 24086587, 1541541568, 12112955, 1533185728, 383164987]]
Model_cost: [15056407210.0, [14889.0, 10460257, 668963704, 10456673, 49400505, 771938]] [3929916894.0, [58911.0, 1333359, 85328676, 86895, 77870628, 1216827]] [303484790.0, [52.5, 104020, 6247200, 13140, 6247200, 104020]] [5072404036.0, [19933.0, 1680616, 106002464, 38704, 103509152, 1641658]] [919286000.0, [2826.0, 545990, 34713648, 84166, 7767792, 121433]] [297786057750.0, [7995.0, 95907291, 6138012243, 5340891, 6137123727, 95892711]] [1386349370.0, [954.0, 515323, 32839552, 96483, 25506688, 398587]]
Arch_Param: [32, 1024, 2048, 8, 1024, 128]
Samsung_cost: [45310098306.0, [6413989.0, 12834849, 820923384, 1023521, 817876152, 204916065]] [35308589646.0, [4946031.0, 9891951, 633078564, 629871, 631702308, 170265711]] [2955022160, [417290, 834580, 53412640, 104980, 53412640, 13352980]] [48171711008, [6806804, 13613608, 871270432, 309352, 871270432, 217817128]] [3628621420, [512710, 1025414, 65626160, 32966, 65626160, 16406534]] [2715257978382.0, [383596431.0, 767192703, 49100323923, 42720639, 49099264851, 12275812827]] [84962487126, [12043295, 24086587, 1541541568, 1830779, 1533185728, 383164987]]
Model_cost: [15056407210.0, [14889.0, 10460257, 668963704, 10456673, 49400505, 771938]] [3929916894.0, [58911.0, 1333359, 85328676, 86895, 77870628, 1216827]] [303484790.0, [52.5, 104020, 6247200, 13140, 6247200, 104020]] [5072404036.0, [19933.0, 1680616, 106002464, 38704, 103509152, 1641658]] [919286000.0, [2826.0, 545990, 34713648, 84166, 7767792, 121433]] [297786057750.0, [7995.0, 95907291, 6138012243, 5340891, 6137123727, 95892711]] [1386349370.0, [954.0, 515323, 32839552, 96483, 25506688, 398587]]
Arch_Param: [32, 1024, 2048, 8, 1024, 256]
Samsung_cost: [45310098306.0, [6413989.0, 12834849, 820923384, 1023521, 817876152, 204916065]] [35308589646.0, [4946031.0, 9891951, 633078564, 629871, 631702308, 170265711]] [2955022160, [417290, 834580, 53412640, 104980, 53412640, 13352980]] [48171711008, [6806804, 13613608, 871270432, 309352, 871270432, 217817128]] [3628621420, [512710, 1025414, 65626160, 32966, 65626160, 16406534]] [2715257978382.0, [383596431.0, 767192703, 49100323923, 42720639, 49099264851, 12275812827]] [84962487126, [12043295, 24086587, 1541541568, 1830779, 1533185728, 383164987]]
Model_cost: [14854340202.0, [14889.0, 10460257, 668963704, 1271809, 49400505, 771938]] [3929916894.0, [58911.0, 1333359, 85328676, 86895, 77870628, 1216827]] [303484790.0, [52.5, 104020, 6247200, 13140, 6247200, 104020]] [5072404036.0, [19933.0, 1680616, 106002464, 38704, 103509152, 1641658]] [918610160.0, [2826.0, 545990, 34713648, 53446, 7767792, 121433]] [297786057750.0, [7995.0, 95907291, 6138012243, 5340891, 6137123727, 95892711]] [1385690426.0, [954.0, 515323, 32839552, 66531, 25506688, 398587]]
Arch_Param: [32, 1024, 2048, 8, 1024, 512]
Samsung_cost: [45310098306.0, [6413989.0, 12834849, 820923384, 1023521, 817876152, 204916065]] [35308589646.0, [4946031.0, 9891951, 633078564, 629871, 631702308, 170265711]] [2955022160, [417290, 834580, 53412640, 104980, 53412640, 13352980]] [48171711008, [6806804, 13613608, 871270432, 309352, 871270432, 217817128]] [3628621420, [512710, 1025414, 65626160, 32966, 65626160, 16406534]] [2715257978382.0, [383596431.0, 767192703, 49100323923, 42720639, 49099264851, 12275812827]] [84962487126, [12043295, 24086587, 1541541568, 1830779, 1533185728, 383164987]]
Model_cost: [14854340202.0, [14889.0, 10460257, 668963704, 1271809, 49400505, 771938]] [3929916894.0, [58911.0, 1333359, 85328676, 86895, 77870628, 1216827]] [303484790.0, [52.5, 104020, 6247200, 13140, 6247200, 104020]] [5072404036.0, [19933.0, 1680616, 106002464, 38704, 103509152, 1641658]] [918610160.0, [2826.0, 545990, 34713648, 53446, 7767792, 121433]] [297786057750.0, [7995.0, 95907291, 6138012243, 5340891, 6137123727, 95892711]] [1385690426.0, [954.0, 515323, 32839552, 66531, 25506688, 398587]]
Arch_Param: [32, 1024, 2048, 16, 256, 64]
Samsung_cost: [22888743618.0, [3220645.0, 25765441, 412206072, 3236929, 410504376, 103073121]] [35521503822.0, [4946031.0, 39567471, 633078564, 4912239, 631702308, 170265711]] [2971908700, [417290, 3338290, 53412640, 417330, 53412640, 13352980]] [48478020548, [6806804, 54454402, 871270432, 6806914, 871270432, 217817128]] [3517701036, [493926, 3951366, 63221808, 493926, 63221808, 15805446]] [2731963679886.0, [383596431.0, 3068770335, 49100323923, 383602047, 49099264851, 12275812827]] [84539008464, [11889695, 95117548, 1521880768, 11924716, 1517981376, 379363899]]
Model_cost: [8800827758.0, [7936.0, 22447809, 359126200, 5611905, 49400505, 771938]] [3945915870.0, [58911.0, 5333103, 85328676, 86895, 77870628, 1216827]] [304631170.0, [52.5, 390450, 6247200, 13170, 6247200, 104020]] [5092225128.0, [19933.0, 6635394, 106002464, 38794, 103509152, 1641658]] [574155128.0, [1416.0, 1085830, 17356848, 78950, 7767792, 121433]] [298936934118.0, [7995.0, 383626383, 6138012243, 5340891, 6137123727, 95892711]] [1304457860.0, [678.0, 1783660, 28517760, 72788, 25506688, 398587]]
Arch_Param: [32, 1024, 2048, 16, 256, 128]
Samsung_cost: [22828959938.0, [3220645.0, 25765441, 412206072, 519489, 410504376, 103073121]] [35427291726.0, [4946031.0, 39567471, 633078564, 629871, 631702308, 170265711]] [2965037660, [417290, 3338290, 53412640, 105010, 53412640, 13352980]] [48335076164, [6806804, 54454402, 871270432, 309442, 871270432, 217817128]] [3507490220, [493926, 3951366, 63221808, 29798, 63221808, 15805446]] [2724464288910.0, [383596431.0, 3068770335, 49100323923, 42720639, 49099264851, 12275812827]] [84314512720, [11889695, 95117548, 1521880768, 1720364, 1517981376, 379363899]]
Model_cost: [8692022446.0, [7936.0, 22447809, 359126200, 666209, 49400505, 771938]] [3945915870.0, [58911.0, 5333103, 85328676, 86895, 77870628, 1216827]] [304631170.0, [52.5, 390450, 6247200, 13170, 6247200, 104020]] [5092225128.0, [19933.0, 6635394, 106002464, 38794, 103509152, 1641658]] [573817208.0, [1416.0, 1085830, 17356848, 63590, 7767792, 121433]] [298936934118.0, [7995.0, 383626383, 6138012243, 5340891, 6137123727, 95892711]] [1304103044.0, [678.0, 1783660, 28517760, 56660, 25506688, 398587]]
Arch_Param: [32, 1024, 2048, 16, 256, 256]
Samsung_cost: [22828959938.0, [3220645.0, 25765441, 412206072, 519489, 410504376, 103073121]] [35427291726.0, [4946031.0, 39567471, 633078564, 629871, 631702308, 170265711]] [2965037660, [417290, 3338290, 53412640, 105010, 53412640, 13352980]] [48335076164, [6806804, 54454402, 871270432, 309442, 871270432, 217817128]] [3507490220, [493926, 3951366, 63221808, 29798, 63221808, 15805446]] [2724464288910.0, [383596431.0, 3068770335, 49100323923, 42720639, 49099264851, 12275812827]] [84314512720, [11889695, 95117548, 1521880768, 1720364, 1517981376, 379363899]]
Model_cost: [8692022446.0, [7936.0, 22447809, 359126200, 666209, 49400505, 771938]] [3945915870.0, [58911.0, 5333103, 85328676, 86895, 77870628, 1216827]] [304631170.0, [52.5, 390450, 6247200, 13170, 6247200, 104020]] [5092225128.0, [19933.0, 6635394, 106002464, 38794, 103509152, 1641658]] [573450872.0, [1416.0, 1085830, 17356848, 14438, 7792880, 121881]] [298936934118.0, [7995.0, 383626383, 6138012243, 5340891, 6137123727, 95892711]] [1304103044.0, [678.0, 1783660, 28517760, 56660, 25506688, 398587]]
Arch_Param: [32, 1024, 2048, 16, 512, 64]
Samsung_cost: [22837213136.0, [3220645.0, 12882980, 412206072, 3236900, 410504376, 103073121]] [35442369102.0, [4946031.0, 19783791, 633078564, 4912239, 631702308, 170265711]] [2965231700, [417290, 1669150, 53412640, 417310, 53412640, 13352980]] [48369110444, [6806804, 27227206, 871270432, 6806854, 871270432, 217817128]] [3509798316, [493926, 1975686, 63221808, 493926, 63221808, 15805446]] [2725826139534.0, [383596431.0, 1534385247, 49100323923, 383602047, 49099264851, 12275812827]] [84348770772, [11889695, 47558774, 1521880768, 11924598, 1517981376, 379363899]]
Model_cost: [8755932540.0, [7936.0, 11224164, 359126200, 5611876, 49400505, 771938]] [3935249886.0, [58911.0, 2666607, 85328676, 86895, 77870628, 1216827]] [303849850.0, [52.5, 195230, 6247200, 13150, 6247200, 104020]] [5078994000.0, [19933.0, 3327942, 106002464, 38734, 103509152, 1641658]] [571446904.0, [1416.0, 543942, 17356848, 54374, 7767792, 121433]] [298169683206.0, [7995.0, 191813655, 6138012243, 5340891, 6137123727, 95892711]] [1300711944.0, [678.0, 891830, 28517760, 64670, 25506688, 398587]]
Arch_Param: [32, 1024, 2048, 16, 512, 128]
Samsung_cost: [22777429456.0, [3220645.0, 12882980, 412206072, 519460, 410504376, 103073121]] [35348157006.0, [4946031.0, 19783791, 633078564, 629871, 631702308, 170265711]] [2958360660, [417290, 1669150, 53412640, 104990, 53412640, 13352980]] [48226166060, [6806804, 27227206, 871270432, 309382, 871270432, 217817128]] [3499587500, [493926, 1975686, 63221808, 29798, 63221808, 15805446]] [2718326748558.0, [383596431.0, 1534385247, 49100323923, 42720639, 49099264851, 12275812827]] [84124275028, [11889695, 47558774, 1521880768, 1720246, 1517981376, 379363899]]
Model_cost: [8647127228.0, [7936.0, 11224164, 359126200, 666180, 49400505, 771938]] [3935249886.0, [58911.0, 2666607, 85328676, 86895, 77870628, 1216827]] [303849850.0, [52.5, 195230, 6247200, 13150, 6247200, 104020]] [5078994000.0, [19933.0, 3327942, 106002464, 38734, 103509152, 1641658]] [571108984.0, [1416.0, 543942, 17356848, 39014, 7767792, 121433]] [298169683206.0, [7995.0, 191813655, 6138012243, 5340891, 6137123727, 95892711]] [1300357128.0, [678.0, 891830, 28517760, 48542, 25506688, 398587]]
Arch_Param: [32, 1024, 2048, 16, 512, 256]
Samsung_cost: [22777429456.0, [3220645.0, 12882980, 412206072, 519460, 410504376, 103073121]] [35348157006.0, [4946031.0, 19783791, 633078564, 629871, 631702308, 170265711]] [2958360660, [417290, 1669150, 53412640, 104990, 53412640, 13352980]] [48226166060, [6806804, 27227206, 871270432, 309382, 871270432, 217817128]] [3499587500, [493926, 1975686, 63221808, 29798, 63221808, 15805446]] [2718326748558.0, [383596431.0, 1534385247, 49100323923, 42720639, 49099264851, 12275812827]] [84124275028, [11889695, 47558774, 1521880768, 1720246, 1517981376, 379363899]]
Model_cost: [8647127228.0, [7936.0, 11224164, 359126200, 666180, 49400505, 771938]] [3935249886.0, [58911.0, 2666607, 85328676, 86895, 77870628, 1216827]] [303849850.0, [52.5, 195230, 6247200, 13150, 6247200, 104020]] [5078994000.0, [19933.0, 3327942, 106002464, 38734, 103509152, 1641658]] [571108984.0, [1416.0, 543942, 17356848, 39014, 7767792, 121433]] [298169683206.0, [7995.0, 191813655, 6138012243, 5340891, 6137123727, 95892711]] [1300357128.0, [678.0, 891830, 28517760, 48542, 25506688, 398587]]
Arch_Param: [32, 1024, 2048, 16, 512, 512]
Samsung_cost: [22777429456.0, [3220645.0, 12882980, 412206072, 519460, 410504376, 103073121]] [35348157006.0, [4946031.0, 19783791, 633078564, 629871, 631702308, 170265711]] [2958360660, [417290, 1669150, 53412640, 104990, 53412640, 13352980]] [48226166060, [6806804, 27227206, 871270432, 309382, 871270432, 217817128]] [3499587500, [493926, 1975686, 63221808, 29798, 63221808, 15805446]] [2718326748558.0, [383596431.0, 1534385247, 49100323923, 42720639, 49099264851, 12275812827]] [84124275028, [11889695, 47558774, 1521880768, 1720246, 1517981376, 379363899]]
Model_cost: [8645684028.0, [7936.0, 11224164, 359126200, 600580, 49400505, 771938]] [3935249886.0, [58911.0, 2666607, 85328676, 86895, 77870628, 1216827]] [303849850.0, [52.5, 195230, 6247200, 13150, 6247200, 104020]] [5078994000.0, [19933.0, 3327942, 106002464, 38734, 103509152, 1641658]] [570466936.0, [1416.0, 543942, 17356848, 9830, 7767792, 121433]] [298169683206.0, [7995.0, 191813655, 6138012243, 5340891, 6137123727, 95892711]] [1300216328.0, [678.0, 891830, 28517760, 42142, 25506688, 398587]]
Arch_Param: [32, 1024, 2048, 16, 1024, 64]
Samsung_cost: [22811461506.0, [3220645.0, 6445089, 412206072, 3236897, 410504376, 103073121]] [35402801742.0, [4946031.0, 9891951, 633078564, 4912239, 631702308, 170265711]] [2961893200, [417290, 834580, 53412640, 417300, 53412640, 13352980]] [48314655392, [6806804, 13613608, 871270432, 6806824, 871270432, 217817128]] [3505846956, [493926, 987846, 63221808, 493926, 63221808, 15805446]] [2722757369358.0, [383596431.0, 767192703, 49100323923, 383602047, 49099264851, 12275812827]] [84253651926, [11889695, 23779387, 1521880768, 11924539, 1517981376, 379363899]]
Model_cost: [8733497646.0, [7936.0, 5615457, 359126200, 5611873, 49400505, 771938]] [3929916894.0, [58911.0, 1333359, 85328676, 86895, 77870628, 1216827]] [303484790.0, [52.5, 104020, 6247200, 13140, 6247200, 104020]] [5072404036.0, [19933.0, 1680616, 106002464, 38704, 103509152, 1641658]] [570092792.0, [1416.0, 272998, 17356848, 42086, 7767792, 121433]] [297786057750.0, [7995.0, 95907291, 6138012243, 5340891, 6137123727, 95892711]] [1298859786.0, [678.0, 446715, 28517760, 61411, 25506688, 398587]]
Arch_Param: [32, 1024, 2048, 16, 1024, 128]
Samsung_cost: [22751677826.0, [3220645.0, 6445089, 412206072, 519457, 410504376, 103073121]] [35308589646.0, [4946031.0, 9891951, 633078564, 629871, 631702308, 170265711]] [2955022160, [417290, 834580, 53412640, 104980, 53412640, 13352980]] [48171711008, [6806804, 13613608, 871270432, 309352, 871270432, 217817128]] [3495636140, [493926, 987846, 63221808, 29798, 63221808, 15805446]] [2715257978382.0, [383596431.0, 767192703, 49100323923, 42720639, 49099264851, 12275812827]] [84029156182, [11889695, 23779387, 1521880768, 1720187, 1517981376, 379363899]]
Model_cost: [8624692334.0, [7936.0, 5615457, 359126200, 666177, 49400505, 771938]] [3929916894.0, [58911.0, 1333359, 85328676, 86895, 77870628, 1216827]] [303484790.0, [52.5, 104020, 6247200, 13140, 6247200, 104020]] [5072404036.0, [19933.0, 1680616, 106002464, 38704, 103509152, 1641658]] [569754872.0, [1416.0, 272998, 17356848, 26726, 7767792, 121433]] [297786057750.0, [7995.0, 95907291, 6138012243, 5340891, 6137123727, 95892711]] [1298504970.0, [678.0, 446715, 28517760, 45283, 25506688, 398587]]
Arch_Param: [32, 1024, 2048, 16, 1024, 256]
Samsung_cost: [22751677826.0, [3220645.0, 6445089, 412206072, 519457, 410504376, 103073121]] [35308589646.0, [4946031.0, 9891951, 633078564, 629871, 631702308, 170265711]] [2955022160, [417290, 834580, 53412640, 104980, 53412640, 13352980]] [48171711008, [6806804, 13613608, 871270432, 309352, 871270432, 217817128]] [3495636140, [493926, 987846, 63221808, 29798, 63221808, 15805446]] [2715257978382.0, [383596431.0, 767192703, 49100323923, 42720639, 49099264851, 12275812827]] [84029156182, [11889695, 23779387, 1521880768, 1720187, 1517981376, 379363899]]
Model_cost: [8624692334.0, [7936.0, 5615457, 359126200, 666177, 49400505, 771938]] [3929916894.0, [58911.0, 1333359, 85328676, 86895, 77870628, 1216827]] [303484790.0, [52.5, 104020, 6247200, 13140, 6247200, 104020]] [5072404036.0, [19933.0, 1680616, 106002464, 38704, 103509152, 1641658]] [569754872.0, [1416.0, 272998, 17356848, 26726, 7767792, 121433]] [297786057750.0, [7995.0, 95907291, 6138012243, 5340891, 6137123727, 95892711]] [1298504970.0, [678.0, 446715, 28517760, 45283, 25506688, 398587]]
Arch_Param: [32, 1024, 2048, 16, 1024, 512]
Samsung_cost: [22751677826.0, [3220645.0, 6445089, 412206072, 519457, 410504376, 103073121]] [35308589646.0, [4946031.0, 9891951, 633078564, 629871, 631702308, 170265711]] [2955022160, [417290, 834580, 53412640, 104980, 53412640, 13352980]] [48171711008, [6806804, 13613608, 871270432, 309352, 871270432, 217817128]] [3495636140, [493926, 987846, 63221808, 29798, 63221808, 15805446]] [2715257978382.0, [383596431.0, 767192703, 49100323923, 42720639, 49099264851, 12275812827]] [84029156182, [11889695, 23779387, 1521880768, 1720187, 1517981376, 379363899]]
Model_cost: [8623249134.0, [7936.0, 5615457, 359126200, 600577, 49400505, 771938]] [3929916894.0, [58911.0, 1333359, 85328676, 86895, 77870628, 1216827]] [303484790.0, [52.5, 104020, 6247200, 13140, 6247200, 104020]] [5072404036.0, [19933.0, 1680616, 106002464, 38704, 103509152, 1641658]] [569383160.0, [1416.0, 272998, 17356848, 9830, 7767792, 121433]] [297786057750.0, [7995.0, 95907291, 6138012243, 5340891, 6137123727, 95892711]] [1298434570.0, [678.0, 446715, 28517760, 42083, 25506688, 398587]]
Arch_Param: [32, 1024, 2048, 32, 256, 64]
Samsung_cost: [22338219714.0, [3138981.0, 25112129, 401768440, 3146817, 400936120, 100681057]] [35521503822.0, [4946031.0, 39567471, 633078564, 4912239, 631702308, 170265711]] [2971908700, [417290, 3338290, 53412640, 417330, 53412640, 13352980]] [48478020548, [6806804, 54454402, 871270432, 6806914, 871270432, 217817128]] [3479982924, [488630, 3908998, 62543920, 488630, 62543920, 15635974]] [2731963679886.0, [383596431.0, 3068770335, 49100323923, 383602047, 49099264851, 12275812827]] [84422321616, [11873311, 94986476, 1519783616, 11908332, 1515884224, 378839611]]
Model_cost: [5549311662.0, [4464.0, 12767937, 204263608, 364289, 49400505, 771938]] [3945915870.0, [58911.0, 5333103, 85328676, 86895, 77870628, 1216827]] [304631170.0, [52.5, 390450, 6247200, 13170, 6247200, 104020]] [5092225128.0, [19933.0, 6635394, 106002464, 38794, 103509152, 1641658]] [397358396.0, [711.0, 542918, 8678448, 31798, 7767792, 121433]] [298936934118.0, [7995.0, 383626383, 6138012243, 5340891, 6137123727, 95892711]] [1259986540.0, [540.0, 1647980, 26356864, 40660, 25506688, 398587]]
Arch_Param: [32, 1024, 2048, 32, 256, 128]
Samsung_cost: [22279607490.0, [3138981.0, 25112129, 401768440, 482625, 400936120, 100681057]] [35427291726.0, [4946031.0, 39567471, 633078564, 629871, 631702308, 170265711]] [2965037660, [417290, 3338290, 53412640, 105010, 53412640, 13352980]] [48335076164, [6806804, 54454402, 871270432, 309442, 871270432, 217817128]] [3469865036, [488630, 3908998, 62543920, 28726, 62543920, 15635974]] [2724464288910.0, [383596431.0, 3068770335, 49100323923, 42720639, 49099264851, 12275812827]] [84198006096, [11873311, 94986476, 1519783616, 1712172, 1515884224, 378839611]]
Model_cost: [5549311662.0, [4464.0, 12767937, 204263608, 364289, 49400505, 771938]] [3945915870.0, [58911.0, 5333103, 85328676, 86895, 77870628, 1216827]] [304631170.0, [52.5, 390450, 6247200, 13170, 6247200, 104020]] [5092225128.0, [19933.0, 6635394, 106002464, 38794, 103509152, 1641658]] [397358396.0, [711.0, 542918, 8678448, 31798, 7767792, 121433]] [298936934118.0, [7995.0, 383626383, 6138012243, 5340891, 6137123727, 95892711]] [1259986540.0, [540.0, 1647980, 26356864, 40660, 25506688, 398587]]
Arch_Param: [32, 1024, 2048, 32, 256, 256]
Samsung_cost: [22279607490.0, [3138981.0, 25112129, 401768440, 482625, 400936120, 100681057]] [35427291726.0, [4946031.0, 39567471, 633078564, 629871, 631702308, 170265711]] [2965037660, [417290, 3338290, 53412640, 105010, 53412640, 13352980]] [48335076164, [6806804, 54454402, 871270432, 309442, 871270432, 217817128]] [3469865036, [488630, 3908998, 62543920, 28726, 62543920, 15635974]] [2724464288910.0, [383596431.0, 3068770335, 49100323923, 42720639, 49099264851, 12275812827]] [84198006096, [11873311, 94986476, 1519783616, 1712172, 1515884224, 378839611]]
Model_cost: [5548561198.0, [4464.0, 12767937, 204263608, 330177, 49400505, 771938]] [3945915870.0, [58911.0, 5333103, 85328676, 86895, 77870628, 1216827]] [304631170.0, [52.5, 390450, 6247200, 13170, 6247200, 104020]] [5092225128.0, [19933.0, 6635394, 106002464, 38794, 103509152, 1641658]] [396767036.0, [711.0, 542918, 8678448, 4918, 7767792, 121433]] [298936934118.0, [7995.0, 383626383, 6138012243, 5340891, 6137123727, 95892711]] [1259821804.0, [540.0, 1647980, 26356864, 33172, 25506688, 398587]]
Arch_Param: [32, 1024, 2048, 32, 512, 64]
Samsung_cost: [22287995856.0, [3138981.0, 12556324, 401768440, 3146788, 400936120, 100681057]] [35442369102.0, [4946031.0, 19783791, 633078564, 4912239, 631702308, 170265711]] [2965231700, [417290, 1669150, 53412640, 417310, 53412640, 13352980]] [48369110444, [6806804, 27227206, 871270432, 6806854, 871270432, 217817128]] [3472164940, [488630, 1954502, 62543920, 488630, 62543920, 15635974]] [2725826139534.0, [383596431.0, 1534385247, 49100323923, 383602047, 49099264851, 12275812827]] [84232346068, [11873311, 47493238, 1519783616, 11908214, 1515884224, 378839611]]
Model_cost: [5523776188.0, [4464.0, 6384228, 204263608, 364260, 49400505, 771938]] [3935249886.0, [58911.0, 2666607, 85328676, 86895, 77870628, 1216827]] [303849850.0, [52.5, 195230, 6247200, 13150, 6247200, 104020]] [5078994000.0, [19933.0, 3327942, 106002464, 38734, 103509152, 1641658]] [396004284.0, [711.0, 271974, 8678448, 19510, 7767792, 121433]] [298169683206.0, [7995.0, 191813655, 6138012243, 5340891, 6137123727, 95892711]] [1256596464.0, [540.0, 823990, 26356864, 36382, 25506688, 398587]]
Arch_Param: [32, 1024, 2048, 32, 512, 128]
Samsung_cost: [22229383632.0, [3138981.0, 12556324, 401768440, 482596, 400936120, 100681057]] [35348157006.0, [4946031.0, 19783791, 633078564, 629871, 631702308, 170265711]] [2958360660, [417290, 1669150, 53412640, 104990, 53412640, 13352980]] [48226166060, [6806804, 27227206, 871270432, 309382, 871270432, 217817128]] [3462047052, [488630, 1954502, 62543920, 28726, 62543920, 15635974]] [2718326748558.0, [383596431.0, 1534385247, 49100323923, 42720639, 49099264851, 12275812827]] [84008030548, [11873311, 47493238, 1519783616, 1712054, 1515884224, 378839611]]
Model_cost: [5523776188.0, [4464.0, 6384228, 204263608, 364260, 49400505, 771938]] [3935249886.0, [58911.0, 2666607, 85328676, 86895, 77870628, 1216827]] [303849850.0, [52.5, 195230, 6247200, 13150, 6247200, 104020]] [5078994000.0, [19933.0, 3327942, 106002464, 38734, 103509152, 1641658]] [396004284.0, [711.0, 271974, 8678448, 19510, 7767792, 121433]] [298169683206.0, [7995.0, 191813655, 6138012243, 5340891, 6137123727, 95892711]] [1256596464.0, [540.0, 823990, 26356864, 36382, 25506688, 398587]]
Arch_Param: [32, 1024, 2048, 32, 512, 256]
Samsung_cost: [22229383632.0, [3138981.0, 12556324, 401768440, 482596, 400936120, 100681057]] [35348157006.0, [4946031.0, 19783791, 633078564, 629871, 631702308, 170265711]] [2958360660, [417290, 1669150, 53412640, 104990, 53412640, 13352980]] [48226166060, [6806804, 27227206, 871270432, 309382, 871270432, 217817128]] [3462047052, [488630, 1954502, 62543920, 28726, 62543920, 15635974]] [2718326748558.0, [383596431.0, 1534385247, 49100323923, 42720639, 49099264851, 12275812827]] [84008030548, [11873311, 47493238, 1519783616, 1712054, 1515884224, 378839611]]
Model_cost: [5523025724.0, [4464.0, 6384228, 204263608, 330148, 49400505, 771938]] [3935249886.0, [58911.0, 2666607, 85328676, 86895, 77870628, 1216827]] [303849850.0, [52.5, 195230, 6247200, 13150, 6247200, 104020]] [5078994000.0, [19933.0, 3327942, 106002464, 38734, 103509152, 1641658]] [395683260.0, [711.0, 271974, 8678448, 4918, 7767792, 121433]] [298169683206.0, [7995.0, 191813655, 6138012243, 5340891, 6137123727, 95892711]] [1256523248.0, [540.0, 823990, 26356864, 33054, 25506688, 398587]]
Arch_Param: [32, 1024, 2048, 32, 512, 512]
Samsung_cost: [22229383632.0, [3138981.0, 12556324, 401768440, 482596, 400936120, 100681057]] [35348157006.0, [4946031.0, 19783791, 633078564, 629871, 631702308, 170265711]] [2958360660, [417290, 1669150, 53412640, 104990, 53412640, 13352980]] [48226166060, [6806804, 27227206, 871270432, 309382, 871270432, 217817128]] [3462047052, [488630, 1954502, 62543920, 28726, 62543920, 15635974]] [2718326748558.0, [383596431.0, 1534385247, 49100323923, 42720639, 49099264851, 12275812827]] [84008030548, [11873311, 47493238, 1519783616, 1712054, 1515884224, 378839611]]
Model_cost: [5523025724.0, [4464.0, 6384228, 204263608, 330148, 49400505, 771938]] [3935249886.0, [58911.0, 2666607, 85328676, 86895, 77870628, 1216827]] [303849850.0, [52.5, 195230, 6247200, 13150, 6247200, 104020]] [5078994000.0, [19933.0, 3327942, 106002464, 38734, 103509152, 1641658]] [395683260.0, [711.0, 271974, 8678448, 4918, 7767792, 121433]] [298169683206.0, [7995.0, 191813655, 6138012243, 5340891, 6137123727, 95892711]] [1256523248.0, [540.0, 823990, 26356864, 33054, 25506688, 398587]]
Arch_Param: [32, 1024, 2048, 32, 1024, 64]
Samsung_cost: [22262891394.0, [3138981.0, 6280225, 401768440, 3146785, 400936120, 100681057]] [35402801742.0, [4946031.0, 9891951, 633078564, 4912239, 631702308, 170265711]] [2961893200, [417290, 834580, 53412640, 417300, 53412640, 13352980]] [48314655392, [6806804, 13613608, 871270432, 6806824, 871270432, 217817128]] [3468255948, [488630, 977254, 62543920, 488630, 62543920, 15635974]] [2722757369358.0, [383596431.0, 767192703, 49100323923, 383602047, 49099264851, 12275812827]] [84137358294, [11873311, 23746619, 1519783616, 11908155, 1515884224, 378839611]]
Model_cost: [5511015022.0, [4464.0, 3193953, 204263608, 364257, 49400505, 771938]] [3929916894.0, [58911.0, 1333359, 85328676, 86895, 77870628, 1216827]] [303484790.0, [52.5, 104020, 6247200, 13140, 6247200, 104020]] [5072404036.0, [19933.0, 1680616, 106002464, 38704, 103509152, 1641658]] [395327228.0, [711.0, 136502, 8678448, 13366, 7767792, 121433]] [297786057750.0, [7995.0, 95907291, 6138012243, 5340891, 6137123727, 95892711]] [1254912242.0, [540.0, 412411, 26356864, 34659, 25506688, 398587]]
Arch_Param: [32, 1024, 2048, 32, 1024, 128]
Samsung_cost: [22204279170.0, [3138981.0, 6280225, 401768440, 482593, 400936120, 100681057]] [35308589646.0, [4946031.0, 9891951, 633078564, 629871, 631702308, 170265711]] [2955022160, [417290, 834580, 53412640, 104980, 53412640, 13352980]] [48171711008, [6806804, 13613608, 871270432, 309352, 871270432, 217817128]] [3458138060, [488630, 977254, 62543920, 28726, 62543920, 15635974]] [2715257978382.0, [383596431.0, 767192703, 49100323923, 42720639, 49099264851, 12275812827]] [83913042774, [11873311, 23746619, 1519783616, 1711995, 1515884224, 378839611]]
Model_cost: [5511015022.0, [4464.0, 3193953, 204263608, 364257, 49400505, 771938]] [3929916894.0, [58911.0, 1333359, 85328676, 86895, 77870628, 1216827]] [303484790.0, [52.5, 104020, 6247200, 13140, 6247200, 104020]] [5072404036.0, [19933.0, 1680616, 106002464, 38704, 103509152, 1641658]] [395327228.0, [711.0, 136502, 8678448, 13366, 7767792, 121433]] [297786057750.0, [7995.0, 95907291, 6138012243, 5340891, 6137123727, 95892711]] [1254912242.0, [540.0, 412411, 26356864, 34659, 25506688, 398587]]
Arch_Param: [32, 1024, 2048, 32, 1024, 256]
Samsung_cost: [22204279170.0, [3138981.0, 6280225, 401768440, 482593, 400936120, 100681057]] [35308589646.0, [4946031.0, 9891951, 633078564, 629871, 631702308, 170265711]] [2955022160, [417290, 834580, 53412640, 104980, 53412640, 13352980]] [48171711008, [6806804, 13613608, 871270432, 309352, 871270432, 217817128]] [3458138060, [488630, 977254, 62543920, 28726, 62543920, 15635974]] [2715257978382.0, [383596431.0, 767192703, 49100323923, 42720639, 49099264851, 12275812827]] [83913042774, [11873311, 23746619, 1519783616, 1711995, 1515884224, 378839611]]
Model_cost: [5510264558.0, [4464.0, 3193953, 204263608, 330145, 49400505, 771938]] [3929916894.0, [58911.0, 1333359, 85328676, 86895, 77870628, 1216827]] [303484790.0, [52.5, 104020, 6247200, 13140, 6247200, 104020]] [5072404036.0, [19933.0, 1680616, 106002464, 38704, 103509152, 1641658]] [395141372.0, [711.0, 136502, 8678448, 4918, 7767792, 121433]] [297786057750.0, [7995.0, 95907291, 6138012243, 5340891, 6137123727, 95892711]] [1254875634.0, [540.0, 412411, 26356864, 32995, 25506688, 398587]]
Arch_Param: [32, 1024, 2048, 32, 1024, 512]
Samsung_cost: [22204279170.0, [3138981.0, 6280225, 401768440, 482593, 400936120, 100681057]] [35308589646.0, [4946031.0, 9891951, 633078564, 629871, 631702308, 170265711]] [2955022160, [417290, 834580, 53412640, 104980, 53412640, 13352980]] [48171711008, [6806804, 13613608, 871270432, 309352, 871270432, 217817128]] [3458138060, [488630, 977254, 62543920, 28726, 62543920, 15635974]] [2715257978382.0, [383596431.0, 767192703, 49100323923, 42720639, 49099264851, 12275812827]] [83913042774, [11873311, 23746619, 1519783616, 1711995, 1515884224, 378839611]]
Model_cost: [5510264558.0, [4464.0, 3193953, 204263608, 330145, 49400505, 771938]] [3929916894.0, [58911.0, 1333359, 85328676, 86895, 77870628, 1216827]] [303484790.0, [52.5, 104020, 6247200, 13140, 6247200, 104020]] [5072404036.0, [19933.0, 1680616, 106002464, 38704, 103509152, 1641658]] [395141372.0, [711.0, 136502, 8678448, 4918, 7767792, 121433]] [297786057750.0, [7995.0, 95907291, 6138012243, 5340891, 6137123727, 95892711]] [1254875634.0, [540.0, 412411, 26356864, 32995, 25506688, 398587]]
Arch_Param: [32, 1024, 1024, 4, 256, 64]
Samsung_cost: [91330711858.0, [25601321.0, 102405697, 1638358008, 12858433, 1632619704, 408601953]] [35659989582, [9891951, 39567471, 633078564, 4912239, 631702308, 170265711]] [2983592820, [834580, 3338290, 53412640, 417330, 53412640, 13352980]] [48668611060, [13613608, 54454402, 871270432, 6806914, 871270432, 217817128]] [3934447596, [1100550, 4402182, 70434864, 550278, 70434864, 17608710]] [2742704375502, [767192703, 3068770335, 49100323923, 383602047, 49099264851, 12275812827]] [87701010656, [24700987, 98803948, 1580863168, 12489964, 1563594432, 390767163]]
Model_cost: [27950109818.0, [57605.0, 80564801, 1288904952, 20150465, 49400505, 771938]] [5534027166.0, [124719.0, 10223727, 163578660, 164463, 77870628, 1216827]] [304632640.0, [105.0, 390450, 6247200, 13170, 6247200, 104020]] [5092782972.0, [39856.0, 6635394, 106002464, 38794, 103509152, 1641658]] [1654399936.0, [11286.0, 4343302, 69427248, 1239430, 7767792, 121433]] [423337575678.0, [21519.0, 767215743, 12275433555, 10680855, 6137123727, 95892711]] [1697801832.0, [3237.0, 2983404, 47652928, 335060, 25506688, 398587]]
Arch_Param: [32, 1024, 1024, 4, 256, 128]
Samsung_cost: [91092523314.0, [25601321.0, 102405697, 1638358008, 2031681, 1632619704, 408601953]] [35565777486, [9891951, 39567471, 633078564, 629871, 631702308, 170265711]] [2976721780, [834580, 3338290, 53412640, 105010, 53412640, 13352980]] [48525666676, [13613608, 54454402, 871270432, 309442, 871270432, 217817128]] [3923206124, [1100550, 4402182, 70434864, 39302, 70434864, 17608710]] [2735204984526, [767192703, 3068770335, 49100323923, 42720639, 49099264851, 12275812827]] [87471378528, [24700987, 98803948, 1580863168, 2052140, 1563594432, 390767163]]
Model_cost: [27950109818.0, [57605.0, 80564801, 1288904952, 20150465, 49400505, 771938]] [5534027166.0, [124719.0, 10223727, 163578660, 164463, 77870628, 1216827]] [304632640.0, [105.0, 390450, 6247200, 13170, 6247200, 104020]] [5092782972.0, [39856.0, 6635394, 106002464, 38794, 103509152, 1641658]] [1634079680.0, [11286.0, 4343302, 69427248, 315782, 7767792, 121433]] [423337575678.0, [21519.0, 767215743, 12275433555, 10680855, 6137123727, 95892711]] [1695219560.0, [3237.0, 2983404, 47652928, 217684, 25506688, 398587]]
Arch_Param: [32, 1024, 1024, 4, 256, 256]
Samsung_cost: [91092523314.0, [25601321.0, 102405697, 1638358008, 2031681, 1632619704, 408601953]] [35565777486, [9891951, 39567471, 633078564, 629871, 631702308, 170265711]] [2976721780, [834580, 3338290, 53412640, 105010, 53412640, 13352980]] [48525666676, [13613608, 54454402, 871270432, 309442, 871270432, 217817128]] [3923206124, [1100550, 4402182, 70434864, 39302, 70434864, 17608710]] [2735204984526, [767192703, 3068770335, 49100323923, 42720639, 49099264851, 12275812827]] [87471378528, [24700987, 98803948, 1580863168, 2052140, 1563594432, 390767163]]
Model_cost: [27950109818.0, [57605.0, 80564801, 1288904952, 20150465, 49400505, 771938]] [5534027166.0, [124719.0, 10223727, 163578660, 164463, 77870628, 1216827]] [304632640.0, [105.0, 390450, 6247200, 13170, 6247200, 104020]] [5092782972.0, [39856.0, 6635394, 106002464, 38794, 103509152, 1641658]] [1634079680.0, [11286.0, 4343302, 69427248, 315782, 7767792, 121433]] [423337575678.0, [21519.0, 767215743, 12275433555, 10680855, 6137123727, 95892711]] [1695219560.0, [3237.0, 2983404, 47652928, 217684, 25506688, 398587]]
Arch_Param: [32, 1024, 1024, 4, 512, 64]
Samsung_cost: [91125900864.0, [25601321.0, 51203108, 1638358008, 12858404, 1632619704, 408601953]] [35580854862, [9891951, 19783791, 633078564, 4912239, 631702308, 170265711]] [2976915820, [834580, 1669150, 53412640, 417310, 53412640, 13352980]] [48559700956, [13613608, 27227206, 871270432, 6806854, 871270432, 217817128]] [3925643244, [1100550, 2201094, 70434864, 550278, 70434864, 17608710]] [2736566835150, [767192703, 1534385247, 49100323923, 383602047, 49099264851, 12275812827]] [87503400164, [24700987, 49401974, 1580863168, 12489846, 1563594432, 390767163]]
Model_cost: [27788980616.0, [57605.0, 40282660, 1288904952, 20150436, 49400505, 771938]] [5513579934.0, [124719.0, 5111919, 163578660, 164463, 77870628, 1216827]] [303851320.0, [105.0, 195230, 6247200, 13150, 6247200, 104020]] [5079551844.0, [39856.0, 3327942, 106002464, 38734, 103509152, 1641658]] [1643567040.0, [11286.0, 2175750, 69427248, 1141126, 7767792, 121433]] [421803147582.0, [21519.0, 383608719, 12275433555, 10680855, 6137123727, 95892711]] [1691142508.0, [3237.0, 1491702, 47652928, 303582, 25506688, 398587]]
Arch_Param: [32, 1024, 1024, 4, 512, 128]
Samsung_cost: [90887712320.0, [25601321.0, 51203108, 1638358008, 2031652, 1632619704, 408601953]] [35486642766, [9891951, 19783791, 633078564, 629871, 631702308, 170265711]] [2970044780, [834580, 1669150, 53412640, 104990, 53412640, 13352980]] [48416756572, [13613608, 27227206, 871270432, 309382, 871270432, 217817128]] [3914401772, [1100550, 2201094, 70434864, 39302, 70434864, 17608710]] [2729067444174, [767192703, 1534385247, 49100323923, 42720639, 49099264851, 12275812827]] [87273768036, [24700987, 49401974, 1580863168, 2052022, 1563594432, 390767163]]
Model_cost: [27788980616.0, [57605.0, 40282660, 1288904952, 20150436, 49400505, 771938]] [5513579934.0, [124719.0, 5111919, 163578660, 164463, 77870628, 1216827]] [303851320.0, [105.0, 195230, 6247200, 13150, 6247200, 104020]] [5079551844.0, [39856.0, 3327942, 106002464, 38734, 103509152, 1641658]] [1623246784.0, [11286.0, 2175750, 69427248, 217478, 7767792, 121433]] [421803147582.0, [21519.0, 383608719, 12275433555, 10680855, 6137123727, 95892711]] [1688560236.0, [3237.0, 1491702, 47652928, 186206, 25506688, 398587]]
Arch_Param: [32, 1024, 1024, 4, 512, 256]
Samsung_cost: [90887712320.0, [25601321.0, 51203108, 1638358008, 2031652, 1632619704, 408601953]] [35486642766, [9891951, 19783791, 633078564, 629871, 631702308, 170265711]] [2970044780, [834580, 1669150, 53412640, 104990, 53412640, 13352980]] [48416756572, [13613608, 27227206, 871270432, 309382, 871270432, 217817128]] [3914401772, [1100550, 2201094, 70434864, 39302, 70434864, 17608710]] [2729067444174, [767192703, 1534385247, 49100323923, 42720639, 49099264851, 12275812827]] [87273768036, [24700987, 49401974, 1580863168, 2052022, 1563594432, 390767163]]
Model_cost: [27788980616.0, [57605.0, 40282660, 1288904952, 20150436, 49400505, 771938]] [5513579934.0, [124719.0, 5111919, 163578660, 164463, 77870628, 1216827]] [303851320.0, [105.0, 195230, 6247200, 13150, 6247200, 104020]] [5079551844.0, [39856.0, 3327942, 106002464, 38734, 103509152, 1641658]] [1623246784.0, [11286.0, 2175750, 69427248, 217478, 7767792, 121433]] [421803147582.0, [21519.0, 383608719, 12275433555, 10680855, 6137123727, 95892711]] [1688560236.0, [3237.0, 1491702, 47652928, 186206, 25506688, 398587]]
Arch_Param: [32, 1024, 1024, 4, 512, 512]
Samsung_cost: [90887712320.0, [25601321.0, 51203108, 1638358008, 2031652, 1632619704, 408601953]] [35486642766, [9891951, 19783791, 633078564, 629871, 631702308, 170265711]] [2970044780, [834580, 1669150, 53412640, 104990, 53412640, 13352980]] [48416756572, [13613608, 27227206, 871270432, 309382, 871270432, 217817128]] [3914401772, [1100550, 2201094, 70434864, 39302, 70434864, 17608710]] [2729067444174, [767192703, 1534385247, 49100323923, 42720639, 49099264851, 12275812827]] [87273768036, [24700987, 49401974, 1580863168, 2052022, 1563594432, 390767163]]
Model_cost: [27400390216.0, [57605.0, 40282660, 1288904952, 2487236, 49400505, 771938]] [5513579934.0, [124719.0, 5111919, 163578660, 164463, 77870628, 1216827]] [303851320.0, [105.0, 195230, 6247200, 13150, 6247200, 104020]] [5079551844.0, [39856.0, 3327942, 106002464, 38734, 103509152, 1641658]] [1621877440.0, [11286.0, 2175750, 69427248, 57734, 7843056, 122777]] [421803147582.0, [21519.0, 383608719, 12275433555, 10680855, 6137123727, 95892711]] [1687293036.0, [3237.0, 1491702, 47652928, 128606, 25506688, 398587]]
Arch_Param: [32, 1024, 1024, 4, 1024, 64]
Samsung_cost: [91023545842.0, [25601321.0, 25614369, 1638358008, 12858401, 1632619704, 408601953]] [35541287502, [9891951, 9891951, 633078564, 4912239, 631702308, 170265711]] [2973577320, [834580, 834580, 53412640, 417300, 53412640, 13352980]] [48505245904, [13613608, 13613608, 871270432, 6806824, 871270432, 217817128]] [3921241068, [1100550, 1100550, 70434864, 550278, 70434864, 17608710]] [2733498064974, [767192703, 767192703, 49100323923, 383602047, 49099264851, 12275812827]] [87404594918, [24700987, 24700987, 1580863168, 12489787, 1563594432, 390767163]]
Model_cost: [27708465978.0, [57605.0, 20154017, 1288904952, 20150433, 49400505, 771938]] [5503356318.0, [124719.0, 2556015, 163578660, 164463, 77870628, 1216827]] [303486260.0, [105.0, 104020, 6247200, 13140, 6247200, 104020]] [5072961880.0, [39856.0, 1680616, 106002464, 38704, 103509152, 1641658]] [1638150592.0, [11286.0, 1091974, 69427248, 1091974, 7767792, 121433]] [421035933534.0, [21519.0, 191805207, 12275433555, 10680855, 6137123727, 95892711]] [1687894382.0, [3237.0, 748987, 47652928, 290979, 25506688, 398587]]
Arch_Param: [32, 1024, 1024, 4, 1024, 128]
Samsung_cost: [90785357298.0, [25601321.0, 25614369, 1638358008, 2031649, 1632619704, 408601953]] [35447075406, [9891951, 9891951, 633078564, 629871, 631702308, 170265711]] [2966706280, [834580, 834580, 53412640, 104980, 53412640, 13352980]] [48362301520, [13613608, 13613608, 871270432, 309352, 871270432, 217817128]] [3909999596, [1100550, 1100550, 70434864, 39302, 70434864, 17608710]] [2725998673998, [767192703, 767192703, 49100323923, 42720639, 49099264851, 12275812827]] [87174962790, [24700987, 24700987, 1580863168, 2051963, 1563594432, 390767163]]
Model_cost: [27708465978.0, [57605.0, 20154017, 1288904952, 20150433, 49400505, 771938]] [5503356318.0, [124719.0, 2556015, 163578660, 164463, 77870628, 1216827]] [303486260.0, [105.0, 104020, 6247200, 13140, 6247200, 104020]] [5072961880.0, [39856.0, 1680616, 106002464, 38704, 103509152, 1641658]] [1617830336.0, [11286.0, 1091974, 69427248, 168326, 7767792, 121433]] [421035933534.0, [21519.0, 191805207, 12275433555, 10680855, 6137123727, 95892711]] [1685312110.0, [3237.0, 748987, 47652928, 173603, 25506688, 398587]]
Arch_Param: [32, 1024, 1024, 4, 1024, 256]
Samsung_cost: [90785357298.0, [25601321.0, 25614369, 1638358008, 2031649, 1632619704, 408601953]] [35447075406, [9891951, 9891951, 633078564, 629871, 631702308, 170265711]] [2966706280, [834580, 834580, 53412640, 104980, 53412640, 13352980]] [48362301520, [13613608, 13613608, 871270432, 309352, 871270432, 217817128]] [3909999596, [1100550, 1100550, 70434864, 39302, 70434864, 17608710]] [2725998673998, [767192703, 767192703, 49100323923, 42720639, 49099264851, 12275812827]] [87174962790, [24700987, 24700987, 1580863168, 2051963, 1563594432, 390767163]]
Model_cost: [27708465978.0, [57605.0, 20154017, 1288904952, 20150433, 49400505, 771938]] [5503356318.0, [124719.0, 2556015, 163578660, 164463, 77870628, 1216827]] [303486260.0, [105.0, 104020, 6247200, 13140, 6247200, 104020]] [5072961880.0, [39856.0, 1680616, 106002464, 38704, 103509152, 1641658]] [1617830336.0, [11286.0, 1091974, 69427248, 168326, 7767792, 121433]] [421035933534.0, [21519.0, 191805207, 12275433555, 10680855, 6137123727, 95892711]] [1685312110.0, [3237.0, 748987, 47652928, 173603, 25506688, 398587]]
Arch_Param: [32, 1024, 1024, 4, 1024, 512]
Samsung_cost: [90785357298.0, [25601321.0, 25614369, 1638358008, 2031649, 1632619704, 408601953]] [35447075406, [9891951, 9891951, 633078564, 629871, 631702308, 170265711]] [2966706280, [834580, 834580, 53412640, 104980, 53412640, 13352980]] [48362301520, [13613608, 13613608, 871270432, 309352, 871270432, 217817128]] [3909999596, [1100550, 1100550, 70434864, 39302, 70434864, 17608710]] [2725998673998, [767192703, 767192703, 49100323923, 42720639, 49099264851, 12275812827]] [87174962790, [24700987, 24700987, 1580863168, 2051963, 1563594432, 390767163]]
Model_cost: [27319875578.0, [57605.0, 20154017, 1288904952, 2487233, 49400505, 771938]] [5503356318.0, [124719.0, 2556015, 163578660, 164463, 77870628, 1216827]] [303486260.0, [105.0, 104020, 6247200, 13140, 6247200, 104020]] [5072961880.0, [39856.0, 1680616, 106002464, 38704, 103509152, 1641658]] [1616478656.0, [11286.0, 1091974, 69427248, 106886, 7767792, 121433]] [421035933534.0, [21519.0, 191805207, 12275433555, 10680855, 6137123727, 95892711]] [1684044910.0, [3237.0, 748987, 47652928, 116003, 25506688, 398587]]
Arch_Param: [32, 1024, 1024, 8, 256, 64]
Samsung_cost: [45762851122.0, [12827945.0, 51312193, 820923384, 6444097, 817876152, 204916065]] [35659989582, [9891951, 39567471, 633078564, 4912239, 631702308, 170265711]] [2983592820, [834580, 3338290, 53412640, 417330, 53412640, 13352980]] [48668611060, [13613608, 54454402, 871270432, 6806914, 871270432, 217817128]] [3665836396, [1025414, 4101638, 65626160, 512710, 65626160, 16406534]] [2742704375502, [767192703, 3068770335, 49100323923, 383602047, 49099264851, 12275812827]] [85814950112, [24086587, 96346348, 1541541568, 12113132, 1533185728, 383164987]]
Model_cost: [15182241226.0, [29745.0, 41814593, 668963704, 10456705, 49400505, 771938]] [3947562270.0, [117711.0, 5333103, 85328676, 86895, 77870628, 1216827]] [304632640.0, [105.0, 390450, 6247200, 13170, 6247200, 104020]] [5092782972.0, [39856.0, 6635394, 106002464, 38794, 103509152, 1641658]] [927489632.0, [5646.0, 2171654, 34713648, 157894, 7767792, 121433]] [298937153526.0, [15831.0, 383626383, 6138012243, 5340891, 6137123727, 95892711]] [1393021596.0, [1904.0, 2055020, 32839552, 118612, 25506688, 398587]]
Arch_Param: [32, 1024, 1024, 8, 256, 128]
Samsung_cost: [45643599154.0, [12827945.0, 51312193, 820923384, 1023553, 817876152, 204916065]] [35565777486, [9891951, 39567471, 633078564, 629871, 631702308, 170265711]] [2976721780, [834580, 3338290, 53412640, 105010, 53412640, 13352980]] [48525666676, [13613608, 54454402, 871270432, 309442, 871270432, 217817128]] [3655282028, [1025414, 4101638, 65626160, 32966, 65626160, 16406534]] [2735204984526, [767192703, 3068770335, 49100323923, 42720639, 49099264851, 12275812827]] [85588742240, [24086587, 96346348, 1541541568, 1830956, 1533185728, 383164987]]
Model_cost: [15182241226.0, [29745.0, 41814593, 668963704, 10456705, 49400505, 771938]] [3947562270.0, [117711.0, 5333103, 85328676, 86895, 77870628, 1216827]] [304632640.0, [105.0, 390450, 6247200, 13170, 6247200, 104020]] [5092782972.0, [39856.0, 6635394, 106002464, 38794, 103509152, 1641658]] [927489632.0, [5646.0, 2171654, 34713648, 157894, 7767792, 121433]] [298937153526.0, [15831.0, 383626383, 6138012243, 5340891, 6137123727, 95892711]] [1393021596.0, [1904.0, 2055020, 32839552, 118612, 25506688, 398587]]
Arch_Param: [32, 1024, 1024, 8, 256, 256]
Samsung_cost: [45643599154.0, [12827945.0, 51312193, 820923384, 1023553, 817876152, 204916065]] [35565777486, [9891951, 39567471, 633078564, 629871, 631702308, 170265711]] [2976721780, [834580, 3338290, 53412640, 105010, 53412640, 13352980]] [48525666676, [13613608, 54454402, 871270432, 309442, 871270432, 217817128]] [3655282028, [1025414, 4101638, 65626160, 32966, 65626160, 16406534]] [2735204984526, [767192703, 3068770335, 49100323923, 42720639, 49099264851, 12275812827]] [85588742240, [24086587, 96346348, 1541541568, 1830956, 1533185728, 383164987]]
Model_cost: [14980174218.0, [29745.0, 41814593, 668963704, 1271841, 49400505, 771938]] [3947562270.0, [117711.0, 5333103, 85328676, 86895, 77870628, 1216827]] [304632640.0, [105.0, 390450, 6247200, 13170, 6247200, 104020]] [5092782972.0, [39856.0, 6635394, 106002464, 38794, 103509152, 1641658]] [926796128.0, [5646.0, 2171654, 34713648, 28870, 7843056, 122777]] [298937153526.0, [15831.0, 383626383, 6138012243, 5340891, 6137123727, 95892711]] [1392362652.0, [1904.0, 2055020, 32839552, 88660, 25506688, 398587]]
Arch_Param: [32, 1024, 1024, 8, 512, 64]
Samsung_cost: [45660227136.0, [12827945.0, 25656356, 820923384, 6444068, 817876152, 204916065]] [35580854862, [9891951, 19783791, 633078564, 4912239, 631702308, 170265711]] [2976915820, [834580, 1669150, 53412640, 417310, 53412640, 13352980]] [48559700956, [13613608, 27227206, 871270432, 6806854, 871270432, 217817128]] [3657633132, [1025414, 2050822, 65626160, 512710, 65626160, 16406534]] [2736566835150, [767192703, 1534385247, 49100323923, 383602047, 49099264851, 12275812827]] [85622254820, [24086587, 48173174, 1541541568, 12113014, 1533185728, 383164987]]
Model_cost: [15098612440.0, [29745.0, 20907556, 668963704, 10456676, 49400505, 771938]] [3936896286.0, [117711.0, 2666607, 85328676, 86895, 77870628, 1216827]] [303851320.0, [105.0, 195230, 6247200, 13150, 6247200, 104020]] [5079551844.0, [39856.0, 3327942, 106002464, 38734, 103509152, 1641658]] [922073184.0, [5646.0, 1087878, 34713648, 108742, 7767792, 121433]] [298169902614.0, [15831.0, 191813655, 6138012243, 5340891, 6137123727, 95892711]] [1388564000.0, [1904.0, 1027510, 32839552, 102814, 25506688, 398587]]
Arch_Param: [32, 1024, 1024, 8, 512, 128]
Samsung_cost: [45540975168.0, [12827945.0, 25656356, 820923384, 1023524, 817876152, 204916065]] [35486642766, [9891951, 19783791, 633078564, 629871, 631702308, 170265711]] [2970044780, [834580, 1669150, 53412640, 104990, 53412640, 13352980]] [48416756572, [13613608, 27227206, 871270432, 309382, 871270432, 217817128]] [3647078764, [1025414, 2050822, 65626160, 32966, 65626160, 16406534]] [2729067444174, [767192703, 1534385247, 49100323923, 42720639, 49099264851, 12275812827]] [85396046948, [24086587, 48173174, 1541541568, 1830838, 1533185728, 383164987]]
Model_cost: [15098612440.0, [29745.0, 20907556, 668963704, 10456676, 49400505, 771938]] [3936896286.0, [117711.0, 2666607, 85328676, 86895, 77870628, 1216827]] [303851320.0, [105.0, 195230, 6247200, 13150, 6247200, 104020]] [5079551844.0, [39856.0, 3327942, 106002464, 38734, 103509152, 1641658]] [922073184.0, [5646.0, 1087878, 34713648, 108742, 7767792, 121433]] [298169902614.0, [15831.0, 191813655, 6138012243, 5340891, 6137123727, 95892711]] [1388564000.0, [1904.0, 1027510, 32839552, 102814, 25506688, 398587]]
Arch_Param: [32, 1024, 1024, 8, 512, 256]
Samsung_cost: [45540975168.0, [12827945.0, 25656356, 820923384, 1023524, 817876152, 204916065]] [35486642766, [9891951, 19783791, 633078564, 629871, 631702308, 170265711]] [2970044780, [834580, 1669150, 53412640, 104990, 53412640, 13352980]] [48416756572, [13613608, 27227206, 871270432, 309382, 871270432, 217817128]] [3647078764, [1025414, 2050822, 65626160, 32966, 65626160, 16406534]] [2729067444174, [767192703, 1534385247, 49100323923, 42720639, 49099264851, 12275812827]] [85396046948, [24086587, 48173174, 1541541568, 1830838, 1533185728, 383164987]]
Model_cost: [14896545432.0, [29745.0, 20907556, 668963704, 1271812, 49400505, 771938]] [3936896286.0, [117711.0, 2666607, 85328676, 86895, 77870628, 1216827]] [303851320.0, [105.0, 195230, 6247200, 13150, 6247200, 104020]] [5079551844.0, [39856.0, 3327942, 106002464, 38734, 103509152, 1641658]] [921397344.0, [5646.0, 1087878, 34713648, 78022, 7767792, 121433]] [298169902614.0, [15831.0, 191813655, 6138012243, 5340891, 6137123727, 95892711]] [1387905056.0, [1904.0, 1027510, 32839552, 72862, 25506688, 398587]]
Arch_Param: [32, 1024, 1024, 8, 512, 512]
Samsung_cost: [45540975168.0, [12827945.0, 25656356, 820923384, 1023524, 817876152, 204916065]] [35486642766, [9891951, 19783791, 633078564, 629871, 631702308, 170265711]] [2970044780, [834580, 1669150, 53412640, 104990, 53412640, 13352980]] [48416756572, [13613608, 27227206, 871270432, 309382, 871270432, 217817128]] [3647078764, [1025414, 2050822, 65626160, 32966, 65626160, 16406534]] [2729067444174, [767192703, 1534385247, 49100323923, 42720639, 49099264851, 12275812827]] [85396046948, [24086587, 48173174, 1541541568, 1830838, 1533185728, 383164987]]
Model_cost: [14896545432.0, [29745.0, 20907556, 668963704, 1271812, 49400505, 771938]] [3936896286.0, [117711.0, 2666607, 85328676, 86895, 77870628, 1216827]] [303851320.0, [105.0, 195230, 6247200, 13150, 6247200, 104020]] [5079551844.0, [39856.0, 3327942, 106002464, 38734, 103509152, 1641658]] [921031008.0, [5646.0, 1087878, 34713648, 28870, 7792880, 121881]] [298169902614.0, [15831.0, 191813655, 6138012243, 5340891, 6137123727, 95892711]] [1387905056.0, [1904.0, 1027510, 32839552, 72862, 25506688, 398587]]
Arch_Param: [32, 1024, 1024, 8, 1024, 64]
Samsung_cost: [45608941042.0, [12827945.0, 12834849, 820923384, 6444065, 817876152, 204916065]] [35541287502, [9891951, 9891951, 633078564, 4912239, 631702308, 170265711]] [2973577320, [834580, 834580, 53412640, 417300, 53412640, 13352980]] [48505245904, [13613608, 13613608, 871270432, 6806824, 871270432, 217817128]] [3653531500, [1025414, 1025414, 65626160, 512710, 65626160, 16406534]] [2733498064974, [767192703, 767192703, 49100323923, 383602047, 49099264851, 12275812827]] [85525907174, [24086587, 24086587, 1541541568, 12112955, 1533185728, 383164987]]
Model_cost: [15056823178.0, [29745.0, 10460257, 668963704, 10456673, 49400505, 771938]] [3931563294.0, [117711.0, 1333359, 85328676, 86895, 77870628, 1216827]] [303486260.0, [105.0, 104020, 6247200, 13140, 6247200, 104020]] [5072961880.0, [39856.0, 1680616, 106002464, 38704, 103509152, 1641658]] [919364960.0, [5646.0, 545990, 34713648, 84166, 7767792, 121433]] [297786277158.0, [15831.0, 95907291, 6138012243, 5340891, 6137123727, 95892711]] [1386375970.0, [1904.0, 515323, 32839552, 96483, 25506688, 398587]]
Arch_Param: [32, 1024, 1024, 8, 1024, 128]
Samsung_cost: [45489689074.0, [12827945.0, 12834849, 820923384, 1023521, 817876152, 204916065]] [35447075406, [9891951, 9891951, 633078564, 629871, 631702308, 170265711]] [2966706280, [834580, 834580, 53412640, 104980, 53412640, 13352980]] [48362301520, [13613608, 13613608, 871270432, 309352, 871270432, 217817128]] [3642977132, [1025414, 1025414, 65626160, 32966, 65626160, 16406534]] [2725998673998, [767192703, 767192703, 49100323923, 42720639, 49099264851, 12275812827]] [85299699302, [24086587, 24086587, 1541541568, 1830779, 1533185728, 383164987]]
Model_cost: [15056823178.0, [29745.0, 10460257, 668963704, 10456673, 49400505, 771938]] [3931563294.0, [117711.0, 1333359, 85328676, 86895, 77870628, 1216827]] [303486260.0, [105.0, 104020, 6247200, 13140, 6247200, 104020]] [5072961880.0, [39856.0, 1680616, 106002464, 38704, 103509152, 1641658]] [919364960.0, [5646.0, 545990, 34713648, 84166, 7767792, 121433]] [297786277158.0, [15831.0, 95907291, 6138012243, 5340891, 6137123727, 95892711]] [1386375970.0, [1904.0, 515323, 32839552, 96483, 25506688, 398587]]
Arch_Param: [32, 1024, 1024, 8, 1024, 256]
Samsung_cost: [45489689074.0, [12827945.0, 12834849, 820923384, 1023521, 817876152, 204916065]] [35447075406, [9891951, 9891951, 633078564, 629871, 631702308, 170265711]] [2966706280, [834580, 834580, 53412640, 104980, 53412640, 13352980]] [48362301520, [13613608, 13613608, 871270432, 309352, 871270432, 217817128]] [3642977132, [1025414, 1025414, 65626160, 32966, 65626160, 16406534]] [2725998673998, [767192703, 767192703, 49100323923, 42720639, 49099264851, 12275812827]] [85299699302, [24086587, 24086587, 1541541568, 1830779, 1533185728, 383164987]]
Model_cost: [14854756170.0, [29745.0, 10460257, 668963704, 1271809, 49400505, 771938]] [3931563294.0, [117711.0, 1333359, 85328676, 86895, 77870628, 1216827]] [303486260.0, [105.0, 104020, 6247200, 13140, 6247200, 104020]] [5072961880.0, [39856.0, 1680616, 106002464, 38704, 103509152, 1641658]] [918689120.0, [5646.0, 545990, 34713648, 53446, 7767792, 121433]] [297786277158.0, [15831.0, 95907291, 6138012243, 5340891, 6137123727, 95892711]] [1385717026.0, [1904.0, 515323, 32839552, 66531, 25506688, 398587]]
Arch_Param: [32, 1024, 1024, 8, 1024, 512]
Samsung_cost: [45489689074.0, [12827945.0, 12834849, 820923384, 1023521, 817876152, 204916065]] [35447075406, [9891951, 9891951, 633078564, 629871, 631702308, 170265711]] [2966706280, [834580, 834580, 53412640, 104980, 53412640, 13352980]] [48362301520, [13613608, 13613608, 871270432, 309352, 871270432, 217817128]] [3642977132, [1025414, 1025414, 65626160, 32966, 65626160, 16406534]] [2725998673998, [767192703, 767192703, 49100323923, 42720639, 49099264851, 12275812827]] [85299699302, [24086587, 24086587, 1541541568, 1830779, 1533185728, 383164987]]
Model_cost: [14854756170.0, [29745.0, 10460257, 668963704, 1271809, 49400505, 771938]] [3931563294.0, [117711.0, 1333359, 85328676, 86895, 77870628, 1216827]] [303486260.0, [105.0, 104020, 6247200, 13140, 6247200, 104020]] [5072961880.0, [39856.0, 1680616, 106002464, 38704, 103509152, 1641658]] [918689120.0, [5646.0, 545990, 34713648, 53446, 7767792, 121433]] [297786277158.0, [15831.0, 95907291, 6138012243, 5340891, 6137123727, 95892711]] [1385717026.0, [1904.0, 515323, 32839552, 66531, 25506688, 398587]]
Arch_Param: [32, 1024, 1024, 16, 256, 64]
Samsung_cost: [22978920754.0, [6441257.0, 25765441, 412206072, 3236929, 410504376, 103073121]] [35659989582, [9891951, 39567471, 633078564, 4912239, 631702308, 170265711]] [2983592820, [834580, 3338290, 53412640, 417330, 53412640, 13352980]] [48668611060, [13613608, 54454402, 871270432, 6806914, 871270432, 217817128]] [3531530796, [987846, 3951366, 63221808, 493926, 63221808, 15805446]] [2742704375502, [767192703, 3068770335, 49100323923, 383602047, 49099264851, 12275812827]] [84871919840, [23779387, 95117548, 1521880768, 11924716, 1517981376, 379363899]]
Model_cost: [8801049014.0, [15838.0, 22447809, 359126200, 5611905, 49400505, 771938]] [3947562270.0, [117711.0, 5333103, 85328676, 86895, 77870628, 1216827]] [304632640.0, [105.0, 390450, 6247200, 13170, 6247200, 104020]] [5092782972.0, [39856.0, 6635394, 106002464, 38794, 103509152, 1641658]] [574194608.0, [2826.0, 1085830, 17356848, 78950, 7767792, 121433]] [298937153526.0, [15831.0, 383626383, 6138012243, 5340891, 6137123727, 95892711]] [1304476760.0, [1353.0, 1783660, 28517760, 72788, 25506688, 398587]]
Arch_Param: [32, 1024, 1024, 16, 256, 128]
Samsung_cost: [22919137074.0, [6441257.0, 25765441, 412206072, 519489, 410504376, 103073121]] [35565777486, [9891951, 39567471, 633078564, 629871, 631702308, 170265711]] [2976721780, [834580, 3338290, 53412640, 105010, 53412640, 13352980]] [48525666676, [13613608, 54454402, 871270432, 309442, 871270432, 217817128]] [3521319980, [987846, 3951366, 63221808, 29798, 63221808, 15805446]] [2735204984526, [767192703, 3068770335, 49100323923, 42720639, 49099264851, 12275812827]] [84647424096, [23779387, 95117548, 1521880768, 1720364, 1517981376, 379363899]]
Model_cost: [8692243702.0, [15838.0, 22447809, 359126200, 666209, 49400505, 771938]] [3947562270.0, [117711.0, 5333103, 85328676, 86895, 77870628, 1216827]] [304632640.0, [105.0, 390450, 6247200, 13170, 6247200, 104020]] [5092782972.0, [39856.0, 6635394, 106002464, 38794, 103509152, 1641658]] [573856688.0, [2826.0, 1085830, 17356848, 63590, 7767792, 121433]] [298937153526.0, [15831.0, 383626383, 6138012243, 5340891, 6137123727, 95892711]] [1304121944.0, [1353.0, 1783660, 28517760, 56660, 25506688, 398587]]
Arch_Param: [32, 1024, 1024, 16, 256, 256]
Samsung_cost: [22919137074.0, [6441257.0, 25765441, 412206072, 519489, 410504376, 103073121]] [35565777486, [9891951, 39567471, 633078564, 629871, 631702308, 170265711]] [2976721780, [834580, 3338290, 53412640, 105010, 53412640, 13352980]] [48525666676, [13613608, 54454402, 871270432, 309442, 871270432, 217817128]] [3521319980, [987846, 3951366, 63221808, 29798, 63221808, 15805446]] [2735204984526, [767192703, 3068770335, 49100323923, 42720639, 49099264851, 12275812827]] [84647424096, [23779387, 95117548, 1521880768, 1720364, 1517981376, 379363899]]
Model_cost: [8692243702.0, [15838.0, 22447809, 359126200, 666209, 49400505, 771938]] [3947562270.0, [117711.0, 5333103, 85328676, 86895, 77870628, 1216827]] [304632640.0, [105.0, 390450, 6247200, 13170, 6247200, 104020]] [5092782972.0, [39856.0, 6635394, 106002464, 38794, 103509152, 1641658]] [573490352.0, [2826.0, 1085830, 17356848, 14438, 7792880, 121881]] [298937153526.0, [15831.0, 383626383, 6138012243, 5340891, 6137123727, 95892711]] [1304121944.0, [1353.0, 1783660, 28517760, 56660, 25506688, 398587]]
Arch_Param: [32, 1024, 1024, 16, 512, 64]
Samsung_cost: [22927390272.0, [6441257.0, 12882980, 412206072, 3236900, 410504376, 103073121]] [35580854862, [9891951, 19783791, 633078564, 4912239, 631702308, 170265711]] [2976915820, [834580, 1669150, 53412640, 417310, 53412640, 13352980]] [48559700956, [13613608, 27227206, 871270432, 6806854, 871270432, 217817128]] [3523628076, [987846, 1975686, 63221808, 493926, 63221808, 15805446]] [2736566835150, [767192703, 1534385247, 49100323923, 383602047, 49099264851, 12275812827]] [84681682148, [23779387, 47558774, 1521880768, 11924598, 1517981376, 379363899]]
Model_cost: [8756153796.0, [15838.0, 11224164, 359126200, 5611876, 49400505, 771938]] [3936896286.0, [117711.0, 2666607, 85328676, 86895, 77870628, 1216827]] [303851320.0, [105.0, 195230, 6247200, 13150, 6247200, 104020]] [5079551844.0, [39856.0, 3327942, 106002464, 38734, 103509152, 1641658]] [571486384.0, [2826.0, 543942, 17356848, 54374, 7767792, 121433]] [298169902614.0, [15831.0, 191813655, 6138012243, 5340891, 6137123727, 95892711]] [1300730844.0, [1353.0, 891830, 28517760, 64670, 25506688, 398587]]
Arch_Param: [32, 1024, 1024, 16, 512, 128]
Samsung_cost: [22867606592.0, [6441257.0, 12882980, 412206072, 519460, 410504376, 103073121]] [35486642766, [9891951, 19783791, 633078564, 629871, 631702308, 170265711]] [2970044780, [834580, 1669150, 53412640, 104990, 53412640, 13352980]] [48416756572, [13613608, 27227206, 871270432, 309382, 871270432, 217817128]] [3513417260, [987846, 1975686, 63221808, 29798, 63221808, 15805446]] [2729067444174, [767192703, 1534385247, 49100323923, 42720639, 49099264851, 12275812827]] [84457186404, [23779387, 47558774, 1521880768, 1720246, 1517981376, 379363899]]
Model_cost: [8647348484.0, [15838.0, 11224164, 359126200, 666180, 49400505, 771938]] [3936896286.0, [117711.0, 2666607, 85328676, 86895, 77870628, 1216827]] [303851320.0, [105.0, 195230, 6247200, 13150, 6247200, 104020]] [5079551844.0, [39856.0, 3327942, 106002464, 38734, 103509152, 1641658]] [571148464.0, [2826.0, 543942, 17356848, 39014, 7767792, 121433]] [298169902614.0, [15831.0, 191813655, 6138012243, 5340891, 6137123727, 95892711]] [1300376028.0, [1353.0, 891830, 28517760, 48542, 25506688, 398587]]
Arch_Param: [32, 1024, 1024, 16, 512, 256]
Samsung_cost: [22867606592.0, [6441257.0, 12882980, 412206072, 519460, 410504376, 103073121]] [35486642766, [9891951, 19783791, 633078564, 629871, 631702308, 170265711]] [2970044780, [834580, 1669150, 53412640, 104990, 53412640, 13352980]] [48416756572, [13613608, 27227206, 871270432, 309382, 871270432, 217817128]] [3513417260, [987846, 1975686, 63221808, 29798, 63221808, 15805446]] [2729067444174, [767192703, 1534385247, 49100323923, 42720639, 49099264851, 12275812827]] [84457186404, [23779387, 47558774, 1521880768, 1720246, 1517981376, 379363899]]
Model_cost: [8647348484.0, [15838.0, 11224164, 359126200, 666180, 49400505, 771938]] [3936896286.0, [117711.0, 2666607, 85328676, 86895, 77870628, 1216827]] [303851320.0, [105.0, 195230, 6247200, 13150, 6247200, 104020]] [5079551844.0, [39856.0, 3327942, 106002464, 38734, 103509152, 1641658]] [571148464.0, [2826.0, 543942, 17356848, 39014, 7767792, 121433]] [298169902614.0, [15831.0, 191813655, 6138012243, 5340891, 6137123727, 95892711]] [1300376028.0, [1353.0, 891830, 28517760, 48542, 25506688, 398587]]
Arch_Param: [32, 1024, 1024, 16, 512, 512]
Samsung_cost: [22867606592.0, [6441257.0, 12882980, 412206072, 519460, 410504376, 103073121]] [35486642766, [9891951, 19783791, 633078564, 629871, 631702308, 170265711]] [2970044780, [834580, 1669150, 53412640, 104990, 53412640, 13352980]] [48416756572, [13613608, 27227206, 871270432, 309382, 871270432, 217817128]] [3513417260, [987846, 1975686, 63221808, 29798, 63221808, 15805446]] [2729067444174, [767192703, 1534385247, 49100323923, 42720639, 49099264851, 12275812827]] [84457186404, [23779387, 47558774, 1521880768, 1720246, 1517981376, 379363899]]
Model_cost: [8645905284.0, [15838.0, 11224164, 359126200, 600580, 49400505, 771938]] [3936896286.0, [117711.0, 2666607, 85328676, 86895, 77870628, 1216827]] [303851320.0, [105.0, 195230, 6247200, 13150, 6247200, 104020]] [5079551844.0, [39856.0, 3327942, 106002464, 38734, 103509152, 1641658]] [570506416.0, [2826.0, 543942, 17356848, 9830, 7767792, 121433]] [298169902614.0, [15831.0, 191813655, 6138012243, 5340891, 6137123727, 95892711]] [1300235228.0, [1353.0, 891830, 28517760, 42142, 25506688, 398587]]
Arch_Param: [32, 1024, 1024, 16, 1024, 64]
Samsung_cost: [22901638642.0, [6441257.0, 6445089, 412206072, 3236897, 410504376, 103073121]] [35541287502, [9891951, 9891951, 633078564, 4912239, 631702308, 170265711]] [2973577320, [834580, 834580, 53412640, 417300, 53412640, 13352980]] [48505245904, [13613608, 13613608, 871270432, 6806824, 871270432, 217817128]] [3519676716, [987846, 987846, 63221808, 493926, 63221808, 15805446]] [2733498064974, [767192703, 767192703, 49100323923, 383602047, 49099264851, 12275812827]] [84586563302, [23779387, 23779387, 1521880768, 11924539, 1517981376, 379363899]]
Model_cost: [8733718902.0, [15838.0, 5615457, 359126200, 5611873, 49400505, 771938]] [3931563294.0, [117711.0, 1333359, 85328676, 86895, 77870628, 1216827]] [303486260.0, [105.0, 104020, 6247200, 13140, 6247200, 104020]] [5072961880.0, [39856.0, 1680616, 106002464, 38704, 103509152, 1641658]] [570132272.0, [2826.0, 272998, 17356848, 42086, 7767792, 121433]] [297786277158.0, [15831.0, 95907291, 6138012243, 5340891, 6137123727, 95892711]] [1298878686.0, [1353.0, 446715, 28517760, 61411, 25506688, 398587]]
Arch_Param: [32, 1024, 1024, 16, 1024, 128]
Samsung_cost: [22841854962.0, [6441257.0, 6445089, 412206072, 519457, 410504376, 103073121]] [35447075406, [9891951, 9891951, 633078564, 629871, 631702308, 170265711]] [2966706280, [834580, 834580, 53412640, 104980, 53412640, 13352980]] [48362301520, [13613608, 13613608, 871270432, 309352, 871270432, 217817128]] [3509465900, [987846, 987846, 63221808, 29798, 63221808, 15805446]] [2725998673998, [767192703, 767192703, 49100323923, 42720639, 49099264851, 12275812827]] [84362067558, [23779387, 23779387, 1521880768, 1720187, 1517981376, 379363899]]
Model_cost: [8624913590.0, [15838.0, 5615457, 359126200, 666177, 49400505, 771938]] [3931563294.0, [117711.0, 1333359, 85328676, 86895, 77870628, 1216827]] [303486260.0, [105.0, 104020, 6247200, 13140, 6247200, 104020]] [5072961880.0, [39856.0, 1680616, 106002464, 38704, 103509152, 1641658]] [569794352.0, [2826.0, 272998, 17356848, 26726, 7767792, 121433]] [297786277158.0, [15831.0, 95907291, 6138012243, 5340891, 6137123727, 95892711]] [1298523870.0, [1353.0, 446715, 28517760, 45283, 25506688, 398587]]
Arch_Param: [32, 1024, 1024, 16, 1024, 256]
Samsung_cost: [22841854962.0, [6441257.0, 6445089, 412206072, 519457, 410504376, 103073121]] [35447075406, [9891951, 9891951, 633078564, 629871, 631702308, 170265711]] [2966706280, [834580, 834580, 53412640, 104980, 53412640, 13352980]] [48362301520, [13613608, 13613608, 871270432, 309352, 871270432, 217817128]] [3509465900, [987846, 987846, 63221808, 29798, 63221808, 15805446]] [2725998673998, [767192703, 767192703, 49100323923, 42720639, 49099264851, 12275812827]] [84362067558, [23779387, 23779387, 1521880768, 1720187, 1517981376, 379363899]]
Model_cost: [8624913590.0, [15838.0, 5615457, 359126200, 666177, 49400505, 771938]] [3931563294.0, [117711.0, 1333359, 85328676, 86895, 77870628, 1216827]] [303486260.0, [105.0, 104020, 6247200, 13140, 6247200, 104020]] [5072961880.0, [39856.0, 1680616, 106002464, 38704, 103509152, 1641658]] [569794352.0, [2826.0, 272998, 17356848, 26726, 7767792, 121433]] [297786277158.0, [15831.0, 95907291, 6138012243, 5340891, 6137123727, 95892711]] [1298523870.0, [1353.0, 446715, 28517760, 45283, 25506688, 398587]]
Arch_Param: [32, 1024, 1024, 16, 1024, 512]
Samsung_cost: [22841854962.0, [6441257.0, 6445089, 412206072, 519457, 410504376, 103073121]] [35447075406, [9891951, 9891951, 633078564, 629871, 631702308, 170265711]] [2966706280, [834580, 834580, 53412640, 104980, 53412640, 13352980]] [48362301520, [13613608, 13613608, 871270432, 309352, 871270432, 217817128]] [3509465900, [987846, 987846, 63221808, 29798, 63221808, 15805446]] [2725998673998, [767192703, 767192703, 49100323923, 42720639, 49099264851, 12275812827]] [84362067558, [23779387, 23779387, 1521880768, 1720187, 1517981376, 379363899]]
Model_cost: [8623470390.0, [15838.0, 5615457, 359126200, 600577, 49400505, 771938]] [3931563294.0, [117711.0, 1333359, 85328676, 86895, 77870628, 1216827]] [303486260.0, [105.0, 104020, 6247200, 13140, 6247200, 104020]] [5072961880.0, [39856.0, 1680616, 106002464, 38704, 103509152, 1641658]] [569422640.0, [2826.0, 272998, 17356848, 9830, 7767792, 121433]] [297786277158.0, [15831.0, 95907291, 6138012243, 5340891, 6137123727, 95892711]] [1298453470.0, [1353.0, 446715, 28517760, 42083, 25506688, 398587]]
Arch_Param: [32, 1024, 1024, 32, 256, 64]
Samsung_cost: [22426110258.0, [6277929.0, 25112129, 401768440, 3146817, 400936120, 100681057]] [35659989582, [9891951, 39567471, 633078564, 4912239, 631702308, 170265711]] [2983592820, [834580, 3338290, 53412640, 417330, 53412640, 13352980]] [48668611060, [13613608, 54454402, 871270432, 6806914, 871270432, 217817128]] [3493664396, [977254, 3908998, 62543920, 488630, 62543920, 15635974]] [2742704375502, [767192703, 3068770335, 49100323923, 383602047, 49099264851, 12275812827]] [84754774240, [23746619, 94986476, 1519783616, 11908332, 1515884224, 378839611]]
Model_cost: [5549435702.0, [8894.0, 12767937, 204263608, 364289, 49400505, 771938]] [3947562270.0, [117711.0, 5333103, 85328676, 86895, 77870628, 1216827]] [304632640.0, [105.0, 390450, 6247200, 13170, 6247200, 104020]] [5092782972.0, [39856.0, 6635394, 106002464, 38794, 103509152, 1641658]] [397378136.0, [1416.0, 542918, 8678448, 31798, 7767792, 121433]] [298937153526.0, [15831.0, 383626383, 6138012243, 5340891, 6137123727, 95892711]] [1260001576.0, [1077.0, 1647980, 26356864, 40660, 25506688, 398587]]
Arch_Param: [32, 1024, 1024, 32, 256, 128]
Samsung_cost: [22367498034.0, [6277929.0, 25112129, 401768440, 482625, 400936120, 100681057]] [35565777486, [9891951, 39567471, 633078564, 629871, 631702308, 170265711]] [2976721780, [834580, 3338290, 53412640, 105010, 53412640, 13352980]] [48525666676, [13613608, 54454402, 871270432, 309442, 871270432, 217817128]] [3483546508, [977254, 3908998, 62543920, 28726, 62543920, 15635974]] [2735204984526, [767192703, 3068770335, 49100323923, 42720639, 49099264851, 12275812827]] [84530458720, [23746619, 94986476, 1519783616, 1712172, 1515884224, 378839611]]
Model_cost: [5549435702.0, [8894.0, 12767937, 204263608, 364289, 49400505, 771938]] [3947562270.0, [117711.0, 5333103, 85328676, 86895, 77870628, 1216827]] [304632640.0, [105.0, 390450, 6247200, 13170, 6247200, 104020]] [5092782972.0, [39856.0, 6635394, 106002464, 38794, 103509152, 1641658]] [397378136.0, [1416.0, 542918, 8678448, 31798, 7767792, 121433]] [298937153526.0, [15831.0, 383626383, 6138012243, 5340891, 6137123727, 95892711]] [1260001576.0, [1077.0, 1647980, 26356864, 40660, 25506688, 398587]]
Arch_Param: [32, 1024, 1024, 32, 256, 256]
Samsung_cost: [22367498034.0, [6277929.0, 25112129, 401768440, 482625, 400936120, 100681057]] [35565777486, [9891951, 39567471, 633078564, 629871, 631702308, 170265711]] [2976721780, [834580, 3338290, 53412640, 105010, 53412640, 13352980]] [48525666676, [13613608, 54454402, 871270432, 309442, 871270432, 217817128]] [3483546508, [977254, 3908998, 62543920, 28726, 62543920, 15635974]] [2735204984526, [767192703, 3068770335, 49100323923, 42720639, 49099264851, 12275812827]] [84530458720, [23746619, 94986476, 1519783616, 1712172, 1515884224, 378839611]]
Model_cost: [5548685238.0, [8894.0, 12767937, 204263608, 330177, 49400505, 771938]] [3947562270.0, [117711.0, 5333103, 85328676, 86895, 77870628, 1216827]] [304632640.0, [105.0, 390450, 6247200, 13170, 6247200, 104020]] [5092782972.0, [39856.0, 6635394, 106002464, 38794, 103509152, 1641658]] [396786776.0, [1416.0, 542918, 8678448, 4918, 7767792, 121433]] [298937153526.0, [15831.0, 383626383, 6138012243, 5340891, 6137123727, 95892711]] [1259836840.0, [1077.0, 1647980, 26356864, 33172, 25506688, 398587]]
Arch_Param: [32, 1024, 1024, 32, 512, 64]
Samsung_cost: [22375886400.0, [6277929.0, 12556324, 401768440, 3146788, 400936120, 100681057]] [35580854862, [9891951, 19783791, 633078564, 4912239, 631702308, 170265711]] [2976915820, [834580, 1669150, 53412640, 417310, 53412640, 13352980]] [48559700956, [13613608, 27227206, 871270432, 6806854, 871270432, 217817128]] [3485846412, [977254, 1954502, 62543920, 488630, 62543920, 15635974]] [2736566835150, [767192703, 1534385247, 49100323923, 383602047, 49099264851, 12275812827]] [84564798692, [23746619, 47493238, 1519783616, 11908214, 1515884224, 378839611]]
Model_cost: [5523900228.0, [8894.0, 6384228, 204263608, 364260, 49400505, 771938]] [3936896286.0, [117711.0, 2666607, 85328676, 86895, 77870628, 1216827]] [303851320.0, [105.0, 195230, 6247200, 13150, 6247200, 104020]] [5079551844.0, [39856.0, 3327942, 106002464, 38734, 103509152, 1641658]] [396024024.0, [1416.0, 271974, 8678448, 19510, 7767792, 121433]] [298169902614.0, [15831.0, 191813655, 6138012243, 5340891, 6137123727, 95892711]] [1256611500.0, [1077.0, 823990, 26356864, 36382, 25506688, 398587]]
Arch_Param: [32, 1024, 1024, 32, 512, 128]
Samsung_cost: [22317274176.0, [6277929.0, 12556324, 401768440, 482596, 400936120, 100681057]] [35486642766, [9891951, 19783791, 633078564, 629871, 631702308, 170265711]] [2970044780, [834580, 1669150, 53412640, 104990, 53412640, 13352980]] [48416756572, [13613608, 27227206, 871270432, 309382, 871270432, 217817128]] [3475728524, [977254, 1954502, 62543920, 28726, 62543920, 15635974]] [2729067444174, [767192703, 1534385247, 49100323923, 42720639, 49099264851, 12275812827]] [84340483172, [23746619, 47493238, 1519783616, 1712054, 1515884224, 378839611]]
Model_cost: [5523900228.0, [8894.0, 6384228, 204263608, 364260, 49400505, 771938]] [3936896286.0, [117711.0, 2666607, 85328676, 86895, 77870628, 1216827]] [303851320.0, [105.0, 195230, 6247200, 13150, 6247200, 104020]] [5079551844.0, [39856.0, 3327942, 106002464, 38734, 103509152, 1641658]] [396024024.0, [1416.0, 271974, 8678448, 19510, 7767792, 121433]] [298169902614.0, [15831.0, 191813655, 6138012243, 5340891, 6137123727, 95892711]] [1256611500.0, [1077.0, 823990, 26356864, 36382, 25506688, 398587]]
Arch_Param: [32, 1024, 1024, 32, 512, 256]
Samsung_cost: [22317274176.0, [6277929.0, 12556324, 401768440, 482596, 400936120, 100681057]] [35486642766, [9891951, 19783791, 633078564, 629871, 631702308, 170265711]] [2970044780, [834580, 1669150, 53412640, 104990, 53412640, 13352980]] [48416756572, [13613608, 27227206, 871270432, 309382, 871270432, 217817128]] [3475728524, [977254, 1954502, 62543920, 28726, 62543920, 15635974]] [2729067444174, [767192703, 1534385247, 49100323923, 42720639, 49099264851, 12275812827]] [84340483172, [23746619, 47493238, 1519783616, 1712054, 1515884224, 378839611]]
Model_cost: [5523149764.0, [8894.0, 6384228, 204263608, 330148, 49400505, 771938]] [3936896286.0, [117711.0, 2666607, 85328676, 86895, 77870628, 1216827]] [303851320.0, [105.0, 195230, 6247200, 13150, 6247200, 104020]] [5079551844.0, [39856.0, 3327942, 106002464, 38734, 103509152, 1641658]] [395703000.0, [1416.0, 271974, 8678448, 4918, 7767792, 121433]] [298169902614.0, [15831.0, 191813655, 6138012243, 5340891, 6137123727, 95892711]] [1256538284.0, [1077.0, 823990, 26356864, 33054, 25506688, 398587]]
Arch_Param: [32, 1024, 1024, 32, 512, 512]
Samsung_cost: [22317274176.0, [6277929.0, 12556324, 401768440, 482596, 400936120, 100681057]] [35486642766, [9891951, 19783791, 633078564, 629871, 631702308, 170265711]] [2970044780, [834580, 1669150, 53412640, 104990, 53412640, 13352980]] [48416756572, [13613608, 27227206, 871270432, 309382, 871270432, 217817128]] [3475728524, [977254, 1954502, 62543920, 28726, 62543920, 15635974]] [2729067444174, [767192703, 1534385247, 49100323923, 42720639, 49099264851, 12275812827]] [84340483172, [23746619, 47493238, 1519783616, 1712054, 1515884224, 378839611]]
Model_cost: [5523149764.0, [8894.0, 6384228, 204263608, 330148, 49400505, 771938]] [3936896286.0, [117711.0, 2666607, 85328676, 86895, 77870628, 1216827]] [303851320.0, [105.0, 195230, 6247200, 13150, 6247200, 104020]] [5079551844.0, [39856.0, 3327942, 106002464, 38734, 103509152, 1641658]] [395703000.0, [1416.0, 271974, 8678448, 4918, 7767792, 121433]] [298169902614.0, [15831.0, 191813655, 6138012243, 5340891, 6137123727, 95892711]] [1256538284.0, [1077.0, 823990, 26356864, 33054, 25506688, 398587]]
Arch_Param: [32, 1024, 1024, 32, 1024, 64]
Samsung_cost: [22350781938.0, [6277929.0, 6280225, 401768440, 3146785, 400936120, 100681057]] [35541287502, [9891951, 9891951, 633078564, 4912239, 631702308, 170265711]] [2973577320, [834580, 834580, 53412640, 417300, 53412640, 13352980]] [48505245904, [13613608, 13613608, 871270432, 6806824, 871270432, 217817128]] [3481937420, [977254, 977254, 62543920, 488630, 62543920, 15635974]] [2733498064974, [767192703, 767192703, 49100323923, 383602047, 49099264851, 12275812827]] [84469810918, [23746619, 23746619, 1519783616, 11908155, 1515884224, 378839611]]
Model_cost: [5511139062.0, [8894.0, 3193953, 204263608, 364257, 49400505, 771938]] [3931563294.0, [117711.0, 1333359, 85328676, 86895, 77870628, 1216827]] [303486260.0, [105.0, 104020, 6247200, 13140, 6247200, 104020]] [5072961880.0, [39856.0, 1680616, 106002464, 38704, 103509152, 1641658]] [395346968.0, [1416.0, 136502, 8678448, 13366, 7767792, 121433]] [297786277158.0, [15831.0, 95907291, 6138012243, 5340891, 6137123727, 95892711]] [1254927278.0, [1077.0, 412411, 26356864, 34659, 25506688, 398587]]
Arch_Param: [32, 1024, 1024, 32, 1024, 128]
Samsung_cost: [22292169714.0, [6277929.0, 6280225, 401768440, 482593, 400936120, 100681057]] [35447075406, [9891951, 9891951, 633078564, 629871, 631702308, 170265711]] [2966706280, [834580, 834580, 53412640, 104980, 53412640, 13352980]] [48362301520, [13613608, 13613608, 871270432, 309352, 871270432, 217817128]] [3471819532, [977254, 977254, 62543920, 28726, 62543920, 15635974]] [2725998673998, [767192703, 767192703, 49100323923, 42720639, 49099264851, 12275812827]] [84245495398, [23746619, 23746619, 1519783616, 1711995, 1515884224, 378839611]]
Model_cost: [5511139062.0, [8894.0, 3193953, 204263608, 364257, 49400505, 771938]] [3931563294.0, [117711.0, 1333359, 85328676, 86895, 77870628, 1216827]] [303486260.0, [105.0, 104020, 6247200, 13140, 6247200, 104020]] [5072961880.0, [39856.0, 1680616, 106002464, 38704, 103509152, 1641658]] [395346968.0, [1416.0, 136502, 8678448, 13366, 7767792, 121433]] [297786277158.0, [15831.0, 95907291, 6138012243, 5340891, 6137123727, 95892711]] [1254927278.0, [1077.0, 412411, 26356864, 34659, 25506688, 398587]]
Arch_Param: [32, 1024, 1024, 32, 1024, 256]
Samsung_cost: [22292169714.0, [6277929.0, 6280225, 401768440, 482593, 400936120, 100681057]] [35447075406, [9891951, 9891951, 633078564, 629871, 631702308, 170265711]] [2966706280, [834580, 834580, 53412640, 104980, 53412640, 13352980]] [48362301520, [13613608, 13613608, 871270432, 309352, 871270432, 217817128]] [3471819532, [977254, 977254, 62543920, 28726, 62543920, 15635974]] [2725998673998, [767192703, 767192703, 49100323923, 42720639, 49099264851, 12275812827]] [84245495398, [23746619, 23746619, 1519783616, 1711995, 1515884224, 378839611]]
Model_cost: [5510388598.0, [8894.0, 3193953, 204263608, 330145, 49400505, 771938]] [3931563294.0, [117711.0, 1333359, 85328676, 86895, 77870628, 1216827]] [303486260.0, [105.0, 104020, 6247200, 13140, 6247200, 104020]] [5072961880.0, [39856.0, 1680616, 106002464, 38704, 103509152, 1641658]] [395161112.0, [1416.0, 136502, 8678448, 4918, 7767792, 121433]] [297786277158.0, [15831.0, 95907291, 6138012243, 5340891, 6137123727, 95892711]] [1254890670.0, [1077.0, 412411, 26356864, 32995, 25506688, 398587]]
Arch_Param: [32, 1024, 1024, 32, 1024, 512]
Samsung_cost: [22292169714.0, [6277929.0, 6280225, 401768440, 482593, 400936120, 100681057]] [35447075406, [9891951, 9891951, 633078564, 629871, 631702308, 170265711]] [2966706280, [834580, 834580, 53412640, 104980, 53412640, 13352980]] [48362301520, [13613608, 13613608, 871270432, 309352, 871270432, 217817128]] [3471819532, [977254, 977254, 62543920, 28726, 62543920, 15635974]] [2725998673998, [767192703, 767192703, 49100323923, 42720639, 49099264851, 12275812827]] [84245495398, [23746619, 23746619, 1519783616, 1711995, 1515884224, 378839611]]
Model_cost: [5510388598.0, [8894.0, 3193953, 204263608, 330145, 49400505, 771938]] [3931563294.0, [117711.0, 1333359, 85328676, 86895, 77870628, 1216827]] [303486260.0, [105.0, 104020, 6247200, 13140, 6247200, 104020]] [5072961880.0, [39856.0, 1680616, 106002464, 38704, 103509152, 1641658]] [395161112.0, [1416.0, 136502, 8678448, 4918, 7767792, 121433]] [297786277158.0, [15831.0, 95907291, 6138012243, 5340891, 6137123727, 95892711]] [1254890670.0, [1077.0, 412411, 26356864, 32995, 25506688, 398587]]
