[[0, 0, 0, 0, 0, 0, 0, 0, 0, 0, 0], [0, 0, 0, 0, 0, 0, 0, 0, 0, 0, 0], [0, 0, 0, 0, 0, 0, 0, 0, 0, 0, 0], [0, 0, 0, 0, 0, 0, 0, 0, 0, 0, 0]]
Arch_Param: [32, 4096, 32768, 4, 256, 64]
Samsung_cost: [39212611829.44444, [800029.6944444445, 102405697, 1638358008, 12858433, 203074744, 1587489]] [15344483406.0, [309231.0, 39567471, 633078564, 4912239, 85328676, 668271]] [1279942340.0, [26090.0, 3338290, 53412640, 417330, 6677280, 52170]] [20878212564.0, [425444.0, 54454402, 871270432, 6806914, 108910624, 850868]] [1687824588.0, [34398.0, 4402182, 70434864, 550278, 8804400, 68790]] [1176600451698.0, [23974926.0, 3068770335, 49100323923, 383602047, 6138057555, 47954907]] [37838176460.0, [771920.0, 98803948, 1580863168, 12489964, 195940032, 1535123]]
Model_cost: [27604475839.20333, [1845.1858333333332, 80564801, 1288904952, 5243969, 49400505, 195874]] [5505096390.0, [4005.0, 10223727, 163578660, 164463, 77870628, 304299]] [302452494.6666667, [12.666666666666666, 390450, 6247200, 13170, 6247200, 26250]] [5057384919.333334, [1270.8333333333333, 6635394, 106002464, 38794, 103509152, 416027]] [1632214048.0, [359.0, 4343302, 69492784, 300294, 7768304, 30576]] [421323252544.80005, [812.1000000000001, 767215743, 12275433555, 10680855, 6137123727, 23973306]] [1685034474.851923, [118.24471153846154, 2983404, 47652928, 135636, 25506688, 102419]]
Arch_Param: [32, 4096, 32768, 4, 256, 128]
Samsung_cost: [38974423285.44444, [800029.6944444445, 102405697, 1638358008, 2031681, 203074744, 1587489]] [15250271310.0, [309231.0, 39567471, 633078564, 629871, 85328676, 668271]] [1273071300.0, [26090.0, 3338290, 53412640, 105010, 6677280, 52170]] [20735268180.0, [425444.0, 54454402, 871270432, 309442, 108910624, 850868]] [1676583116.0, [34398.0, 4402182, 70434864, 39302, 8804400, 68790]] [1169101060722.0, [23974926.0, 3068770335, 49100323923, 42720639, 6138057555, 47954907]] [37608544332.0, [771920.0, 98803948, 1580863168, 2052140, 195940032, 1535123]]
Model_cost: [27604475839.20333, [1845.1858333333332, 80564801, 1288904952, 5243969, 49400505, 195874]] [5505096390.0, [4005.0, 10223727, 163578660, 164463, 77870628, 304299]] [302452494.6666667, [12.666666666666666, 390450, 6247200, 13170, 6247200, 26250]] [5057384919.333334, [1270.8333333333333, 6635394, 106002464, 38794, 103509152, 416027]] [1627573280.0, [359.0, 4343302, 69492784, 89350, 7768304, 30576]] [421323252544.80005, [812.1000000000001, 767215743, 12275433555, 10680855, 6137123727, 23973306]] [1684527316.4519231, [117.44471153846155, 2983404, 47652928, 113236, 25506688, 101907]]
Arch_Param: [32, 4096, 32768, 4, 256, 256]
Samsung_cost: [38974423285.44444, [800029.6944444445, 102405697, 1638358008, 2031681, 203074744, 1587489]] [15250271310.0, [309231.0, 39567471, 633078564, 629871, 85328676, 668271]] [1273071300.0, [26090.0, 3338290, 53412640, 105010, 6677280, 52170]] [20735268180.0, [425444.0, 54454402, 871270432, 309442, 108910624, 850868]] [1676583116.0, [34398.0, 4402182, 70434864, 39302, 8804400, 68790]] [1169101060722.0, [23974926.0, 3068770335, 49100323923, 42720639, 6138057555, 47954907]] [37608544332.0, [771920.0, 98803948, 1580863168, 2052140, 195940032, 1535123]]
Model_cost: [27604475839.20333, [1845.1858333333332, 80564801, 1288904952, 5243969, 49400505, 195874]] [5505096390.0, [4005.0, 10223727, 163578660, 164463, 77870628, 304299]] [302452494.6666667, [12.666666666666666, 390450, 6247200, 13170, 6247200, 26250]] [5057384919.333334, [1270.8333333333333, 6635394, 106002464, 38794, 103509152, 416027]] [1627573280.0, [359.0, 4343302, 69492784, 89350, 7768304, 30576]] [421323252544.80005, [812.1000000000001, 767215743, 12275433555, 10680855, 6137123727, 23973306]] [1684527316.4519231, [117.44471153846155, 2983404, 47652928, 113236, 25506688, 101907]]
Arch_Param: [32, 4096, 32768, 4, 512, 64]
Samsung_cost: [39007800835.44444, [800029.6944444445, 51203108, 1638358008, 12858404, 203074744, 1587489]] [15265348686.0, [309231.0, 19783791, 633078564, 4912239, 85328676, 668271]] [1273265340.0, [26090.0, 1669150, 53412640, 417310, 6677280, 52170]] [20769302460.0, [425444.0, 27227206, 871270432, 6806854, 108910624, 850868]] [1679020236.0, [34398.0, 2201094, 70434864, 550278, 8804400, 68790]] [1170462911346.0, [23974926.0, 1534385247, 49100323923, 383602047, 6138057555, 47954907]] [37640565968.0, [771920.0, 49401974, 1580863168, 12489846, 195940032, 1535123]]
Model_cost: [27443346637.20333, [1845.1858333333332, 40282660, 1288904952, 5243940, 49400505, 195874]] [5484649158.0, [4005.0, 5111919, 163578660, 164463, 77870628, 304299]] [301671174.6666667, [12.666666666666666, 195230, 6247200, 13150, 6247200, 26250]] [5044153791.333334, [1270.8333333333333, 3327942, 106002464, 38734, 103509152, 416027]] [1623609376.0, [359.0, 2192134, 69492784, 300294, 7768304, 30576]] [419788824448.80005, [812.1000000000001, 383608719, 12275433555, 10680855, 6137123727, 23973306]] [1679065070.851923, [118.24471153846154, 1491702, 47652928, 135518, 25506688, 102419]]
Arch_Param: [32, 4096, 32768, 4, 512, 128]
Samsung_cost: [38769612291.44444, [800029.6944444445, 51203108, 1638358008, 2031652, 203074744, 1587489]] [15171136590.0, [309231.0, 19783791, 633078564, 629871, 85328676, 668271]] [1266394300.0, [26090.0, 1669150, 53412640, 104990, 6677280, 52170]] [20626358076.0, [425444.0, 27227206, 871270432, 309382, 108910624, 850868]] [1667778764.0, [34398.0, 2201094, 70434864, 39302, 8804400, 68790]] [1162963520370.0, [23974926.0, 1534385247, 49100323923, 42720639, 6138057555, 47954907]] [37410933840.0, [771920.0, 49401974, 1580863168, 2052022, 195940032, 1535123]]
Model_cost: [27443346637.20333, [1845.1858333333332, 40282660, 1288904952, 5243940, 49400505, 195874]] [5484649158.0, [4005.0, 5111919, 163578660, 164463, 77870628, 304299]] [301671174.6666667, [12.666666666666666, 195230, 6247200, 13150, 6247200, 26250]] [5044153791.333334, [1270.8333333333333, 3327942, 106002464, 38734, 103509152, 416027]] [1618968608.0, [359.0, 2192134, 69492784, 89350, 7768304, 30576]] [419788824448.80005, [812.1000000000001, 383608719, 12275433555, 10680855, 6137123727, 23973306]] [1678557912.4519231, [117.44471153846155, 1491702, 47652928, 113118, 25506688, 101907]]
Arch_Param: [32, 4096, 32768, 4, 512, 256]
Samsung_cost: [38769612291.44444, [800029.6944444445, 51203108, 1638358008, 2031652, 203074744, 1587489]] [15171136590.0, [309231.0, 19783791, 633078564, 629871, 85328676, 668271]] [1266394300.0, [26090.0, 1669150, 53412640, 104990, 6677280, 52170]] [20626358076.0, [425444.0, 27227206, 871270432, 309382, 108910624, 850868]] [1667778764.0, [34398.0, 2201094, 70434864, 39302, 8804400, 68790]] [1162963520370.0, [23974926.0, 1534385247, 49100323923, 42720639, 6138057555, 47954907]] [37410933840.0, [771920.0, 49401974, 1580863168, 2052022, 195940032, 1535123]]
Model_cost: [27443346637.20333, [1845.1858333333332, 40282660, 1288904952, 5243940, 49400505, 195874]] [5484649158.0, [4005.0, 5111919, 163578660, 164463, 77870628, 304299]] [301671174.6666667, [12.666666666666666, 195230, 6247200, 13150, 6247200, 26250]] [5044153791.333334, [1270.8333333333333, 3327942, 106002464, 38734, 103509152, 416027]] [1618968608.0, [359.0, 2192134, 69492784, 89350, 7768304, 30576]] [419788824448.80005, [812.1000000000001, 383608719, 12275433555, 10680855, 6137123727, 23973306]] [1678557912.4519231, [117.44471153846155, 1491702, 47652928, 113118, 25506688, 101907]]
Arch_Param: [32, 4096, 32768, 4, 512, 512]
Samsung_cost: [38769612291.44444, [800029.6944444445, 51203108, 1638358008, 2031652, 203074744, 1587489]] [15171136590.0, [309231.0, 19783791, 633078564, 629871, 85328676, 668271]] [1266394300.0, [26090.0, 1669150, 53412640, 104990, 6677280, 52170]] [20626358076.0, [425444.0, 27227206, 871270432, 309382, 108910624, 850868]] [1667778764.0, [34398.0, 2201094, 70434864, 39302, 8804400, 68790]] [1162963520370.0, [23974926.0, 1534385247, 49100323923, 42720639, 6138057555, 47954907]] [37410933840.0, [771920.0, 49401974, 1580863168, 2052022, 195940032, 1535123]]
Model_cost: [27368021901.20333, [1845.1858333333332, 40282660, 1288904952, 1820740, 49400505, 195362]] [5484649158.0, [4005.0, 5111919, 163578660, 164463, 77870628, 304299]] [301671174.6666667, [12.666666666666666, 195230, 6247200, 13150, 6247200, 26250]] [5044153791.333334, [1270.8333333333333, 3327942, 106002464, 38734, 103509152, 416027]] [1618698272.0, [359.0, 2192134, 69492784, 77062, 7768304, 30576]] [419788824448.80005, [812.1000000000001, 383608719, 12275433555, 10680855, 6137123727, 23973306]] [1678346712.4519231, [117.44471153846155, 1491702, 47652928, 103518, 25506688, 101907]]
Arch_Param: [32, 4096, 32768, 4, 1024, 64]
Samsung_cost: [38905445813.44444, [800029.6944444445, 25614369, 1638358008, 12858401, 203074744, 1587489]] [15225781326.0, [309231.0, 9891951, 633078564, 4912239, 85328676, 668271]] [1269926840.0, [26090.0, 834580, 53412640, 417300, 6677280, 52170]] [20714847408.0, [425444.0, 13613608, 871270432, 6806824, 108910624, 850868]] [1674618060.0, [34398.0, 1100550, 70434864, 550278, 8804400, 68790]] [1167394141170.0, [23974926.0, 767192703, 49100323923, 383602047, 6138057555, 47954907]] [37541760722.0, [771920.0, 24700987, 1580863168, 12489787, 195940032, 1535123]]
Model_cost: [27362831999.20333, [1845.1858333333332, 20154017, 1288904952, 5243937, 49400505, 195874]] [5474425542.0, [4005.0, 2556015, 163578660, 164463, 77870628, 304299]] [301306114.6666667, [12.666666666666666, 104020, 6247200, 13140, 6247200, 26250]] [5037563827.333334, [1270.8333333333333, 1680616, 106002464, 38704, 103509152, 416027]] [1618249504.0, [359.0, 1094662, 69427248, 316678, 7767792, 30384]] [419021610400.80005, [812.1000000000001, 191805207, 12275433555, 10680855, 6137123727, 23973306]] [1676092912.851923, [118.24471153846154, 748987, 47652928, 135459, 25506688, 102419]]
Arch_Param: [32, 4096, 32768, 4, 1024, 128]
Samsung_cost: [38667257269.44444, [800029.6944444445, 25614369, 1638358008, 2031649, 203074744, 1587489]] [15131569230.0, [309231.0, 9891951, 633078564, 629871, 85328676, 668271]] [1263055800.0, [26090.0, 834580, 53412640, 104980, 6677280, 52170]] [20571903024.0, [425444.0, 13613608, 871270432, 309352, 108910624, 850868]] [1663376588.0, [34398.0, 1100550, 70434864, 39302, 8804400, 68790]] [1159894750194.0, [23974926.0, 767192703, 49100323923, 42720639, 6138057555, 47954907]] [37312128594.0, [771920.0, 24700987, 1580863168, 2051963, 195940032, 1535123]]
Model_cost: [27362831999.20333, [1845.1858333333332, 20154017, 1288904952, 5243937, 49400505, 195874]] [5474425542.0, [4005.0, 2556015, 163578660, 164463, 77870628, 304299]] [301306114.6666667, [12.666666666666666, 104020, 6247200, 13140, 6247200, 26250]] [5037563827.333334, [1270.8333333333333, 1680616, 106002464, 38704, 103509152, 416027]] [1613608736.0, [359.0, 1094662, 69427248, 105734, 7767792, 30384]] [419021610400.80005, [812.1000000000001, 191805207, 12275433555, 10680855, 6137123727, 23973306]] [1675585754.4519231, [117.44471153846155, 748987, 47652928, 113059, 25506688, 101907]]
Arch_Param: [32, 4096, 32768, 4, 1024, 256]
Samsung_cost: [38667257269.44444, [800029.6944444445, 25614369, 1638358008, 2031649, 203074744, 1587489]] [15131569230.0, [309231.0, 9891951, 633078564, 629871, 85328676, 668271]] [1263055800.0, [26090.0, 834580, 53412640, 104980, 6677280, 52170]] [20571903024.0, [425444.0, 13613608, 871270432, 309352, 108910624, 850868]] [1663376588.0, [34398.0, 1100550, 70434864, 39302, 8804400, 68790]] [1159894750194.0, [23974926.0, 767192703, 49100323923, 42720639, 6138057555, 47954907]] [37312128594.0, [771920.0, 24700987, 1580863168, 2051963, 195940032, 1535123]]
Model_cost: [27362831999.20333, [1845.1858333333332, 20154017, 1288904952, 5243937, 49400505, 195874]] [5474425542.0, [4005.0, 2556015, 163578660, 164463, 77870628, 304299]] [301306114.6666667, [12.666666666666666, 104020, 6247200, 13140, 6247200, 26250]] [5037563827.333334, [1270.8333333333333, 1680616, 106002464, 38704, 103509152, 416027]] [1613608736.0, [359.0, 1094662, 69427248, 105734, 7767792, 30384]] [419021610400.80005, [812.1000000000001, 191805207, 12275433555, 10680855, 6137123727, 23973306]] [1675585754.4519231, [117.44471153846155, 748987, 47652928, 113059, 25506688, 101907]]
Arch_Param: [32, 4096, 32768, 4, 1024, 512]
Samsung_cost: [38667257269.44444, [800029.6944444445, 25614369, 1638358008, 2031649, 203074744, 1587489]] [15131569230.0, [309231.0, 9891951, 633078564, 629871, 85328676, 668271]] [1263055800.0, [26090.0, 834580, 53412640, 104980, 6677280, 52170]] [20571903024.0, [425444.0, 13613608, 871270432, 309352, 108910624, 850868]] [1663376588.0, [34398.0, 1100550, 70434864, 39302, 8804400, 68790]] [1159894750194.0, [23974926.0, 767192703, 49100323923, 42720639, 6138057555, 47954907]] [37312128594.0, [771920.0, 24700987, 1580863168, 2051963, 195940032, 1535123]]
Model_cost: [27287507263.20333, [1845.1858333333332, 20154017, 1288904952, 1820737, 49400505, 195362]] [5474425542.0, [4005.0, 2556015, 163578660, 164463, 77870628, 304299]] [301306114.6666667, [12.666666666666666, 104020, 6247200, 13140, 6247200, 26250]] [5037563827.333334, [1270.8333333333333, 1680616, 106002464, 38704, 103509152, 416027]] [1613338400.0, [359.0, 1094662, 69427248, 93446, 7767792, 30384]] [419021610400.80005, [812.1000000000001, 191805207, 12275433555, 10680855, 6137123727, 23973306]] [1675374554.4519231, [117.44471153846155, 748987, 47652928, 103459, 25506688, 101907]]
Arch_Param: [32, 4096, 32768, 8, 256, 64]
Samsung_cost: [19655103050.77778, [400883.02777777775, 51312193, 820923384, 6444097, 102001848, 797857]] [15344483406.0, [309231.0, 39567471, 633078564, 4912239, 85328676, 668271]] [1279942340.0, [26090.0, 3338290, 53412640, 417330, 6677280, 52170]] [20878212564.0, [425444.0, 54454402, 871270432, 6806914, 108910624, 850868]] [1572594140.0, [32050.0, 4101638, 65626160, 512710, 8203312, 64094]] [1176600451698.0, [23974926.0, 3068770335, 49100323923, 383602047, 6138057555, 47954907]] [36925824204.0, [752720.0, 96346348, 1541541568, 12113132, 192138944, 1505427]]
Model_cost: [14995068708.951668, [971.1054166666667, 41814593, 668963704, 2718657, 49400505, 195874]] [3918821586.0, [3786.0, 5333103, 85328676, 86895, 77870628, 304299]] [302452494.6666667, [12.666666666666666, 390450, 6247200, 13170, 6247200, 26250]] [5057384919.333334, [1270.8333333333333, 6635394, 106002464, 38794, 103509152, 416027]] [922971610.4, [182.8, 2171654, 34746416, 44678, 7768304, 30576]] [296922984545.4001, [629.5500000000001, 383626383, 6138012243, 5340891, 6137123727, 23973306]] [1383493369.5134616, [77.62548076923076, 2055020, 32839552, 65428, 25506688, 101907]]
Arch_Param: [32, 4096, 32768, 8, 256, 128]
Samsung_cost: [19535851082.77778, [400883.02777777775, 51312193, 820923384, 1023553, 102001848, 797857]] [15250271310.0, [309231.0, 39567471, 633078564, 629871, 85328676, 668271]] [1273071300.0, [26090.0, 3338290, 53412640, 105010, 6677280, 52170]] [20735268180.0, [425444.0, 54454402, 871270432, 309442, 108910624, 850868]] [1562039772.0, [32050.0, 4101638, 65626160, 32966, 8203312, 64094]] [1169101060722.0, [23974926.0, 3068770335, 49100323923, 42720639, 6138057555, 47954907]] [36699616332.0, [752720.0, 96346348, 1541541568, 1830956, 192138944, 1505427]]
Model_cost: [14995068708.951668, [971.1054166666667, 41814593, 668963704, 2718657, 49400505, 195874]] [3918821586.0, [3786.0, 5333103, 85328676, 86895, 77870628, 304299]] [302452494.6666667, [12.666666666666666, 390450, 6247200, 13170, 6247200, 26250]] [5057384919.333334, [1270.8333333333333, 6635394, 106002464, 38794, 103509152, 416027]] [922971610.4, [182.8, 2171654, 34746416, 44678, 7768304, 30576]] [296922984545.4001, [629.5500000000001, 383626383, 6138012243, 5340891, 6137123727, 23973306]] [1383493369.5134616, [77.62548076923076, 2055020, 32839552, 65428, 25506688, 101907]]
Arch_Param: [32, 4096, 32768, 8, 256, 256]
Samsung_cost: [19535851082.77778, [400883.02777777775, 51312193, 820923384, 1023553, 102001848, 797857]] [15250271310.0, [309231.0, 39567471, 633078564, 629871, 85328676, 668271]] [1273071300.0, [26090.0, 3338290, 53412640, 105010, 6677280, 52170]] [20735268180.0, [425444.0, 54454402, 871270432, 309442, 108910624, 850868]] [1562039772.0, [32050.0, 4101638, 65626160, 32966, 8203312, 64094]] [1169101060722.0, [23974926.0, 3068770335, 49100323923, 42720639, 6138057555, 47954907]] [36699616332.0, [752720.0, 96346348, 1541541568, 1830956, 192138944, 1505427]]
Model_cost: [14955892987.351665, [971.9054166666666, 41814593, 668963704, 938593, 49400505, 195362]] [3918821586.0, [3786.0, 5333103, 85328676, 86895, 77870628, 304299]] [302452494.6666667, [12.666666666666666, 390450, 6247200, 13170, 6247200, 26250]] [5057384919.333334, [1270.8333333333333, 6635394, 106002464, 38794, 103509152, 416027]] [922836442.4, [182.8, 2171654, 34746416, 38534, 7768304, 30576]] [296922984545.4001, [629.5500000000001, 383626383, 6138012243, 5340891, 6137123727, 23973306]] [1383383545.5134616, [77.62548076923076, 2055020, 32839552, 60436, 25506688, 101907]]
Arch_Param: [32, 4096, 32768, 8, 512, 64]
Samsung_cost: [19552479064.77778, [400883.02777777775, 25656356, 820923384, 6444068, 102001848, 797857]] [15265348686.0, [309231.0, 19783791, 633078564, 4912239, 85328676, 668271]] [1273265340.0, [26090.0, 1669150, 53412640, 417310, 6677280, 52170]] [20769302460.0, [425444.0, 27227206, 871270432, 6806854, 108910624, 850868]] [1564390876.0, [32050.0, 2050822, 65626160, 512710, 8203312, 64094]] [1170462911346.0, [23974926.0, 1534385247, 49100323923, 383602047, 6138057555, 47954907]] [36733128912.0, [752720.0, 48173174, 1541541568, 12113014, 192138944, 1505427]]
Model_cost: [14911439922.951668, [971.1054166666667, 20907556, 668963704, 2718628, 49400505, 195874]] [3908155602.0, [3786.0, 2666607, 85328676, 86895, 77870628, 304299]] [301671174.6666667, [12.666666666666666, 195230, 6247200, 13150, 6247200, 26250]] [5044153791.333334, [1270.8333333333333, 3327942, 106002464, 38734, 103509152, 416027]] [918669274.4, [182.8, 1096070, 34746416, 44678, 7768304, 30576]] [296155733633.4001, [629.5500000000001, 191813655, 6138012243, 5340891, 6137123727, 23973306]] [1379380733.5134616, [77.62548076923076, 1027510, 32839552, 65310, 25506688, 101907]]
Arch_Param: [32, 4096, 32768, 8, 512, 128]
Samsung_cost: [19433227096.77778, [400883.02777777775, 25656356, 820923384, 1023524, 102001848, 797857]] [15171136590.0, [309231.0, 19783791, 633078564, 629871, 85328676, 668271]] [1266394300.0, [26090.0, 1669150, 53412640, 104990, 6677280, 52170]] [20626358076.0, [425444.0, 27227206, 871270432, 309382, 108910624, 850868]] [1553836508.0, [32050.0, 2050822, 65626160, 32966, 8203312, 64094]] [1162963520370.0, [23974926.0, 1534385247, 49100323923, 42720639, 6138057555, 47954907]] [36506921040.0, [752720.0, 48173174, 1541541568, 1830838, 192138944, 1505427]]
Model_cost: [14911439922.951668, [971.1054166666667, 20907556, 668963704, 2718628, 49400505, 195874]] [3908155602.0, [3786.0, 2666607, 85328676, 86895, 77870628, 304299]] [301671174.6666667, [12.666666666666666, 195230, 6247200, 13150, 6247200, 26250]] [5044153791.333334, [1270.8333333333333, 3327942, 106002464, 38734, 103509152, 416027]] [918669274.4, [182.8, 1096070, 34746416, 44678, 7768304, 30576]] [296155733633.4001, [629.5500000000001, 191813655, 6138012243, 5340891, 6137123727, 23973306]] [1379380733.5134616, [77.62548076923076, 1027510, 32839552, 65310, 25506688, 101907]]
Arch_Param: [32, 4096, 32768, 8, 512, 256]
Samsung_cost: [19433227096.77778, [400883.02777777775, 25656356, 820923384, 1023524, 102001848, 797857]] [15171136590.0, [309231.0, 19783791, 633078564, 629871, 85328676, 668271]] [1266394300.0, [26090.0, 1669150, 53412640, 104990, 6677280, 52170]] [20626358076.0, [425444.0, 27227206, 871270432, 309382, 108910624, 850868]] [1553836508.0, [32050.0, 2050822, 65626160, 32966, 8203312, 64094]] [1162963520370.0, [23974926.0, 1534385247, 49100323923, 42720639, 6138057555, 47954907]] [36506921040.0, [752720.0, 48173174, 1541541568, 1830838, 192138944, 1505427]]
Model_cost: [14872264201.351665, [971.9054166666666, 20907556, 668963704, 938564, 49400505, 195362]] [3908155602.0, [3786.0, 2666607, 85328676, 86895, 77870628, 304299]] [301671174.6666667, [12.666666666666666, 195230, 6247200, 13150, 6247200, 26250]] [5044153791.333334, [1270.8333333333333, 3327942, 106002464, 38734, 103509152, 416027]] [918534106.4, [182.8, 1096070, 34746416, 38534, 7768304, 30576]] [296155733633.4001, [629.5500000000001, 191813655, 6138012243, 5340891, 6137123727, 23973306]] [1379270909.5134616, [77.62548076923076, 1027510, 32839552, 60318, 25506688, 101907]]
Arch_Param: [32, 4096, 32768, 8, 512, 512]
Samsung_cost: [19433227096.77778, [400883.02777777775, 25656356, 820923384, 1023524, 102001848, 797857]] [15171136590.0, [309231.0, 19783791, 633078564, 629871, 85328676, 668271]] [1266394300.0, [26090.0, 1669150, 53412640, 104990, 6677280, 52170]] [20626358076.0, [425444.0, 27227206, 871270432, 309382, 108910624, 850868]] [1553836508.0, [32050.0, 2050822, 65626160, 32966, 8203312, 64094]] [1162963520370.0, [23974926.0, 1534385247, 49100323923, 42720639, 6138057555, 47954907]] [36506921040.0, [752720.0, 48173174, 1541541568, 1830838, 192138944, 1505427]]
Model_cost: [14872264201.351665, [971.9054166666666, 20907556, 668963704, 938564, 49400505, 195362]] [3908155602.0, [3786.0, 2666607, 85328676, 86895, 77870628, 304299]] [301671174.6666667, [12.666666666666666, 195230, 6247200, 13150, 6247200, 26250]] [5044153791.333334, [1270.8333333333333, 3327942, 106002464, 38734, 103509152, 416027]] [918171900.0, [184.0, 1087878, 34713648, 22150, 7792880, 30512]] [296155733633.4001, [629.5500000000001, 191813655, 6138012243, 5340891, 6137123727, 23973306]] [1379270909.5134616, [77.62548076923076, 1027510, 32839552, 60318, 25506688, 101907]]
Arch_Param: [32, 4096, 32768, 8, 1024, 64]
Samsung_cost: [19501192970.77778, [400883.02777777775, 12834849, 820923384, 6444065, 102001848, 797857]] [15225781326.0, [309231.0, 9891951, 633078564, 4912239, 85328676, 668271]] [1269926840.0, [26090.0, 834580, 53412640, 417300, 6677280, 52170]] [20714847408.0, [425444.0, 13613608, 871270432, 6806824, 108910624, 850868]] [1560289244.0, [32050.0, 1025414, 65626160, 512710, 8203312, 64094]] [1167394141170.0, [23974926.0, 767192703, 49100323923, 383602047, 6138057555, 47954907]] [36636781266.0, [752720.0, 24086587, 1541541568, 12112955, 192138944, 1505427]]
Model_cost: [14869650660.951668, [971.1054166666667, 10460257, 668963704, 2718625, 49400505, 195874]] [3902822610.0, [3786.0, 1333359, 85328676, 86895, 77870628, 304299]] [301306114.6666667, [12.666666666666666, 104020, 6247200, 13140, 6247200, 26250]] [5037563827.333334, [1270.8333333333333, 1680616, 106002464, 38704, 103509152, 416027]] [915979488.0, [183.0, 547334, 34713648, 52870, 7767792, 30384]] [295772108177.4001, [629.5500000000001, 95907291, 6138012243, 5340891, 6137123727, 23973306]] [1377330687.5134616, [77.62548076923076, 515323, 32839552, 65251, 25506688, 101907]]
Arch_Param: [32, 4096, 32768, 8, 1024, 128]
Samsung_cost: [19381941002.77778, [400883.02777777775, 12834849, 820923384, 1023521, 102001848, 797857]] [15131569230.0, [309231.0, 9891951, 633078564, 629871, 85328676, 668271]] [1263055800.0, [26090.0, 834580, 53412640, 104980, 6677280, 52170]] [20571903024.0, [425444.0, 13613608, 871270432, 309352, 108910624, 850868]] [1549734876.0, [32050.0, 1025414, 65626160, 32966, 8203312, 64094]] [1159894750194.0, [23974926.0, 767192703, 49100323923, 42720639, 6138057555, 47954907]] [36410573394.0, [752720.0, 24086587, 1541541568, 1830779, 192138944, 1505427]]
Model_cost: [14869650660.951668, [971.1054166666667, 10460257, 668963704, 2718625, 49400505, 195874]] [3902822610.0, [3786.0, 1333359, 85328676, 86895, 77870628, 304299]] [301306114.6666667, [12.666666666666666, 104020, 6247200, 13140, 6247200, 26250]] [5037563827.333334, [1270.8333333333333, 1680616, 106002464, 38704, 103509152, 416027]] [915979488.0, [183.0, 547334, 34713648, 52870, 7767792, 30384]] [295772108177.4001, [629.5500000000001, 95907291, 6138012243, 5340891, 6137123727, 23973306]] [1377330687.5134616, [77.62548076923076, 515323, 32839552, 65251, 25506688, 101907]]
Arch_Param: [32, 4096, 32768, 8, 1024, 256]
Samsung_cost: [19381941002.77778, [400883.02777777775, 12834849, 820923384, 1023521, 102001848, 797857]] [15131569230.0, [309231.0, 9891951, 633078564, 629871, 85328676, 668271]] [1263055800.0, [26090.0, 834580, 53412640, 104980, 6677280, 52170]] [20571903024.0, [425444.0, 13613608, 871270432, 309352, 108910624, 850868]] [1549734876.0, [32050.0, 1025414, 65626160, 32966, 8203312, 64094]] [1159894750194.0, [23974926.0, 767192703, 49100323923, 42720639, 6138057555, 47954907]] [36410573394.0, [752720.0, 24086587, 1541541568, 1830779, 192138944, 1505427]]
Model_cost: [14830474939.351665, [971.9054166666666, 10460257, 668963704, 938561, 49400505, 195362]] [3902822610.0, [3786.0, 1333359, 85328676, 86895, 77870628, 304299]] [301306114.6666667, [12.666666666666666, 104020, 6247200, 13140, 6247200, 26250]] [5037563827.333334, [1270.8333333333333, 1680616, 106002464, 38704, 103509152, 416027]] [915844320.0, [183.0, 547334, 34713648, 46726, 7767792, 30384]] [295772108177.4001, [629.5500000000001, 95907291, 6138012243, 5340891, 6137123727, 23973306]] [1377220863.5134616, [77.62548076923076, 515323, 32839552, 60259, 25506688, 101907]]
Arch_Param: [32, 4096, 32768, 8, 1024, 512]
Samsung_cost: [19381941002.77778, [400883.02777777775, 12834849, 820923384, 1023521, 102001848, 797857]] [15131569230.0, [309231.0, 9891951, 633078564, 629871, 85328676, 668271]] [1263055800.0, [26090.0, 834580, 53412640, 104980, 6677280, 52170]] [20571903024.0, [425444.0, 13613608, 871270432, 309352, 108910624, 850868]] [1549734876.0, [32050.0, 1025414, 65626160, 32966, 8203312, 64094]] [1159894750194.0, [23974926.0, 767192703, 49100323923, 42720639, 6138057555, 47954907]] [36410573394.0, [752720.0, 24086587, 1541541568, 1830779, 192138944, 1505427]]
Model_cost: [14830474939.351665, [971.9054166666666, 10460257, 668963704, 938561, 49400505, 195362]] [3902822610.0, [3786.0, 1333359, 85328676, 86895, 77870628, 304299]] [301306114.6666667, [12.666666666666666, 104020, 6247200, 13140, 6247200, 26250]] [5037563827.333334, [1270.8333333333333, 1680616, 106002464, 38704, 103509152, 416027]] [915844320.0, [183.0, 547334, 34713648, 46726, 7767792, 30384]] [295772108177.4001, [629.5500000000001, 95907291, 6138012243, 5340891, 6137123727, 23973306]] [1377220863.5134616, [77.62548076923076, 515323, 32839552, 60259, 25506688, 101907]]
Arch_Param: [32, 4096, 32768, 16, 256, 64]
Samsung_cost: [9876348661.444445, [201309.69444444444, 25765441, 412206072, 3236929, 51465400, 403041]] [15344483406.0, [309231.0, 39567471, 633078564, 4912239, 85328676, 668271]] [1279942340.0, [26090.0, 3338290, 53412640, 417330, 6677280, 52170]] [20878212564.0, [425444.0, 54454402, 871270432, 6806914, 108910624, 850868]] [1514978916.0, [30876.0, 3951366, 63221808, 493926, 7902768, 61746]] [1176600451698.0, [23974926.0, 3068770335, 49100323923, 383602047, 6138057555, 47954907]] [36469648076.0, [743120.0, 95117548, 1521880768, 11924716, 190238400, 1490579]]
Model_cost: [8693081914.338333, [533.0120833333333, 22447809, 359126200, 1456961, 49400505, 195874]] [3918821586.0, [3786.0, 5333103, 85328676, 86895, 77870628, 304299]] [302452494.6666667, [12.666666666666666, 390450, 6247200, 13170, 6247200, 26250]] [5057384919.333334, [1270.8333333333333, 6635394, 106002464, 38794, 103509152, 416027]] [570670788.9777778, [95.17777777777778, 1085830, 17373232, 22342, 7768304, 30576]] [296922984545.4001, [629.5500000000001, 383626383, 6138012243, 5340891, 6137123727, 23973306]] [1295521048.3711538, [60.441826923076924, 1783660, 28517760, 44948, 25506688, 101907]]
Arch_Param: [32, 4096, 32768, 16, 256, 128]
Samsung_cost: [9816564981.444445, [201309.69444444444, 25765441, 412206072, 519489, 51465400, 403041]] [15250271310.0, [309231.0, 39567471, 633078564, 629871, 85328676, 668271]] [1273071300.0, [26090.0, 3338290, 53412640, 105010, 6677280, 52170]] [20735268180.0, [425444.0, 54454402, 871270432, 309442, 108910624, 850868]] [1504768100.0, [30876.0, 3951366, 63221808, 29798, 7902768, 61746]] [1169101060722.0, [23974926.0, 3068770335, 49100323923, 42720639, 6138057555, 47954907]] [36245152332.0, [743120.0, 95117548, 1521880768, 1720364, 190238400, 1490579]]
Model_cost: [8671980643.938334, [532.2120833333333, 22447809, 359126200, 498465, 49400505, 195362]] [3918821586.0, [3786.0, 5333103, 85328676, 86895, 77870628, 304299]] [302452494.6666667, [12.666666666666666, 390450, 6247200, 13170, 6247200, 26250]] [5057384919.333334, [1270.8333333333333, 6635394, 106002464, 38794, 103509152, 416027]] [570603204.9777778, [95.17777777777778, 1085830, 17373232, 19270, 7768304, 30576]] [296922984545.4001, [629.5500000000001, 383626383, 6138012243, 5340891, 6137123727, 23973306]] [1295461903.9711537, [60.14182692307692, 1783660, 28517760, 42260, 25506688, 101907]]
Arch_Param: [32, 4096, 32768, 16, 256, 256]
Samsung_cost: [9816564981.444445, [201309.69444444444, 25765441, 412206072, 519489, 51465400, 403041]] [15250271310.0, [309231.0, 39567471, 633078564, 629871, 85328676, 668271]] [1273071300.0, [26090.0, 3338290, 53412640, 105010, 6677280, 52170]] [20735268180.0, [425444.0, 54454402, 871270432, 309442, 108910624, 850868]] [1504768100.0, [30876.0, 3951366, 63221808, 29798, 7902768, 61746]] [1169101060722.0, [23974926.0, 3068770335, 49100323923, 42720639, 6138057555, 47954907]] [36245152332.0, [743120.0, 95117548, 1521880768, 1720364, 190238400, 1490579]]
Model_cost: [8671980643.938334, [532.2120833333333, 22447809, 359126200, 498465, 49400505, 195362]] [3918821586.0, [3786.0, 5333103, 85328676, 86895, 77870628, 304299]] [302452494.6666667, [12.666666666666666, 390450, 6247200, 13170, 6247200, 26250]] [5057384919.333334, [1270.8333333333333, 6635394, 106002464, 38794, 103509152, 416027]] [570603204.9777778, [95.17777777777778, 1085830, 17373232, 19270, 7768304, 30576]] [296922984545.4001, [629.5500000000001, 383626383, 6138012243, 5340891, 6137123727, 23973306]] [1295461903.9711537, [60.14182692307692, 1783660, 28517760, 42260, 25506688, 101907]]
Arch_Param: [32, 4096, 32768, 16, 512, 64]
Samsung_cost: [9824818179.444445, [201309.69444444444, 12882980, 412206072, 3236900, 51465400, 403041]] [15265348686.0, [309231.0, 19783791, 633078564, 4912239, 85328676, 668271]] [1273265340.0, [26090.0, 1669150, 53412640, 417310, 6677280, 52170]] [20769302460.0, [425444.0, 27227206, 871270432, 6806854, 108910624, 850868]] [1507076196.0, [30876.0, 1975686, 63221808, 493926, 7902768, 61746]] [1170462911346.0, [23974926.0, 1534385247, 49100323923, 383602047, 6138057555, 47954907]] [36279410384.0, [743120.0, 47558774, 1521880768, 11924598, 190238400, 1490579]]
Model_cost: [8648186696.338333, [533.0120833333333, 11224164, 359126200, 1456932, 49400505, 195874]] [3908155602.0, [3786.0, 2666607, 85328676, 86895, 77870628, 304299]] [301671174.6666667, [12.666666666666666, 195230, 6247200, 13150, 6247200, 26250]] [5044153791.333334, [1270.8333333333333, 3327942, 106002464, 38734, 103509152, 416027]] [568516309.7777778, [95.77777777777777, 543942, 17356848, 38726, 7767792, 30384]] [296155733633.4001, [629.5500000000001, 191813655, 6138012243, 5340891, 6137123727, 23973306]] [1291951132.3711538, [60.441826923076924, 891830, 28517760, 44830, 25506688, 101907]]
Arch_Param: [32, 4096, 32768, 16, 512, 128]
Samsung_cost: [9765034499.444445, [201309.69444444444, 12882980, 412206072, 519460, 51465400, 403041]] [15171136590.0, [309231.0, 19783791, 633078564, 629871, 85328676, 668271]] [1266394300.0, [26090.0, 1669150, 53412640, 104990, 6677280, 52170]] [20626358076.0, [425444.0, 27227206, 871270432, 309382, 108910624, 850868]] [1496865380.0, [30876.0, 1975686, 63221808, 29798, 7902768, 61746]] [1162963520370.0, [23974926.0, 1534385247, 49100323923, 42720639, 6138057555, 47954907]] [36054914640.0, [743120.0, 47558774, 1521880768, 1720246, 190238400, 1490579]]
Model_cost: [8627085425.938334, [532.2120833333333, 11224164, 359126200, 498436, 49400505, 195362]] [3908155602.0, [3786.0, 2666607, 85328676, 86895, 77870628, 304299]] [301671174.6666667, [12.666666666666666, 195230, 6247200, 13150, 6247200, 26250]] [5044153791.333334, [1270.8333333333333, 3327942, 106002464, 38734, 103509152, 416027]] [568448725.7777778, [95.77777777777777, 543942, 17356848, 35654, 7767792, 30384]] [296155733633.4001, [629.5500000000001, 191813655, 6138012243, 5340891, 6137123727, 23973306]] [1291891987.9711537, [60.14182692307692, 891830, 28517760, 42142, 25506688, 101907]]
Arch_Param: [32, 4096, 32768, 16, 512, 256]
Samsung_cost: [9765034499.444445, [201309.69444444444, 12882980, 412206072, 519460, 51465400, 403041]] [15171136590.0, [309231.0, 19783791, 633078564, 629871, 85328676, 668271]] [1266394300.0, [26090.0, 1669150, 53412640, 104990, 6677280, 52170]] [20626358076.0, [425444.0, 27227206, 871270432, 309382, 108910624, 850868]] [1496865380.0, [30876.0, 1975686, 63221808, 29798, 7902768, 61746]] [1162963520370.0, [23974926.0, 1534385247, 49100323923, 42720639, 6138057555, 47954907]] [36054914640.0, [743120.0, 47558774, 1521880768, 1720246, 190238400, 1490579]]
Model_cost: [8627085425.938334, [532.2120833333333, 11224164, 359126200, 498436, 49400505, 195362]] [3908155602.0, [3786.0, 2666607, 85328676, 86895, 77870628, 304299]] [301671174.6666667, [12.666666666666666, 195230, 6247200, 13150, 6247200, 26250]] [5044153791.333334, [1270.8333333333333, 3327942, 106002464, 38734, 103509152, 416027]] [568448725.7777778, [95.77777777777777, 543942, 17356848, 35654, 7767792, 30384]] [296155733633.4001, [629.5500000000001, 191813655, 6138012243, 5340891, 6137123727, 23973306]] [1291891987.9711537, [60.14182692307692, 891830, 28517760, 42142, 25506688, 101907]]
Arch_Param: [32, 4096, 32768, 16, 512, 512]
Samsung_cost: [9765034499.444445, [201309.69444444444, 12882980, 412206072, 519460, 51465400, 403041]] [15171136590.0, [309231.0, 19783791, 633078564, 629871, 85328676, 668271]] [1266394300.0, [26090.0, 1669150, 53412640, 104990, 6677280, 52170]] [20626358076.0, [425444.0, 27227206, 871270432, 309382, 108910624, 850868]] [1496865380.0, [30876.0, 1975686, 63221808, 29798, 7902768, 61746]] [1162963520370.0, [23974926.0, 1534385247, 49100323923, 42720639, 6138057555, 47954907]] [36054914640.0, [743120.0, 47558774, 1521880768, 1720246, 190238400, 1490579]]
Model_cost: [8626874225.938334, [532.2120833333333, 11224164, 359126200, 488836, 49400505, 195362]] [3908155602.0, [3786.0, 2666607, 85328676, 86895, 77870628, 304299]] [301671174.6666667, [12.666666666666666, 195230, 6247200, 13150, 6247200, 26250]] [5044153791.333334, [1270.8333333333333, 3327942, 106002464, 38734, 103509152, 416027]] [567880492.0, [95.0, 543942, 17356848, 9830, 7767792, 30381]] [296155733633.4001, [629.5500000000001, 191813655, 6138012243, 5340891, 6137123727, 23973306]] [1291891987.9711537, [60.14182692307692, 891830, 28517760, 42142, 25506688, 101907]]
Arch_Param: [32, 4096, 32768, 16, 1024, 64]
Samsung_cost: [9799066549.444445, [201309.69444444444, 6445089, 412206072, 3236897, 51465400, 403041]] [15225781326.0, [309231.0, 9891951, 633078564, 4912239, 85328676, 668271]] [1269926840.0, [26090.0, 834580, 53412640, 417300, 6677280, 52170]] [20714847408.0, [425444.0, 13613608, 871270432, 6806824, 108910624, 850868]] [1503124836.0, [30876.0, 987846, 63221808, 493926, 7902768, 61746]] [1167394141170.0, [23974926.0, 767192703, 49100323923, 383602047, 6138057555, 47954907]] [36184291538.0, [743120.0, 23779387, 1521880768, 11924539, 190238400, 1490579]]
Model_cost: [8625751802.338333, [533.0120833333333, 5615457, 359126200, 1456929, 49400505, 195874]] [3902822610.0, [3786.0, 1333359, 85328676, 86895, 77870628, 304299]] [301306114.6666667, [12.666666666666666, 104020, 6247200, 13140, 6247200, 26250]] [5037563827.333334, [1270.8333333333333, 1680616, 106002464, 38704, 103509152, 416027]] [567164885.7777778, [95.77777777777777, 273670, 17356848, 26438, 7767792, 30384]] [295772108177.4001, [629.5500000000001, 95907291, 6138012243, 5340891, 6137123727, 23973306]] [1290169374.3711538, [60.441826923076924, 446715, 28517760, 44771, 25506688, 101907]]
Arch_Param: [32, 4096, 32768, 16, 1024, 128]
Samsung_cost: [9739282869.444445, [201309.69444444444, 6445089, 412206072, 519457, 51465400, 403041]] [15131569230.0, [309231.0, 9891951, 633078564, 629871, 85328676, 668271]] [1263055800.0, [26090.0, 834580, 53412640, 104980, 6677280, 52170]] [20571903024.0, [425444.0, 13613608, 871270432, 309352, 108910624, 850868]] [1492914020.0, [30876.0, 987846, 63221808, 29798, 7902768, 61746]] [1159894750194.0, [23974926.0, 767192703, 49100323923, 42720639, 6138057555, 47954907]] [35959795794.0, [743120.0, 23779387, 1521880768, 1720187, 190238400, 1490579]]
Model_cost: [8604650531.938334, [532.2120833333333, 5615457, 359126200, 498433, 49400505, 195362]] [3902822610.0, [3786.0, 1333359, 85328676, 86895, 77870628, 304299]] [301306114.6666667, [12.666666666666666, 104020, 6247200, 13140, 6247200, 26250]] [5037563827.333334, [1270.8333333333333, 1680616, 106002464, 38704, 103509152, 416027]] [567097301.7777778, [95.77777777777777, 273670, 17356848, 23366, 7767792, 30384]] [295772108177.4001, [629.5500000000001, 95907291, 6138012243, 5340891, 6137123727, 23973306]] [1290110229.9711537, [60.14182692307692, 446715, 28517760, 42083, 25506688, 101907]]
Arch_Param: [32, 4096, 32768, 16, 1024, 256]
Samsung_cost: [9739282869.444445, [201309.69444444444, 6445089, 412206072, 519457, 51465400, 403041]] [15131569230.0, [309231.0, 9891951, 633078564, 629871, 85328676, 668271]] [1263055800.0, [26090.0, 834580, 53412640, 104980, 6677280, 52170]] [20571903024.0, [425444.0, 13613608, 871270432, 309352, 108910624, 850868]] [1492914020.0, [30876.0, 987846, 63221808, 29798, 7902768, 61746]] [1159894750194.0, [23974926.0, 767192703, 49100323923, 42720639, 6138057555, 47954907]] [35959795794.0, [743120.0, 23779387, 1521880768, 1720187, 190238400, 1490579]]
Model_cost: [8604650531.938334, [532.2120833333333, 5615457, 359126200, 498433, 49400505, 195362]] [3902822610.0, [3786.0, 1333359, 85328676, 86895, 77870628, 304299]] [301306114.6666667, [12.666666666666666, 104020, 6247200, 13140, 6247200, 26250]] [5037563827.333334, [1270.8333333333333, 1680616, 106002464, 38704, 103509152, 416027]] [567097301.7777778, [95.77777777777777, 273670, 17356848, 23366, 7767792, 30384]] [295772108177.4001, [629.5500000000001, 95907291, 6138012243, 5340891, 6137123727, 23973306]] [1290110229.9711537, [60.14182692307692, 446715, 28517760, 42083, 25506688, 101907]]
Arch_Param: [32, 4096, 32768, 16, 1024, 512]
Samsung_cost: [9739282869.444445, [201309.69444444444, 6445089, 412206072, 519457, 51465400, 403041]] [15131569230.0, [309231.0, 9891951, 633078564, 629871, 85328676, 668271]] [1263055800.0, [26090.0, 834580, 53412640, 104980, 6677280, 52170]] [20571903024.0, [425444.0, 13613608, 871270432, 309352, 108910624, 850868]] [1492914020.0, [30876.0, 987846, 63221808, 29798, 7902768, 61746]] [1159894750194.0, [23974926.0, 767192703, 49100323923, 42720639, 6138057555, 47954907]] [35959795794.0, [743120.0, 23779387, 1521880768, 1720187, 190238400, 1490579]]
Model_cost: [8604439331.938334, [532.2120833333333, 5615457, 359126200, 488833, 49400505, 195362]] [3902822610.0, [3786.0, 1333359, 85328676, 86895, 77870628, 304299]] [301306114.6666667, [12.666666666666666, 104020, 6247200, 13140, 6247200, 26250]] [5037563827.333334, [1270.8333333333333, 1680616, 106002464, 38704, 103509152, 416027]] [566796716.0, [95.0, 272998, 17356848, 9830, 7767792, 30381]] [295772108177.4001, [629.5500000000001, 95907291, 6138012243, 5340891, 6137123727, 23973306]] [1290110229.9711537, [60.14182692307692, 446715, 28517760, 42083, 25506688, 101907]]
Arch_Param: [32, 4096, 32768, 32, 256, 64]
Samsung_cost: [9631418698.777779, [196211.02777777778, 25112129, 401768440, 3146817, 50351288, 394337]] [15344483406.0, [309231.0, 39567471, 633078564, 4912239, 85328676, 668271]] [1279942340.0, [26090.0, 3338290, 53412640, 417330, 6677280, 52170]] [20878212564.0, [425444.0, 54454402, 871270432, 6806914, 108910624, 850868]] [1498734760.0, [30545.0, 3908998, 62543920, 488630, 7818032, 61084]] [1176600451698.0, [23974926.0, 3068770335, 49100323923, 383602047, 6138057555, 47954907]] [36419394252.0, [742096.0, 94986476, 1519783616, 11908332, 189976256, 1488531]]
Model_cost: [5531168879.218333, [315.47208333333333, 12767937, 204263608, 278721, 49400505, 195362]] [3918821586.0, [3786.0, 5333103, 85328676, 86895, 77870628, 304299]] [302452494.6666667, [12.666666666666666, 390450, 6247200, 13170, 6247200, 26250]] [5057384919.333334, [1270.8333333333333, 6635394, 106002464, 38794, 103509152, 416027]] [394486564.4888889, [50.58888888888889, 542918, 8686640, 9638, 7768304, 30576]] [296922984545.4001, [629.5500000000001, 383626383, 6138012243, 5340891, 6137123727, 23973306]] [1251501039.8, [49.85, 1647980, 26356864, 33172, 25506688, 101907]]
Arch_Param: [32, 4096, 32768, 32, 256, 128]
Samsung_cost: [9572806474.777779, [196211.02777777778, 25112129, 401768440, 482625, 50351288, 394337]] [15250271310.0, [309231.0, 39567471, 633078564, 629871, 85328676, 668271]] [1273071300.0, [26090.0, 3338290, 53412640, 105010, 6677280, 52170]] [20735268180.0, [425444.0, 54454402, 871270432, 309442, 108910624, 850868]] [1488616872.0, [30545.0, 3908998, 62543920, 28726, 7818032, 61084]] [1169101060722.0, [23974926.0, 3068770335, 49100323923, 42720639, 6138057555, 47954907]] [36195078732.0, [742096.0, 94986476, 1519783616, 1712172, 189976256, 1488531]]
Model_cost: [5531168879.218333, [315.47208333333333, 12767937, 204263608, 278721, 49400505, 195362]] [3918821586.0, [3786.0, 5333103, 85328676, 86895, 77870628, 304299]] [302452494.6666667, [12.666666666666666, 390450, 6247200, 13170, 6247200, 26250]] [5057384919.333334, [1270.8333333333333, 6635394, 106002464, 38794, 103509152, 416027]] [394486564.4888889, [50.58888888888889, 542918, 8686640, 9638, 7768304, 30576]] [296922984545.4001, [629.5500000000001, 383626383, 6138012243, 5340891, 6137123727, 23973306]] [1251501039.8, [49.85, 1647980, 26356864, 33172, 25506688, 101907]]
Arch_Param: [32, 4096, 32768, 32, 256, 256]
Samsung_cost: [9572806474.777779, [196211.02777777778, 25112129, 401768440, 482625, 50351288, 394337]] [15250271310.0, [309231.0, 39567471, 633078564, 629871, 85328676, 668271]] [1273071300.0, [26090.0, 3338290, 53412640, 105010, 6677280, 52170]] [20735268180.0, [425444.0, 54454402, 871270432, 309442, 108910624, 850868]] [1488616872.0, [30545.0, 3908998, 62543920, 28726, 7818032, 61084]] [1169101060722.0, [23974926.0, 3068770335, 49100323923, 42720639, 6138057555, 47954907]] [36195078732.0, [742096.0, 94986476, 1519783616, 1712172, 189976256, 1488531]]
Model_cost: [5531059055.218333, [315.47208333333333, 12767937, 204263608, 273729, 49400505, 195362]] [3918821586.0, [3786.0, 5333103, 85328676, 86895, 77870628, 304299]] [302452494.6666667, [12.666666666666666, 390450, 6247200, 13170, 6247200, 26250]] [5057384919.333334, [1270.8333333333333, 6635394, 106002464, 38794, 103509152, 416027]] [394199114.0, [51.5, 542918, 8678448, 4918, 7767792, 30381]] [296922984545.4001, [629.5500000000001, 383626383, 6138012243, 5340891, 6137123727, 23973306]] [1251501039.8, [49.85, 1647980, 26356864, 33172, 25506688, 101907]]
Arch_Param: [32, 4096, 32768, 32, 512, 64]
Samsung_cost: [9581194840.777779, [196211.02777777778, 12556324, 401768440, 3146788, 50351288, 394337]] [15265348686.0, [309231.0, 19783791, 633078564, 4912239, 85328676, 668271]] [1273265340.0, [26090.0, 1669150, 53412640, 417310, 6677280, 52170]] [20769302460.0, [425444.0, 27227206, 871270432, 6806854, 108910624, 850868]] [1490916776.0, [30545.0, 1954502, 62543920, 488630, 7818032, 61084]] [1170462911346.0, [23974926.0, 1534385247, 49100323923, 383602047, 6138057555, 47954907]] [36229418704.0, [742096.0, 47493238, 1519783616, 11908214, 189976256, 1488531]]
Model_cost: [5505633405.218333, [315.47208333333333, 6384228, 204263608, 278692, 49400505, 195362]] [3908155602.0, [3786.0, 2666607, 85328676, 86895, 77870628, 304299]] [301671174.6666667, [12.666666666666666, 195230, 6247200, 13150, 6247200, 26250]] [5044153791.333334, [1270.8333333333333, 3327942, 106002464, 38734, 103509152, 416027]] [393399482.8888889, [51.388888888888886, 271974, 8678448, 17830, 7767792, 30384]] [296155733633.4001, [629.5500000000001, 191813655, 6138012243, 5340891, 6137123727, 23973306]] [1248202483.8, [49.85, 823990, 26356864, 33054, 25506688, 101907]]
Arch_Param: [32, 4096, 32768, 32, 512, 128]
Samsung_cost: [9522582616.777779, [196211.02777777778, 12556324, 401768440, 482596, 50351288, 394337]] [15171136590.0, [309231.0, 19783791, 633078564, 629871, 85328676, 668271]] [1266394300.0, [26090.0, 1669150, 53412640, 104990, 6677280, 52170]] [20626358076.0, [425444.0, 27227206, 871270432, 309382, 108910624, 850868]] [1480798888.0, [30545.0, 1954502, 62543920, 28726, 7818032, 61084]] [1162963520370.0, [23974926.0, 1534385247, 49100323923, 42720639, 6138057555, 47954907]] [36005103184.0, [742096.0, 47493238, 1519783616, 1712054, 189976256, 1488531]]
Model_cost: [5505633405.218333, [315.47208333333333, 6384228, 204263608, 278692, 49400505, 195362]] [3908155602.0, [3786.0, 2666607, 85328676, 86895, 77870628, 304299]] [301671174.6666667, [12.666666666666666, 195230, 6247200, 13150, 6247200, 26250]] [5044153791.333334, [1270.8333333333333, 3327942, 106002464, 38734, 103509152, 416027]] [393399482.8888889, [51.388888888888886, 271974, 8678448, 17830, 7767792, 30384]] [296155733633.4001, [629.5500000000001, 191813655, 6138012243, 5340891, 6137123727, 23973306]] [1248202483.8, [49.85, 823990, 26356864, 33054, 25506688, 101907]]
Arch_Param: [32, 4096, 32768, 32, 512, 256]
Samsung_cost: [9522582616.777779, [196211.02777777778, 12556324, 401768440, 482596, 50351288, 394337]] [15171136590.0, [309231.0, 19783791, 633078564, 629871, 85328676, 668271]] [1266394300.0, [26090.0, 1669150, 53412640, 104990, 6677280, 52170]] [20626358076.0, [425444.0, 27227206, 871270432, 309382, 108910624, 850868]] [1480798888.0, [30545.0, 1954502, 62543920, 28726, 7818032, 61084]] [1162963520370.0, [23974926.0, 1534385247, 49100323923, 42720639, 6138057555, 47954907]] [36005103184.0, [742096.0, 47493238, 1519783616, 1712054, 189976256, 1488531]]
Model_cost: [5505523581.218333, [315.47208333333333, 6384228, 204263608, 273700, 49400505, 195362]] [3908155602.0, [3786.0, 2666607, 85328676, 86895, 77870628, 304299]] [301671174.6666667, [12.666666666666666, 195230, 6247200, 13150, 6247200, 26250]] [5044153791.333334, [1270.8333333333333, 3327942, 106002464, 38734, 103509152, 416027]] [393115338.0, [51.5, 271974, 8678448, 4918, 7767792, 30381]] [296155733633.4001, [629.5500000000001, 191813655, 6138012243, 5340891, 6137123727, 23973306]] [1248202483.8, [49.85, 823990, 26356864, 33054, 25506688, 101907]]
Arch_Param: [32, 4096, 32768, 32, 512, 512]
Samsung_cost: [9522582616.777779, [196211.02777777778, 12556324, 401768440, 482596, 50351288, 394337]] [15171136590.0, [309231.0, 19783791, 633078564, 629871, 85328676, 668271]] [1266394300.0, [26090.0, 1669150, 53412640, 104990, 6677280, 52170]] [20626358076.0, [425444.0, 27227206, 871270432, 309382, 108910624, 850868]] [1480798888.0, [30545.0, 1954502, 62543920, 28726, 7818032, 61084]] [1162963520370.0, [23974926.0, 1534385247, 49100323923, 42720639, 6138057555, 47954907]] [36005103184.0, [742096.0, 47493238, 1519783616, 1712054, 189976256, 1488531]]
Model_cost: [5505523581.218333, [315.47208333333333, 6384228, 204263608, 273700, 49400505, 195362]] [3908155602.0, [3786.0, 2666607, 85328676, 86895, 77870628, 304299]] [301671174.6666667, [12.666666666666666, 195230, 6247200, 13150, 6247200, 26250]] [5044153791.333334, [1270.8333333333333, 3327942, 106002464, 38734, 103509152, 416027]] [393115338.0, [51.5, 271974, 8678448, 4918, 7767792, 30381]] [296155733633.4001, [629.5500000000001, 191813655, 6138012243, 5340891, 6137123727, 23973306]] [1248202483.8, [49.85, 823990, 26356864, 33054, 25506688, 101907]]
Arch_Param: [32, 4096, 32768, 32, 1024, 64]
Samsung_cost: [9556090378.777779, [196211.02777777778, 6280225, 401768440, 3146785, 50351288, 394337]] [15225781326.0, [309231.0, 9891951, 633078564, 4912239, 85328676, 668271]] [1269926840.0, [26090.0, 834580, 53412640, 417300, 6677280, 52170]] [20714847408.0, [425444.0, 13613608, 871270432, 6806824, 108910624, 850868]] [1487007784.0, [30545.0, 977254, 62543920, 488630, 7818032, 61084]] [1167394141170.0, [23974926.0, 767192703, 49100323923, 383602047, 6138057555, 47954907]] [36134430930.0, [742096.0, 23746619, 1519783616, 11908155, 189976256, 1488531]]
Model_cost: [5492872239.218333, [315.47208333333333, 3193953, 204263608, 278689, 49400505, 195362]] [3902822610.0, [3786.0, 1333359, 85328676, 86895, 77870628, 304299]] [301306114.6666667, [12.666666666666666, 104020, 6247200, 13140, 6247200, 26250]] [5037563827.333334, [1270.8333333333333, 1680616, 106002464, 38704, 103509152, 416027]] [392723770.8888889, [51.388888888888886, 136838, 8678448, 11686, 7767792, 30384]] [295772108177.4001, [629.5500000000001, 95907291, 6138012243, 5340891, 6137123727, 23973306]] [1246554869.8, [49.85, 412411, 26356864, 32995, 25506688, 101907]]
Arch_Param: [32, 4096, 32768, 32, 1024, 128]
Samsung_cost: [9497478154.777779, [196211.02777777778, 6280225, 401768440, 482593, 50351288, 394337]] [15131569230.0, [309231.0, 9891951, 633078564, 629871, 85328676, 668271]] [1263055800.0, [26090.0, 834580, 53412640, 104980, 6677280, 52170]] [20571903024.0, [425444.0, 13613608, 871270432, 309352, 108910624, 850868]] [1476889896.0, [30545.0, 977254, 62543920, 28726, 7818032, 61084]] [1159894750194.0, [23974926.0, 767192703, 49100323923, 42720639, 6138057555, 47954907]] [35910115410.0, [742096.0, 23746619, 1519783616, 1711995, 189976256, 1488531]]
Model_cost: [5492872239.218333, [315.47208333333333, 3193953, 204263608, 278689, 49400505, 195362]] [3902822610.0, [3786.0, 1333359, 85328676, 86895, 77870628, 304299]] [301306114.6666667, [12.666666666666666, 104020, 6247200, 13140, 6247200, 26250]] [5037563827.333334, [1270.8333333333333, 1680616, 106002464, 38704, 103509152, 416027]] [392723770.8888889, [51.388888888888886, 136838, 8678448, 11686, 7767792, 30384]] [295772108177.4001, [629.5500000000001, 95907291, 6138012243, 5340891, 6137123727, 23973306]] [1246554869.8, [49.85, 412411, 26356864, 32995, 25506688, 101907]]
Arch_Param: [32, 4096, 32768, 32, 1024, 256]
Samsung_cost: [9497478154.777779, [196211.02777777778, 6280225, 401768440, 482593, 50351288, 394337]] [15131569230.0, [309231.0, 9891951, 633078564, 629871, 85328676, 668271]] [1263055800.0, [26090.0, 834580, 53412640, 104980, 6677280, 52170]] [20571903024.0, [425444.0, 13613608, 871270432, 309352, 108910624, 850868]] [1476889896.0, [30545.0, 977254, 62543920, 28726, 7818032, 61084]] [1159894750194.0, [23974926.0, 767192703, 49100323923, 42720639, 6138057555, 47954907]] [35910115410.0, [742096.0, 23746619, 1519783616, 1711995, 189976256, 1488531]]
Model_cost: [5492762415.218333, [315.47208333333333, 3193953, 204263608, 273697, 49400505, 195362]] [3902822610.0, [3786.0, 1333359, 85328676, 86895, 77870628, 304299]] [301306114.6666667, [12.666666666666666, 104020, 6247200, 13140, 6247200, 26250]] [5037563827.333334, [1270.8333333333333, 1680616, 106002464, 38704, 103509152, 416027]] [392573450.0, [51.5, 136502, 8678448, 4918, 7767792, 30381]] [295772108177.4001, [629.5500000000001, 95907291, 6138012243, 5340891, 6137123727, 23973306]] [1246554869.8, [49.85, 412411, 26356864, 32995, 25506688, 101907]]
Arch_Param: [32, 4096, 32768, 32, 1024, 512]
Samsung_cost: [9497478154.777779, [196211.02777777778, 6280225, 401768440, 482593, 50351288, 394337]] [15131569230.0, [309231.0, 9891951, 633078564, 629871, 85328676, 668271]] [1263055800.0, [26090.0, 834580, 53412640, 104980, 6677280, 52170]] [20571903024.0, [425444.0, 13613608, 871270432, 309352, 108910624, 850868]] [1476889896.0, [30545.0, 977254, 62543920, 28726, 7818032, 61084]] [1159894750194.0, [23974926.0, 767192703, 49100323923, 42720639, 6138057555, 47954907]] [35910115410.0, [742096.0, 23746619, 1519783616, 1711995, 189976256, 1488531]]
Model_cost: [5492762415.218333, [315.47208333333333, 3193953, 204263608, 273697, 49400505, 195362]] [3902822610.0, [3786.0, 1333359, 85328676, 86895, 77870628, 304299]] [301306114.6666667, [12.666666666666666, 104020, 6247200, 13140, 6247200, 26250]] [5037563827.333334, [1270.8333333333333, 1680616, 106002464, 38704, 103509152, 416027]] [392573450.0, [51.5, 136502, 8678448, 4918, 7767792, 30381]] [295772108177.4001, [629.5500000000001, 95907291, 6138012243, 5340891, 6137123727, 23973306]] [1246554869.8, [49.85, 412411, 26356864, 32995, 25506688, 101907]]
Arch_Param: [32, 4096, 16384, 4, 256, 64]
Samsung_cost: [39235014176.0, [1600113.5, 102405697, 1638358008, 12858433, 203074744, 1587489]] [15353138766.0, [618351.0, 39567471, 633078564, 4912239, 85328676, 668271]] [1280672580.0, [52170.0, 3338290, 53412640, 417330, 6677280, 52170]] [20890124436.0, [850868.0, 54454402, 871270432, 6806914, 108910624, 850868]] [1688787564.0, [68790.0, 4402182, 70434864, 550278, 8804400, 68790]] [1177271745174.0, [47949693.0, 3068770335, 49100323923, 383602047, 6138057555, 47954907]] [37859789772.0, [1543824.0, 98803948, 1580863168, 12489964, 195940032, 1535123]]
Model_cost: [27604526265.12162, [3646.1114864864867, 80564801, 1288904952, 5243969, 49400505, 195874]] [5505205422.0, [7899.0, 10223727, 163578660, 164463, 77870628, 304299]] [302452569.3333333, [15.333333333333332, 390450, 6247200, 13170, 6247200, 26250]] [5057419662.666666, [2511.6666666666665, 6635394, 106002464, 38794, 103509152, 416027]] [1632223932.0, [712.0, 4343302, 69492784, 300294, 7768304, 30576]] [421323270831.5999, [1465.2000000000003, 767215743, 12275433555, 10680855, 6137123727, 23973306]] [1685037335.55, [220.41250000000002, 2983404, 47652928, 135636, 25506688, 102419]]
Arch_Param: [32, 4096, 16384, 4, 256, 128]
Samsung_cost: [38996825632.0, [1600113.5, 102405697, 1638358008, 2031681, 203074744, 1587489]] [15258926670.0, [618351.0, 39567471, 633078564, 629871, 85328676, 668271]] [1273801540.0, [52170.0, 3338290, 53412640, 105010, 6677280, 52170]] [20747180052.0, [850868.0, 54454402, 871270432, 309442, 108910624, 850868]] [1677546092.0, [68790.0, 4402182, 70434864, 39302, 8804400, 68790]] [1169772354198.0, [47949693.0, 3068770335, 49100323923, 42720639, 6138057555, 47954907]] [37630157644.0, [1543824.0, 98803948, 1580863168, 2052140, 195940032, 1535123]]
Model_cost: [27604526265.12162, [3646.1114864864867, 80564801, 1288904952, 5243969, 49400505, 195874]] [5505205422.0, [7899.0, 10223727, 163578660, 164463, 77870628, 304299]] [302452569.3333333, [15.333333333333332, 390450, 6247200, 13170, 6247200, 26250]] [5057419662.666666, [2511.6666666666665, 6635394, 106002464, 38794, 103509152, 416027]] [1627583164.0, [712.0, 4343302, 69492784, 89350, 7768304, 30576]] [421323270831.5999, [1465.2000000000003, 767215743, 12275433555, 10680855, 6137123727, 23973306]] [1684530154.75, [218.8125, 2983404, 47652928, 113236, 25506688, 101907]]
Arch_Param: [32, 4096, 16384, 4, 256, 256]
Samsung_cost: [38996825632.0, [1600113.5, 102405697, 1638358008, 2031681, 203074744, 1587489]] [15258926670.0, [618351.0, 39567471, 633078564, 629871, 85328676, 668271]] [1273801540.0, [52170.0, 3338290, 53412640, 105010, 6677280, 52170]] [20747180052.0, [850868.0, 54454402, 871270432, 309442, 108910624, 850868]] [1677546092.0, [68790.0, 4402182, 70434864, 39302, 8804400, 68790]] [1169772354198.0, [47949693.0, 3068770335, 49100323923, 42720639, 6138057555, 47954907]] [37630157644.0, [1543824.0, 98803948, 1580863168, 2052140, 195940032, 1535123]]
Model_cost: [27604526265.12162, [3646.1114864864867, 80564801, 1288904952, 5243969, 49400505, 195874]] [5505205422.0, [7899.0, 10223727, 163578660, 164463, 77870628, 304299]] [302452569.3333333, [15.333333333333332, 390450, 6247200, 13170, 6247200, 26250]] [5057419662.666666, [2511.6666666666665, 6635394, 106002464, 38794, 103509152, 416027]] [1627583164.0, [712.0, 4343302, 69492784, 89350, 7768304, 30576]] [421323270831.5999, [1465.2000000000003, 767215743, 12275433555, 10680855, 6137123727, 23973306]] [1684530154.75, [218.8125, 2983404, 47652928, 113236, 25506688, 101907]]
Arch_Param: [32, 4096, 16384, 4, 512, 64]
Samsung_cost: [39030203182.0, [1600113.5, 51203108, 1638358008, 12858404, 203074744, 1587489]] [15274004046.0, [618351.0, 19783791, 633078564, 4912239, 85328676, 668271]] [1273995580.0, [52170.0, 1669150, 53412640, 417310, 6677280, 52170]] [20781214332.0, [850868.0, 27227206, 871270432, 6806854, 108910624, 850868]] [1679983212.0, [68790.0, 2201094, 70434864, 550278, 8804400, 68790]] [1171134204822.0, [47949693.0, 1534385247, 49100323923, 383602047, 6138057555, 47954907]] [37662179280.0, [1543824.0, 49401974, 1580863168, 12489846, 195940032, 1535123]]
Model_cost: [27443397063.12162, [3646.1114864864867, 40282660, 1288904952, 5243940, 49400505, 195874]] [5484758190.0, [7899.0, 5111919, 163578660, 164463, 77870628, 304299]] [301671249.3333333, [15.333333333333332, 195230, 6247200, 13150, 6247200, 26250]] [5044188534.666666, [2511.6666666666665, 3327942, 106002464, 38734, 103509152, 416027]] [1623619260.0, [712.0, 2192134, 69492784, 300294, 7768304, 30576]] [419788842735.5999, [1465.2000000000003, 383608719, 12275433555, 10680855, 6137123727, 23973306]] [1679067931.55, [220.41250000000002, 1491702, 47652928, 135518, 25506688, 102419]]
Arch_Param: [32, 4096, 16384, 4, 512, 128]
Samsung_cost: [38792014638.0, [1600113.5, 51203108, 1638358008, 2031652, 203074744, 1587489]] [15179791950.0, [618351.0, 19783791, 633078564, 629871, 85328676, 668271]] [1267124540.0, [52170.0, 1669150, 53412640, 104990, 6677280, 52170]] [20638269948.0, [850868.0, 27227206, 871270432, 309382, 108910624, 850868]] [1668741740.0, [68790.0, 2201094, 70434864, 39302, 8804400, 68790]] [1163634813846.0, [47949693.0, 1534385247, 49100323923, 42720639, 6138057555, 47954907]] [37432547152.0, [1543824.0, 49401974, 1580863168, 2052022, 195940032, 1535123]]
Model_cost: [27443397063.12162, [3646.1114864864867, 40282660, 1288904952, 5243940, 49400505, 195874]] [5484758190.0, [7899.0, 5111919, 163578660, 164463, 77870628, 304299]] [301671249.3333333, [15.333333333333332, 195230, 6247200, 13150, 6247200, 26250]] [5044188534.666666, [2511.6666666666665, 3327942, 106002464, 38734, 103509152, 416027]] [1618978492.0, [712.0, 2192134, 69492784, 89350, 7768304, 30576]] [419788842735.5999, [1465.2000000000003, 383608719, 12275433555, 10680855, 6137123727, 23973306]] [1678560750.75, [218.8125, 1491702, 47652928, 113118, 25506688, 101907]]
Arch_Param: [32, 4096, 16384, 4, 512, 256]
Samsung_cost: [38792014638.0, [1600113.5, 51203108, 1638358008, 2031652, 203074744, 1587489]] [15179791950.0, [618351.0, 19783791, 633078564, 629871, 85328676, 668271]] [1267124540.0, [52170.0, 1669150, 53412640, 104990, 6677280, 52170]] [20638269948.0, [850868.0, 27227206, 871270432, 309382, 108910624, 850868]] [1668741740.0, [68790.0, 2201094, 70434864, 39302, 8804400, 68790]] [1163634813846.0, [47949693.0, 1534385247, 49100323923, 42720639, 6138057555, 47954907]] [37432547152.0, [1543824.0, 49401974, 1580863168, 2052022, 195940032, 1535123]]
Model_cost: [27443397063.12162, [3646.1114864864867, 40282660, 1288904952, 5243940, 49400505, 195874]] [5484758190.0, [7899.0, 5111919, 163578660, 164463, 77870628, 304299]] [301671249.3333333, [15.333333333333332, 195230, 6247200, 13150, 6247200, 26250]] [5044188534.666666, [2511.6666666666665, 3327942, 106002464, 38734, 103509152, 416027]] [1618978492.0, [712.0, 2192134, 69492784, 89350, 7768304, 30576]] [419788842735.5999, [1465.2000000000003, 383608719, 12275433555, 10680855, 6137123727, 23973306]] [1678560750.75, [218.8125, 1491702, 47652928, 113118, 25506688, 101907]]
Arch_Param: [32, 4096, 16384, 4, 512, 512]
Samsung_cost: [38792014638.0, [1600113.5, 51203108, 1638358008, 2031652, 203074744, 1587489]] [15179791950.0, [618351.0, 19783791, 633078564, 629871, 85328676, 668271]] [1267124540.0, [52170.0, 1669150, 53412640, 104990, 6677280, 52170]] [20638269948.0, [850868.0, 27227206, 871270432, 309382, 108910624, 850868]] [1668741740.0, [68790.0, 2201094, 70434864, 39302, 8804400, 68790]] [1163634813846.0, [47949693.0, 1534385247, 49100323923, 42720639, 6138057555, 47954907]] [37432547152.0, [1543824.0, 49401974, 1580863168, 2052022, 195940032, 1535123]]
Model_cost: [27368072215.12162, [3642.1114864864867, 40282660, 1288904952, 1820740, 49400505, 195362]] [5484758190.0, [7899.0, 5111919, 163578660, 164463, 77870628, 304299]] [301671249.3333333, [15.333333333333332, 195230, 6247200, 13150, 6247200, 26250]] [5044188534.666666, [2511.6666666666665, 3327942, 106002464, 38734, 103509152, 416027]] [1618708156.0, [712.0, 2192134, 69492784, 77062, 7768304, 30576]] [419788842735.5999, [1465.2000000000003, 383608719, 12275433555, 10680855, 6137123727, 23973306]] [1678349550.75, [218.8125, 1491702, 47652928, 103518, 25506688, 101907]]
Arch_Param: [32, 4096, 16384, 4, 1024, 64]
Samsung_cost: [38927848160.0, [1600113.5, 25614369, 1638358008, 12858401, 203074744, 1587489]] [15234436686.0, [618351.0, 9891951, 633078564, 4912239, 85328676, 668271]] [1270657080.0, [52170.0, 834580, 53412640, 417300, 6677280, 52170]] [20726759280.0, [850868.0, 13613608, 871270432, 6806824, 108910624, 850868]] [1675581036.0, [68790.0, 1100550, 70434864, 550278, 8804400, 68790]] [1168065434646.0, [47949693.0, 767192703, 49100323923, 383602047, 6138057555, 47954907]] [37563374034.0, [1543824.0, 24700987, 1580863168, 12489787, 195940032, 1535123]]
Model_cost: [27362882425.12162, [3646.1114864864867, 20154017, 1288904952, 5243937, 49400505, 195874]] [5474534574.0, [7899.0, 2556015, 163578660, 164463, 77870628, 304299]] [301306189.3333333, [15.333333333333332, 104020, 6247200, 13140, 6247200, 26250]] [5037598570.666666, [2511.6666666666665, 1680616, 106002464, 38704, 103509152, 416027]] [1618259360.0, [711.0, 1094662, 69427248, 316678, 7767792, 30384]] [419021628687.5999, [1465.2000000000003, 191805207, 12275433555, 10680855, 6137123727, 23973306]] [1676095773.55, [220.41250000000002, 748987, 47652928, 135459, 25506688, 102419]]
Arch_Param: [32, 4096, 16384, 4, 1024, 128]
Samsung_cost: [38689659616.0, [1600113.5, 25614369, 1638358008, 2031649, 203074744, 1587489]] [15140224590.0, [618351.0, 9891951, 633078564, 629871, 85328676, 668271]] [1263786040.0, [52170.0, 834580, 53412640, 104980, 6677280, 52170]] [20583814896.0, [850868.0, 13613608, 871270432, 309352, 108910624, 850868]] [1664339564.0, [68790.0, 1100550, 70434864, 39302, 8804400, 68790]] [1160566043670.0, [47949693.0, 767192703, 49100323923, 42720639, 6138057555, 47954907]] [37333741906.0, [1543824.0, 24700987, 1580863168, 2051963, 195940032, 1535123]]
Model_cost: [27362882425.12162, [3646.1114864864867, 20154017, 1288904952, 5243937, 49400505, 195874]] [5474534574.0, [7899.0, 2556015, 163578660, 164463, 77870628, 304299]] [301306189.3333333, [15.333333333333332, 104020, 6247200, 13140, 6247200, 26250]] [5037598570.666666, [2511.6666666666665, 1680616, 106002464, 38704, 103509152, 416027]] [1613618592.0, [711.0, 1094662, 69427248, 105734, 7767792, 30384]] [419021628687.5999, [1465.2000000000003, 191805207, 12275433555, 10680855, 6137123727, 23973306]] [1675588592.75, [218.8125, 748987, 47652928, 113059, 25506688, 101907]]
Arch_Param: [32, 4096, 16384, 4, 1024, 256]
Samsung_cost: [38689659616.0, [1600113.5, 25614369, 1638358008, 2031649, 203074744, 1587489]] [15140224590.0, [618351.0, 9891951, 633078564, 629871, 85328676, 668271]] [1263786040.0, [52170.0, 834580, 53412640, 104980, 6677280, 52170]] [20583814896.0, [850868.0, 13613608, 871270432, 309352, 108910624, 850868]] [1664339564.0, [68790.0, 1100550, 70434864, 39302, 8804400, 68790]] [1160566043670.0, [47949693.0, 767192703, 49100323923, 42720639, 6138057555, 47954907]] [37333741906.0, [1543824.0, 24700987, 1580863168, 2051963, 195940032, 1535123]]
Model_cost: [27362882425.12162, [3646.1114864864867, 20154017, 1288904952, 5243937, 49400505, 195874]] [5474534574.0, [7899.0, 2556015, 163578660, 164463, 77870628, 304299]] [301306189.3333333, [15.333333333333332, 104020, 6247200, 13140, 6247200, 26250]] [5037598570.666666, [2511.6666666666665, 1680616, 106002464, 38704, 103509152, 416027]] [1613618592.0, [711.0, 1094662, 69427248, 105734, 7767792, 30384]] [419021628687.5999, [1465.2000000000003, 191805207, 12275433555, 10680855, 6137123727, 23973306]] [1675588592.75, [218.8125, 748987, 47652928, 113059, 25506688, 101907]]
Arch_Param: [32, 4096, 16384, 4, 1024, 512]
Samsung_cost: [38689659616.0, [1600113.5, 25614369, 1638358008, 2031649, 203074744, 1587489]] [15140224590.0, [618351.0, 9891951, 633078564, 629871, 85328676, 668271]] [1263786040.0, [52170.0, 834580, 53412640, 104980, 6677280, 52170]] [20583814896.0, [850868.0, 13613608, 871270432, 309352, 108910624, 850868]] [1664339564.0, [68790.0, 1100550, 70434864, 39302, 8804400, 68790]] [1160566043670.0, [47949693.0, 767192703, 49100323923, 42720639, 6138057555, 47954907]] [37333741906.0, [1543824.0, 24700987, 1580863168, 2051963, 195940032, 1535123]]
Model_cost: [27287557577.12162, [3642.1114864864867, 20154017, 1288904952, 1820737, 49400505, 195362]] [5474534574.0, [7899.0, 2556015, 163578660, 164463, 77870628, 304299]] [301306189.3333333, [15.333333333333332, 104020, 6247200, 13140, 6247200, 26250]] [5037598570.666666, [2511.6666666666665, 1680616, 106002464, 38704, 103509152, 416027]] [1613348256.0, [711.0, 1094662, 69427248, 93446, 7767792, 30384]] [419021628687.5999, [1465.2000000000003, 191805207, 12275433555, 10680855, 6137123727, 23973306]] [1675377392.75, [218.8125, 748987, 47652928, 103459, 25506688, 101907]]
Arch_Param: [32, 4096, 16384, 8, 256, 64]
Samsung_cost: [19666328096.0, [801777.5, 51312193, 820923384, 6444097, 102001848, 797857]] [15353138766.0, [618351.0, 39567471, 633078564, 4912239, 85328676, 668271]] [1280672580.0, [52170.0, 3338290, 53412640, 417330, 6677280, 52170]] [20890124436.0, [850868.0, 54454402, 871270432, 6806914, 108910624, 850868]] [1573491372.0, [64094.0, 4101638, 65626160, 512710, 8203312, 64094]] [1177271745174.0, [47949693.0, 3068770335, 49100323923, 383602047, 6138057555, 47954907]] [36946899916.0, [1505424.0, 96346348, 1541541568, 12113132, 192138944, 1505427]]
Model_cost: [14995094809.860811, [1903.2807432432433, 41814593, 668963704, 2718657, 49400505, 195874]] [3918924486.0, [7461.0, 5333103, 85328676, 86895, 77870628, 304299]] [302452569.3333333, [15.333333333333332, 390450, 6247200, 13170, 6247200, 26250]] [5057419662.666666, [2511.6666666666665, 6635394, 106002464, 38794, 103509152, 416027]] [922976544.0, [359.0, 2171654, 34746416, 44678, 7768304, 30576]] [296922997720.7999, [1100.1000000000001, 383626383, 6138012243, 5340891, 6137123727, 23973306]] [1383494995.95, [135.7125, 2055020, 32839552, 65428, 25506688, 101907]]
Arch_Param: [32, 4096, 16384, 8, 256, 128]
Samsung_cost: [19547076128.0, [801777.5, 51312193, 820923384, 1023553, 102001848, 797857]] [15258926670.0, [618351.0, 39567471, 633078564, 629871, 85328676, 668271]] [1273801540.0, [52170.0, 3338290, 53412640, 105010, 6677280, 52170]] [20747180052.0, [850868.0, 54454402, 871270432, 309442, 108910624, 850868]] [1562937004.0, [64094.0, 4101638, 65626160, 32966, 8203312, 64094]] [1169772354198.0, [47949693.0, 3068770335, 49100323923, 42720639, 6138057555, 47954907]] [36720692044.0, [1505424.0, 96346348, 1541541568, 1830956, 192138944, 1505427]]
Model_cost: [14995094809.860811, [1903.2807432432433, 41814593, 668963704, 2718657, 49400505, 195874]] [3918924486.0, [7461.0, 5333103, 85328676, 86895, 77870628, 304299]] [302452569.3333333, [15.333333333333332, 390450, 6247200, 13170, 6247200, 26250]] [5057419662.666666, [2511.6666666666665, 6635394, 106002464, 38794, 103509152, 416027]] [922976544.0, [359.0, 2171654, 34746416, 44678, 7768304, 30576]] [296922997720.7999, [1100.1000000000001, 383626383, 6138012243, 5340891, 6137123727, 23973306]] [1383494995.95, [135.7125, 2055020, 32839552, 65428, 25506688, 101907]]
Arch_Param: [32, 4096, 16384, 8, 256, 256]
Samsung_cost: [19547076128.0, [801777.5, 51312193, 820923384, 1023553, 102001848, 797857]] [15258926670.0, [618351.0, 39567471, 633078564, 629871, 85328676, 668271]] [1273801540.0, [52170.0, 3338290, 53412640, 105010, 6677280, 52170]] [20747180052.0, [850868.0, 54454402, 871270432, 309442, 108910624, 850868]] [1562937004.0, [64094.0, 4101638, 65626160, 32966, 8203312, 64094]] [1169772354198.0, [47949693.0, 3068770335, 49100323923, 42720639, 6138057555, 47954907]] [36720692044.0, [1505424.0, 96346348, 1541541568, 1830956, 192138944, 1505427]]
Model_cost: [14955918998.66081, [1900.8807432432432, 41814593, 668963704, 938593, 49400505, 195362]] [3918924486.0, [7461.0, 5333103, 85328676, 86895, 77870628, 304299]] [302452569.3333333, [15.333333333333332, 390450, 6247200, 13170, 6247200, 26250]] [5057419662.666666, [2511.6666666666665, 6635394, 106002464, 38794, 103509152, 416027]] [922841376.0, [359.0, 2171654, 34746416, 38534, 7768304, 30576]] [296922997720.7999, [1100.1000000000001, 383626383, 6138012243, 5340891, 6137123727, 23973306]] [1383385171.95, [135.7125, 2055020, 32839552, 60436, 25506688, 101907]]
Arch_Param: [32, 4096, 16384, 8, 512, 64]
Samsung_cost: [19563704110.0, [801777.5, 25656356, 820923384, 6444068, 102001848, 797857]] [15274004046.0, [618351.0, 19783791, 633078564, 4912239, 85328676, 668271]] [1273995580.0, [52170.0, 1669150, 53412640, 417310, 6677280, 52170]] [20781214332.0, [850868.0, 27227206, 871270432, 6806854, 108910624, 850868]] [1565288108.0, [64094.0, 2050822, 65626160, 512710, 8203312, 64094]] [1171134204822.0, [47949693.0, 1534385247, 49100323923, 383602047, 6138057555, 47954907]] [36754204624.0, [1505424.0, 48173174, 1541541568, 12113014, 192138944, 1505427]]
Model_cost: [14911466023.860811, [1903.2807432432433, 20907556, 668963704, 2718628, 49400505, 195874]] [3908258502.0, [7461.0, 2666607, 85328676, 86895, 77870628, 304299]] [301671249.3333333, [15.333333333333332, 195230, 6247200, 13150, 6247200, 26250]] [5044188534.666666, [2511.6666666666665, 3327942, 106002464, 38734, 103509152, 416027]] [918674208.0, [359.0, 1096070, 34746416, 44678, 7768304, 30576]] [296155746808.7999, [1100.1000000000001, 191813655, 6138012243, 5340891, 6137123727, 23973306]] [1379382359.95, [135.7125, 1027510, 32839552, 65310, 25506688, 101907]]
Arch_Param: [32, 4096, 16384, 8, 512, 128]
Samsung_cost: [19444452142.0, [801777.5, 25656356, 820923384, 1023524, 102001848, 797857]] [15179791950.0, [618351.0, 19783791, 633078564, 629871, 85328676, 668271]] [1267124540.0, [52170.0, 1669150, 53412640, 104990, 6677280, 52170]] [20638269948.0, [850868.0, 27227206, 871270432, 309382, 108910624, 850868]] [1554733740.0, [64094.0, 2050822, 65626160, 32966, 8203312, 64094]] [1163634813846.0, [47949693.0, 1534385247, 49100323923, 42720639, 6138057555, 47954907]] [36527996752.0, [1505424.0, 48173174, 1541541568, 1830838, 192138944, 1505427]]
Model_cost: [14911466023.860811, [1903.2807432432433, 20907556, 668963704, 2718628, 49400505, 195874]] [3908258502.0, [7461.0, 2666607, 85328676, 86895, 77870628, 304299]] [301671249.3333333, [15.333333333333332, 195230, 6247200, 13150, 6247200, 26250]] [5044188534.666666, [2511.6666666666665, 3327942, 106002464, 38734, 103509152, 416027]] [918674208.0, [359.0, 1096070, 34746416, 44678, 7768304, 30576]] [296155746808.7999, [1100.1000000000001, 191813655, 6138012243, 5340891, 6137123727, 23973306]] [1379382359.95, [135.7125, 1027510, 32839552, 65310, 25506688, 101907]]
Arch_Param: [32, 4096, 16384, 8, 512, 256]
Samsung_cost: [19444452142.0, [801777.5, 25656356, 820923384, 1023524, 102001848, 797857]] [15179791950.0, [618351.0, 19783791, 633078564, 629871, 85328676, 668271]] [1267124540.0, [52170.0, 1669150, 53412640, 104990, 6677280, 52170]] [20638269948.0, [850868.0, 27227206, 871270432, 309382, 108910624, 850868]] [1554733740.0, [64094.0, 2050822, 65626160, 32966, 8203312, 64094]] [1163634813846.0, [47949693.0, 1534385247, 49100323923, 42720639, 6138057555, 47954907]] [36527996752.0, [1505424.0, 48173174, 1541541568, 1830838, 192138944, 1505427]]
Model_cost: [14872290212.66081, [1900.8807432432432, 20907556, 668963704, 938564, 49400505, 195362]] [3908258502.0, [7461.0, 2666607, 85328676, 86895, 77870628, 304299]] [301671249.3333333, [15.333333333333332, 195230, 6247200, 13150, 6247200, 26250]] [5044188534.666666, [2511.6666666666665, 3327942, 106002464, 38734, 103509152, 416027]] [918539040.0, [359.0, 1096070, 34746416, 38534, 7768304, 30576]] [296155746808.7999, [1100.1000000000001, 191813655, 6138012243, 5340891, 6137123727, 23973306]] [1379272535.95, [135.7125, 1027510, 32839552, 60318, 25506688, 101907]]
Arch_Param: [32, 4096, 16384, 8, 512, 512]
Samsung_cost: [19444452142.0, [801777.5, 25656356, 820923384, 1023524, 102001848, 797857]] [15179791950.0, [618351.0, 19783791, 633078564, 629871, 85328676, 668271]] [1267124540.0, [52170.0, 1669150, 53412640, 104990, 6677280, 52170]] [20638269948.0, [850868.0, 27227206, 871270432, 309382, 108910624, 850868]] [1554733740.0, [64094.0, 2050822, 65626160, 32966, 8203312, 64094]] [1163634813846.0, [47949693.0, 1534385247, 49100323923, 42720639, 6138057555, 47954907]] [36527996752.0, [1505424.0, 48173174, 1541541568, 1830838, 192138944, 1505427]]
Model_cost: [14872290212.66081, [1900.8807432432432, 20907556, 668963704, 938564, 49400505, 195362]] [3908258502.0, [7461.0, 2666607, 85328676, 86895, 77870628, 304299]] [301671249.3333333, [15.333333333333332, 195230, 6247200, 13150, 6247200, 26250]] [5044188534.666666, [2511.6666666666665, 3327942, 106002464, 38734, 103509152, 416027]] [918176828.0, [360.0, 1087878, 34713648, 22150, 7792880, 30512]] [296155746808.7999, [1100.1000000000001, 191813655, 6138012243, 5340891, 6137123727, 23973306]] [1379272535.95, [135.7125, 1027510, 32839552, 60318, 25506688, 101907]]
Arch_Param: [32, 4096, 16384, 8, 1024, 64]
Samsung_cost: [19512418016.0, [801777.5, 12834849, 820923384, 6444065, 102001848, 797857]] [15234436686.0, [618351.0, 9891951, 633078564, 4912239, 85328676, 668271]] [1270657080.0, [52170.0, 834580, 53412640, 417300, 6677280, 52170]] [20726759280.0, [850868.0, 13613608, 871270432, 6806824, 108910624, 850868]] [1561186476.0, [64094.0, 1025414, 65626160, 512710, 8203312, 64094]] [1168065434646.0, [47949693.0, 767192703, 49100323923, 383602047, 6138057555, 47954907]] [36657856978.0, [1505424.0, 24086587, 1541541568, 12112955, 192138944, 1505427]]
Model_cost: [14869676761.860811, [1903.2807432432433, 10460257, 668963704, 2718625, 49400505, 195874]] [3902925510.0, [7461.0, 1333359, 85328676, 86895, 77870628, 304299]] [301306189.3333333, [15.333333333333332, 104020, 6247200, 13140, 6247200, 26250]] [5037598570.666666, [2511.6666666666665, 1680616, 106002464, 38704, 103509152, 416027]] [915984416.0, [359.0, 547334, 34713648, 52870, 7767792, 30384]] [295772121352.7999, [1100.1000000000001, 95907291, 6138012243, 5340891, 6137123727, 23973306]] [1377332313.95, [135.7125, 515323, 32839552, 65251, 25506688, 101907]]
Arch_Param: [32, 4096, 16384, 8, 1024, 128]
Samsung_cost: [19393166048.0, [801777.5, 12834849, 820923384, 1023521, 102001848, 797857]] [15140224590.0, [618351.0, 9891951, 633078564, 629871, 85328676, 668271]] [1263786040.0, [52170.0, 834580, 53412640, 104980, 6677280, 52170]] [20583814896.0, [850868.0, 13613608, 871270432, 309352, 108910624, 850868]] [1550632108.0, [64094.0, 1025414, 65626160, 32966, 8203312, 64094]] [1160566043670.0, [47949693.0, 767192703, 49100323923, 42720639, 6138057555, 47954907]] [36431649106.0, [1505424.0, 24086587, 1541541568, 1830779, 192138944, 1505427]]
Model_cost: [14869676761.860811, [1903.2807432432433, 10460257, 668963704, 2718625, 49400505, 195874]] [3902925510.0, [7461.0, 1333359, 85328676, 86895, 77870628, 304299]] [301306189.3333333, [15.333333333333332, 104020, 6247200, 13140, 6247200, 26250]] [5037598570.666666, [2511.6666666666665, 1680616, 106002464, 38704, 103509152, 416027]] [915984416.0, [359.0, 547334, 34713648, 52870, 7767792, 30384]] [295772121352.7999, [1100.1000000000001, 95907291, 6138012243, 5340891, 6137123727, 23973306]] [1377332313.95, [135.7125, 515323, 32839552, 65251, 25506688, 101907]]
Arch_Param: [32, 4096, 16384, 8, 1024, 256]
Samsung_cost: [19393166048.0, [801777.5, 12834849, 820923384, 1023521, 102001848, 797857]] [15140224590.0, [618351.0, 9891951, 633078564, 629871, 85328676, 668271]] [1263786040.0, [52170.0, 834580, 53412640, 104980, 6677280, 52170]] [20583814896.0, [850868.0, 13613608, 871270432, 309352, 108910624, 850868]] [1550632108.0, [64094.0, 1025414, 65626160, 32966, 8203312, 64094]] [1160566043670.0, [47949693.0, 767192703, 49100323923, 42720639, 6138057555, 47954907]] [36431649106.0, [1505424.0, 24086587, 1541541568, 1830779, 192138944, 1505427]]
Model_cost: [14830500950.66081, [1900.8807432432432, 10460257, 668963704, 938561, 49400505, 195362]] [3902925510.0, [7461.0, 1333359, 85328676, 86895, 77870628, 304299]] [301306189.3333333, [15.333333333333332, 104020, 6247200, 13140, 6247200, 26250]] [5037598570.666666, [2511.6666666666665, 1680616, 106002464, 38704, 103509152, 416027]] [915849248.0, [359.0, 547334, 34713648, 46726, 7767792, 30384]] [295772121352.7999, [1100.1000000000001, 95907291, 6138012243, 5340891, 6137123727, 23973306]] [1377222489.95, [135.7125, 515323, 32839552, 60259, 25506688, 101907]]
Arch_Param: [32, 4096, 16384, 8, 1024, 512]
Samsung_cost: [19393166048.0, [801777.5, 12834849, 820923384, 1023521, 102001848, 797857]] [15140224590.0, [618351.0, 9891951, 633078564, 629871, 85328676, 668271]] [1263786040.0, [52170.0, 834580, 53412640, 104980, 6677280, 52170]] [20583814896.0, [850868.0, 13613608, 871270432, 309352, 108910624, 850868]] [1550632108.0, [64094.0, 1025414, 65626160, 32966, 8203312, 64094]] [1160566043670.0, [47949693.0, 767192703, 49100323923, 42720639, 6138057555, 47954907]] [36431649106.0, [1505424.0, 24086587, 1541541568, 1830779, 192138944, 1505427]]
Model_cost: [14830500950.66081, [1900.8807432432432, 10460257, 668963704, 938561, 49400505, 195362]] [3902925510.0, [7461.0, 1333359, 85328676, 86895, 77870628, 304299]] [301306189.3333333, [15.333333333333332, 104020, 6247200, 13140, 6247200, 26250]] [5037598570.666666, [2511.6666666666665, 1680616, 106002464, 38704, 103509152, 416027]] [915849248.0, [359.0, 547334, 34713648, 46726, 7767792, 30384]] [295772121352.7999, [1100.1000000000001, 95907291, 6138012243, 5340891, 6137123727, 23973306]] [1377222489.95, [135.7125, 515323, 32839552, 60259, 25506688, 101907]]
Arch_Param: [32, 4096, 16384, 16, 256, 64]
Samsung_cost: [9881985056.0, [402609.5, 25765441, 412206072, 3236929, 51465400, 403041]] [15353138766.0, [618351.0, 39567471, 633078564, 4912239, 85328676, 668271]] [1280672580.0, [52170.0, 3338290, 53412640, 417330, 6677280, 52170]] [20890124436.0, [850868.0, 54454402, 871270432, 6806914, 108910624, 850868]] [1515843276.0, [61746.0, 3951366, 63221808, 493926, 7902768, 61746]] [1177271745174.0, [47949693.0, 3068770335, 49100323923, 383602047, 6138057555, 47954907]] [36490454988.0, [1486224.0, 95117548, 1521880768, 11924716, 190238400, 1490579]]
Model_cost: [8693095848.455406, [1030.6591216216216, 22447809, 359126200, 1456961, 49400505, 195874]] [3918924486.0, [7461.0, 5333103, 85328676, 86895, 77870628, 304299]] [302452569.3333333, [15.333333333333332, 390450, 6247200, 13170, 6247200, 26250]] [5057419662.666666, [2511.6666666666665, 6635394, 106002464, 38794, 103509152, 416027]] [570673257.3333334, [183.33333333333334, 1085830, 17373232, 22342, 7768304, 30576]] [296922997720.7999, [1100.1000000000001, 383626383, 6138012243, 5340891, 6137123727, 23973306]] [1295522185.05, [101.0375, 1783660, 28517760, 44948, 25506688, 101907]]
Arch_Param: [32, 4096, 16384, 16, 256, 128]
Samsung_cost: [9822201376.0, [402609.5, 25765441, 412206072, 519489, 51465400, 403041]] [15258926670.0, [618351.0, 39567471, 633078564, 629871, 85328676, 668271]] [1273801540.0, [52170.0, 3338290, 53412640, 105010, 6677280, 52170]] [20747180052.0, [850868.0, 54454402, 871270432, 309442, 108910624, 850868]] [1505632460.0, [61746.0, 3951366, 63221808, 29798, 7902768, 61746]] [1169772354198.0, [47949693.0, 3068770335, 49100323923, 42720639, 6138057555, 47954907]] [36265959244.0, [1486224.0, 95117548, 1521880768, 1720364, 190238400, 1490579]]
Model_cost: [8671994555.655405, [1029.0591216216217, 22447809, 359126200, 498465, 49400505, 195362]] [3918924486.0, [7461.0, 5333103, 85328676, 86895, 77870628, 304299]] [302452569.3333333, [15.333333333333332, 390450, 6247200, 13170, 6247200, 26250]] [5057419662.666666, [2511.6666666666665, 6635394, 106002464, 38794, 103509152, 416027]] [570605673.3333334, [183.33333333333334, 1085830, 17373232, 19270, 7768304, 30576]] [296922997720.7999, [1100.1000000000001, 383626383, 6138012243, 5340891, 6137123727, 23973306]] [1295463032.25, [100.4375, 1783660, 28517760, 42260, 25506688, 101907]]
Arch_Param: [32, 4096, 16384, 16, 256, 256]
Samsung_cost: [9822201376.0, [402609.5, 25765441, 412206072, 519489, 51465400, 403041]] [15258926670.0, [618351.0, 39567471, 633078564, 629871, 85328676, 668271]] [1273801540.0, [52170.0, 3338290, 53412640, 105010, 6677280, 52170]] [20747180052.0, [850868.0, 54454402, 871270432, 309442, 108910624, 850868]] [1505632460.0, [61746.0, 3951366, 63221808, 29798, 7902768, 61746]] [1169772354198.0, [47949693.0, 3068770335, 49100323923, 42720639, 6138057555, 47954907]] [36265959244.0, [1486224.0, 95117548, 1521880768, 1720364, 190238400, 1490579]]
Model_cost: [8671994555.655405, [1029.0591216216217, 22447809, 359126200, 498465, 49400505, 195362]] [3918924486.0, [7461.0, 5333103, 85328676, 86895, 77870628, 304299]] [302452569.3333333, [15.333333333333332, 390450, 6247200, 13170, 6247200, 26250]] [5057419662.666666, [2511.6666666666665, 6635394, 106002464, 38794, 103509152, 416027]] [570605673.3333334, [183.33333333333334, 1085830, 17373232, 19270, 7768304, 30576]] [296922997720.7999, [1100.1000000000001, 383626383, 6138012243, 5340891, 6137123727, 23973306]] [1295463032.25, [100.4375, 1783660, 28517760, 42260, 25506688, 101907]]
Arch_Param: [32, 4096, 16384, 16, 512, 64]
Samsung_cost: [9830454574.0, [402609.5, 12882980, 412206072, 3236900, 51465400, 403041]] [15274004046.0, [618351.0, 19783791, 633078564, 4912239, 85328676, 668271]] [1273995580.0, [52170.0, 1669150, 53412640, 417310, 6677280, 52170]] [20781214332.0, [850868.0, 27227206, 871270432, 6806854, 108910624, 850868]] [1507940556.0, [61746.0, 1975686, 63221808, 493926, 7902768, 61746]] [1171134204822.0, [47949693.0, 1534385247, 49100323923, 383602047, 6138057555, 47954907]] [36300217296.0, [1486224.0, 47558774, 1521880768, 11924598, 190238400, 1490579]]
Model_cost: [8648200630.455406, [1030.6591216216216, 11224164, 359126200, 1456932, 49400505, 195874]] [3908258502.0, [7461.0, 2666607, 85328676, 86895, 77870628, 304299]] [301671249.3333333, [15.333333333333332, 195230, 6247200, 13150, 6247200, 26250]] [5044188534.666666, [2511.6666666666665, 3327942, 106002464, 38734, 103509152, 416027]] [568518752.0, [183.0, 543942, 17356848, 38726, 7767792, 30384]] [296155746808.7999, [1100.1000000000001, 191813655, 6138012243, 5340891, 6137123727, 23973306]] [1291952269.05, [101.0375, 891830, 28517760, 44830, 25506688, 101907]]
Arch_Param: [32, 4096, 16384, 16, 512, 128]
Samsung_cost: [9770670894.0, [402609.5, 12882980, 412206072, 519460, 51465400, 403041]] [15179791950.0, [618351.0, 19783791, 633078564, 629871, 85328676, 668271]] [1267124540.0, [52170.0, 1669150, 53412640, 104990, 6677280, 52170]] [20638269948.0, [850868.0, 27227206, 871270432, 309382, 108910624, 850868]] [1497729740.0, [61746.0, 1975686, 63221808, 29798, 7902768, 61746]] [1163634813846.0, [47949693.0, 1534385247, 49100323923, 42720639, 6138057555, 47954907]] [36075721552.0, [1486224.0, 47558774, 1521880768, 1720246, 190238400, 1490579]]
Model_cost: [8627099337.655405, [1029.0591216216217, 11224164, 359126200, 498436, 49400505, 195362]] [3908258502.0, [7461.0, 2666607, 85328676, 86895, 77870628, 304299]] [301671249.3333333, [15.333333333333332, 195230, 6247200, 13150, 6247200, 26250]] [5044188534.666666, [2511.6666666666665, 3327942, 106002464, 38734, 103509152, 416027]] [568451168.0, [183.0, 543942, 17356848, 35654, 7767792, 30384]] [296155746808.7999, [1100.1000000000001, 191813655, 6138012243, 5340891, 6137123727, 23973306]] [1291893116.25, [100.4375, 891830, 28517760, 42142, 25506688, 101907]]
Arch_Param: [32, 4096, 16384, 16, 512, 256]
Samsung_cost: [9770670894.0, [402609.5, 12882980, 412206072, 519460, 51465400, 403041]] [15179791950.0, [618351.0, 19783791, 633078564, 629871, 85328676, 668271]] [1267124540.0, [52170.0, 1669150, 53412640, 104990, 6677280, 52170]] [20638269948.0, [850868.0, 27227206, 871270432, 309382, 108910624, 850868]] [1497729740.0, [61746.0, 1975686, 63221808, 29798, 7902768, 61746]] [1163634813846.0, [47949693.0, 1534385247, 49100323923, 42720639, 6138057555, 47954907]] [36075721552.0, [1486224.0, 47558774, 1521880768, 1720246, 190238400, 1490579]]
Model_cost: [8627099337.655405, [1029.0591216216217, 11224164, 359126200, 498436, 49400505, 195362]] [3908258502.0, [7461.0, 2666607, 85328676, 86895, 77870628, 304299]] [301671249.3333333, [15.333333333333332, 195230, 6247200, 13150, 6247200, 26250]] [5044188534.666666, [2511.6666666666665, 3327942, 106002464, 38734, 103509152, 416027]] [568451168.0, [183.0, 543942, 17356848, 35654, 7767792, 30384]] [296155746808.7999, [1100.1000000000001, 191813655, 6138012243, 5340891, 6137123727, 23973306]] [1291893116.25, [100.4375, 891830, 28517760, 42142, 25506688, 101907]]
Arch_Param: [32, 4096, 16384, 16, 512, 512]
Samsung_cost: [9770670894.0, [402609.5, 12882980, 412206072, 519460, 51465400, 403041]] [15179791950.0, [618351.0, 19783791, 633078564, 629871, 85328676, 668271]] [1267124540.0, [52170.0, 1669150, 53412640, 104990, 6677280, 52170]] [20638269948.0, [850868.0, 27227206, 871270432, 309382, 108910624, 850868]] [1497729740.0, [61746.0, 1975686, 63221808, 29798, 7902768, 61746]] [1163634813846.0, [47949693.0, 1534385247, 49100323923, 42720639, 6138057555, 47954907]] [36075721552.0, [1486224.0, 47558774, 1521880768, 1720246, 190238400, 1490579]]
Model_cost: [8626888137.655405, [1029.0591216216217, 11224164, 359126200, 488836, 49400505, 195362]] [3908258502.0, [7461.0, 2666607, 85328676, 86895, 77870628, 304299]] [301671249.3333333, [15.333333333333332, 195230, 6247200, 13150, 6247200, 26250]] [5044188534.666666, [2511.6666666666665, 3327942, 106002464, 38734, 103509152, 416027]] [567882956.0, [183.0, 543942, 17356848, 9830, 7767792, 30381]] [296155746808.7999, [1100.1000000000001, 191813655, 6138012243, 5340891, 6137123727, 23973306]] [1291893116.25, [100.4375, 891830, 28517760, 42142, 25506688, 101907]]
Arch_Param: [32, 4096, 16384, 16, 1024, 64]
Samsung_cost: [9804702944.0, [402609.5, 6445089, 412206072, 3236897, 51465400, 403041]] [15234436686.0, [618351.0, 9891951, 633078564, 4912239, 85328676, 668271]] [1270657080.0, [52170.0, 834580, 53412640, 417300, 6677280, 52170]] [20726759280.0, [850868.0, 13613608, 871270432, 6806824, 108910624, 850868]] [1503989196.0, [61746.0, 987846, 63221808, 493926, 7902768, 61746]] [1168065434646.0, [47949693.0, 767192703, 49100323923, 383602047, 6138057555, 47954907]] [36205098450.0, [1486224.0, 23779387, 1521880768, 11924539, 190238400, 1490579]]
Model_cost: [8625765736.455406, [1030.6591216216216, 5615457, 359126200, 1456929, 49400505, 195874]] [3902925510.0, [7461.0, 1333359, 85328676, 86895, 77870628, 304299]] [301306189.3333333, [15.333333333333332, 104020, 6247200, 13140, 6247200, 26250]] [5037598570.666666, [2511.6666666666665, 1680616, 106002464, 38704, 103509152, 416027]] [567167328.0, [183.0, 273670, 17356848, 26438, 7767792, 30384]] [295772121352.7999, [1100.1000000000001, 95907291, 6138012243, 5340891, 6137123727, 23973306]] [1290170511.05, [101.0375, 446715, 28517760, 44771, 25506688, 101907]]
Arch_Param: [32, 4096, 16384, 16, 1024, 128]
Samsung_cost: [9744919264.0, [402609.5, 6445089, 412206072, 519457, 51465400, 403041]] [15140224590.0, [618351.0, 9891951, 633078564, 629871, 85328676, 668271]] [1263786040.0, [52170.0, 834580, 53412640, 104980, 6677280, 52170]] [20583814896.0, [850868.0, 13613608, 871270432, 309352, 108910624, 850868]] [1493778380.0, [61746.0, 987846, 63221808, 29798, 7902768, 61746]] [1160566043670.0, [47949693.0, 767192703, 49100323923, 42720639, 6138057555, 47954907]] [35980602706.0, [1486224.0, 23779387, 1521880768, 1720187, 190238400, 1490579]]
Model_cost: [8604664443.655405, [1029.0591216216217, 5615457, 359126200, 498433, 49400505, 195362]] [3902925510.0, [7461.0, 1333359, 85328676, 86895, 77870628, 304299]] [301306189.3333333, [15.333333333333332, 104020, 6247200, 13140, 6247200, 26250]] [5037598570.666666, [2511.6666666666665, 1680616, 106002464, 38704, 103509152, 416027]] [567099744.0, [183.0, 273670, 17356848, 23366, 7767792, 30384]] [295772121352.7999, [1100.1000000000001, 95907291, 6138012243, 5340891, 6137123727, 23973306]] [1290111358.25, [100.4375, 446715, 28517760, 42083, 25506688, 101907]]
Arch_Param: [32, 4096, 16384, 16, 1024, 256]
Samsung_cost: [9744919264.0, [402609.5, 6445089, 412206072, 519457, 51465400, 403041]] [15140224590.0, [618351.0, 9891951, 633078564, 629871, 85328676, 668271]] [1263786040.0, [52170.0, 834580, 53412640, 104980, 6677280, 52170]] [20583814896.0, [850868.0, 13613608, 871270432, 309352, 108910624, 850868]] [1493778380.0, [61746.0, 987846, 63221808, 29798, 7902768, 61746]] [1160566043670.0, [47949693.0, 767192703, 49100323923, 42720639, 6138057555, 47954907]] [35980602706.0, [1486224.0, 23779387, 1521880768, 1720187, 190238400, 1490579]]
Model_cost: [8604664443.655405, [1029.0591216216217, 5615457, 359126200, 498433, 49400505, 195362]] [3902925510.0, [7461.0, 1333359, 85328676, 86895, 77870628, 304299]] [301306189.3333333, [15.333333333333332, 104020, 6247200, 13140, 6247200, 26250]] [5037598570.666666, [2511.6666666666665, 1680616, 106002464, 38704, 103509152, 416027]] [567099744.0, [183.0, 273670, 17356848, 23366, 7767792, 30384]] [295772121352.7999, [1100.1000000000001, 95907291, 6138012243, 5340891, 6137123727, 23973306]] [1290111358.25, [100.4375, 446715, 28517760, 42083, 25506688, 101907]]
Arch_Param: [32, 4096, 16384, 16, 1024, 512]
Samsung_cost: [9744919264.0, [402609.5, 6445089, 412206072, 519457, 51465400, 403041]] [15140224590.0, [618351.0, 9891951, 633078564, 629871, 85328676, 668271]] [1263786040.0, [52170.0, 834580, 53412640, 104980, 6677280, 52170]] [20583814896.0, [850868.0, 13613608, 871270432, 309352, 108910624, 850868]] [1493778380.0, [61746.0, 987846, 63221808, 29798, 7902768, 61746]] [1160566043670.0, [47949693.0, 767192703, 49100323923, 42720639, 6138057555, 47954907]] [35980602706.0, [1486224.0, 23779387, 1521880768, 1720187, 190238400, 1490579]]
Model_cost: [8604453243.655405, [1029.0591216216217, 5615457, 359126200, 488833, 49400505, 195362]] [3902925510.0, [7461.0, 1333359, 85328676, 86895, 77870628, 304299]] [301306189.3333333, [15.333333333333332, 104020, 6247200, 13140, 6247200, 26250]] [5037598570.666666, [2511.6666666666665, 1680616, 106002464, 38704, 103509152, 416027]] [566799180.0, [183.0, 272998, 17356848, 9830, 7767792, 30381]] [295772121352.7999, [1100.1000000000001, 95907291, 6138012243, 5340891, 6137123727, 23973306]] [1290111358.25, [100.4375, 446715, 28517760, 42083, 25506688, 101907]]
Arch_Param: [32, 4096, 16384, 32, 256, 64]
Samsung_cost: [9636912032.0, [392401.5, 25112129, 401768440, 3146817, 50351288, 394337]] [15353138766.0, [618351.0, 39567471, 633078564, 4912239, 85328676, 668271]] [1280672580.0, [52170.0, 3338290, 53412640, 417330, 6677280, 52170]] [20890124436.0, [850868.0, 54454402, 871270432, 6806914, 108910624, 850868]] [1499589852.0, [61084.0, 3908998, 62543920, 488630, 7818032, 61084]] [1177271745174.0, [47949693.0, 3068770335, 49100323923, 383602047, 6138057555, 47954907]] [36440172492.0, [1484176.0, 94986476, 1519783616, 11908332, 189976256, 1488531]]
Model_cost: [5531176676.931081, [593.9618243243243, 12767937, 204263608, 278721, 49400505, 195362]] [3918924486.0, [7461.0, 5333103, 85328676, 86895, 77870628, 304299]] [302452569.3333333, [15.333333333333332, 390450, 6247200, 13170, 6247200, 26250]] [5057419662.666666, [2511.6666666666665, 6635394, 106002464, 38794, 103509152, 416027]] [394487994.6666667, [101.66666666666667, 542918, 8686640, 9638, 7768304, 30576]] [296922997720.7999, [1100.1000000000001, 383626383, 6138012243, 5340891, 6137123727, 23973306]] [1251501987.6, [83.7, 1647980, 26356864, 33172, 25506688, 101907]]
Arch_Param: [32, 4096, 16384, 32, 256, 128]
Samsung_cost: [9578299808.0, [392401.5, 25112129, 401768440, 482625, 50351288, 394337]] [15258926670.0, [618351.0, 39567471, 633078564, 629871, 85328676, 668271]] [1273801540.0, [52170.0, 3338290, 53412640, 105010, 6677280, 52170]] [20747180052.0, [850868.0, 54454402, 871270432, 309442, 108910624, 850868]] [1489471964.0, [61084.0, 3908998, 62543920, 28726, 7818032, 61084]] [1169772354198.0, [47949693.0, 3068770335, 49100323923, 42720639, 6138057555, 47954907]] [36215856972.0, [1484176.0, 94986476, 1519783616, 1712172, 189976256, 1488531]]
Model_cost: [5531176676.931081, [593.9618243243243, 12767937, 204263608, 278721, 49400505, 195362]] [3918924486.0, [7461.0, 5333103, 85328676, 86895, 77870628, 304299]] [302452569.3333333, [15.333333333333332, 390450, 6247200, 13170, 6247200, 26250]] [5057419662.666666, [2511.6666666666665, 6635394, 106002464, 38794, 103509152, 416027]] [394487994.6666667, [101.66666666666667, 542918, 8686640, 9638, 7768304, 30576]] [296922997720.7999, [1100.1000000000001, 383626383, 6138012243, 5340891, 6137123727, 23973306]] [1251501987.6, [83.7, 1647980, 26356864, 33172, 25506688, 101907]]
Arch_Param: [32, 4096, 16384, 32, 256, 256]
Samsung_cost: [9578299808.0, [392401.5, 25112129, 401768440, 482625, 50351288, 394337]] [15258926670.0, [618351.0, 39567471, 633078564, 629871, 85328676, 668271]] [1273801540.0, [52170.0, 3338290, 53412640, 105010, 6677280, 52170]] [20747180052.0, [850868.0, 54454402, 871270432, 309442, 108910624, 850868]] [1489471964.0, [61084.0, 3908998, 62543920, 28726, 7818032, 61084]] [1169772354198.0, [47949693.0, 3068770335, 49100323923, 42720639, 6138057555, 47954907]] [36215856972.0, [1484176.0, 94986476, 1519783616, 1712172, 189976256, 1488531]]
Model_cost: [5531066852.931081, [593.9618243243243, 12767937, 204263608, 273729, 49400505, 195362]] [3918924486.0, [7461.0, 5333103, 85328676, 86895, 77870628, 304299]] [302452569.3333333, [15.333333333333332, 390450, 6247200, 13170, 6247200, 26250]] [5057419662.666666, [2511.6666666666665, 6635394, 106002464, 38794, 103509152, 416027]] [394200332.0, [95.0, 542918, 8678448, 4918, 7767792, 30381]] [296922997720.7999, [1100.1000000000001, 383626383, 6138012243, 5340891, 6137123727, 23973306]] [1251501987.6, [83.7, 1647980, 26356864, 33172, 25506688, 101907]]
Arch_Param: [32, 4096, 16384, 32, 512, 64]
Samsung_cost: [9586688174.0, [392401.5, 12556324, 401768440, 3146788, 50351288, 394337]] [15274004046.0, [618351.0, 19783791, 633078564, 4912239, 85328676, 668271]] [1273995580.0, [52170.0, 1669150, 53412640, 417310, 6677280, 52170]] [20781214332.0, [850868.0, 27227206, 871270432, 6806854, 108910624, 850868]] [1491771868.0, [61084.0, 1954502, 62543920, 488630, 7818032, 61084]] [1171134204822.0, [47949693.0, 1534385247, 49100323923, 383602047, 6138057555, 47954907]] [36250196944.0, [1484176.0, 47493238, 1519783616, 11908214, 189976256, 1488531]]
Model_cost: [5505641202.931081, [593.9618243243243, 6384228, 204263608, 278692, 49400505, 195362]] [3908258502.0, [7461.0, 2666607, 85328676, 86895, 77870628, 304299]] [301671249.3333333, [15.333333333333332, 195230, 6247200, 13150, 6247200, 26250]] [5044188534.666666, [2511.6666666666665, 3327942, 106002464, 38734, 103509152, 416027]] [393400900.0, [102.0, 271974, 8678448, 17830, 7767792, 30384]] [296155746808.7999, [1100.1000000000001, 191813655, 6138012243, 5340891, 6137123727, 23973306]] [1248203431.6, [83.7, 823990, 26356864, 33054, 25506688, 101907]]
Arch_Param: [32, 4096, 16384, 32, 512, 128]
Samsung_cost: [9528075950.0, [392401.5, 12556324, 401768440, 482596, 50351288, 394337]] [15179791950.0, [618351.0, 19783791, 633078564, 629871, 85328676, 668271]] [1267124540.0, [52170.0, 1669150, 53412640, 104990, 6677280, 52170]] [20638269948.0, [850868.0, 27227206, 871270432, 309382, 108910624, 850868]] [1481653980.0, [61084.0, 1954502, 62543920, 28726, 7818032, 61084]] [1163634813846.0, [47949693.0, 1534385247, 49100323923, 42720639, 6138057555, 47954907]] [36025881424.0, [1484176.0, 47493238, 1519783616, 1712054, 189976256, 1488531]]
Model_cost: [5505641202.931081, [593.9618243243243, 6384228, 204263608, 278692, 49400505, 195362]] [3908258502.0, [7461.0, 2666607, 85328676, 86895, 77870628, 304299]] [301671249.3333333, [15.333333333333332, 195230, 6247200, 13150, 6247200, 26250]] [5044188534.666666, [2511.6666666666665, 3327942, 106002464, 38734, 103509152, 416027]] [393400900.0, [102.0, 271974, 8678448, 17830, 7767792, 30384]] [296155746808.7999, [1100.1000000000001, 191813655, 6138012243, 5340891, 6137123727, 23973306]] [1248203431.6, [83.7, 823990, 26356864, 33054, 25506688, 101907]]
Arch_Param: [32, 4096, 16384, 32, 512, 256]
Samsung_cost: [9528075950.0, [392401.5, 12556324, 401768440, 482596, 50351288, 394337]] [15179791950.0, [618351.0, 19783791, 633078564, 629871, 85328676, 668271]] [1267124540.0, [52170.0, 1669150, 53412640, 104990, 6677280, 52170]] [20638269948.0, [850868.0, 27227206, 871270432, 309382, 108910624, 850868]] [1481653980.0, [61084.0, 1954502, 62543920, 28726, 7818032, 61084]] [1163634813846.0, [47949693.0, 1534385247, 49100323923, 42720639, 6138057555, 47954907]] [36025881424.0, [1484176.0, 47493238, 1519783616, 1712054, 189976256, 1488531]]
Model_cost: [5505531378.931081, [593.9618243243243, 6384228, 204263608, 273700, 49400505, 195362]] [3908258502.0, [7461.0, 2666607, 85328676, 86895, 77870628, 304299]] [301671249.3333333, [15.333333333333332, 195230, 6247200, 13150, 6247200, 26250]] [5044188534.666666, [2511.6666666666665, 3327942, 106002464, 38734, 103509152, 416027]] [393116556.0, [95.0, 271974, 8678448, 4918, 7767792, 30381]] [296155746808.7999, [1100.1000000000001, 191813655, 6138012243, 5340891, 6137123727, 23973306]] [1248203431.6, [83.7, 823990, 26356864, 33054, 25506688, 101907]]
Arch_Param: [32, 4096, 16384, 32, 512, 512]
Samsung_cost: [9528075950.0, [392401.5, 12556324, 401768440, 482596, 50351288, 394337]] [15179791950.0, [618351.0, 19783791, 633078564, 629871, 85328676, 668271]] [1267124540.0, [52170.0, 1669150, 53412640, 104990, 6677280, 52170]] [20638269948.0, [850868.0, 27227206, 871270432, 309382, 108910624, 850868]] [1481653980.0, [61084.0, 1954502, 62543920, 28726, 7818032, 61084]] [1163634813846.0, [47949693.0, 1534385247, 49100323923, 42720639, 6138057555, 47954907]] [36025881424.0, [1484176.0, 47493238, 1519783616, 1712054, 189976256, 1488531]]
Model_cost: [5505531378.931081, [593.9618243243243, 6384228, 204263608, 273700, 49400505, 195362]] [3908258502.0, [7461.0, 2666607, 85328676, 86895, 77870628, 304299]] [301671249.3333333, [15.333333333333332, 195230, 6247200, 13150, 6247200, 26250]] [5044188534.666666, [2511.6666666666665, 3327942, 106002464, 38734, 103509152, 416027]] [393116556.0, [95.0, 271974, 8678448, 4918, 7767792, 30381]] [296155746808.7999, [1100.1000000000001, 191813655, 6138012243, 5340891, 6137123727, 23973306]] [1248203431.6, [83.7, 823990, 26356864, 33054, 25506688, 101907]]
Arch_Param: [32, 4096, 16384, 32, 1024, 64]
Samsung_cost: [9561583712.0, [392401.5, 6280225, 401768440, 3146785, 50351288, 394337]] [15234436686.0, [618351.0, 9891951, 633078564, 4912239, 85328676, 668271]] [1270657080.0, [52170.0, 834580, 53412640, 417300, 6677280, 52170]] [20726759280.0, [850868.0, 13613608, 871270432, 6806824, 108910624, 850868]] [1487862876.0, [61084.0, 977254, 62543920, 488630, 7818032, 61084]] [1168065434646.0, [47949693.0, 767192703, 49100323923, 383602047, 6138057555, 47954907]] [36155209170.0, [1484176.0, 23746619, 1519783616, 11908155, 189976256, 1488531]]
Model_cost: [5492880036.931081, [593.9618243243243, 3193953, 204263608, 278689, 49400505, 195362]] [3902925510.0, [7461.0, 1333359, 85328676, 86895, 77870628, 304299]] [301306189.3333333, [15.333333333333332, 104020, 6247200, 13140, 6247200, 26250]] [5037598570.666666, [2511.6666666666665, 1680616, 106002464, 38704, 103509152, 416027]] [392725188.0, [102.0, 136838, 8678448, 11686, 7767792, 30384]] [295772121352.7999, [1100.1000000000001, 95907291, 6138012243, 5340891, 6137123727, 23973306]] [1246555817.6, [83.7, 412411, 26356864, 32995, 25506688, 101907]]
Arch_Param: [32, 4096, 16384, 32, 1024, 128]
Samsung_cost: [9502971488.0, [392401.5, 6280225, 401768440, 482593, 50351288, 394337]] [15140224590.0, [618351.0, 9891951, 633078564, 629871, 85328676, 668271]] [1263786040.0, [52170.0, 834580, 53412640, 104980, 6677280, 52170]] [20583814896.0, [850868.0, 13613608, 871270432, 309352, 108910624, 850868]] [1477744988.0, [61084.0, 977254, 62543920, 28726, 7818032, 61084]] [1160566043670.0, [47949693.0, 767192703, 49100323923, 42720639, 6138057555, 47954907]] [35930893650.0, [1484176.0, 23746619, 1519783616, 1711995, 189976256, 1488531]]
Model_cost: [5492880036.931081, [593.9618243243243, 3193953, 204263608, 278689, 49400505, 195362]] [3902925510.0, [7461.0, 1333359, 85328676, 86895, 77870628, 304299]] [301306189.3333333, [15.333333333333332, 104020, 6247200, 13140, 6247200, 26250]] [5037598570.666666, [2511.6666666666665, 1680616, 106002464, 38704, 103509152, 416027]] [392725188.0, [102.0, 136838, 8678448, 11686, 7767792, 30384]] [295772121352.7999, [1100.1000000000001, 95907291, 6138012243, 5340891, 6137123727, 23973306]] [1246555817.6, [83.7, 412411, 26356864, 32995, 25506688, 101907]]
Arch_Param: [32, 4096, 16384, 32, 1024, 256]
Samsung_cost: [9502971488.0, [392401.5, 6280225, 401768440, 482593, 50351288, 394337]] [15140224590.0, [618351.0, 9891951, 633078564, 629871, 85328676, 668271]] [1263786040.0, [52170.0, 834580, 53412640, 104980, 6677280, 52170]] [20583814896.0, [850868.0, 13613608, 871270432, 309352, 108910624, 850868]] [1477744988.0, [61084.0, 977254, 62543920, 28726, 7818032, 61084]] [1160566043670.0, [47949693.0, 767192703, 49100323923, 42720639, 6138057555, 47954907]] [35930893650.0, [1484176.0, 23746619, 1519783616, 1711995, 189976256, 1488531]]
Model_cost: [5492770212.931081, [593.9618243243243, 3193953, 204263608, 273697, 49400505, 195362]] [3902925510.0, [7461.0, 1333359, 85328676, 86895, 77870628, 304299]] [301306189.3333333, [15.333333333333332, 104020, 6247200, 13140, 6247200, 26250]] [5037598570.666666, [2511.6666666666665, 1680616, 106002464, 38704, 103509152, 416027]] [392574668.0, [95.0, 136502, 8678448, 4918, 7767792, 30381]] [295772121352.7999, [1100.1000000000001, 95907291, 6138012243, 5340891, 6137123727, 23973306]] [1246555817.6, [83.7, 412411, 26356864, 32995, 25506688, 101907]]
Arch_Param: [32, 4096, 16384, 32, 1024, 512]
Samsung_cost: [9502971488.0, [392401.5, 6280225, 401768440, 482593, 50351288, 394337]] [15140224590.0, [618351.0, 9891951, 633078564, 629871, 85328676, 668271]] [1263786040.0, [52170.0, 834580, 53412640, 104980, 6677280, 52170]] [20583814896.0, [850868.0, 13613608, 871270432, 309352, 108910624, 850868]] [1477744988.0, [61084.0, 977254, 62543920, 28726, 7818032, 61084]] [1160566043670.0, [47949693.0, 767192703, 49100323923, 42720639, 6138057555, 47954907]] [35930893650.0, [1484176.0, 23746619, 1519783616, 1711995, 189976256, 1488531]]
Model_cost: [5492770212.931081, [593.9618243243243, 3193953, 204263608, 273697, 49400505, 195362]] [3902925510.0, [7461.0, 1333359, 85328676, 86895, 77870628, 304299]] [301306189.3333333, [15.333333333333332, 104020, 6247200, 13140, 6247200, 26250]] [5037598570.666666, [2511.6666666666665, 1680616, 106002464, 38704, 103509152, 416027]] [392574668.0, [95.0, 136502, 8678448, 4918, 7767792, 30381]] [295772121352.7999, [1100.1000000000001, 95907291, 6138012243, 5340891, 6137123727, 23973306]] [1246555817.6, [83.7, 412411, 26356864, 32995, 25506688, 101907]]
Arch_Param: [32, 4096, 8192, 4, 256, 64]
Samsung_cost: [39279816430.0, [3200194.0, 102405697, 1638358008, 12858433, 203074744, 1587489]] [15370449486.0, [1236591.0, 39567471, 633078564, 4912239, 85328676, 668271]] [1282133060, [104330, 3338290, 53412640, 417330, 6677280, 52170]] [20913948180, [1701716, 54454402, 871270432, 6806914, 108910624, 850868]] [1690713516, [137574, 4402182, 70434864, 550278, 8804400, 68790]] [1178614332126.0, [95899227.0, 3068770335, 49100323923, 383602047, 6138057555, 47954907]] [37903016396.0, [3087632.0, 98803948, 1580863168, 12489964, 195940032, 1535123]]
Model_cost: [27604627181.0, [7250.25, 80564801, 1288904952, 5243969, 49400505, 195874]] [5505423486.0, [15687.0, 10223727, 163578660, 164463, 77870628, 304299]] [302452718.6666667, [20.666666666666664, 390450, 6247200, 13170, 6247200, 26250]] [5057489429.333334, [5003.333333333333, 6635394, 106002464, 38794, 103509152, 416027]] [1632243700.0, [1418.0, 4343302, 69492784, 300294, 7768304, 30576]] [421323311706.0, [2925.0, 767215743, 12275433555, 10680855, 6137123727, 23973306]] [1685043165.5, [428.625, 2983404, 47652928, 135636, 25506688, 102419]]
Arch_Param: [32, 4096, 8192, 4, 256, 128]
Samsung_cost: [39041627886.0, [3200194.0, 102405697, 1638358008, 2031681, 203074744, 1587489]] [15276237390.0, [1236591.0, 39567471, 633078564, 629871, 85328676, 668271]] [1275262020, [104330, 3338290, 53412640, 105010, 6677280, 52170]] [20771003796, [1701716, 54454402, 871270432, 309442, 108910624, 850868]] [1679472044, [137574, 4402182, 70434864, 39302, 8804400, 68790]] [1171114941150.0, [95899227.0, 3068770335, 49100323923, 42720639, 6138057555, 47954907]] [37673384268.0, [3087632.0, 98803948, 1580863168, 2052140, 195940032, 1535123]]
Model_cost: [27604627181.0, [7250.25, 80564801, 1288904952, 5243969, 49400505, 195874]] [5505423486.0, [15687.0, 10223727, 163578660, 164463, 77870628, 304299]] [302452718.6666667, [20.666666666666664, 390450, 6247200, 13170, 6247200, 26250]] [5057489429.333334, [5003.333333333333, 6635394, 106002464, 38794, 103509152, 416027]] [1627602932.0, [1418.0, 4343302, 69492784, 89350, 7768304, 30576]] [421323311706.0, [2925.0, 767215743, 12275433555, 10680855, 6137123727, 23973306]] [1684535805.5, [420.625, 2983404, 47652928, 113236, 25506688, 101907]]
Arch_Param: [32, 4096, 8192, 4, 256, 256]
Samsung_cost: [39041627886.0, [3200194.0, 102405697, 1638358008, 2031681, 203074744, 1587489]] [15276237390.0, [1236591.0, 39567471, 633078564, 629871, 85328676, 668271]] [1275262020, [104330, 3338290, 53412640, 105010, 6677280, 52170]] [20771003796, [1701716, 54454402, 871270432, 309442, 108910624, 850868]] [1679472044, [137574, 4402182, 70434864, 39302, 8804400, 68790]] [1171114941150.0, [95899227.0, 3068770335, 49100323923, 42720639, 6138057555, 47954907]] [37673384268.0, [3087632.0, 98803948, 1580863168, 2052140, 195940032, 1535123]]
Model_cost: [27604627181.0, [7250.25, 80564801, 1288904952, 5243969, 49400505, 195874]] [5505423486.0, [15687.0, 10223727, 163578660, 164463, 77870628, 304299]] [302452718.6666667, [20.666666666666664, 390450, 6247200, 13170, 6247200, 26250]] [5057489429.333334, [5003.333333333333, 6635394, 106002464, 38794, 103509152, 416027]] [1627602932.0, [1418.0, 4343302, 69492784, 89350, 7768304, 30576]] [421323311706.0, [2925.0, 767215743, 12275433555, 10680855, 6137123727, 23973306]] [1684535805.5, [420.625, 2983404, 47652928, 113236, 25506688, 101907]]
Arch_Param: [32, 4096, 8192, 4, 512, 64]
Samsung_cost: [39075005436.0, [3200194.0, 51203108, 1638358008, 12858404, 203074744, 1587489]] [15291314766.0, [1236591.0, 19783791, 633078564, 4912239, 85328676, 668271]] [1275456060, [104330, 1669150, 53412640, 417310, 6677280, 52170]] [20805038076, [1701716, 27227206, 871270432, 6806854, 108910624, 850868]] [1681909164, [137574, 2201094, 70434864, 550278, 8804400, 68790]] [1172476791774.0, [95899227.0, 1534385247, 49100323923, 383602047, 6138057555, 47954907]] [37705405904.0, [3087632.0, 49401974, 1580863168, 12489846, 195940032, 1535123]]
Model_cost: [27443497979.0, [7250.25, 40282660, 1288904952, 5243940, 49400505, 195874]] [5484976254.0, [15687.0, 5111919, 163578660, 164463, 77870628, 304299]] [301671398.6666667, [20.666666666666664, 195230, 6247200, 13150, 6247200, 26250]] [5044258301.333334, [5003.333333333333, 3327942, 106002464, 38734, 103509152, 416027]] [1623639028.0, [1418.0, 2192134, 69492784, 300294, 7768304, 30576]] [419788883610.0, [2925.0, 383608719, 12275433555, 10680855, 6137123727, 23973306]] [1679073761.5, [428.625, 1491702, 47652928, 135518, 25506688, 102419]]
Arch_Param: [32, 4096, 8192, 4, 512, 128]
Samsung_cost: [38836816892.0, [3200194.0, 51203108, 1638358008, 2031652, 203074744, 1587489]] [15197102670.0, [1236591.0, 19783791, 633078564, 629871, 85328676, 668271]] [1268585020, [104330, 1669150, 53412640, 104990, 6677280, 52170]] [20662093692, [1701716, 27227206, 871270432, 309382, 108910624, 850868]] [1670667692, [137574, 2201094, 70434864, 39302, 8804400, 68790]] [1164977400798.0, [95899227.0, 1534385247, 49100323923, 42720639, 6138057555, 47954907]] [37475773776.0, [3087632.0, 49401974, 1580863168, 2052022, 195940032, 1535123]]
Model_cost: [27443497979.0, [7250.25, 40282660, 1288904952, 5243940, 49400505, 195874]] [5484976254.0, [15687.0, 5111919, 163578660, 164463, 77870628, 304299]] [301671398.6666667, [20.666666666666664, 195230, 6247200, 13150, 6247200, 26250]] [5044258301.333334, [5003.333333333333, 3327942, 106002464, 38734, 103509152, 416027]] [1618998260.0, [1418.0, 2192134, 69492784, 89350, 7768304, 30576]] [419788883610.0, [2925.0, 383608719, 12275433555, 10680855, 6137123727, 23973306]] [1678566401.5, [420.625, 1491702, 47652928, 113118, 25506688, 101907]]
Arch_Param: [32, 4096, 8192, 4, 512, 256]
Samsung_cost: [38836816892.0, [3200194.0, 51203108, 1638358008, 2031652, 203074744, 1587489]] [15197102670.0, [1236591.0, 19783791, 633078564, 629871, 85328676, 668271]] [1268585020, [104330, 1669150, 53412640, 104990, 6677280, 52170]] [20662093692, [1701716, 27227206, 871270432, 309382, 108910624, 850868]] [1670667692, [137574, 2201094, 70434864, 39302, 8804400, 68790]] [1164977400798.0, [95899227.0, 1534385247, 49100323923, 42720639, 6138057555, 47954907]] [37475773776.0, [3087632.0, 49401974, 1580863168, 2052022, 195940032, 1535123]]
Model_cost: [27443497979.0, [7250.25, 40282660, 1288904952, 5243940, 49400505, 195874]] [5484976254.0, [15687.0, 5111919, 163578660, 164463, 77870628, 304299]] [301671398.6666667, [20.666666666666664, 195230, 6247200, 13150, 6247200, 26250]] [5044258301.333334, [5003.333333333333, 3327942, 106002464, 38734, 103509152, 416027]] [1618998260.0, [1418.0, 2192134, 69492784, 89350, 7768304, 30576]] [419788883610.0, [2925.0, 383608719, 12275433555, 10680855, 6137123727, 23973306]] [1678566401.5, [420.625, 1491702, 47652928, 113118, 25506688, 101907]]
Arch_Param: [32, 4096, 8192, 4, 512, 512]
Samsung_cost: [38836816892.0, [3200194.0, 51203108, 1638358008, 2031652, 203074744, 1587489]] [15197102670.0, [1236591.0, 19783791, 633078564, 629871, 85328676, 668271]] [1268585020, [104330, 1669150, 53412640, 104990, 6677280, 52170]] [20662093692, [1701716, 27227206, 871270432, 309382, 108910624, 850868]] [1670667692, [137574, 2201094, 70434864, 39302, 8804400, 68790]] [1164977400798.0, [95899227.0, 1534385247, 49100323923, 42720639, 6138057555, 47954907]] [37475773776.0, [3087632.0, 49401974, 1580863168, 2052022, 195940032, 1535123]]
Model_cost: [27368172907.0, [7238.25, 40282660, 1288904952, 1820740, 49400505, 195362]] [5484976254.0, [15687.0, 5111919, 163578660, 164463, 77870628, 304299]] [301671398.6666667, [20.666666666666664, 195230, 6247200, 13150, 6247200, 26250]] [5044258301.333334, [5003.333333333333, 3327942, 106002464, 38734, 103509152, 416027]] [1618727924.0, [1418.0, 2192134, 69492784, 77062, 7768304, 30576]] [419788883610.0, [2925.0, 383608719, 12275433555, 10680855, 6137123727, 23973306]] [1678355117.5, [417.625, 1491702, 47652928, 103518, 25506688, 101907]]
Arch_Param: [32, 4096, 8192, 4, 1024, 64]
Samsung_cost: [38972650414.0, [3200194.0, 25614369, 1638358008, 12858401, 203074744, 1587489]] [15251747406.0, [1236591.0, 9891951, 633078564, 4912239, 85328676, 668271]] [1272117560, [104330, 834580, 53412640, 417300, 6677280, 52170]] [20750583024, [1701716, 13613608, 871270432, 6806824, 108910624, 850868]] [1677506988, [137574, 1100550, 70434864, 550278, 8804400, 68790]] [1169408021598.0, [95899227.0, 767192703, 49100323923, 383602047, 6138057555, 47954907]] [37606600658.0, [3087632.0, 24700987, 1580863168, 12489787, 195940032, 1535123]]
Model_cost: [27362983341.0, [7250.25, 20154017, 1288904952, 5243937, 49400505, 195874]] [5474752638.0, [15687.0, 2556015, 163578660, 164463, 77870628, 304299]] [301306348.0, [21.0, 104020, 6247200, 13140, 6247200, 26250]] [5037668356.0, [5004.0, 1680616, 106002464, 38704, 103509152, 416027]] [1618279100.0, [1416.0, 1094662, 69427248, 316678, 7767792, 30384]] [419021669562.0, [2925.0, 191805207, 12275433555, 10680855, 6137123727, 23973306]] [1676101603.5, [428.625, 748987, 47652928, 135459, 25506688, 102419]]
Arch_Param: [32, 4096, 8192, 4, 1024, 128]
Samsung_cost: [38734461870.0, [3200194.0, 25614369, 1638358008, 2031649, 203074744, 1587489]] [15157535310.0, [1236591.0, 9891951, 633078564, 629871, 85328676, 668271]] [1265246520, [104330, 834580, 53412640, 104980, 6677280, 52170]] [20607638640, [1701716, 13613608, 871270432, 309352, 108910624, 850868]] [1666265516, [137574, 1100550, 70434864, 39302, 8804400, 68790]] [1161908630622.0, [95899227.0, 767192703, 49100323923, 42720639, 6138057555, 47954907]] [37376968530.0, [3087632.0, 24700987, 1580863168, 2051963, 195940032, 1535123]]
Model_cost: [27362983341.0, [7250.25, 20154017, 1288904952, 5243937, 49400505, 195874]] [5474752638.0, [15687.0, 2556015, 163578660, 164463, 77870628, 304299]] [301306348.0, [21.0, 104020, 6247200, 13140, 6247200, 26250]] [5037668356.0, [5004.0, 1680616, 106002464, 38704, 103509152, 416027]] [1613638332.0, [1416.0, 1094662, 69427248, 105734, 7767792, 30384]] [419021669562.0, [2925.0, 191805207, 12275433555, 10680855, 6137123727, 23973306]] [1675594243.5, [420.625, 748987, 47652928, 113059, 25506688, 101907]]
Arch_Param: [32, 4096, 8192, 4, 1024, 256]
Samsung_cost: [38734461870.0, [3200194.0, 25614369, 1638358008, 2031649, 203074744, 1587489]] [15157535310.0, [1236591.0, 9891951, 633078564, 629871, 85328676, 668271]] [1265246520, [104330, 834580, 53412640, 104980, 6677280, 52170]] [20607638640, [1701716, 13613608, 871270432, 309352, 108910624, 850868]] [1666265516, [137574, 1100550, 70434864, 39302, 8804400, 68790]] [1161908630622.0, [95899227.0, 767192703, 49100323923, 42720639, 6138057555, 47954907]] [37376968530.0, [3087632.0, 24700987, 1580863168, 2051963, 195940032, 1535123]]
Model_cost: [27362983341.0, [7250.25, 20154017, 1288904952, 5243937, 49400505, 195874]] [5474752638.0, [15687.0, 2556015, 163578660, 164463, 77870628, 304299]] [301306348.0, [21.0, 104020, 6247200, 13140, 6247200, 26250]] [5037668356.0, [5004.0, 1680616, 106002464, 38704, 103509152, 416027]] [1613638332.0, [1416.0, 1094662, 69427248, 105734, 7767792, 30384]] [419021669562.0, [2925.0, 191805207, 12275433555, 10680855, 6137123727, 23973306]] [1675594243.5, [420.625, 748987, 47652928, 113059, 25506688, 101907]]
Arch_Param: [32, 4096, 8192, 4, 1024, 512]
Samsung_cost: [38734461870.0, [3200194.0, 25614369, 1638358008, 2031649, 203074744, 1587489]] [15157535310.0, [1236591.0, 9891951, 633078564, 629871, 85328676, 668271]] [1265246520, [104330, 834580, 53412640, 104980, 6677280, 52170]] [20607638640, [1701716, 13613608, 871270432, 309352, 108910624, 850868]] [1666265516, [137574, 1100550, 70434864, 39302, 8804400, 68790]] [1161908630622.0, [95899227.0, 767192703, 49100323923, 42720639, 6138057555, 47954907]] [37376968530.0, [3087632.0, 24700987, 1580863168, 2051963, 195940032, 1535123]]
Model_cost: [27287658269.0, [7238.25, 20154017, 1288904952, 1820737, 49400505, 195362]] [5474752638.0, [15687.0, 2556015, 163578660, 164463, 77870628, 304299]] [301306348.0, [21.0, 104020, 6247200, 13140, 6247200, 26250]] [5037668356.0, [5004.0, 1680616, 106002464, 38704, 103509152, 416027]] [1613367996.0, [1416.0, 1094662, 69427248, 93446, 7767792, 30384]] [419021669562.0, [2925.0, 191805207, 12275433555, 10680855, 6137123727, 23973306]] [1675382959.5, [417.625, 748987, 47652928, 103459, 25506688, 101907]]
Arch_Param: [32, 4096, 8192, 8, 256, 64]
Samsung_cost: [19688776942.0, [1603522.0, 51312193, 820923384, 6444097, 102001848, 797857]] [15370449486.0, [1236591.0, 39567471, 633078564, 4912239, 85328676, 668271]] [1282133060, [104330, 3338290, 53412640, 417330, 6677280, 52170]] [20913948180, [1701716, 54454402, 871270432, 6806914, 108910624, 850868]] [1575285836, [128182, 4101638, 65626160, 512710, 8203312, 64094]] [1178614332126.0, [95899227.0, 3068770335, 49100323923, 383602047, 6138057555, 47954907]] [36989051340.0, [3010832.0, 96346348, 1541541568, 12113132, 192138944, 1505427]]
Model_cost: [14995146732.277779, [3757.652777777778, 41814593, 668963704, 2718657, 49400505, 195874]] [3919130286.0, [14811.0, 5333103, 85328676, 86895, 77870628, 304299]] [302452718.6666667, [20.666666666666664, 390450, 6247200, 13170, 6247200, 26250]] [5057489429.333334, [5003.333333333333, 6635394, 106002464, 38794, 103509152, 416027]] [922986428.0, [712.0, 2171654, 34746416, 44678, 7768304, 30576]] [296923026222.0, [2118.0, 383626383, 6138012243, 5340891, 6137123727, 23973306]] [1383498157.5, [248.625, 2055020, 32839552, 65428, 25506688, 101907]]
Arch_Param: [32, 4096, 8192, 8, 256, 128]
Samsung_cost: [19569524974.0, [1603522.0, 51312193, 820923384, 1023553, 102001848, 797857]] [15276237390.0, [1236591.0, 39567471, 633078564, 629871, 85328676, 668271]] [1275262020, [104330, 3338290, 53412640, 105010, 6677280, 52170]] [20771003796, [1701716, 54454402, 871270432, 309442, 108910624, 850868]] [1564731468, [128182, 4101638, 65626160, 32966, 8203312, 64094]] [1171114941150.0, [95899227.0, 3068770335, 49100323923, 42720639, 6138057555, 47954907]] [36762843468.0, [3010832.0, 96346348, 1541541568, 1830956, 192138944, 1505427]]
Model_cost: [14995146732.277779, [3757.652777777778, 41814593, 668963704, 2718657, 49400505, 195874]] [3919130286.0, [14811.0, 5333103, 85328676, 86895, 77870628, 304299]] [302452718.6666667, [20.666666666666664, 390450, 6247200, 13170, 6247200, 26250]] [5057489429.333334, [5003.333333333333, 6635394, 106002464, 38794, 103509152, 416027]] [922986428.0, [712.0, 2171654, 34746416, 44678, 7768304, 30576]] [296923026222.0, [2118.0, 383626383, 6138012243, 5340891, 6137123727, 23973306]] [1383498157.5, [248.625, 2055020, 32839552, 65428, 25506688, 101907]]
Arch_Param: [32, 4096, 8192, 8, 256, 256]
Samsung_cost: [19569524974.0, [1603522.0, 51312193, 820923384, 1023553, 102001848, 797857]] [15276237390.0, [1236591.0, 39567471, 633078564, 629871, 85328676, 668271]] [1275262020, [104330, 3338290, 53412640, 105010, 6677280, 52170]] [20771003796, [1701716, 54454402, 871270432, 309442, 108910624, 850868]] [1564731468, [128182, 4101638, 65626160, 32966, 8203312, 64094]] [1171114941150.0, [95899227.0, 3068770335, 49100323923, 42720639, 6138057555, 47954907]] [36762843468.0, [3010832.0, 96346348, 1541541568, 1830956, 192138944, 1505427]]
Model_cost: [14955970988.277779, [3757.652777777778, 41814593, 668963704, 938593, 49400505, 195362]] [3919130286.0, [14811.0, 5333103, 85328676, 86895, 77870628, 304299]] [302452718.6666667, [20.666666666666664, 390450, 6247200, 13170, 6247200, 26250]] [5057489429.333334, [5003.333333333333, 6635394, 106002464, 38794, 103509152, 416027]] [922851260.0, [712.0, 2171654, 34746416, 38534, 7768304, 30576]] [296923026222.0, [2118.0, 383626383, 6138012243, 5340891, 6137123727, 23973306]] [1383388333.5, [248.625, 2055020, 32839552, 60436, 25506688, 101907]]
Arch_Param: [32, 4096, 8192, 8, 512, 64]
Samsung_cost: [19586152956.0, [1603522.0, 25656356, 820923384, 6444068, 102001848, 797857]] [15291314766.0, [1236591.0, 19783791, 633078564, 4912239, 85328676, 668271]] [1275456060, [104330, 1669150, 53412640, 417310, 6677280, 52170]] [20805038076, [1701716, 27227206, 871270432, 6806854, 108910624, 850868]] [1567082572, [128182, 2050822, 65626160, 512710, 8203312, 64094]] [1172476791774.0, [95899227.0, 1534385247, 49100323923, 383602047, 6138057555, 47954907]] [36796356048.0, [3010832.0, 48173174, 1541541568, 12113014, 192138944, 1505427]]
Model_cost: [14911517946.277779, [3757.652777777778, 20907556, 668963704, 2718628, 49400505, 195874]] [3908464302.0, [14811.0, 2666607, 85328676, 86895, 77870628, 304299]] [301671398.6666667, [20.666666666666664, 195230, 6247200, 13150, 6247200, 26250]] [5044258301.333334, [5003.333333333333, 3327942, 106002464, 38734, 103509152, 416027]] [918684092.0, [712.0, 1096070, 34746416, 44678, 7768304, 30576]] [296155775310.0, [2118.0, 191813655, 6138012243, 5340891, 6137123727, 23973306]] [1379385521.5, [248.625, 1027510, 32839552, 65310, 25506688, 101907]]
Arch_Param: [32, 4096, 8192, 8, 512, 128]
Samsung_cost: [19466900988.0, [1603522.0, 25656356, 820923384, 1023524, 102001848, 797857]] [15197102670.0, [1236591.0, 19783791, 633078564, 629871, 85328676, 668271]] [1268585020, [104330, 1669150, 53412640, 104990, 6677280, 52170]] [20662093692, [1701716, 27227206, 871270432, 309382, 108910624, 850868]] [1556528204, [128182, 2050822, 65626160, 32966, 8203312, 64094]] [1164977400798.0, [95899227.0, 1534385247, 49100323923, 42720639, 6138057555, 47954907]] [36570148176.0, [3010832.0, 48173174, 1541541568, 1830838, 192138944, 1505427]]
Model_cost: [14911517946.277779, [3757.652777777778, 20907556, 668963704, 2718628, 49400505, 195874]] [3908464302.0, [14811.0, 2666607, 85328676, 86895, 77870628, 304299]] [301671398.6666667, [20.666666666666664, 195230, 6247200, 13150, 6247200, 26250]] [5044258301.333334, [5003.333333333333, 3327942, 106002464, 38734, 103509152, 416027]] [918684092.0, [712.0, 1096070, 34746416, 44678, 7768304, 30576]] [296155775310.0, [2118.0, 191813655, 6138012243, 5340891, 6137123727, 23973306]] [1379385521.5, [248.625, 1027510, 32839552, 65310, 25506688, 101907]]
Arch_Param: [32, 4096, 8192, 8, 512, 256]
Samsung_cost: [19466900988.0, [1603522.0, 25656356, 820923384, 1023524, 102001848, 797857]] [15197102670.0, [1236591.0, 19783791, 633078564, 629871, 85328676, 668271]] [1268585020, [104330, 1669150, 53412640, 104990, 6677280, 52170]] [20662093692, [1701716, 27227206, 871270432, 309382, 108910624, 850868]] [1556528204, [128182, 2050822, 65626160, 32966, 8203312, 64094]] [1164977400798.0, [95899227.0, 1534385247, 49100323923, 42720639, 6138057555, 47954907]] [36570148176.0, [3010832.0, 48173174, 1541541568, 1830838, 192138944, 1505427]]
Model_cost: [14872342202.277779, [3757.652777777778, 20907556, 668963704, 938564, 49400505, 195362]] [3908464302.0, [14811.0, 2666607, 85328676, 86895, 77870628, 304299]] [301671398.6666667, [20.666666666666664, 195230, 6247200, 13150, 6247200, 26250]] [5044258301.333334, [5003.333333333333, 3327942, 106002464, 38734, 103509152, 416027]] [918548924.0, [712.0, 1096070, 34746416, 38534, 7768304, 30576]] [296155775310.0, [2118.0, 191813655, 6138012243, 5340891, 6137123727, 23973306]] [1379275697.5, [248.625, 1027510, 32839552, 60318, 25506688, 101907]]
Arch_Param: [32, 4096, 8192, 8, 512, 512]
Samsung_cost: [19466900988.0, [1603522.0, 25656356, 820923384, 1023524, 102001848, 797857]] [15197102670.0, [1236591.0, 19783791, 633078564, 629871, 85328676, 668271]] [1268585020, [104330, 1669150, 53412640, 104990, 6677280, 52170]] [20662093692, [1701716, 27227206, 871270432, 309382, 108910624, 850868]] [1556528204, [128182, 2050822, 65626160, 32966, 8203312, 64094]] [1164977400798.0, [95899227.0, 1534385247, 49100323923, 42720639, 6138057555, 47954907]] [36570148176.0, [3010832.0, 48173174, 1541541568, 1830838, 192138944, 1505427]]
Model_cost: [14872342202.277779, [3757.652777777778, 20907556, 668963704, 938564, 49400505, 195362]] [3908464302.0, [14811.0, 2666607, 85328676, 86895, 77870628, 304299]] [301671398.6666667, [20.666666666666664, 195230, 6247200, 13150, 6247200, 26250]] [5044258301.333334, [5003.333333333333, 3327942, 106002464, 38734, 103509152, 416027]] [918186684.0, [712.0, 1087878, 34713648, 22150, 7792880, 30512]] [296155775310.0, [2118.0, 191813655, 6138012243, 5340891, 6137123727, 23973306]] [1379275697.5, [248.625, 1027510, 32839552, 60318, 25506688, 101907]]
Arch_Param: [32, 4096, 8192, 8, 1024, 64]
Samsung_cost: [19534866862.0, [1603522.0, 12834849, 820923384, 6444065, 102001848, 797857]] [15251747406.0, [1236591.0, 9891951, 633078564, 4912239, 85328676, 668271]] [1272117560, [104330, 834580, 53412640, 417300, 6677280, 52170]] [20750583024, [1701716, 13613608, 871270432, 6806824, 108910624, 850868]] [1562980940, [128182, 1025414, 65626160, 512710, 8203312, 64094]] [1169408021598.0, [95899227.0, 767192703, 49100323923, 383602047, 6138057555, 47954907]] [36700008402.0, [3010832.0, 24086587, 1541541568, 12112955, 192138944, 1505427]]
Model_cost: [14869728684.277779, [3757.652777777778, 10460257, 668963704, 2718625, 49400505, 195874]] [3903131310.0, [14811.0, 1333359, 85328676, 86895, 77870628, 304299]] [301306348.0, [21.0, 104020, 6247200, 13140, 6247200, 26250]] [5037668356.0, [5004.0, 1680616, 106002464, 38704, 103509152, 416027]] [915994272.0, [711.0, 547334, 34713648, 52870, 7767792, 30384]] [295772149854.0, [2118.0, 95907291, 6138012243, 5340891, 6137123727, 23973306]] [1377335475.5, [248.625, 515323, 32839552, 65251, 25506688, 101907]]
Arch_Param: [32, 4096, 8192, 8, 1024, 128]
Samsung_cost: [19415614894.0, [1603522.0, 12834849, 820923384, 1023521, 102001848, 797857]] [15157535310.0, [1236591.0, 9891951, 633078564, 629871, 85328676, 668271]] [1265246520, [104330, 834580, 53412640, 104980, 6677280, 52170]] [20607638640, [1701716, 13613608, 871270432, 309352, 108910624, 850868]] [1552426572, [128182, 1025414, 65626160, 32966, 8203312, 64094]] [1161908630622.0, [95899227.0, 767192703, 49100323923, 42720639, 6138057555, 47954907]] [36473800530.0, [3010832.0, 24086587, 1541541568, 1830779, 192138944, 1505427]]
Model_cost: [14869728684.277779, [3757.652777777778, 10460257, 668963704, 2718625, 49400505, 195874]] [3903131310.0, [14811.0, 1333359, 85328676, 86895, 77870628, 304299]] [301306348.0, [21.0, 104020, 6247200, 13140, 6247200, 26250]] [5037668356.0, [5004.0, 1680616, 106002464, 38704, 103509152, 416027]] [915994272.0, [711.0, 547334, 34713648, 52870, 7767792, 30384]] [295772149854.0, [2118.0, 95907291, 6138012243, 5340891, 6137123727, 23973306]] [1377335475.5, [248.625, 515323, 32839552, 65251, 25506688, 101907]]
Arch_Param: [32, 4096, 8192, 8, 1024, 256]
Samsung_cost: [19415614894.0, [1603522.0, 12834849, 820923384, 1023521, 102001848, 797857]] [15157535310.0, [1236591.0, 9891951, 633078564, 629871, 85328676, 668271]] [1265246520, [104330, 834580, 53412640, 104980, 6677280, 52170]] [20607638640, [1701716, 13613608, 871270432, 309352, 108910624, 850868]] [1552426572, [128182, 1025414, 65626160, 32966, 8203312, 64094]] [1161908630622.0, [95899227.0, 767192703, 49100323923, 42720639, 6138057555, 47954907]] [36473800530.0, [3010832.0, 24086587, 1541541568, 1830779, 192138944, 1505427]]
Model_cost: [14830552940.277779, [3757.652777777778, 10460257, 668963704, 938561, 49400505, 195362]] [3903131310.0, [14811.0, 1333359, 85328676, 86895, 77870628, 304299]] [301306348.0, [21.0, 104020, 6247200, 13140, 6247200, 26250]] [5037668356.0, [5004.0, 1680616, 106002464, 38704, 103509152, 416027]] [915859104.0, [711.0, 547334, 34713648, 46726, 7767792, 30384]] [295772149854.0, [2118.0, 95907291, 6138012243, 5340891, 6137123727, 23973306]] [1377225651.5, [248.625, 515323, 32839552, 60259, 25506688, 101907]]
Arch_Param: [32, 4096, 8192, 8, 1024, 512]
Samsung_cost: [19415614894.0, [1603522.0, 12834849, 820923384, 1023521, 102001848, 797857]] [15157535310.0, [1236591.0, 9891951, 633078564, 629871, 85328676, 668271]] [1265246520, [104330, 834580, 53412640, 104980, 6677280, 52170]] [20607638640, [1701716, 13613608, 871270432, 309352, 108910624, 850868]] [1552426572, [128182, 1025414, 65626160, 32966, 8203312, 64094]] [1161908630622.0, [95899227.0, 767192703, 49100323923, 42720639, 6138057555, 47954907]] [36473800530.0, [3010832.0, 24086587, 1541541568, 1830779, 192138944, 1505427]]
Model_cost: [14830552940.277779, [3757.652777777778, 10460257, 668963704, 938561, 49400505, 195362]] [3903131310.0, [14811.0, 1333359, 85328676, 86895, 77870628, 304299]] [301306348.0, [21.0, 104020, 6247200, 13140, 6247200, 26250]] [5037668356.0, [5004.0, 1680616, 106002464, 38704, 103509152, 416027]] [915859104.0, [711.0, 547334, 34713648, 46726, 7767792, 30384]] [295772149854.0, [2118.0, 95907291, 6138012243, 5340891, 6137123727, 23973306]] [1377225651.5, [248.625, 515323, 32839552, 60259, 25506688, 101907]]
Arch_Param: [32, 4096, 8192, 16, 256, 64]
Samsung_cost: [9893257198.0, [805186.0, 25765441, 412206072, 3236929, 51465400, 403041]] [15370449486.0, [1236591.0, 39567471, 633078564, 4912239, 85328676, 668271]] [1282133060, [104330, 3338290, 53412640, 417330, 6677280, 52170]] [20913948180, [1701716, 54454402, 871270432, 6806914, 108910624, 850868]] [1517571996, [123486, 3951366, 63221808, 493926, 7902768, 61746]] [1178614332126.0, [95899227.0, 3068770335, 49100323923, 383602047, 6138057555, 47954907]] [36532068812.0, [2972432.0, 95117548, 1521880768, 11924716, 190238400, 1490579]]
Model_cost: [8693123753.38889, [2027.263888888889, 22447809, 359126200, 1456961, 49400505, 195874]] [3919130286.0, [14811.0, 5333103, 85328676, 86895, 77870628, 304299]] [302452718.6666667, [20.666666666666664, 390450, 6247200, 13170, 6247200, 26250]] [5057489429.333334, [5003.333333333333, 6635394, 106002464, 38794, 103509152, 416027]] [570678176.0, [359.0, 1085830, 17373232, 22342, 7768304, 30576]] [296923026222.0, [2118.0, 383626383, 6138012243, 5340891, 6137123727, 23973306]] [1295524504.5, [183.875, 1783660, 28517760, 44948, 25506688, 101907]]
Arch_Param: [32, 4096, 8192, 16, 256, 128]
Samsung_cost: [9833473518.0, [805186.0, 25765441, 412206072, 519489, 51465400, 403041]] [15276237390.0, [1236591.0, 39567471, 633078564, 629871, 85328676, 668271]] [1275262020, [104330, 3338290, 53412640, 105010, 6677280, 52170]] [20771003796, [1701716, 54454402, 871270432, 309442, 108910624, 850868]] [1507361180, [123486, 3951366, 63221808, 29798, 7902768, 61746]] [1171114941150.0, [95899227.0, 3068770335, 49100323923, 42720639, 6138057555, 47954907]] [36307573068.0, [2972432.0, 95117548, 1521880768, 1720364, 190238400, 1490579]]
Model_cost: [8672022281.38889, [2019.263888888889, 22447809, 359126200, 498465, 49400505, 195362]] [3919130286.0, [14811.0, 5333103, 85328676, 86895, 77870628, 304299]] [302452718.6666667, [20.666666666666664, 390450, 6247200, 13170, 6247200, 26250]] [5057489429.333334, [5003.333333333333, 6635394, 106002464, 38794, 103509152, 416027]] [570610592.0, [359.0, 1085830, 17373232, 19270, 7768304, 30576]] [296923026222.0, [2118.0, 383626383, 6138012243, 5340891, 6137123727, 23973306]] [1295465284.5, [180.875, 1783660, 28517760, 42260, 25506688, 101907]]
Arch_Param: [32, 4096, 8192, 16, 256, 256]
Samsung_cost: [9833473518.0, [805186.0, 25765441, 412206072, 519489, 51465400, 403041]] [15276237390.0, [1236591.0, 39567471, 633078564, 629871, 85328676, 668271]] [1275262020, [104330, 3338290, 53412640, 105010, 6677280, 52170]] [20771003796, [1701716, 54454402, 871270432, 309442, 108910624, 850868]] [1507361180, [123486, 3951366, 63221808, 29798, 7902768, 61746]] [1171114941150.0, [95899227.0, 3068770335, 49100323923, 42720639, 6138057555, 47954907]] [36307573068.0, [2972432.0, 95117548, 1521880768, 1720364, 190238400, 1490579]]
Model_cost: [8672022281.38889, [2019.263888888889, 22447809, 359126200, 498465, 49400505, 195362]] [3919130286.0, [14811.0, 5333103, 85328676, 86895, 77870628, 304299]] [302452718.6666667, [20.666666666666664, 390450, 6247200, 13170, 6247200, 26250]] [5057489429.333334, [5003.333333333333, 6635394, 106002464, 38794, 103509152, 416027]] [570610592.0, [359.0, 1085830, 17373232, 19270, 7768304, 30576]] [296923026222.0, [2118.0, 383626383, 6138012243, 5340891, 6137123727, 23973306]] [1295465284.5, [180.875, 1783660, 28517760, 42260, 25506688, 101907]]
Arch_Param: [32, 4096, 8192, 16, 512, 64]
Samsung_cost: [9841726716.0, [805186.0, 12882980, 412206072, 3236900, 51465400, 403041]] [15291314766.0, [1236591.0, 19783791, 633078564, 4912239, 85328676, 668271]] [1275456060, [104330, 1669150, 53412640, 417310, 6677280, 52170]] [20805038076, [1701716, 27227206, 871270432, 6806854, 108910624, 850868]] [1509669276, [123486, 1975686, 63221808, 493926, 7902768, 61746]] [1172476791774.0, [95899227.0, 1534385247, 49100323923, 383602047, 6138057555, 47954907]] [36341831120.0, [2972432.0, 47558774, 1521880768, 11924598, 190238400, 1490579]]
Model_cost: [8648228535.38889, [2027.263888888889, 11224164, 359126200, 1456932, 49400505, 195874]] [3908464302.0, [14811.0, 2666607, 85328676, 86895, 77870628, 304299]] [301671398.6666667, [20.666666666666664, 195230, 6247200, 13150, 6247200, 26250]] [5044258301.333334, [5003.333333333333, 3327942, 106002464, 38734, 103509152, 416027]] [568523680.0, [359.0, 543942, 17356848, 38726, 7767792, 30384]] [296155775310.0, [2118.0, 191813655, 6138012243, 5340891, 6137123727, 23973306]] [1291954588.5, [183.875, 891830, 28517760, 44830, 25506688, 101907]]
Arch_Param: [32, 4096, 8192, 16, 512, 128]
Samsung_cost: [9781943036.0, [805186.0, 12882980, 412206072, 519460, 51465400, 403041]] [15197102670.0, [1236591.0, 19783791, 633078564, 629871, 85328676, 668271]] [1268585020, [104330, 1669150, 53412640, 104990, 6677280, 52170]] [20662093692, [1701716, 27227206, 871270432, 309382, 108910624, 850868]] [1499458460, [123486, 1975686, 63221808, 29798, 7902768, 61746]] [1164977400798.0, [95899227.0, 1534385247, 49100323923, 42720639, 6138057555, 47954907]] [36117335376.0, [2972432.0, 47558774, 1521880768, 1720246, 190238400, 1490579]]
Model_cost: [8627127063.38889, [2019.263888888889, 11224164, 359126200, 498436, 49400505, 195362]] [3908464302.0, [14811.0, 2666607, 85328676, 86895, 77870628, 304299]] [301671398.6666667, [20.666666666666664, 195230, 6247200, 13150, 6247200, 26250]] [5044258301.333334, [5003.333333333333, 3327942, 106002464, 38734, 103509152, 416027]] [568456096.0, [359.0, 543942, 17356848, 35654, 7767792, 30384]] [296155775310.0, [2118.0, 191813655, 6138012243, 5340891, 6137123727, 23973306]] [1291895368.5, [180.875, 891830, 28517760, 42142, 25506688, 101907]]
Arch_Param: [32, 4096, 8192, 16, 512, 256]
Samsung_cost: [9781943036.0, [805186.0, 12882980, 412206072, 519460, 51465400, 403041]] [15197102670.0, [1236591.0, 19783791, 633078564, 629871, 85328676, 668271]] [1268585020, [104330, 1669150, 53412640, 104990, 6677280, 52170]] [20662093692, [1701716, 27227206, 871270432, 309382, 108910624, 850868]] [1499458460, [123486, 1975686, 63221808, 29798, 7902768, 61746]] [1164977400798.0, [95899227.0, 1534385247, 49100323923, 42720639, 6138057555, 47954907]] [36117335376.0, [2972432.0, 47558774, 1521880768, 1720246, 190238400, 1490579]]
Model_cost: [8627127063.38889, [2019.263888888889, 11224164, 359126200, 498436, 49400505, 195362]] [3908464302.0, [14811.0, 2666607, 85328676, 86895, 77870628, 304299]] [301671398.6666667, [20.666666666666664, 195230, 6247200, 13150, 6247200, 26250]] [5044258301.333334, [5003.333333333333, 3327942, 106002464, 38734, 103509152, 416027]] [568456096.0, [359.0, 543942, 17356848, 35654, 7767792, 30384]] [296155775310.0, [2118.0, 191813655, 6138012243, 5340891, 6137123727, 23973306]] [1291895368.5, [180.875, 891830, 28517760, 42142, 25506688, 101907]]
Arch_Param: [32, 4096, 8192, 16, 512, 512]
Samsung_cost: [9781943036.0, [805186.0, 12882980, 412206072, 519460, 51465400, 403041]] [15197102670.0, [1236591.0, 19783791, 633078564, 629871, 85328676, 668271]] [1268585020, [104330, 1669150, 53412640, 104990, 6677280, 52170]] [20662093692, [1701716, 27227206, 871270432, 309382, 108910624, 850868]] [1499458460, [123486, 1975686, 63221808, 29798, 7902768, 61746]] [1164977400798.0, [95899227.0, 1534385247, 49100323923, 42720639, 6138057555, 47954907]] [36117335376.0, [2972432.0, 47558774, 1521880768, 1720246, 190238400, 1490579]]
Model_cost: [8626915779.38889, [2016.263888888889, 11224164, 359126200, 488836, 49400505, 195362]] [3908464302.0, [14811.0, 2666607, 85328676, 86895, 77870628, 304299]] [301671398.6666667, [20.666666666666664, 195230, 6247200, 13150, 6247200, 26250]] [5044258301.333334, [5003.333333333333, 3327942, 106002464, 38734, 103509152, 416027]] [567887884.0, [359.0, 543942, 17356848, 9830, 7767792, 30381]] [296155775310.0, [2118.0, 191813655, 6138012243, 5340891, 6137123727, 23973306]] [1291895368.5, [180.875, 891830, 28517760, 42142, 25506688, 101907]]
Arch_Param: [32, 4096, 8192, 16, 1024, 64]
Samsung_cost: [9815975086.0, [805186.0, 6445089, 412206072, 3236897, 51465400, 403041]] [15251747406.0, [1236591.0, 9891951, 633078564, 4912239, 85328676, 668271]] [1272117560, [104330, 834580, 53412640, 417300, 6677280, 52170]] [20750583024, [1701716, 13613608, 871270432, 6806824, 108910624, 850868]] [1505717916, [123486, 987846, 63221808, 493926, 7902768, 61746]] [1169408021598.0, [95899227.0, 767192703, 49100323923, 383602047, 6138057555, 47954907]] [36246712274.0, [2972432.0, 23779387, 1521880768, 11924539, 190238400, 1490579]]
Model_cost: [8625793641.38889, [2027.263888888889, 5615457, 359126200, 1456929, 49400505, 195874]] [3903131310.0, [14811.0, 1333359, 85328676, 86895, 77870628, 304299]] [301306348.0, [21.0, 104020, 6247200, 13140, 6247200, 26250]] [5037668356.0, [5004.0, 1680616, 106002464, 38704, 103509152, 416027]] [567172256.0, [359.0, 273670, 17356848, 26438, 7767792, 30384]] [295772149854.0, [2118.0, 95907291, 6138012243, 5340891, 6137123727, 23973306]] [1290172830.5, [183.875, 446715, 28517760, 44771, 25506688, 101907]]
Arch_Param: [32, 4096, 8192, 16, 1024, 128]
Samsung_cost: [9756191406.0, [805186.0, 6445089, 412206072, 519457, 51465400, 403041]] [15157535310.0, [1236591.0, 9891951, 633078564, 629871, 85328676, 668271]] [1265246520, [104330, 834580, 53412640, 104980, 6677280, 52170]] [20607638640, [1701716, 13613608, 871270432, 309352, 108910624, 850868]] [1495507100, [123486, 987846, 63221808, 29798, 7902768, 61746]] [1161908630622.0, [95899227.0, 767192703, 49100323923, 42720639, 6138057555, 47954907]] [36022216530.0, [2972432.0, 23779387, 1521880768, 1720187, 190238400, 1490579]]
Model_cost: [8604692169.38889, [2019.263888888889, 5615457, 359126200, 498433, 49400505, 195362]] [3903131310.0, [14811.0, 1333359, 85328676, 86895, 77870628, 304299]] [301306348.0, [21.0, 104020, 6247200, 13140, 6247200, 26250]] [5037668356.0, [5004.0, 1680616, 106002464, 38704, 103509152, 416027]] [567104672.0, [359.0, 273670, 17356848, 23366, 7767792, 30384]] [295772149854.0, [2118.0, 95907291, 6138012243, 5340891, 6137123727, 23973306]] [1290113610.5, [180.875, 446715, 28517760, 42083, 25506688, 101907]]
Arch_Param: [32, 4096, 8192, 16, 1024, 256]
Samsung_cost: [9756191406.0, [805186.0, 6445089, 412206072, 519457, 51465400, 403041]] [15157535310.0, [1236591.0, 9891951, 633078564, 629871, 85328676, 668271]] [1265246520, [104330, 834580, 53412640, 104980, 6677280, 52170]] [20607638640, [1701716, 13613608, 871270432, 309352, 108910624, 850868]] [1495507100, [123486, 987846, 63221808, 29798, 7902768, 61746]] [1161908630622.0, [95899227.0, 767192703, 49100323923, 42720639, 6138057555, 47954907]] [36022216530.0, [2972432.0, 23779387, 1521880768, 1720187, 190238400, 1490579]]
Model_cost: [8604692169.38889, [2019.263888888889, 5615457, 359126200, 498433, 49400505, 195362]] [3903131310.0, [14811.0, 1333359, 85328676, 86895, 77870628, 304299]] [301306348.0, [21.0, 104020, 6247200, 13140, 6247200, 26250]] [5037668356.0, [5004.0, 1680616, 106002464, 38704, 103509152, 416027]] [567104672.0, [359.0, 273670, 17356848, 23366, 7767792, 30384]] [295772149854.0, [2118.0, 95907291, 6138012243, 5340891, 6137123727, 23973306]] [1290113610.5, [180.875, 446715, 28517760, 42083, 25506688, 101907]]
Arch_Param: [32, 4096, 8192, 16, 1024, 512]
Samsung_cost: [9756191406.0, [805186.0, 6445089, 412206072, 519457, 51465400, 403041]] [15157535310.0, [1236591.0, 9891951, 633078564, 629871, 85328676, 668271]] [1265246520, [104330, 834580, 53412640, 104980, 6677280, 52170]] [20607638640, [1701716, 13613608, 871270432, 309352, 108910624, 850868]] [1495507100, [123486, 987846, 63221808, 29798, 7902768, 61746]] [1161908630622.0, [95899227.0, 767192703, 49100323923, 42720639, 6138057555, 47954907]] [36022216530.0, [2972432.0, 23779387, 1521880768, 1720187, 190238400, 1490579]]
Model_cost: [8604480885.38889, [2016.263888888889, 5615457, 359126200, 488833, 49400505, 195362]] [3903131310.0, [14811.0, 1333359, 85328676, 86895, 77870628, 304299]] [301306348.0, [21.0, 104020, 6247200, 13140, 6247200, 26250]] [5037668356.0, [5004.0, 1680616, 106002464, 38704, 103509152, 416027]] [566804108.0, [359.0, 272998, 17356848, 9830, 7767792, 30381]] [295772149854.0, [2118.0, 95907291, 6138012243, 5340891, 6137123727, 23973306]] [1290113610.5, [180.875, 446715, 28517760, 42083, 25506688, 101907]]
Arch_Param: [32, 4096, 8192, 32, 256, 64]
Samsung_cost: [9647898350.0, [784770.0, 25112129, 401768440, 3146817, 50351288, 394337]] [15370449486.0, [1236591.0, 39567471, 633078564, 4912239, 85328676, 668271]] [1282133060, [104330, 3338290, 53412640, 417330, 6677280, 52170]] [20913948180, [1701716, 54454402, 871270432, 6806914, 108910624, 850868]] [1501300036, [122162, 3908998, 62543920, 488630, 7818032, 61084]] [1178614332126.0, [95899227.0, 3068770335, 49100323923, 383602047, 6138057555, 47954907]] [36481728972.0, [2968336.0, 94986476, 1519783616, 11908332, 189976256, 1488531]]
Model_cost: [5531192122.722222, [1145.5972222222222, 12767937, 204263608, 278721, 49400505, 195362]] [3919130286.0, [14811.0, 5333103, 85328676, 86895, 77870628, 304299]] [302452718.6666667, [20.666666666666664, 390450, 6247200, 13170, 6247200, 26250]] [5057489429.333334, [5003.333333333333, 6635394, 106002464, 38794, 103509152, 416027]] [394490281.3333333, [183.33333333333334, 542918, 8686640, 9638, 7768304, 30576]] [296923026222.0, [2118.0, 383626383, 6138012243, 5340891, 6137123727, 23973306]] [1251503788.0, [148.0, 1647980, 26356864, 33172, 25506688, 101907]]
Arch_Param: [32, 4096, 8192, 32, 256, 128]
Samsung_cost: [9589286126.0, [784770.0, 25112129, 401768440, 482625, 50351288, 394337]] [15276237390.0, [1236591.0, 39567471, 633078564, 629871, 85328676, 668271]] [1275262020, [104330, 3338290, 53412640, 105010, 6677280, 52170]] [20771003796, [1701716, 54454402, 871270432, 309442, 108910624, 850868]] [1491182148, [122162, 3908998, 62543920, 28726, 7818032, 61084]] [1171114941150.0, [95899227.0, 3068770335, 49100323923, 42720639, 6138057555, 47954907]] [36257413452.0, [2968336.0, 94986476, 1519783616, 1712172, 189976256, 1488531]]
Model_cost: [5531192122.722222, [1145.5972222222222, 12767937, 204263608, 278721, 49400505, 195362]] [3919130286.0, [14811.0, 5333103, 85328676, 86895, 77870628, 304299]] [302452718.6666667, [20.666666666666664, 390450, 6247200, 13170, 6247200, 26250]] [5057489429.333334, [5003.333333333333, 6635394, 106002464, 38794, 103509152, 416027]] [394490281.3333333, [183.33333333333334, 542918, 8686640, 9638, 7768304, 30576]] [296923026222.0, [2118.0, 383626383, 6138012243, 5340891, 6137123727, 23973306]] [1251503788.0, [148.0, 1647980, 26356864, 33172, 25506688, 101907]]
Arch_Param: [32, 4096, 8192, 32, 256, 256]
Samsung_cost: [9589286126.0, [784770.0, 25112129, 401768440, 482625, 50351288, 394337]] [15276237390.0, [1236591.0, 39567471, 633078564, 629871, 85328676, 668271]] [1275262020, [104330, 3338290, 53412640, 105010, 6677280, 52170]] [20771003796, [1701716, 54454402, 871270432, 309442, 108910624, 850868]] [1491182148, [122162, 3908998, 62543920, 28726, 7818032, 61084]] [1171114941150.0, [95899227.0, 3068770335, 49100323923, 42720639, 6138057555, 47954907]] [36257413452.0, [2968336.0, 94986476, 1519783616, 1712172, 189976256, 1488531]]
Model_cost: [5531082298.722222, [1145.5972222222222, 12767937, 204263608, 273729, 49400505, 195362]] [3919130286.0, [14811.0, 5333103, 85328676, 86895, 77870628, 304299]] [302452718.6666667, [20.666666666666664, 390450, 6247200, 13170, 6247200, 26250]] [5057489429.333334, [5003.333333333333, 6635394, 106002464, 38794, 103509152, 416027]] [394202796.0, [183.0, 542918, 8678448, 4918, 7767792, 30381]] [296923026222.0, [2118.0, 383626383, 6138012243, 5340891, 6137123727, 23973306]] [1251503788.0, [148.0, 1647980, 26356864, 33172, 25506688, 101907]]
Arch_Param: [32, 4096, 8192, 32, 512, 64]
Samsung_cost: [9597674492.0, [784770.0, 12556324, 401768440, 3146788, 50351288, 394337]] [15291314766.0, [1236591.0, 19783791, 633078564, 4912239, 85328676, 668271]] [1275456060, [104330, 1669150, 53412640, 417310, 6677280, 52170]] [20805038076, [1701716, 27227206, 871270432, 6806854, 108910624, 850868]] [1493482052, [122162, 1954502, 62543920, 488630, 7818032, 61084]] [1172476791774.0, [95899227.0, 1534385247, 49100323923, 383602047, 6138057555, 47954907]] [36291753424.0, [2968336.0, 47493238, 1519783616, 11908214, 189976256, 1488531]]
Model_cost: [5505656648.722222, [1145.5972222222222, 6384228, 204263608, 278692, 49400505, 195362]] [3908464302.0, [14811.0, 2666607, 85328676, 86895, 77870628, 304299]] [301671398.6666667, [20.666666666666664, 195230, 6247200, 13150, 6247200, 26250]] [5044258301.333334, [5003.333333333333, 3327942, 106002464, 38734, 103509152, 416027]] [393403168.0, [183.0, 271974, 8678448, 17830, 7767792, 30384]] [296155775310.0, [2118.0, 191813655, 6138012243, 5340891, 6137123727, 23973306]] [1248205232.0, [148.0, 823990, 26356864, 33054, 25506688, 101907]]
Arch_Param: [32, 4096, 8192, 32, 512, 128]
Samsung_cost: [9539062268.0, [784770.0, 12556324, 401768440, 482596, 50351288, 394337]] [15197102670.0, [1236591.0, 19783791, 633078564, 629871, 85328676, 668271]] [1268585020, [104330, 1669150, 53412640, 104990, 6677280, 52170]] [20662093692, [1701716, 27227206, 871270432, 309382, 108910624, 850868]] [1483364164, [122162, 1954502, 62543920, 28726, 7818032, 61084]] [1164977400798.0, [95899227.0, 1534385247, 49100323923, 42720639, 6138057555, 47954907]] [36067437904.0, [2968336.0, 47493238, 1519783616, 1712054, 189976256, 1488531]]
Model_cost: [5505656648.722222, [1145.5972222222222, 6384228, 204263608, 278692, 49400505, 195362]] [3908464302.0, [14811.0, 2666607, 85328676, 86895, 77870628, 304299]] [301671398.6666667, [20.666666666666664, 195230, 6247200, 13150, 6247200, 26250]] [5044258301.333334, [5003.333333333333, 3327942, 106002464, 38734, 103509152, 416027]] [393403168.0, [183.0, 271974, 8678448, 17830, 7767792, 30384]] [296155775310.0, [2118.0, 191813655, 6138012243, 5340891, 6137123727, 23973306]] [1248205232.0, [148.0, 823990, 26356864, 33054, 25506688, 101907]]
Arch_Param: [32, 4096, 8192, 32, 512, 256]
Samsung_cost: [9539062268.0, [784770.0, 12556324, 401768440, 482596, 50351288, 394337]] [15197102670.0, [1236591.0, 19783791, 633078564, 629871, 85328676, 668271]] [1268585020, [104330, 1669150, 53412640, 104990, 6677280, 52170]] [20662093692, [1701716, 27227206, 871270432, 309382, 108910624, 850868]] [1483364164, [122162, 1954502, 62543920, 28726, 7818032, 61084]] [1164977400798.0, [95899227.0, 1534385247, 49100323923, 42720639, 6138057555, 47954907]] [36067437904.0, [2968336.0, 47493238, 1519783616, 1712054, 189976256, 1488531]]
Model_cost: [5505546824.722222, [1145.5972222222222, 6384228, 204263608, 273700, 49400505, 195362]] [3908464302.0, [14811.0, 2666607, 85328676, 86895, 77870628, 304299]] [301671398.6666667, [20.666666666666664, 195230, 6247200, 13150, 6247200, 26250]] [5044258301.333334, [5003.333333333333, 3327942, 106002464, 38734, 103509152, 416027]] [393119020.0, [183.0, 271974, 8678448, 4918, 7767792, 30381]] [296155775310.0, [2118.0, 191813655, 6138012243, 5340891, 6137123727, 23973306]] [1248205232.0, [148.0, 823990, 26356864, 33054, 25506688, 101907]]
Arch_Param: [32, 4096, 8192, 32, 512, 512]
Samsung_cost: [9539062268.0, [784770.0, 12556324, 401768440, 482596, 50351288, 394337]] [15197102670.0, [1236591.0, 19783791, 633078564, 629871, 85328676, 668271]] [1268585020, [104330, 1669150, 53412640, 104990, 6677280, 52170]] [20662093692, [1701716, 27227206, 871270432, 309382, 108910624, 850868]] [1483364164, [122162, 1954502, 62543920, 28726, 7818032, 61084]] [1164977400798.0, [95899227.0, 1534385247, 49100323923, 42720639, 6138057555, 47954907]] [36067437904.0, [2968336.0, 47493238, 1519783616, 1712054, 189976256, 1488531]]
Model_cost: [5505546824.722222, [1145.5972222222222, 6384228, 204263608, 273700, 49400505, 195362]] [3908464302.0, [14811.0, 2666607, 85328676, 86895, 77870628, 304299]] [301671398.6666667, [20.666666666666664, 195230, 6247200, 13150, 6247200, 26250]] [5044258301.333334, [5003.333333333333, 3327942, 106002464, 38734, 103509152, 416027]] [393119020.0, [183.0, 271974, 8678448, 4918, 7767792, 30381]] [296155775310.0, [2118.0, 191813655, 6138012243, 5340891, 6137123727, 23973306]] [1248205232.0, [148.0, 823990, 26356864, 33054, 25506688, 101907]]
Arch_Param: [32, 4096, 8192, 32, 1024, 64]
Samsung_cost: [9572570030.0, [784770.0, 6280225, 401768440, 3146785, 50351288, 394337]] [15251747406.0, [1236591.0, 9891951, 633078564, 4912239, 85328676, 668271]] [1272117560, [104330, 834580, 53412640, 417300, 6677280, 52170]] [20750583024, [1701716, 13613608, 871270432, 6806824, 108910624, 850868]] [1489573060, [122162, 977254, 62543920, 488630, 7818032, 61084]] [1169408021598.0, [95899227.0, 767192703, 49100323923, 383602047, 6138057555, 47954907]] [36196765650.0, [2968336.0, 23746619, 1519783616, 11908155, 189976256, 1488531]]
Model_cost: [5492895482.722222, [1145.5972222222222, 3193953, 204263608, 278689, 49400505, 195362]] [3903131310.0, [14811.0, 1333359, 85328676, 86895, 77870628, 304299]] [301306348.0, [21.0, 104020, 6247200, 13140, 6247200, 26250]] [5037668356.0, [5004.0, 1680616, 106002464, 38704, 103509152, 416027]] [392727456.0, [183.0, 136838, 8678448, 11686, 7767792, 30384]] [295772149854.0, [2118.0, 95907291, 6138012243, 5340891, 6137123727, 23973306]] [1246557618.0, [148.0, 412411, 26356864, 32995, 25506688, 101907]]
Arch_Param: [32, 4096, 8192, 32, 1024, 128]
Samsung_cost: [9513957806.0, [784770.0, 6280225, 401768440, 482593, 50351288, 394337]] [15157535310.0, [1236591.0, 9891951, 633078564, 629871, 85328676, 668271]] [1265246520, [104330, 834580, 53412640, 104980, 6677280, 52170]] [20607638640, [1701716, 13613608, 871270432, 309352, 108910624, 850868]] [1479455172, [122162, 977254, 62543920, 28726, 7818032, 61084]] [1161908630622.0, [95899227.0, 767192703, 49100323923, 42720639, 6138057555, 47954907]] [35972450130.0, [2968336.0, 23746619, 1519783616, 1711995, 189976256, 1488531]]
Model_cost: [5492895482.722222, [1145.5972222222222, 3193953, 204263608, 278689, 49400505, 195362]] [3903131310.0, [14811.0, 1333359, 85328676, 86895, 77870628, 304299]] [301306348.0, [21.0, 104020, 6247200, 13140, 6247200, 26250]] [5037668356.0, [5004.0, 1680616, 106002464, 38704, 103509152, 416027]] [392727456.0, [183.0, 136838, 8678448, 11686, 7767792, 30384]] [295772149854.0, [2118.0, 95907291, 6138012243, 5340891, 6137123727, 23973306]] [1246557618.0, [148.0, 412411, 26356864, 32995, 25506688, 101907]]
Arch_Param: [32, 4096, 8192, 32, 1024, 256]
Samsung_cost: [9513957806.0, [784770.0, 6280225, 401768440, 482593, 50351288, 394337]] [15157535310.0, [1236591.0, 9891951, 633078564, 629871, 85328676, 668271]] [1265246520, [104330, 834580, 53412640, 104980, 6677280, 52170]] [20607638640, [1701716, 13613608, 871270432, 309352, 108910624, 850868]] [1479455172, [122162, 977254, 62543920, 28726, 7818032, 61084]] [1161908630622.0, [95899227.0, 767192703, 49100323923, 42720639, 6138057555, 47954907]] [35972450130.0, [2968336.0, 23746619, 1519783616, 1711995, 189976256, 1488531]]
Model_cost: [5492785658.722222, [1145.5972222222222, 3193953, 204263608, 273697, 49400505, 195362]] [3903131310.0, [14811.0, 1333359, 85328676, 86895, 77870628, 304299]] [301306348.0, [21.0, 104020, 6247200, 13140, 6247200, 26250]] [5037668356.0, [5004.0, 1680616, 106002464, 38704, 103509152, 416027]] [392577132.0, [183.0, 136502, 8678448, 4918, 7767792, 30381]] [295772149854.0, [2118.0, 95907291, 6138012243, 5340891, 6137123727, 23973306]] [1246557618.0, [148.0, 412411, 26356864, 32995, 25506688, 101907]]
Arch_Param: [32, 4096, 8192, 32, 1024, 512]
Samsung_cost: [9513957806.0, [784770.0, 6280225, 401768440, 482593, 50351288, 394337]] [15157535310.0, [1236591.0, 9891951, 633078564, 629871, 85328676, 668271]] [1265246520, [104330, 834580, 53412640, 104980, 6677280, 52170]] [20607638640, [1701716, 13613608, 871270432, 309352, 108910624, 850868]] [1479455172, [122162, 977254, 62543920, 28726, 7818032, 61084]] [1161908630622.0, [95899227.0, 767192703, 49100323923, 42720639, 6138057555, 47954907]] [35972450130.0, [2968336.0, 23746619, 1519783616, 1711995, 189976256, 1488531]]
Model_cost: [5492785658.722222, [1145.5972222222222, 3193953, 204263608, 273697, 49400505, 195362]] [3903131310.0, [14811.0, 1333359, 85328676, 86895, 77870628, 304299]] [301306348.0, [21.0, 104020, 6247200, 13140, 6247200, 26250]] [5037668356.0, [5004.0, 1680616, 106002464, 38704, 103509152, 416027]] [392577132.0, [183.0, 136502, 8678448, 4918, 7767792, 30381]] [295772149854.0, [2118.0, 95907291, 6138012243, 5340891, 6137123727, 23973306]] [1246557618.0, [148.0, 412411, 26356864, 32995, 25506688, 101907]]
Arch_Param: [32, 4096, 4096, 4, 256, 64]
Samsung_cost: [39369420938.0, [6400355.0, 102405697, 1638358008, 12858433, 203074744, 1587489]] [15405070926.0, [2473071.0, 39567471, 633078564, 4912239, 85328676, 668271]] [1285054020, [208650, 3338290, 53412640, 417330, 6677280, 52170]] [20961595668, [3403412, 54454402, 871270432, 6806914, 108910624, 850868]] [1694565420, [275142, 4402182, 70434864, 550278, 8804400, 68790]] [1181299506030.0, [191798295.0, 3068770335, 49100323923, 383602047, 6138057555, 47954907]] [37989469728, [6175251, 98803948, 1580863168, 12489964, 195940032, 1535123]]
Model_cost: [27604828396.0, [14436.5, 80564801, 1288904952, 5243969, 49400505, 195874]] [5505859614.0, [31263.0, 10223727, 163578660, 164463, 77870628, 304299]] [302453036.0, [32.0, 390450, 6247200, 13170, 6247200, 26250]] [5057628720.0, [9978.0, 6635394, 106002464, 38794, 103509152, 416027]] [1632283236.0, [2830.0, 4343302, 69492784, 300294, 7768304, 30576]] [421323389154.0, [5691.0, 767215743, 12275433555, 10680855, 6137123727, 23973306]] [1685054523.0, [834.25, 2983404, 47652928, 135636, 25506688, 102419]]
Arch_Param: [32, 4096, 4096, 4, 256, 128]
Samsung_cost: [39131232394.0, [6400355.0, 102405697, 1638358008, 2031681, 203074744, 1587489]] [15310858830.0, [2473071.0, 39567471, 633078564, 629871, 85328676, 668271]] [1278182980, [208650, 3338290, 53412640, 105010, 6677280, 52170]] [20818651284, [3403412, 54454402, 871270432, 309442, 108910624, 850868]] [1683323948, [275142, 4402182, 70434864, 39302, 8804400, 68790]] [1173800115054.0, [191798295.0, 3068770335, 49100323923, 42720639, 6138057555, 47954907]] [37759837600, [6175251, 98803948, 1580863168, 2052140, 195940032, 1535123]]
Model_cost: [27604828396.0, [14436.5, 80564801, 1288904952, 5243969, 49400505, 195874]] [5505859614.0, [31263.0, 10223727, 163578660, 164463, 77870628, 304299]] [302453036.0, [32.0, 390450, 6247200, 13170, 6247200, 26250]] [5057628720.0, [9978.0, 6635394, 106002464, 38794, 103509152, 416027]] [1627642468.0, [2830.0, 4343302, 69492784, 89350, 7768304, 30576]] [421323389154.0, [5691.0, 767215743, 12275433555, 10680855, 6137123727, 23973306]] [1684546939.0, [818.25, 2983404, 47652928, 113236, 25506688, 101907]]
Arch_Param: [32, 4096, 4096, 4, 256, 256]
Samsung_cost: [39131232394.0, [6400355.0, 102405697, 1638358008, 2031681, 203074744, 1587489]] [15310858830.0, [2473071.0, 39567471, 633078564, 629871, 85328676, 668271]] [1278182980, [208650, 3338290, 53412640, 105010, 6677280, 52170]] [20818651284, [3403412, 54454402, 871270432, 309442, 108910624, 850868]] [1683323948, [275142, 4402182, 70434864, 39302, 8804400, 68790]] [1173800115054.0, [191798295.0, 3068770335, 49100323923, 42720639, 6138057555, 47954907]] [37759837600, [6175251, 98803948, 1580863168, 2052140, 195940032, 1535123]]
Model_cost: [27604828396.0, [14436.5, 80564801, 1288904952, 5243969, 49400505, 195874]] [5505859614.0, [31263.0, 10223727, 163578660, 164463, 77870628, 304299]] [302453036.0, [32.0, 390450, 6247200, 13170, 6247200, 26250]] [5057628720.0, [9978.0, 6635394, 106002464, 38794, 103509152, 416027]] [1627642468.0, [2830.0, 4343302, 69492784, 89350, 7768304, 30576]] [421323389154.0, [5691.0, 767215743, 12275433555, 10680855, 6137123727, 23973306]] [1684546939.0, [818.25, 2983404, 47652928, 113236, 25506688, 101907]]
Arch_Param: [32, 4096, 4096, 4, 512, 64]
Samsung_cost: [39164609944.0, [6400355.0, 51203108, 1638358008, 12858404, 203074744, 1587489]] [15325936206.0, [2473071.0, 19783791, 633078564, 4912239, 85328676, 668271]] [1278377020, [208650, 1669150, 53412640, 417310, 6677280, 52170]] [20852685564, [3403412, 27227206, 871270432, 6806854, 108910624, 850868]] [1685761068, [275142, 2201094, 70434864, 550278, 8804400, 68790]] [1175161965678.0, [191798295.0, 1534385247, 49100323923, 383602047, 6138057555, 47954907]] [37791859236, [6175251, 49401974, 1580863168, 12489846, 195940032, 1535123]]
Model_cost: [27443699194.0, [14436.5, 40282660, 1288904952, 5243940, 49400505, 195874]] [5485412382.0, [31263.0, 5111919, 163578660, 164463, 77870628, 304299]] [301671716.0, [32.0, 195230, 6247200, 13150, 6247200, 26250]] [5044397592.0, [9978.0, 3327942, 106002464, 38734, 103509152, 416027]] [1623678564.0, [2830.0, 2192134, 69492784, 300294, 7768304, 30576]] [419788961058.0, [5691.0, 383608719, 12275433555, 10680855, 6137123727, 23973306]] [1679085119.0, [834.25, 1491702, 47652928, 135518, 25506688, 102419]]
Arch_Param: [32, 4096, 4096, 4, 512, 128]
Samsung_cost: [38926421400.0, [6400355.0, 51203108, 1638358008, 2031652, 203074744, 1587489]] [15231724110.0, [2473071.0, 19783791, 633078564, 629871, 85328676, 668271]] [1271505980, [208650, 1669150, 53412640, 104990, 6677280, 52170]] [20709741180, [3403412, 27227206, 871270432, 309382, 108910624, 850868]] [1674519596, [275142, 2201094, 70434864, 39302, 8804400, 68790]] [1167662574702.0, [191798295.0, 1534385247, 49100323923, 42720639, 6138057555, 47954907]] [37562227108, [6175251, 49401974, 1580863168, 2052022, 195940032, 1535123]]
Model_cost: [27443699194.0, [14436.5, 40282660, 1288904952, 5243940, 49400505, 195874]] [5485412382.0, [31263.0, 5111919, 163578660, 164463, 77870628, 304299]] [301671716.0, [32.0, 195230, 6247200, 13150, 6247200, 26250]] [5044397592.0, [9978.0, 3327942, 106002464, 38734, 103509152, 416027]] [1619037796.0, [2830.0, 2192134, 69492784, 89350, 7768304, 30576]] [419788961058.0, [5691.0, 383608719, 12275433555, 10680855, 6137123727, 23973306]] [1678577535.0, [818.25, 1491702, 47652928, 113118, 25506688, 101907]]
Arch_Param: [32, 4096, 4096, 4, 512, 256]
Samsung_cost: [38926421400.0, [6400355.0, 51203108, 1638358008, 2031652, 203074744, 1587489]] [15231724110.0, [2473071.0, 19783791, 633078564, 629871, 85328676, 668271]] [1271505980, [208650, 1669150, 53412640, 104990, 6677280, 52170]] [20709741180, [3403412, 27227206, 871270432, 309382, 108910624, 850868]] [1674519596, [275142, 2201094, 70434864, 39302, 8804400, 68790]] [1167662574702.0, [191798295.0, 1534385247, 49100323923, 42720639, 6138057555, 47954907]] [37562227108, [6175251, 49401974, 1580863168, 2052022, 195940032, 1535123]]
Model_cost: [27443699194.0, [14436.5, 40282660, 1288904952, 5243940, 49400505, 195874]] [5485412382.0, [31263.0, 5111919, 163578660, 164463, 77870628, 304299]] [301671716.0, [32.0, 195230, 6247200, 13150, 6247200, 26250]] [5044397592.0, [9978.0, 3327942, 106002464, 38734, 103509152, 416027]] [1619037796.0, [2830.0, 2192134, 69492784, 89350, 7768304, 30576]] [419788961058.0, [5691.0, 383608719, 12275433555, 10680855, 6137123727, 23973306]] [1678577535.0, [818.25, 1491702, 47652928, 113118, 25506688, 101907]]
Arch_Param: [32, 4096, 4096, 4, 512, 512]
Samsung_cost: [38926421400.0, [6400355.0, 51203108, 1638358008, 2031652, 203074744, 1587489]] [15231724110.0, [2473071.0, 19783791, 633078564, 629871, 85328676, 668271]] [1271505980, [208650, 1669150, 53412640, 104990, 6677280, 52170]] [20709741180, [3403412, 27227206, 871270432, 309382, 108910624, 850868]] [1674519596, [275142, 2201094, 70434864, 39302, 8804400, 68790]] [1167662574702.0, [191798295.0, 1534385247, 49100323923, 42720639, 6138057555, 47954907]] [37562227108, [6175251, 49401974, 1580863168, 2052022, 195940032, 1535123]]
Model_cost: [27368374346.0, [14432.5, 40282660, 1288904952, 1820740, 49400505, 195362]] [5485412382.0, [31263.0, 5111919, 163578660, 164463, 77870628, 304299]] [301671716.0, [32.0, 195230, 6247200, 13150, 6247200, 26250]] [5044397592.0, [9978.0, 3327942, 106002464, 38734, 103509152, 416027]] [1618767460.0, [2830.0, 2192134, 69492784, 77062, 7768304, 30576]] [419788961058.0, [5691.0, 383608719, 12275433555, 10680855, 6137123727, 23973306]] [1678366335.0, [818.25, 1491702, 47652928, 103518, 25506688, 101907]]
Arch_Param: [32, 4096, 4096, 4, 1024, 64]
Samsung_cost: [39062254922.0, [6400355.0, 25614369, 1638358008, 12858401, 203074744, 1587489]] [15286368846.0, [2473071.0, 9891951, 633078564, 4912239, 85328676, 668271]] [1275038520, [208650, 834580, 53412640, 417300, 6677280, 52170]] [20798230512, [3403412, 13613608, 871270432, 6806824, 108910624, 850868]] [1681358892, [275142, 1100550, 70434864, 550278, 8804400, 68790]] [1172093195502.0, [191798295.0, 767192703, 49100323923, 383602047, 6138057555, 47954907]] [37693053990, [6175251, 24700987, 1580863168, 12489787, 195940032, 1535123]]
Model_cost: [27363184556.0, [14436.5, 20154017, 1288904952, 5243937, 49400505, 195874]] [5475188766.0, [31263.0, 2556015, 163578660, 164463, 77870628, 304299]] [301306656.0, [32.0, 104020, 6247200, 13140, 6247200, 26250]] [5037807628.0, [9978.0, 1680616, 106002464, 38704, 103509152, 416027]] [1618318580.0, [2826.0, 1094662, 69427248, 316678, 7767792, 30384]] [419021747010.0, [5691.0, 191805207, 12275433555, 10680855, 6137123727, 23973306]] [1676112961.0, [834.25, 748987, 47652928, 135459, 25506688, 102419]]
Arch_Param: [32, 4096, 4096, 4, 1024, 128]
Samsung_cost: [38824066378.0, [6400355.0, 25614369, 1638358008, 2031649, 203074744, 1587489]] [15192156750.0, [2473071.0, 9891951, 633078564, 629871, 85328676, 668271]] [1268167480, [208650, 834580, 53412640, 104980, 6677280, 52170]] [20655286128, [3403412, 13613608, 871270432, 309352, 108910624, 850868]] [1670117420, [275142, 1100550, 70434864, 39302, 8804400, 68790]] [1164593804526.0, [191798295.0, 767192703, 49100323923, 42720639, 6138057555, 47954907]] [37463421862, [6175251, 24700987, 1580863168, 2051963, 195940032, 1535123]]
Model_cost: [27363184556.0, [14436.5, 20154017, 1288904952, 5243937, 49400505, 195874]] [5475188766.0, [31263.0, 2556015, 163578660, 164463, 77870628, 304299]] [301306656.0, [32.0, 104020, 6247200, 13140, 6247200, 26250]] [5037807628.0, [9978.0, 1680616, 106002464, 38704, 103509152, 416027]] [1613677812.0, [2826.0, 1094662, 69427248, 105734, 7767792, 30384]] [419021747010.0, [5691.0, 191805207, 12275433555, 10680855, 6137123727, 23973306]] [1675605377.0, [818.25, 748987, 47652928, 113059, 25506688, 101907]]
Arch_Param: [32, 4096, 4096, 4, 1024, 256]
Samsung_cost: [38824066378.0, [6400355.0, 25614369, 1638358008, 2031649, 203074744, 1587489]] [15192156750.0, [2473071.0, 9891951, 633078564, 629871, 85328676, 668271]] [1268167480, [208650, 834580, 53412640, 104980, 6677280, 52170]] [20655286128, [3403412, 13613608, 871270432, 309352, 108910624, 850868]] [1670117420, [275142, 1100550, 70434864, 39302, 8804400, 68790]] [1164593804526.0, [191798295.0, 767192703, 49100323923, 42720639, 6138057555, 47954907]] [37463421862, [6175251, 24700987, 1580863168, 2051963, 195940032, 1535123]]
Model_cost: [27363184556.0, [14436.5, 20154017, 1288904952, 5243937, 49400505, 195874]] [5475188766.0, [31263.0, 2556015, 163578660, 164463, 77870628, 304299]] [301306656.0, [32.0, 104020, 6247200, 13140, 6247200, 26250]] [5037807628.0, [9978.0, 1680616, 106002464, 38704, 103509152, 416027]] [1613677812.0, [2826.0, 1094662, 69427248, 105734, 7767792, 30384]] [419021747010.0, [5691.0, 191805207, 12275433555, 10680855, 6137123727, 23973306]] [1675605377.0, [818.25, 748987, 47652928, 113059, 25506688, 101907]]
Arch_Param: [32, 4096, 4096, 4, 1024, 512]
Samsung_cost: [38824066378.0, [6400355.0, 25614369, 1638358008, 2031649, 203074744, 1587489]] [15192156750.0, [2473071.0, 9891951, 633078564, 629871, 85328676, 668271]] [1268167480, [208650, 834580, 53412640, 104980, 6677280, 52170]] [20655286128, [3403412, 13613608, 871270432, 309352, 108910624, 850868]] [1670117420, [275142, 1100550, 70434864, 39302, 8804400, 68790]] [1164593804526.0, [191798295.0, 767192703, 49100323923, 42720639, 6138057555, 47954907]] [37463421862, [6175251, 24700987, 1580863168, 2051963, 195940032, 1535123]]
Model_cost: [27287859708.0, [14432.5, 20154017, 1288904952, 1820737, 49400505, 195362]] [5475188766.0, [31263.0, 2556015, 163578660, 164463, 77870628, 304299]] [301306656.0, [32.0, 104020, 6247200, 13140, 6247200, 26250]] [5037807628.0, [9978.0, 1680616, 106002464, 38704, 103509152, 416027]] [1613407476.0, [2826.0, 1094662, 69427248, 93446, 7767792, 30384]] [419021747010.0, [5691.0, 191805207, 12275433555, 10680855, 6137123727, 23973306]] [1675394177.0, [818.25, 748987, 47652928, 103459, 25506688, 101907]]
Arch_Param: [32, 4096, 4096, 8, 256, 64]
Samsung_cost: [19733674634.0, [3207011.0, 51312193, 820923384, 6444097, 102001848, 797857]] [15405070926.0, [2473071.0, 39567471, 633078564, 4912239, 85328676, 668271]] [1285054020, [208650, 3338290, 53412640, 417330, 6677280, 52170]] [20961595668, [3403412, 54454402, 871270432, 6806914, 108910624, 850868]] [1578874764, [256358, 4101638, 65626160, 512710, 8203312, 64094]] [1181299506030.0, [191798295.0, 3068770335, 49100323923, 383602047, 6138057555, 47954907]] [37073354272, [6021651, 96346348, 1541541568, 12113132, 192138944, 1505427]]
Model_cost: [14995250755.0, [7472.75, 41814593, 668963704, 2718657, 49400505, 195874]] [3919541886.0, [29511.0, 5333103, 85328676, 86895, 77870628, 304299]] [302453036.0, [32.0, 390450, 6247200, 13170, 6247200, 26250]] [5057628720.0, [9978.0, 6635394, 106002464, 38794, 103509152, 416027]] [923006196.0, [1418.0, 2171654, 34746416, 44678, 7768304, 30576]] [296923081074.0, [4077.0, 383626383, 6138012243, 5340891, 6137123727, 23973306]] [1383504727.0, [483.25, 2055020, 32839552, 65428, 25506688, 101907]]
Arch_Param: [32, 4096, 4096, 8, 256, 128]
Samsung_cost: [19614422666.0, [3207011.0, 51312193, 820923384, 1023553, 102001848, 797857]] [15310858830.0, [2473071.0, 39567471, 633078564, 629871, 85328676, 668271]] [1278182980, [208650, 3338290, 53412640, 105010, 6677280, 52170]] [20818651284, [3403412, 54454402, 871270432, 309442, 108910624, 850868]] [1568320396, [256358, 4101638, 65626160, 32966, 8203312, 64094]] [1173800115054.0, [191798295.0, 3068770335, 49100323923, 42720639, 6138057555, 47954907]] [36847146400, [6021651, 96346348, 1541541568, 1830956, 192138944, 1505427]]
Model_cost: [14995250755.0, [7472.75, 41814593, 668963704, 2718657, 49400505, 195874]] [3919541886.0, [29511.0, 5333103, 85328676, 86895, 77870628, 304299]] [302453036.0, [32.0, 390450, 6247200, 13170, 6247200, 26250]] [5057628720.0, [9978.0, 6635394, 106002464, 38794, 103509152, 416027]] [923006196.0, [1418.0, 2171654, 34746416, 44678, 7768304, 30576]] [296923081074.0, [4077.0, 383626383, 6138012243, 5340891, 6137123727, 23973306]] [1383504727.0, [483.25, 2055020, 32839552, 65428, 25506688, 101907]]
Arch_Param: [32, 4096, 4096, 8, 256, 256]
Samsung_cost: [19614422666.0, [3207011.0, 51312193, 820923384, 1023553, 102001848, 797857]] [15310858830.0, [2473071.0, 39567471, 633078564, 629871, 85328676, 668271]] [1278182980, [208650, 3338290, 53412640, 105010, 6677280, 52170]] [20818651284, [3403412, 54454402, 871270432, 309442, 108910624, 850868]] [1568320396, [256358, 4101638, 65626160, 32966, 8203312, 64094]] [1173800115054.0, [191798295.0, 3068770335, 49100323923, 42720639, 6138057555, 47954907]] [36847146400, [6021651, 96346348, 1541541568, 1830956, 192138944, 1505427]]
Model_cost: [14956074899.0, [7468.75, 41814593, 668963704, 938593, 49400505, 195362]] [3919541886.0, [29511.0, 5333103, 85328676, 86895, 77870628, 304299]] [302453036.0, [32.0, 390450, 6247200, 13170, 6247200, 26250]] [5057628720.0, [9978.0, 6635394, 106002464, 38794, 103509152, 416027]] [922871028.0, [1418.0, 2171654, 34746416, 38534, 7768304, 30576]] [296923081074.0, [4077.0, 383626383, 6138012243, 5340891, 6137123727, 23973306]] [1383394903.0, [483.25, 2055020, 32839552, 60436, 25506688, 101907]]
Arch_Param: [32, 4096, 4096, 8, 512, 64]
Samsung_cost: [19631050648.0, [3207011.0, 25656356, 820923384, 6444068, 102001848, 797857]] [15325936206.0, [2473071.0, 19783791, 633078564, 4912239, 85328676, 668271]] [1278377020, [208650, 1669150, 53412640, 417310, 6677280, 52170]] [20852685564, [3403412, 27227206, 871270432, 6806854, 108910624, 850868]] [1570671500, [256358, 2050822, 65626160, 512710, 8203312, 64094]] [1175161965678.0, [191798295.0, 1534385247, 49100323923, 383602047, 6138057555, 47954907]] [36880658980, [6021651, 48173174, 1541541568, 12113014, 192138944, 1505427]]
Model_cost: [14911621969.0, [7472.75, 20907556, 668963704, 2718628, 49400505, 195874]] [3908875902.0, [29511.0, 2666607, 85328676, 86895, 77870628, 304299]] [301671716.0, [32.0, 195230, 6247200, 13150, 6247200, 26250]] [5044397592.0, [9978.0, 3327942, 106002464, 38734, 103509152, 416027]] [918703860.0, [1418.0, 1096070, 34746416, 44678, 7768304, 30576]] [296155830162.0, [4077.0, 191813655, 6138012243, 5340891, 6137123727, 23973306]] [1379392091.0, [483.25, 1027510, 32839552, 65310, 25506688, 101907]]
Arch_Param: [32, 4096, 4096, 8, 512, 128]
Samsung_cost: [19511798680.0, [3207011.0, 25656356, 820923384, 1023524, 102001848, 797857]] [15231724110.0, [2473071.0, 19783791, 633078564, 629871, 85328676, 668271]] [1271505980, [208650, 1669150, 53412640, 104990, 6677280, 52170]] [20709741180, [3403412, 27227206, 871270432, 309382, 108910624, 850868]] [1560117132, [256358, 2050822, 65626160, 32966, 8203312, 64094]] [1167662574702.0, [191798295.0, 1534385247, 49100323923, 42720639, 6138057555, 47954907]] [36654451108, [6021651, 48173174, 1541541568, 1830838, 192138944, 1505427]]
Model_cost: [14911621969.0, [7472.75, 20907556, 668963704, 2718628, 49400505, 195874]] [3908875902.0, [29511.0, 2666607, 85328676, 86895, 77870628, 304299]] [301671716.0, [32.0, 195230, 6247200, 13150, 6247200, 26250]] [5044397592.0, [9978.0, 3327942, 106002464, 38734, 103509152, 416027]] [918703860.0, [1418.0, 1096070, 34746416, 44678, 7768304, 30576]] [296155830162.0, [4077.0, 191813655, 6138012243, 5340891, 6137123727, 23973306]] [1379392091.0, [483.25, 1027510, 32839552, 65310, 25506688, 101907]]
Arch_Param: [32, 4096, 4096, 8, 512, 256]
Samsung_cost: [19511798680.0, [3207011.0, 25656356, 820923384, 1023524, 102001848, 797857]] [15231724110.0, [2473071.0, 19783791, 633078564, 629871, 85328676, 668271]] [1271505980, [208650, 1669150, 53412640, 104990, 6677280, 52170]] [20709741180, [3403412, 27227206, 871270432, 309382, 108910624, 850868]] [1560117132, [256358, 2050822, 65626160, 32966, 8203312, 64094]] [1167662574702.0, [191798295.0, 1534385247, 49100323923, 42720639, 6138057555, 47954907]] [36654451108, [6021651, 48173174, 1541541568, 1830838, 192138944, 1505427]]
Model_cost: [14872446113.0, [7468.75, 20907556, 668963704, 938564, 49400505, 195362]] [3908875902.0, [29511.0, 2666607, 85328676, 86895, 77870628, 304299]] [301671716.0, [32.0, 195230, 6247200, 13150, 6247200, 26250]] [5044397592.0, [9978.0, 3327942, 106002464, 38734, 103509152, 416027]] [918568692.0, [1418.0, 1096070, 34746416, 38534, 7768304, 30576]] [296155830162.0, [4077.0, 191813655, 6138012243, 5340891, 6137123727, 23973306]] [1379282267.0, [483.25, 1027510, 32839552, 60318, 25506688, 101907]]
Arch_Param: [32, 4096, 4096, 8, 512, 512]
Samsung_cost: [19511798680.0, [3207011.0, 25656356, 820923384, 1023524, 102001848, 797857]] [15231724110.0, [2473071.0, 19783791, 633078564, 629871, 85328676, 668271]] [1271505980, [208650, 1669150, 53412640, 104990, 6677280, 52170]] [20709741180, [3403412, 27227206, 871270432, 309382, 108910624, 850868]] [1560117132, [256358, 2050822, 65626160, 32966, 8203312, 64094]] [1167662574702.0, [191798295.0, 1534385247, 49100323923, 42720639, 6138057555, 47954907]] [36654451108, [6021651, 48173174, 1541541568, 1830838, 192138944, 1505427]]
Model_cost: [14872446113.0, [7468.75, 20907556, 668963704, 938564, 49400505, 195362]] [3908875902.0, [29511.0, 2666607, 85328676, 86895, 77870628, 304299]] [301671716.0, [32.0, 195230, 6247200, 13150, 6247200, 26250]] [5044397592.0, [9978.0, 3327942, 106002464, 38734, 103509152, 416027]] [918206396.0, [1416.0, 1087878, 34713648, 22150, 7792880, 30512]] [296155830162.0, [4077.0, 191813655, 6138012243, 5340891, 6137123727, 23973306]] [1379282267.0, [483.25, 1027510, 32839552, 60318, 25506688, 101907]]
Arch_Param: [32, 4096, 4096, 8, 1024, 64]
Samsung_cost: [19579764554.0, [3207011.0, 12834849, 820923384, 6444065, 102001848, 797857]] [15286368846.0, [2473071.0, 9891951, 633078564, 4912239, 85328676, 668271]] [1275038520, [208650, 834580, 53412640, 417300, 6677280, 52170]] [20798230512, [3403412, 13613608, 871270432, 6806824, 108910624, 850868]] [1566569868, [256358, 1025414, 65626160, 512710, 8203312, 64094]] [1172093195502.0, [191798295.0, 767192703, 49100323923, 383602047, 6138057555, 47954907]] [36784311334, [6021651, 24086587, 1541541568, 12112955, 192138944, 1505427]]
Model_cost: [14869832707.0, [7472.75, 10460257, 668963704, 2718625, 49400505, 195874]] [3903542910.0, [29511.0, 1333359, 85328676, 86895, 77870628, 304299]] [301306656.0, [32.0, 104020, 6247200, 13140, 6247200, 26250]] [5037807628.0, [9978.0, 1680616, 106002464, 38704, 103509152, 416027]] [916014012.0, [1416.0, 547334, 34713648, 52870, 7767792, 30384]] [295772204706.0, [4077.0, 95907291, 6138012243, 5340891, 6137123727, 23973306]] [1377342045.0, [483.25, 515323, 32839552, 65251, 25506688, 101907]]
Arch_Param: [32, 4096, 4096, 8, 1024, 128]
Samsung_cost: [19460512586.0, [3207011.0, 12834849, 820923384, 1023521, 102001848, 797857]] [15192156750.0, [2473071.0, 9891951, 633078564, 629871, 85328676, 668271]] [1268167480, [208650, 834580, 53412640, 104980, 6677280, 52170]] [20655286128, [3403412, 13613608, 871270432, 309352, 108910624, 850868]] [1556015500, [256358, 1025414, 65626160, 32966, 8203312, 64094]] [1164593804526.0, [191798295.0, 767192703, 49100323923, 42720639, 6138057555, 47954907]] [36558103462, [6021651, 24086587, 1541541568, 1830779, 192138944, 1505427]]
Model_cost: [14869832707.0, [7472.75, 10460257, 668963704, 2718625, 49400505, 195874]] [3903542910.0, [29511.0, 1333359, 85328676, 86895, 77870628, 304299]] [301306656.0, [32.0, 104020, 6247200, 13140, 6247200, 26250]] [5037807628.0, [9978.0, 1680616, 106002464, 38704, 103509152, 416027]] [916014012.0, [1416.0, 547334, 34713648, 52870, 7767792, 30384]] [295772204706.0, [4077.0, 95907291, 6138012243, 5340891, 6137123727, 23973306]] [1377342045.0, [483.25, 515323, 32839552, 65251, 25506688, 101907]]
Arch_Param: [32, 4096, 4096, 8, 1024, 256]
Samsung_cost: [19460512586.0, [3207011.0, 12834849, 820923384, 1023521, 102001848, 797857]] [15192156750.0, [2473071.0, 9891951, 633078564, 629871, 85328676, 668271]] [1268167480, [208650, 834580, 53412640, 104980, 6677280, 52170]] [20655286128, [3403412, 13613608, 871270432, 309352, 108910624, 850868]] [1556015500, [256358, 1025414, 65626160, 32966, 8203312, 64094]] [1164593804526.0, [191798295.0, 767192703, 49100323923, 42720639, 6138057555, 47954907]] [36558103462, [6021651, 24086587, 1541541568, 1830779, 192138944, 1505427]]
Model_cost: [14830656851.0, [7468.75, 10460257, 668963704, 938561, 49400505, 195362]] [3903542910.0, [29511.0, 1333359, 85328676, 86895, 77870628, 304299]] [301306656.0, [32.0, 104020, 6247200, 13140, 6247200, 26250]] [5037807628.0, [9978.0, 1680616, 106002464, 38704, 103509152, 416027]] [915878844.0, [1416.0, 547334, 34713648, 46726, 7767792, 30384]] [295772204706.0, [4077.0, 95907291, 6138012243, 5340891, 6137123727, 23973306]] [1377232221.0, [483.25, 515323, 32839552, 60259, 25506688, 101907]]
Arch_Param: [32, 4096, 4096, 8, 1024, 512]
Samsung_cost: [19460512586.0, [3207011.0, 12834849, 820923384, 1023521, 102001848, 797857]] [15192156750.0, [2473071.0, 9891951, 633078564, 629871, 85328676, 668271]] [1268167480, [208650, 834580, 53412640, 104980, 6677280, 52170]] [20655286128, [3403412, 13613608, 871270432, 309352, 108910624, 850868]] [1556015500, [256358, 1025414, 65626160, 32966, 8203312, 64094]] [1164593804526.0, [191798295.0, 767192703, 49100323923, 42720639, 6138057555, 47954907]] [36558103462, [6021651, 24086587, 1541541568, 1830779, 192138944, 1505427]]
Model_cost: [14830656851.0, [7468.75, 10460257, 668963704, 938561, 49400505, 195362]] [3903542910.0, [29511.0, 1333359, 85328676, 86895, 77870628, 304299]] [301306656.0, [32.0, 104020, 6247200, 13140, 6247200, 26250]] [5037807628.0, [9978.0, 1680616, 106002464, 38704, 103509152, 416027]] [915878844.0, [1416.0, 547334, 34713648, 46726, 7767792, 30384]] [295772204706.0, [4077.0, 95907291, 6138012243, 5340891, 6137123727, 23973306]] [1377232221.0, [483.25, 515323, 32839552, 60259, 25506688, 101907]]
Arch_Param: [32, 4096, 4096, 16, 256, 64]
Samsung_cost: [9915801482.0, [1610339.0, 25765441, 412206072, 3236929, 51465400, 403041]] [15405070926.0, [2473071.0, 39567471, 633078564, 4912239, 85328676, 668271]] [1285054020, [208650, 3338290, 53412640, 417330, 6677280, 52170]] [20961595668, [3403412, 54454402, 871270432, 6806914, 108910624, 850868]] [1521029436, [246966, 3951366, 63221808, 493926, 7902768, 61746]] [1181299506030.0, [191798295.0, 3068770335, 49100323923, 383602047, 6138057555, 47954907]] [36615296544, [5944851, 95117548, 1521880768, 11924716, 190238400, 1490579]]
Model_cost: [8693179172.777779, [4006.527777777778, 22447809, 359126200, 1456961, 49400505, 195874]] [3919541886.0, [29511.0, 5333103, 85328676, 86895, 77870628, 304299]] [302453036.0, [32.0, 390450, 6247200, 13170, 6247200, 26250]] [5057628720.0, [9978.0, 6635394, 106002464, 38794, 103509152, 416027]] [570688060.0, [712.0, 1085830, 17373232, 22342, 7768304, 30576]] [296923081074.0, [4077.0, 383626383, 6138012243, 5340891, 6137123727, 23973306]] [1295529149.0, [349.75, 1783660, 28517760, 44948, 25506688, 101907]]
Arch_Param: [32, 4096, 4096, 16, 256, 128]
Samsung_cost: [9856017802.0, [1610339.0, 25765441, 412206072, 519489, 51465400, 403041]] [15310858830.0, [2473071.0, 39567471, 633078564, 629871, 85328676, 668271]] [1278182980, [208650, 3338290, 53412640, 105010, 6677280, 52170]] [20818651284, [3403412, 54454402, 871270432, 309442, 108910624, 850868]] [1510818620, [246966, 3951366, 63221808, 29798, 7902768, 61746]] [1173800115054.0, [191798295.0, 3068770335, 49100323923, 42720639, 6138057555, 47954907]] [36390800800, [5944851, 95117548, 1521880768, 1720364, 190238400, 1490579]]
Model_cost: [8672077476.777779, [3990.527777777778, 22447809, 359126200, 498465, 49400505, 195362]] [3919541886.0, [29511.0, 5333103, 85328676, 86895, 77870628, 304299]] [302453036.0, [32.0, 390450, 6247200, 13170, 6247200, 26250]] [5057628720.0, [9978.0, 6635394, 106002464, 38794, 103509152, 416027]] [570620476.0, [712.0, 1085830, 17373232, 19270, 7768304, 30576]] [296923081074.0, [4077.0, 383626383, 6138012243, 5340891, 6137123727, 23973306]] [1295469845.0, [343.75, 1783660, 28517760, 42260, 25506688, 101907]]
Arch_Param: [32, 4096, 4096, 16, 256, 256]
Samsung_cost: [9856017802.0, [1610339.0, 25765441, 412206072, 519489, 51465400, 403041]] [15310858830.0, [2473071.0, 39567471, 633078564, 629871, 85328676, 668271]] [1278182980, [208650, 3338290, 53412640, 105010, 6677280, 52170]] [20818651284, [3403412, 54454402, 871270432, 309442, 108910624, 850868]] [1510818620, [246966, 3951366, 63221808, 29798, 7902768, 61746]] [1173800115054.0, [191798295.0, 3068770335, 49100323923, 42720639, 6138057555, 47954907]] [36390800800, [5944851, 95117548, 1521880768, 1720364, 190238400, 1490579]]
Model_cost: [8672077476.777779, [3990.527777777778, 22447809, 359126200, 498465, 49400505, 195362]] [3919541886.0, [29511.0, 5333103, 85328676, 86895, 77870628, 304299]] [302453036.0, [32.0, 390450, 6247200, 13170, 6247200, 26250]] [5057628720.0, [9978.0, 6635394, 106002464, 38794, 103509152, 416027]] [570620476.0, [712.0, 1085830, 17373232, 19270, 7768304, 30576]] [296923081074.0, [4077.0, 383626383, 6138012243, 5340891, 6137123727, 23973306]] [1295469845.0, [343.75, 1783660, 28517760, 42260, 25506688, 101907]]
Arch_Param: [32, 4096, 4096, 16, 512, 64]
Samsung_cost: [9864271000.0, [1610339.0, 12882980, 412206072, 3236900, 51465400, 403041]] [15325936206.0, [2473071.0, 19783791, 633078564, 4912239, 85328676, 668271]] [1278377020, [208650, 1669150, 53412640, 417310, 6677280, 52170]] [20852685564, [3403412, 27227206, 871270432, 6806854, 108910624, 850868]] [1513126716, [246966, 1975686, 63221808, 493926, 7902768, 61746]] [1175161965678.0, [191798295.0, 1534385247, 49100323923, 383602047, 6138057555, 47954907]] [36425058852, [5944851, 47558774, 1521880768, 11924598, 190238400, 1490579]]
Model_cost: [8648283954.777779, [4006.527777777778, 11224164, 359126200, 1456932, 49400505, 195874]] [3908875902.0, [29511.0, 2666607, 85328676, 86895, 77870628, 304299]] [301671716.0, [32.0, 195230, 6247200, 13150, 6247200, 26250]] [5044397592.0, [9978.0, 3327942, 106002464, 38734, 103509152, 416027]] [568533536.0, [711.0, 543942, 17356848, 38726, 7767792, 30384]] [296155830162.0, [4077.0, 191813655, 6138012243, 5340891, 6137123727, 23973306]] [1291959233.0, [349.75, 891830, 28517760, 44830, 25506688, 101907]]
Arch_Param: [32, 4096, 4096, 16, 512, 128]
Samsung_cost: [9804487320.0, [1610339.0, 12882980, 412206072, 519460, 51465400, 403041]] [15231724110.0, [2473071.0, 19783791, 633078564, 629871, 85328676, 668271]] [1271505980, [208650, 1669150, 53412640, 104990, 6677280, 52170]] [20709741180, [3403412, 27227206, 871270432, 309382, 108910624, 850868]] [1502915900, [246966, 1975686, 63221808, 29798, 7902768, 61746]] [1167662574702.0, [191798295.0, 1534385247, 49100323923, 42720639, 6138057555, 47954907]] [36200563108, [5944851, 47558774, 1521880768, 1720246, 190238400, 1490579]]
Model_cost: [8627182258.777779, [3990.527777777778, 11224164, 359126200, 498436, 49400505, 195362]] [3908875902.0, [29511.0, 2666607, 85328676, 86895, 77870628, 304299]] [301671716.0, [32.0, 195230, 6247200, 13150, 6247200, 26250]] [5044397592.0, [9978.0, 3327942, 106002464, 38734, 103509152, 416027]] [568465952.0, [711.0, 543942, 17356848, 35654, 7767792, 30384]] [296155830162.0, [4077.0, 191813655, 6138012243, 5340891, 6137123727, 23973306]] [1291899929.0, [343.75, 891830, 28517760, 42142, 25506688, 101907]]
Arch_Param: [32, 4096, 4096, 16, 512, 256]
Samsung_cost: [9804487320.0, [1610339.0, 12882980, 412206072, 519460, 51465400, 403041]] [15231724110.0, [2473071.0, 19783791, 633078564, 629871, 85328676, 668271]] [1271505980, [208650, 1669150, 53412640, 104990, 6677280, 52170]] [20709741180, [3403412, 27227206, 871270432, 309382, 108910624, 850868]] [1502915900, [246966, 1975686, 63221808, 29798, 7902768, 61746]] [1167662574702.0, [191798295.0, 1534385247, 49100323923, 42720639, 6138057555, 47954907]] [36200563108, [5944851, 47558774, 1521880768, 1720246, 190238400, 1490579]]
Model_cost: [8627182258.777779, [3990.527777777778, 11224164, 359126200, 498436, 49400505, 195362]] [3908875902.0, [29511.0, 2666607, 85328676, 86895, 77870628, 304299]] [301671716.0, [32.0, 195230, 6247200, 13150, 6247200, 26250]] [5044397592.0, [9978.0, 3327942, 106002464, 38734, 103509152, 416027]] [568465952.0, [711.0, 543942, 17356848, 35654, 7767792, 30384]] [296155830162.0, [4077.0, 191813655, 6138012243, 5340891, 6137123727, 23973306]] [1291899929.0, [343.75, 891830, 28517760, 42142, 25506688, 101907]]
Arch_Param: [32, 4096, 4096, 16, 512, 512]
Samsung_cost: [9804487320.0, [1610339.0, 12882980, 412206072, 519460, 51465400, 403041]] [15231724110.0, [2473071.0, 19783791, 633078564, 629871, 85328676, 668271]] [1271505980, [208650, 1669150, 53412640, 104990, 6677280, 52170]] [20709741180, [3403412, 27227206, 871270432, 309382, 108910624, 850868]] [1502915900, [246966, 1975686, 63221808, 29798, 7902768, 61746]] [1167662574702.0, [191798295.0, 1534385247, 49100323923, 42720639, 6138057555, 47954907]] [36200563108, [5944851, 47558774, 1521880768, 1720246, 190238400, 1490579]]
Model_cost: [8626971058.777779, [3990.527777777778, 11224164, 359126200, 488836, 49400505, 195362]] [3908875902.0, [29511.0, 2666607, 85328676, 86895, 77870628, 304299]] [301671716.0, [32.0, 195230, 6247200, 13150, 6247200, 26250]] [5044397592.0, [9978.0, 3327942, 106002464, 38734, 103509152, 416027]] [567897740.0, [711.0, 543942, 17356848, 9830, 7767792, 30381]] [296155830162.0, [4077.0, 191813655, 6138012243, 5340891, 6137123727, 23973306]] [1291899929.0, [343.75, 891830, 28517760, 42142, 25506688, 101907]]
Arch_Param: [32, 4096, 4096, 16, 1024, 64]
Samsung_cost: [9838519370.0, [1610339.0, 6445089, 412206072, 3236897, 51465400, 403041]] [15286368846.0, [2473071.0, 9891951, 633078564, 4912239, 85328676, 668271]] [1275038520, [208650, 834580, 53412640, 417300, 6677280, 52170]] [20798230512, [3403412, 13613608, 871270432, 6806824, 108910624, 850868]] [1509175356, [246966, 987846, 63221808, 493926, 7902768, 61746]] [1172093195502.0, [191798295.0, 767192703, 49100323923, 383602047, 6138057555, 47954907]] [36329940006, [5944851, 23779387, 1521880768, 11924539, 190238400, 1490579]]
Model_cost: [8625849060.777779, [4006.527777777778, 5615457, 359126200, 1456929, 49400505, 195874]] [3903542910.0, [29511.0, 1333359, 85328676, 86895, 77870628, 304299]] [301306656.0, [32.0, 104020, 6247200, 13140, 6247200, 26250]] [5037807628.0, [9978.0, 1680616, 106002464, 38704, 103509152, 416027]] [567182112.0, [711.0, 273670, 17356848, 26438, 7767792, 30384]] [295772204706.0, [4077.0, 95907291, 6138012243, 5340891, 6137123727, 23973306]] [1290177475.0, [349.75, 446715, 28517760, 44771, 25506688, 101907]]
Arch_Param: [32, 4096, 4096, 16, 1024, 128]
Samsung_cost: [9778735690.0, [1610339.0, 6445089, 412206072, 519457, 51465400, 403041]] [15192156750.0, [2473071.0, 9891951, 633078564, 629871, 85328676, 668271]] [1268167480, [208650, 834580, 53412640, 104980, 6677280, 52170]] [20655286128, [3403412, 13613608, 871270432, 309352, 108910624, 850868]] [1498964540, [246966, 987846, 63221808, 29798, 7902768, 61746]] [1164593804526.0, [191798295.0, 767192703, 49100323923, 42720639, 6138057555, 47954907]] [36105444262, [5944851, 23779387, 1521880768, 1720187, 190238400, 1490579]]
Model_cost: [8604747364.777779, [3990.527777777778, 5615457, 359126200, 498433, 49400505, 195362]] [3903542910.0, [29511.0, 1333359, 85328676, 86895, 77870628, 304299]] [301306656.0, [32.0, 104020, 6247200, 13140, 6247200, 26250]] [5037807628.0, [9978.0, 1680616, 106002464, 38704, 103509152, 416027]] [567114528.0, [711.0, 273670, 17356848, 23366, 7767792, 30384]] [295772204706.0, [4077.0, 95907291, 6138012243, 5340891, 6137123727, 23973306]] [1290118171.0, [343.75, 446715, 28517760, 42083, 25506688, 101907]]
Arch_Param: [32, 4096, 4096, 16, 1024, 256]
Samsung_cost: [9778735690.0, [1610339.0, 6445089, 412206072, 519457, 51465400, 403041]] [15192156750.0, [2473071.0, 9891951, 633078564, 629871, 85328676, 668271]] [1268167480, [208650, 834580, 53412640, 104980, 6677280, 52170]] [20655286128, [3403412, 13613608, 871270432, 309352, 108910624, 850868]] [1498964540, [246966, 987846, 63221808, 29798, 7902768, 61746]] [1164593804526.0, [191798295.0, 767192703, 49100323923, 42720639, 6138057555, 47954907]] [36105444262, [5944851, 23779387, 1521880768, 1720187, 190238400, 1490579]]
Model_cost: [8604747364.777779, [3990.527777777778, 5615457, 359126200, 498433, 49400505, 195362]] [3903542910.0, [29511.0, 1333359, 85328676, 86895, 77870628, 304299]] [301306656.0, [32.0, 104020, 6247200, 13140, 6247200, 26250]] [5037807628.0, [9978.0, 1680616, 106002464, 38704, 103509152, 416027]] [567114528.0, [711.0, 273670, 17356848, 23366, 7767792, 30384]] [295772204706.0, [4077.0, 95907291, 6138012243, 5340891, 6137123727, 23973306]] [1290118171.0, [343.75, 446715, 28517760, 42083, 25506688, 101907]]
Arch_Param: [32, 4096, 4096, 16, 1024, 512]
Samsung_cost: [9778735690.0, [1610339.0, 6445089, 412206072, 519457, 51465400, 403041]] [15192156750.0, [2473071.0, 9891951, 633078564, 629871, 85328676, 668271]] [1268167480, [208650, 834580, 53412640, 104980, 6677280, 52170]] [20655286128, [3403412, 13613608, 871270432, 309352, 108910624, 850868]] [1498964540, [246966, 987846, 63221808, 29798, 7902768, 61746]] [1164593804526.0, [191798295.0, 767192703, 49100323923, 42720639, 6138057555, 47954907]] [36105444262, [5944851, 23779387, 1521880768, 1720187, 190238400, 1490579]]
Model_cost: [8604536164.777779, [3990.527777777778, 5615457, 359126200, 488833, 49400505, 195362]] [3903542910.0, [29511.0, 1333359, 85328676, 86895, 77870628, 304299]] [301306656.0, [32.0, 104020, 6247200, 13140, 6247200, 26250]] [5037807628.0, [9978.0, 1680616, 106002464, 38704, 103509152, 416027]] [566813964.0, [711.0, 272998, 17356848, 9830, 7767792, 30381]] [295772204706.0, [4077.0, 95907291, 6138012243, 5340891, 6137123727, 23973306]] [1290118171.0, [343.75, 446715, 28517760, 42083, 25506688, 101907]]
Arch_Param: [32, 4096, 4096, 32, 256, 64]
Samsung_cost: [9669870986.0, [1569507.0, 25112129, 401768440, 3146817, 50351288, 394337]] [15405070926.0, [2473071.0, 39567471, 633078564, 4912239, 85328676, 668271]] [1285054020, [208650, 3338290, 53412640, 417330, 6677280, 52170]] [20961595668, [3403412, 54454402, 871270432, 6806914, 108910624, 850868]] [1504720404, [244318, 3908998, 62543920, 488630, 7818032, 61084]] [1181299506030.0, [191798295.0, 3068770335, 49100323923, 383602047, 6138057555, 47954907]] [36564842016, [5936659, 94986476, 1519783616, 11908332, 189976256, 1488531]]
Model_cost: [5531223107.444445, [2252.1944444444443, 12767937, 204263608, 278721, 49400505, 195362]] [3919541886.0, [29511.0, 5333103, 85328676, 86895, 77870628, 304299]] [302453036.0, [32.0, 390450, 6247200, 13170, 6247200, 26250]] [5057628720.0, [9978.0, 6635394, 106002464, 38794, 103509152, 416027]] [394495200.0, [359.0, 542918, 8686640, 9638, 7768304, 30576]] [296923081074.0, [4077.0, 383626383, 6138012243, 5340891, 6137123727, 23973306]] [1251507372.0, [276.0, 1647980, 26356864, 33172, 25506688, 101907]]
Arch_Param: [32, 4096, 4096, 32, 256, 128]
Samsung_cost: [9611258762.0, [1569507.0, 25112129, 401768440, 482625, 50351288, 394337]] [15310858830.0, [2473071.0, 39567471, 633078564, 629871, 85328676, 668271]] [1278182980, [208650, 3338290, 53412640, 105010, 6677280, 52170]] [20818651284, [3403412, 54454402, 871270432, 309442, 108910624, 850868]] [1494602516, [244318, 3908998, 62543920, 28726, 7818032, 61084]] [1173800115054.0, [191798295.0, 3068770335, 49100323923, 42720639, 6138057555, 47954907]] [36340526496, [5936659, 94986476, 1519783616, 1712172, 189976256, 1488531]]
Model_cost: [5531223107.444445, [2252.1944444444443, 12767937, 204263608, 278721, 49400505, 195362]] [3919541886.0, [29511.0, 5333103, 85328676, 86895, 77870628, 304299]] [302453036.0, [32.0, 390450, 6247200, 13170, 6247200, 26250]] [5057628720.0, [9978.0, 6635394, 106002464, 38794, 103509152, 416027]] [394495200.0, [359.0, 542918, 8686640, 9638, 7768304, 30576]] [296923081074.0, [4077.0, 383626383, 6138012243, 5340891, 6137123727, 23973306]] [1251507372.0, [276.0, 1647980, 26356864, 33172, 25506688, 101907]]
Arch_Param: [32, 4096, 4096, 32, 256, 256]
Samsung_cost: [9611258762.0, [1569507.0, 25112129, 401768440, 482625, 50351288, 394337]] [15310858830.0, [2473071.0, 39567471, 633078564, 629871, 85328676, 668271]] [1278182980, [208650, 3338290, 53412640, 105010, 6677280, 52170]] [20818651284, [3403412, 54454402, 871270432, 309442, 108910624, 850868]] [1494602516, [244318, 3908998, 62543920, 28726, 7818032, 61084]] [1173800115054.0, [191798295.0, 3068770335, 49100323923, 42720639, 6138057555, 47954907]] [36340526496, [5936659, 94986476, 1519783616, 1712172, 189976256, 1488531]]
Model_cost: [5531113283.444445, [2252.1944444444443, 12767937, 204263608, 273729, 49400505, 195362]] [3919541886.0, [29511.0, 5333103, 85328676, 86895, 77870628, 304299]] [302453036.0, [32.0, 390450, 6247200, 13170, 6247200, 26250]] [5057628720.0, [9978.0, 6635394, 106002464, 38794, 103509152, 416027]] [394207724.0, [359.0, 542918, 8678448, 4918, 7767792, 30381]] [296923081074.0, [4077.0, 383626383, 6138012243, 5340891, 6137123727, 23973306]] [1251507372.0, [276.0, 1647980, 26356864, 33172, 25506688, 101907]]
Arch_Param: [32, 4096, 4096, 32, 512, 64]
Samsung_cost: [9619647128.0, [1569507.0, 12556324, 401768440, 3146788, 50351288, 394337]] [15325936206.0, [2473071.0, 19783791, 633078564, 4912239, 85328676, 668271]] [1278377020, [208650, 1669150, 53412640, 417310, 6677280, 52170]] [20852685564, [3403412, 27227206, 871270432, 6806854, 108910624, 850868]] [1496902420, [244318, 1954502, 62543920, 488630, 7818032, 61084]] [1175161965678.0, [191798295.0, 1534385247, 49100323923, 383602047, 6138057555, 47954907]] [36374866468, [5936659, 47493238, 1519783616, 11908214, 189976256, 1488531]]
Model_cost: [5505687633.444445, [2252.1944444444443, 6384228, 204263608, 278692, 49400505, 195362]] [3908875902.0, [29511.0, 2666607, 85328676, 86895, 77870628, 304299]] [301671716.0, [32.0, 195230, 6247200, 13150, 6247200, 26250]] [5044397592.0, [9978.0, 3327942, 106002464, 38734, 103509152, 416027]] [393408096.0, [359.0, 271974, 8678448, 17830, 7767792, 30384]] [296155830162.0, [4077.0, 191813655, 6138012243, 5340891, 6137123727, 23973306]] [1248208816.0, [276.0, 823990, 26356864, 33054, 25506688, 101907]]
Arch_Param: [32, 4096, 4096, 32, 512, 128]
Samsung_cost: [9561034904.0, [1569507.0, 12556324, 401768440, 482596, 50351288, 394337]] [15231724110.0, [2473071.0, 19783791, 633078564, 629871, 85328676, 668271]] [1271505980, [208650, 1669150, 53412640, 104990, 6677280, 52170]] [20709741180, [3403412, 27227206, 871270432, 309382, 108910624, 850868]] [1486784532, [244318, 1954502, 62543920, 28726, 7818032, 61084]] [1167662574702.0, [191798295.0, 1534385247, 49100323923, 42720639, 6138057555, 47954907]] [36150550948, [5936659, 47493238, 1519783616, 1712054, 189976256, 1488531]]
Model_cost: [5505687633.444445, [2252.1944444444443, 6384228, 204263608, 278692, 49400505, 195362]] [3908875902.0, [29511.0, 2666607, 85328676, 86895, 77870628, 304299]] [301671716.0, [32.0, 195230, 6247200, 13150, 6247200, 26250]] [5044397592.0, [9978.0, 3327942, 106002464, 38734, 103509152, 416027]] [393408096.0, [359.0, 271974, 8678448, 17830, 7767792, 30384]] [296155830162.0, [4077.0, 191813655, 6138012243, 5340891, 6137123727, 23973306]] [1248208816.0, [276.0, 823990, 26356864, 33054, 25506688, 101907]]
Arch_Param: [32, 4096, 4096, 32, 512, 256]
Samsung_cost: [9561034904.0, [1569507.0, 12556324, 401768440, 482596, 50351288, 394337]] [15231724110.0, [2473071.0, 19783791, 633078564, 629871, 85328676, 668271]] [1271505980, [208650, 1669150, 53412640, 104990, 6677280, 52170]] [20709741180, [3403412, 27227206, 871270432, 309382, 108910624, 850868]] [1486784532, [244318, 1954502, 62543920, 28726, 7818032, 61084]] [1167662574702.0, [191798295.0, 1534385247, 49100323923, 42720639, 6138057555, 47954907]] [36150550948, [5936659, 47493238, 1519783616, 1712054, 189976256, 1488531]]
Model_cost: [5505577809.444445, [2252.1944444444443, 6384228, 204263608, 273700, 49400505, 195362]] [3908875902.0, [29511.0, 2666607, 85328676, 86895, 77870628, 304299]] [301671716.0, [32.0, 195230, 6247200, 13150, 6247200, 26250]] [5044397592.0, [9978.0, 3327942, 106002464, 38734, 103509152, 416027]] [393123948.0, [359.0, 271974, 8678448, 4918, 7767792, 30381]] [296155830162.0, [4077.0, 191813655, 6138012243, 5340891, 6137123727, 23973306]] [1248208816.0, [276.0, 823990, 26356864, 33054, 25506688, 101907]]
Arch_Param: [32, 4096, 4096, 32, 512, 512]
Samsung_cost: [9561034904.0, [1569507.0, 12556324, 401768440, 482596, 50351288, 394337]] [15231724110.0, [2473071.0, 19783791, 633078564, 629871, 85328676, 668271]] [1271505980, [208650, 1669150, 53412640, 104990, 6677280, 52170]] [20709741180, [3403412, 27227206, 871270432, 309382, 108910624, 850868]] [1486784532, [244318, 1954502, 62543920, 28726, 7818032, 61084]] [1167662574702.0, [191798295.0, 1534385247, 49100323923, 42720639, 6138057555, 47954907]] [36150550948, [5936659, 47493238, 1519783616, 1712054, 189976256, 1488531]]
Model_cost: [5505577809.444445, [2252.1944444444443, 6384228, 204263608, 273700, 49400505, 195362]] [3908875902.0, [29511.0, 2666607, 85328676, 86895, 77870628, 304299]] [301671716.0, [32.0, 195230, 6247200, 13150, 6247200, 26250]] [5044397592.0, [9978.0, 3327942, 106002464, 38734, 103509152, 416027]] [393123948.0, [359.0, 271974, 8678448, 4918, 7767792, 30381]] [296155830162.0, [4077.0, 191813655, 6138012243, 5340891, 6137123727, 23973306]] [1248208816.0, [276.0, 823990, 26356864, 33054, 25506688, 101907]]
Arch_Param: [32, 4096, 4096, 32, 1024, 64]
Samsung_cost: [9594542666.0, [1569507.0, 6280225, 401768440, 3146785, 50351288, 394337]] [15286368846.0, [2473071.0, 9891951, 633078564, 4912239, 85328676, 668271]] [1275038520, [208650, 834580, 53412640, 417300, 6677280, 52170]] [20798230512, [3403412, 13613608, 871270432, 6806824, 108910624, 850868]] [1492993428, [244318, 977254, 62543920, 488630, 7818032, 61084]] [1172093195502.0, [191798295.0, 767192703, 49100323923, 383602047, 6138057555, 47954907]] [36279878694, [5936659, 23746619, 1519783616, 11908155, 189976256, 1488531]]
Model_cost: [5492926467.444445, [2252.1944444444443, 3193953, 204263608, 278689, 49400505, 195362]] [3903542910.0, [29511.0, 1333359, 85328676, 86895, 77870628, 304299]] [301306656.0, [32.0, 104020, 6247200, 13140, 6247200, 26250]] [5037807628.0, [9978.0, 1680616, 106002464, 38704, 103509152, 416027]] [392732384.0, [359.0, 136838, 8678448, 11686, 7767792, 30384]] [295772204706.0, [4077.0, 95907291, 6138012243, 5340891, 6137123727, 23973306]] [1246561202.0, [276.0, 412411, 26356864, 32995, 25506688, 101907]]
Arch_Param: [32, 4096, 4096, 32, 1024, 128]
Samsung_cost: [9535930442.0, [1569507.0, 6280225, 401768440, 482593, 50351288, 394337]] [15192156750.0, [2473071.0, 9891951, 633078564, 629871, 85328676, 668271]] [1268167480, [208650, 834580, 53412640, 104980, 6677280, 52170]] [20655286128, [3403412, 13613608, 871270432, 309352, 108910624, 850868]] [1482875540, [244318, 977254, 62543920, 28726, 7818032, 61084]] [1164593804526.0, [191798295.0, 767192703, 49100323923, 42720639, 6138057555, 47954907]] [36055563174, [5936659, 23746619, 1519783616, 1711995, 189976256, 1488531]]
Model_cost: [5492926467.444445, [2252.1944444444443, 3193953, 204263608, 278689, 49400505, 195362]] [3903542910.0, [29511.0, 1333359, 85328676, 86895, 77870628, 304299]] [301306656.0, [32.0, 104020, 6247200, 13140, 6247200, 26250]] [5037807628.0, [9978.0, 1680616, 106002464, 38704, 103509152, 416027]] [392732384.0, [359.0, 136838, 8678448, 11686, 7767792, 30384]] [295772204706.0, [4077.0, 95907291, 6138012243, 5340891, 6137123727, 23973306]] [1246561202.0, [276.0, 412411, 26356864, 32995, 25506688, 101907]]
Arch_Param: [32, 4096, 4096, 32, 1024, 256]
Samsung_cost: [9535930442.0, [1569507.0, 6280225, 401768440, 482593, 50351288, 394337]] [15192156750.0, [2473071.0, 9891951, 633078564, 629871, 85328676, 668271]] [1268167480, [208650, 834580, 53412640, 104980, 6677280, 52170]] [20655286128, [3403412, 13613608, 871270432, 309352, 108910624, 850868]] [1482875540, [244318, 977254, 62543920, 28726, 7818032, 61084]] [1164593804526.0, [191798295.0, 767192703, 49100323923, 42720639, 6138057555, 47954907]] [36055563174, [5936659, 23746619, 1519783616, 1711995, 189976256, 1488531]]
Model_cost: [5492816643.444445, [2252.1944444444443, 3193953, 204263608, 273697, 49400505, 195362]] [3903542910.0, [29511.0, 1333359, 85328676, 86895, 77870628, 304299]] [301306656.0, [32.0, 104020, 6247200, 13140, 6247200, 26250]] [5037807628.0, [9978.0, 1680616, 106002464, 38704, 103509152, 416027]] [392582060.0, [359.0, 136502, 8678448, 4918, 7767792, 30381]] [295772204706.0, [4077.0, 95907291, 6138012243, 5340891, 6137123727, 23973306]] [1246561202.0, [276.0, 412411, 26356864, 32995, 25506688, 101907]]
Arch_Param: [32, 4096, 4096, 32, 1024, 512]
Samsung_cost: [9535930442.0, [1569507.0, 6280225, 401768440, 482593, 50351288, 394337]] [15192156750.0, [2473071.0, 9891951, 633078564, 629871, 85328676, 668271]] [1268167480, [208650, 834580, 53412640, 104980, 6677280, 52170]] [20655286128, [3403412, 13613608, 871270432, 309352, 108910624, 850868]] [1482875540, [244318, 977254, 62543920, 28726, 7818032, 61084]] [1164593804526.0, [191798295.0, 767192703, 49100323923, 42720639, 6138057555, 47954907]] [36055563174, [5936659, 23746619, 1519783616, 1711995, 189976256, 1488531]]
Model_cost: [5492816643.444445, [2252.1944444444443, 3193953, 204263608, 273697, 49400505, 195362]] [3903542910.0, [29511.0, 1333359, 85328676, 86895, 77870628, 304299]] [301306656.0, [32.0, 104020, 6247200, 13140, 6247200, 26250]] [5037807628.0, [9978.0, 1680616, 106002464, 38704, 103509152, 416027]] [392582060.0, [359.0, 136502, 8678448, 4918, 7767792, 30381]] [295772204706.0, [4077.0, 95907291, 6138012243, 5340891, 6137123727, 23973306]] [1246561202.0, [276.0, 412411, 26356864, 32995, 25506688, 101907]]
Arch_Param: [32, 4096, 2048, 4, 256, 64]
Samsung_cost: [39548629954.0, [12800677.0, 102405697, 1638358008, 12858433, 203074744, 1587489]] [15474313806.0, [4946031.0, 39567471, 633078564, 4912239, 85328676, 668271]] [1290895940, [417290, 3338290, 53412640, 417330, 6677280, 52170]] [21056890644, [6806804, 54454402, 871270432, 6806914, 108910624, 850868]] [1702269228, [550278, 4402182, 70434864, 550278, 8804400, 68790]] [1186669853838.0, [383596431.0, 3068770335, 49100323923, 383602047, 6138057555, 47954907]] [38162376560, [12350495, 98803948, 1580863168, 12489964, 195940032, 1535123]]
Model_cost: [27605231442.0, [28831.0, 80564801, 1288904952, 5243969, 49400505, 195874]] [5506731870.0, [62415.0, 10223727, 163578660, 164463, 77870628, 304299]] [302453624, [53, 390450, 6247200, 13170, 6247200, 26250]] [5057907432, [19934, 6635394, 106002464, 38794, 103509152, 416025]] [1632362308, [5654, 4343302, 69492784, 300294, 7768304, 30576]] [421323544050.0, [11223.0, 767215743, 12275433555, 10680855, 6137123727, 23973306]] [1685076986.0, [1636.5, 2983404, 47652928, 135636, 25506688, 102419]]
Arch_Param: [32, 4096, 2048, 4, 256, 128]
Samsung_cost: [39310441410.0, [12800677.0, 102405697, 1638358008, 2031681, 203074744, 1587489]] [15380101710.0, [4946031.0, 39567471, 633078564, 629871, 85328676, 668271]] [1284024900, [417290, 3338290, 53412640, 105010, 6677280, 52170]] [20913946260, [6806804, 54454402, 871270432, 309442, 108910624, 850868]] [1691027756, [550278, 4402182, 70434864, 39302, 8804400, 68790]] [1179170462862.0, [383596431.0, 3068770335, 49100323923, 42720639, 6138057555, 47954907]] [37932744432, [12350495, 98803948, 1580863168, 2052140, 195940032, 1535123]]
Model_cost: [27605231442.0, [28831.0, 80564801, 1288904952, 5243969, 49400505, 195874]] [5506731870.0, [62415.0, 10223727, 163578660, 164463, 77870628, 304299]] [302453624, [53, 390450, 6247200, 13170, 6247200, 26250]] [5057907432, [19934, 6635394, 106002464, 38794, 103509152, 416025]] [1627721540, [5654, 4343302, 69492784, 89350, 7768304, 30576]] [421323544050.0, [11223.0, 767215743, 12275433555, 10680855, 6137123727, 23973306]] [1684569514.0, [1624.5, 2983404, 47652928, 113236, 25506688, 101907]]
Arch_Param: [32, 4096, 2048, 4, 256, 256]
Samsung_cost: [39310441410.0, [12800677.0, 102405697, 1638358008, 2031681, 203074744, 1587489]] [15380101710.0, [4946031.0, 39567471, 633078564, 629871, 85328676, 668271]] [1284024900, [417290, 3338290, 53412640, 105010, 6677280, 52170]] [20913946260, [6806804, 54454402, 871270432, 309442, 108910624, 850868]] [1691027756, [550278, 4402182, 70434864, 39302, 8804400, 68790]] [1179170462862.0, [383596431.0, 3068770335, 49100323923, 42720639, 6138057555, 47954907]] [37932744432, [12350495, 98803948, 1580863168, 2052140, 195940032, 1535123]]
Model_cost: [27605231442.0, [28831.0, 80564801, 1288904952, 5243969, 49400505, 195874]] [5506731870.0, [62415.0, 10223727, 163578660, 164463, 77870628, 304299]] [302453624, [53, 390450, 6247200, 13170, 6247200, 26250]] [5057907432, [19934, 6635394, 106002464, 38794, 103509152, 416025]] [1627721540, [5654, 4343302, 69492784, 89350, 7768304, 30576]] [421323544050.0, [11223.0, 767215743, 12275433555, 10680855, 6137123727, 23973306]] [1684569514.0, [1624.5, 2983404, 47652928, 113236, 25506688, 101907]]
Arch_Param: [32, 4096, 2048, 4, 512, 64]
Samsung_cost: [39343818960.0, [12800677.0, 51203108, 1638358008, 12858404, 203074744, 1587489]] [15395179086.0, [4946031.0, 19783791, 633078564, 4912239, 85328676, 668271]] [1284218940, [417290, 1669150, 53412640, 417310, 6677280, 52170]] [20947980540, [6806804, 27227206, 871270432, 6806854, 108910624, 850868]] [1693464876, [550278, 2201094, 70434864, 550278, 8804400, 68790]] [1180532313486.0, [383596431.0, 1534385247, 49100323923, 383602047, 6138057555, 47954907]] [37964766068, [12350495, 49401974, 1580863168, 12489846, 195940032, 1535123]]
Model_cost: [27444102240.0, [28831.0, 40282660, 1288904952, 5243940, 49400505, 195874]] [5486284638.0, [62415.0, 5111919, 163578660, 164463, 77870628, 304299]] [301672304, [53, 195230, 6247200, 13150, 6247200, 26250]] [5044676304, [19934, 3327942, 106002464, 38734, 103509152, 416025]] [1623757636, [5654, 2192134, 69492784, 300294, 7768304, 30576]] [419789115954.0, [11223.0, 383608719, 12275433555, 10680855, 6137123727, 23973306]] [1679107582.0, [1636.5, 1491702, 47652928, 135518, 25506688, 102419]]
Arch_Param: [32, 4096, 2048, 4, 512, 128]
Samsung_cost: [39105630416.0, [12800677.0, 51203108, 1638358008, 2031652, 203074744, 1587489]] [15300966990.0, [4946031.0, 19783791, 633078564, 629871, 85328676, 668271]] [1277347900, [417290, 1669150, 53412640, 104990, 6677280, 52170]] [20805036156, [6806804, 27227206, 871270432, 309382, 108910624, 850868]] [1682223404, [550278, 2201094, 70434864, 39302, 8804400, 68790]] [1173032922510.0, [383596431.0, 1534385247, 49100323923, 42720639, 6138057555, 47954907]] [37735133940, [12350495, 49401974, 1580863168, 2052022, 195940032, 1535123]]
Model_cost: [27444102240.0, [28831.0, 40282660, 1288904952, 5243940, 49400505, 195874]] [5486284638.0, [62415.0, 5111919, 163578660, 164463, 77870628, 304299]] [301672304, [53, 195230, 6247200, 13150, 6247200, 26250]] [5044676304, [19934, 3327942, 106002464, 38734, 103509152, 416025]] [1619116868, [5654, 2192134, 69492784, 89350, 7768304, 30576]] [419789115954.0, [11223.0, 383608719, 12275433555, 10680855, 6137123727, 23973306]] [1678600110.0, [1624.5, 1491702, 47652928, 113118, 25506688, 101907]]
Arch_Param: [32, 4096, 2048, 4, 512, 256]
Samsung_cost: [39105630416.0, [12800677.0, 51203108, 1638358008, 2031652, 203074744, 1587489]] [15300966990.0, [4946031.0, 19783791, 633078564, 629871, 85328676, 668271]] [1277347900, [417290, 1669150, 53412640, 104990, 6677280, 52170]] [20805036156, [6806804, 27227206, 871270432, 309382, 108910624, 850868]] [1682223404, [550278, 2201094, 70434864, 39302, 8804400, 68790]] [1173032922510.0, [383596431.0, 1534385247, 49100323923, 42720639, 6138057555, 47954907]] [37735133940, [12350495, 49401974, 1580863168, 2052022, 195940032, 1535123]]
Model_cost: [27444102240.0, [28831.0, 40282660, 1288904952, 5243940, 49400505, 195874]] [5486284638.0, [62415.0, 5111919, 163578660, 164463, 77870628, 304299]] [301672304, [53, 195230, 6247200, 13150, 6247200, 26250]] [5044676304, [19934, 3327942, 106002464, 38734, 103509152, 416025]] [1619116868, [5654, 2192134, 69492784, 89350, 7768304, 30576]] [419789115954.0, [11223.0, 383608719, 12275433555, 10680855, 6137123727, 23973306]] [1678600110.0, [1624.5, 1491702, 47652928, 113118, 25506688, 101907]]
Arch_Param: [32, 4096, 2048, 4, 512, 512]
Samsung_cost: [39105630416.0, [12800677.0, 51203108, 1638358008, 2031652, 203074744, 1587489]] [15300966990.0, [4946031.0, 19783791, 633078564, 629871, 85328676, 668271]] [1277347900, [417290, 1669150, 53412640, 104990, 6677280, 52170]] [20805036156, [6806804, 27227206, 871270432, 309382, 108910624, 850868]] [1682223404, [550278, 2201094, 70434864, 39302, 8804400, 68790]] [1173032922510.0, [383596431.0, 1534385247, 49100323923, 42720639, 6138057555, 47954907]] [37735133940, [12350495, 49401974, 1580863168, 2052022, 195940032, 1535123]]
Model_cost: [27368777168.0, [28819.0, 40282660, 1288904952, 1820740, 49400505, 195362]] [5486284638.0, [62415.0, 5111919, 163578660, 164463, 77870628, 304299]] [301672304, [53, 195230, 6247200, 13150, 6247200, 26250]] [5044676304, [19934, 3327942, 106002464, 38734, 103509152, 416025]] [1618846532, [5654, 2192134, 69492784, 77062, 7768304, 30576]] [419789115954.0, [11223.0, 383608719, 12275433555, 10680855, 6137123727, 23973306]] [1678388826.0, [1621.5, 1491702, 47652928, 103518, 25506688, 101907]]
Arch_Param: [32, 4096, 2048, 4, 1024, 64]
Samsung_cost: [39241463938.0, [12800677.0, 25614369, 1638358008, 12858401, 203074744, 1587489]] [15355611726.0, [4946031.0, 9891951, 633078564, 4912239, 85328676, 668271]] [1280880440, [417290, 834580, 53412640, 417300, 6677280, 52170]] [20893525488, [6806804, 13613608, 871270432, 6806824, 108910624, 850868]] [1689062700, [550278, 1100550, 70434864, 550278, 8804400, 68790]] [1177463543310.0, [383596431.0, 767192703, 49100323923, 383602047, 6138057555, 47954907]] [37865960822, [12350495, 24700987, 1580863168, 12489787, 195940032, 1535123]]
Model_cost: [27363587602.0, [28831.0, 20154017, 1288904952, 5243937, 49400505, 195874]] [5476061022.0, [62415.0, 2556015, 163578660, 164463, 77870628, 304299]] [301307244, [53, 104020, 6247200, 13140, 6247200, 26250]] [5038086340, [19934, 1680616, 106002464, 38704, 103509152, 416025]] [1618397540, [5646, 1094662, 69427248, 316678, 7767792, 30384]] [419021901906.0, [11223.0, 191805207, 12275433555, 10680855, 6137123727, 23973306]] [1676135424.0, [1636.5, 748987, 47652928, 135459, 25506688, 102419]]
Arch_Param: [32, 4096, 2048, 4, 1024, 128]
Samsung_cost: [39003275394.0, [12800677.0, 25614369, 1638358008, 2031649, 203074744, 1587489]] [15261399630.0, [4946031.0, 9891951, 633078564, 629871, 85328676, 668271]] [1274009400, [417290, 834580, 53412640, 104980, 6677280, 52170]] [20750581104, [6806804, 13613608, 871270432, 309352, 108910624, 850868]] [1677821228, [550278, 1100550, 70434864, 39302, 8804400, 68790]] [1169964152334.0, [383596431.0, 767192703, 49100323923, 42720639, 6138057555, 47954907]] [37636328694, [12350495, 24700987, 1580863168, 2051963, 195940032, 1535123]]
Model_cost: [27363587602.0, [28831.0, 20154017, 1288904952, 5243937, 49400505, 195874]] [5476061022.0, [62415.0, 2556015, 163578660, 164463, 77870628, 304299]] [301307244, [53, 104020, 6247200, 13140, 6247200, 26250]] [5038086340, [19934, 1680616, 106002464, 38704, 103509152, 416025]] [1613756772, [5646, 1094662, 69427248, 105734, 7767792, 30384]] [419021901906.0, [11223.0, 191805207, 12275433555, 10680855, 6137123727, 23973306]] [1675627952.0, [1624.5, 748987, 47652928, 113059, 25506688, 101907]]
Arch_Param: [32, 4096, 2048, 4, 1024, 256]
Samsung_cost: [39003275394.0, [12800677.0, 25614369, 1638358008, 2031649, 203074744, 1587489]] [15261399630.0, [4946031.0, 9891951, 633078564, 629871, 85328676, 668271]] [1274009400, [417290, 834580, 53412640, 104980, 6677280, 52170]] [20750581104, [6806804, 13613608, 871270432, 309352, 108910624, 850868]] [1677821228, [550278, 1100550, 70434864, 39302, 8804400, 68790]] [1169964152334.0, [383596431.0, 767192703, 49100323923, 42720639, 6138057555, 47954907]] [37636328694, [12350495, 24700987, 1580863168, 2051963, 195940032, 1535123]]
Model_cost: [27363587602.0, [28831.0, 20154017, 1288904952, 5243937, 49400505, 195874]] [5476061022.0, [62415.0, 2556015, 163578660, 164463, 77870628, 304299]] [301307244, [53, 104020, 6247200, 13140, 6247200, 26250]] [5038086340, [19934, 1680616, 106002464, 38704, 103509152, 416025]] [1613756772, [5646, 1094662, 69427248, 105734, 7767792, 30384]] [419021901906.0, [11223.0, 191805207, 12275433555, 10680855, 6137123727, 23973306]] [1675627952.0, [1624.5, 748987, 47652928, 113059, 25506688, 101907]]
Arch_Param: [32, 4096, 2048, 4, 1024, 512]
Samsung_cost: [39003275394.0, [12800677.0, 25614369, 1638358008, 2031649, 203074744, 1587489]] [15261399630.0, [4946031.0, 9891951, 633078564, 629871, 85328676, 668271]] [1274009400, [417290, 834580, 53412640, 104980, 6677280, 52170]] [20750581104, [6806804, 13613608, 871270432, 309352, 108910624, 850868]] [1677821228, [550278, 1100550, 70434864, 39302, 8804400, 68790]] [1169964152334.0, [383596431.0, 767192703, 49100323923, 42720639, 6138057555, 47954907]] [37636328694, [12350495, 24700987, 1580863168, 2051963, 195940032, 1535123]]
Model_cost: [27288262530.0, [28819.0, 20154017, 1288904952, 1820737, 49400505, 195362]] [5476061022.0, [62415.0, 2556015, 163578660, 164463, 77870628, 304299]] [301307244, [53, 104020, 6247200, 13140, 6247200, 26250]] [5038086340, [19934, 1680616, 106002464, 38704, 103509152, 416025]] [1613486436, [5646, 1094662, 69427248, 93446, 7767792, 30384]] [419021901906.0, [11223.0, 191805207, 12275433555, 10680855, 6137123727, 23973306]] [1675416668.0, [1621.5, 748987, 47652928, 103459, 25506688, 101907]]
Arch_Param: [32, 4096, 2048, 8, 256, 64]
Samsung_cost: [19823470018.0, [6413989.0, 51312193, 820923384, 6444097, 102001848, 797857]] [15474313806.0, [4946031.0, 39567471, 633078564, 4912239, 85328676, 668271]] [1290895940, [417290, 3338290, 53412640, 417330, 6677280, 52170]] [21056890644, [6806804, 54454402, 871270432, 6806914, 108910624, 850868]] [1586052620, [512710, 4101638, 65626160, 512710, 8203312, 64094]] [1186669853838.0, [383596431.0, 3068770335, 49100323923, 383602047, 6138057555, 47954907]] [37241960304, [12043295, 96346348, 1541541568, 12113132, 192138944, 1505427]]
Model_cost: [14995458872.0, [14905.5, 41814593, 668963704, 2718657, 49400505, 195874]] [3920365086.0, [58911.0, 5333103, 85328676, 86895, 77870628, 304299]] [302453624, [53, 390450, 6247200, 13170, 6247200, 26250]] [5057907432, [19934, 6635394, 106002464, 38794, 103509152, 416025]] [923045732, [2830, 2171654, 34746416, 44678, 7768304, 30576]] [296923190778.0, [7995.0, 383626383, 6138012243, 5340891, 6137123727, 23973306]] [1383518034.0, [958.5, 2055020, 32839552, 65428, 25506688, 101907]]
Arch_Param: [32, 4096, 2048, 8, 256, 128]
Samsung_cost: [19704218050.0, [6413989.0, 51312193, 820923384, 1023553, 102001848, 797857]] [15380101710.0, [4946031.0, 39567471, 633078564, 629871, 85328676, 668271]] [1284024900, [417290, 3338290, 53412640, 105010, 6677280, 52170]] [20913946260, [6806804, 54454402, 871270432, 309442, 108910624, 850868]] [1575498252, [512710, 4101638, 65626160, 32966, 8203312, 64094]] [1179170462862.0, [383596431.0, 3068770335, 49100323923, 42720639, 6138057555, 47954907]] [37015752432, [12043295, 96346348, 1541541568, 1830956, 192138944, 1505427]]
Model_cost: [14995458872.0, [14905.5, 41814593, 668963704, 2718657, 49400505, 195874]] [3920365086.0, [58911.0, 5333103, 85328676, 86895, 77870628, 304299]] [302453624, [53, 390450, 6247200, 13170, 6247200, 26250]] [5057907432, [19934, 6635394, 106002464, 38794, 103509152, 416025]] [923045732, [2830, 2171654, 34746416, 44678, 7768304, 30576]] [296923190778.0, [7995.0, 383626383, 6138012243, 5340891, 6137123727, 23973306]] [1383518034.0, [958.5, 2055020, 32839552, 65428, 25506688, 101907]]
Arch_Param: [32, 4096, 2048, 8, 256, 256]
Samsung_cost: [19704218050.0, [6413989.0, 51312193, 820923384, 1023553, 102001848, 797857]] [15380101710.0, [4946031.0, 39567471, 633078564, 629871, 85328676, 668271]] [1284024900, [417290, 3338290, 53412640, 105010, 6677280, 52170]] [20913946260, [6806804, 54454402, 871270432, 309442, 108910624, 850868]] [1575498252, [512710, 4101638, 65626160, 32966, 8203312, 64094]] [1179170462862.0, [383596431.0, 3068770335, 49100323923, 42720639, 6138057555, 47954907]] [37015752432, [12043295, 96346348, 1541541568, 1830956, 192138944, 1505427]]
Model_cost: [14956282792.0, [14893.5, 41814593, 668963704, 938593, 49400505, 195362]] [3920365086.0, [58911.0, 5333103, 85328676, 86895, 77870628, 304299]] [302453624, [53, 390450, 6247200, 13170, 6247200, 26250]] [5057907432, [19934, 6635394, 106002464, 38794, 103509152, 416025]] [922910564, [2830, 2171654, 34746416, 38534, 7768304, 30576]] [296923190778.0, [7995.0, 383626383, 6138012243, 5340891, 6137123727, 23973306]] [1383408126.0, [955.5, 2055020, 32839552, 60436, 25506688, 101907]]
Arch_Param: [32, 4096, 2048, 8, 512, 64]
Samsung_cost: [19720846032.0, [6413989.0, 25656356, 820923384, 6444068, 102001848, 797857]] [15395179086.0, [4946031.0, 19783791, 633078564, 4912239, 85328676, 668271]] [1284218940, [417290, 1669150, 53412640, 417310, 6677280, 52170]] [20947980540, [6806804, 27227206, 871270432, 6806854, 108910624, 850868]] [1577849356, [512710, 2050822, 65626160, 512710, 8203312, 64094]] [1180532313486.0, [383596431.0, 1534385247, 49100323923, 383602047, 6138057555, 47954907]] [37049265012, [12043295, 48173174, 1541541568, 12113014, 192138944, 1505427]]
Model_cost: [14911830086.0, [14905.5, 20907556, 668963704, 2718628, 49400505, 195874]] [3909699102.0, [58911.0, 2666607, 85328676, 86895, 77870628, 304299]] [301672304, [53, 195230, 6247200, 13150, 6247200, 26250]] [5044676304, [19934, 3327942, 106002464, 38734, 103509152, 416025]] [918743396, [2830, 1096070, 34746416, 44678, 7768304, 30576]] [296155939866.0, [7995.0, 191813655, 6138012243, 5340891, 6137123727, 23973306]] [1379405398.0, [958.5, 1027510, 32839552, 65310, 25506688, 101907]]
Arch_Param: [32, 4096, 2048, 8, 512, 128]
Samsung_cost: [19601594064.0, [6413989.0, 25656356, 820923384, 1023524, 102001848, 797857]] [15300966990.0, [4946031.0, 19783791, 633078564, 629871, 85328676, 668271]] [1277347900, [417290, 1669150, 53412640, 104990, 6677280, 52170]] [20805036156, [6806804, 27227206, 871270432, 309382, 108910624, 850868]] [1567294988, [512710, 2050822, 65626160, 32966, 8203312, 64094]] [1173032922510.0, [383596431.0, 1534385247, 49100323923, 42720639, 6138057555, 47954907]] [36823057140, [12043295, 48173174, 1541541568, 1830838, 192138944, 1505427]]
Model_cost: [14911830086.0, [14905.5, 20907556, 668963704, 2718628, 49400505, 195874]] [3909699102.0, [58911.0, 2666607, 85328676, 86895, 77870628, 304299]] [301672304, [53, 195230, 6247200, 13150, 6247200, 26250]] [5044676304, [19934, 3327942, 106002464, 38734, 103509152, 416025]] [918743396, [2830, 1096070, 34746416, 44678, 7768304, 30576]] [296155939866.0, [7995.0, 191813655, 6138012243, 5340891, 6137123727, 23973306]] [1379405398.0, [958.5, 1027510, 32839552, 65310, 25506688, 101907]]
Arch_Param: [32, 4096, 2048, 8, 512, 256]
Samsung_cost: [19601594064.0, [6413989.0, 25656356, 820923384, 1023524, 102001848, 797857]] [15300966990.0, [4946031.0, 19783791, 633078564, 629871, 85328676, 668271]] [1277347900, [417290, 1669150, 53412640, 104990, 6677280, 52170]] [20805036156, [6806804, 27227206, 871270432, 309382, 108910624, 850868]] [1567294988, [512710, 2050822, 65626160, 32966, 8203312, 64094]] [1173032922510.0, [383596431.0, 1534385247, 49100323923, 42720639, 6138057555, 47954907]] [36823057140, [12043295, 48173174, 1541541568, 1830838, 192138944, 1505427]]
Model_cost: [14872654006.0, [14893.5, 20907556, 668963704, 938564, 49400505, 195362]] [3909699102.0, [58911.0, 2666607, 85328676, 86895, 77870628, 304299]] [301672304, [53, 195230, 6247200, 13150, 6247200, 26250]] [5044676304, [19934, 3327942, 106002464, 38734, 103509152, 416025]] [918608228, [2830, 1096070, 34746416, 38534, 7768304, 30576]] [296155939866.0, [7995.0, 191813655, 6138012243, 5340891, 6137123727, 23973306]] [1379295490.0, [955.5, 1027510, 32839552, 60318, 25506688, 101907]]
Arch_Param: [32, 4096, 2048, 8, 512, 512]
Samsung_cost: [19601594064.0, [6413989.0, 25656356, 820923384, 1023524, 102001848, 797857]] [15300966990.0, [4946031.0, 19783791, 633078564, 629871, 85328676, 668271]] [1277347900, [417290, 1669150, 53412640, 104990, 6677280, 52170]] [20805036156, [6806804, 27227206, 871270432, 309382, 108910624, 850868]] [1567294988, [512710, 2050822, 65626160, 32966, 8203312, 64094]] [1173032922510.0, [383596431.0, 1534385247, 49100323923, 42720639, 6138057555, 47954907]] [36823057140, [12043295, 48173174, 1541541568, 1830838, 192138944, 1505427]]
Model_cost: [14872654006.0, [14893.5, 20907556, 668963704, 938564, 49400505, 195362]] [3909699102.0, [58911.0, 2666607, 85328676, 86895, 77870628, 304299]] [301672304, [53, 195230, 6247200, 13150, 6247200, 26250]] [5044676304, [19934, 3327942, 106002464, 38734, 103509152, 416025]] [918245876, [2826, 1087878, 34713648, 22150, 7792880, 30512]] [296155939866.0, [7995.0, 191813655, 6138012243, 5340891, 6137123727, 23973306]] [1379295490.0, [955.5, 1027510, 32839552, 60318, 25506688, 101907]]
Arch_Param: [32, 4096, 2048, 8, 1024, 64]
Samsung_cost: [19669559938.0, [6413989.0, 12834849, 820923384, 6444065, 102001848, 797857]] [15355611726.0, [4946031.0, 9891951, 633078564, 4912239, 85328676, 668271]] [1280880440, [417290, 834580, 53412640, 417300, 6677280, 52170]] [20893525488, [6806804, 13613608, 871270432, 6806824, 108910624, 850868]] [1573747724, [512710, 1025414, 65626160, 512710, 8203312, 64094]] [1177463543310.0, [383596431.0, 767192703, 49100323923, 383602047, 6138057555, 47954907]] [36952917366, [12043295, 24086587, 1541541568, 12112955, 192138944, 1505427]]
Model_cost: [14870040824.0, [14905.5, 10460257, 668963704, 2718625, 49400505, 195874]] [3904366110.0, [58911.0, 1333359, 85328676, 86895, 77870628, 304299]] [301307244, [53, 104020, 6247200, 13140, 6247200, 26250]] [5038086340, [19934, 1680616, 106002464, 38704, 103509152, 416025]] [916053492, [2826, 547334, 34713648, 52870, 7767792, 30384]] [295772314410.0, [7995.0, 95907291, 6138012243, 5340891, 6137123727, 23973306]] [1377355352.0, [958.5, 515323, 32839552, 65251, 25506688, 101907]]
Arch_Param: [32, 4096, 2048, 8, 1024, 128]
Samsung_cost: [19550307970.0, [6413989.0, 12834849, 820923384, 1023521, 102001848, 797857]] [15261399630.0, [4946031.0, 9891951, 633078564, 629871, 85328676, 668271]] [1274009400, [417290, 834580, 53412640, 104980, 6677280, 52170]] [20750581104, [6806804, 13613608, 871270432, 309352, 108910624, 850868]] [1563193356, [512710, 1025414, 65626160, 32966, 8203312, 64094]] [1169964152334.0, [383596431.0, 767192703, 49100323923, 42720639, 6138057555, 47954907]] [36726709494, [12043295, 24086587, 1541541568, 1830779, 192138944, 1505427]]
Model_cost: [14870040824.0, [14905.5, 10460257, 668963704, 2718625, 49400505, 195874]] [3904366110.0, [58911.0, 1333359, 85328676, 86895, 77870628, 304299]] [301307244, [53, 104020, 6247200, 13140, 6247200, 26250]] [5038086340, [19934, 1680616, 106002464, 38704, 103509152, 416025]] [916053492, [2826, 547334, 34713648, 52870, 7767792, 30384]] [295772314410.0, [7995.0, 95907291, 6138012243, 5340891, 6137123727, 23973306]] [1377355352.0, [958.5, 515323, 32839552, 65251, 25506688, 101907]]
Arch_Param: [32, 4096, 2048, 8, 1024, 256]
Samsung_cost: [19550307970.0, [6413989.0, 12834849, 820923384, 1023521, 102001848, 797857]] [15261399630.0, [4946031.0, 9891951, 633078564, 629871, 85328676, 668271]] [1274009400, [417290, 834580, 53412640, 104980, 6677280, 52170]] [20750581104, [6806804, 13613608, 871270432, 309352, 108910624, 850868]] [1563193356, [512710, 1025414, 65626160, 32966, 8203312, 64094]] [1169964152334.0, [383596431.0, 767192703, 49100323923, 42720639, 6138057555, 47954907]] [36726709494, [12043295, 24086587, 1541541568, 1830779, 192138944, 1505427]]
Model_cost: [14830864744.0, [14893.5, 10460257, 668963704, 938561, 49400505, 195362]] [3904366110.0, [58911.0, 1333359, 85328676, 86895, 77870628, 304299]] [301307244, [53, 104020, 6247200, 13140, 6247200, 26250]] [5038086340, [19934, 1680616, 106002464, 38704, 103509152, 416025]] [915918324, [2826, 547334, 34713648, 46726, 7767792, 30384]] [295772314410.0, [7995.0, 95907291, 6138012243, 5340891, 6137123727, 23973306]] [1377245444.0, [955.5, 515323, 32839552, 60259, 25506688, 101907]]
Arch_Param: [32, 4096, 2048, 8, 1024, 512]
Samsung_cost: [19550307970.0, [6413989.0, 12834849, 820923384, 1023521, 102001848, 797857]] [15261399630.0, [4946031.0, 9891951, 633078564, 629871, 85328676, 668271]] [1274009400, [417290, 834580, 53412640, 104980, 6677280, 52170]] [20750581104, [6806804, 13613608, 871270432, 309352, 108910624, 850868]] [1563193356, [512710, 1025414, 65626160, 32966, 8203312, 64094]] [1169964152334.0, [383596431.0, 767192703, 49100323923, 42720639, 6138057555, 47954907]] [36726709494, [12043295, 24086587, 1541541568, 1830779, 192138944, 1505427]]
Model_cost: [14830864744.0, [14893.5, 10460257, 668963704, 938561, 49400505, 195362]] [3904366110.0, [58911.0, 1333359, 85328676, 86895, 77870628, 304299]] [301307244, [53, 104020, 6247200, 13140, 6247200, 26250]] [5038086340, [19934, 1680616, 106002464, 38704, 103509152, 416025]] [915918324, [2826, 547334, 34713648, 46726, 7767792, 30384]] [295772314410.0, [7995.0, 95907291, 6138012243, 5340891, 6137123727, 23973306]] [1377245444.0, [955.5, 515323, 32839552, 60259, 25506688, 101907]]
Arch_Param: [32, 4096, 2048, 16, 256, 64]
Samsung_cost: [9960890050.0, [3220645.0, 25765441, 412206072, 3236929, 51465400, 403041]] [15474313806.0, [4946031.0, 39567471, 633078564, 4912239, 85328676, 668271]] [1290895940, [417290, 3338290, 53412640, 417330, 6677280, 52170]] [21056890644, [6806804, 54454402, 871270432, 6806914, 108910624, 850868]] [1527944316, [493926, 3951366, 63221808, 493926, 7902768, 61746]] [1186669853838.0, [383596431.0, 3068770335, 49100323923, 383602047, 6138057555, 47954907]] [36781752176, [11889695, 95117548, 1521880768, 11924716, 190238400, 1490579]]
Model_cost: [8693289744.0, [7955.5, 22447809, 359126200, 1456961, 49400505, 195874]] [3920365086.0, [58911.0, 5333103, 85328676, 86895, 77870628, 304299]] [302453624, [53, 390450, 6247200, 13170, 6247200, 26250]] [5057907432, [19934, 6635394, 106002464, 38794, 103509152, 416025]] [570707828, [1418, 1085830, 17373232, 22342, 7768304, 30576]] [296923190778.0, [7995.0, 383626383, 6138012243, 5340891, 6137123727, 23973306]] [1295538466.0, [682.5, 1783660, 28517760, 44948, 25506688, 101907]]
Arch_Param: [32, 4096, 2048, 16, 256, 128]
Samsung_cost: [9901106370.0, [3220645.0, 25765441, 412206072, 519489, 51465400, 403041]] [15380101710.0, [4946031.0, 39567471, 633078564, 629871, 85328676, 668271]] [1284024900, [417290, 3338290, 53412640, 105010, 6677280, 52170]] [20913946260, [6806804, 54454402, 871270432, 309442, 108910624, 850868]] [1517733500, [493926, 3951366, 63221808, 29798, 7902768, 61746]] [1179170462862.0, [383596431.0, 3068770335, 49100323923, 42720639, 6138057555, 47954907]] [36557256432, [11889695, 95117548, 1521880768, 1720364, 190238400, 1490579]]
Model_cost: [8672188160.0, [7943.5, 22447809, 359126200, 498465, 49400505, 195362]] [3920365086.0, [58911.0, 5333103, 85328676, 86895, 77870628, 304299]] [302453624, [53, 390450, 6247200, 13170, 6247200, 26250]] [5057907432, [19934, 6635394, 106002464, 38794, 103509152, 416025]] [570640244, [1418, 1085830, 17373232, 19270, 7768304, 30576]] [296923190778.0, [7995.0, 383626383, 6138012243, 5340891, 6137123727, 23973306]] [1295479246.0, [679.5, 1783660, 28517760, 42260, 25506688, 101907]]
Arch_Param: [32, 4096, 2048, 16, 256, 256]
Samsung_cost: [9901106370.0, [3220645.0, 25765441, 412206072, 519489, 51465400, 403041]] [15380101710.0, [4946031.0, 39567471, 633078564, 629871, 85328676, 668271]] [1284024900, [417290, 3338290, 53412640, 105010, 6677280, 52170]] [20913946260, [6806804, 54454402, 871270432, 309442, 108910624, 850868]] [1517733500, [493926, 3951366, 63221808, 29798, 7902768, 61746]] [1179170462862.0, [383596431.0, 3068770335, 49100323923, 42720639, 6138057555, 47954907]] [36557256432, [11889695, 95117548, 1521880768, 1720364, 190238400, 1490579]]
Model_cost: [8672188160.0, [7943.5, 22447809, 359126200, 498465, 49400505, 195362]] [3920365086.0, [58911.0, 5333103, 85328676, 86895, 77870628, 304299]] [302453624, [53, 390450, 6247200, 13170, 6247200, 26250]] [5057907432, [19934, 6635394, 106002464, 38794, 103509152, 416025]] [570640244, [1418, 1085830, 17373232, 19270, 7768304, 30576]] [296923190778.0, [7995.0, 383626383, 6138012243, 5340891, 6137123727, 23973306]] [1295479246.0, [679.5, 1783660, 28517760, 42260, 25506688, 101907]]
Arch_Param: [32, 4096, 2048, 16, 512, 64]
Samsung_cost: [9909359568.0, [3220645.0, 12882980, 412206072, 3236900, 51465400, 403041]] [15395179086.0, [4946031.0, 19783791, 633078564, 4912239, 85328676, 668271]] [1284218940, [417290, 1669150, 53412640, 417310, 6677280, 52170]] [20947980540, [6806804, 27227206, 871270432, 6806854, 108910624, 850868]] [1520041596, [493926, 1975686, 63221808, 493926, 7902768, 61746]] [1180532313486.0, [383596431.0, 1534385247, 49100323923, 383602047, 6138057555, 47954907]] [36591514484, [11889695, 47558774, 1521880768, 11924598, 190238400, 1490579]]
Model_cost: [8648394526.0, [7955.5, 11224164, 359126200, 1456932, 49400505, 195874]] [3909699102.0, [58911.0, 2666607, 85328676, 86895, 77870628, 304299]] [301672304, [53, 195230, 6247200, 13150, 6247200, 26250]] [5044676304, [19934, 3327942, 106002464, 38734, 103509152, 416025]] [568553276, [1416, 543942, 17356848, 38726, 7767792, 30384]] [296155939866.0, [7995.0, 191813655, 6138012243, 5340891, 6137123727, 23973306]] [1291968550.0, [682.5, 891830, 28517760, 44830, 25506688, 101907]]
Arch_Param: [32, 4096, 2048, 16, 512, 128]
Samsung_cost: [9849575888.0, [3220645.0, 12882980, 412206072, 519460, 51465400, 403041]] [15300966990.0, [4946031.0, 19783791, 633078564, 629871, 85328676, 668271]] [1277347900, [417290, 1669150, 53412640, 104990, 6677280, 52170]] [20805036156, [6806804, 27227206, 871270432, 309382, 108910624, 850868]] [1509830780, [493926, 1975686, 63221808, 29798, 7902768, 61746]] [1173032922510.0, [383596431.0, 1534385247, 49100323923, 42720639, 6138057555, 47954907]] [36367018740, [11889695, 47558774, 1521880768, 1720246, 190238400, 1490579]]
Model_cost: [8627292942.0, [7943.5, 11224164, 359126200, 498436, 49400505, 195362]] [3909699102.0, [58911.0, 2666607, 85328676, 86895, 77870628, 304299]] [301672304, [53, 195230, 6247200, 13150, 6247200, 26250]] [5044676304, [19934, 3327942, 106002464, 38734, 103509152, 416025]] [568485692, [1416, 543942, 17356848, 35654, 7767792, 30384]] [296155939866.0, [7995.0, 191813655, 6138012243, 5340891, 6137123727, 23973306]] [1291909330.0, [679.5, 891830, 28517760, 42142, 25506688, 101907]]
Arch_Param: [32, 4096, 2048, 16, 512, 256]
Samsung_cost: [9849575888.0, [3220645.0, 12882980, 412206072, 519460, 51465400, 403041]] [15300966990.0, [4946031.0, 19783791, 633078564, 629871, 85328676, 668271]] [1277347900, [417290, 1669150, 53412640, 104990, 6677280, 52170]] [20805036156, [6806804, 27227206, 871270432, 309382, 108910624, 850868]] [1509830780, [493926, 1975686, 63221808, 29798, 7902768, 61746]] [1173032922510.0, [383596431.0, 1534385247, 49100323923, 42720639, 6138057555, 47954907]] [36367018740, [11889695, 47558774, 1521880768, 1720246, 190238400, 1490579]]
Model_cost: [8627292942.0, [7943.5, 11224164, 359126200, 498436, 49400505, 195362]] [3909699102.0, [58911.0, 2666607, 85328676, 86895, 77870628, 304299]] [301672304, [53, 195230, 6247200, 13150, 6247200, 26250]] [5044676304, [19934, 3327942, 106002464, 38734, 103509152, 416025]] [568485692, [1416, 543942, 17356848, 35654, 7767792, 30384]] [296155939866.0, [7995.0, 191813655, 6138012243, 5340891, 6137123727, 23973306]] [1291909330.0, [679.5, 891830, 28517760, 42142, 25506688, 101907]]
Arch_Param: [32, 4096, 2048, 16, 512, 512]
Samsung_cost: [9849575888.0, [3220645.0, 12882980, 412206072, 519460, 51465400, 403041]] [15300966990.0, [4946031.0, 19783791, 633078564, 629871, 85328676, 668271]] [1277347900, [417290, 1669150, 53412640, 104990, 6677280, 52170]] [20805036156, [6806804, 27227206, 871270432, 309382, 108910624, 850868]] [1509830780, [493926, 1975686, 63221808, 29798, 7902768, 61746]] [1173032922510.0, [383596431.0, 1534385247, 49100323923, 42720639, 6138057555, 47954907]] [36367018740, [11889695, 47558774, 1521880768, 1720246, 190238400, 1490579]]
Model_cost: [8627081658.0, [7940.5, 11224164, 359126200, 488836, 49400505, 195362]] [3909699102.0, [58911.0, 2666607, 85328676, 86895, 77870628, 304299]] [301672304, [53, 195230, 6247200, 13150, 6247200, 26250]] [5044676304, [19934, 3327942, 106002464, 38734, 103509152, 416025]] [567917480, [1416, 543942, 17356848, 9830, 7767792, 30381]] [296155939866.0, [7995.0, 191813655, 6138012243, 5340891, 6137123727, 23973306]] [1291909330.0, [679.5, 891830, 28517760, 42142, 25506688, 101907]]
Arch_Param: [32, 4096, 2048, 16, 1024, 64]
Samsung_cost: [9883607938.0, [3220645.0, 6445089, 412206072, 3236897, 51465400, 403041]] [15355611726.0, [4946031.0, 9891951, 633078564, 4912239, 85328676, 668271]] [1280880440, [417290, 834580, 53412640, 417300, 6677280, 52170]] [20893525488, [6806804, 13613608, 871270432, 6806824, 108910624, 850868]] [1516090236, [493926, 987846, 63221808, 493926, 7902768, 61746]] [1177463543310.0, [383596431.0, 767192703, 49100323923, 383602047, 6138057555, 47954907]] [36496395638, [11889695, 23779387, 1521880768, 11924539, 190238400, 1490579]]
Model_cost: [8625959632.0, [7955.5, 5615457, 359126200, 1456929, 49400505, 195874]] [3904366110.0, [58911.0, 1333359, 85328676, 86895, 77870628, 304299]] [301307244, [53, 104020, 6247200, 13140, 6247200, 26250]] [5038086340, [19934, 1680616, 106002464, 38704, 103509152, 416025]] [567201852, [1416, 273670, 17356848, 26438, 7767792, 30384]] [295772314410.0, [7995.0, 95907291, 6138012243, 5340891, 6137123727, 23973306]] [1290186792.0, [682.5, 446715, 28517760, 44771, 25506688, 101907]]
Arch_Param: [32, 4096, 2048, 16, 1024, 128]
Samsung_cost: [9823824258.0, [3220645.0, 6445089, 412206072, 519457, 51465400, 403041]] [15261399630.0, [4946031.0, 9891951, 633078564, 629871, 85328676, 668271]] [1274009400, [417290, 834580, 53412640, 104980, 6677280, 52170]] [20750581104, [6806804, 13613608, 871270432, 309352, 108910624, 850868]] [1505879420, [493926, 987846, 63221808, 29798, 7902768, 61746]] [1169964152334.0, [383596431.0, 767192703, 49100323923, 42720639, 6138057555, 47954907]] [36271899894, [11889695, 23779387, 1521880768, 1720187, 190238400, 1490579]]
Model_cost: [8604858048.0, [7943.5, 5615457, 359126200, 498433, 49400505, 195362]] [3904366110.0, [58911.0, 1333359, 85328676, 86895, 77870628, 304299]] [301307244, [53, 104020, 6247200, 13140, 6247200, 26250]] [5038086340, [19934, 1680616, 106002464, 38704, 103509152, 416025]] [567134268, [1416, 273670, 17356848, 23366, 7767792, 30384]] [295772314410.0, [7995.0, 95907291, 6138012243, 5340891, 6137123727, 23973306]] [1290127572.0, [679.5, 446715, 28517760, 42083, 25506688, 101907]]
Arch_Param: [32, 4096, 2048, 16, 1024, 256]
Samsung_cost: [9823824258.0, [3220645.0, 6445089, 412206072, 519457, 51465400, 403041]] [15261399630.0, [4946031.0, 9891951, 633078564, 629871, 85328676, 668271]] [1274009400, [417290, 834580, 53412640, 104980, 6677280, 52170]] [20750581104, [6806804, 13613608, 871270432, 309352, 108910624, 850868]] [1505879420, [493926, 987846, 63221808, 29798, 7902768, 61746]] [1169964152334.0, [383596431.0, 767192703, 49100323923, 42720639, 6138057555, 47954907]] [36271899894, [11889695, 23779387, 1521880768, 1720187, 190238400, 1490579]]
Model_cost: [8604858048.0, [7943.5, 5615457, 359126200, 498433, 49400505, 195362]] [3904366110.0, [58911.0, 1333359, 85328676, 86895, 77870628, 304299]] [301307244, [53, 104020, 6247200, 13140, 6247200, 26250]] [5038086340, [19934, 1680616, 106002464, 38704, 103509152, 416025]] [567134268, [1416, 273670, 17356848, 23366, 7767792, 30384]] [295772314410.0, [7995.0, 95907291, 6138012243, 5340891, 6137123727, 23973306]] [1290127572.0, [679.5, 446715, 28517760, 42083, 25506688, 101907]]
Arch_Param: [32, 4096, 2048, 16, 1024, 512]
Samsung_cost: [9823824258.0, [3220645.0, 6445089, 412206072, 519457, 51465400, 403041]] [15261399630.0, [4946031.0, 9891951, 633078564, 629871, 85328676, 668271]] [1274009400, [417290, 834580, 53412640, 104980, 6677280, 52170]] [20750581104, [6806804, 13613608, 871270432, 309352, 108910624, 850868]] [1505879420, [493926, 987846, 63221808, 29798, 7902768, 61746]] [1169964152334.0, [383596431.0, 767192703, 49100323923, 42720639, 6138057555, 47954907]] [36271899894, [11889695, 23779387, 1521880768, 1720187, 190238400, 1490579]]
Model_cost: [8604646764.0, [7940.5, 5615457, 359126200, 488833, 49400505, 195362]] [3904366110.0, [58911.0, 1333359, 85328676, 86895, 77870628, 304299]] [301307244, [53, 104020, 6247200, 13140, 6247200, 26250]] [5038086340, [19934, 1680616, 106002464, 38704, 103509152, 416025]] [566833704, [1416, 272998, 17356848, 9830, 7767792, 30381]] [295772314410.0, [7995.0, 95907291, 6138012243, 5340891, 6137123727, 23973306]] [1290127572.0, [679.5, 446715, 28517760, 42083, 25506688, 101907]]
Arch_Param: [32, 4096, 2048, 32, 256, 64]
Samsung_cost: [9713816258.0, [3138981.0, 25112129, 401768440, 3146817, 50351288, 394337]] [15474313806.0, [4946031.0, 39567471, 633078564, 4912239, 85328676, 668271]] [1290895940, [417290, 3338290, 53412640, 417330, 6677280, 52170]] [21056890644, [6806804, 54454402, 871270432, 6806914, 108910624, 850868]] [1511561140, [488630, 3908998, 62543920, 488630, 7818032, 61084]] [1186669853838.0, [383596431.0, 3068770335, 49100323923, 383602047, 6138057555, 47954907]] [36731068272, [11873311, 94986476, 1519783616, 11908332, 189976256, 1488531]]
Model_cost: [5531285248.0, [4471.5, 12767937, 204263608, 278721, 49400505, 195362]] [3920365086.0, [58911.0, 5333103, 85328676, 86895, 77870628, 304299]] [302453624, [53, 390450, 6247200, 13170, 6247200, 26250]] [5057907432, [19934, 6635394, 106002464, 38794, 103509152, 416025]] [394505084, [712, 542918, 8686640, 9638, 7768304, 30576]] [296923190778.0, [7995.0, 383626383, 6138012243, 5340891, 6137123727, 23973306]] [1251514764.0, [540.0, 1647980, 26356864, 33172, 25506688, 101907]]
Arch_Param: [32, 4096, 2048, 32, 256, 128]
Samsung_cost: [9655204034.0, [3138981.0, 25112129, 401768440, 482625, 50351288, 394337]] [15380101710.0, [4946031.0, 39567471, 633078564, 629871, 85328676, 668271]] [1284024900, [417290, 3338290, 53412640, 105010, 6677280, 52170]] [20913946260, [6806804, 54454402, 871270432, 309442, 108910624, 850868]] [1501443252, [488630, 3908998, 62543920, 28726, 7818032, 61084]] [1179170462862.0, [383596431.0, 3068770335, 49100323923, 42720639, 6138057555, 47954907]] [36506752752, [11873311, 94986476, 1519783616, 1712172, 189976256, 1488531]]
Model_cost: [5531285248.0, [4471.5, 12767937, 204263608, 278721, 49400505, 195362]] [3920365086.0, [58911.0, 5333103, 85328676, 86895, 77870628, 304299]] [302453624, [53, 390450, 6247200, 13170, 6247200, 26250]] [5057907432, [19934, 6635394, 106002464, 38794, 103509152, 416025]] [394505084, [712, 542918, 8686640, 9638, 7768304, 30576]] [296923190778.0, [7995.0, 383626383, 6138012243, 5340891, 6137123727, 23973306]] [1251514764.0, [540.0, 1647980, 26356864, 33172, 25506688, 101907]]
Arch_Param: [32, 4096, 2048, 32, 256, 256]
Samsung_cost: [9655204034.0, [3138981.0, 25112129, 401768440, 482625, 50351288, 394337]] [15380101710.0, [4946031.0, 39567471, 633078564, 629871, 85328676, 668271]] [1284024900, [417290, 3338290, 53412640, 105010, 6677280, 52170]] [20913946260, [6806804, 54454402, 871270432, 309442, 108910624, 850868]] [1501443252, [488630, 3908998, 62543920, 28726, 7818032, 61084]] [1179170462862.0, [383596431.0, 3068770335, 49100323923, 42720639, 6138057555, 47954907]] [36506752752, [11873311, 94986476, 1519783616, 1712172, 189976256, 1488531]]
Model_cost: [5531175340.0, [4468.5, 12767937, 204263608, 273729, 49400505, 195362]] [3920365086.0, [58911.0, 5333103, 85328676, 86895, 77870628, 304299]] [302453624, [53, 390450, 6247200, 13170, 6247200, 26250]] [5057907432, [19934, 6635394, 106002464, 38794, 103509152, 416025]] [394217580, [711, 542918, 8678448, 4918, 7767792, 30381]] [296923190778.0, [7995.0, 383626383, 6138012243, 5340891, 6137123727, 23973306]] [1251514764.0, [540.0, 1647980, 26356864, 33172, 25506688, 101907]]
Arch_Param: [32, 4096, 2048, 32, 512, 64]
Samsung_cost: [9663592400.0, [3138981.0, 12556324, 401768440, 3146788, 50351288, 394337]] [15395179086.0, [4946031.0, 19783791, 633078564, 4912239, 85328676, 668271]] [1284218940, [417290, 1669150, 53412640, 417310, 6677280, 52170]] [20947980540, [6806804, 27227206, 871270432, 6806854, 108910624, 850868]] [1503743156, [488630, 1954502, 62543920, 488630, 7818032, 61084]] [1180532313486.0, [383596431.0, 1534385247, 49100323923, 383602047, 6138057555, 47954907]] [36541092724, [11873311, 47493238, 1519783616, 11908214, 189976256, 1488531]]
Model_cost: [5505749774.0, [4471.5, 6384228, 204263608, 278692, 49400505, 195362]] [3909699102.0, [58911.0, 2666607, 85328676, 86895, 77870628, 304299]] [301672304, [53, 195230, 6247200, 13150, 6247200, 26250]] [5044676304, [19934, 3327942, 106002464, 38734, 103509152, 416025]] [393417952, [711, 271974, 8678448, 17830, 7767792, 30384]] [296155939866.0, [7995.0, 191813655, 6138012243, 5340891, 6137123727, 23973306]] [1248216208.0, [540.0, 823990, 26356864, 33054, 25506688, 101907]]
Arch_Param: [32, 4096, 2048, 32, 512, 128]
Samsung_cost: [9604980176.0, [3138981.0, 12556324, 401768440, 482596, 50351288, 394337]] [15300966990.0, [4946031.0, 19783791, 633078564, 629871, 85328676, 668271]] [1277347900, [417290, 1669150, 53412640, 104990, 6677280, 52170]] [20805036156, [6806804, 27227206, 871270432, 309382, 108910624, 850868]] [1493625268, [488630, 1954502, 62543920, 28726, 7818032, 61084]] [1173032922510.0, [383596431.0, 1534385247, 49100323923, 42720639, 6138057555, 47954907]] [36316777204, [11873311, 47493238, 1519783616, 1712054, 189976256, 1488531]]
Model_cost: [5505749774.0, [4471.5, 6384228, 204263608, 278692, 49400505, 195362]] [3909699102.0, [58911.0, 2666607, 85328676, 86895, 77870628, 304299]] [301672304, [53, 195230, 6247200, 13150, 6247200, 26250]] [5044676304, [19934, 3327942, 106002464, 38734, 103509152, 416025]] [393417952, [711, 271974, 8678448, 17830, 7767792, 30384]] [296155939866.0, [7995.0, 191813655, 6138012243, 5340891, 6137123727, 23973306]] [1248216208.0, [540.0, 823990, 26356864, 33054, 25506688, 101907]]
Arch_Param: [32, 4096, 2048, 32, 512, 256]
Samsung_cost: [9604980176.0, [3138981.0, 12556324, 401768440, 482596, 50351288, 394337]] [15300966990.0, [4946031.0, 19783791, 633078564, 629871, 85328676, 668271]] [1277347900, [417290, 1669150, 53412640, 104990, 6677280, 52170]] [20805036156, [6806804, 27227206, 871270432, 309382, 108910624, 850868]] [1493625268, [488630, 1954502, 62543920, 28726, 7818032, 61084]] [1173032922510.0, [383596431.0, 1534385247, 49100323923, 42720639, 6138057555, 47954907]] [36316777204, [11873311, 47493238, 1519783616, 1712054, 189976256, 1488531]]
Model_cost: [5505639866.0, [4468.5, 6384228, 204263608, 273700, 49400505, 195362]] [3909699102.0, [58911.0, 2666607, 85328676, 86895, 77870628, 304299]] [301672304, [53, 195230, 6247200, 13150, 6247200, 26250]] [5044676304, [19934, 3327942, 106002464, 38734, 103509152, 416025]] [393133804, [711, 271974, 8678448, 4918, 7767792, 30381]] [296155939866.0, [7995.0, 191813655, 6138012243, 5340891, 6137123727, 23973306]] [1248216208.0, [540.0, 823990, 26356864, 33054, 25506688, 101907]]
Arch_Param: [32, 4096, 2048, 32, 512, 512]
Samsung_cost: [9604980176.0, [3138981.0, 12556324, 401768440, 482596, 50351288, 394337]] [15300966990.0, [4946031.0, 19783791, 633078564, 629871, 85328676, 668271]] [1277347900, [417290, 1669150, 53412640, 104990, 6677280, 52170]] [20805036156, [6806804, 27227206, 871270432, 309382, 108910624, 850868]] [1493625268, [488630, 1954502, 62543920, 28726, 7818032, 61084]] [1173032922510.0, [383596431.0, 1534385247, 49100323923, 42720639, 6138057555, 47954907]] [36316777204, [11873311, 47493238, 1519783616, 1712054, 189976256, 1488531]]
Model_cost: [5505639866.0, [4468.5, 6384228, 204263608, 273700, 49400505, 195362]] [3909699102.0, [58911.0, 2666607, 85328676, 86895, 77870628, 304299]] [301672304, [53, 195230, 6247200, 13150, 6247200, 26250]] [5044676304, [19934, 3327942, 106002464, 38734, 103509152, 416025]] [393133804, [711, 271974, 8678448, 4918, 7767792, 30381]] [296155939866.0, [7995.0, 191813655, 6138012243, 5340891, 6137123727, 23973306]] [1248216208.0, [540.0, 823990, 26356864, 33054, 25506688, 101907]]
Arch_Param: [32, 4096, 2048, 32, 1024, 64]
Samsung_cost: [9638487938.0, [3138981.0, 6280225, 401768440, 3146785, 50351288, 394337]] [15355611726.0, [4946031.0, 9891951, 633078564, 4912239, 85328676, 668271]] [1280880440, [417290, 834580, 53412640, 417300, 6677280, 52170]] [20893525488, [6806804, 13613608, 871270432, 6806824, 108910624, 850868]] [1499834164, [488630, 977254, 62543920, 488630, 7818032, 61084]] [1177463543310.0, [383596431.0, 767192703, 49100323923, 383602047, 6138057555, 47954907]] [36446104950, [11873311, 23746619, 1519783616, 11908155, 189976256, 1488531]]
Model_cost: [5492988608.0, [4471.5, 3193953, 204263608, 278689, 49400505, 195362]] [3904366110.0, [58911.0, 1333359, 85328676, 86895, 77870628, 304299]] [301307244, [53, 104020, 6247200, 13140, 6247200, 26250]] [5038086340, [19934, 1680616, 106002464, 38704, 103509152, 416025]] [392742240, [711, 136838, 8678448, 11686, 7767792, 30384]] [295772314410.0, [7995.0, 95907291, 6138012243, 5340891, 6137123727, 23973306]] [1246568594.0, [540.0, 412411, 26356864, 32995, 25506688, 101907]]
Arch_Param: [32, 4096, 2048, 32, 1024, 128]
Samsung_cost: [9579875714.0, [3138981.0, 6280225, 401768440, 482593, 50351288, 394337]] [15261399630.0, [4946031.0, 9891951, 633078564, 629871, 85328676, 668271]] [1274009400, [417290, 834580, 53412640, 104980, 6677280, 52170]] [20750581104, [6806804, 13613608, 871270432, 309352, 108910624, 850868]] [1489716276, [488630, 977254, 62543920, 28726, 7818032, 61084]] [1169964152334.0, [383596431.0, 767192703, 49100323923, 42720639, 6138057555, 47954907]] [36221789430, [11873311, 23746619, 1519783616, 1711995, 189976256, 1488531]]
Model_cost: [5492988608.0, [4471.5, 3193953, 204263608, 278689, 49400505, 195362]] [3904366110.0, [58911.0, 1333359, 85328676, 86895, 77870628, 304299]] [301307244, [53, 104020, 6247200, 13140, 6247200, 26250]] [5038086340, [19934, 1680616, 106002464, 38704, 103509152, 416025]] [392742240, [711, 136838, 8678448, 11686, 7767792, 30384]] [295772314410.0, [7995.0, 95907291, 6138012243, 5340891, 6137123727, 23973306]] [1246568594.0, [540.0, 412411, 26356864, 32995, 25506688, 101907]]
Arch_Param: [32, 4096, 2048, 32, 1024, 256]
Samsung_cost: [9579875714.0, [3138981.0, 6280225, 401768440, 482593, 50351288, 394337]] [15261399630.0, [4946031.0, 9891951, 633078564, 629871, 85328676, 668271]] [1274009400, [417290, 834580, 53412640, 104980, 6677280, 52170]] [20750581104, [6806804, 13613608, 871270432, 309352, 108910624, 850868]] [1489716276, [488630, 977254, 62543920, 28726, 7818032, 61084]] [1169964152334.0, [383596431.0, 767192703, 49100323923, 42720639, 6138057555, 47954907]] [36221789430, [11873311, 23746619, 1519783616, 1711995, 189976256, 1488531]]
Model_cost: [5492878700.0, [4468.5, 3193953, 204263608, 273697, 49400505, 195362]] [3904366110.0, [58911.0, 1333359, 85328676, 86895, 77870628, 304299]] [301307244, [53, 104020, 6247200, 13140, 6247200, 26250]] [5038086340, [19934, 1680616, 106002464, 38704, 103509152, 416025]] [392591916, [711, 136502, 8678448, 4918, 7767792, 30381]] [295772314410.0, [7995.0, 95907291, 6138012243, 5340891, 6137123727, 23973306]] [1246568594.0, [540.0, 412411, 26356864, 32995, 25506688, 101907]]
Arch_Param: [32, 4096, 2048, 32, 1024, 512]
Samsung_cost: [9579875714.0, [3138981.0, 6280225, 401768440, 482593, 50351288, 394337]] [15261399630.0, [4946031.0, 9891951, 633078564, 629871, 85328676, 668271]] [1274009400, [417290, 834580, 53412640, 104980, 6677280, 52170]] [20750581104, [6806804, 13613608, 871270432, 309352, 108910624, 850868]] [1489716276, [488630, 977254, 62543920, 28726, 7818032, 61084]] [1169964152334.0, [383596431.0, 767192703, 49100323923, 42720639, 6138057555, 47954907]] [36221789430, [11873311, 23746619, 1519783616, 1711995, 189976256, 1488531]]
Model_cost: [5492878700.0, [4468.5, 3193953, 204263608, 273697, 49400505, 195362]] [3904366110.0, [58911.0, 1333359, 85328676, 86895, 77870628, 304299]] [301307244, [53, 104020, 6247200, 13140, 6247200, 26250]] [5038086340, [19934, 1680616, 106002464, 38704, 103509152, 416025]] [392591916, [711, 136502, 8678448, 4918, 7767792, 30381]] [295772314410.0, [7995.0, 95907291, 6138012243, 5340891, 6137123727, 23973306]] [1246568594.0, [540.0, 412411, 26356864, 32995, 25506688, 101907]]
Arch_Param: [32, 4096, 1024, 4, 256, 64]
Samsung_cost: [39907047986.0, [25601321.0, 102405697, 1638358008, 12858433, 203074744, 1587489]] [15612799566, [9891951, 39567471, 633078564, 4912239, 85328676, 668271]] [1302580060, [834580, 3338290, 53412640, 417330, 6677280, 52170]] [21247481156, [13613608, 54454402, 871270432, 6806914, 108910624, 850868]] [1717676844, [1100550, 4402182, 70434864, 550278, 8804400, 68790]] [1197410549454, [767192703, 3068770335, 49100323923, 383602047, 6138057555, 47954907]] [38508190336, [24700987, 98803948, 1580863168, 12489964, 195940032, 1535123]]
Model_cost: [27606037114.0, [57605.0, 80564801, 1288904952, 5243969, 49400505, 195874]] [5508476382.0, [124719.0, 10223727, 163578660, 164463, 77870628, 304299]] [302455080, [105, 390450, 6247200, 13170, 6247200, 26250]] [5058465248, [39856, 6635394, 106002464, 38794, 103509152, 416025]] [1632520452, [11302, 4343302, 69492784, 300294, 7768304, 30576]] [421323832338.0, [21519.0, 767215743, 12275433555, 10680855, 6137123727, 23973306]] [1685121800.0, [3237.0, 2983404, 47652928, 135636, 25506688, 102419]]
Arch_Param: [32, 4096, 1024, 4, 256, 128]
Samsung_cost: [39668859442.0, [25601321.0, 102405697, 1638358008, 2031681, 203074744, 1587489]] [15518587470, [9891951, 39567471, 633078564, 629871, 85328676, 668271]] [1295709020, [834580, 3338290, 53412640, 105010, 6677280, 52170]] [21104536772, [13613608, 54454402, 871270432, 309442, 108910624, 850868]] [1706435372, [1100550, 4402182, 70434864, 39302, 8804400, 68790]] [1189911158478, [767192703, 3068770335, 49100323923, 42720639, 6138057555, 47954907]] [38278558208, [24700987, 98803948, 1580863168, 2052140, 195940032, 1535123]]
Model_cost: [27606037114.0, [57605.0, 80564801, 1288904952, 5243969, 49400505, 195874]] [5508476382.0, [124719.0, 10223727, 163578660, 164463, 77870628, 304299]] [302455080, [105, 390450, 6247200, 13170, 6247200, 26250]] [5058465248, [39856, 6635394, 106002464, 38794, 103509152, 416025]] [1627879684, [11302, 4343302, 69492784, 89350, 7768304, 30576]] [421323832338.0, [21519.0, 767215743, 12275433555, 10680855, 6137123727, 23973306]] [1684614664.0, [3237.0, 2983404, 47652928, 113236, 25506688, 101907]]
Arch_Param: [32, 4096, 1024, 4, 256, 256]
Samsung_cost: [39668859442.0, [25601321.0, 102405697, 1638358008, 2031681, 203074744, 1587489]] [15518587470, [9891951, 39567471, 633078564, 629871, 85328676, 668271]] [1295709020, [834580, 3338290, 53412640, 105010, 6677280, 52170]] [21104536772, [13613608, 54454402, 871270432, 309442, 108910624, 850868]] [1706435372, [1100550, 4402182, 70434864, 39302, 8804400, 68790]] [1189911158478, [767192703, 3068770335, 49100323923, 42720639, 6138057555, 47954907]] [38278558208, [24700987, 98803948, 1580863168, 2052140, 195940032, 1535123]]
Model_cost: [27606037114.0, [57605.0, 80564801, 1288904952, 5243969, 49400505, 195874]] [5508476382.0, [124719.0, 10223727, 163578660, 164463, 77870628, 304299]] [302455080, [105, 390450, 6247200, 13170, 6247200, 26250]] [5058465248, [39856, 6635394, 106002464, 38794, 103509152, 416025]] [1627879684, [11302, 4343302, 69492784, 89350, 7768304, 30576]] [421323832338.0, [21519.0, 767215743, 12275433555, 10680855, 6137123727, 23973306]] [1684614664.0, [3237.0, 2983404, 47652928, 113236, 25506688, 101907]]
Arch_Param: [32, 4096, 1024, 4, 512, 64]
Samsung_cost: [39702236992.0, [25601321.0, 51203108, 1638358008, 12858404, 203074744, 1587489]] [15533664846, [9891951, 19783791, 633078564, 4912239, 85328676, 668271]] [1295903060, [834580, 1669150, 53412640, 417310, 6677280, 52170]] [21138571052, [13613608, 27227206, 871270432, 6806854, 108910624, 850868]] [1708872492, [1100550, 2201094, 70434864, 550278, 8804400, 68790]] [1191273009102, [767192703, 1534385247, 49100323923, 383602047, 6138057555, 47954907]] [38310579844, [24700987, 49401974, 1580863168, 12489846, 195940032, 1535123]]
Model_cost: [27444907912.0, [57605.0, 40282660, 1288904952, 5243940, 49400505, 195874]] [5488029150.0, [124719.0, 5111919, 163578660, 164463, 77870628, 304299]] [301673760, [105, 195230, 6247200, 13150, 6247200, 26250]] [5045234120, [39856, 3327942, 106002464, 38734, 103509152, 416025]] [1623915780, [11302, 2192134, 69492784, 300294, 7768304, 30576]] [419789404242.0, [21519.0, 383608719, 12275433555, 10680855, 6137123727, 23973306]] [1679152396.0, [3237.0, 1491702, 47652928, 135518, 25506688, 102419]]
Arch_Param: [32, 4096, 1024, 4, 512, 128]
Samsung_cost: [39464048448.0, [25601321.0, 51203108, 1638358008, 2031652, 203074744, 1587489]] [15439452750, [9891951, 19783791, 633078564, 629871, 85328676, 668271]] [1289032020, [834580, 1669150, 53412640, 104990, 6677280, 52170]] [20995626668, [13613608, 27227206, 871270432, 309382, 108910624, 850868]] [1697631020, [1100550, 2201094, 70434864, 39302, 8804400, 68790]] [1183773618126, [767192703, 1534385247, 49100323923, 42720639, 6138057555, 47954907]] [38080947716, [24700987, 49401974, 1580863168, 2052022, 195940032, 1535123]]
Model_cost: [27444907912.0, [57605.0, 40282660, 1288904952, 5243940, 49400505, 195874]] [5488029150.0, [124719.0, 5111919, 163578660, 164463, 77870628, 304299]] [301673760, [105, 195230, 6247200, 13150, 6247200, 26250]] [5045234120, [39856, 3327942, 106002464, 38734, 103509152, 416025]] [1619275012, [11302, 2192134, 69492784, 89350, 7768304, 30576]] [419789404242.0, [21519.0, 383608719, 12275433555, 10680855, 6137123727, 23973306]] [1678645260.0, [3237.0, 1491702, 47652928, 113118, 25506688, 101907]]
Arch_Param: [32, 4096, 1024, 4, 512, 256]
Samsung_cost: [39464048448.0, [25601321.0, 51203108, 1638358008, 2031652, 203074744, 1587489]] [15439452750, [9891951, 19783791, 633078564, 629871, 85328676, 668271]] [1289032020, [834580, 1669150, 53412640, 104990, 6677280, 52170]] [20995626668, [13613608, 27227206, 871270432, 309382, 108910624, 850868]] [1697631020, [1100550, 2201094, 70434864, 39302, 8804400, 68790]] [1183773618126, [767192703, 1534385247, 49100323923, 42720639, 6138057555, 47954907]] [38080947716, [24700987, 49401974, 1580863168, 2052022, 195940032, 1535123]]
Model_cost: [27444907912.0, [57605.0, 40282660, 1288904952, 5243940, 49400505, 195874]] [5488029150.0, [124719.0, 5111919, 163578660, 164463, 77870628, 304299]] [301673760, [105, 195230, 6247200, 13150, 6247200, 26250]] [5045234120, [39856, 3327942, 106002464, 38734, 103509152, 416025]] [1619275012, [11302, 2192134, 69492784, 89350, 7768304, 30576]] [419789404242.0, [21519.0, 383608719, 12275433555, 10680855, 6137123727, 23973306]] [1678645260.0, [3237.0, 1491702, 47652928, 113118, 25506688, 101907]]
Arch_Param: [32, 4096, 1024, 4, 512, 512]
Samsung_cost: [39464048448.0, [25601321.0, 51203108, 1638358008, 2031652, 203074744, 1587489]] [15439452750, [9891951, 19783791, 633078564, 629871, 85328676, 668271]] [1289032020, [834580, 1669150, 53412640, 104990, 6677280, 52170]] [20995626668, [13613608, 27227206, 871270432, 309382, 108910624, 850868]] [1697631020, [1100550, 2201094, 70434864, 39302, 8804400, 68790]] [1183773618126, [767192703, 1534385247, 49100323923, 42720639, 6138057555, 47954907]] [38080947716, [24700987, 49401974, 1580863168, 2052022, 195940032, 1535123]]
Model_cost: [27369583176.0, [57605.0, 40282660, 1288904952, 1820740, 49400505, 195362]] [5488029150.0, [124719.0, 5111919, 163578660, 164463, 77870628, 304299]] [301673760, [105, 195230, 6247200, 13150, 6247200, 26250]] [5045234120, [39856, 3327942, 106002464, 38734, 103509152, 416025]] [1619004676, [11302, 2192134, 69492784, 77062, 7768304, 30576]] [419789404242.0, [21519.0, 383608719, 12275433555, 10680855, 6137123727, 23973306]] [1678434060.0, [3237.0, 1491702, 47652928, 103518, 25506688, 101907]]
Arch_Param: [32, 4096, 1024, 4, 1024, 64]
Samsung_cost: [39599881970.0, [25601321.0, 25614369, 1638358008, 12858401, 203074744, 1587489]] [15494097486, [9891951, 9891951, 633078564, 4912239, 85328676, 668271]] [1292564560, [834580, 834580, 53412640, 417300, 6677280, 52170]] [21084116000, [13613608, 13613608, 871270432, 6806824, 108910624, 850868]] [1704470316, [1100550, 1100550, 70434864, 550278, 8804400, 68790]] [1188204238926, [767192703, 767192703, 49100323923, 383602047, 6138057555, 47954907]] [38211774598, [24700987, 24700987, 1580863168, 12489787, 195940032, 1535123]]
Model_cost: [27364393274.0, [57605.0, 20154017, 1288904952, 5243937, 49400505, 195874]] [5477805534.0, [124719.0, 2556015, 163578660, 164463, 77870628, 304299]] [301308700, [105, 104020, 6247200, 13140, 6247200, 26250]] [5038644156, [39856, 1680616, 106002464, 38704, 103509152, 416025]] [1618555460, [11286, 1094662, 69427248, 316678, 7767792, 30384]] [419022190194.0, [21519.0, 191805207, 12275433555, 10680855, 6137123727, 23973306]] [1676180238.0, [3237.0, 748987, 47652928, 135459, 25506688, 102419]]
Arch_Param: [32, 4096, 1024, 4, 1024, 128]
Samsung_cost: [39361693426.0, [25601321.0, 25614369, 1638358008, 2031649, 203074744, 1587489]] [15399885390, [9891951, 9891951, 633078564, 629871, 85328676, 668271]] [1285693520, [834580, 834580, 53412640, 104980, 6677280, 52170]] [20941171616, [13613608, 13613608, 871270432, 309352, 108910624, 850868]] [1693228844, [1100550, 1100550, 70434864, 39302, 8804400, 68790]] [1180704847950, [767192703, 767192703, 49100323923, 42720639, 6138057555, 47954907]] [37982142470, [24700987, 24700987, 1580863168, 2051963, 195940032, 1535123]]
Model_cost: [27364393274.0, [57605.0, 20154017, 1288904952, 5243937, 49400505, 195874]] [5477805534.0, [124719.0, 2556015, 163578660, 164463, 77870628, 304299]] [301308700, [105, 104020, 6247200, 13140, 6247200, 26250]] [5038644156, [39856, 1680616, 106002464, 38704, 103509152, 416025]] [1613914692, [11286, 1094662, 69427248, 105734, 7767792, 30384]] [419022190194.0, [21519.0, 191805207, 12275433555, 10680855, 6137123727, 23973306]] [1675673102.0, [3237.0, 748987, 47652928, 113059, 25506688, 101907]]
Arch_Param: [32, 4096, 1024, 4, 1024, 256]
Samsung_cost: [39361693426.0, [25601321.0, 25614369, 1638358008, 2031649, 203074744, 1587489]] [15399885390, [9891951, 9891951, 633078564, 629871, 85328676, 668271]] [1285693520, [834580, 834580, 53412640, 104980, 6677280, 52170]] [20941171616, [13613608, 13613608, 871270432, 309352, 108910624, 850868]] [1693228844, [1100550, 1100550, 70434864, 39302, 8804400, 68790]] [1180704847950, [767192703, 767192703, 49100323923, 42720639, 6138057555, 47954907]] [37982142470, [24700987, 24700987, 1580863168, 2051963, 195940032, 1535123]]
Model_cost: [27364393274.0, [57605.0, 20154017, 1288904952, 5243937, 49400505, 195874]] [5477805534.0, [124719.0, 2556015, 163578660, 164463, 77870628, 304299]] [301308700, [105, 104020, 6247200, 13140, 6247200, 26250]] [5038644156, [39856, 1680616, 106002464, 38704, 103509152, 416025]] [1613914692, [11286, 1094662, 69427248, 105734, 7767792, 30384]] [419022190194.0, [21519.0, 191805207, 12275433555, 10680855, 6137123727, 23973306]] [1675673102.0, [3237.0, 748987, 47652928, 113059, 25506688, 101907]]
Arch_Param: [32, 4096, 1024, 4, 1024, 512]
Samsung_cost: [39361693426.0, [25601321.0, 25614369, 1638358008, 2031649, 203074744, 1587489]] [15399885390, [9891951, 9891951, 633078564, 629871, 85328676, 668271]] [1285693520, [834580, 834580, 53412640, 104980, 6677280, 52170]] [20941171616, [13613608, 13613608, 871270432, 309352, 108910624, 850868]] [1693228844, [1100550, 1100550, 70434864, 39302, 8804400, 68790]] [1180704847950, [767192703, 767192703, 49100323923, 42720639, 6138057555, 47954907]] [37982142470, [24700987, 24700987, 1580863168, 2051963, 195940032, 1535123]]
Model_cost: [27289068538.0, [57605.0, 20154017, 1288904952, 1820737, 49400505, 195362]] [5477805534.0, [124719.0, 2556015, 163578660, 164463, 77870628, 304299]] [301308700, [105, 104020, 6247200, 13140, 6247200, 26250]] [5038644156, [39856, 1680616, 106002464, 38704, 103509152, 416025]] [1613644356, [11286, 1094662, 69427248, 93446, 7767792, 30384]] [419022190194.0, [21519.0, 191805207, 12275433555, 10680855, 6137123727, 23973306]] [1675461902.0, [3237.0, 748987, 47652928, 103459, 25506688, 101907]]
Arch_Param: [32, 4096, 1024, 8, 256, 64]
Samsung_cost: [20003060786.0, [12827945.0, 51312193, 820923384, 6444097, 102001848, 797857]] [15612799566, [9891951, 39567471, 633078564, 4912239, 85328676, 668271]] [1302580060, [834580, 3338290, 53412640, 417330, 6677280, 52170]] [21247481156, [13613608, 54454402, 871270432, 6806914, 108910624, 850868]] [1600408332, [1025414, 4101638, 65626160, 512710, 8203312, 64094]] [1197410549454, [767192703, 3068770335, 49100323923, 383602047, 6138057555, 47954907]] [37579172480, [24086587, 96346348, 1541541568, 12113132, 192138944, 1505427]]
Model_cost: [14995874378.0, [29745.0, 41814593, 668963704, 2718657, 49400505, 195874]] [3922011486.0, [117711.0, 5333103, 85328676, 86895, 77870628, 304299]] [302455080, [105, 390450, 6247200, 13170, 6247200, 26250]] [5058465248, [39856, 6635394, 106002464, 38794, 103509152, 416025]] [923124804, [5654, 2171654, 34746416, 44678, 7768304, 30576]] [296923410186.0, [15831.0, 383626383, 6138012243, 5340891, 6137123727, 23973306]] [1383544508.0, [1904.0, 2055020, 32839552, 65428, 25506688, 101907]]
Arch_Param: [32, 4096, 1024, 8, 256, 128]
Samsung_cost: [19883808818.0, [12827945.0, 51312193, 820923384, 1023553, 102001848, 797857]] [15518587470, [9891951, 39567471, 633078564, 629871, 85328676, 668271]] [1295709020, [834580, 3338290, 53412640, 105010, 6677280, 52170]] [21104536772, [13613608, 54454402, 871270432, 309442, 108910624, 850868]] [1589853964, [1025414, 4101638, 65626160, 32966, 8203312, 64094]] [1189911158478, [767192703, 3068770335, 49100323923, 42720639, 6138057555, 47954907]] [37352964608, [24086587, 96346348, 1541541568, 1830956, 192138944, 1505427]]
Model_cost: [14995874378.0, [29745.0, 41814593, 668963704, 2718657, 49400505, 195874]] [3922011486.0, [117711.0, 5333103, 85328676, 86895, 77870628, 304299]] [302455080, [105, 390450, 6247200, 13170, 6247200, 26250]] [5058465248, [39856, 6635394, 106002464, 38794, 103509152, 416025]] [923124804, [5654, 2171654, 34746416, 44678, 7768304, 30576]] [296923410186.0, [15831.0, 383626383, 6138012243, 5340891, 6137123727, 23973306]] [1383544508.0, [1904.0, 2055020, 32839552, 65428, 25506688, 101907]]
Arch_Param: [32, 4096, 1024, 8, 256, 256]
Samsung_cost: [19883808818.0, [12827945.0, 51312193, 820923384, 1023553, 102001848, 797857]] [15518587470, [9891951, 39567471, 633078564, 629871, 85328676, 668271]] [1295709020, [834580, 3338290, 53412640, 105010, 6677280, 52170]] [21104536772, [13613608, 54454402, 871270432, 309442, 108910624, 850868]] [1589853964, [1025414, 4101638, 65626160, 32966, 8203312, 64094]] [1189911158478, [767192703, 3068770335, 49100323923, 42720639, 6138057555, 47954907]] [37352964608, [24086587, 96346348, 1541541568, 1830956, 192138944, 1505427]]
Model_cost: [14956698634.0, [29745.0, 41814593, 668963704, 938593, 49400505, 195362]] [3922011486.0, [117711.0, 5333103, 85328676, 86895, 77870628, 304299]] [302455080, [105, 390450, 6247200, 13170, 6247200, 26250]] [5058465248, [39856, 6635394, 106002464, 38794, 103509152, 416025]] [922989636, [5654, 2171654, 34746416, 38534, 7768304, 30576]] [296923410186.0, [15831.0, 383626383, 6138012243, 5340891, 6137123727, 23973306]] [1383434684.0, [1904.0, 2055020, 32839552, 60436, 25506688, 101907]]
Arch_Param: [32, 4096, 1024, 8, 512, 64]
Samsung_cost: [19900436800.0, [12827945.0, 25656356, 820923384, 6444068, 102001848, 797857]] [15533664846, [9891951, 19783791, 633078564, 4912239, 85328676, 668271]] [1295903060, [834580, 1669150, 53412640, 417310, 6677280, 52170]] [21138571052, [13613608, 27227206, 871270432, 6806854, 108910624, 850868]] [1592205068, [1025414, 2050822, 65626160, 512710, 8203312, 64094]] [1191273009102, [767192703, 1534385247, 49100323923, 383602047, 6138057555, 47954907]] [37386477188, [24086587, 48173174, 1541541568, 12113014, 192138944, 1505427]]
Model_cost: [14912245592.0, [29745.0, 20907556, 668963704, 2718628, 49400505, 195874]] [3911345502.0, [117711.0, 2666607, 85328676, 86895, 77870628, 304299]] [301673760, [105, 195230, 6247200, 13150, 6247200, 26250]] [5045234120, [39856, 3327942, 106002464, 38734, 103509152, 416025]] [918822468, [5654, 1096070, 34746416, 44678, 7768304, 30576]] [296156159274.0, [15831.0, 191813655, 6138012243, 5340891, 6137123727, 23973306]] [1379431872.0, [1904.0, 1027510, 32839552, 65310, 25506688, 101907]]
Arch_Param: [32, 4096, 1024, 8, 512, 128]
Samsung_cost: [19781184832.0, [12827945.0, 25656356, 820923384, 1023524, 102001848, 797857]] [15439452750, [9891951, 19783791, 633078564, 629871, 85328676, 668271]] [1289032020, [834580, 1669150, 53412640, 104990, 6677280, 52170]] [20995626668, [13613608, 27227206, 871270432, 309382, 108910624, 850868]] [1581650700, [1025414, 2050822, 65626160, 32966, 8203312, 64094]] [1183773618126, [767192703, 1534385247, 49100323923, 42720639, 6138057555, 47954907]] [37160269316, [24086587, 48173174, 1541541568, 1830838, 192138944, 1505427]]
Model_cost: [14912245592.0, [29745.0, 20907556, 668963704, 2718628, 49400505, 195874]] [3911345502.0, [117711.0, 2666607, 85328676, 86895, 77870628, 304299]] [301673760, [105, 195230, 6247200, 13150, 6247200, 26250]] [5045234120, [39856, 3327942, 106002464, 38734, 103509152, 416025]] [918822468, [5654, 1096070, 34746416, 44678, 7768304, 30576]] [296156159274.0, [15831.0, 191813655, 6138012243, 5340891, 6137123727, 23973306]] [1379431872.0, [1904.0, 1027510, 32839552, 65310, 25506688, 101907]]
Arch_Param: [32, 4096, 1024, 8, 512, 256]
Samsung_cost: [19781184832.0, [12827945.0, 25656356, 820923384, 1023524, 102001848, 797857]] [15439452750, [9891951, 19783791, 633078564, 629871, 85328676, 668271]] [1289032020, [834580, 1669150, 53412640, 104990, 6677280, 52170]] [20995626668, [13613608, 27227206, 871270432, 309382, 108910624, 850868]] [1581650700, [1025414, 2050822, 65626160, 32966, 8203312, 64094]] [1183773618126, [767192703, 1534385247, 49100323923, 42720639, 6138057555, 47954907]] [37160269316, [24086587, 48173174, 1541541568, 1830838, 192138944, 1505427]]
Model_cost: [14873069848.0, [29745.0, 20907556, 668963704, 938564, 49400505, 195362]] [3911345502.0, [117711.0, 2666607, 85328676, 86895, 77870628, 304299]] [301673760, [105, 195230, 6247200, 13150, 6247200, 26250]] [5045234120, [39856, 3327942, 106002464, 38734, 103509152, 416025]] [918687300, [5654, 1096070, 34746416, 38534, 7768304, 30576]] [296156159274.0, [15831.0, 191813655, 6138012243, 5340891, 6137123727, 23973306]] [1379322048.0, [1904.0, 1027510, 32839552, 60318, 25506688, 101907]]
Arch_Param: [32, 4096, 1024, 8, 512, 512]
Samsung_cost: [19781184832.0, [12827945.0, 25656356, 820923384, 1023524, 102001848, 797857]] [15439452750, [9891951, 19783791, 633078564, 629871, 85328676, 668271]] [1289032020, [834580, 1669150, 53412640, 104990, 6677280, 52170]] [20995626668, [13613608, 27227206, 871270432, 309382, 108910624, 850868]] [1581650700, [1025414, 2050822, 65626160, 32966, 8203312, 64094]] [1183773618126, [767192703, 1534385247, 49100323923, 42720639, 6138057555, 47954907]] [37160269316, [24086587, 48173174, 1541541568, 1830838, 192138944, 1505427]]
Model_cost: [14873069848.0, [29745.0, 20907556, 668963704, 938564, 49400505, 195362]] [3911345502.0, [117711.0, 2666607, 85328676, 86895, 77870628, 304299]] [301673760, [105, 195230, 6247200, 13150, 6247200, 26250]] [5045234120, [39856, 3327942, 106002464, 38734, 103509152, 416025]] [918324836, [5646, 1087878, 34713648, 22150, 7792880, 30512]] [296156159274.0, [15831.0, 191813655, 6138012243, 5340891, 6137123727, 23973306]] [1379322048.0, [1904.0, 1027510, 32839552, 60318, 25506688, 101907]]
Arch_Param: [32, 4096, 1024, 8, 1024, 64]
Samsung_cost: [19849150706.0, [12827945.0, 12834849, 820923384, 6444065, 102001848, 797857]] [15494097486, [9891951, 9891951, 633078564, 4912239, 85328676, 668271]] [1292564560, [834580, 834580, 53412640, 417300, 6677280, 52170]] [21084116000, [13613608, 13613608, 871270432, 6806824, 108910624, 850868]] [1588103436, [1025414, 1025414, 65626160, 512710, 8203312, 64094]] [1188204238926, [767192703, 767192703, 49100323923, 383602047, 6138057555, 47954907]] [37290129542, [24086587, 24086587, 1541541568, 12112955, 192138944, 1505427]]
Model_cost: [14870456330.0, [29745.0, 10460257, 668963704, 2718625, 49400505, 195874]] [3906012510.0, [117711.0, 1333359, 85328676, 86895, 77870628, 304299]] [301308700, [105, 104020, 6247200, 13140, 6247200, 26250]] [5038644156, [39856, 1680616, 106002464, 38704, 103509152, 416025]] [916132452, [5646, 547334, 34713648, 52870, 7767792, 30384]] [295772533818.0, [15831.0, 95907291, 6138012243, 5340891, 6137123727, 23973306]] [1377381826.0, [1904.0, 515323, 32839552, 65251, 25506688, 101907]]
Arch_Param: [32, 4096, 1024, 8, 1024, 128]
Samsung_cost: [19729898738.0, [12827945.0, 12834849, 820923384, 1023521, 102001848, 797857]] [15399885390, [9891951, 9891951, 633078564, 629871, 85328676, 668271]] [1285693520, [834580, 834580, 53412640, 104980, 6677280, 52170]] [20941171616, [13613608, 13613608, 871270432, 309352, 108910624, 850868]] [1577549068, [1025414, 1025414, 65626160, 32966, 8203312, 64094]] [1180704847950, [767192703, 767192703, 49100323923, 42720639, 6138057555, 47954907]] [37063921670, [24086587, 24086587, 1541541568, 1830779, 192138944, 1505427]]
Model_cost: [14870456330.0, [29745.0, 10460257, 668963704, 2718625, 49400505, 195874]] [3906012510.0, [117711.0, 1333359, 85328676, 86895, 77870628, 304299]] [301308700, [105, 104020, 6247200, 13140, 6247200, 26250]] [5038644156, [39856, 1680616, 106002464, 38704, 103509152, 416025]] [916132452, [5646, 547334, 34713648, 52870, 7767792, 30384]] [295772533818.0, [15831.0, 95907291, 6138012243, 5340891, 6137123727, 23973306]] [1377381826.0, [1904.0, 515323, 32839552, 65251, 25506688, 101907]]
Arch_Param: [32, 4096, 1024, 8, 1024, 256]
Samsung_cost: [19729898738.0, [12827945.0, 12834849, 820923384, 1023521, 102001848, 797857]] [15399885390, [9891951, 9891951, 633078564, 629871, 85328676, 668271]] [1285693520, [834580, 834580, 53412640, 104980, 6677280, 52170]] [20941171616, [13613608, 13613608, 871270432, 309352, 108910624, 850868]] [1577549068, [1025414, 1025414, 65626160, 32966, 8203312, 64094]] [1180704847950, [767192703, 767192703, 49100323923, 42720639, 6138057555, 47954907]] [37063921670, [24086587, 24086587, 1541541568, 1830779, 192138944, 1505427]]
Model_cost: [14831280586.0, [29745.0, 10460257, 668963704, 938561, 49400505, 195362]] [3906012510.0, [117711.0, 1333359, 85328676, 86895, 77870628, 304299]] [301308700, [105, 104020, 6247200, 13140, 6247200, 26250]] [5038644156, [39856, 1680616, 106002464, 38704, 103509152, 416025]] [915997284, [5646, 547334, 34713648, 46726, 7767792, 30384]] [295772533818.0, [15831.0, 95907291, 6138012243, 5340891, 6137123727, 23973306]] [1377272002.0, [1904.0, 515323, 32839552, 60259, 25506688, 101907]]
Arch_Param: [32, 4096, 1024, 8, 1024, 512]
Samsung_cost: [19729898738.0, [12827945.0, 12834849, 820923384, 1023521, 102001848, 797857]] [15399885390, [9891951, 9891951, 633078564, 629871, 85328676, 668271]] [1285693520, [834580, 834580, 53412640, 104980, 6677280, 52170]] [20941171616, [13613608, 13613608, 871270432, 309352, 108910624, 850868]] [1577549068, [1025414, 1025414, 65626160, 32966, 8203312, 64094]] [1180704847950, [767192703, 767192703, 49100323923, 42720639, 6138057555, 47954907]] [37063921670, [24086587, 24086587, 1541541568, 1830779, 192138944, 1505427]]
Model_cost: [14831280586.0, [29745.0, 10460257, 668963704, 938561, 49400505, 195362]] [3906012510.0, [117711.0, 1333359, 85328676, 86895, 77870628, 304299]] [301308700, [105, 104020, 6247200, 13140, 6247200, 26250]] [5038644156, [39856, 1680616, 106002464, 38704, 103509152, 416025]] [915997284, [5646, 547334, 34713648, 46726, 7767792, 30384]] [295772533818.0, [15831.0, 95907291, 6138012243, 5340891, 6137123727, 23973306]] [1377272002.0, [1904.0, 515323, 32839552, 60259, 25506688, 101907]]
Arch_Param: [32, 4096, 1024, 16, 256, 64]
Samsung_cost: [10051067186.0, [6441257.0, 25765441, 412206072, 3236929, 51465400, 403041]] [15612799566, [9891951, 39567471, 633078564, 4912239, 85328676, 668271]] [1302580060, [834580, 3338290, 53412640, 417330, 6677280, 52170]] [21247481156, [13613608, 54454402, 871270432, 6806914, 108910624, 850868]] [1541774076, [987846, 3951366, 63221808, 493926, 7902768, 61746]] [1197410549454, [767192703, 3068770335, 49100323923, 383602047, 6138057555, 47954907]] [37114663552, [23779387, 95117548, 1521880768, 11924716, 190238400, 1490579]]
Model_cost: [8693510454.0, [15838.0, 22447809, 359126200, 1456961, 49400505, 195874]] [3922011486.0, [117711.0, 5333103, 85328676, 86895, 77870628, 304299]] [302455080, [105, 390450, 6247200, 13170, 6247200, 26250]] [5058465248, [39856, 6635394, 106002464, 38794, 103509152, 416025]] [570747364, [2830, 1085830, 17373232, 22342, 7768304, 30576]] [296923410186.0, [15831.0, 383626383, 6138012243, 5340891, 6137123727, 23973306]] [1295557240.0, [1353.0, 1783660, 28517760, 44948, 25506688, 101907]]
Arch_Param: [32, 4096, 1024, 16, 256, 128]
Samsung_cost: [9991283506.0, [6441257.0, 25765441, 412206072, 519489, 51465400, 403041]] [15518587470, [9891951, 39567471, 633078564, 629871, 85328676, 668271]] [1295709020, [834580, 3338290, 53412640, 105010, 6677280, 52170]] [21104536772, [13613608, 54454402, 871270432, 309442, 108910624, 850868]] [1531563260, [987846, 3951366, 63221808, 29798, 7902768, 61746]] [1189911158478, [767192703, 3068770335, 49100323923, 42720639, 6138057555, 47954907]] [36890167808, [23779387, 95117548, 1521880768, 1720364, 190238400, 1490579]]
Model_cost: [8672409206.0, [15838.0, 22447809, 359126200, 498465, 49400505, 195362]] [3922011486.0, [117711.0, 5333103, 85328676, 86895, 77870628, 304299]] [302455080, [105, 390450, 6247200, 13170, 6247200, 26250]] [5058465248, [39856, 6635394, 106002464, 38794, 103509152, 416025]] [570679780, [2830, 1085830, 17373232, 19270, 7768304, 30576]] [296923410186.0, [15831.0, 383626383, 6138012243, 5340891, 6137123727, 23973306]] [1295498104.0, [1353.0, 1783660, 28517760, 42260, 25506688, 101907]]
Arch_Param: [32, 4096, 1024, 16, 256, 256]
Samsung_cost: [9991283506.0, [6441257.0, 25765441, 412206072, 519489, 51465400, 403041]] [15518587470, [9891951, 39567471, 633078564, 629871, 85328676, 668271]] [1295709020, [834580, 3338290, 53412640, 105010, 6677280, 52170]] [21104536772, [13613608, 54454402, 871270432, 309442, 108910624, 850868]] [1531563260, [987846, 3951366, 63221808, 29798, 7902768, 61746]] [1189911158478, [767192703, 3068770335, 49100323923, 42720639, 6138057555, 47954907]] [36890167808, [23779387, 95117548, 1521880768, 1720364, 190238400, 1490579]]
Model_cost: [8672409206.0, [15838.0, 22447809, 359126200, 498465, 49400505, 195362]] [3922011486.0, [117711.0, 5333103, 85328676, 86895, 77870628, 304299]] [302455080, [105, 390450, 6247200, 13170, 6247200, 26250]] [5058465248, [39856, 6635394, 106002464, 38794, 103509152, 416025]] [570679780, [2830, 1085830, 17373232, 19270, 7768304, 30576]] [296923410186.0, [15831.0, 383626383, 6138012243, 5340891, 6137123727, 23973306]] [1295498104.0, [1353.0, 1783660, 28517760, 42260, 25506688, 101907]]
Arch_Param: [32, 4096, 1024, 16, 512, 64]
Samsung_cost: [9999536704.0, [6441257.0, 12882980, 412206072, 3236900, 51465400, 403041]] [15533664846, [9891951, 19783791, 633078564, 4912239, 85328676, 668271]] [1295903060, [834580, 1669150, 53412640, 417310, 6677280, 52170]] [21138571052, [13613608, 27227206, 871270432, 6806854, 108910624, 850868]] [1533871356, [987846, 1975686, 63221808, 493926, 7902768, 61746]] [1191273009102, [767192703, 1534385247, 49100323923, 383602047, 6138057555, 47954907]] [36924425860, [23779387, 47558774, 1521880768, 11924598, 190238400, 1490579]]
Model_cost: [8648615236.0, [15838.0, 11224164, 359126200, 1456932, 49400505, 195874]] [3911345502.0, [117711.0, 2666607, 85328676, 86895, 77870628, 304299]] [301673760, [105, 195230, 6247200, 13150, 6247200, 26250]] [5045234120, [39856, 3327942, 106002464, 38734, 103509152, 416025]] [568592756, [2826, 543942, 17356848, 38726, 7767792, 30384]] [296156159274.0, [15831.0, 191813655, 6138012243, 5340891, 6137123727, 23973306]] [1291987324.0, [1353.0, 891830, 28517760, 44830, 25506688, 101907]]
Arch_Param: [32, 4096, 1024, 16, 512, 128]
Samsung_cost: [9939753024.0, [6441257.0, 12882980, 412206072, 519460, 51465400, 403041]] [15439452750, [9891951, 19783791, 633078564, 629871, 85328676, 668271]] [1289032020, [834580, 1669150, 53412640, 104990, 6677280, 52170]] [20995626668, [13613608, 27227206, 871270432, 309382, 108910624, 850868]] [1523660540, [987846, 1975686, 63221808, 29798, 7902768, 61746]] [1183773618126, [767192703, 1534385247, 49100323923, 42720639, 6138057555, 47954907]] [36699930116, [23779387, 47558774, 1521880768, 1720246, 190238400, 1490579]]
Model_cost: [8627513988.0, [15838.0, 11224164, 359126200, 498436, 49400505, 195362]] [3911345502.0, [117711.0, 2666607, 85328676, 86895, 77870628, 304299]] [301673760, [105, 195230, 6247200, 13150, 6247200, 26250]] [5045234120, [39856, 3327942, 106002464, 38734, 103509152, 416025]] [568525172, [2826, 543942, 17356848, 35654, 7767792, 30384]] [296156159274.0, [15831.0, 191813655, 6138012243, 5340891, 6137123727, 23973306]] [1291928188.0, [1353.0, 891830, 28517760, 42142, 25506688, 101907]]
Arch_Param: [32, 4096, 1024, 16, 512, 256]
Samsung_cost: [9939753024.0, [6441257.0, 12882980, 412206072, 519460, 51465400, 403041]] [15439452750, [9891951, 19783791, 633078564, 629871, 85328676, 668271]] [1289032020, [834580, 1669150, 53412640, 104990, 6677280, 52170]] [20995626668, [13613608, 27227206, 871270432, 309382, 108910624, 850868]] [1523660540, [987846, 1975686, 63221808, 29798, 7902768, 61746]] [1183773618126, [767192703, 1534385247, 49100323923, 42720639, 6138057555, 47954907]] [36699930116, [23779387, 47558774, 1521880768, 1720246, 190238400, 1490579]]
Model_cost: [8627513988.0, [15838.0, 11224164, 359126200, 498436, 49400505, 195362]] [3911345502.0, [117711.0, 2666607, 85328676, 86895, 77870628, 304299]] [301673760, [105, 195230, 6247200, 13150, 6247200, 26250]] [5045234120, [39856, 3327942, 106002464, 38734, 103509152, 416025]] [568525172, [2826, 543942, 17356848, 35654, 7767792, 30384]] [296156159274.0, [15831.0, 191813655, 6138012243, 5340891, 6137123727, 23973306]] [1291928188.0, [1353.0, 891830, 28517760, 42142, 25506688, 101907]]
Arch_Param: [32, 4096, 1024, 16, 512, 512]
Samsung_cost: [9939753024.0, [6441257.0, 12882980, 412206072, 519460, 51465400, 403041]] [15439452750, [9891951, 19783791, 633078564, 629871, 85328676, 668271]] [1289032020, [834580, 1669150, 53412640, 104990, 6677280, 52170]] [20995626668, [13613608, 27227206, 871270432, 309382, 108910624, 850868]] [1523660540, [987846, 1975686, 63221808, 29798, 7902768, 61746]] [1183773618126, [767192703, 1534385247, 49100323923, 42720639, 6138057555, 47954907]] [36699930116, [23779387, 47558774, 1521880768, 1720246, 190238400, 1490579]]
Model_cost: [8627302788.0, [15838.0, 11224164, 359126200, 488836, 49400505, 195362]] [3911345502.0, [117711.0, 2666607, 85328676, 86895, 77870628, 304299]] [301673760, [105, 195230, 6247200, 13150, 6247200, 26250]] [5045234120, [39856, 3327942, 106002464, 38734, 103509152, 416025]] [567956960, [2826, 543942, 17356848, 9830, 7767792, 30381]] [296156159274.0, [15831.0, 191813655, 6138012243, 5340891, 6137123727, 23973306]] [1291928188.0, [1353.0, 891830, 28517760, 42142, 25506688, 101907]]
Arch_Param: [32, 4096, 1024, 16, 1024, 64]
Samsung_cost: [9973785074.0, [6441257.0, 6445089, 412206072, 3236897, 51465400, 403041]] [15494097486, [9891951, 9891951, 633078564, 4912239, 85328676, 668271]] [1292564560, [834580, 834580, 53412640, 417300, 6677280, 52170]] [21084116000, [13613608, 13613608, 871270432, 6806824, 108910624, 850868]] [1529919996, [987846, 987846, 63221808, 493926, 7902768, 61746]] [1188204238926, [767192703, 767192703, 49100323923, 383602047, 6138057555, 47954907]] [36829307014, [23779387, 23779387, 1521880768, 11924539, 190238400, 1490579]]
Model_cost: [8626180342.0, [15838.0, 5615457, 359126200, 1456929, 49400505, 195874]] [3906012510.0, [117711.0, 1333359, 85328676, 86895, 77870628, 304299]] [301308700, [105, 104020, 6247200, 13140, 6247200, 26250]] [5038644156, [39856, 1680616, 106002464, 38704, 103509152, 416025]] [567241332, [2826, 273670, 17356848, 26438, 7767792, 30384]] [295772533818.0, [15831.0, 95907291, 6138012243, 5340891, 6137123727, 23973306]] [1290205566.0, [1353.0, 446715, 28517760, 44771, 25506688, 101907]]
Arch_Param: [32, 4096, 1024, 16, 1024, 128]
Samsung_cost: [9914001394.0, [6441257.0, 6445089, 412206072, 519457, 51465400, 403041]] [15399885390, [9891951, 9891951, 633078564, 629871, 85328676, 668271]] [1285693520, [834580, 834580, 53412640, 104980, 6677280, 52170]] [20941171616, [13613608, 13613608, 871270432, 309352, 108910624, 850868]] [1519709180, [987846, 987846, 63221808, 29798, 7902768, 61746]] [1180704847950, [767192703, 767192703, 49100323923, 42720639, 6138057555, 47954907]] [36604811270, [23779387, 23779387, 1521880768, 1720187, 190238400, 1490579]]
Model_cost: [8605079094.0, [15838.0, 5615457, 359126200, 498433, 49400505, 195362]] [3906012510.0, [117711.0, 1333359, 85328676, 86895, 77870628, 304299]] [301308700, [105, 104020, 6247200, 13140, 6247200, 26250]] [5038644156, [39856, 1680616, 106002464, 38704, 103509152, 416025]] [567173748, [2826, 273670, 17356848, 23366, 7767792, 30384]] [295772533818.0, [15831.0, 95907291, 6138012243, 5340891, 6137123727, 23973306]] [1290146430.0, [1353.0, 446715, 28517760, 42083, 25506688, 101907]]
Arch_Param: [32, 4096, 1024, 16, 1024, 256]
Samsung_cost: [9914001394.0, [6441257.0, 6445089, 412206072, 519457, 51465400, 403041]] [15399885390, [9891951, 9891951, 633078564, 629871, 85328676, 668271]] [1285693520, [834580, 834580, 53412640, 104980, 6677280, 52170]] [20941171616, [13613608, 13613608, 871270432, 309352, 108910624, 850868]] [1519709180, [987846, 987846, 63221808, 29798, 7902768, 61746]] [1180704847950, [767192703, 767192703, 49100323923, 42720639, 6138057555, 47954907]] [36604811270, [23779387, 23779387, 1521880768, 1720187, 190238400, 1490579]]
Model_cost: [8605079094.0, [15838.0, 5615457, 359126200, 498433, 49400505, 195362]] [3906012510.0, [117711.0, 1333359, 85328676, 86895, 77870628, 304299]] [301308700, [105, 104020, 6247200, 13140, 6247200, 26250]] [5038644156, [39856, 1680616, 106002464, 38704, 103509152, 416025]] [567173748, [2826, 273670, 17356848, 23366, 7767792, 30384]] [295772533818.0, [15831.0, 95907291, 6138012243, 5340891, 6137123727, 23973306]] [1290146430.0, [1353.0, 446715, 28517760, 42083, 25506688, 101907]]
Arch_Param: [32, 4096, 1024, 16, 1024, 512]
Samsung_cost: [9914001394.0, [6441257.0, 6445089, 412206072, 519457, 51465400, 403041]] [15399885390, [9891951, 9891951, 633078564, 629871, 85328676, 668271]] [1285693520, [834580, 834580, 53412640, 104980, 6677280, 52170]] [20941171616, [13613608, 13613608, 871270432, 309352, 108910624, 850868]] [1519709180, [987846, 987846, 63221808, 29798, 7902768, 61746]] [1180704847950, [767192703, 767192703, 49100323923, 42720639, 6138057555, 47954907]] [36604811270, [23779387, 23779387, 1521880768, 1720187, 190238400, 1490579]]
Model_cost: [8604867894.0, [15838.0, 5615457, 359126200, 488833, 49400505, 195362]] [3906012510.0, [117711.0, 1333359, 85328676, 86895, 77870628, 304299]] [301308700, [105, 104020, 6247200, 13140, 6247200, 26250]] [5038644156, [39856, 1680616, 106002464, 38704, 103509152, 416025]] [566873184, [2826, 272998, 17356848, 9830, 7767792, 30381]] [295772533818.0, [15831.0, 95907291, 6138012243, 5340891, 6137123727, 23973306]] [1290146430.0, [1353.0, 446715, 28517760, 42083, 25506688, 101907]]
Arch_Param: [32, 4096, 1024, 32, 256, 64]
Samsung_cost: [9801706802.0, [6277929.0, 25112129, 401768440, 3146817, 50351288, 394337]] [15612799566, [9891951, 39567471, 633078564, 4912239, 85328676, 668271]] [1302580060, [834580, 3338290, 53412640, 417330, 6677280, 52170]] [21247481156, [13613608, 54454402, 871270432, 6806914, 108910624, 850868]] [1525242612, [977254, 3908998, 62543920, 488630, 7818032, 61084]] [1197410549454, [767192703, 3068770335, 49100323923, 383602047, 6138057555, 47954907]] [37063520896, [23746619, 94986476, 1519783616, 11908332, 189976256, 1488531]]
Model_cost: [5531409078.0, [8894.0, 12767937, 204263608, 278721, 49400505, 195362]] [3922011486.0, [117711.0, 5333103, 85328676, 86895, 77870628, 304299]] [302455080, [105, 390450, 6247200, 13170, 6247200, 26250]] [5058465248, [39856, 6635394, 106002464, 38794, 103509152, 416025]] [394524852, [1418, 542918, 8686640, 9638, 7768304, 30576]] [296923410186.0, [15831.0, 383626383, 6138012243, 5340891, 6137123727, 23973306]] [1251529800.0, [1077.0, 1647980, 26356864, 33172, 25506688, 101907]]
Arch_Param: [32, 4096, 1024, 32, 256, 128]
Samsung_cost: [9743094578.0, [6277929.0, 25112129, 401768440, 482625, 50351288, 394337]] [15518587470, [9891951, 39567471, 633078564, 629871, 85328676, 668271]] [1295709020, [834580, 3338290, 53412640, 105010, 6677280, 52170]] [21104536772, [13613608, 54454402, 871270432, 309442, 108910624, 850868]] [1515124724, [977254, 3908998, 62543920, 28726, 7818032, 61084]] [1189911158478, [767192703, 3068770335, 49100323923, 42720639, 6138057555, 47954907]] [36839205376, [23746619, 94986476, 1519783616, 1712172, 189976256, 1488531]]
Model_cost: [5531409078.0, [8894.0, 12767937, 204263608, 278721, 49400505, 195362]] [3922011486.0, [117711.0, 5333103, 85328676, 86895, 77870628, 304299]] [302455080, [105, 390450, 6247200, 13170, 6247200, 26250]] [5058465248, [39856, 6635394, 106002464, 38794, 103509152, 416025]] [394524852, [1418, 542918, 8686640, 9638, 7768304, 30576]] [296923410186.0, [15831.0, 383626383, 6138012243, 5340891, 6137123727, 23973306]] [1251529800.0, [1077.0, 1647980, 26356864, 33172, 25506688, 101907]]
Arch_Param: [32, 4096, 1024, 32, 256, 256]
Samsung_cost: [9743094578.0, [6277929.0, 25112129, 401768440, 482625, 50351288, 394337]] [15518587470, [9891951, 39567471, 633078564, 629871, 85328676, 668271]] [1295709020, [834580, 3338290, 53412640, 105010, 6677280, 52170]] [21104536772, [13613608, 54454402, 871270432, 309442, 108910624, 850868]] [1515124724, [977254, 3908998, 62543920, 28726, 7818032, 61084]] [1189911158478, [767192703, 3068770335, 49100323923, 42720639, 6138057555, 47954907]] [36839205376, [23746619, 94986476, 1519783616, 1712172, 189976256, 1488531]]
Model_cost: [5531299254.0, [8894.0, 12767937, 204263608, 273729, 49400505, 195362]] [3922011486.0, [117711.0, 5333103, 85328676, 86895, 77870628, 304299]] [302455080, [105, 390450, 6247200, 13170, 6247200, 26250]] [5058465248, [39856, 6635394, 106002464, 38794, 103509152, 416025]] [394237320, [1416, 542918, 8678448, 4918, 7767792, 30381]] [296923410186.0, [15831.0, 383626383, 6138012243, 5340891, 6137123727, 23973306]] [1251529800.0, [1077.0, 1647980, 26356864, 33172, 25506688, 101907]]
Arch_Param: [32, 4096, 1024, 32, 512, 64]
Samsung_cost: [9751482944.0, [6277929.0, 12556324, 401768440, 3146788, 50351288, 394337]] [15533664846, [9891951, 19783791, 633078564, 4912239, 85328676, 668271]] [1295903060, [834580, 1669150, 53412640, 417310, 6677280, 52170]] [21138571052, [13613608, 27227206, 871270432, 6806854, 108910624, 850868]] [1517424628, [977254, 1954502, 62543920, 488630, 7818032, 61084]] [1191273009102, [767192703, 1534385247, 49100323923, 383602047, 6138057555, 47954907]] [36873545348, [23746619, 47493238, 1519783616, 11908214, 189976256, 1488531]]
Model_cost: [5505873604.0, [8894.0, 6384228, 204263608, 278692, 49400505, 195362]] [3911345502.0, [117711.0, 2666607, 85328676, 86895, 77870628, 304299]] [301673760, [105, 195230, 6247200, 13150, 6247200, 26250]] [5045234120, [39856, 3327942, 106002464, 38734, 103509152, 416025]] [393437692, [1416, 271974, 8678448, 17830, 7767792, 30384]] [296156159274.0, [15831.0, 191813655, 6138012243, 5340891, 6137123727, 23973306]] [1248231244.0, [1077.0, 823990, 26356864, 33054, 25506688, 101907]]
Arch_Param: [32, 4096, 1024, 32, 512, 128]
Samsung_cost: [9692870720.0, [6277929.0, 12556324, 401768440, 482596, 50351288, 394337]] [15439452750, [9891951, 19783791, 633078564, 629871, 85328676, 668271]] [1289032020, [834580, 1669150, 53412640, 104990, 6677280, 52170]] [20995626668, [13613608, 27227206, 871270432, 309382, 108910624, 850868]] [1507306740, [977254, 1954502, 62543920, 28726, 7818032, 61084]] [1183773618126, [767192703, 1534385247, 49100323923, 42720639, 6138057555, 47954907]] [36649229828, [23746619, 47493238, 1519783616, 1712054, 189976256, 1488531]]
Model_cost: [5505873604.0, [8894.0, 6384228, 204263608, 278692, 49400505, 195362]] [3911345502.0, [117711.0, 2666607, 85328676, 86895, 77870628, 304299]] [301673760, [105, 195230, 6247200, 13150, 6247200, 26250]] [5045234120, [39856, 3327942, 106002464, 38734, 103509152, 416025]] [393437692, [1416, 271974, 8678448, 17830, 7767792, 30384]] [296156159274.0, [15831.0, 191813655, 6138012243, 5340891, 6137123727, 23973306]] [1248231244.0, [1077.0, 823990, 26356864, 33054, 25506688, 101907]]
Arch_Param: [32, 4096, 1024, 32, 512, 256]
Samsung_cost: [9692870720.0, [6277929.0, 12556324, 401768440, 482596, 50351288, 394337]] [15439452750, [9891951, 19783791, 633078564, 629871, 85328676, 668271]] [1289032020, [834580, 1669150, 53412640, 104990, 6677280, 52170]] [20995626668, [13613608, 27227206, 871270432, 309382, 108910624, 850868]] [1507306740, [977254, 1954502, 62543920, 28726, 7818032, 61084]] [1183773618126, [767192703, 1534385247, 49100323923, 42720639, 6138057555, 47954907]] [36649229828, [23746619, 47493238, 1519783616, 1712054, 189976256, 1488531]]
Model_cost: [5505763780.0, [8894.0, 6384228, 204263608, 273700, 49400505, 195362]] [3911345502.0, [117711.0, 2666607, 85328676, 86895, 77870628, 304299]] [301673760, [105, 195230, 6247200, 13150, 6247200, 26250]] [5045234120, [39856, 3327942, 106002464, 38734, 103509152, 416025]] [393153544, [1416, 271974, 8678448, 4918, 7767792, 30381]] [296156159274.0, [15831.0, 191813655, 6138012243, 5340891, 6137123727, 23973306]] [1248231244.0, [1077.0, 823990, 26356864, 33054, 25506688, 101907]]
Arch_Param: [32, 4096, 1024, 32, 512, 512]
Samsung_cost: [9692870720.0, [6277929.0, 12556324, 401768440, 482596, 50351288, 394337]] [15439452750, [9891951, 19783791, 633078564, 629871, 85328676, 668271]] [1289032020, [834580, 1669150, 53412640, 104990, 6677280, 52170]] [20995626668, [13613608, 27227206, 871270432, 309382, 108910624, 850868]] [1507306740, [977254, 1954502, 62543920, 28726, 7818032, 61084]] [1183773618126, [767192703, 1534385247, 49100323923, 42720639, 6138057555, 47954907]] [36649229828, [23746619, 47493238, 1519783616, 1712054, 189976256, 1488531]]
Model_cost: [5505763780.0, [8894.0, 6384228, 204263608, 273700, 49400505, 195362]] [3911345502.0, [117711.0, 2666607, 85328676, 86895, 77870628, 304299]] [301673760, [105, 195230, 6247200, 13150, 6247200, 26250]] [5045234120, [39856, 3327942, 106002464, 38734, 103509152, 416025]] [393153544, [1416, 271974, 8678448, 4918, 7767792, 30381]] [296156159274.0, [15831.0, 191813655, 6138012243, 5340891, 6137123727, 23973306]] [1248231244.0, [1077.0, 823990, 26356864, 33054, 25506688, 101907]]
Arch_Param: [32, 4096, 1024, 32, 1024, 64]
Samsung_cost: [9726378482.0, [6277929.0, 6280225, 401768440, 3146785, 50351288, 394337]] [15494097486, [9891951, 9891951, 633078564, 4912239, 85328676, 668271]] [1292564560, [834580, 834580, 53412640, 417300, 6677280, 52170]] [21084116000, [13613608, 13613608, 871270432, 6806824, 108910624, 850868]] [1513515636, [977254, 977254, 62543920, 488630, 7818032, 61084]] [1188204238926, [767192703, 767192703, 49100323923, 383602047, 6138057555, 47954907]] [36778557574, [23746619, 23746619, 1519783616, 11908155, 189976256, 1488531]]
Model_cost: [5493112438.0, [8894.0, 3193953, 204263608, 278689, 49400505, 195362]] [3906012510.0, [117711.0, 1333359, 85328676, 86895, 77870628, 304299]] [301308700, [105, 104020, 6247200, 13140, 6247200, 26250]] [5038644156, [39856, 1680616, 106002464, 38704, 103509152, 416025]] [392761980, [1416, 136838, 8678448, 11686, 7767792, 30384]] [295772533818.0, [15831.0, 95907291, 6138012243, 5340891, 6137123727, 23973306]] [1246583630.0, [1077.0, 412411, 26356864, 32995, 25506688, 101907]]
Arch_Param: [32, 4096, 1024, 32, 1024, 128]
Samsung_cost: [9667766258.0, [6277929.0, 6280225, 401768440, 482593, 50351288, 394337]] [15399885390, [9891951, 9891951, 633078564, 629871, 85328676, 668271]] [1285693520, [834580, 834580, 53412640, 104980, 6677280, 52170]] [20941171616, [13613608, 13613608, 871270432, 309352, 108910624, 850868]] [1503397748, [977254, 977254, 62543920, 28726, 7818032, 61084]] [1180704847950, [767192703, 767192703, 49100323923, 42720639, 6138057555, 47954907]] [36554242054, [23746619, 23746619, 1519783616, 1711995, 189976256, 1488531]]
Model_cost: [5493112438.0, [8894.0, 3193953, 204263608, 278689, 49400505, 195362]] [3906012510.0, [117711.0, 1333359, 85328676, 86895, 77870628, 304299]] [301308700, [105, 104020, 6247200, 13140, 6247200, 26250]] [5038644156, [39856, 1680616, 106002464, 38704, 103509152, 416025]] [392761980, [1416, 136838, 8678448, 11686, 7767792, 30384]] [295772533818.0, [15831.0, 95907291, 6138012243, 5340891, 6137123727, 23973306]] [1246583630.0, [1077.0, 412411, 26356864, 32995, 25506688, 101907]]
Arch_Param: [32, 4096, 1024, 32, 1024, 256]
Samsung_cost: [9667766258.0, [6277929.0, 6280225, 401768440, 482593, 50351288, 394337]] [15399885390, [9891951, 9891951, 633078564, 629871, 85328676, 668271]] [1285693520, [834580, 834580, 53412640, 104980, 6677280, 52170]] [20941171616, [13613608, 13613608, 871270432, 309352, 108910624, 850868]] [1503397748, [977254, 977254, 62543920, 28726, 7818032, 61084]] [1180704847950, [767192703, 767192703, 49100323923, 42720639, 6138057555, 47954907]] [36554242054, [23746619, 23746619, 1519783616, 1711995, 189976256, 1488531]]
Model_cost: [5493002614.0, [8894.0, 3193953, 204263608, 273697, 49400505, 195362]] [3906012510.0, [117711.0, 1333359, 85328676, 86895, 77870628, 304299]] [301308700, [105, 104020, 6247200, 13140, 6247200, 26250]] [5038644156, [39856, 1680616, 106002464, 38704, 103509152, 416025]] [392611656, [1416, 136502, 8678448, 4918, 7767792, 30381]] [295772533818.0, [15831.0, 95907291, 6138012243, 5340891, 6137123727, 23973306]] [1246583630.0, [1077.0, 412411, 26356864, 32995, 25506688, 101907]]
Arch_Param: [32, 4096, 1024, 32, 1024, 512]
Samsung_cost: [9667766258.0, [6277929.0, 6280225, 401768440, 482593, 50351288, 394337]] [15399885390, [9891951, 9891951, 633078564, 629871, 85328676, 668271]] [1285693520, [834580, 834580, 53412640, 104980, 6677280, 52170]] [20941171616, [13613608, 13613608, 871270432, 309352, 108910624, 850868]] [1503397748, [977254, 977254, 62543920, 28726, 7818032, 61084]] [1180704847950, [767192703, 767192703, 49100323923, 42720639, 6138057555, 47954907]] [36554242054, [23746619, 23746619, 1519783616, 1711995, 189976256, 1488531]]
Model_cost: [5493002614.0, [8894.0, 3193953, 204263608, 273697, 49400505, 195362]] [3906012510.0, [117711.0, 1333359, 85328676, 86895, 77870628, 304299]] [301308700, [105, 104020, 6247200, 13140, 6247200, 26250]] [5038644156, [39856, 1680616, 106002464, 38704, 103509152, 416025]] [392611656, [1416, 136502, 8678448, 4918, 7767792, 30381]] [295772533818.0, [15831.0, 95907291, 6138012243, 5340891, 6137123727, 23973306]] [1246583630.0, [1077.0, 412411, 26356864, 32995, 25506688, 101907]]
