[[0, 0, 0, 0, 0, 0, 0, 0, 0, 0, 0], [0, 0, 0, 0, 0, 0, 0, 0, 0, 0, 0], [0, 0, 0, 0, 0, 0, 0, 0, 0, 0, 0], [0, 0, 0, 0, 0, 0, 0, 0, 0, 0, 0]]
Arch_Param: [64, 1024, 32768, 4, 256, 64]
Samsung_cost: [45414868248.77778, [400883.02777777775, 51312164, 820922876, 6444068, 817875644, 204916065]] [35391654414.0, [309231.0, 39567471, 633078168, 4912239, 631701912, 170265711]] [2960935100.0, [26090.0, 3338270, 53412240, 417310, 53412240, 13352970]] [48299290428.0, [425444.0, 54454342, 871269392, 6806854, 871269392, 217817108]] [3638021052.0, [32050.0, 4101638, 65626136, 512710, 65626136, 16406534]] [2721894254994.0, [23974926.0, 3068770335, 49100323449, 383602047, 49099264377, 12275812827]] [85161507360.0, [752720.0, 96346230, 1541539680, 12113014, 1533183840, 383164959]]
Model_cost: [15181410150.676666, [961.5241666666667, 41814564, 668963196, 10456676, 49399997, 771938]] [3944353362.0, [3786.0, 5333103, 85328280, 86895, 77870232, 1216827]] [304610054.375, [12.65625, 390430, 6246800, 13150, 6246800, 104010]] [5091650546.75, [1270.8125, 6635334, 106001424, 38734, 103508112, 1641638]] [927335516.0, [183.0, 2171654, 34713624, 157894, 7767768, 121433]] [298936705133.4001, [629.5500000000001, 383626383, 6138011769, 5340891, 6137123253, 95892711]] [1392875883.5, [74.125, 2054902, 32837664, 118494, 25504800, 398559]]
Arch_Param: [64, 1024, 32768, 4, 256, 128]
Samsung_cost: [45295616280.77778, [400883.02777777775, 51312164, 820922876, 1023524, 817875644, 204916065]] [35297442318.0, [309231.0, 39567471, 633078168, 629871, 631701912, 170265711]] [2954064060.0, [26090.0, 3338270, 53412240, 104990, 53412240, 13352970]] [48156346044.0, [425444.0, 54454342, 871269392, 309382, 871269392, 217817108]] [3627466684.0, [32050.0, 4101638, 65626136, 32966, 65626136, 16406534]] [2714394864018.0, [23974926.0, 3068770335, 49100323449, 42720639, 49099264377, 12275812827]] [84935299488.0, [752720.0, 96346230, 1541539680, 1830838, 1533183840, 383164959]]
Model_cost: [15181410150.676666, [961.5241666666667, 41814564, 668963196, 10456676, 49399997, 771938]] [3944353362.0, [3786.0, 5333103, 85328280, 86895, 77870232, 1216827]] [304610054.375, [12.65625, 390430, 6246800, 13150, 6246800, 104010]] [5091650546.75, [1270.8125, 6635334, 106001424, 38734, 103508112, 1641638]] [927335516.0, [183.0, 2171654, 34713624, 157894, 7767768, 121433]] [298936705133.4001, [629.5500000000001, 383626383, 6138011769, 5340891, 6137123253, 95892711]] [1392875883.5, [74.125, 2054902, 32837664, 118494, 25504800, 398559]]
Arch_Param: [64, 1024, 32768, 4, 256, 256]
Samsung_cost: [45295616280.77778, [400883.02777777775, 51312164, 820922876, 1023524, 817875644, 204916065]] [35297442318.0, [309231.0, 39567471, 633078168, 629871, 631701912, 170265711]] [2954064060.0, [26090.0, 3338270, 53412240, 104990, 53412240, 13352970]] [48156346044.0, [425444.0, 54454342, 871269392, 309382, 871269392, 217817108]] [3627466684.0, [32050.0, 4101638, 65626136, 32966, 65626136, 16406534]] [2714394864018.0, [23974926.0, 3068770335, 49100323449, 42720639, 49099264377, 12275812827]] [84935299488.0, [752720.0, 96346230, 1541539680, 1830838, 1533183840, 383164959]]
Model_cost: [14979343142.676666, [961.5241666666667, 41814564, 668963196, 1271812, 49399997, 771938]] [3944353362.0, [3786.0, 5333103, 85328280, 86895, 77870232, 1216827]] [304610054.375, [12.65625, 390430, 6246800, 13150, 6246800, 104010]] [5091650546.75, [1270.8125, 6635334, 106001424, 38734, 103508112, 1641638]] [926642096.0, [186.0, 2171654, 34713624, 28870, 7843032, 122777]] [298936705133.4001, [629.5500000000001, 383626383, 6138011769, 5340891, 6137123253, 95892711]] [1392216939.5, [74.125, 2054902, 32837664, 88542, 25504800, 398559]]
Arch_Param: [64, 1024, 32768, 4, 512, 64]
Samsung_cost: [45312244938.77778, [400883.02777777775, 25656353, 820922876, 6444065, 817875644, 204916065]] [35312519694.0, [309231.0, 19783791, 633078168, 4912239, 631701912, 170265711]] [2954258360.0, [26090.0, 1669140, 53412240, 417300, 53412240, 13352970]] [48190381104.0, [425444.0, 27227176, 871269392, 6806824, 871269392, 217817108]] [3629817788.0, [32050.0, 2050822, 65626136, 512710, 65626136, 16406534]] [2715756714642.0, [23974926.0, 1534385247, 49100323449, 383602047, 49099264377, 12275812827]] [84968813602.0, [752720.0, 48173115, 1541539680, 12112955, 1533183840, 383164959]]
Model_cost: [15097782040.676666, [961.5241666666667, 20907553, 668963196, 10456673, 49399997, 771938]] [3933687378.0, [3786.0, 2666607, 85328280, 86895, 77870232, 1216827]] [303828994.375, [12.65625, 195220, 6246800, 13140, 6246800, 104010]] [5078420198.75, [1270.8125, 3327912, 106001424, 38704, 103508112, 1641638]] [921919068.0, [183.0, 1087878, 34713624, 108742, 7767768, 121433]] [298169454221.4001, [629.5500000000001, 191813655, 6138011769, 5340891, 6137123253, 95892711]] [1388419821.5, [74.125, 1027451, 32837664, 102755, 25504800, 398559]]
Arch_Param: [64, 1024, 32768, 4, 512, 128]
Samsung_cost: [45192992970.77778, [400883.02777777775, 25656353, 820922876, 1023521, 817875644, 204916065]] [35218307598.0, [309231.0, 19783791, 633078168, 629871, 631701912, 170265711]] [2947387320.0, [26090.0, 1669140, 53412240, 104980, 53412240, 13352970]] [48047436720.0, [425444.0, 27227176, 871269392, 309352, 871269392, 217817108]] [3619263420.0, [32050.0, 2050822, 65626136, 32966, 65626136, 16406534]] [2708257323666.0, [23974926.0, 1534385247, 49100323449, 42720639, 49099264377, 12275812827]] [84742605730.0, [752720.0, 48173115, 1541539680, 1830779, 1533183840, 383164959]]
Model_cost: [15097782040.676666, [961.5241666666667, 20907553, 668963196, 10456673, 49399997, 771938]] [3933687378.0, [3786.0, 2666607, 85328280, 86895, 77870232, 1216827]] [303828994.375, [12.65625, 195220, 6246800, 13140, 6246800, 104010]] [5078420198.75, [1270.8125, 3327912, 106001424, 38704, 103508112, 1641638]] [921919068.0, [183.0, 1087878, 34713624, 108742, 7767768, 121433]] [298169454221.4001, [629.5500000000001, 191813655, 6138011769, 5340891, 6137123253, 95892711]] [1388419821.5, [74.125, 1027451, 32837664, 102755, 25504800, 398559]]
Arch_Param: [64, 1024, 32768, 4, 512, 256]
Samsung_cost: [45192992970.77778, [400883.02777777775, 25656353, 820922876, 1023521, 817875644, 204916065]] [35218307598.0, [309231.0, 19783791, 633078168, 629871, 631701912, 170265711]] [2947387320.0, [26090.0, 1669140, 53412240, 104980, 53412240, 13352970]] [48047436720.0, [425444.0, 27227176, 871269392, 309352, 871269392, 217817108]] [3619263420.0, [32050.0, 2050822, 65626136, 32966, 65626136, 16406534]] [2708257323666.0, [23974926.0, 1534385247, 49100323449, 42720639, 49099264377, 12275812827]] [84742605730.0, [752720.0, 48173115, 1541539680, 1830779, 1533183840, 383164959]]
Model_cost: [14895715032.676666, [961.5241666666667, 20907553, 668963196, 1271809, 49399997, 771938]] [3933687378.0, [3786.0, 2666607, 85328280, 86895, 77870232, 1216827]] [303828994.375, [12.65625, 195220, 6246800, 13140, 6246800, 104010]] [5078420198.75, [1270.8125, 3327912, 106001424, 38704, 103508112, 1641638]] [921243228.0, [183.0, 1087878, 34713624, 78022, 7767768, 121433]] [298169454221.4001, [629.5500000000001, 191813655, 6138011769, 5340891, 6137123253, 95892711]] [1387760877.5, [74.125, 1027451, 32837664, 72803, 25504800, 398559]]
Arch_Param: [64, 1024, 32768, 4, 512, 512]
Samsung_cost: [45192992970.77778, [400883.02777777775, 25656353, 820922876, 1023521, 817875644, 204916065]] [35218307598.0, [309231.0, 19783791, 633078168, 629871, 631701912, 170265711]] [2947387320.0, [26090.0, 1669140, 53412240, 104980, 53412240, 13352970]] [48047436720.0, [425444.0, 27227176, 871269392, 309352, 871269392, 217817108]] [3619263420.0, [32050.0, 2050822, 65626136, 32966, 65626136, 16406534]] [2708257323666.0, [23974926.0, 1534385247, 49100323449, 42720639, 49099264377, 12275812827]] [84742605730.0, [752720.0, 48173115, 1541539680, 1830779, 1533183840, 383164959]]
Model_cost: [14895715032.676666, [961.5241666666667, 20907553, 668963196, 1271809, 49399997, 771938]] [3933687378.0, [3786.0, 2666607, 85328280, 86895, 77870232, 1216827]] [303828994.375, [12.65625, 195220, 6246800, 13140, 6246800, 104010]] [5078420198.75, [1270.8125, 3327912, 106001424, 38704, 103508112, 1641638]] [920876920.0, [184.0, 1087878, 34713624, 28870, 7792856, 121881]] [298169454221.4001, [629.5500000000001, 191813655, 6138011769, 5340891, 6137123253, 95892711]] [1387760877.5, [74.125, 1027451, 32837664, 72803, 25504800, 398559]]
Arch_Param: [64, 1024, 32768, 4, 1024, 64]
Samsung_cost: [45260958922.77778, [400883.02777777775, 12834849, 820922876, 6444065, 817875644, 204916065]] [35272952334.0, [309231.0, 9891951, 633078168, 4912239, 631701912, 170265711]] [2950919860.0, [26090.0, 834570, 53412240, 417290, 53412240, 13352970]] [48135926312.0, [425444.0, 13613588, 871269392, 6806804, 871269392, 217817108]] [3625716156.0, [32050.0, 1025414, 65626136, 512710, 65626136, 16406534]] [2712687944466.0, [23974926.0, 767192703, 49100323449, 383602047, 49099264377, 12275812827]] [84872466762.0, [752720.0, 24086559, 1541539680, 12112927, 1533183840, 383164959]]
Model_cost: [15055992856.676666, [961.5241666666667, 10460257, 668963196, 10456673, 49399997, 771938]] [3928354386.0, [3786.0, 1333359, 85328280, 86895, 77870232, 1216827]] [303463934.375, [12.65625, 104010, 6246800, 13130, 6246800, 104010]] [5071830494.75, [1270.8125, 1680596, 106001424, 38684, 103508112, 1641638]] [919210844.0, [183.0, 545990, 34713624, 84166, 7767768, 121433]] [297785828765.4001, [629.5500000000001, 95907291, 6138011769, 5340891, 6137123253, 95892711]] [1386232597.5, [74.125, 515295, 32837664, 96455, 25504800, 398559]]
Arch_Param: [64, 1024, 32768, 4, 1024, 128]
Samsung_cost: [45141706954.77778, [400883.02777777775, 12834849, 820922876, 1023521, 817875644, 204916065]] [35178740238.0, [309231.0, 9891951, 633078168, 629871, 631701912, 170265711]] [2944048820.0, [26090.0, 834570, 53412240, 104970, 53412240, 13352970]] [47992981928.0, [425444.0, 13613588, 871269392, 309332, 871269392, 217817108]] [3615161788.0, [32050.0, 1025414, 65626136, 32966, 65626136, 16406534]] [2705188553490.0, [23974926.0, 767192703, 49100323449, 42720639, 49099264377, 12275812827]] [84646258890.0, [752720.0, 24086559, 1541539680, 1830751, 1533183840, 383164959]]
Model_cost: [15055992856.676666, [961.5241666666667, 10460257, 668963196, 10456673, 49399997, 771938]] [3928354386.0, [3786.0, 1333359, 85328280, 86895, 77870232, 1216827]] [303463934.375, [12.65625, 104010, 6246800, 13130, 6246800, 104010]] [5071830494.75, [1270.8125, 1680596, 106001424, 38684, 103508112, 1641638]] [919210844.0, [183.0, 545990, 34713624, 84166, 7767768, 121433]] [297785828765.4001, [629.5500000000001, 95907291, 6138011769, 5340891, 6137123253, 95892711]] [1386232597.5, [74.125, 515295, 32837664, 96455, 25504800, 398559]]
Arch_Param: [64, 1024, 32768, 4, 1024, 256]
Samsung_cost: [45141706954.77778, [400883.02777777775, 12834849, 820922876, 1023521, 817875644, 204916065]] [35178740238.0, [309231.0, 9891951, 633078168, 629871, 631701912, 170265711]] [2944048820.0, [26090.0, 834570, 53412240, 104970, 53412240, 13352970]] [47992981928.0, [425444.0, 13613588, 871269392, 309332, 871269392, 217817108]] [3615161788.0, [32050.0, 1025414, 65626136, 32966, 65626136, 16406534]] [2705188553490.0, [23974926.0, 767192703, 49100323449, 42720639, 49099264377, 12275812827]] [84646258890.0, [752720.0, 24086559, 1541539680, 1830751, 1533183840, 383164959]]
Model_cost: [14853925848.676666, [961.5241666666667, 10460257, 668963196, 1271809, 49399997, 771938]] [3928354386.0, [3786.0, 1333359, 85328280, 86895, 77870232, 1216827]] [303463934.375, [12.65625, 104010, 6246800, 13130, 6246800, 104010]] [5071830494.75, [1270.8125, 1680596, 106001424, 38684, 103508112, 1641638]] [918535004.0, [183.0, 545990, 34713624, 53446, 7767768, 121433]] [297785828765.4001, [629.5500000000001, 95907291, 6138011769, 5340891, 6137123253, 95892711]] [1385573653.5, [74.125, 515295, 32837664, 66503, 25504800, 398559]]
Arch_Param: [64, 1024, 32768, 4, 1024, 512]
Samsung_cost: [45141706954.77778, [400883.02777777775, 12834849, 820922876, 1023521, 817875644, 204916065]] [35178740238.0, [309231.0, 9891951, 633078168, 629871, 631701912, 170265711]] [2944048820.0, [26090.0, 834570, 53412240, 104970, 53412240, 13352970]] [47992981928.0, [425444.0, 13613588, 871269392, 309332, 871269392, 217817108]] [3615161788.0, [32050.0, 1025414, 65626136, 32966, 65626136, 16406534]] [2705188553490.0, [23974926.0, 767192703, 49100323449, 42720639, 49099264377, 12275812827]] [84646258890.0, [752720.0, 24086559, 1541539680, 1830751, 1533183840, 383164959]]
Model_cost: [14853925848.676666, [961.5241666666667, 10460257, 668963196, 1271809, 49399997, 771938]] [3928354386.0, [3786.0, 1333359, 85328280, 86895, 77870232, 1216827]] [303463934.375, [12.65625, 104010, 6246800, 13130, 6246800, 104010]] [5071830494.75, [1270.8125, 1680596, 106001424, 38684, 103508112, 1641638]] [918535004.0, [183.0, 545990, 34713624, 53446, 7767768, 121433]] [297785828765.4001, [629.5500000000001, 95907291, 6138011769, 5340891, 6137123253, 95892711]] [1385573653.5, [74.125, 515295, 32837664, 66503, 25504800, 398559]]
Arch_Param: [64, 1024, 32768, 8, 256, 64]
Samsung_cost: [22804177091.444443, [201309.69444444444, 25765412, 412205564, 3236900, 410503868, 103073121]] [35391654414.0, [309231.0, 39567471, 633078168, 4912239, 631701912, 170265711]] [2960935100.0, [26090.0, 3338270, 53412240, 417310, 53412240, 13352970]] [48299290428.0, [425444.0, 54454342, 871269392, 6806854, 871269392, 217817108]] [3504734484.0, [30876.0, 3951366, 63221784, 493926, 63221784, 15805446]] [2721894254994.0, [23974926.0, 3068770335, 49100323449, 383602047, 49099264377, 12275812827]] [84226809888.0, [743120.0, 95117430, 1521878880, 11924598, 1517979488, 379363871]]
Model_cost: [8800595165.713333, [526.9183333333333, 22447780, 359125692, 5611876, 49399997, 771938]] [3944353362.0, [3786.0, 5333103, 85328280, 86895, 77870232, 1216827]] [304610054.375, [12.65625, 390430, 6246800, 13150, 6246800, 104010]] [5091650546.75, [1270.8125, 6635334, 106001424, 38734, 103508112, 1641638]] [574116988.0, [95.0, 1085830, 17356824, 78950, 7767768, 121433]] [298936705133.4001, [629.5500000000001, 383626383, 6138011769, 5340891, 6137123253, 95892711]] [1304345985.5, [56.625, 1783542, 28515872, 72670, 25504800, 398559]]
Arch_Param: [64, 1024, 32768, 8, 256, 128]
Samsung_cost: [22744393411.444443, [201309.69444444444, 25765412, 412205564, 519460, 410503868, 103073121]] [35297442318.0, [309231.0, 39567471, 633078168, 629871, 631701912, 170265711]] [2954064060.0, [26090.0, 3338270, 53412240, 104990, 53412240, 13352970]] [48156346044.0, [425444.0, 54454342, 871269392, 309382, 871269392, 217817108]] [3494523668.0, [30876.0, 3951366, 63221784, 29798, 63221784, 15805446]] [2714394864018.0, [23974926.0, 3068770335, 49100323449, 42720639, 49099264377, 12275812827]] [84002314144.0, [743120.0, 95117430, 1521878880, 1720246, 1517979488, 379363871]]
Model_cost: [8691789853.713333, [526.9183333333333, 22447780, 359125692, 666180, 49399997, 771938]] [3944353362.0, [3786.0, 5333103, 85328280, 86895, 77870232, 1216827]] [304610054.375, [12.65625, 390430, 6246800, 13150, 6246800, 104010]] [5091650546.75, [1270.8125, 6635334, 106001424, 38734, 103508112, 1641638]] [573779068.0, [95.0, 1085830, 17356824, 63590, 7767768, 121433]] [298936705133.4001, [629.5500000000001, 383626383, 6138011769, 5340891, 6137123253, 95892711]] [1303991169.5, [56.625, 1783542, 28515872, 56542, 25504800, 398559]]
Arch_Param: [64, 1024, 32768, 8, 256, 256]
Samsung_cost: [22744393411.444443, [201309.69444444444, 25765412, 412205564, 519460, 410503868, 103073121]] [35297442318.0, [309231.0, 39567471, 633078168, 629871, 631701912, 170265711]] [2954064060.0, [26090.0, 3338270, 53412240, 104990, 53412240, 13352970]] [48156346044.0, [425444.0, 54454342, 871269392, 309382, 871269392, 217817108]] [3494523668.0, [30876.0, 3951366, 63221784, 29798, 63221784, 15805446]] [2714394864018.0, [23974926.0, 3068770335, 49100323449, 42720639, 49099264377, 12275812827]] [84002314144.0, [743120.0, 95117430, 1521878880, 1720246, 1517979488, 379363871]]
Model_cost: [8691789853.713333, [526.9183333333333, 22447780, 359125692, 666180, 49399997, 771938]] [3944353362.0, [3786.0, 5333103, 85328280, 86895, 77870232, 1216827]] [304610054.375, [12.65625, 390430, 6246800, 13150, 6246800, 104010]] [5091650546.75, [1270.8125, 6635334, 106001424, 38734, 103508112, 1641638]] [573412760.0, [96.0, 1085830, 17356824, 14438, 7792856, 121881]] [298936705133.4001, [629.5500000000001, 383626383, 6138011769, 5340891, 6137123253, 95892711]] [1303991169.5, [56.625, 1783542, 28515872, 56542, 25504800, 398559]]
Arch_Param: [64, 1024, 32768, 8, 512, 64]
Samsung_cost: [22752647285.444443, [201309.69444444444, 12882977, 412205564, 3236897, 410503868, 103073121]] [35312519694.0, [309231.0, 19783791, 633078168, 4912239, 631701912, 170265711]] [2954258360.0, [26090.0, 1669140, 53412240, 417300, 53412240, 13352970]] [48190381104.0, [425444.0, 27227176, 871269392, 6806824, 871269392, 217817108]] [3496831764.0, [30876.0, 1975686, 63221784, 493926, 63221784, 15805446]] [2715756714642.0, [23974926.0, 1534385247, 49100323449, 383602047, 49099264377, 12275812827]] [84036573730.0, [743120.0, 47558715, 1521878880, 11924539, 1517979488, 379363871]]
Model_cost: [8755700623.713333, [526.9183333333333, 11224161, 359125692, 5611873, 49399997, 771938]] [3933687378.0, [3786.0, 2666607, 85328280, 86895, 77870232, 1216827]] [303828994.375, [12.65625, 195220, 6246800, 13140, 6246800, 104010]] [5078420198.75, [1270.8125, 3327912, 106001424, 38704, 103508112, 1641638]] [571408764.0, [95.0, 543942, 17356824, 54374, 7767768, 121433]] [298169454221.4001, [629.5500000000001, 191813655, 6138011769, 5340891, 6137123253, 95892711]] [1300601603.5, [56.625, 891771, 28515872, 64611, 25504800, 398559]]
Arch_Param: [64, 1024, 32768, 8, 512, 128]
Samsung_cost: [22692863605.444443, [201309.69444444444, 12882977, 412205564, 519457, 410503868, 103073121]] [35218307598.0, [309231.0, 19783791, 633078168, 629871, 631701912, 170265711]] [2947387320.0, [26090.0, 1669140, 53412240, 104980, 53412240, 13352970]] [48047436720.0, [425444.0, 27227176, 871269392, 309352, 871269392, 217817108]] [3486620948.0, [30876.0, 1975686, 63221784, 29798, 63221784, 15805446]] [2708257323666.0, [23974926.0, 1534385247, 49100323449, 42720639, 49099264377, 12275812827]] [83812077986.0, [743120.0, 47558715, 1521878880, 1720187, 1517979488, 379363871]]
Model_cost: [8646895311.713333, [526.9183333333333, 11224161, 359125692, 666177, 49399997, 771938]] [3933687378.0, [3786.0, 2666607, 85328280, 86895, 77870232, 1216827]] [303828994.375, [12.65625, 195220, 6246800, 13140, 6246800, 104010]] [5078420198.75, [1270.8125, 3327912, 106001424, 38704, 103508112, 1641638]] [571070844.0, [95.0, 543942, 17356824, 39014, 7767768, 121433]] [298169454221.4001, [629.5500000000001, 191813655, 6138011769, 5340891, 6137123253, 95892711]] [1300246787.5, [56.625, 891771, 28515872, 48483, 25504800, 398559]]
Arch_Param: [64, 1024, 32768, 8, 512, 256]
Samsung_cost: [22692863605.444443, [201309.69444444444, 12882977, 412205564, 519457, 410503868, 103073121]] [35218307598.0, [309231.0, 19783791, 633078168, 629871, 631701912, 170265711]] [2947387320.0, [26090.0, 1669140, 53412240, 104980, 53412240, 13352970]] [48047436720.0, [425444.0, 27227176, 871269392, 309352, 871269392, 217817108]] [3486620948.0, [30876.0, 1975686, 63221784, 29798, 63221784, 15805446]] [2708257323666.0, [23974926.0, 1534385247, 49100323449, 42720639, 49099264377, 12275812827]] [83812077986.0, [743120.0, 47558715, 1521878880, 1720187, 1517979488, 379363871]]
Model_cost: [8646895311.713333, [526.9183333333333, 11224161, 359125692, 666177, 49399997, 771938]] [3933687378.0, [3786.0, 2666607, 85328280, 86895, 77870232, 1216827]] [303828994.375, [12.65625, 195220, 6246800, 13140, 6246800, 104010]] [5078420198.75, [1270.8125, 3327912, 106001424, 38704, 103508112, 1641638]] [571070844.0, [95.0, 543942, 17356824, 39014, 7767768, 121433]] [298169454221.4001, [629.5500000000001, 191813655, 6138011769, 5340891, 6137123253, 95892711]] [1300246787.5, [56.625, 891771, 28515872, 48483, 25504800, 398559]]
Arch_Param: [64, 1024, 32768, 8, 512, 512]
Samsung_cost: [22692863605.444443, [201309.69444444444, 12882977, 412205564, 519457, 410503868, 103073121]] [35218307598.0, [309231.0, 19783791, 633078168, 629871, 631701912, 170265711]] [2947387320.0, [26090.0, 1669140, 53412240, 104980, 53412240, 13352970]] [48047436720.0, [425444.0, 27227176, 871269392, 309352, 871269392, 217817108]] [3486620948.0, [30876.0, 1975686, 63221784, 29798, 63221784, 15805446]] [2708257323666.0, [23974926.0, 1534385247, 49100323449, 42720639, 49099264377, 12275812827]] [83812077986.0, [743120.0, 47558715, 1521878880, 1720187, 1517979488, 379363871]]
Model_cost: [8645452111.713333, [526.9183333333333, 11224161, 359125692, 600577, 49399997, 771938]] [3933687378.0, [3786.0, 2666607, 85328280, 86895, 77870232, 1216827]] [303828994.375, [12.65625, 195220, 6246800, 13140, 6246800, 104010]] [5078420198.75, [1270.8125, 3327912, 106001424, 38704, 103508112, 1641638]] [570428796.0, [95.0, 543942, 17356824, 9830, 7767768, 121433]] [298169454221.4001, [629.5500000000001, 191813655, 6138011769, 5340891, 6137123253, 95892711]] [1300105987.5, [56.625, 891771, 28515872, 42083, 25504800, 398559]]
Arch_Param: [64, 1024, 32768, 8, 1024, 64]
Samsung_cost: [22726895733.444443, [201309.69444444444, 6445089, 412205564, 3236897, 410503868, 103073121]] [35272952334.0, [309231.0, 9891951, 633078168, 4912239, 631701912, 170265711]] [2950919860.0, [26090.0, 834570, 53412240, 417290, 53412240, 13352970]] [48135926312.0, [425444.0, 13613588, 871269392, 6806804, 871269392, 217817108]] [3492880404.0, [30876.0, 987846, 63221784, 493926, 63221784, 15805446]] [2712687944466.0, [23974926.0, 767192703, 49100323449, 383602047, 49099264377, 12275812827]] [83941455690.0, [743120.0, 23779359, 1521878880, 11924511, 1517979488, 379363871]]
Model_cost: [8733265807.713333, [526.9183333333333, 5615457, 359125692, 5611873, 49399997, 771938]] [3928354386.0, [3786.0, 1333359, 85328280, 86895, 77870232, 1216827]] [303463934.375, [12.65625, 104010, 6246800, 13130, 6246800, 104010]] [5071830494.75, [1270.8125, 1680596, 106001424, 38684, 103508112, 1641638]] [570054652.0, [95.0, 272998, 17356824, 42086, 7767768, 121433]] [297785828765.4001, [629.5500000000001, 95907291, 6138011769, 5340891, 6137123253, 95892711]] [1298750251.5, [56.625, 446687, 28515872, 61383, 25504800, 398559]]
Arch_Param: [64, 1024, 32768, 8, 1024, 128]
Samsung_cost: [22667112053.444443, [201309.69444444444, 6445089, 412205564, 519457, 410503868, 103073121]] [35178740238.0, [309231.0, 9891951, 633078168, 629871, 631701912, 170265711]] [2944048820.0, [26090.0, 834570, 53412240, 104970, 53412240, 13352970]] [47992981928.0, [425444.0, 13613588, 871269392, 309332, 871269392, 217817108]] [3482669588.0, [30876.0, 987846, 63221784, 29798, 63221784, 15805446]] [2705188553490.0, [23974926.0, 767192703, 49100323449, 42720639, 49099264377, 12275812827]] [83716959946.0, [743120.0, 23779359, 1521878880, 1720159, 1517979488, 379363871]]
Model_cost: [8624460495.713333, [526.9183333333333, 5615457, 359125692, 666177, 49399997, 771938]] [3928354386.0, [3786.0, 1333359, 85328280, 86895, 77870232, 1216827]] [303463934.375, [12.65625, 104010, 6246800, 13130, 6246800, 104010]] [5071830494.75, [1270.8125, 1680596, 106001424, 38684, 103508112, 1641638]] [569716732.0, [95.0, 272998, 17356824, 26726, 7767768, 121433]] [297785828765.4001, [629.5500000000001, 95907291, 6138011769, 5340891, 6137123253, 95892711]] [1298395435.5, [56.625, 446687, 28515872, 45255, 25504800, 398559]]
Arch_Param: [64, 1024, 32768, 8, 1024, 256]
Samsung_cost: [22667112053.444443, [201309.69444444444, 6445089, 412205564, 519457, 410503868, 103073121]] [35178740238.0, [309231.0, 9891951, 633078168, 629871, 631701912, 170265711]] [2944048820.0, [26090.0, 834570, 53412240, 104970, 53412240, 13352970]] [47992981928.0, [425444.0, 13613588, 871269392, 309332, 871269392, 217817108]] [3482669588.0, [30876.0, 987846, 63221784, 29798, 63221784, 15805446]] [2705188553490.0, [23974926.0, 767192703, 49100323449, 42720639, 49099264377, 12275812827]] [83716959946.0, [743120.0, 23779359, 1521878880, 1720159, 1517979488, 379363871]]
Model_cost: [8624460495.713333, [526.9183333333333, 5615457, 359125692, 666177, 49399997, 771938]] [3928354386.0, [3786.0, 1333359, 85328280, 86895, 77870232, 1216827]] [303463934.375, [12.65625, 104010, 6246800, 13130, 6246800, 104010]] [5071830494.75, [1270.8125, 1680596, 106001424, 38684, 103508112, 1641638]] [569716732.0, [95.0, 272998, 17356824, 26726, 7767768, 121433]] [297785828765.4001, [629.5500000000001, 95907291, 6138011769, 5340891, 6137123253, 95892711]] [1298395435.5, [56.625, 446687, 28515872, 45255, 25504800, 398559]]
Arch_Param: [64, 1024, 32768, 8, 1024, 512]
Samsung_cost: [22667112053.444443, [201309.69444444444, 6445089, 412205564, 519457, 410503868, 103073121]] [35178740238.0, [309231.0, 9891951, 633078168, 629871, 631701912, 170265711]] [2944048820.0, [26090.0, 834570, 53412240, 104970, 53412240, 13352970]] [47992981928.0, [425444.0, 13613588, 871269392, 309332, 871269392, 217817108]] [3482669588.0, [30876.0, 987846, 63221784, 29798, 63221784, 15805446]] [2705188553490.0, [23974926.0, 767192703, 49100323449, 42720639, 49099264377, 12275812827]] [83716959946.0, [743120.0, 23779359, 1521878880, 1720159, 1517979488, 379363871]]
Model_cost: [8623017295.713333, [526.9183333333333, 5615457, 359125692, 600577, 49399997, 771938]] [3928354386.0, [3786.0, 1333359, 85328280, 86895, 77870232, 1216827]] [303463934.375, [12.65625, 104010, 6246800, 13130, 6246800, 104010]] [5071830494.75, [1270.8125, 1680596, 106001424, 38684, 103508112, 1641638]] [569345020.0, [95.0, 272998, 17356824, 9830, 7767768, 121433]] [297785828765.4001, [629.5500000000001, 95907291, 6138011769, 5340891, 6137123253, 95892711]] [1298325035.5, [56.625, 446687, 28515872, 42055, 25504800, 398559]]
Arch_Param: [64, 1024, 32768, 16, 256, 64]
Samsung_cost: [22255797016.77778, [196211.02777777778, 25112100, 401767932, 3146788, 400935612, 100681057]] [35391654414.0, [309231.0, 39567471, 633078168, 4912239, 631701912, 170265711]] [2960935100.0, [26090.0, 3338270, 53412240, 417310, 53412240, 13352970]] [48299290428.0, [425444.0, 54454342, 871269392, 6806854, 871269392, 217817108]] [3467155392.0, [30545.0, 3908998, 62543896, 488630, 62543896, 15635974]] [2721894254994.0, [23974926.0, 3068770335, 49100323449, 383602047, 49099264377, 12275812827]] [84110553120.0, [742096.0, 94986358, 1519781728, 11908214, 1515882336, 378839583]]
Model_cost: [5549170209.293333, [309.9033333333333, 12767908, 204263100, 364260, 49399997, 771938]] [3944353362.0, [3786.0, 5333103, 85328280, 86895, 77870232, 1216827]] [304610054.375, [12.65625, 390430, 6246800, 13150, 6246800, 104010]] [5091650546.75, [1270.8125, 6635334, 106001424, 38734, 103508112, 1641638]] [397338764.0, [51.0, 542918, 8678424, 31798, 7767768, 121433]] [298936705133.4001, [629.5500000000001, 383626383, 6138011769, 5340891, 6137123253, 95892711]] [1259878284.5, [47.875, 1647862, 26354976, 40542, 25504800, 398559]]
Arch_Param: [64, 1024, 32768, 16, 256, 128]
Samsung_cost: [22197184792.77778, [196211.02777777778, 25112100, 401767932, 482596, 400935612, 100681057]] [35297442318.0, [309231.0, 39567471, 633078168, 629871, 631701912, 170265711]] [2954064060.0, [26090.0, 3338270, 53412240, 104990, 53412240, 13352970]] [48156346044.0, [425444.0, 54454342, 871269392, 309382, 871269392, 217817108]] [3457037504.0, [30545.0, 3908998, 62543896, 28726, 62543896, 15635974]] [2714394864018.0, [23974926.0, 3068770335, 49100323449, 42720639, 49099264377, 12275812827]] [83886237600.0, [742096.0, 94986358, 1519781728, 1712054, 1515882336, 378839583]]
Model_cost: [5549170209.293333, [309.9033333333333, 12767908, 204263100, 364260, 49399997, 771938]] [3944353362.0, [3786.0, 5333103, 85328280, 86895, 77870232, 1216827]] [304610054.375, [12.65625, 390430, 6246800, 13150, 6246800, 104010]] [5091650546.75, [1270.8125, 6635334, 106001424, 38734, 103508112, 1641638]] [397338764.0, [51.0, 542918, 8678424, 31798, 7767768, 121433]] [298936705133.4001, [629.5500000000001, 383626383, 6138011769, 5340891, 6137123253, 95892711]] [1259878284.5, [47.875, 1647862, 26354976, 40542, 25504800, 398559]]
Arch_Param: [64, 1024, 32768, 16, 256, 256]
Samsung_cost: [22197184792.77778, [196211.02777777778, 25112100, 401767932, 482596, 400935612, 100681057]] [35297442318.0, [309231.0, 39567471, 633078168, 629871, 631701912, 170265711]] [2954064060.0, [26090.0, 3338270, 53412240, 104990, 53412240, 13352970]] [48156346044.0, [425444.0, 54454342, 871269392, 309382, 871269392, 217817108]] [3457037504.0, [30545.0, 3908998, 62543896, 28726, 62543896, 15635974]] [2714394864018.0, [23974926.0, 3068770335, 49100323449, 42720639, 49099264377, 12275812827]] [83886237600.0, [742096.0, 94986358, 1519781728, 1712054, 1515882336, 378839583]]
Model_cost: [5548419745.293333, [309.9033333333333, 12767908, 204263100, 330148, 49399997, 771938]] [3944353362.0, [3786.0, 5333103, 85328280, 86895, 77870232, 1216827]] [304610054.375, [12.65625, 390430, 6246800, 13150, 6246800, 104010]] [5091650546.75, [1270.8125, 6635334, 106001424, 38734, 103508112, 1641638]] [396747404.0, [51.0, 542918, 8678424, 4918, 7767768, 121433]] [298936705133.4001, [629.5500000000001, 383626383, 6138011769, 5340891, 6137123253, 95892711]] [1259713548.5, [47.875, 1647862, 26354976, 33054, 25504800, 398559]]
Arch_Param: [64, 1024, 32768, 16, 512, 64]
Samsung_cost: [22205573834.77778, [196211.02777777778, 12556321, 401767932, 3146785, 400935612, 100681057]] [35312519694.0, [309231.0, 19783791, 633078168, 4912239, 631701912, 170265711]] [2954258360.0, [26090.0, 1669140, 53412240, 417300, 53412240, 13352970]] [48190381104.0, [425444.0, 27227176, 871269392, 6806824, 871269392, 217817108]] [3459337408.0, [30545.0, 1954502, 62543896, 488630, 62543896, 15635974]] [2715756714642.0, [23974926.0, 1534385247, 49100323449, 383602047, 49099264377, 12275812827]] [83920579106.0, [742096.0, 47493179, 1519781728, 11908155, 1515882336, 378839583]]
Model_cost: [5523635411.293333, [309.9033333333333, 6384225, 204263100, 364257, 49399997, 771938]] [3933687378.0, [3786.0, 2666607, 85328280, 86895, 77870232, 1216827]] [303828994.375, [12.65625, 195220, 6246800, 13140, 6246800, 104010]] [5078420198.75, [1270.8125, 3327912, 106001424, 38704, 103508112, 1641638]] [395984652.0, [51.0, 271974, 8678424, 19510, 7767768, 121433]] [298169454221.4001, [629.5500000000001, 191813655, 6138011769, 5340891, 6137123253, 95892711]] [1256489742.5, [47.875, 823931, 26354976, 36323, 25504800, 398559]]
Arch_Param: [64, 1024, 32768, 16, 512, 128]
Samsung_cost: [22146961610.77778, [196211.02777777778, 12556321, 401767932, 482593, 400935612, 100681057]] [35218307598.0, [309231.0, 19783791, 633078168, 629871, 631701912, 170265711]] [2947387320.0, [26090.0, 1669140, 53412240, 104980, 53412240, 13352970]] [48047436720.0, [425444.0, 27227176, 871269392, 309352, 871269392, 217817108]] [3449219520.0, [30545.0, 1954502, 62543896, 28726, 62543896, 15635974]] [2708257323666.0, [23974926.0, 1534385247, 49100323449, 42720639, 49099264377, 12275812827]] [83696263586.0, [742096.0, 47493179, 1519781728, 1711995, 1515882336, 378839583]]
Model_cost: [5523635411.293333, [309.9033333333333, 6384225, 204263100, 364257, 49399997, 771938]] [3933687378.0, [3786.0, 2666607, 85328280, 86895, 77870232, 1216827]] [303828994.375, [12.65625, 195220, 6246800, 13140, 6246800, 104010]] [5078420198.75, [1270.8125, 3327912, 106001424, 38704, 103508112, 1641638]] [395984652.0, [51.0, 271974, 8678424, 19510, 7767768, 121433]] [298169454221.4001, [629.5500000000001, 191813655, 6138011769, 5340891, 6137123253, 95892711]] [1256489742.5, [47.875, 823931, 26354976, 36323, 25504800, 398559]]
Arch_Param: [64, 1024, 32768, 16, 512, 256]
Samsung_cost: [22146961610.77778, [196211.02777777778, 12556321, 401767932, 482593, 400935612, 100681057]] [35218307598.0, [309231.0, 19783791, 633078168, 629871, 631701912, 170265711]] [2947387320.0, [26090.0, 1669140, 53412240, 104980, 53412240, 13352970]] [48047436720.0, [425444.0, 27227176, 871269392, 309352, 871269392, 217817108]] [3449219520.0, [30545.0, 1954502, 62543896, 28726, 62543896, 15635974]] [2708257323666.0, [23974926.0, 1534385247, 49100323449, 42720639, 49099264377, 12275812827]] [83696263586.0, [742096.0, 47493179, 1519781728, 1711995, 1515882336, 378839583]]
Model_cost: [5522884947.293333, [309.9033333333333, 6384225, 204263100, 330145, 49399997, 771938]] [3933687378.0, [3786.0, 2666607, 85328280, 86895, 77870232, 1216827]] [303828994.375, [12.65625, 195220, 6246800, 13140, 6246800, 104010]] [5078420198.75, [1270.8125, 3327912, 106001424, 38704, 103508112, 1641638]] [395663628.0, [51.0, 271974, 8678424, 4918, 7767768, 121433]] [298169454221.4001, [629.5500000000001, 191813655, 6138011769, 5340891, 6137123253, 95892711]] [1256416526.5, [47.875, 823931, 26354976, 32995, 25504800, 398559]]
Arch_Param: [64, 1024, 32768, 16, 512, 512]
Samsung_cost: [22146961610.77778, [196211.02777777778, 12556321, 401767932, 482593, 400935612, 100681057]] [35218307598.0, [309231.0, 19783791, 633078168, 629871, 631701912, 170265711]] [2947387320.0, [26090.0, 1669140, 53412240, 104980, 53412240, 13352970]] [48047436720.0, [425444.0, 27227176, 871269392, 309352, 871269392, 217817108]] [3449219520.0, [30545.0, 1954502, 62543896, 28726, 62543896, 15635974]] [2708257323666.0, [23974926.0, 1534385247, 49100323449, 42720639, 49099264377, 12275812827]] [83696263586.0, [742096.0, 47493179, 1519781728, 1711995, 1515882336, 378839583]]
Model_cost: [5522884947.293333, [309.9033333333333, 6384225, 204263100, 330145, 49399997, 771938]] [3933687378.0, [3786.0, 2666607, 85328280, 86895, 77870232, 1216827]] [303828994.375, [12.65625, 195220, 6246800, 13140, 6246800, 104010]] [5078420198.75, [1270.8125, 3327912, 106001424, 38704, 103508112, 1641638]] [395663628.0, [51.0, 271974, 8678424, 4918, 7767768, 121433]] [298169454221.4001, [629.5500000000001, 191813655, 6138011769, 5340891, 6137123253, 95892711]] [1256416526.5, [47.875, 823931, 26354976, 32995, 25504800, 398559]]
Arch_Param: [64, 1024, 32768, 16, 1024, 64]
Samsung_cost: [22180469450.77778, [196211.02777777778, 6280225, 401767932, 3146785, 400935612, 100681057]] [35272952334.0, [309231.0, 9891951, 633078168, 4912239, 631701912, 170265711]] [2950919860.0, [26090.0, 834570, 53412240, 417290, 53412240, 13352970]] [48135926312.0, [425444.0, 13613588, 871269392, 6806804, 871269392, 217817108]] [3455428416.0, [30545.0, 977254, 62543896, 488630, 62543896, 15635974]] [2712687944466.0, [23974926.0, 767192703, 49100323449, 383602047, 49099264377, 12275812827]] [83825592138.0, [742096.0, 23746591, 1519781728, 11908127, 1515882336, 378839583]]
Model_cost: [5510874323.293333, [309.9033333333333, 3193953, 204263100, 364257, 49399997, 771938]] [3928354386.0, [3786.0, 1333359, 85328280, 86895, 77870232, 1216827]] [303463934.375, [12.65625, 104010, 6246800, 13130, 6246800, 104010]] [5071830494.75, [1270.8125, 1680596, 106001424, 38684, 103508112, 1641638]] [395307596.0, [51.0, 136502, 8678424, 13366, 7767768, 121433]] [297785828765.4001, [629.5500000000001, 95907291, 6138011769, 5340891, 6137123253, 95892711]] [1254806326.5, [47.875, 412383, 26354976, 34631, 25504800, 398559]]
Arch_Param: [64, 1024, 32768, 16, 1024, 128]
Samsung_cost: [22121857226.77778, [196211.02777777778, 6280225, 401767932, 482593, 400935612, 100681057]] [35178740238.0, [309231.0, 9891951, 633078168, 629871, 631701912, 170265711]] [2944048820.0, [26090.0, 834570, 53412240, 104970, 53412240, 13352970]] [47992981928.0, [425444.0, 13613588, 871269392, 309332, 871269392, 217817108]] [3445310528.0, [30545.0, 977254, 62543896, 28726, 62543896, 15635974]] [2705188553490.0, [23974926.0, 767192703, 49100323449, 42720639, 49099264377, 12275812827]] [83601276618.0, [742096.0, 23746591, 1519781728, 1711967, 1515882336, 378839583]]
Model_cost: [5510874323.293333, [309.9033333333333, 3193953, 204263100, 364257, 49399997, 771938]] [3928354386.0, [3786.0, 1333359, 85328280, 86895, 77870232, 1216827]] [303463934.375, [12.65625, 104010, 6246800, 13130, 6246800, 104010]] [5071830494.75, [1270.8125, 1680596, 106001424, 38684, 103508112, 1641638]] [395307596.0, [51.0, 136502, 8678424, 13366, 7767768, 121433]] [297785828765.4001, [629.5500000000001, 95907291, 6138011769, 5340891, 6137123253, 95892711]] [1254806326.5, [47.875, 412383, 26354976, 34631, 25504800, 398559]]
Arch_Param: [64, 1024, 32768, 16, 1024, 256]
Samsung_cost: [22121857226.77778, [196211.02777777778, 6280225, 401767932, 482593, 400935612, 100681057]] [35178740238.0, [309231.0, 9891951, 633078168, 629871, 631701912, 170265711]] [2944048820.0, [26090.0, 834570, 53412240, 104970, 53412240, 13352970]] [47992981928.0, [425444.0, 13613588, 871269392, 309332, 871269392, 217817108]] [3445310528.0, [30545.0, 977254, 62543896, 28726, 62543896, 15635974]] [2705188553490.0, [23974926.0, 767192703, 49100323449, 42720639, 49099264377, 12275812827]] [83601276618.0, [742096.0, 23746591, 1519781728, 1711967, 1515882336, 378839583]]
Model_cost: [5510123859.293333, [309.9033333333333, 3193953, 204263100, 330145, 49399997, 771938]] [3928354386.0, [3786.0, 1333359, 85328280, 86895, 77870232, 1216827]] [303463934.375, [12.65625, 104010, 6246800, 13130, 6246800, 104010]] [5071830494.75, [1270.8125, 1680596, 106001424, 38684, 103508112, 1641638]] [395121740.0, [51.0, 136502, 8678424, 4918, 7767768, 121433]] [297785828765.4001, [629.5500000000001, 95907291, 6138011769, 5340891, 6137123253, 95892711]] [1254769718.5, [47.875, 412383, 26354976, 32967, 25504800, 398559]]
Arch_Param: [64, 1024, 32768, 16, 1024, 512]
Samsung_cost: [22121857226.77778, [196211.02777777778, 6280225, 401767932, 482593, 400935612, 100681057]] [35178740238.0, [309231.0, 9891951, 633078168, 629871, 631701912, 170265711]] [2944048820.0, [26090.0, 834570, 53412240, 104970, 53412240, 13352970]] [47992981928.0, [425444.0, 13613588, 871269392, 309332, 871269392, 217817108]] [3445310528.0, [30545.0, 977254, 62543896, 28726, 62543896, 15635974]] [2705188553490.0, [23974926.0, 767192703, 49100323449, 42720639, 49099264377, 12275812827]] [83601276618.0, [742096.0, 23746591, 1519781728, 1711967, 1515882336, 378839583]]
Model_cost: [5510123859.293333, [309.9033333333333, 3193953, 204263100, 330145, 49399997, 771938]] [3928354386.0, [3786.0, 1333359, 85328280, 86895, 77870232, 1216827]] [303463934.375, [12.65625, 104010, 6246800, 13130, 6246800, 104010]] [5071830494.75, [1270.8125, 1680596, 106001424, 38684, 103508112, 1641638]] [395121740.0, [51.0, 136502, 8678424, 4918, 7767768, 121433]] [297785828765.4001, [629.5500000000001, 95907291, 6138011769, 5340891, 6137123253, 95892711]] [1254769718.5, [47.875, 412383, 26354976, 32967, 25504800, 398559]]
Arch_Param: [64, 1024, 32768, 32, 256, 64]
Samsung_cost: [21981606979.444443, [193661.69444444444, 24785444, 396549116, 3101732, 396151484, 99485025]] [35391654414.0, [309231.0, 39567471, 633078168, 4912239, 631701912, 170265711]] [2960935100.0, [26090.0, 3338270, 53412240, 417310, 53412240, 13352970]] [48299290428.0, [425444.0, 54454342, 871269392, 6806854, 871269392, 217817108]] [3448365846.0, [30379.5, 3887814, 62204952, 485982, 62204952, 15551238]] [2721894254994.0, [23974926.0, 3068770335, 49100323449, 383602047, 49099264377, 12275812827]] [84052424736.0, [741584.0, 94920822, 1518733152, 11900022, 1514833760, 378577439]]
Model_cost: [3483568287.833333, [172.70833333333331, 6404260, 102452412, 185636, 49399997, 771938]] [3944353362.0, [3786.0, 5333103, 85328280, 86895, 77870232, 1216827]] [304610054.375, [12.65625, 390430, 6246800, 13150, 6246800, 104010]] [5091650546.75, [1270.8125, 6635334, 106001424, 38734, 103508112, 1641638]] [386127441.0, [35.75, 509030, 8140312, 17566, 7767768, 121433]] [298936705133.4001, [629.5500000000001, 383626383, 6138011769, 5340891, 6137123253, 95892711]] [1248628543.5, [45.125, 1613302, 25807008, 33630, 25504800, 398559]]
Arch_Param: [64, 1024, 32768, 32, 256, 128]
Samsung_cost: [21923580483.444443, [193661.69444444444, 24785444, 396549116, 464164, 396151484, 99485025]] [35297442318.0, [309231.0, 39567471, 633078168, 629871, 631701912, 170265711]] [2954064060.0, [26090.0, 3338270, 53412240, 104990, 53412240, 13352970]] [48156346044.0, [425444.0, 54454342, 871269392, 309382, 871269392, 217817108]] [3438294422.0, [30379.5, 3887814, 62204952, 28190, 62204952, 15551238]] [2714394864018.0, [23974926.0, 3068770335, 49100323449, 42720639, 49099264377, 12275812827]] [83828199328.0, [741584.0, 94920822, 1518733152, 1707958, 1514833760, 378577439]]
Model_cost: [3483164191.833333, [172.70833333333331, 6404260, 102452412, 167268, 49399997, 771938]] [3944353362.0, [3786.0, 5333103, 85328280, 86895, 77870232, 1216827]] [304610054.375, [12.65625, 390430, 6246800, 13150, 6246800, 104010]] [5091650546.75, [1270.8125, 6635334, 106001424, 38734, 103508112, 1641638]] [385831761.0, [35.75, 509030, 8140312, 4126, 7767768, 121433]] [298936705133.4001, [629.5500000000001, 383626383, 6138011769, 5340891, 6137123253, 95892711]] [1248539839.5, [45.125, 1613302, 25807008, 29598, 25504800, 398559]]
Arch_Param: [64, 1024, 32768, 32, 256, 256]
Samsung_cost: [21923580483.444443, [193661.69444444444, 24785444, 396549116, 464164, 396151484, 99485025]] [35297442318.0, [309231.0, 39567471, 633078168, 629871, 631701912, 170265711]] [2954064060.0, [26090.0, 3338270, 53412240, 104990, 53412240, 13352970]] [48156346044.0, [425444.0, 54454342, 871269392, 309382, 871269392, 217817108]] [3438294422.0, [30379.5, 3887814, 62204952, 28190, 62204952, 15551238]] [2714394864018.0, [23974926.0, 3068770335, 49100323449, 42720639, 49099264377, 12275812827]] [83828199328.0, [741584.0, 94920822, 1518733152, 1707958, 1514833760, 378577439]]
Model_cost: [3483164191.833333, [172.70833333333331, 6404260, 102452412, 167268, 49399997, 771938]] [3944353362.0, [3786.0, 5333103, 85328280, 86895, 77870232, 1216827]] [304610054.375, [12.65625, 390430, 6246800, 13150, 6246800, 104010]] [5091650546.75, [1270.8125, 6635334, 106001424, 38734, 103508112, 1641638]] [385831761.0, [35.75, 509030, 8140312, 4126, 7767768, 121433]] [298936705133.4001, [629.5500000000001, 383626383, 6138011769, 5340891, 6137123253, 95892711]] [1248539839.5, [45.125, 1613302, 25807008, 29598, 25504800, 398559]]
Arch_Param: [64, 1024, 32768, 32, 512, 64]
Samsung_cost: [21932037109.444443, [193661.69444444444, 12392993, 396549116, 3101729, 396151484, 99485025]] [35312519694.0, [309231.0, 19783791, 633078168, 4912239, 631701912, 170265711]] [2954258360.0, [26090.0, 1669140, 53412240, 417300, 53412240, 13352970]] [48190381104.0, [425444.0, 27227176, 871269392, 6806824, 871269392, 217817108]] [3440590230.0, [30379.5, 1943910, 62204952, 485982, 62204952, 15551238]] [2715756714642.0, [23974926.0, 1534385247, 49100323449, 383602047, 49099264377, 12275812827]] [83862581794.0, [741584.0, 47460411, 1518733152, 11899963, 1514833760, 378577439]]
Model_cost: [3470760785.833333, [172.70833333333331, 3202401, 102452412, 185633, 49399997, 771938]] [3933687378.0, [3786.0, 2666607, 85328280, 86895, 77870232, 1216827]] [303828994.375, [12.65625, 195220, 6246800, 13140, 6246800, 104010]] [5078420198.75, [1270.8125, 3327912, 106001424, 38704, 103508112, 1641638]] [384975249.0, [35.75, 254774, 8140312, 11422, 7767768, 121433]] [298169454221.4001, [629.5500000000001, 191813655, 6138011769, 5340891, 6137123253, 95892711]] [1245351361.5, [45.125, 806651, 25807008, 31331, 25504800, 398559]]
Arch_Param: [64, 1024, 32768, 32, 512, 128]
Samsung_cost: [21874010613.444443, [193661.69444444444, 12392993, 396549116, 464161, 396151484, 99485025]] [35218307598.0, [309231.0, 19783791, 633078168, 629871, 631701912, 170265711]] [2947387320.0, [26090.0, 1669140, 53412240, 104980, 53412240, 13352970]] [48047436720.0, [425444.0, 27227176, 871269392, 309352, 871269392, 217817108]] [3430518806.0, [30379.5, 1943910, 62204952, 28190, 62204952, 15551238]] [2708257323666.0, [23974926.0, 1534385247, 49100323449, 42720639, 49099264377, 12275812827]] [83638356386.0, [741584.0, 47460411, 1518733152, 1707899, 1514833760, 378577439]]
Model_cost: [3470356689.833333, [172.70833333333331, 3202401, 102452412, 167265, 49399997, 771938]] [3933687378.0, [3786.0, 2666607, 85328280, 86895, 77870232, 1216827]] [303828994.375, [12.65625, 195220, 6246800, 13140, 6246800, 104010]] [5078420198.75, [1270.8125, 3327912, 106001424, 38704, 103508112, 1641638]] [384814737.0, [35.75, 254774, 8140312, 4126, 7767768, 121433]] [298169454221.4001, [629.5500000000001, 191813655, 6138011769, 5340891, 6137123253, 95892711]] [1245311937.5, [45.125, 806651, 25807008, 29539, 25504800, 398559]]
Arch_Param: [64, 1024, 32768, 32, 512, 256]
Samsung_cost: [21874010613.444443, [193661.69444444444, 12392993, 396549116, 464161, 396151484, 99485025]] [35218307598.0, [309231.0, 19783791, 633078168, 629871, 631701912, 170265711]] [2947387320.0, [26090.0, 1669140, 53412240, 104980, 53412240, 13352970]] [48047436720.0, [425444.0, 27227176, 871269392, 309352, 871269392, 217817108]] [3430518806.0, [30379.5, 1943910, 62204952, 28190, 62204952, 15551238]] [2708257323666.0, [23974926.0, 1534385247, 49100323449, 42720639, 49099264377, 12275812827]] [83638356386.0, [741584.0, 47460411, 1518733152, 1707899, 1514833760, 378577439]]
Model_cost: [3470356689.833333, [172.70833333333331, 3202401, 102452412, 167265, 49399997, 771938]] [3933687378.0, [3786.0, 2666607, 85328280, 86895, 77870232, 1216827]] [303828994.375, [12.65625, 195220, 6246800, 13140, 6246800, 104010]] [5078420198.75, [1270.8125, 3327912, 106001424, 38704, 103508112, 1641638]] [384814737.0, [35.75, 254774, 8140312, 4126, 7767768, 121433]] [298169454221.4001, [629.5500000000001, 191813655, 6138011769, 5340891, 6137123253, 95892711]] [1245311937.5, [45.125, 806651, 25807008, 29539, 25504800, 398559]]
Arch_Param: [64, 1024, 32768, 32, 512, 512]
Samsung_cost: [21874010613.444443, [193661.69444444444, 12392993, 396549116, 464161, 396151484, 99485025]] [35218307598.0, [309231.0, 19783791, 633078168, 629871, 631701912, 170265711]] [2947387320.0, [26090.0, 1669140, 53412240, 104980, 53412240, 13352970]] [48047436720.0, [425444.0, 27227176, 871269392, 309352, 871269392, 217817108]] [3430518806.0, [30379.5, 1943910, 62204952, 28190, 62204952, 15551238]] [2708257323666.0, [23974926.0, 1534385247, 49100323449, 42720639, 49099264377, 12275812827]] [83638356386.0, [741584.0, 47460411, 1518733152, 1707899, 1514833760, 378577439]]
Model_cost: [3469511889.833333, [172.70833333333331, 3202401, 102452412, 128865, 49399997, 771938]] [3933687378.0, [3786.0, 2666607, 85328280, 86895, 77870232, 1216827]] [303828994.375, [12.65625, 195220, 6246800, 13140, 6246800, 104010]] [5078420198.75, [1270.8125, 3327912, 106001424, 38704, 103508112, 1641638]] [384814737.0, [35.75, 254774, 8140312, 4126, 7767768, 121433]] [298169454221.4001, [629.5500000000001, 191813655, 6138011769, 5340891, 6137123253, 95892711]] [1245311937.5, [45.125, 806651, 25807008, 29539, 25504800, 398559]]
Arch_Param: [64, 1024, 32768, 32, 1024, 64]
Samsung_cost: [21907256309.444443, [193661.69444444444, 6197793, 396549116, 3101729, 396151484, 99485025]] [35272952334.0, [309231.0, 9891951, 633078168, 4912239, 631701912, 170265711]] [2950919860.0, [26090.0, 834570, 53412240, 417290, 53412240, 13352970]] [48135926312.0, [425444.0, 13613588, 871269392, 6806804, 871269392, 217817108]] [3436702422.0, [30379.5, 971958, 62204952, 485982, 62204952, 15551238]] [2712687944466.0, [23974926.0, 767192703, 49100323449, 383602047, 49099264377, 12275812827]] [83767660362.0, [741584.0, 23730207, 1518733152, 11899935, 1514833760, 378577439]]
Model_cost: [3464360273.833333, [172.70833333333331, 1602273, 102452412, 185633, 49399997, 771938]] [3928354386.0, [3786.0, 1333359, 85328280, 86895, 77870232, 1216827]] [303463934.375, [12.65625, 104010, 6246800, 13130, 6246800, 104010]] [5071830494.75, [1270.8125, 1680596, 106001424, 38684, 103508112, 1641638]] [384399153.0, [35.75, 127646, 8140312, 8350, 7767768, 121433]] [297785828765.4001, [629.5500000000001, 95907291, 6138011769, 5340891, 6137123253, 95892711]] [1243718633.5, [45.125, 403551, 25807008, 30407, 25504800, 398559]]
Arch_Param: [64, 1024, 32768, 32, 1024, 128]
Samsung_cost: [21849229813.444443, [193661.69444444444, 6197793, 396549116, 464161, 396151484, 99485025]] [35178740238.0, [309231.0, 9891951, 633078168, 629871, 631701912, 170265711]] [2944048820.0, [26090.0, 834570, 53412240, 104970, 53412240, 13352970]] [47992981928.0, [425444.0, 13613588, 871269392, 309332, 871269392, 217817108]] [3426630998.0, [30379.5, 971958, 62204952, 28190, 62204952, 15551238]] [2705188553490.0, [23974926.0, 767192703, 49100323449, 42720639, 49099264377, 12275812827]] [83543434954.0, [741584.0, 23730207, 1518733152, 1707871, 1514833760, 378577439]]
Model_cost: [3463956177.833333, [172.70833333333331, 1602273, 102452412, 167265, 49399997, 771938]] [3928354386.0, [3786.0, 1333359, 85328280, 86895, 77870232, 1216827]] [303463934.375, [12.65625, 104010, 6246800, 13130, 6246800, 104010]] [5071830494.75, [1270.8125, 1680596, 106001424, 38684, 103508112, 1641638]] [384306225.0, [35.75, 127646, 8140312, 4126, 7767768, 121433]] [297785828765.4001, [629.5500000000001, 95907291, 6138011769, 5340891, 6137123253, 95892711]] [1243698921.5, [45.125, 403551, 25807008, 29511, 25504800, 398559]]
Arch_Param: [64, 1024, 32768, 32, 1024, 256]
Samsung_cost: [21849229813.444443, [193661.69444444444, 6197793, 396549116, 464161, 396151484, 99485025]] [35178740238.0, [309231.0, 9891951, 633078168, 629871, 631701912, 170265711]] [2944048820.0, [26090.0, 834570, 53412240, 104970, 53412240, 13352970]] [47992981928.0, [425444.0, 13613588, 871269392, 309332, 871269392, 217817108]] [3426630998.0, [30379.5, 971958, 62204952, 28190, 62204952, 15551238]] [2705188553490.0, [23974926.0, 767192703, 49100323449, 42720639, 49099264377, 12275812827]] [83543434954.0, [741584.0, 23730207, 1518733152, 1707871, 1514833760, 378577439]]
Model_cost: [3463956177.833333, [172.70833333333331, 1602273, 102452412, 167265, 49399997, 771938]] [3928354386.0, [3786.0, 1333359, 85328280, 86895, 77870232, 1216827]] [303463934.375, [12.65625, 104010, 6246800, 13130, 6246800, 104010]] [5071830494.75, [1270.8125, 1680596, 106001424, 38684, 103508112, 1641638]] [384306225.0, [35.75, 127646, 8140312, 4126, 7767768, 121433]] [297785828765.4001, [629.5500000000001, 95907291, 6138011769, 5340891, 6137123253, 95892711]] [1243698921.5, [45.125, 403551, 25807008, 29511, 25504800, 398559]]
Arch_Param: [64, 1024, 32768, 32, 1024, 512]
Samsung_cost: [21849229813.444443, [193661.69444444444, 6197793, 396549116, 464161, 396151484, 99485025]] [35178740238.0, [309231.0, 9891951, 633078168, 629871, 631701912, 170265711]] [2944048820.0, [26090.0, 834570, 53412240, 104970, 53412240, 13352970]] [47992981928.0, [425444.0, 13613588, 871269392, 309332, 871269392, 217817108]] [3426630998.0, [30379.5, 971958, 62204952, 28190, 62204952, 15551238]] [2705188553490.0, [23974926.0, 767192703, 49100323449, 42720639, 49099264377, 12275812827]] [83543434954.0, [741584.0, 23730207, 1518733152, 1707871, 1514833760, 378577439]]
Model_cost: [3463111377.833333, [172.70833333333331, 1602273, 102452412, 128865, 49399997, 771938]] [3928354386.0, [3786.0, 1333359, 85328280, 86895, 77870232, 1216827]] [303463934.375, [12.65625, 104010, 6246800, 13130, 6246800, 104010]] [5071830494.75, [1270.8125, 1680596, 106001424, 38684, 103508112, 1641638]] [384306225.0, [35.75, 127646, 8140312, 4126, 7767768, 121433]] [297785828765.4001, [629.5500000000001, 95907291, 6138011769, 5340891, 6137123253, 95892711]] [1243698921.5, [45.125, 403551, 25807008, 29511, 25504800, 398559]]
Arch_Param: [64, 1024, 16384, 4, 256, 64]
Samsung_cost: [45426093294.0, [801777.5, 51312164, 820922876, 6444068, 817875644, 204916065]] [35400309774.0, [618351.0, 39567471, 633078168, 4912239, 631701912, 170265711]] [2961665340.0, [52170.0, 3338270, 53412240, 417310, 53412240, 13352970]] [48311202300.0, [850868.0, 54454342, 871269392, 6806854, 871269392, 217817108]] [3638918284.0, [64094.0, 4101638, 65626136, 512710, 65626136, 16406534]] [2722565548470.0, [47949693.0, 3068770335, 49100323449, 383602047, 49099264377, 12275812827]] [85182583072.0, [1505424.0, 96346230, 1541539680, 12113014, 1533183840, 383164959]]
Model_cost: [15181436151.31081, [1890.1182432432433, 41814564, 668963196, 10456676, 49399997, 771938]] [3944456262.0, [7461.0, 5333103, 85328280, 86895, 77870232, 1216827]] [304610128.75, [15.3125, 390430, 6246800, 13150, 6246800, 104010]] [5091685289.5, [2511.625, 6635334, 106001424, 38734, 103508112, 1641638]] [927340444.0, [359.0, 2171654, 34713624, 157894, 7767768, 121433]] [298936718308.7999, [1100.1000000000001, 383626383, 6138011769, 5340891, 6137123253, 95892711]] [1392877511.0, [132.25, 2054902, 32837664, 118494, 25504800, 398559]]
Arch_Param: [64, 1024, 16384, 4, 256, 128]
Samsung_cost: [45306841326.0, [801777.5, 51312164, 820922876, 1023524, 817875644, 204916065]] [35306097678.0, [618351.0, 39567471, 633078168, 629871, 631701912, 170265711]] [2954794300.0, [52170.0, 3338270, 53412240, 104990, 53412240, 13352970]] [48168257916.0, [850868.0, 54454342, 871269392, 309382, 871269392, 217817108]] [3628363916.0, [64094.0, 4101638, 65626136, 32966, 65626136, 16406534]] [2715066157494.0, [47949693.0, 3068770335, 49100323449, 42720639, 49099264377, 12275812827]] [84956375200.0, [1505424.0, 96346230, 1541539680, 1830838, 1533183840, 383164959]]
Model_cost: [15181436151.31081, [1890.1182432432433, 41814564, 668963196, 10456676, 49399997, 771938]] [3944456262.0, [7461.0, 5333103, 85328280, 86895, 77870232, 1216827]] [304610128.75, [15.3125, 390430, 6246800, 13150, 6246800, 104010]] [5091685289.5, [2511.625, 6635334, 106001424, 38734, 103508112, 1641638]] [927340444.0, [359.0, 2171654, 34713624, 157894, 7767768, 121433]] [298936718308.7999, [1100.1000000000001, 383626383, 6138011769, 5340891, 6137123253, 95892711]] [1392877511.0, [132.25, 2054902, 32837664, 118494, 25504800, 398559]]
Arch_Param: [64, 1024, 16384, 4, 256, 256]
Samsung_cost: [45306841326.0, [801777.5, 51312164, 820922876, 1023524, 817875644, 204916065]] [35306097678.0, [618351.0, 39567471, 633078168, 629871, 631701912, 170265711]] [2954794300.0, [52170.0, 3338270, 53412240, 104990, 53412240, 13352970]] [48168257916.0, [850868.0, 54454342, 871269392, 309382, 871269392, 217817108]] [3628363916.0, [64094.0, 4101638, 65626136, 32966, 65626136, 16406534]] [2715066157494.0, [47949693.0, 3068770335, 49100323449, 42720639, 49099264377, 12275812827]] [84956375200.0, [1505424.0, 96346230, 1541539680, 1830838, 1533183840, 383164959]]
Model_cost: [14979369143.31081, [1890.1182432432433, 41814564, 668963196, 1271812, 49399997, 771938]] [3944456262.0, [7461.0, 5333103, 85328280, 86895, 77870232, 1216827]] [304610128.75, [15.3125, 390430, 6246800, 13150, 6246800, 104010]] [5091685289.5, [2511.625, 6635334, 106001424, 38734, 103508112, 1641638]] [926647024.0, [362.0, 2171654, 34713624, 28870, 7843032, 122777]] [298936718308.7999, [1100.1000000000001, 383626383, 6138011769, 5340891, 6137123253, 95892711]] [1392218567.0, [132.25, 2054902, 32837664, 88542, 25504800, 398559]]
Arch_Param: [64, 1024, 16384, 4, 512, 64]
Samsung_cost: [45323469984.0, [801777.5, 25656353, 820922876, 6444065, 817875644, 204916065]] [35321175054.0, [618351.0, 19783791, 633078168, 4912239, 631701912, 170265711]] [2954988600.0, [52170.0, 1669140, 53412240, 417300, 53412240, 13352970]] [48202292976.0, [850868.0, 27227176, 871269392, 6806824, 871269392, 217817108]] [3630715020.0, [64094.0, 2050822, 65626136, 512710, 65626136, 16406534]] [2716428008118.0, [47949693.0, 1534385247, 49100323449, 383602047, 49099264377, 12275812827]] [84989889314.0, [1505424.0, 48173115, 1541539680, 12112955, 1533183840, 383164959]]
Model_cost: [15097808041.31081, [1890.1182432432433, 20907553, 668963196, 10456673, 49399997, 771938]] [3933790278.0, [7461.0, 2666607, 85328280, 86895, 77870232, 1216827]] [303829068.75, [15.3125, 195220, 6246800, 13140, 6246800, 104010]] [5078454941.5, [2511.625, 3327912, 106001424, 38704, 103508112, 1641638]] [921923996.0, [359.0, 1087878, 34713624, 108742, 7767768, 121433]] [298169467396.7999, [1100.1000000000001, 191813655, 6138011769, 5340891, 6137123253, 95892711]] [1388421449.0, [132.25, 1027451, 32837664, 102755, 25504800, 398559]]
Arch_Param: [64, 1024, 16384, 4, 512, 128]
Samsung_cost: [45204218016.0, [801777.5, 25656353, 820922876, 1023521, 817875644, 204916065]] [35226962958.0, [618351.0, 19783791, 633078168, 629871, 631701912, 170265711]] [2948117560.0, [52170.0, 1669140, 53412240, 104980, 53412240, 13352970]] [48059348592.0, [850868.0, 27227176, 871269392, 309352, 871269392, 217817108]] [3620160652.0, [64094.0, 2050822, 65626136, 32966, 65626136, 16406534]] [2708928617142.0, [47949693.0, 1534385247, 49100323449, 42720639, 49099264377, 12275812827]] [84763681442.0, [1505424.0, 48173115, 1541539680, 1830779, 1533183840, 383164959]]
Model_cost: [15097808041.31081, [1890.1182432432433, 20907553, 668963196, 10456673, 49399997, 771938]] [3933790278.0, [7461.0, 2666607, 85328280, 86895, 77870232, 1216827]] [303829068.75, [15.3125, 195220, 6246800, 13140, 6246800, 104010]] [5078454941.5, [2511.625, 3327912, 106001424, 38704, 103508112, 1641638]] [921923996.0, [359.0, 1087878, 34713624, 108742, 7767768, 121433]] [298169467396.7999, [1100.1000000000001, 191813655, 6138011769, 5340891, 6137123253, 95892711]] [1388421449.0, [132.25, 1027451, 32837664, 102755, 25504800, 398559]]
Arch_Param: [64, 1024, 16384, 4, 512, 256]
Samsung_cost: [45204218016.0, [801777.5, 25656353, 820922876, 1023521, 817875644, 204916065]] [35226962958.0, [618351.0, 19783791, 633078168, 629871, 631701912, 170265711]] [2948117560.0, [52170.0, 1669140, 53412240, 104980, 53412240, 13352970]] [48059348592.0, [850868.0, 27227176, 871269392, 309352, 871269392, 217817108]] [3620160652.0, [64094.0, 2050822, 65626136, 32966, 65626136, 16406534]] [2708928617142.0, [47949693.0, 1534385247, 49100323449, 42720639, 49099264377, 12275812827]] [84763681442.0, [1505424.0, 48173115, 1541539680, 1830779, 1533183840, 383164959]]
Model_cost: [14895741033.31081, [1890.1182432432433, 20907553, 668963196, 1271809, 49399997, 771938]] [3933790278.0, [7461.0, 2666607, 85328280, 86895, 77870232, 1216827]] [303829068.75, [15.3125, 195220, 6246800, 13140, 6246800, 104010]] [5078454941.5, [2511.625, 3327912, 106001424, 38704, 103508112, 1641638]] [921248156.0, [359.0, 1087878, 34713624, 78022, 7767768, 121433]] [298169467396.7999, [1100.1000000000001, 191813655, 6138011769, 5340891, 6137123253, 95892711]] [1387762505.0, [132.25, 1027451, 32837664, 72803, 25504800, 398559]]
Arch_Param: [64, 1024, 16384, 4, 512, 512]
Samsung_cost: [45204218016.0, [801777.5, 25656353, 820922876, 1023521, 817875644, 204916065]] [35226962958.0, [618351.0, 19783791, 633078168, 629871, 631701912, 170265711]] [2948117560.0, [52170.0, 1669140, 53412240, 104980, 53412240, 13352970]] [48059348592.0, [850868.0, 27227176, 871269392, 309352, 871269392, 217817108]] [3620160652.0, [64094.0, 2050822, 65626136, 32966, 65626136, 16406534]] [2708928617142.0, [47949693.0, 1534385247, 49100323449, 42720639, 49099264377, 12275812827]] [84763681442.0, [1505424.0, 48173115, 1541539680, 1830779, 1533183840, 383164959]]
Model_cost: [14895741033.31081, [1890.1182432432433, 20907553, 668963196, 1271809, 49399997, 771938]] [3933790278.0, [7461.0, 2666607, 85328280, 86895, 77870232, 1216827]] [303829068.75, [15.3125, 195220, 6246800, 13140, 6246800, 104010]] [5078454941.5, [2511.625, 3327912, 106001424, 38704, 103508112, 1641638]] [920881848.0, [360.0, 1087878, 34713624, 28870, 7792856, 121881]] [298169467396.7999, [1100.1000000000001, 191813655, 6138011769, 5340891, 6137123253, 95892711]] [1387762505.0, [132.25, 1027451, 32837664, 72803, 25504800, 398559]]
Arch_Param: [64, 1024, 16384, 4, 1024, 64]
Samsung_cost: [45272183968.0, [801777.5, 12834849, 820922876, 6444065, 817875644, 204916065]] [35281607694.0, [618351.0, 9891951, 633078168, 4912239, 631701912, 170265711]] [2951650100.0, [52170.0, 834570, 53412240, 417290, 53412240, 13352970]] [48147838184.0, [850868.0, 13613588, 871269392, 6806804, 871269392, 217817108]] [3626613388.0, [64094.0, 1025414, 65626136, 512710, 65626136, 16406534]] [2713359237942.0, [47949693.0, 767192703, 49100323449, 383602047, 49099264377, 12275812827]] [84893542474.0, [1505424.0, 24086559, 1541539680, 12112927, 1533183840, 383164959]]
Model_cost: [15056018857.31081, [1890.1182432432433, 10460257, 668963196, 10456673, 49399997, 771938]] [3928457286.0, [7461.0, 1333359, 85328280, 86895, 77870232, 1216827]] [303464008.75, [15.3125, 104010, 6246800, 13130, 6246800, 104010]] [5071865237.5, [2511.625, 1680596, 106001424, 38684, 103508112, 1641638]] [919215772.0, [359.0, 545990, 34713624, 84166, 7767768, 121433]] [297785841940.7999, [1100.1000000000001, 95907291, 6138011769, 5340891, 6137123253, 95892711]] [1386234225.0, [132.25, 515295, 32837664, 96455, 25504800, 398559]]
Arch_Param: [64, 1024, 16384, 4, 1024, 128]
Samsung_cost: [45152932000.0, [801777.5, 12834849, 820922876, 1023521, 817875644, 204916065]] [35187395598.0, [618351.0, 9891951, 633078168, 629871, 631701912, 170265711]] [2944779060.0, [52170.0, 834570, 53412240, 104970, 53412240, 13352970]] [48004893800.0, [850868.0, 13613588, 871269392, 309332, 871269392, 217817108]] [3616059020.0, [64094.0, 1025414, 65626136, 32966, 65626136, 16406534]] [2705859846966.0, [47949693.0, 767192703, 49100323449, 42720639, 49099264377, 12275812827]] [84667334602.0, [1505424.0, 24086559, 1541539680, 1830751, 1533183840, 383164959]]
Model_cost: [15056018857.31081, [1890.1182432432433, 10460257, 668963196, 10456673, 49399997, 771938]] [3928457286.0, [7461.0, 1333359, 85328280, 86895, 77870232, 1216827]] [303464008.75, [15.3125, 104010, 6246800, 13130, 6246800, 104010]] [5071865237.5, [2511.625, 1680596, 106001424, 38684, 103508112, 1641638]] [919215772.0, [359.0, 545990, 34713624, 84166, 7767768, 121433]] [297785841940.7999, [1100.1000000000001, 95907291, 6138011769, 5340891, 6137123253, 95892711]] [1386234225.0, [132.25, 515295, 32837664, 96455, 25504800, 398559]]
Arch_Param: [64, 1024, 16384, 4, 1024, 256]
Samsung_cost: [45152932000.0, [801777.5, 12834849, 820922876, 1023521, 817875644, 204916065]] [35187395598.0, [618351.0, 9891951, 633078168, 629871, 631701912, 170265711]] [2944779060.0, [52170.0, 834570, 53412240, 104970, 53412240, 13352970]] [48004893800.0, [850868.0, 13613588, 871269392, 309332, 871269392, 217817108]] [3616059020.0, [64094.0, 1025414, 65626136, 32966, 65626136, 16406534]] [2705859846966.0, [47949693.0, 767192703, 49100323449, 42720639, 49099264377, 12275812827]] [84667334602.0, [1505424.0, 24086559, 1541539680, 1830751, 1533183840, 383164959]]
Model_cost: [14853951849.31081, [1890.1182432432433, 10460257, 668963196, 1271809, 49399997, 771938]] [3928457286.0, [7461.0, 1333359, 85328280, 86895, 77870232, 1216827]] [303464008.75, [15.3125, 104010, 6246800, 13130, 6246800, 104010]] [5071865237.5, [2511.625, 1680596, 106001424, 38684, 103508112, 1641638]] [918539932.0, [359.0, 545990, 34713624, 53446, 7767768, 121433]] [297785841940.7999, [1100.1000000000001, 95907291, 6138011769, 5340891, 6137123253, 95892711]] [1385575281.0, [132.25, 515295, 32837664, 66503, 25504800, 398559]]
Arch_Param: [64, 1024, 16384, 4, 1024, 512]
Samsung_cost: [45152932000.0, [801777.5, 12834849, 820922876, 1023521, 817875644, 204916065]] [35187395598.0, [618351.0, 9891951, 633078168, 629871, 631701912, 170265711]] [2944779060.0, [52170.0, 834570, 53412240, 104970, 53412240, 13352970]] [48004893800.0, [850868.0, 13613588, 871269392, 309332, 871269392, 217817108]] [3616059020.0, [64094.0, 1025414, 65626136, 32966, 65626136, 16406534]] [2705859846966.0, [47949693.0, 767192703, 49100323449, 42720639, 49099264377, 12275812827]] [84667334602.0, [1505424.0, 24086559, 1541539680, 1830751, 1533183840, 383164959]]
Model_cost: [14853951849.31081, [1890.1182432432433, 10460257, 668963196, 1271809, 49399997, 771938]] [3928457286.0, [7461.0, 1333359, 85328280, 86895, 77870232, 1216827]] [303464008.75, [15.3125, 104010, 6246800, 13130, 6246800, 104010]] [5071865237.5, [2511.625, 1680596, 106001424, 38684, 103508112, 1641638]] [918539932.0, [359.0, 545990, 34713624, 53446, 7767768, 121433]] [297785841940.7999, [1100.1000000000001, 95907291, 6138011769, 5340891, 6137123253, 95892711]] [1385575281.0, [132.25, 515295, 32837664, 66503, 25504800, 398559]]
Arch_Param: [64, 1024, 16384, 8, 256, 64]
Samsung_cost: [22809813486.0, [402609.5, 25765412, 412205564, 3236900, 410503868, 103073121]] [35400309774.0, [618351.0, 39567471, 633078168, 4912239, 631701912, 170265711]] [2961665340.0, [52170.0, 3338270, 53412240, 417310, 53412240, 13352970]] [48311202300.0, [850868.0, 54454342, 871269392, 6806854, 871269392, 217817108]] [3505598844.0, [61746.0, 3951366, 63221784, 493926, 63221784, 15805446]] [2722565548470.0, [47949693.0, 3068770335, 49100323449, 383602047, 49099264377, 12275812827]] [84247616800.0, [1486224.0, 95117430, 1521878880, 11924598, 1517979488, 379363871]]
Model_cost: [8800608996.405405, [1020.8716216216217, 22447780, 359125692, 5611876, 49399997, 771938]] [3944456262.0, [7461.0, 5333103, 85328280, 86895, 77870232, 1216827]] [304610128.75, [15.3125, 390430, 6246800, 13150, 6246800, 104010]] [5091685289.5, [2511.625, 6635334, 106001424, 38734, 103508112, 1641638]] [574119452.0, [183.0, 1085830, 17356824, 78950, 7767768, 121433]] [298936718308.7999, [1100.1000000000001, 383626383, 6138011769, 5340891, 6137123253, 95892711]] [1304347123.0, [97.25, 1783542, 28515872, 72670, 25504800, 398559]]
Arch_Param: [64, 1024, 16384, 8, 256, 128]
Samsung_cost: [22750029806.0, [402609.5, 25765412, 412205564, 519460, 410503868, 103073121]] [35306097678.0, [618351.0, 39567471, 633078168, 629871, 631701912, 170265711]] [2954794300.0, [52170.0, 3338270, 53412240, 104990, 53412240, 13352970]] [48168257916.0, [850868.0, 54454342, 871269392, 309382, 871269392, 217817108]] [3495388028.0, [61746.0, 3951366, 63221784, 29798, 63221784, 15805446]] [2715066157494.0, [47949693.0, 3068770335, 49100323449, 42720639, 49099264377, 12275812827]] [84023121056.0, [1486224.0, 95117430, 1521878880, 1720246, 1517979488, 379363871]]
Model_cost: [8691803684.405405, [1020.8716216216217, 22447780, 359125692, 666180, 49399997, 771938]] [3944456262.0, [7461.0, 5333103, 85328280, 86895, 77870232, 1216827]] [304610128.75, [15.3125, 390430, 6246800, 13150, 6246800, 104010]] [5091685289.5, [2511.625, 6635334, 106001424, 38734, 103508112, 1641638]] [573781532.0, [183.0, 1085830, 17356824, 63590, 7767768, 121433]] [298936718308.7999, [1100.1000000000001, 383626383, 6138011769, 5340891, 6137123253, 95892711]] [1303992307.0, [97.25, 1783542, 28515872, 56542, 25504800, 398559]]
Arch_Param: [64, 1024, 16384, 8, 256, 256]
Samsung_cost: [22750029806.0, [402609.5, 25765412, 412205564, 519460, 410503868, 103073121]] [35306097678.0, [618351.0, 39567471, 633078168, 629871, 631701912, 170265711]] [2954794300.0, [52170.0, 3338270, 53412240, 104990, 53412240, 13352970]] [48168257916.0, [850868.0, 54454342, 871269392, 309382, 871269392, 217817108]] [3495388028.0, [61746.0, 3951366, 63221784, 29798, 63221784, 15805446]] [2715066157494.0, [47949693.0, 3068770335, 49100323449, 42720639, 49099264377, 12275812827]] [84023121056.0, [1486224.0, 95117430, 1521878880, 1720246, 1517979488, 379363871]]
Model_cost: [8691803684.405405, [1020.8716216216217, 22447780, 359125692, 666180, 49399997, 771938]] [3944456262.0, [7461.0, 5333103, 85328280, 86895, 77870232, 1216827]] [304610128.75, [15.3125, 390430, 6246800, 13150, 6246800, 104010]] [5091685289.5, [2511.625, 6635334, 106001424, 38734, 103508112, 1641638]] [573415224.0, [184.0, 1085830, 17356824, 14438, 7792856, 121881]] [298936718308.7999, [1100.1000000000001, 383626383, 6138011769, 5340891, 6137123253, 95892711]] [1303992307.0, [97.25, 1783542, 28515872, 56542, 25504800, 398559]]
Arch_Param: [64, 1024, 16384, 8, 512, 64]
Samsung_cost: [22758283680.0, [402609.5, 12882977, 412205564, 3236897, 410503868, 103073121]] [35321175054.0, [618351.0, 19783791, 633078168, 4912239, 631701912, 170265711]] [2954988600.0, [52170.0, 1669140, 53412240, 417300, 53412240, 13352970]] [48202292976.0, [850868.0, 27227176, 871269392, 6806824, 871269392, 217817108]] [3497696124.0, [61746.0, 1975686, 63221784, 493926, 63221784, 15805446]] [2716428008118.0, [47949693.0, 1534385247, 49100323449, 383602047, 49099264377, 12275812827]] [84057380642.0, [1486224.0, 47558715, 1521878880, 11924539, 1517979488, 379363871]]
Model_cost: [8755714454.405405, [1020.8716216216217, 11224161, 359125692, 5611873, 49399997, 771938]] [3933790278.0, [7461.0, 2666607, 85328280, 86895, 77870232, 1216827]] [303829068.75, [15.3125, 195220, 6246800, 13140, 6246800, 104010]] [5078454941.5, [2511.625, 3327912, 106001424, 38704, 103508112, 1641638]] [571411228.0, [183.0, 543942, 17356824, 54374, 7767768, 121433]] [298169467396.7999, [1100.1000000000001, 191813655, 6138011769, 5340891, 6137123253, 95892711]] [1300602741.0, [97.25, 891771, 28515872, 64611, 25504800, 398559]]
Arch_Param: [64, 1024, 16384, 8, 512, 128]
Samsung_cost: [22698500000.0, [402609.5, 12882977, 412205564, 519457, 410503868, 103073121]] [35226962958.0, [618351.0, 19783791, 633078168, 629871, 631701912, 170265711]] [2948117560.0, [52170.0, 1669140, 53412240, 104980, 53412240, 13352970]] [48059348592.0, [850868.0, 27227176, 871269392, 309352, 871269392, 217817108]] [3487485308.0, [61746.0, 1975686, 63221784, 29798, 63221784, 15805446]] [2708928617142.0, [47949693.0, 1534385247, 49100323449, 42720639, 49099264377, 12275812827]] [83832884898.0, [1486224.0, 47558715, 1521878880, 1720187, 1517979488, 379363871]]
Model_cost: [8646909142.405405, [1020.8716216216217, 11224161, 359125692, 666177, 49399997, 771938]] [3933790278.0, [7461.0, 2666607, 85328280, 86895, 77870232, 1216827]] [303829068.75, [15.3125, 195220, 6246800, 13140, 6246800, 104010]] [5078454941.5, [2511.625, 3327912, 106001424, 38704, 103508112, 1641638]] [571073308.0, [183.0, 543942, 17356824, 39014, 7767768, 121433]] [298169467396.7999, [1100.1000000000001, 191813655, 6138011769, 5340891, 6137123253, 95892711]] [1300247925.0, [97.25, 891771, 28515872, 48483, 25504800, 398559]]
Arch_Param: [64, 1024, 16384, 8, 512, 256]
Samsung_cost: [22698500000.0, [402609.5, 12882977, 412205564, 519457, 410503868, 103073121]] [35226962958.0, [618351.0, 19783791, 633078168, 629871, 631701912, 170265711]] [2948117560.0, [52170.0, 1669140, 53412240, 104980, 53412240, 13352970]] [48059348592.0, [850868.0, 27227176, 871269392, 309352, 871269392, 217817108]] [3487485308.0, [61746.0, 1975686, 63221784, 29798, 63221784, 15805446]] [2708928617142.0, [47949693.0, 1534385247, 49100323449, 42720639, 49099264377, 12275812827]] [83832884898.0, [1486224.0, 47558715, 1521878880, 1720187, 1517979488, 379363871]]
Model_cost: [8646909142.405405, [1020.8716216216217, 11224161, 359125692, 666177, 49399997, 771938]] [3933790278.0, [7461.0, 2666607, 85328280, 86895, 77870232, 1216827]] [303829068.75, [15.3125, 195220, 6246800, 13140, 6246800, 104010]] [5078454941.5, [2511.625, 3327912, 106001424, 38704, 103508112, 1641638]] [571073308.0, [183.0, 543942, 17356824, 39014, 7767768, 121433]] [298169467396.7999, [1100.1000000000001, 191813655, 6138011769, 5340891, 6137123253, 95892711]] [1300247925.0, [97.25, 891771, 28515872, 48483, 25504800, 398559]]
Arch_Param: [64, 1024, 16384, 8, 512, 512]
Samsung_cost: [22698500000.0, [402609.5, 12882977, 412205564, 519457, 410503868, 103073121]] [35226962958.0, [618351.0, 19783791, 633078168, 629871, 631701912, 170265711]] [2948117560.0, [52170.0, 1669140, 53412240, 104980, 53412240, 13352970]] [48059348592.0, [850868.0, 27227176, 871269392, 309352, 871269392, 217817108]] [3487485308.0, [61746.0, 1975686, 63221784, 29798, 63221784, 15805446]] [2708928617142.0, [47949693.0, 1534385247, 49100323449, 42720639, 49099264377, 12275812827]] [83832884898.0, [1486224.0, 47558715, 1521878880, 1720187, 1517979488, 379363871]]
Model_cost: [8645465942.405405, [1020.8716216216217, 11224161, 359125692, 600577, 49399997, 771938]] [3933790278.0, [7461.0, 2666607, 85328280, 86895, 77870232, 1216827]] [303829068.75, [15.3125, 195220, 6246800, 13140, 6246800, 104010]] [5078454941.5, [2511.625, 3327912, 106001424, 38704, 103508112, 1641638]] [570431260.0, [183.0, 543942, 17356824, 9830, 7767768, 121433]] [298169467396.7999, [1100.1000000000001, 191813655, 6138011769, 5340891, 6137123253, 95892711]] [1300107125.0, [97.25, 891771, 28515872, 42083, 25504800, 398559]]
Arch_Param: [64, 1024, 16384, 8, 1024, 64]
Samsung_cost: [22732532128.0, [402609.5, 6445089, 412205564, 3236897, 410503868, 103073121]] [35281607694.0, [618351.0, 9891951, 633078168, 4912239, 631701912, 170265711]] [2951650100.0, [52170.0, 834570, 53412240, 417290, 53412240, 13352970]] [48147838184.0, [850868.0, 13613588, 871269392, 6806804, 871269392, 217817108]] [3493744764.0, [61746.0, 987846, 63221784, 493926, 63221784, 15805446]] [2713359237942.0, [47949693.0, 767192703, 49100323449, 383602047, 49099264377, 12275812827]] [83962262602.0, [1486224.0, 23779359, 1521878880, 11924511, 1517979488, 379363871]]
Model_cost: [8733279638.405405, [1020.8716216216217, 5615457, 359125692, 5611873, 49399997, 771938]] [3928457286.0, [7461.0, 1333359, 85328280, 86895, 77870232, 1216827]] [303464008.75, [15.3125, 104010, 6246800, 13130, 6246800, 104010]] [5071865237.5, [2511.625, 1680596, 106001424, 38684, 103508112, 1641638]] [570057116.0, [183.0, 272998, 17356824, 42086, 7767768, 121433]] [297785841940.7999, [1100.1000000000001, 95907291, 6138011769, 5340891, 6137123253, 95892711]] [1298751389.0, [97.25, 446687, 28515872, 61383, 25504800, 398559]]
Arch_Param: [64, 1024, 16384, 8, 1024, 128]
Samsung_cost: [22672748448.0, [402609.5, 6445089, 412205564, 519457, 410503868, 103073121]] [35187395598.0, [618351.0, 9891951, 633078168, 629871, 631701912, 170265711]] [2944779060.0, [52170.0, 834570, 53412240, 104970, 53412240, 13352970]] [48004893800.0, [850868.0, 13613588, 871269392, 309332, 871269392, 217817108]] [3483533948.0, [61746.0, 987846, 63221784, 29798, 63221784, 15805446]] [2705859846966.0, [47949693.0, 767192703, 49100323449, 42720639, 49099264377, 12275812827]] [83737766858.0, [1486224.0, 23779359, 1521878880, 1720159, 1517979488, 379363871]]
Model_cost: [8624474326.405405, [1020.8716216216217, 5615457, 359125692, 666177, 49399997, 771938]] [3928457286.0, [7461.0, 1333359, 85328280, 86895, 77870232, 1216827]] [303464008.75, [15.3125, 104010, 6246800, 13130, 6246800, 104010]] [5071865237.5, [2511.625, 1680596, 106001424, 38684, 103508112, 1641638]] [569719196.0, [183.0, 272998, 17356824, 26726, 7767768, 121433]] [297785841940.7999, [1100.1000000000001, 95907291, 6138011769, 5340891, 6137123253, 95892711]] [1298396573.0, [97.25, 446687, 28515872, 45255, 25504800, 398559]]
Arch_Param: [64, 1024, 16384, 8, 1024, 256]
Samsung_cost: [22672748448.0, [402609.5, 6445089, 412205564, 519457, 410503868, 103073121]] [35187395598.0, [618351.0, 9891951, 633078168, 629871, 631701912, 170265711]] [2944779060.0, [52170.0, 834570, 53412240, 104970, 53412240, 13352970]] [48004893800.0, [850868.0, 13613588, 871269392, 309332, 871269392, 217817108]] [3483533948.0, [61746.0, 987846, 63221784, 29798, 63221784, 15805446]] [2705859846966.0, [47949693.0, 767192703, 49100323449, 42720639, 49099264377, 12275812827]] [83737766858.0, [1486224.0, 23779359, 1521878880, 1720159, 1517979488, 379363871]]
Model_cost: [8624474326.405405, [1020.8716216216217, 5615457, 359125692, 666177, 49399997, 771938]] [3928457286.0, [7461.0, 1333359, 85328280, 86895, 77870232, 1216827]] [303464008.75, [15.3125, 104010, 6246800, 13130, 6246800, 104010]] [5071865237.5, [2511.625, 1680596, 106001424, 38684, 103508112, 1641638]] [569719196.0, [183.0, 272998, 17356824, 26726, 7767768, 121433]] [297785841940.7999, [1100.1000000000001, 95907291, 6138011769, 5340891, 6137123253, 95892711]] [1298396573.0, [97.25, 446687, 28515872, 45255, 25504800, 398559]]
Arch_Param: [64, 1024, 16384, 8, 1024, 512]
Samsung_cost: [22672748448.0, [402609.5, 6445089, 412205564, 519457, 410503868, 103073121]] [35187395598.0, [618351.0, 9891951, 633078168, 629871, 631701912, 170265711]] [2944779060.0, [52170.0, 834570, 53412240, 104970, 53412240, 13352970]] [48004893800.0, [850868.0, 13613588, 871269392, 309332, 871269392, 217817108]] [3483533948.0, [61746.0, 987846, 63221784, 29798, 63221784, 15805446]] [2705859846966.0, [47949693.0, 767192703, 49100323449, 42720639, 49099264377, 12275812827]] [83737766858.0, [1486224.0, 23779359, 1521878880, 1720159, 1517979488, 379363871]]
Model_cost: [8623031126.405405, [1020.8716216216217, 5615457, 359125692, 600577, 49399997, 771938]] [3928457286.0, [7461.0, 1333359, 85328280, 86895, 77870232, 1216827]] [303464008.75, [15.3125, 104010, 6246800, 13130, 6246800, 104010]] [5071865237.5, [2511.625, 1680596, 106001424, 38684, 103508112, 1641638]] [569347484.0, [183.0, 272998, 17356824, 9830, 7767768, 121433]] [297785841940.7999, [1100.1000000000001, 95907291, 6138011769, 5340891, 6137123253, 95892711]] [1298326173.0, [97.25, 446687, 28515872, 42055, 25504800, 398559]]
Arch_Param: [64, 1024, 16384, 16, 256, 64]
Samsung_cost: [22261290350.0, [392401.5, 25112100, 401767932, 3146788, 400935612, 100681057]] [35400309774.0, [618351.0, 39567471, 633078168, 4912239, 631701912, 170265711]] [2961665340.0, [52170.0, 3338270, 53412240, 417310, 53412240, 13352970]] [48311202300.0, [850868.0, 54454342, 871269392, 6806854, 871269392, 217817108]] [3468010484.0, [61084.0, 3908998, 62543896, 488630, 62543896, 15635974]] [2722565548470.0, [47949693.0, 3068770335, 49100323449, 383602047, 49099264377, 12275812827]] [84131331360.0, [1484176.0, 94986358, 1519781728, 11908214, 1515882336, 378839583]]
Model_cost: [5549177963.081081, [586.8243243243244, 12767908, 204263100, 364260, 49399997, 771938]] [3944456262.0, [7461.0, 5333103, 85328280, 86895, 77870232, 1216827]] [304610128.75, [15.3125, 390430, 6246800, 13150, 6246800, 104010]] [5091685289.5, [2511.625, 6635334, 106001424, 38734, 103508112, 1641638]] [397339996.0, [95.0, 542918, 8678424, 31798, 7767768, 121433]] [298936718308.7999, [1100.1000000000001, 383626383, 6138011769, 5340891, 6137123253, 95892711]] [1259879177.0, [79.75, 1647862, 26354976, 40542, 25504800, 398559]]
Arch_Param: [64, 1024, 16384, 16, 256, 128]
Samsung_cost: [22202678126.0, [392401.5, 25112100, 401767932, 482596, 400935612, 100681057]] [35306097678.0, [618351.0, 39567471, 633078168, 629871, 631701912, 170265711]] [2954794300.0, [52170.0, 3338270, 53412240, 104990, 53412240, 13352970]] [48168257916.0, [850868.0, 54454342, 871269392, 309382, 871269392, 217817108]] [3457892596.0, [61084.0, 3908998, 62543896, 28726, 62543896, 15635974]] [2715066157494.0, [47949693.0, 3068770335, 49100323449, 42720639, 49099264377, 12275812827]] [83907015840.0, [1484176.0, 94986358, 1519781728, 1712054, 1515882336, 378839583]]
Model_cost: [5549177963.081081, [586.8243243243244, 12767908, 204263100, 364260, 49399997, 771938]] [3944456262.0, [7461.0, 5333103, 85328280, 86895, 77870232, 1216827]] [304610128.75, [15.3125, 390430, 6246800, 13150, 6246800, 104010]] [5091685289.5, [2511.625, 6635334, 106001424, 38734, 103508112, 1641638]] [397339996.0, [95.0, 542918, 8678424, 31798, 7767768, 121433]] [298936718308.7999, [1100.1000000000001, 383626383, 6138011769, 5340891, 6137123253, 95892711]] [1259879177.0, [79.75, 1647862, 26354976, 40542, 25504800, 398559]]
Arch_Param: [64, 1024, 16384, 16, 256, 256]
Samsung_cost: [22202678126.0, [392401.5, 25112100, 401767932, 482596, 400935612, 100681057]] [35306097678.0, [618351.0, 39567471, 633078168, 629871, 631701912, 170265711]] [2954794300.0, [52170.0, 3338270, 53412240, 104990, 53412240, 13352970]] [48168257916.0, [850868.0, 54454342, 871269392, 309382, 871269392, 217817108]] [3457892596.0, [61084.0, 3908998, 62543896, 28726, 62543896, 15635974]] [2715066157494.0, [47949693.0, 3068770335, 49100323449, 42720639, 49099264377, 12275812827]] [83907015840.0, [1484176.0, 94986358, 1519781728, 1712054, 1515882336, 378839583]]
Model_cost: [5548427499.081081, [586.8243243243244, 12767908, 204263100, 330148, 49399997, 771938]] [3944456262.0, [7461.0, 5333103, 85328280, 86895, 77870232, 1216827]] [304610128.75, [15.3125, 390430, 6246800, 13150, 6246800, 104010]] [5091685289.5, [2511.625, 6635334, 106001424, 38734, 103508112, 1641638]] [396748636.0, [95.0, 542918, 8678424, 4918, 7767768, 121433]] [298936718308.7999, [1100.1000000000001, 383626383, 6138011769, 5340891, 6137123253, 95892711]] [1259714441.0, [79.75, 1647862, 26354976, 33054, 25504800, 398559]]
Arch_Param: [64, 1024, 16384, 16, 512, 64]
Samsung_cost: [22211067168.0, [392401.5, 12556321, 401767932, 3146785, 400935612, 100681057]] [35321175054.0, [618351.0, 19783791, 633078168, 4912239, 631701912, 170265711]] [2954988600.0, [52170.0, 1669140, 53412240, 417300, 53412240, 13352970]] [48202292976.0, [850868.0, 27227176, 871269392, 6806824, 871269392, 217817108]] [3460192500.0, [61084.0, 1954502, 62543896, 488630, 62543896, 15635974]] [2716428008118.0, [47949693.0, 1534385247, 49100323449, 383602047, 49099264377, 12275812827]] [83941357346.0, [1484176.0, 47493179, 1519781728, 11908155, 1515882336, 378839583]]
Model_cost: [5523643165.081081, [586.8243243243244, 6384225, 204263100, 364257, 49399997, 771938]] [3933790278.0, [7461.0, 2666607, 85328280, 86895, 77870232, 1216827]] [303829068.75, [15.3125, 195220, 6246800, 13140, 6246800, 104010]] [5078454941.5, [2511.625, 3327912, 106001424, 38704, 103508112, 1641638]] [395985884.0, [95.0, 271974, 8678424, 19510, 7767768, 121433]] [298169467396.7999, [1100.1000000000001, 191813655, 6138011769, 5340891, 6137123253, 95892711]] [1256490635.0, [79.75, 823931, 26354976, 36323, 25504800, 398559]]
Arch_Param: [64, 1024, 16384, 16, 512, 128]
Samsung_cost: [22152454944.0, [392401.5, 12556321, 401767932, 482593, 400935612, 100681057]] [35226962958.0, [618351.0, 19783791, 633078168, 629871, 631701912, 170265711]] [2948117560.0, [52170.0, 1669140, 53412240, 104980, 53412240, 13352970]] [48059348592.0, [850868.0, 27227176, 871269392, 309352, 871269392, 217817108]] [3450074612.0, [61084.0, 1954502, 62543896, 28726, 62543896, 15635974]] [2708928617142.0, [47949693.0, 1534385247, 49100323449, 42720639, 49099264377, 12275812827]] [83717041826.0, [1484176.0, 47493179, 1519781728, 1711995, 1515882336, 378839583]]
Model_cost: [5523643165.081081, [586.8243243243244, 6384225, 204263100, 364257, 49399997, 771938]] [3933790278.0, [7461.0, 2666607, 85328280, 86895, 77870232, 1216827]] [303829068.75, [15.3125, 195220, 6246800, 13140, 6246800, 104010]] [5078454941.5, [2511.625, 3327912, 106001424, 38704, 103508112, 1641638]] [395985884.0, [95.0, 271974, 8678424, 19510, 7767768, 121433]] [298169467396.7999, [1100.1000000000001, 191813655, 6138011769, 5340891, 6137123253, 95892711]] [1256490635.0, [79.75, 823931, 26354976, 36323, 25504800, 398559]]
Arch_Param: [64, 1024, 16384, 16, 512, 256]
Samsung_cost: [22152454944.0, [392401.5, 12556321, 401767932, 482593, 400935612, 100681057]] [35226962958.0, [618351.0, 19783791, 633078168, 629871, 631701912, 170265711]] [2948117560.0, [52170.0, 1669140, 53412240, 104980, 53412240, 13352970]] [48059348592.0, [850868.0, 27227176, 871269392, 309352, 871269392, 217817108]] [3450074612.0, [61084.0, 1954502, 62543896, 28726, 62543896, 15635974]] [2708928617142.0, [47949693.0, 1534385247, 49100323449, 42720639, 49099264377, 12275812827]] [83717041826.0, [1484176.0, 47493179, 1519781728, 1711995, 1515882336, 378839583]]
Model_cost: [5522892701.081081, [586.8243243243244, 6384225, 204263100, 330145, 49399997, 771938]] [3933790278.0, [7461.0, 2666607, 85328280, 86895, 77870232, 1216827]] [303829068.75, [15.3125, 195220, 6246800, 13140, 6246800, 104010]] [5078454941.5, [2511.625, 3327912, 106001424, 38704, 103508112, 1641638]] [395664860.0, [95.0, 271974, 8678424, 4918, 7767768, 121433]] [298169467396.7999, [1100.1000000000001, 191813655, 6138011769, 5340891, 6137123253, 95892711]] [1256417419.0, [79.75, 823931, 26354976, 32995, 25504800, 398559]]
Arch_Param: [64, 1024, 16384, 16, 512, 512]
Samsung_cost: [22152454944.0, [392401.5, 12556321, 401767932, 482593, 400935612, 100681057]] [35226962958.0, [618351.0, 19783791, 633078168, 629871, 631701912, 170265711]] [2948117560.0, [52170.0, 1669140, 53412240, 104980, 53412240, 13352970]] [48059348592.0, [850868.0, 27227176, 871269392, 309352, 871269392, 217817108]] [3450074612.0, [61084.0, 1954502, 62543896, 28726, 62543896, 15635974]] [2708928617142.0, [47949693.0, 1534385247, 49100323449, 42720639, 49099264377, 12275812827]] [83717041826.0, [1484176.0, 47493179, 1519781728, 1711995, 1515882336, 378839583]]
Model_cost: [5522892701.081081, [586.8243243243244, 6384225, 204263100, 330145, 49399997, 771938]] [3933790278.0, [7461.0, 2666607, 85328280, 86895, 77870232, 1216827]] [303829068.75, [15.3125, 195220, 6246800, 13140, 6246800, 104010]] [5078454941.5, [2511.625, 3327912, 106001424, 38704, 103508112, 1641638]] [395664860.0, [95.0, 271974, 8678424, 4918, 7767768, 121433]] [298169467396.7999, [1100.1000000000001, 191813655, 6138011769, 5340891, 6137123253, 95892711]] [1256417419.0, [79.75, 823931, 26354976, 32995, 25504800, 398559]]
Arch_Param: [64, 1024, 16384, 16, 1024, 64]
Samsung_cost: [22185962784.0, [392401.5, 6280225, 401767932, 3146785, 400935612, 100681057]] [35281607694.0, [618351.0, 9891951, 633078168, 4912239, 631701912, 170265711]] [2951650100.0, [52170.0, 834570, 53412240, 417290, 53412240, 13352970]] [48147838184.0, [850868.0, 13613588, 871269392, 6806804, 871269392, 217817108]] [3456283508.0, [61084.0, 977254, 62543896, 488630, 62543896, 15635974]] [2713359237942.0, [47949693.0, 767192703, 49100323449, 383602047, 49099264377, 12275812827]] [83846370378.0, [1484176.0, 23746591, 1519781728, 11908127, 1515882336, 378839583]]
Model_cost: [5510882077.081081, [586.8243243243244, 3193953, 204263100, 364257, 49399997, 771938]] [3928457286.0, [7461.0, 1333359, 85328280, 86895, 77870232, 1216827]] [303464008.75, [15.3125, 104010, 6246800, 13130, 6246800, 104010]] [5071865237.5, [2511.625, 1680596, 106001424, 38684, 103508112, 1641638]] [395308828.0, [95.0, 136502, 8678424, 13366, 7767768, 121433]] [297785841940.7999, [1100.1000000000001, 95907291, 6138011769, 5340891, 6137123253, 95892711]] [1254807219.0, [79.75, 412383, 26354976, 34631, 25504800, 398559]]
Arch_Param: [64, 1024, 16384, 16, 1024, 128]
Samsung_cost: [22127350560.0, [392401.5, 6280225, 401767932, 482593, 400935612, 100681057]] [35187395598.0, [618351.0, 9891951, 633078168, 629871, 631701912, 170265711]] [2944779060.0, [52170.0, 834570, 53412240, 104970, 53412240, 13352970]] [48004893800.0, [850868.0, 13613588, 871269392, 309332, 871269392, 217817108]] [3446165620.0, [61084.0, 977254, 62543896, 28726, 62543896, 15635974]] [2705859846966.0, [47949693.0, 767192703, 49100323449, 42720639, 49099264377, 12275812827]] [83622054858.0, [1484176.0, 23746591, 1519781728, 1711967, 1515882336, 378839583]]
Model_cost: [5510882077.081081, [586.8243243243244, 3193953, 204263100, 364257, 49399997, 771938]] [3928457286.0, [7461.0, 1333359, 85328280, 86895, 77870232, 1216827]] [303464008.75, [15.3125, 104010, 6246800, 13130, 6246800, 104010]] [5071865237.5, [2511.625, 1680596, 106001424, 38684, 103508112, 1641638]] [395308828.0, [95.0, 136502, 8678424, 13366, 7767768, 121433]] [297785841940.7999, [1100.1000000000001, 95907291, 6138011769, 5340891, 6137123253, 95892711]] [1254807219.0, [79.75, 412383, 26354976, 34631, 25504800, 398559]]
Arch_Param: [64, 1024, 16384, 16, 1024, 256]
Samsung_cost: [22127350560.0, [392401.5, 6280225, 401767932, 482593, 400935612, 100681057]] [35187395598.0, [618351.0, 9891951, 633078168, 629871, 631701912, 170265711]] [2944779060.0, [52170.0, 834570, 53412240, 104970, 53412240, 13352970]] [48004893800.0, [850868.0, 13613588, 871269392, 309332, 871269392, 217817108]] [3446165620.0, [61084.0, 977254, 62543896, 28726, 62543896, 15635974]] [2705859846966.0, [47949693.0, 767192703, 49100323449, 42720639, 49099264377, 12275812827]] [83622054858.0, [1484176.0, 23746591, 1519781728, 1711967, 1515882336, 378839583]]
Model_cost: [5510131613.081081, [586.8243243243244, 3193953, 204263100, 330145, 49399997, 771938]] [3928457286.0, [7461.0, 1333359, 85328280, 86895, 77870232, 1216827]] [303464008.75, [15.3125, 104010, 6246800, 13130, 6246800, 104010]] [5071865237.5, [2511.625, 1680596, 106001424, 38684, 103508112, 1641638]] [395122972.0, [95.0, 136502, 8678424, 4918, 7767768, 121433]] [297785841940.7999, [1100.1000000000001, 95907291, 6138011769, 5340891, 6137123253, 95892711]] [1254770611.0, [79.75, 412383, 26354976, 32967, 25504800, 398559]]
Arch_Param: [64, 1024, 16384, 16, 1024, 512]
Samsung_cost: [22127350560.0, [392401.5, 6280225, 401767932, 482593, 400935612, 100681057]] [35187395598.0, [618351.0, 9891951, 633078168, 629871, 631701912, 170265711]] [2944779060.0, [52170.0, 834570, 53412240, 104970, 53412240, 13352970]] [48004893800.0, [850868.0, 13613588, 871269392, 309332, 871269392, 217817108]] [3446165620.0, [61084.0, 977254, 62543896, 28726, 62543896, 15635974]] [2705859846966.0, [47949693.0, 767192703, 49100323449, 42720639, 49099264377, 12275812827]] [83622054858.0, [1484176.0, 23746591, 1519781728, 1711967, 1515882336, 378839583]]
Model_cost: [5510131613.081081, [586.8243243243244, 3193953, 204263100, 330145, 49399997, 771938]] [3928457286.0, [7461.0, 1333359, 85328280, 86895, 77870232, 1216827]] [303464008.75, [15.3125, 104010, 6246800, 13130, 6246800, 104010]] [5071865237.5, [2511.625, 1680596, 106001424, 38684, 103508112, 1641638]] [395122972.0, [95.0, 136502, 8678424, 4918, 7767768, 121433]] [297785841940.7999, [1100.1000000000001, 95907291, 6138011769, 5340891, 6137123253, 95892711]] [1254770611.0, [79.75, 412383, 26354976, 32967, 25504800, 398559]]
Arch_Param: [64, 1024, 16384, 32, 256, 64]
Samsung_cost: [21987028782.0, [387297.5, 24785444, 396549116, 3101732, 396151484, 99485025]] [35400309774.0, [618351.0, 39567471, 633078168, 4912239, 631701912, 170265711]] [2961665340.0, [52170.0, 3338270, 53412240, 417310, 53412240, 13352970]] [48311202300.0, [850868.0, 54454342, 871269392, 6806854, 871269392, 217817108]] [3449216304.0, [60753.0, 3887814, 62204952, 485982, 62204952, 15551238]] [2722565548470.0, [47949693.0, 3068770335, 49100323449, 383602047, 49099264377, 12275812827]] [84073188640.0, [1483152.0, 94920822, 1518733152, 11900022, 1514833760, 378577439]]
Model_cost: [3483572199.9189186, [312.4256756756757, 6404260, 102452412, 185636, 49399997, 771938]] [3944456262.0, [7461.0, 5333103, 85328280, 86895, 77870232, 1216827]] [304610128.75, [15.3125, 390430, 6246800, 13150, 6246800, 104010]] [5091685289.5, [2511.625, 6635334, 106001424, 38734, 103508112, 1641638]] [386128274.0, [65.5, 509030, 8140312, 17566, 7767768, 121433]] [298936718308.7999, [1100.1000000000001, 383626383, 6138011769, 5340891, 6137123253, 95892711]] [1248629359.0, [74.25, 1613302, 25807008, 33630, 25504800, 398559]]
Arch_Param: [64, 1024, 16384, 32, 256, 128]
Samsung_cost: [21929002286.0, [387297.5, 24785444, 396549116, 464164, 396151484, 99485025]] [35306097678.0, [618351.0, 39567471, 633078168, 629871, 631701912, 170265711]] [2954794300.0, [52170.0, 3338270, 53412240, 104990, 53412240, 13352970]] [48168257916.0, [850868.0, 54454342, 871269392, 309382, 871269392, 217817108]] [3439144880.0, [60753.0, 3887814, 62204952, 28190, 62204952, 15551238]] [2715066157494.0, [47949693.0, 3068770335, 49100323449, 42720639, 49099264377, 12275812827]] [83848963232.0, [1483152.0, 94920822, 1518733152, 1707958, 1514833760, 378577439]]
Model_cost: [3483168103.9189186, [312.4256756756757, 6404260, 102452412, 167268, 49399997, 771938]] [3944456262.0, [7461.0, 5333103, 85328280, 86895, 77870232, 1216827]] [304610128.75, [15.3125, 390430, 6246800, 13150, 6246800, 104010]] [5091685289.5, [2511.625, 6635334, 106001424, 38734, 103508112, 1641638]] [385832594.0, [65.5, 509030, 8140312, 4126, 7767768, 121433]] [298936718308.7999, [1100.1000000000001, 383626383, 6138011769, 5340891, 6137123253, 95892711]] [1248540655.0, [74.25, 1613302, 25807008, 29598, 25504800, 398559]]
Arch_Param: [64, 1024, 16384, 32, 256, 256]
Samsung_cost: [21929002286.0, [387297.5, 24785444, 396549116, 464164, 396151484, 99485025]] [35306097678.0, [618351.0, 39567471, 633078168, 629871, 631701912, 170265711]] [2954794300.0, [52170.0, 3338270, 53412240, 104990, 53412240, 13352970]] [48168257916.0, [850868.0, 54454342, 871269392, 309382, 871269392, 217817108]] [3439144880.0, [60753.0, 3887814, 62204952, 28190, 62204952, 15551238]] [2715066157494.0, [47949693.0, 3068770335, 49100323449, 42720639, 49099264377, 12275812827]] [83848963232.0, [1483152.0, 94920822, 1518733152, 1707958, 1514833760, 378577439]]
Model_cost: [3483168103.9189186, [312.4256756756757, 6404260, 102452412, 167268, 49399997, 771938]] [3944456262.0, [7461.0, 5333103, 85328280, 86895, 77870232, 1216827]] [304610128.75, [15.3125, 390430, 6246800, 13150, 6246800, 104010]] [5091685289.5, [2511.625, 6635334, 106001424, 38734, 103508112, 1641638]] [385832594.0, [65.5, 509030, 8140312, 4126, 7767768, 121433]] [298936718308.7999, [1100.1000000000001, 383626383, 6138011769, 5340891, 6137123253, 95892711]] [1248540655.0, [74.25, 1613302, 25807008, 29598, 25504800, 398559]]
Arch_Param: [64, 1024, 16384, 32, 512, 64]
Samsung_cost: [21937458912.0, [387297.5, 12392993, 396549116, 3101729, 396151484, 99485025]] [35321175054.0, [618351.0, 19783791, 633078168, 4912239, 631701912, 170265711]] [2954988600.0, [52170.0, 1669140, 53412240, 417300, 53412240, 13352970]] [48202292976.0, [850868.0, 27227176, 871269392, 6806824, 871269392, 217817108]] [3441440688.0, [60753.0, 1943910, 62204952, 485982, 62204952, 15551238]] [2716428008118.0, [47949693.0, 1534385247, 49100323449, 383602047, 49099264377, 12275812827]] [83883345698.0, [1483152.0, 47460411, 1518733152, 11899963, 1514833760, 378577439]]
Model_cost: [3470764697.9189186, [312.4256756756757, 3202401, 102452412, 185633, 49399997, 771938]] [3933790278.0, [7461.0, 2666607, 85328280, 86895, 77870232, 1216827]] [303829068.75, [15.3125, 195220, 6246800, 13140, 6246800, 104010]] [5078454941.5, [2511.625, 3327912, 106001424, 38704, 103508112, 1641638]] [384976082.0, [65.5, 254774, 8140312, 11422, 7767768, 121433]] [298169467396.7999, [1100.1000000000001, 191813655, 6138011769, 5340891, 6137123253, 95892711]] [1245352177.0, [74.25, 806651, 25807008, 31331, 25504800, 398559]]
Arch_Param: [64, 1024, 16384, 32, 512, 128]
Samsung_cost: [21879432416.0, [387297.5, 12392993, 396549116, 464161, 396151484, 99485025]] [35226962958.0, [618351.0, 19783791, 633078168, 629871, 631701912, 170265711]] [2948117560.0, [52170.0, 1669140, 53412240, 104980, 53412240, 13352970]] [48059348592.0, [850868.0, 27227176, 871269392, 309352, 871269392, 217817108]] [3431369264.0, [60753.0, 1943910, 62204952, 28190, 62204952, 15551238]] [2708928617142.0, [47949693.0, 1534385247, 49100323449, 42720639, 49099264377, 12275812827]] [83659120290.0, [1483152.0, 47460411, 1518733152, 1707899, 1514833760, 378577439]]
Model_cost: [3470360601.9189186, [312.4256756756757, 3202401, 102452412, 167265, 49399997, 771938]] [3933790278.0, [7461.0, 2666607, 85328280, 86895, 77870232, 1216827]] [303829068.75, [15.3125, 195220, 6246800, 13140, 6246800, 104010]] [5078454941.5, [2511.625, 3327912, 106001424, 38704, 103508112, 1641638]] [384815570.0, [65.5, 254774, 8140312, 4126, 7767768, 121433]] [298169467396.7999, [1100.1000000000001, 191813655, 6138011769, 5340891, 6137123253, 95892711]] [1245312753.0, [74.25, 806651, 25807008, 29539, 25504800, 398559]]
Arch_Param: [64, 1024, 16384, 32, 512, 256]
Samsung_cost: [21879432416.0, [387297.5, 12392993, 396549116, 464161, 396151484, 99485025]] [35226962958.0, [618351.0, 19783791, 633078168, 629871, 631701912, 170265711]] [2948117560.0, [52170.0, 1669140, 53412240, 104980, 53412240, 13352970]] [48059348592.0, [850868.0, 27227176, 871269392, 309352, 871269392, 217817108]] [3431369264.0, [60753.0, 1943910, 62204952, 28190, 62204952, 15551238]] [2708928617142.0, [47949693.0, 1534385247, 49100323449, 42720639, 49099264377, 12275812827]] [83659120290.0, [1483152.0, 47460411, 1518733152, 1707899, 1514833760, 378577439]]
Model_cost: [3470360601.9189186, [312.4256756756757, 3202401, 102452412, 167265, 49399997, 771938]] [3933790278.0, [7461.0, 2666607, 85328280, 86895, 77870232, 1216827]] [303829068.75, [15.3125, 195220, 6246800, 13140, 6246800, 104010]] [5078454941.5, [2511.625, 3327912, 106001424, 38704, 103508112, 1641638]] [384815570.0, [65.5, 254774, 8140312, 4126, 7767768, 121433]] [298169467396.7999, [1100.1000000000001, 191813655, 6138011769, 5340891, 6137123253, 95892711]] [1245312753.0, [74.25, 806651, 25807008, 29539, 25504800, 398559]]
Arch_Param: [64, 1024, 16384, 32, 512, 512]
Samsung_cost: [21879432416.0, [387297.5, 12392993, 396549116, 464161, 396151484, 99485025]] [35226962958.0, [618351.0, 19783791, 633078168, 629871, 631701912, 170265711]] [2948117560.0, [52170.0, 1669140, 53412240, 104980, 53412240, 13352970]] [48059348592.0, [850868.0, 27227176, 871269392, 309352, 871269392, 217817108]] [3431369264.0, [60753.0, 1943910, 62204952, 28190, 62204952, 15551238]] [2708928617142.0, [47949693.0, 1534385247, 49100323449, 42720639, 49099264377, 12275812827]] [83659120290.0, [1483152.0, 47460411, 1518733152, 1707899, 1514833760, 378577439]]
Model_cost: [3469515801.9189186, [312.4256756756757, 3202401, 102452412, 128865, 49399997, 771938]] [3933790278.0, [7461.0, 2666607, 85328280, 86895, 77870232, 1216827]] [303829068.75, [15.3125, 195220, 6246800, 13140, 6246800, 104010]] [5078454941.5, [2511.625, 3327912, 106001424, 38704, 103508112, 1641638]] [384815570.0, [65.5, 254774, 8140312, 4126, 7767768, 121433]] [298169467396.7999, [1100.1000000000001, 191813655, 6138011769, 5340891, 6137123253, 95892711]] [1245312753.0, [74.25, 806651, 25807008, 29539, 25504800, 398559]]
Arch_Param: [64, 1024, 16384, 32, 1024, 64]
Samsung_cost: [21912678112.0, [387297.5, 6197793, 396549116, 3101729, 396151484, 99485025]] [35281607694.0, [618351.0, 9891951, 633078168, 4912239, 631701912, 170265711]] [2951650100.0, [52170.0, 834570, 53412240, 417290, 53412240, 13352970]] [48147838184.0, [850868.0, 13613588, 871269392, 6806804, 871269392, 217817108]] [3437552880.0, [60753.0, 971958, 62204952, 485982, 62204952, 15551238]] [2713359237942.0, [47949693.0, 767192703, 49100323449, 383602047, 49099264377, 12275812827]] [83788424266.0, [1483152.0, 23730207, 1518733152, 11899935, 1514833760, 378577439]]
Model_cost: [3464364185.9189186, [312.4256756756757, 1602273, 102452412, 185633, 49399997, 771938]] [3928457286.0, [7461.0, 1333359, 85328280, 86895, 77870232, 1216827]] [303464008.75, [15.3125, 104010, 6246800, 13130, 6246800, 104010]] [5071865237.5, [2511.625, 1680596, 106001424, 38684, 103508112, 1641638]] [384399986.0, [65.5, 127646, 8140312, 8350, 7767768, 121433]] [297785841940.7999, [1100.1000000000001, 95907291, 6138011769, 5340891, 6137123253, 95892711]] [1243719449.0, [74.25, 403551, 25807008, 30407, 25504800, 398559]]
Arch_Param: [64, 1024, 16384, 32, 1024, 128]
Samsung_cost: [21854651616.0, [387297.5, 6197793, 396549116, 464161, 396151484, 99485025]] [35187395598.0, [618351.0, 9891951, 633078168, 629871, 631701912, 170265711]] [2944779060.0, [52170.0, 834570, 53412240, 104970, 53412240, 13352970]] [48004893800.0, [850868.0, 13613588, 871269392, 309332, 871269392, 217817108]] [3427481456.0, [60753.0, 971958, 62204952, 28190, 62204952, 15551238]] [2705859846966.0, [47949693.0, 767192703, 49100323449, 42720639, 49099264377, 12275812827]] [83564198858.0, [1483152.0, 23730207, 1518733152, 1707871, 1514833760, 378577439]]
Model_cost: [3463960089.9189186, [312.4256756756757, 1602273, 102452412, 167265, 49399997, 771938]] [3928457286.0, [7461.0, 1333359, 85328280, 86895, 77870232, 1216827]] [303464008.75, [15.3125, 104010, 6246800, 13130, 6246800, 104010]] [5071865237.5, [2511.625, 1680596, 106001424, 38684, 103508112, 1641638]] [384307058.0, [65.5, 127646, 8140312, 4126, 7767768, 121433]] [297785841940.7999, [1100.1000000000001, 95907291, 6138011769, 5340891, 6137123253, 95892711]] [1243699737.0, [74.25, 403551, 25807008, 29511, 25504800, 398559]]
Arch_Param: [64, 1024, 16384, 32, 1024, 256]
Samsung_cost: [21854651616.0, [387297.5, 6197793, 396549116, 464161, 396151484, 99485025]] [35187395598.0, [618351.0, 9891951, 633078168, 629871, 631701912, 170265711]] [2944779060.0, [52170.0, 834570, 53412240, 104970, 53412240, 13352970]] [48004893800.0, [850868.0, 13613588, 871269392, 309332, 871269392, 217817108]] [3427481456.0, [60753.0, 971958, 62204952, 28190, 62204952, 15551238]] [2705859846966.0, [47949693.0, 767192703, 49100323449, 42720639, 49099264377, 12275812827]] [83564198858.0, [1483152.0, 23730207, 1518733152, 1707871, 1514833760, 378577439]]
Model_cost: [3463960089.9189186, [312.4256756756757, 1602273, 102452412, 167265, 49399997, 771938]] [3928457286.0, [7461.0, 1333359, 85328280, 86895, 77870232, 1216827]] [303464008.75, [15.3125, 104010, 6246800, 13130, 6246800, 104010]] [5071865237.5, [2511.625, 1680596, 106001424, 38684, 103508112, 1641638]] [384307058.0, [65.5, 127646, 8140312, 4126, 7767768, 121433]] [297785841940.7999, [1100.1000000000001, 95907291, 6138011769, 5340891, 6137123253, 95892711]] [1243699737.0, [74.25, 403551, 25807008, 29511, 25504800, 398559]]
Arch_Param: [64, 1024, 16384, 32, 1024, 512]
Samsung_cost: [21854651616.0, [387297.5, 6197793, 396549116, 464161, 396151484, 99485025]] [35187395598.0, [618351.0, 9891951, 633078168, 629871, 631701912, 170265711]] [2944779060.0, [52170.0, 834570, 53412240, 104970, 53412240, 13352970]] [48004893800.0, [850868.0, 13613588, 871269392, 309332, 871269392, 217817108]] [3427481456.0, [60753.0, 971958, 62204952, 28190, 62204952, 15551238]] [2705859846966.0, [47949693.0, 767192703, 49100323449, 42720639, 49099264377, 12275812827]] [83564198858.0, [1483152.0, 23730207, 1518733152, 1707871, 1514833760, 378577439]]
Model_cost: [3463115289.9189186, [312.4256756756757, 1602273, 102452412, 128865, 49399997, 771938]] [3928457286.0, [7461.0, 1333359, 85328280, 86895, 77870232, 1216827]] [303464008.75, [15.3125, 104010, 6246800, 13130, 6246800, 104010]] [5071865237.5, [2511.625, 1680596, 106001424, 38684, 103508112, 1641638]] [384307058.0, [65.5, 127646, 8140312, 4126, 7767768, 121433]] [297785841940.7999, [1100.1000000000001, 95907291, 6138011769, 5340891, 6137123253, 95892711]] [1243699737.0, [74.25, 403551, 25807008, 29511, 25504800, 398559]]
Arch_Param: [64, 1024, 8192, 4, 256, 64]
Samsung_cost: [45448542140.0, [1603522.0, 51312164, 820922876, 6444068, 817875644, 204916065]] [35417620494.0, [1236591.0, 39567471, 633078168, 4912239, 631701912, 170265711]] [2963125820, [104330, 3338270, 53412240, 417310, 53412240, 13352970]] [48335026044, [1701716, 54454342, 871269392, 6806854, 871269392, 217817108]] [3640712748, [128182, 4101638, 65626136, 512710, 65626136, 16406534]] [2723908135422.0, [95899227.0, 3068770335, 49100323449, 383602047, 49099264377, 12275812827]] [85224734496.0, [3010832.0, 96346230, 1541539680, 12113014, 1533183840, 383164959]]
Model_cost: [15181488158.777779, [3747.527777777778, 41814564, 668963196, 10456676, 49399997, 771938]] [3944662062.0, [14811.0, 5333103, 85328280, 86895, 77870232, 1216827]] [304610277.5, [20.625, 390430, 6246800, 13150, 6246800, 104010]] [5091755055.0, [5003.25, 6635334, 106001424, 38734, 103508112, 1641638]] [927350300.0, [711.0, 2171654, 34713624, 157894, 7767768, 121433]] [298936746810.0, [2118.0, 383626383, 6138011769, 5340891, 6137123253, 95892711]] [1392880738.0, [247.5, 2054902, 32837664, 118494, 25504800, 398559]]
Arch_Param: [64, 1024, 8192, 4, 256, 128]
Samsung_cost: [45329290172.0, [1603522.0, 51312164, 820922876, 1023524, 817875644, 204916065]] [35323408398.0, [1236591.0, 39567471, 633078168, 629871, 631701912, 170265711]] [2956254780, [104330, 3338270, 53412240, 104990, 53412240, 13352970]] [48192081660, [1701716, 54454342, 871269392, 309382, 871269392, 217817108]] [3630158380, [128182, 4101638, 65626136, 32966, 65626136, 16406534]] [2716408744446.0, [95899227.0, 3068770335, 49100323449, 42720639, 49099264377, 12275812827]] [84998526624.0, [3010832.0, 96346230, 1541539680, 1830838, 1533183840, 383164959]]
Model_cost: [15181488158.777779, [3747.527777777778, 41814564, 668963196, 10456676, 49399997, 771938]] [3944662062.0, [14811.0, 5333103, 85328280, 86895, 77870232, 1216827]] [304610277.5, [20.625, 390430, 6246800, 13150, 6246800, 104010]] [5091755055.0, [5003.25, 6635334, 106001424, 38734, 103508112, 1641638]] [927350300.0, [711.0, 2171654, 34713624, 157894, 7767768, 121433]] [298936746810.0, [2118.0, 383626383, 6138011769, 5340891, 6137123253, 95892711]] [1392880738.0, [247.5, 2054902, 32837664, 118494, 25504800, 398559]]
Arch_Param: [64, 1024, 8192, 4, 256, 256]
Samsung_cost: [45329290172.0, [1603522.0, 51312164, 820922876, 1023524, 817875644, 204916065]] [35323408398.0, [1236591.0, 39567471, 633078168, 629871, 631701912, 170265711]] [2956254780, [104330, 3338270, 53412240, 104990, 53412240, 13352970]] [48192081660, [1701716, 54454342, 871269392, 309382, 871269392, 217817108]] [3630158380, [128182, 4101638, 65626136, 32966, 65626136, 16406534]] [2716408744446.0, [95899227.0, 3068770335, 49100323449, 42720639, 49099264377, 12275812827]] [84998526624.0, [3010832.0, 96346230, 1541539680, 1830838, 1533183840, 383164959]]
Model_cost: [14979421150.777779, [3747.527777777778, 41814564, 668963196, 1271812, 49399997, 771938]] [3944662062.0, [14811.0, 5333103, 85328280, 86895, 77870232, 1216827]] [304610277.5, [20.625, 390430, 6246800, 13150, 6246800, 104010]] [5091755055.0, [5003.25, 6635334, 106001424, 38734, 103508112, 1641638]] [926656880.0, [714.0, 2171654, 34713624, 28870, 7843032, 122777]] [298936746810.0, [2118.0, 383626383, 6138011769, 5340891, 6137123253, 95892711]] [1392221794.0, [247.5, 2054902, 32837664, 88542, 25504800, 398559]]
Arch_Param: [64, 1024, 8192, 4, 512, 64]
Samsung_cost: [45345918830.0, [1603522.0, 25656353, 820922876, 6444065, 817875644, 204916065]] [35338485774.0, [1236591.0, 19783791, 633078168, 4912239, 631701912, 170265711]] [2956449080, [104330, 1669140, 53412240, 417300, 53412240, 13352970]] [48226116720, [1701716, 27227176, 871269392, 6806824, 871269392, 217817108]] [3632509484, [128182, 2050822, 65626136, 512710, 65626136, 16406534]] [2717770595070.0, [95899227.0, 1534385247, 49100323449, 383602047, 49099264377, 12275812827]] [85032040738.0, [3010832.0, 48173115, 1541539680, 12112955, 1533183840, 383164959]]
Model_cost: [15097860048.777779, [3747.527777777778, 20907553, 668963196, 10456673, 49399997, 771938]] [3933996078.0, [14811.0, 2666607, 85328280, 86895, 77870232, 1216827]] [303829217.5, [20.625, 195220, 6246800, 13140, 6246800, 104010]] [5078524707.0, [5003.25, 3327912, 106001424, 38704, 103508112, 1641638]] [921933852.0, [711.0, 1087878, 34713624, 108742, 7767768, 121433]] [298169495898.0, [2118.0, 191813655, 6138011769, 5340891, 6137123253, 95892711]] [1388424676.0, [247.5, 1027451, 32837664, 102755, 25504800, 398559]]
Arch_Param: [64, 1024, 8192, 4, 512, 128]
Samsung_cost: [45226666862.0, [1603522.0, 25656353, 820922876, 1023521, 817875644, 204916065]] [35244273678.0, [1236591.0, 19783791, 633078168, 629871, 631701912, 170265711]] [2949578040, [104330, 1669140, 53412240, 104980, 53412240, 13352970]] [48083172336, [1701716, 27227176, 871269392, 309352, 871269392, 217817108]] [3621955116, [128182, 2050822, 65626136, 32966, 65626136, 16406534]] [2710271204094.0, [95899227.0, 1534385247, 49100323449, 42720639, 49099264377, 12275812827]] [84805832866.0, [3010832.0, 48173115, 1541539680, 1830779, 1533183840, 383164959]]
Model_cost: [15097860048.777779, [3747.527777777778, 20907553, 668963196, 10456673, 49399997, 771938]] [3933996078.0, [14811.0, 2666607, 85328280, 86895, 77870232, 1216827]] [303829217.5, [20.625, 195220, 6246800, 13140, 6246800, 104010]] [5078524707.0, [5003.25, 3327912, 106001424, 38704, 103508112, 1641638]] [921933852.0, [711.0, 1087878, 34713624, 108742, 7767768, 121433]] [298169495898.0, [2118.0, 191813655, 6138011769, 5340891, 6137123253, 95892711]] [1388424676.0, [247.5, 1027451, 32837664, 102755, 25504800, 398559]]
Arch_Param: [64, 1024, 8192, 4, 512, 256]
Samsung_cost: [45226666862.0, [1603522.0, 25656353, 820922876, 1023521, 817875644, 204916065]] [35244273678.0, [1236591.0, 19783791, 633078168, 629871, 631701912, 170265711]] [2949578040, [104330, 1669140, 53412240, 104980, 53412240, 13352970]] [48083172336, [1701716, 27227176, 871269392, 309352, 871269392, 217817108]] [3621955116, [128182, 2050822, 65626136, 32966, 65626136, 16406534]] [2710271204094.0, [95899227.0, 1534385247, 49100323449, 42720639, 49099264377, 12275812827]] [84805832866.0, [3010832.0, 48173115, 1541539680, 1830779, 1533183840, 383164959]]
Model_cost: [14895793040.777779, [3747.527777777778, 20907553, 668963196, 1271809, 49399997, 771938]] [3933996078.0, [14811.0, 2666607, 85328280, 86895, 77870232, 1216827]] [303829217.5, [20.625, 195220, 6246800, 13140, 6246800, 104010]] [5078524707.0, [5003.25, 3327912, 106001424, 38704, 103508112, 1641638]] [921258012.0, [711.0, 1087878, 34713624, 78022, 7767768, 121433]] [298169495898.0, [2118.0, 191813655, 6138011769, 5340891, 6137123253, 95892711]] [1387765732.0, [247.5, 1027451, 32837664, 72803, 25504800, 398559]]
Arch_Param: [64, 1024, 8192, 4, 512, 512]
Samsung_cost: [45226666862.0, [1603522.0, 25656353, 820922876, 1023521, 817875644, 204916065]] [35244273678.0, [1236591.0, 19783791, 633078168, 629871, 631701912, 170265711]] [2949578040, [104330, 1669140, 53412240, 104980, 53412240, 13352970]] [48083172336, [1701716, 27227176, 871269392, 309352, 871269392, 217817108]] [3621955116, [128182, 2050822, 65626136, 32966, 65626136, 16406534]] [2710271204094.0, [95899227.0, 1534385247, 49100323449, 42720639, 49099264377, 12275812827]] [84805832866.0, [3010832.0, 48173115, 1541539680, 1830779, 1533183840, 383164959]]
Model_cost: [14895793040.777779, [3747.527777777778, 20907553, 668963196, 1271809, 49399997, 771938]] [3933996078.0, [14811.0, 2666607, 85328280, 86895, 77870232, 1216827]] [303829217.5, [20.625, 195220, 6246800, 13140, 6246800, 104010]] [5078524707.0, [5003.25, 3327912, 106001424, 38704, 103508112, 1641638]] [920891704.0, [712.0, 1087878, 34713624, 28870, 7792856, 121881]] [298169495898.0, [2118.0, 191813655, 6138011769, 5340891, 6137123253, 95892711]] [1387765732.0, [247.5, 1027451, 32837664, 72803, 25504800, 398559]]
Arch_Param: [64, 1024, 8192, 4, 1024, 64]
Samsung_cost: [45294632814.0, [1603522.0, 12834849, 820922876, 6444065, 817875644, 204916065]] [35298918414.0, [1236591.0, 9891951, 633078168, 4912239, 631701912, 170265711]] [2953110580, [104330, 834570, 53412240, 417290, 53412240, 13352970]] [48171661928, [1701716, 13613588, 871269392, 6806804, 871269392, 217817108]] [3628407852, [128182, 1025414, 65626136, 512710, 65626136, 16406534]] [2714701824894.0, [95899227.0, 767192703, 49100323449, 383602047, 49099264377, 12275812827]] [84935693898.0, [3010832.0, 24086559, 1541539680, 12112927, 1533183840, 383164959]]
Model_cost: [15056070864.777779, [3747.527777777778, 10460257, 668963196, 10456673, 49399997, 771938]] [3928663086.0, [14811.0, 1333359, 85328280, 86895, 77870232, 1216827]] [303464157.5, [20.625, 104010, 6246800, 13130, 6246800, 104010]] [5071935003.0, [5003.25, 1680596, 106001424, 38684, 103508112, 1641638]] [919225628.0, [711.0, 545990, 34713624, 84166, 7767768, 121433]] [297785870442.0, [2118.0, 95907291, 6138011769, 5340891, 6137123253, 95892711]] [1386237452.0, [247.5, 515295, 32837664, 96455, 25504800, 398559]]
Arch_Param: [64, 1024, 8192, 4, 1024, 128]
Samsung_cost: [45175380846.0, [1603522.0, 12834849, 820922876, 1023521, 817875644, 204916065]] [35204706318.0, [1236591.0, 9891951, 633078168, 629871, 631701912, 170265711]] [2946239540, [104330, 834570, 53412240, 104970, 53412240, 13352970]] [48028717544, [1701716, 13613588, 871269392, 309332, 871269392, 217817108]] [3617853484, [128182, 1025414, 65626136, 32966, 65626136, 16406534]] [2707202433918.0, [95899227.0, 767192703, 49100323449, 42720639, 49099264377, 12275812827]] [84709486026.0, [3010832.0, 24086559, 1541539680, 1830751, 1533183840, 383164959]]
Model_cost: [15056070864.777779, [3747.527777777778, 10460257, 668963196, 10456673, 49399997, 771938]] [3928663086.0, [14811.0, 1333359, 85328280, 86895, 77870232, 1216827]] [303464157.5, [20.625, 104010, 6246800, 13130, 6246800, 104010]] [5071935003.0, [5003.25, 1680596, 106001424, 38684, 103508112, 1641638]] [919225628.0, [711.0, 545990, 34713624, 84166, 7767768, 121433]] [297785870442.0, [2118.0, 95907291, 6138011769, 5340891, 6137123253, 95892711]] [1386237452.0, [247.5, 515295, 32837664, 96455, 25504800, 398559]]
Arch_Param: [64, 1024, 8192, 4, 1024, 256]
Samsung_cost: [45175380846.0, [1603522.0, 12834849, 820922876, 1023521, 817875644, 204916065]] [35204706318.0, [1236591.0, 9891951, 633078168, 629871, 631701912, 170265711]] [2946239540, [104330, 834570, 53412240, 104970, 53412240, 13352970]] [48028717544, [1701716, 13613588, 871269392, 309332, 871269392, 217817108]] [3617853484, [128182, 1025414, 65626136, 32966, 65626136, 16406534]] [2707202433918.0, [95899227.0, 767192703, 49100323449, 42720639, 49099264377, 12275812827]] [84709486026.0, [3010832.0, 24086559, 1541539680, 1830751, 1533183840, 383164959]]
Model_cost: [14854003856.777779, [3747.527777777778, 10460257, 668963196, 1271809, 49399997, 771938]] [3928663086.0, [14811.0, 1333359, 85328280, 86895, 77870232, 1216827]] [303464157.5, [20.625, 104010, 6246800, 13130, 6246800, 104010]] [5071935003.0, [5003.25, 1680596, 106001424, 38684, 103508112, 1641638]] [918549788.0, [711.0, 545990, 34713624, 53446, 7767768, 121433]] [297785870442.0, [2118.0, 95907291, 6138011769, 5340891, 6137123253, 95892711]] [1385578508.0, [247.5, 515295, 32837664, 66503, 25504800, 398559]]
Arch_Param: [64, 1024, 8192, 4, 1024, 512]
Samsung_cost: [45175380846.0, [1603522.0, 12834849, 820922876, 1023521, 817875644, 204916065]] [35204706318.0, [1236591.0, 9891951, 633078168, 629871, 631701912, 170265711]] [2946239540, [104330, 834570, 53412240, 104970, 53412240, 13352970]] [48028717544, [1701716, 13613588, 871269392, 309332, 871269392, 217817108]] [3617853484, [128182, 1025414, 65626136, 32966, 65626136, 16406534]] [2707202433918.0, [95899227.0, 767192703, 49100323449, 42720639, 49099264377, 12275812827]] [84709486026.0, [3010832.0, 24086559, 1541539680, 1830751, 1533183840, 383164959]]
Model_cost: [14854003856.777779, [3747.527777777778, 10460257, 668963196, 1271809, 49399997, 771938]] [3928663086.0, [14811.0, 1333359, 85328280, 86895, 77870232, 1216827]] [303464157.5, [20.625, 104010, 6246800, 13130, 6246800, 104010]] [5071935003.0, [5003.25, 1680596, 106001424, 38684, 103508112, 1641638]] [918549788.0, [711.0, 545990, 34713624, 53446, 7767768, 121433]] [297785870442.0, [2118.0, 95907291, 6138011769, 5340891, 6137123253, 95892711]] [1385578508.0, [247.5, 515295, 32837664, 66503, 25504800, 398559]]
Arch_Param: [64, 1024, 8192, 8, 256, 64]
Samsung_cost: [22821085628.0, [805186.0, 25765412, 412205564, 3236900, 410503868, 103073121]] [35417620494.0, [1236591.0, 39567471, 633078168, 4912239, 631701912, 170265711]] [2963125820, [104330, 3338270, 53412240, 417310, 53412240, 13352970]] [48335026044, [1701716, 54454342, 871269392, 6806854, 871269392, 217817108]] [3507327564, [123486, 3951366, 63221784, 493926, 63221784, 15805446]] [2723908135422.0, [95899227.0, 3068770335, 49100323449, 383602047, 49099264377, 12275812827]] [84289230624.0, [2972432.0, 95117430, 1521878880, 11924598, 1517979488, 379363871]]
Model_cost: [8800636660.88889, [2008.888888888889, 22447780, 359125692, 5611876, 49399997, 771938]] [3944662062.0, [14811.0, 5333103, 85328280, 86895, 77870232, 1216827]] [304610277.5, [20.625, 390430, 6246800, 13150, 6246800, 104010]] [5091755055.0, [5003.25, 6635334, 106001424, 38734, 103508112, 1641638]] [574124380.0, [359.0, 1085830, 17356824, 78950, 7767768, 121433]] [298936746810.0, [2118.0, 383626383, 6138011769, 5340891, 6137123253, 95892711]] [1304349398.0, [178.5, 1783542, 28515872, 72670, 25504800, 398559]]
Arch_Param: [64, 1024, 8192, 8, 256, 128]
Samsung_cost: [22761301948.0, [805186.0, 25765412, 412205564, 519460, 410503868, 103073121]] [35323408398.0, [1236591.0, 39567471, 633078168, 629871, 631701912, 170265711]] [2956254780, [104330, 3338270, 53412240, 104990, 53412240, 13352970]] [48192081660, [1701716, 54454342, 871269392, 309382, 871269392, 217817108]] [3497116748, [123486, 3951366, 63221784, 29798, 63221784, 15805446]] [2716408744446.0, [95899227.0, 3068770335, 49100323449, 42720639, 49099264377, 12275812827]] [84064734880.0, [2972432.0, 95117430, 1521878880, 1720246, 1517979488, 379363871]]
Model_cost: [8691831348.88889, [2008.888888888889, 22447780, 359125692, 666180, 49399997, 771938]] [3944662062.0, [14811.0, 5333103, 85328280, 86895, 77870232, 1216827]] [304610277.5, [20.625, 390430, 6246800, 13150, 6246800, 104010]] [5091755055.0, [5003.25, 6635334, 106001424, 38734, 103508112, 1641638]] [573786460.0, [359.0, 1085830, 17356824, 63590, 7767768, 121433]] [298936746810.0, [2118.0, 383626383, 6138011769, 5340891, 6137123253, 95892711]] [1303994582.0, [178.5, 1783542, 28515872, 56542, 25504800, 398559]]
Arch_Param: [64, 1024, 8192, 8, 256, 256]
Samsung_cost: [22761301948.0, [805186.0, 25765412, 412205564, 519460, 410503868, 103073121]] [35323408398.0, [1236591.0, 39567471, 633078168, 629871, 631701912, 170265711]] [2956254780, [104330, 3338270, 53412240, 104990, 53412240, 13352970]] [48192081660, [1701716, 54454342, 871269392, 309382, 871269392, 217817108]] [3497116748, [123486, 3951366, 63221784, 29798, 63221784, 15805446]] [2716408744446.0, [95899227.0, 3068770335, 49100323449, 42720639, 49099264377, 12275812827]] [84064734880.0, [2972432.0, 95117430, 1521878880, 1720246, 1517979488, 379363871]]
Model_cost: [8691831348.88889, [2008.888888888889, 22447780, 359125692, 666180, 49399997, 771938]] [3944662062.0, [14811.0, 5333103, 85328280, 86895, 77870232, 1216827]] [304610277.5, [20.625, 390430, 6246800, 13150, 6246800, 104010]] [5091755055.0, [5003.25, 6635334, 106001424, 38734, 103508112, 1641638]] [573420152.0, [360.0, 1085830, 17356824, 14438, 7792856, 121881]] [298936746810.0, [2118.0, 383626383, 6138011769, 5340891, 6137123253, 95892711]] [1303994582.0, [178.5, 1783542, 28515872, 56542, 25504800, 398559]]
Arch_Param: [64, 1024, 8192, 8, 512, 64]
Samsung_cost: [22769555822.0, [805186.0, 12882977, 412205564, 3236897, 410503868, 103073121]] [35338485774.0, [1236591.0, 19783791, 633078168, 4912239, 631701912, 170265711]] [2956449080, [104330, 1669140, 53412240, 417300, 53412240, 13352970]] [48226116720, [1701716, 27227176, 871269392, 6806824, 871269392, 217817108]] [3499424844, [123486, 1975686, 63221784, 493926, 63221784, 15805446]] [2717770595070.0, [95899227.0, 1534385247, 49100323449, 383602047, 49099264377, 12275812827]] [84098994466.0, [2972432.0, 47558715, 1521878880, 11924539, 1517979488, 379363871]]
Model_cost: [8755742118.88889, [2008.888888888889, 11224161, 359125692, 5611873, 49399997, 771938]] [3933996078.0, [14811.0, 2666607, 85328280, 86895, 77870232, 1216827]] [303829217.5, [20.625, 195220, 6246800, 13140, 6246800, 104010]] [5078524707.0, [5003.25, 3327912, 106001424, 38704, 103508112, 1641638]] [571416156.0, [359.0, 543942, 17356824, 54374, 7767768, 121433]] [298169495898.0, [2118.0, 191813655, 6138011769, 5340891, 6137123253, 95892711]] [1300605016.0, [178.5, 891771, 28515872, 64611, 25504800, 398559]]
Arch_Param: [64, 1024, 8192, 8, 512, 128]
Samsung_cost: [22709772142.0, [805186.0, 12882977, 412205564, 519457, 410503868, 103073121]] [35244273678.0, [1236591.0, 19783791, 633078168, 629871, 631701912, 170265711]] [2949578040, [104330, 1669140, 53412240, 104980, 53412240, 13352970]] [48083172336, [1701716, 27227176, 871269392, 309352, 871269392, 217817108]] [3489214028, [123486, 1975686, 63221784, 29798, 63221784, 15805446]] [2710271204094.0, [95899227.0, 1534385247, 49100323449, 42720639, 49099264377, 12275812827]] [83874498722.0, [2972432.0, 47558715, 1521878880, 1720187, 1517979488, 379363871]]
Model_cost: [8646936806.88889, [2008.888888888889, 11224161, 359125692, 666177, 49399997, 771938]] [3933996078.0, [14811.0, 2666607, 85328280, 86895, 77870232, 1216827]] [303829217.5, [20.625, 195220, 6246800, 13140, 6246800, 104010]] [5078524707.0, [5003.25, 3327912, 106001424, 38704, 103508112, 1641638]] [571078236.0, [359.0, 543942, 17356824, 39014, 7767768, 121433]] [298169495898.0, [2118.0, 191813655, 6138011769, 5340891, 6137123253, 95892711]] [1300250200.0, [178.5, 891771, 28515872, 48483, 25504800, 398559]]
Arch_Param: [64, 1024, 8192, 8, 512, 256]
Samsung_cost: [22709772142.0, [805186.0, 12882977, 412205564, 519457, 410503868, 103073121]] [35244273678.0, [1236591.0, 19783791, 633078168, 629871, 631701912, 170265711]] [2949578040, [104330, 1669140, 53412240, 104980, 53412240, 13352970]] [48083172336, [1701716, 27227176, 871269392, 309352, 871269392, 217817108]] [3489214028, [123486, 1975686, 63221784, 29798, 63221784, 15805446]] [2710271204094.0, [95899227.0, 1534385247, 49100323449, 42720639, 49099264377, 12275812827]] [83874498722.0, [2972432.0, 47558715, 1521878880, 1720187, 1517979488, 379363871]]
Model_cost: [8646936806.88889, [2008.888888888889, 11224161, 359125692, 666177, 49399997, 771938]] [3933996078.0, [14811.0, 2666607, 85328280, 86895, 77870232, 1216827]] [303829217.5, [20.625, 195220, 6246800, 13140, 6246800, 104010]] [5078524707.0, [5003.25, 3327912, 106001424, 38704, 103508112, 1641638]] [571078236.0, [359.0, 543942, 17356824, 39014, 7767768, 121433]] [298169495898.0, [2118.0, 191813655, 6138011769, 5340891, 6137123253, 95892711]] [1300250200.0, [178.5, 891771, 28515872, 48483, 25504800, 398559]]
Arch_Param: [64, 1024, 8192, 8, 512, 512]
Samsung_cost: [22709772142.0, [805186.0, 12882977, 412205564, 519457, 410503868, 103073121]] [35244273678.0, [1236591.0, 19783791, 633078168, 629871, 631701912, 170265711]] [2949578040, [104330, 1669140, 53412240, 104980, 53412240, 13352970]] [48083172336, [1701716, 27227176, 871269392, 309352, 871269392, 217817108]] [3489214028, [123486, 1975686, 63221784, 29798, 63221784, 15805446]] [2710271204094.0, [95899227.0, 1534385247, 49100323449, 42720639, 49099264377, 12275812827]] [83874498722.0, [2972432.0, 47558715, 1521878880, 1720187, 1517979488, 379363871]]
Model_cost: [8645493606.88889, [2008.888888888889, 11224161, 359125692, 600577, 49399997, 771938]] [3933996078.0, [14811.0, 2666607, 85328280, 86895, 77870232, 1216827]] [303829217.5, [20.625, 195220, 6246800, 13140, 6246800, 104010]] [5078524707.0, [5003.25, 3327912, 106001424, 38704, 103508112, 1641638]] [570436188.0, [359.0, 543942, 17356824, 9830, 7767768, 121433]] [298169495898.0, [2118.0, 191813655, 6138011769, 5340891, 6137123253, 95892711]] [1300109400.0, [178.5, 891771, 28515872, 42083, 25504800, 398559]]
Arch_Param: [64, 1024, 8192, 8, 1024, 64]
Samsung_cost: [22743804270.0, [805186.0, 6445089, 412205564, 3236897, 410503868, 103073121]] [35298918414.0, [1236591.0, 9891951, 633078168, 4912239, 631701912, 170265711]] [2953110580, [104330, 834570, 53412240, 417290, 53412240, 13352970]] [48171661928, [1701716, 13613588, 871269392, 6806804, 871269392, 217817108]] [3495473484, [123486, 987846, 63221784, 493926, 63221784, 15805446]] [2714701824894.0, [95899227.0, 767192703, 49100323449, 383602047, 49099264377, 12275812827]] [84003876426.0, [2972432.0, 23779359, 1521878880, 11924511, 1517979488, 379363871]]
Model_cost: [8733307302.88889, [2008.888888888889, 5615457, 359125692, 5611873, 49399997, 771938]] [3928663086.0, [14811.0, 1333359, 85328280, 86895, 77870232, 1216827]] [303464157.5, [20.625, 104010, 6246800, 13130, 6246800, 104010]] [5071935003.0, [5003.25, 1680596, 106001424, 38684, 103508112, 1641638]] [570062044.0, [359.0, 272998, 17356824, 42086, 7767768, 121433]] [297785870442.0, [2118.0, 95907291, 6138011769, 5340891, 6137123253, 95892711]] [1298753664.0, [178.5, 446687, 28515872, 61383, 25504800, 398559]]
Arch_Param: [64, 1024, 8192, 8, 1024, 128]
Samsung_cost: [22684020590.0, [805186.0, 6445089, 412205564, 519457, 410503868, 103073121]] [35204706318.0, [1236591.0, 9891951, 633078168, 629871, 631701912, 170265711]] [2946239540, [104330, 834570, 53412240, 104970, 53412240, 13352970]] [48028717544, [1701716, 13613588, 871269392, 309332, 871269392, 217817108]] [3485262668, [123486, 987846, 63221784, 29798, 63221784, 15805446]] [2707202433918.0, [95899227.0, 767192703, 49100323449, 42720639, 49099264377, 12275812827]] [83779380682.0, [2972432.0, 23779359, 1521878880, 1720159, 1517979488, 379363871]]
Model_cost: [8624501990.88889, [2008.888888888889, 5615457, 359125692, 666177, 49399997, 771938]] [3928663086.0, [14811.0, 1333359, 85328280, 86895, 77870232, 1216827]] [303464157.5, [20.625, 104010, 6246800, 13130, 6246800, 104010]] [5071935003.0, [5003.25, 1680596, 106001424, 38684, 103508112, 1641638]] [569724124.0, [359.0, 272998, 17356824, 26726, 7767768, 121433]] [297785870442.0, [2118.0, 95907291, 6138011769, 5340891, 6137123253, 95892711]] [1298398848.0, [178.5, 446687, 28515872, 45255, 25504800, 398559]]
Arch_Param: [64, 1024, 8192, 8, 1024, 256]
Samsung_cost: [22684020590.0, [805186.0, 6445089, 412205564, 519457, 410503868, 103073121]] [35204706318.0, [1236591.0, 9891951, 633078168, 629871, 631701912, 170265711]] [2946239540, [104330, 834570, 53412240, 104970, 53412240, 13352970]] [48028717544, [1701716, 13613588, 871269392, 309332, 871269392, 217817108]] [3485262668, [123486, 987846, 63221784, 29798, 63221784, 15805446]] [2707202433918.0, [95899227.0, 767192703, 49100323449, 42720639, 49099264377, 12275812827]] [83779380682.0, [2972432.0, 23779359, 1521878880, 1720159, 1517979488, 379363871]]
Model_cost: [8624501990.88889, [2008.888888888889, 5615457, 359125692, 666177, 49399997, 771938]] [3928663086.0, [14811.0, 1333359, 85328280, 86895, 77870232, 1216827]] [303464157.5, [20.625, 104010, 6246800, 13130, 6246800, 104010]] [5071935003.0, [5003.25, 1680596, 106001424, 38684, 103508112, 1641638]] [569724124.0, [359.0, 272998, 17356824, 26726, 7767768, 121433]] [297785870442.0, [2118.0, 95907291, 6138011769, 5340891, 6137123253, 95892711]] [1298398848.0, [178.5, 446687, 28515872, 45255, 25504800, 398559]]
Arch_Param: [64, 1024, 8192, 8, 1024, 512]
Samsung_cost: [22684020590.0, [805186.0, 6445089, 412205564, 519457, 410503868, 103073121]] [35204706318.0, [1236591.0, 9891951, 633078168, 629871, 631701912, 170265711]] [2946239540, [104330, 834570, 53412240, 104970, 53412240, 13352970]] [48028717544, [1701716, 13613588, 871269392, 309332, 871269392, 217817108]] [3485262668, [123486, 987846, 63221784, 29798, 63221784, 15805446]] [2707202433918.0, [95899227.0, 767192703, 49100323449, 42720639, 49099264377, 12275812827]] [83779380682.0, [2972432.0, 23779359, 1521878880, 1720159, 1517979488, 379363871]]
Model_cost: [8623058790.88889, [2008.888888888889, 5615457, 359125692, 600577, 49399997, 771938]] [3928663086.0, [14811.0, 1333359, 85328280, 86895, 77870232, 1216827]] [303464157.5, [20.625, 104010, 6246800, 13130, 6246800, 104010]] [5071935003.0, [5003.25, 1680596, 106001424, 38684, 103508112, 1641638]] [569352412.0, [359.0, 272998, 17356824, 9830, 7767768, 121433]] [297785870442.0, [2118.0, 95907291, 6138011769, 5340891, 6137123253, 95892711]] [1298328448.0, [178.5, 446687, 28515872, 42055, 25504800, 398559]]
Arch_Param: [64, 1024, 8192, 16, 256, 64]
Samsung_cost: [22272276668.0, [784770.0, 25112100, 401767932, 3146788, 400935612, 100681057]] [35417620494.0, [1236591.0, 39567471, 633078168, 4912239, 631701912, 170265711]] [2963125820, [104330, 3338270, 53412240, 417310, 53412240, 13352970]] [48335026044, [1701716, 54454342, 871269392, 6806854, 871269392, 217817108]] [3469720668, [122162, 3908998, 62543896, 488630, 62543896, 15635974]] [2723908135422.0, [95899227.0, 3068770335, 49100323449, 383602047, 49099264377, 12275812827]] [84172887840.0, [2968336.0, 94986358, 1519781728, 11908214, 1515882336, 378839583]]
Model_cost: [5549193472.222222, [1140.7222222222222, 12767908, 204263100, 364260, 49399997, 771938]] [3944662062.0, [14811.0, 5333103, 85328280, 86895, 77870232, 1216827]] [304610277.5, [20.625, 390430, 6246800, 13150, 6246800, 104010]] [5091755055.0, [5003.25, 6635334, 106001424, 38734, 103508112, 1641638]] [397342460.0, [183.0, 542918, 8678424, 31798, 7767768, 121433]] [298936746810.0, [2118.0, 383626383, 6138011769, 5340891, 6137123253, 95892711]] [1259880962.0, [143.5, 1647862, 26354976, 40542, 25504800, 398559]]
Arch_Param: [64, 1024, 8192, 16, 256, 128]
Samsung_cost: [22213664444.0, [784770.0, 25112100, 401767932, 482596, 400935612, 100681057]] [35323408398.0, [1236591.0, 39567471, 633078168, 629871, 631701912, 170265711]] [2956254780, [104330, 3338270, 53412240, 104990, 53412240, 13352970]] [48192081660, [1701716, 54454342, 871269392, 309382, 871269392, 217817108]] [3459602780, [122162, 3908998, 62543896, 28726, 62543896, 15635974]] [2716408744446.0, [95899227.0, 3068770335, 49100323449, 42720639, 49099264377, 12275812827]] [83948572320.0, [2968336.0, 94986358, 1519781728, 1712054, 1515882336, 378839583]]
Model_cost: [5549193472.222222, [1140.7222222222222, 12767908, 204263100, 364260, 49399997, 771938]] [3944662062.0, [14811.0, 5333103, 85328280, 86895, 77870232, 1216827]] [304610277.5, [20.625, 390430, 6246800, 13150, 6246800, 104010]] [5091755055.0, [5003.25, 6635334, 106001424, 38734, 103508112, 1641638]] [397342460.0, [183.0, 542918, 8678424, 31798, 7767768, 121433]] [298936746810.0, [2118.0, 383626383, 6138011769, 5340891, 6137123253, 95892711]] [1259880962.0, [143.5, 1647862, 26354976, 40542, 25504800, 398559]]
Arch_Param: [64, 1024, 8192, 16, 256, 256]
Samsung_cost: [22213664444.0, [784770.0, 25112100, 401767932, 482596, 400935612, 100681057]] [35323408398.0, [1236591.0, 39567471, 633078168, 629871, 631701912, 170265711]] [2956254780, [104330, 3338270, 53412240, 104990, 53412240, 13352970]] [48192081660, [1701716, 54454342, 871269392, 309382, 871269392, 217817108]] [3459602780, [122162, 3908998, 62543896, 28726, 62543896, 15635974]] [2716408744446.0, [95899227.0, 3068770335, 49100323449, 42720639, 49099264377, 12275812827]] [83948572320.0, [2968336.0, 94986358, 1519781728, 1712054, 1515882336, 378839583]]
Model_cost: [5548443008.222222, [1140.7222222222222, 12767908, 204263100, 330148, 49399997, 771938]] [3944662062.0, [14811.0, 5333103, 85328280, 86895, 77870232, 1216827]] [304610277.5, [20.625, 390430, 6246800, 13150, 6246800, 104010]] [5091755055.0, [5003.25, 6635334, 106001424, 38734, 103508112, 1641638]] [396751100.0, [183.0, 542918, 8678424, 4918, 7767768, 121433]] [298936746810.0, [2118.0, 383626383, 6138011769, 5340891, 6137123253, 95892711]] [1259716226.0, [143.5, 1647862, 26354976, 33054, 25504800, 398559]]
Arch_Param: [64, 1024, 8192, 16, 512, 64]
Samsung_cost: [22222053486.0, [784770.0, 12556321, 401767932, 3146785, 400935612, 100681057]] [35338485774.0, [1236591.0, 19783791, 633078168, 4912239, 631701912, 170265711]] [2956449080, [104330, 1669140, 53412240, 417300, 53412240, 13352970]] [48226116720, [1701716, 27227176, 871269392, 6806824, 871269392, 217817108]] [3461902684, [122162, 1954502, 62543896, 488630, 62543896, 15635974]] [2717770595070.0, [95899227.0, 1534385247, 49100323449, 383602047, 49099264377, 12275812827]] [83982913826.0, [2968336.0, 47493179, 1519781728, 11908155, 1515882336, 378839583]]
Model_cost: [5523658674.222222, [1140.7222222222222, 6384225, 204263100, 364257, 49399997, 771938]] [3933996078.0, [14811.0, 2666607, 85328280, 86895, 77870232, 1216827]] [303829217.5, [20.625, 195220, 6246800, 13140, 6246800, 104010]] [5078524707.0, [5003.25, 3327912, 106001424, 38704, 103508112, 1641638]] [395988348.0, [183.0, 271974, 8678424, 19510, 7767768, 121433]] [298169495898.0, [2118.0, 191813655, 6138011769, 5340891, 6137123253, 95892711]] [1256492420.0, [143.5, 823931, 26354976, 36323, 25504800, 398559]]
Arch_Param: [64, 1024, 8192, 16, 512, 128]
Samsung_cost: [22163441262.0, [784770.0, 12556321, 401767932, 482593, 400935612, 100681057]] [35244273678.0, [1236591.0, 19783791, 633078168, 629871, 631701912, 170265711]] [2949578040, [104330, 1669140, 53412240, 104980, 53412240, 13352970]] [48083172336, [1701716, 27227176, 871269392, 309352, 871269392, 217817108]] [3451784796, [122162, 1954502, 62543896, 28726, 62543896, 15635974]] [2710271204094.0, [95899227.0, 1534385247, 49100323449, 42720639, 49099264377, 12275812827]] [83758598306.0, [2968336.0, 47493179, 1519781728, 1711995, 1515882336, 378839583]]
Model_cost: [5523658674.222222, [1140.7222222222222, 6384225, 204263100, 364257, 49399997, 771938]] [3933996078.0, [14811.0, 2666607, 85328280, 86895, 77870232, 1216827]] [303829217.5, [20.625, 195220, 6246800, 13140, 6246800, 104010]] [5078524707.0, [5003.25, 3327912, 106001424, 38704, 103508112, 1641638]] [395988348.0, [183.0, 271974, 8678424, 19510, 7767768, 121433]] [298169495898.0, [2118.0, 191813655, 6138011769, 5340891, 6137123253, 95892711]] [1256492420.0, [143.5, 823931, 26354976, 36323, 25504800, 398559]]
Arch_Param: [64, 1024, 8192, 16, 512, 256]
Samsung_cost: [22163441262.0, [784770.0, 12556321, 401767932, 482593, 400935612, 100681057]] [35244273678.0, [1236591.0, 19783791, 633078168, 629871, 631701912, 170265711]] [2949578040, [104330, 1669140, 53412240, 104980, 53412240, 13352970]] [48083172336, [1701716, 27227176, 871269392, 309352, 871269392, 217817108]] [3451784796, [122162, 1954502, 62543896, 28726, 62543896, 15635974]] [2710271204094.0, [95899227.0, 1534385247, 49100323449, 42720639, 49099264377, 12275812827]] [83758598306.0, [2968336.0, 47493179, 1519781728, 1711995, 1515882336, 378839583]]
Model_cost: [5522908210.222222, [1140.7222222222222, 6384225, 204263100, 330145, 49399997, 771938]] [3933996078.0, [14811.0, 2666607, 85328280, 86895, 77870232, 1216827]] [303829217.5, [20.625, 195220, 6246800, 13140, 6246800, 104010]] [5078524707.0, [5003.25, 3327912, 106001424, 38704, 103508112, 1641638]] [395667324.0, [183.0, 271974, 8678424, 4918, 7767768, 121433]] [298169495898.0, [2118.0, 191813655, 6138011769, 5340891, 6137123253, 95892711]] [1256419204.0, [143.5, 823931, 26354976, 32995, 25504800, 398559]]
Arch_Param: [64, 1024, 8192, 16, 512, 512]
Samsung_cost: [22163441262.0, [784770.0, 12556321, 401767932, 482593, 400935612, 100681057]] [35244273678.0, [1236591.0, 19783791, 633078168, 629871, 631701912, 170265711]] [2949578040, [104330, 1669140, 53412240, 104980, 53412240, 13352970]] [48083172336, [1701716, 27227176, 871269392, 309352, 871269392, 217817108]] [3451784796, [122162, 1954502, 62543896, 28726, 62543896, 15635974]] [2710271204094.0, [95899227.0, 1534385247, 49100323449, 42720639, 49099264377, 12275812827]] [83758598306.0, [2968336.0, 47493179, 1519781728, 1711995, 1515882336, 378839583]]
Model_cost: [5522908210.222222, [1140.7222222222222, 6384225, 204263100, 330145, 49399997, 771938]] [3933996078.0, [14811.0, 2666607, 85328280, 86895, 77870232, 1216827]] [303829217.5, [20.625, 195220, 6246800, 13140, 6246800, 104010]] [5078524707.0, [5003.25, 3327912, 106001424, 38704, 103508112, 1641638]] [395667324.0, [183.0, 271974, 8678424, 4918, 7767768, 121433]] [298169495898.0, [2118.0, 191813655, 6138011769, 5340891, 6137123253, 95892711]] [1256419204.0, [143.5, 823931, 26354976, 32995, 25504800, 398559]]
Arch_Param: [64, 1024, 8192, 16, 1024, 64]
Samsung_cost: [22196949102.0, [784770.0, 6280225, 401767932, 3146785, 400935612, 100681057]] [35298918414.0, [1236591.0, 9891951, 633078168, 4912239, 631701912, 170265711]] [2953110580, [104330, 834570, 53412240, 417290, 53412240, 13352970]] [48171661928, [1701716, 13613588, 871269392, 6806804, 871269392, 217817108]] [3457993692, [122162, 977254, 62543896, 488630, 62543896, 15635974]] [2714701824894.0, [95899227.0, 767192703, 49100323449, 383602047, 49099264377, 12275812827]] [83887926858.0, [2968336.0, 23746591, 1519781728, 11908127, 1515882336, 378839583]]
Model_cost: [5510897586.222222, [1140.7222222222222, 3193953, 204263100, 364257, 49399997, 771938]] [3928663086.0, [14811.0, 1333359, 85328280, 86895, 77870232, 1216827]] [303464157.5, [20.625, 104010, 6246800, 13130, 6246800, 104010]] [5071935003.0, [5003.25, 1680596, 106001424, 38684, 103508112, 1641638]] [395311292.0, [183.0, 136502, 8678424, 13366, 7767768, 121433]] [297785870442.0, [2118.0, 95907291, 6138011769, 5340891, 6137123253, 95892711]] [1254809004.0, [143.5, 412383, 26354976, 34631, 25504800, 398559]]
Arch_Param: [64, 1024, 8192, 16, 1024, 128]
Samsung_cost: [22138336878.0, [784770.0, 6280225, 401767932, 482593, 400935612, 100681057]] [35204706318.0, [1236591.0, 9891951, 633078168, 629871, 631701912, 170265711]] [2946239540, [104330, 834570, 53412240, 104970, 53412240, 13352970]] [48028717544, [1701716, 13613588, 871269392, 309332, 871269392, 217817108]] [3447875804, [122162, 977254, 62543896, 28726, 62543896, 15635974]] [2707202433918.0, [95899227.0, 767192703, 49100323449, 42720639, 49099264377, 12275812827]] [83663611338.0, [2968336.0, 23746591, 1519781728, 1711967, 1515882336, 378839583]]
Model_cost: [5510897586.222222, [1140.7222222222222, 3193953, 204263100, 364257, 49399997, 771938]] [3928663086.0, [14811.0, 1333359, 85328280, 86895, 77870232, 1216827]] [303464157.5, [20.625, 104010, 6246800, 13130, 6246800, 104010]] [5071935003.0, [5003.25, 1680596, 106001424, 38684, 103508112, 1641638]] [395311292.0, [183.0, 136502, 8678424, 13366, 7767768, 121433]] [297785870442.0, [2118.0, 95907291, 6138011769, 5340891, 6137123253, 95892711]] [1254809004.0, [143.5, 412383, 26354976, 34631, 25504800, 398559]]
Arch_Param: [64, 1024, 8192, 16, 1024, 256]
Samsung_cost: [22138336878.0, [784770.0, 6280225, 401767932, 482593, 400935612, 100681057]] [35204706318.0, [1236591.0, 9891951, 633078168, 629871, 631701912, 170265711]] [2946239540, [104330, 834570, 53412240, 104970, 53412240, 13352970]] [48028717544, [1701716, 13613588, 871269392, 309332, 871269392, 217817108]] [3447875804, [122162, 977254, 62543896, 28726, 62543896, 15635974]] [2707202433918.0, [95899227.0, 767192703, 49100323449, 42720639, 49099264377, 12275812827]] [83663611338.0, [2968336.0, 23746591, 1519781728, 1711967, 1515882336, 378839583]]
Model_cost: [5510147122.222222, [1140.7222222222222, 3193953, 204263100, 330145, 49399997, 771938]] [3928663086.0, [14811.0, 1333359, 85328280, 86895, 77870232, 1216827]] [303464157.5, [20.625, 104010, 6246800, 13130, 6246800, 104010]] [5071935003.0, [5003.25, 1680596, 106001424, 38684, 103508112, 1641638]] [395125436.0, [183.0, 136502, 8678424, 4918, 7767768, 121433]] [297785870442.0, [2118.0, 95907291, 6138011769, 5340891, 6137123253, 95892711]] [1254772396.0, [143.5, 412383, 26354976, 32967, 25504800, 398559]]
Arch_Param: [64, 1024, 8192, 16, 1024, 512]
Samsung_cost: [22138336878.0, [784770.0, 6280225, 401767932, 482593, 400935612, 100681057]] [35204706318.0, [1236591.0, 9891951, 633078168, 629871, 631701912, 170265711]] [2946239540, [104330, 834570, 53412240, 104970, 53412240, 13352970]] [48028717544, [1701716, 13613588, 871269392, 309332, 871269392, 217817108]] [3447875804, [122162, 977254, 62543896, 28726, 62543896, 15635974]] [2707202433918.0, [95899227.0, 767192703, 49100323449, 42720639, 49099264377, 12275812827]] [83663611338.0, [2968336.0, 23746591, 1519781728, 1711967, 1515882336, 378839583]]
Model_cost: [5510147122.222222, [1140.7222222222222, 3193953, 204263100, 330145, 49399997, 771938]] [3928663086.0, [14811.0, 1333359, 85328280, 86895, 77870232, 1216827]] [303464157.5, [20.625, 104010, 6246800, 13130, 6246800, 104010]] [5071935003.0, [5003.25, 1680596, 106001424, 38684, 103508112, 1641638]] [395125436.0, [183.0, 136502, 8678424, 4918, 7767768, 121433]] [297785870442.0, [2118.0, 95907291, 6138011769, 5340891, 6137123253, 95892711]] [1254772396.0, [143.5, 412383, 26354976, 32967, 25504800, 398559]]
Arch_Param: [64, 1024, 8192, 32, 256, 64]
Samsung_cost: [21997872188.0, [774562.0, 24785444, 396549116, 3101732, 396151484, 99485025]] [35417620494.0, [1236591.0, 39567471, 633078168, 4912239, 631701912, 170265711]] [2963125820, [104330, 3338270, 53412240, 417310, 53412240, 13352970]] [48335026044, [1701716, 54454342, 871269392, 6806854, 871269392, 217817108]] [3450917220, [121500, 3887814, 62204952, 485982, 62204952, 15551238]] [2723908135422.0, [95899227.0, 3068770335, 49100323449, 383602047, 49099264377, 12275812827]] [84114716448.0, [2966288.0, 94920822, 1518733152, 11900022, 1514833760, 378577439]]
Model_cost: [3483580024.888889, [591.8888888888889, 6404260, 102452412, 185636, 49399997, 771938]] [3944662062.0, [14811.0, 5333103, 85328280, 86895, 77870232, 1216827]] [304610277.5, [20.625, 390430, 6246800, 13150, 6246800, 104010]] [5091755055.0, [5003.25, 6635334, 106001424, 38734, 103508112, 1641638]] [386129912.0, [124.0, 509030, 8140312, 17566, 7767768, 121433]] [298936746810.0, [2118.0, 383626383, 6138011769, 5340891, 6137123253, 95892711]] [1248630962.0, [131.5, 1613302, 25807008, 33630, 25504800, 398559]]
Arch_Param: [64, 1024, 8192, 32, 256, 128]
Samsung_cost: [21939845692.0, [774562.0, 24785444, 396549116, 464164, 396151484, 99485025]] [35323408398.0, [1236591.0, 39567471, 633078168, 629871, 631701912, 170265711]] [2956254780, [104330, 3338270, 53412240, 104990, 53412240, 13352970]] [48192081660, [1701716, 54454342, 871269392, 309382, 871269392, 217817108]] [3440845796, [121500, 3887814, 62204952, 28190, 62204952, 15551238]] [2716408744446.0, [95899227.0, 3068770335, 49100323449, 42720639, 49099264377, 12275812827]] [83890491040.0, [2966288.0, 94920822, 1518733152, 1707958, 1514833760, 378577439]]
Model_cost: [3483175928.888889, [591.8888888888889, 6404260, 102452412, 167268, 49399997, 771938]] [3944662062.0, [14811.0, 5333103, 85328280, 86895, 77870232, 1216827]] [304610277.5, [20.625, 390430, 6246800, 13150, 6246800, 104010]] [5091755055.0, [5003.25, 6635334, 106001424, 38734, 103508112, 1641638]] [385834232.0, [124.0, 509030, 8140312, 4126, 7767768, 121433]] [298936746810.0, [2118.0, 383626383, 6138011769, 5340891, 6137123253, 95892711]] [1248542258.0, [131.5, 1613302, 25807008, 29598, 25504800, 398559]]
Arch_Param: [64, 1024, 8192, 32, 256, 256]
Samsung_cost: [21939845692.0, [774562.0, 24785444, 396549116, 464164, 396151484, 99485025]] [35323408398.0, [1236591.0, 39567471, 633078168, 629871, 631701912, 170265711]] [2956254780, [104330, 3338270, 53412240, 104990, 53412240, 13352970]] [48192081660, [1701716, 54454342, 871269392, 309382, 871269392, 217817108]] [3440845796, [121500, 3887814, 62204952, 28190, 62204952, 15551238]] [2716408744446.0, [95899227.0, 3068770335, 49100323449, 42720639, 49099264377, 12275812827]] [83890491040.0, [2966288.0, 94920822, 1518733152, 1707958, 1514833760, 378577439]]
Model_cost: [3483175928.888889, [591.8888888888889, 6404260, 102452412, 167268, 49399997, 771938]] [3944662062.0, [14811.0, 5333103, 85328280, 86895, 77870232, 1216827]] [304610277.5, [20.625, 390430, 6246800, 13150, 6246800, 104010]] [5091755055.0, [5003.25, 6635334, 106001424, 38734, 103508112, 1641638]] [385834232.0, [124.0, 509030, 8140312, 4126, 7767768, 121433]] [298936746810.0, [2118.0, 383626383, 6138011769, 5340891, 6137123253, 95892711]] [1248542258.0, [131.5, 1613302, 25807008, 29598, 25504800, 398559]]
Arch_Param: [64, 1024, 8192, 32, 512, 64]
Samsung_cost: [21948302318.0, [774562.0, 12392993, 396549116, 3101729, 396151484, 99485025]] [35338485774.0, [1236591.0, 19783791, 633078168, 4912239, 631701912, 170265711]] [2956449080, [104330, 1669140, 53412240, 417300, 53412240, 13352970]] [48226116720, [1701716, 27227176, 871269392, 6806824, 871269392, 217817108]] [3443141604, [121500, 1943910, 62204952, 485982, 62204952, 15551238]] [2717770595070.0, [95899227.0, 1534385247, 49100323449, 383602047, 49099264377, 12275812827]] [83924873506.0, [2966288.0, 47460411, 1518733152, 11899963, 1514833760, 378577439]]
Model_cost: [3470772522.888889, [591.8888888888889, 3202401, 102452412, 185633, 49399997, 771938]] [3933996078.0, [14811.0, 2666607, 85328280, 86895, 77870232, 1216827]] [303829217.5, [20.625, 195220, 6246800, 13140, 6246800, 104010]] [5078524707.0, [5003.25, 3327912, 106001424, 38704, 103508112, 1641638]] [384977720.0, [124.0, 254774, 8140312, 11422, 7767768, 121433]] [298169495898.0, [2118.0, 191813655, 6138011769, 5340891, 6137123253, 95892711]] [1245353780.0, [131.5, 806651, 25807008, 31331, 25504800, 398559]]
Arch_Param: [64, 1024, 8192, 32, 512, 128]
Samsung_cost: [21890275822.0, [774562.0, 12392993, 396549116, 464161, 396151484, 99485025]] [35244273678.0, [1236591.0, 19783791, 633078168, 629871, 631701912, 170265711]] [2949578040, [104330, 1669140, 53412240, 104980, 53412240, 13352970]] [48083172336, [1701716, 27227176, 871269392, 309352, 871269392, 217817108]] [3433070180, [121500, 1943910, 62204952, 28190, 62204952, 15551238]] [2710271204094.0, [95899227.0, 1534385247, 49100323449, 42720639, 49099264377, 12275812827]] [83700648098.0, [2966288.0, 47460411, 1518733152, 1707899, 1514833760, 378577439]]
Model_cost: [3470368426.888889, [591.8888888888889, 3202401, 102452412, 167265, 49399997, 771938]] [3933996078.0, [14811.0, 2666607, 85328280, 86895, 77870232, 1216827]] [303829217.5, [20.625, 195220, 6246800, 13140, 6246800, 104010]] [5078524707.0, [5003.25, 3327912, 106001424, 38704, 103508112, 1641638]] [384817208.0, [124.0, 254774, 8140312, 4126, 7767768, 121433]] [298169495898.0, [2118.0, 191813655, 6138011769, 5340891, 6137123253, 95892711]] [1245314356.0, [131.5, 806651, 25807008, 29539, 25504800, 398559]]
Arch_Param: [64, 1024, 8192, 32, 512, 256]
Samsung_cost: [21890275822.0, [774562.0, 12392993, 396549116, 464161, 396151484, 99485025]] [35244273678.0, [1236591.0, 19783791, 633078168, 629871, 631701912, 170265711]] [2949578040, [104330, 1669140, 53412240, 104980, 53412240, 13352970]] [48083172336, [1701716, 27227176, 871269392, 309352, 871269392, 217817108]] [3433070180, [121500, 1943910, 62204952, 28190, 62204952, 15551238]] [2710271204094.0, [95899227.0, 1534385247, 49100323449, 42720639, 49099264377, 12275812827]] [83700648098.0, [2966288.0, 47460411, 1518733152, 1707899, 1514833760, 378577439]]
Model_cost: [3470368426.888889, [591.8888888888889, 3202401, 102452412, 167265, 49399997, 771938]] [3933996078.0, [14811.0, 2666607, 85328280, 86895, 77870232, 1216827]] [303829217.5, [20.625, 195220, 6246800, 13140, 6246800, 104010]] [5078524707.0, [5003.25, 3327912, 106001424, 38704, 103508112, 1641638]] [384817208.0, [124.0, 254774, 8140312, 4126, 7767768, 121433]] [298169495898.0, [2118.0, 191813655, 6138011769, 5340891, 6137123253, 95892711]] [1245314356.0, [131.5, 806651, 25807008, 29539, 25504800, 398559]]
Arch_Param: [64, 1024, 8192, 32, 512, 512]
Samsung_cost: [21890275822.0, [774562.0, 12392993, 396549116, 464161, 396151484, 99485025]] [35244273678.0, [1236591.0, 19783791, 633078168, 629871, 631701912, 170265711]] [2949578040, [104330, 1669140, 53412240, 104980, 53412240, 13352970]] [48083172336, [1701716, 27227176, 871269392, 309352, 871269392, 217817108]] [3433070180, [121500, 1943910, 62204952, 28190, 62204952, 15551238]] [2710271204094.0, [95899227.0, 1534385247, 49100323449, 42720639, 49099264377, 12275812827]] [83700648098.0, [2966288.0, 47460411, 1518733152, 1707899, 1514833760, 378577439]]
Model_cost: [3469523626.888889, [591.8888888888889, 3202401, 102452412, 128865, 49399997, 771938]] [3933996078.0, [14811.0, 2666607, 85328280, 86895, 77870232, 1216827]] [303829217.5, [20.625, 195220, 6246800, 13140, 6246800, 104010]] [5078524707.0, [5003.25, 3327912, 106001424, 38704, 103508112, 1641638]] [384817208.0, [124.0, 254774, 8140312, 4126, 7767768, 121433]] [298169495898.0, [2118.0, 191813655, 6138011769, 5340891, 6137123253, 95892711]] [1245314356.0, [131.5, 806651, 25807008, 29539, 25504800, 398559]]
Arch_Param: [64, 1024, 8192, 32, 1024, 64]
Samsung_cost: [21923521518.0, [774562.0, 6197793, 396549116, 3101729, 396151484, 99485025]] [35298918414.0, [1236591.0, 9891951, 633078168, 4912239, 631701912, 170265711]] [2953110580, [104330, 834570, 53412240, 417290, 53412240, 13352970]] [48171661928, [1701716, 13613588, 871269392, 6806804, 871269392, 217817108]] [3439253796, [121500, 971958, 62204952, 485982, 62204952, 15551238]] [2714701824894.0, [95899227.0, 767192703, 49100323449, 383602047, 49099264377, 12275812827]] [83829952074.0, [2966288.0, 23730207, 1518733152, 11899935, 1514833760, 378577439]]
Model_cost: [3464372010.888889, [591.8888888888889, 1602273, 102452412, 185633, 49399997, 771938]] [3928663086.0, [14811.0, 1333359, 85328280, 86895, 77870232, 1216827]] [303464157.5, [20.625, 104010, 6246800, 13130, 6246800, 104010]] [5071935003.0, [5003.25, 1680596, 106001424, 38684, 103508112, 1641638]] [384401624.0, [124.0, 127646, 8140312, 8350, 7767768, 121433]] [297785870442.0, [2118.0, 95907291, 6138011769, 5340891, 6137123253, 95892711]] [1243721052.0, [131.5, 403551, 25807008, 30407, 25504800, 398559]]
Arch_Param: [64, 1024, 8192, 32, 1024, 128]
Samsung_cost: [21865495022.0, [774562.0, 6197793, 396549116, 464161, 396151484, 99485025]] [35204706318.0, [1236591.0, 9891951, 633078168, 629871, 631701912, 170265711]] [2946239540, [104330, 834570, 53412240, 104970, 53412240, 13352970]] [48028717544, [1701716, 13613588, 871269392, 309332, 871269392, 217817108]] [3429182372, [121500, 971958, 62204952, 28190, 62204952, 15551238]] [2707202433918.0, [95899227.0, 767192703, 49100323449, 42720639, 49099264377, 12275812827]] [83605726666.0, [2966288.0, 23730207, 1518733152, 1707871, 1514833760, 378577439]]
Model_cost: [3463967914.888889, [591.8888888888889, 1602273, 102452412, 167265, 49399997, 771938]] [3928663086.0, [14811.0, 1333359, 85328280, 86895, 77870232, 1216827]] [303464157.5, [20.625, 104010, 6246800, 13130, 6246800, 104010]] [5071935003.0, [5003.25, 1680596, 106001424, 38684, 103508112, 1641638]] [384308696.0, [124.0, 127646, 8140312, 4126, 7767768, 121433]] [297785870442.0, [2118.0, 95907291, 6138011769, 5340891, 6137123253, 95892711]] [1243701340.0, [131.5, 403551, 25807008, 29511, 25504800, 398559]]
Arch_Param: [64, 1024, 8192, 32, 1024, 256]
Samsung_cost: [21865495022.0, [774562.0, 6197793, 396549116, 464161, 396151484, 99485025]] [35204706318.0, [1236591.0, 9891951, 633078168, 629871, 631701912, 170265711]] [2946239540, [104330, 834570, 53412240, 104970, 53412240, 13352970]] [48028717544, [1701716, 13613588, 871269392, 309332, 871269392, 217817108]] [3429182372, [121500, 971958, 62204952, 28190, 62204952, 15551238]] [2707202433918.0, [95899227.0, 767192703, 49100323449, 42720639, 49099264377, 12275812827]] [83605726666.0, [2966288.0, 23730207, 1518733152, 1707871, 1514833760, 378577439]]
Model_cost: [3463967914.888889, [591.8888888888889, 1602273, 102452412, 167265, 49399997, 771938]] [3928663086.0, [14811.0, 1333359, 85328280, 86895, 77870232, 1216827]] [303464157.5, [20.625, 104010, 6246800, 13130, 6246800, 104010]] [5071935003.0, [5003.25, 1680596, 106001424, 38684, 103508112, 1641638]] [384308696.0, [124.0, 127646, 8140312, 4126, 7767768, 121433]] [297785870442.0, [2118.0, 95907291, 6138011769, 5340891, 6137123253, 95892711]] [1243701340.0, [131.5, 403551, 25807008, 29511, 25504800, 398559]]
Arch_Param: [64, 1024, 8192, 32, 1024, 512]
Samsung_cost: [21865495022.0, [774562.0, 6197793, 396549116, 464161, 396151484, 99485025]] [35204706318.0, [1236591.0, 9891951, 633078168, 629871, 631701912, 170265711]] [2946239540, [104330, 834570, 53412240, 104970, 53412240, 13352970]] [48028717544, [1701716, 13613588, 871269392, 309332, 871269392, 217817108]] [3429182372, [121500, 971958, 62204952, 28190, 62204952, 15551238]] [2707202433918.0, [95899227.0, 767192703, 49100323449, 42720639, 49099264377, 12275812827]] [83605726666.0, [2966288.0, 23730207, 1518733152, 1707871, 1514833760, 378577439]]
Model_cost: [3463123114.888889, [591.8888888888889, 1602273, 102452412, 128865, 49399997, 771938]] [3928663086.0, [14811.0, 1333359, 85328280, 86895, 77870232, 1216827]] [303464157.5, [20.625, 104010, 6246800, 13130, 6246800, 104010]] [5071935003.0, [5003.25, 1680596, 106001424, 38684, 103508112, 1641638]] [384308696.0, [124.0, 127646, 8140312, 4126, 7767768, 121433]] [297785870442.0, [2118.0, 95907291, 6138011769, 5340891, 6137123253, 95892711]] [1243701340.0, [131.5, 403551, 25807008, 29511, 25504800, 398559]]
Arch_Param: [64, 1024, 4096, 4, 256, 64]
Samsung_cost: [45493439832.0, [3207011.0, 51312164, 820922876, 6444068, 817875644, 204916065]] [35452241934.0, [2473071.0, 39567471, 633078168, 4912239, 631701912, 170265711]] [2966046780, [208650, 3338270, 53412240, 417310, 53412240, 13352970]] [48382673532, [3403412, 54454342, 871269392, 6806854, 871269392, 217817108]] [3644301676, [256358, 4101638, 65626136, 512710, 65626136, 16406534]] [2726593309326.0, [191798295.0, 3068770335, 49100323449, 383602047, 49099264377, 12275812827]] [85309037344, [6021648, 96346230, 1541539680, 12113014, 1533183840, 383164959]]
Model_cost: [15181592150.0, [7461.5, 41814564, 668963196, 10456676, 49399997, 771938]] [3945073662.0, [29511.0, 5333103, 85328280, 86895, 77870232, 1216827]] [304610575.0, [31.25, 390430, 6246800, 13150, 6246800, 104010]] [5091894306.0, [9976.5, 6635334, 106001424, 38734, 103508112, 1641638]] [927370040.0, [1416.0, 2171654, 34713624, 157894, 7767768, 121433]] [298936801662.0, [4077.0, 383626383, 6138011769, 5340891, 6137123253, 95892711]] [1392887192.0, [478.0, 2054902, 32837664, 118494, 25504800, 398559]]
Arch_Param: [64, 1024, 4096, 4, 256, 128]
Samsung_cost: [45374187864.0, [3207011.0, 51312164, 820922876, 1023524, 817875644, 204916065]] [35358029838.0, [2473071.0, 39567471, 633078168, 629871, 631701912, 170265711]] [2959175740, [208650, 3338270, 53412240, 104990, 53412240, 13352970]] [48239729148, [3403412, 54454342, 871269392, 309382, 871269392, 217817108]] [3633747308, [256358, 4101638, 65626136, 32966, 65626136, 16406534]] [2719093918350.0, [191798295.0, 3068770335, 49100323449, 42720639, 49099264377, 12275812827]] [85082829472, [6021648, 96346230, 1541539680, 1830838, 1533183840, 383164959]]
Model_cost: [15181592150.0, [7461.5, 41814564, 668963196, 10456676, 49399997, 771938]] [3945073662.0, [29511.0, 5333103, 85328280, 86895, 77870232, 1216827]] [304610575.0, [31.25, 390430, 6246800, 13150, 6246800, 104010]] [5091894306.0, [9976.5, 6635334, 106001424, 38734, 103508112, 1641638]] [927370040.0, [1416.0, 2171654, 34713624, 157894, 7767768, 121433]] [298936801662.0, [4077.0, 383626383, 6138011769, 5340891, 6137123253, 95892711]] [1392887192.0, [478.0, 2054902, 32837664, 118494, 25504800, 398559]]
Arch_Param: [64, 1024, 4096, 4, 256, 256]
Samsung_cost: [45374187864.0, [3207011.0, 51312164, 820922876, 1023524, 817875644, 204916065]] [35358029838.0, [2473071.0, 39567471, 633078168, 629871, 631701912, 170265711]] [2959175740, [208650, 3338270, 53412240, 104990, 53412240, 13352970]] [48239729148, [3403412, 54454342, 871269392, 309382, 871269392, 217817108]] [3633747308, [256358, 4101638, 65626136, 32966, 65626136, 16406534]] [2719093918350.0, [191798295.0, 3068770335, 49100323449, 42720639, 49099264377, 12275812827]] [85082829472, [6021648, 96346230, 1541539680, 1830838, 1533183840, 383164959]]
Model_cost: [14979525142.0, [7461.5, 41814564, 668963196, 1271812, 49399997, 771938]] [3945073662.0, [29511.0, 5333103, 85328280, 86895, 77870232, 1216827]] [304610575.0, [31.25, 390430, 6246800, 13150, 6246800, 104010]] [5091894306.0, [9976.5, 6635334, 106001424, 38734, 103508112, 1641638]] [926676592.0, [1418.0, 2171654, 34713624, 28870, 7843032, 122777]] [298936801662.0, [4077.0, 383626383, 6138011769, 5340891, 6137123253, 95892711]] [1392228248.0, [478.0, 2054902, 32837664, 88542, 25504800, 398559]]
Arch_Param: [64, 1024, 4096, 4, 512, 64]
Samsung_cost: [45390816522.0, [3207011.0, 25656353, 820922876, 6444065, 817875644, 204916065]] [35373107214.0, [2473071.0, 19783791, 633078168, 4912239, 631701912, 170265711]] [2959370040, [208650, 1669140, 53412240, 417300, 53412240, 13352970]] [48273764208, [3403412, 27227176, 871269392, 6806824, 871269392, 217817108]] [3636098412, [256358, 2050822, 65626136, 512710, 65626136, 16406534]] [2720455768974.0, [191798295.0, 1534385247, 49100323449, 383602047, 49099264377, 12275812827]] [85116343586, [6021648, 48173115, 1541539680, 12112955, 1533183840, 383164959]]
Model_cost: [15097964040.0, [7461.5, 20907553, 668963196, 10456673, 49399997, 771938]] [3934407678.0, [29511.0, 2666607, 85328280, 86895, 77870232, 1216827]] [303829515.0, [31.25, 195220, 6246800, 13140, 6246800, 104010]] [5078663958.0, [9976.5, 3327912, 106001424, 38704, 103508112, 1641638]] [921953592.0, [1416.0, 1087878, 34713624, 108742, 7767768, 121433]] [298169550750.0, [4077.0, 191813655, 6138011769, 5340891, 6137123253, 95892711]] [1388431130.0, [478.0, 1027451, 32837664, 102755, 25504800, 398559]]
Arch_Param: [64, 1024, 4096, 4, 512, 128]
Samsung_cost: [45271564554.0, [3207011.0, 25656353, 820922876, 1023521, 817875644, 204916065]] [35278895118.0, [2473071.0, 19783791, 633078168, 629871, 631701912, 170265711]] [2952499000, [208650, 1669140, 53412240, 104980, 53412240, 13352970]] [48130819824, [3403412, 27227176, 871269392, 309352, 871269392, 217817108]] [3625544044, [256358, 2050822, 65626136, 32966, 65626136, 16406534]] [2712956377998.0, [191798295.0, 1534385247, 49100323449, 42720639, 49099264377, 12275812827]] [84890135714, [6021648, 48173115, 1541539680, 1830779, 1533183840, 383164959]]
Model_cost: [15097964040.0, [7461.5, 20907553, 668963196, 10456673, 49399997, 771938]] [3934407678.0, [29511.0, 2666607, 85328280, 86895, 77870232, 1216827]] [303829515.0, [31.25, 195220, 6246800, 13140, 6246800, 104010]] [5078663958.0, [9976.5, 3327912, 106001424, 38704, 103508112, 1641638]] [921953592.0, [1416.0, 1087878, 34713624, 108742, 7767768, 121433]] [298169550750.0, [4077.0, 191813655, 6138011769, 5340891, 6137123253, 95892711]] [1388431130.0, [478.0, 1027451, 32837664, 102755, 25504800, 398559]]
Arch_Param: [64, 1024, 4096, 4, 512, 256]
Samsung_cost: [45271564554.0, [3207011.0, 25656353, 820922876, 1023521, 817875644, 204916065]] [35278895118.0, [2473071.0, 19783791, 633078168, 629871, 631701912, 170265711]] [2952499000, [208650, 1669140, 53412240, 104980, 53412240, 13352970]] [48130819824, [3403412, 27227176, 871269392, 309352, 871269392, 217817108]] [3625544044, [256358, 2050822, 65626136, 32966, 65626136, 16406534]] [2712956377998.0, [191798295.0, 1534385247, 49100323449, 42720639, 49099264377, 12275812827]] [84890135714, [6021648, 48173115, 1541539680, 1830779, 1533183840, 383164959]]
Model_cost: [14895897032.0, [7461.5, 20907553, 668963196, 1271809, 49399997, 771938]] [3934407678.0, [29511.0, 2666607, 85328280, 86895, 77870232, 1216827]] [303829515.0, [31.25, 195220, 6246800, 13140, 6246800, 104010]] [5078663958.0, [9976.5, 3327912, 106001424, 38704, 103508112, 1641638]] [921277752.0, [1416.0, 1087878, 34713624, 78022, 7767768, 121433]] [298169550750.0, [4077.0, 191813655, 6138011769, 5340891, 6137123253, 95892711]] [1387772186.0, [478.0, 1027451, 32837664, 72803, 25504800, 398559]]
Arch_Param: [64, 1024, 4096, 4, 512, 512]
Samsung_cost: [45271564554.0, [3207011.0, 25656353, 820922876, 1023521, 817875644, 204916065]] [35278895118.0, [2473071.0, 19783791, 633078168, 629871, 631701912, 170265711]] [2952499000, [208650, 1669140, 53412240, 104980, 53412240, 13352970]] [48130819824, [3403412, 27227176, 871269392, 309352, 871269392, 217817108]] [3625544044, [256358, 2050822, 65626136, 32966, 65626136, 16406534]] [2712956377998.0, [191798295.0, 1534385247, 49100323449, 42720639, 49099264377, 12275812827]] [84890135714, [6021648, 48173115, 1541539680, 1830779, 1533183840, 383164959]]
Model_cost: [14895897032.0, [7461.5, 20907553, 668963196, 1271809, 49399997, 771938]] [3934407678.0, [29511.0, 2666607, 85328280, 86895, 77870232, 1216827]] [303829515.0, [31.25, 195220, 6246800, 13140, 6246800, 104010]] [5078663958.0, [9976.5, 3327912, 106001424, 38704, 103508112, 1641638]] [920911416.0, [1416.0, 1087878, 34713624, 28870, 7792856, 121881]] [298169550750.0, [4077.0, 191813655, 6138011769, 5340891, 6137123253, 95892711]] [1387772186.0, [478.0, 1027451, 32837664, 72803, 25504800, 398559]]
Arch_Param: [64, 1024, 4096, 4, 1024, 64]
Samsung_cost: [45339530506.0, [3207011.0, 12834849, 820922876, 6444065, 817875644, 204916065]] [35333539854.0, [2473071.0, 9891951, 633078168, 4912239, 631701912, 170265711]] [2956031540, [208650, 834570, 53412240, 417290, 53412240, 13352970]] [48219309416, [3403412, 13613588, 871269392, 6806804, 871269392, 217817108]] [3631996780, [256358, 1025414, 65626136, 512710, 65626136, 16406534]] [2717386998798.0, [191798295.0, 767192703, 49100323449, 383602047, 49099264377, 12275812827]] [85019996746, [6021648, 24086559, 1541539680, 12112927, 1533183840, 383164959]]
Model_cost: [15056174856.0, [7461.5, 10460257, 668963196, 10456673, 49399997, 771938]] [3929074686.0, [29511.0, 1333359, 85328280, 86895, 77870232, 1216827]] [303464455.0, [31.25, 104010, 6246800, 13130, 6246800, 104010]] [5072074254.0, [9976.5, 1680596, 106001424, 38684, 103508112, 1641638]] [919245368.0, [1416.0, 545990, 34713624, 84166, 7767768, 121433]] [297785925294.0, [4077.0, 95907291, 6138011769, 5340891, 6137123253, 95892711]] [1386243906.0, [478.0, 515295, 32837664, 96455, 25504800, 398559]]
Arch_Param: [64, 1024, 4096, 4, 1024, 128]
Samsung_cost: [45220278538.0, [3207011.0, 12834849, 820922876, 1023521, 817875644, 204916065]] [35239327758.0, [2473071.0, 9891951, 633078168, 629871, 631701912, 170265711]] [2949160500, [208650, 834570, 53412240, 104970, 53412240, 13352970]] [48076365032, [3403412, 13613588, 871269392, 309332, 871269392, 217817108]] [3621442412, [256358, 1025414, 65626136, 32966, 65626136, 16406534]] [2709887607822.0, [191798295.0, 767192703, 49100323449, 42720639, 49099264377, 12275812827]] [84793788874, [6021648, 24086559, 1541539680, 1830751, 1533183840, 383164959]]
Model_cost: [15056174856.0, [7461.5, 10460257, 668963196, 10456673, 49399997, 771938]] [3929074686.0, [29511.0, 1333359, 85328280, 86895, 77870232, 1216827]] [303464455.0, [31.25, 104010, 6246800, 13130, 6246800, 104010]] [5072074254.0, [9976.5, 1680596, 106001424, 38684, 103508112, 1641638]] [919245368.0, [1416.0, 545990, 34713624, 84166, 7767768, 121433]] [297785925294.0, [4077.0, 95907291, 6138011769, 5340891, 6137123253, 95892711]] [1386243906.0, [478.0, 515295, 32837664, 96455, 25504800, 398559]]
Arch_Param: [64, 1024, 4096, 4, 1024, 256]
Samsung_cost: [45220278538.0, [3207011.0, 12834849, 820922876, 1023521, 817875644, 204916065]] [35239327758.0, [2473071.0, 9891951, 633078168, 629871, 631701912, 170265711]] [2949160500, [208650, 834570, 53412240, 104970, 53412240, 13352970]] [48076365032, [3403412, 13613588, 871269392, 309332, 871269392, 217817108]] [3621442412, [256358, 1025414, 65626136, 32966, 65626136, 16406534]] [2709887607822.0, [191798295.0, 767192703, 49100323449, 42720639, 49099264377, 12275812827]] [84793788874, [6021648, 24086559, 1541539680, 1830751, 1533183840, 383164959]]
Model_cost: [14854107848.0, [7461.5, 10460257, 668963196, 1271809, 49399997, 771938]] [3929074686.0, [29511.0, 1333359, 85328280, 86895, 77870232, 1216827]] [303464455.0, [31.25, 104010, 6246800, 13130, 6246800, 104010]] [5072074254.0, [9976.5, 1680596, 106001424, 38684, 103508112, 1641638]] [918569528.0, [1416.0, 545990, 34713624, 53446, 7767768, 121433]] [297785925294.0, [4077.0, 95907291, 6138011769, 5340891, 6137123253, 95892711]] [1385584962.0, [478.0, 515295, 32837664, 66503, 25504800, 398559]]
Arch_Param: [64, 1024, 4096, 4, 1024, 512]
Samsung_cost: [45220278538.0, [3207011.0, 12834849, 820922876, 1023521, 817875644, 204916065]] [35239327758.0, [2473071.0, 9891951, 633078168, 629871, 631701912, 170265711]] [2949160500, [208650, 834570, 53412240, 104970, 53412240, 13352970]] [48076365032, [3403412, 13613588, 871269392, 309332, 871269392, 217817108]] [3621442412, [256358, 1025414, 65626136, 32966, 65626136, 16406534]] [2709887607822.0, [191798295.0, 767192703, 49100323449, 42720639, 49099264377, 12275812827]] [84793788874, [6021648, 24086559, 1541539680, 1830751, 1533183840, 383164959]]
Model_cost: [14854107848.0, [7461.5, 10460257, 668963196, 1271809, 49399997, 771938]] [3929074686.0, [29511.0, 1333359, 85328280, 86895, 77870232, 1216827]] [303464455.0, [31.25, 104010, 6246800, 13130, 6246800, 104010]] [5072074254.0, [9976.5, 1680596, 106001424, 38684, 103508112, 1641638]] [918569528.0, [1416.0, 545990, 34713624, 53446, 7767768, 121433]] [297785925294.0, [4077.0, 95907291, 6138011769, 5340891, 6137123253, 95892711]] [1385584962.0, [478.0, 515295, 32837664, 66503, 25504800, 398559]]
Arch_Param: [64, 1024, 4096, 8, 256, 64]
Samsung_cost: [22843629912.0, [1610339.0, 25765412, 412205564, 3236900, 410503868, 103073121]] [35452241934.0, [2473071.0, 39567471, 633078168, 4912239, 631701912, 170265711]] [2966046780, [208650, 3338270, 53412240, 417310, 53412240, 13352970]] [48382673532, [3403412, 54454342, 871269392, 6806854, 871269392, 217817108]] [3510785004, [246966, 3951366, 63221784, 493926, 63221784, 15805446]] [2726593309326.0, [191798295.0, 3068770335, 49100323449, 383602047, 49099264377, 12275812827]] [84372458272, [5944848, 95117430, 1521878880, 11924598, 1517979488, 379363871]]
Model_cost: [8800691985.777779, [3984.777777777778, 22447780, 359125692, 5611876, 49399997, 771938]] [3945073662.0, [29511.0, 5333103, 85328280, 86895, 77870232, 1216827]] [304610575.0, [31.25, 390430, 6246800, 13150, 6246800, 104010]] [5091894306.0, [9976.5, 6635334, 106001424, 38734, 103508112, 1641638]] [574134236.0, [711.0, 1085830, 17356824, 78950, 7767768, 121433]] [298936801662.0, [4077.0, 383626383, 6138011769, 5340891, 6137123253, 95892711]] [1304353920.0, [340.0, 1783542, 28515872, 72670, 25504800, 398559]]
Arch_Param: [64, 1024, 4096, 8, 256, 128]
Samsung_cost: [22783846232.0, [1610339.0, 25765412, 412205564, 519460, 410503868, 103073121]] [35358029838.0, [2473071.0, 39567471, 633078168, 629871, 631701912, 170265711]] [2959175740, [208650, 3338270, 53412240, 104990, 53412240, 13352970]] [48239729148, [3403412, 54454342, 871269392, 309382, 871269392, 217817108]] [3500574188, [246966, 3951366, 63221784, 29798, 63221784, 15805446]] [2719093918350.0, [191798295.0, 3068770335, 49100323449, 42720639, 49099264377, 12275812827]] [84147962528, [5944848, 95117430, 1521878880, 1720246, 1517979488, 379363871]]
Model_cost: [8691886673.777779, [3984.777777777778, 22447780, 359125692, 666180, 49399997, 771938]] [3945073662.0, [29511.0, 5333103, 85328280, 86895, 77870232, 1216827]] [304610575.0, [31.25, 390430, 6246800, 13150, 6246800, 104010]] [5091894306.0, [9976.5, 6635334, 106001424, 38734, 103508112, 1641638]] [573796316.0, [711.0, 1085830, 17356824, 63590, 7767768, 121433]] [298936801662.0, [4077.0, 383626383, 6138011769, 5340891, 6137123253, 95892711]] [1303999104.0, [340.0, 1783542, 28515872, 56542, 25504800, 398559]]
Arch_Param: [64, 1024, 4096, 8, 256, 256]
Samsung_cost: [22783846232.0, [1610339.0, 25765412, 412205564, 519460, 410503868, 103073121]] [35358029838.0, [2473071.0, 39567471, 633078168, 629871, 631701912, 170265711]] [2959175740, [208650, 3338270, 53412240, 104990, 53412240, 13352970]] [48239729148, [3403412, 54454342, 871269392, 309382, 871269392, 217817108]] [3500574188, [246966, 3951366, 63221784, 29798, 63221784, 15805446]] [2719093918350.0, [191798295.0, 3068770335, 49100323449, 42720639, 49099264377, 12275812827]] [84147962528, [5944848, 95117430, 1521878880, 1720246, 1517979488, 379363871]]
Model_cost: [8691886673.777779, [3984.777777777778, 22447780, 359125692, 666180, 49399997, 771938]] [3945073662.0, [29511.0, 5333103, 85328280, 86895, 77870232, 1216827]] [304610575.0, [31.25, 390430, 6246800, 13150, 6246800, 104010]] [5091894306.0, [9976.5, 6635334, 106001424, 38734, 103508112, 1641638]] [573430008.0, [712.0, 1085830, 17356824, 14438, 7792856, 121881]] [298936801662.0, [4077.0, 383626383, 6138011769, 5340891, 6137123253, 95892711]] [1303999104.0, [340.0, 1783542, 28515872, 56542, 25504800, 398559]]
Arch_Param: [64, 1024, 4096, 8, 512, 64]
Samsung_cost: [22792100106.0, [1610339.0, 12882977, 412205564, 3236897, 410503868, 103073121]] [35373107214.0, [2473071.0, 19783791, 633078168, 4912239, 631701912, 170265711]] [2959370040, [208650, 1669140, 53412240, 417300, 53412240, 13352970]] [48273764208, [3403412, 27227176, 871269392, 6806824, 871269392, 217817108]] [3502882284, [246966, 1975686, 63221784, 493926, 63221784, 15805446]] [2720455768974.0, [191798295.0, 1534385247, 49100323449, 383602047, 49099264377, 12275812827]] [84182222114, [5944848, 47558715, 1521878880, 11924539, 1517979488, 379363871]]
Model_cost: [8755797443.777779, [3984.777777777778, 11224161, 359125692, 5611873, 49399997, 771938]] [3934407678.0, [29511.0, 2666607, 85328280, 86895, 77870232, 1216827]] [303829515.0, [31.25, 195220, 6246800, 13140, 6246800, 104010]] [5078663958.0, [9976.5, 3327912, 106001424, 38704, 103508112, 1641638]] [571426012.0, [711.0, 543942, 17356824, 54374, 7767768, 121433]] [298169550750.0, [4077.0, 191813655, 6138011769, 5340891, 6137123253, 95892711]] [1300609538.0, [340.0, 891771, 28515872, 64611, 25504800, 398559]]
Arch_Param: [64, 1024, 4096, 8, 512, 128]
Samsung_cost: [22732316426.0, [1610339.0, 12882977, 412205564, 519457, 410503868, 103073121]] [35278895118.0, [2473071.0, 19783791, 633078168, 629871, 631701912, 170265711]] [2952499000, [208650, 1669140, 53412240, 104980, 53412240, 13352970]] [48130819824, [3403412, 27227176, 871269392, 309352, 871269392, 217817108]] [3492671468, [246966, 1975686, 63221784, 29798, 63221784, 15805446]] [2712956377998.0, [191798295.0, 1534385247, 49100323449, 42720639, 49099264377, 12275812827]] [83957726370, [5944848, 47558715, 1521878880, 1720187, 1517979488, 379363871]]
Model_cost: [8646992131.777779, [3984.777777777778, 11224161, 359125692, 666177, 49399997, 771938]] [3934407678.0, [29511.0, 2666607, 85328280, 86895, 77870232, 1216827]] [303829515.0, [31.25, 195220, 6246800, 13140, 6246800, 104010]] [5078663958.0, [9976.5, 3327912, 106001424, 38704, 103508112, 1641638]] [571088092.0, [711.0, 543942, 17356824, 39014, 7767768, 121433]] [298169550750.0, [4077.0, 191813655, 6138011769, 5340891, 6137123253, 95892711]] [1300254722.0, [340.0, 891771, 28515872, 48483, 25504800, 398559]]
Arch_Param: [64, 1024, 4096, 8, 512, 256]
Samsung_cost: [22732316426.0, [1610339.0, 12882977, 412205564, 519457, 410503868, 103073121]] [35278895118.0, [2473071.0, 19783791, 633078168, 629871, 631701912, 170265711]] [2952499000, [208650, 1669140, 53412240, 104980, 53412240, 13352970]] [48130819824, [3403412, 27227176, 871269392, 309352, 871269392, 217817108]] [3492671468, [246966, 1975686, 63221784, 29798, 63221784, 15805446]] [2712956377998.0, [191798295.0, 1534385247, 49100323449, 42720639, 49099264377, 12275812827]] [83957726370, [5944848, 47558715, 1521878880, 1720187, 1517979488, 379363871]]
Model_cost: [8646992131.777779, [3984.777777777778, 11224161, 359125692, 666177, 49399997, 771938]] [3934407678.0, [29511.0, 2666607, 85328280, 86895, 77870232, 1216827]] [303829515.0, [31.25, 195220, 6246800, 13140, 6246800, 104010]] [5078663958.0, [9976.5, 3327912, 106001424, 38704, 103508112, 1641638]] [571088092.0, [711.0, 543942, 17356824, 39014, 7767768, 121433]] [298169550750.0, [4077.0, 191813655, 6138011769, 5340891, 6137123253, 95892711]] [1300254722.0, [340.0, 891771, 28515872, 48483, 25504800, 398559]]
Arch_Param: [64, 1024, 4096, 8, 512, 512]
Samsung_cost: [22732316426.0, [1610339.0, 12882977, 412205564, 519457, 410503868, 103073121]] [35278895118.0, [2473071.0, 19783791, 633078168, 629871, 631701912, 170265711]] [2952499000, [208650, 1669140, 53412240, 104980, 53412240, 13352970]] [48130819824, [3403412, 27227176, 871269392, 309352, 871269392, 217817108]] [3492671468, [246966, 1975686, 63221784, 29798, 63221784, 15805446]] [2712956377998.0, [191798295.0, 1534385247, 49100323449, 42720639, 49099264377, 12275812827]] [83957726370, [5944848, 47558715, 1521878880, 1720187, 1517979488, 379363871]]
Model_cost: [8645548931.777779, [3984.777777777778, 11224161, 359125692, 600577, 49399997, 771938]] [3934407678.0, [29511.0, 2666607, 85328280, 86895, 77870232, 1216827]] [303829515.0, [31.25, 195220, 6246800, 13140, 6246800, 104010]] [5078663958.0, [9976.5, 3327912, 106001424, 38704, 103508112, 1641638]] [570446044.0, [711.0, 543942, 17356824, 9830, 7767768, 121433]] [298169550750.0, [4077.0, 191813655, 6138011769, 5340891, 6137123253, 95892711]] [1300113922.0, [340.0, 891771, 28515872, 42083, 25504800, 398559]]
Arch_Param: [64, 1024, 4096, 8, 1024, 64]
Samsung_cost: [22766348554.0, [1610339.0, 6445089, 412205564, 3236897, 410503868, 103073121]] [35333539854.0, [2473071.0, 9891951, 633078168, 4912239, 631701912, 170265711]] [2956031540, [208650, 834570, 53412240, 417290, 53412240, 13352970]] [48219309416, [3403412, 13613588, 871269392, 6806804, 871269392, 217817108]] [3498930924, [246966, 987846, 63221784, 493926, 63221784, 15805446]] [2717386998798.0, [191798295.0, 767192703, 49100323449, 383602047, 49099264377, 12275812827]] [84087104074, [5944848, 23779359, 1521878880, 11924511, 1517979488, 379363871]]
Model_cost: [8733362627.777779, [3984.777777777778, 5615457, 359125692, 5611873, 49399997, 771938]] [3929074686.0, [29511.0, 1333359, 85328280, 86895, 77870232, 1216827]] [303464455.0, [31.25, 104010, 6246800, 13130, 6246800, 104010]] [5072074254.0, [9976.5, 1680596, 106001424, 38684, 103508112, 1641638]] [570071900.0, [711.0, 272998, 17356824, 42086, 7767768, 121433]] [297785925294.0, [4077.0, 95907291, 6138011769, 5340891, 6137123253, 95892711]] [1298758186.0, [340.0, 446687, 28515872, 61383, 25504800, 398559]]
Arch_Param: [64, 1024, 4096, 8, 1024, 128]
Samsung_cost: [22706564874.0, [1610339.0, 6445089, 412205564, 519457, 410503868, 103073121]] [35239327758.0, [2473071.0, 9891951, 633078168, 629871, 631701912, 170265711]] [2949160500, [208650, 834570, 53412240, 104970, 53412240, 13352970]] [48076365032, [3403412, 13613588, 871269392, 309332, 871269392, 217817108]] [3488720108, [246966, 987846, 63221784, 29798, 63221784, 15805446]] [2709887607822.0, [191798295.0, 767192703, 49100323449, 42720639, 49099264377, 12275812827]] [83862608330, [5944848, 23779359, 1521878880, 1720159, 1517979488, 379363871]]
Model_cost: [8624557315.777779, [3984.777777777778, 5615457, 359125692, 666177, 49399997, 771938]] [3929074686.0, [29511.0, 1333359, 85328280, 86895, 77870232, 1216827]] [303464455.0, [31.25, 104010, 6246800, 13130, 6246800, 104010]] [5072074254.0, [9976.5, 1680596, 106001424, 38684, 103508112, 1641638]] [569733980.0, [711.0, 272998, 17356824, 26726, 7767768, 121433]] [297785925294.0, [4077.0, 95907291, 6138011769, 5340891, 6137123253, 95892711]] [1298403370.0, [340.0, 446687, 28515872, 45255, 25504800, 398559]]
Arch_Param: [64, 1024, 4096, 8, 1024, 256]
Samsung_cost: [22706564874.0, [1610339.0, 6445089, 412205564, 519457, 410503868, 103073121]] [35239327758.0, [2473071.0, 9891951, 633078168, 629871, 631701912, 170265711]] [2949160500, [208650, 834570, 53412240, 104970, 53412240, 13352970]] [48076365032, [3403412, 13613588, 871269392, 309332, 871269392, 217817108]] [3488720108, [246966, 987846, 63221784, 29798, 63221784, 15805446]] [2709887607822.0, [191798295.0, 767192703, 49100323449, 42720639, 49099264377, 12275812827]] [83862608330, [5944848, 23779359, 1521878880, 1720159, 1517979488, 379363871]]
Model_cost: [8624557315.777779, [3984.777777777778, 5615457, 359125692, 666177, 49399997, 771938]] [3929074686.0, [29511.0, 1333359, 85328280, 86895, 77870232, 1216827]] [303464455.0, [31.25, 104010, 6246800, 13130, 6246800, 104010]] [5072074254.0, [9976.5, 1680596, 106001424, 38684, 103508112, 1641638]] [569733980.0, [711.0, 272998, 17356824, 26726, 7767768, 121433]] [297785925294.0, [4077.0, 95907291, 6138011769, 5340891, 6137123253, 95892711]] [1298403370.0, [340.0, 446687, 28515872, 45255, 25504800, 398559]]
Arch_Param: [64, 1024, 4096, 8, 1024, 512]
Samsung_cost: [22706564874.0, [1610339.0, 6445089, 412205564, 519457, 410503868, 103073121]] [35239327758.0, [2473071.0, 9891951, 633078168, 629871, 631701912, 170265711]] [2949160500, [208650, 834570, 53412240, 104970, 53412240, 13352970]] [48076365032, [3403412, 13613588, 871269392, 309332, 871269392, 217817108]] [3488720108, [246966, 987846, 63221784, 29798, 63221784, 15805446]] [2709887607822.0, [191798295.0, 767192703, 49100323449, 42720639, 49099264377, 12275812827]] [83862608330, [5944848, 23779359, 1521878880, 1720159, 1517979488, 379363871]]
Model_cost: [8623114115.777779, [3984.777777777778, 5615457, 359125692, 600577, 49399997, 771938]] [3929074686.0, [29511.0, 1333359, 85328280, 86895, 77870232, 1216827]] [303464455.0, [31.25, 104010, 6246800, 13130, 6246800, 104010]] [5072074254.0, [9976.5, 1680596, 106001424, 38684, 103508112, 1641638]] [569362268.0, [711.0, 272998, 17356824, 9830, 7767768, 121433]] [297785925294.0, [4077.0, 95907291, 6138011769, 5340891, 6137123253, 95892711]] [1298332970.0, [340.0, 446687, 28515872, 42055, 25504800, 398559]]
Arch_Param: [64, 1024, 4096, 16, 256, 64]
Samsung_cost: [22294249304.0, [1569507.0, 25112100, 401767932, 3146788, 400935612, 100681057]] [35452241934.0, [2473071.0, 39567471, 633078168, 4912239, 631701912, 170265711]] [2966046780, [208650, 3338270, 53412240, 417310, 53412240, 13352970]] [48382673532, [3403412, 54454342, 871269392, 6806854, 871269392, 217817108]] [3473141036, [244318, 3908998, 62543896, 488630, 62543896, 15635974]] [2726593309326.0, [191798295.0, 3068770335, 49100323449, 383602047, 49099264377, 12275812827]] [84256000800, [5936656, 94986358, 1519781728, 11908214, 1515882336, 378839583]]
Model_cost: [5549224488.444445, [2248.4444444444443, 12767908, 204263100, 364260, 49399997, 771938]] [3945073662.0, [29511.0, 5333103, 85328280, 86895, 77870232, 1216827]] [304610575.0, [31.25, 390430, 6246800, 13150, 6246800, 104010]] [5091894306.0, [9976.5, 6635334, 106001424, 38734, 103508112, 1641638]] [397347388.0, [359.0, 542918, 8678424, 31798, 7767768, 121433]] [298936801662.0, [4077.0, 383626383, 6138011769, 5340891, 6137123253, 95892711]] [1259884532.0, [271.0, 1647862, 26354976, 40542, 25504800, 398559]]
Arch_Param: [64, 1024, 4096, 16, 256, 128]
Samsung_cost: [22235637080.0, [1569507.0, 25112100, 401767932, 482596, 400935612, 100681057]] [35358029838.0, [2473071.0, 39567471, 633078168, 629871, 631701912, 170265711]] [2959175740, [208650, 3338270, 53412240, 104990, 53412240, 13352970]] [48239729148, [3403412, 54454342, 871269392, 309382, 871269392, 217817108]] [3463023148, [244318, 3908998, 62543896, 28726, 62543896, 15635974]] [2719093918350.0, [191798295.0, 3068770335, 49100323449, 42720639, 49099264377, 12275812827]] [84031685280, [5936656, 94986358, 1519781728, 1712054, 1515882336, 378839583]]
Model_cost: [5549224488.444445, [2248.4444444444443, 12767908, 204263100, 364260, 49399997, 771938]] [3945073662.0, [29511.0, 5333103, 85328280, 86895, 77870232, 1216827]] [304610575.0, [31.25, 390430, 6246800, 13150, 6246800, 104010]] [5091894306.0, [9976.5, 6635334, 106001424, 38734, 103508112, 1641638]] [397347388.0, [359.0, 542918, 8678424, 31798, 7767768, 121433]] [298936801662.0, [4077.0, 383626383, 6138011769, 5340891, 6137123253, 95892711]] [1259884532.0, [271.0, 1647862, 26354976, 40542, 25504800, 398559]]
Arch_Param: [64, 1024, 4096, 16, 256, 256]
Samsung_cost: [22235637080.0, [1569507.0, 25112100, 401767932, 482596, 400935612, 100681057]] [35358029838.0, [2473071.0, 39567471, 633078168, 629871, 631701912, 170265711]] [2959175740, [208650, 3338270, 53412240, 104990, 53412240, 13352970]] [48239729148, [3403412, 54454342, 871269392, 309382, 871269392, 217817108]] [3463023148, [244318, 3908998, 62543896, 28726, 62543896, 15635974]] [2719093918350.0, [191798295.0, 3068770335, 49100323449, 42720639, 49099264377, 12275812827]] [84031685280, [5936656, 94986358, 1519781728, 1712054, 1515882336, 378839583]]
Model_cost: [5548474024.444445, [2248.4444444444443, 12767908, 204263100, 330148, 49399997, 771938]] [3945073662.0, [29511.0, 5333103, 85328280, 86895, 77870232, 1216827]] [304610575.0, [31.25, 390430, 6246800, 13150, 6246800, 104010]] [5091894306.0, [9976.5, 6635334, 106001424, 38734, 103508112, 1641638]] [396756028.0, [359.0, 542918, 8678424, 4918, 7767768, 121433]] [298936801662.0, [4077.0, 383626383, 6138011769, 5340891, 6137123253, 95892711]] [1259719796.0, [271.0, 1647862, 26354976, 33054, 25504800, 398559]]
Arch_Param: [64, 1024, 4096, 16, 512, 64]
Samsung_cost: [22244026122.0, [1569507.0, 12556321, 401767932, 3146785, 400935612, 100681057]] [35373107214.0, [2473071.0, 19783791, 633078168, 4912239, 631701912, 170265711]] [2959370040, [208650, 1669140, 53412240, 417300, 53412240, 13352970]] [48273764208, [3403412, 27227176, 871269392, 6806824, 871269392, 217817108]] [3465323052, [244318, 1954502, 62543896, 488630, 62543896, 15635974]] [2720455768974.0, [191798295.0, 1534385247, 49100323449, 383602047, 49099264377, 12275812827]] [84066026786, [5936656, 47493179, 1519781728, 11908155, 1515882336, 378839583]]
Model_cost: [5523689690.444445, [2248.4444444444443, 6384225, 204263100, 364257, 49399997, 771938]] [3934407678.0, [29511.0, 2666607, 85328280, 86895, 77870232, 1216827]] [303829515.0, [31.25, 195220, 6246800, 13140, 6246800, 104010]] [5078663958.0, [9976.5, 3327912, 106001424, 38704, 103508112, 1641638]] [395993276.0, [359.0, 271974, 8678424, 19510, 7767768, 121433]] [298169550750.0, [4077.0, 191813655, 6138011769, 5340891, 6137123253, 95892711]] [1256495990.0, [271.0, 823931, 26354976, 36323, 25504800, 398559]]
Arch_Param: [64, 1024, 4096, 16, 512, 128]
Samsung_cost: [22185413898.0, [1569507.0, 12556321, 401767932, 482593, 400935612, 100681057]] [35278895118.0, [2473071.0, 19783791, 633078168, 629871, 631701912, 170265711]] [2952499000, [208650, 1669140, 53412240, 104980, 53412240, 13352970]] [48130819824, [3403412, 27227176, 871269392, 309352, 871269392, 217817108]] [3455205164, [244318, 1954502, 62543896, 28726, 62543896, 15635974]] [2712956377998.0, [191798295.0, 1534385247, 49100323449, 42720639, 49099264377, 12275812827]] [83841711266, [5936656, 47493179, 1519781728, 1711995, 1515882336, 378839583]]
Model_cost: [5523689690.444445, [2248.4444444444443, 6384225, 204263100, 364257, 49399997, 771938]] [3934407678.0, [29511.0, 2666607, 85328280, 86895, 77870232, 1216827]] [303829515.0, [31.25, 195220, 6246800, 13140, 6246800, 104010]] [5078663958.0, [9976.5, 3327912, 106001424, 38704, 103508112, 1641638]] [395993276.0, [359.0, 271974, 8678424, 19510, 7767768, 121433]] [298169550750.0, [4077.0, 191813655, 6138011769, 5340891, 6137123253, 95892711]] [1256495990.0, [271.0, 823931, 26354976, 36323, 25504800, 398559]]
Arch_Param: [64, 1024, 4096, 16, 512, 256]
Samsung_cost: [22185413898.0, [1569507.0, 12556321, 401767932, 482593, 400935612, 100681057]] [35278895118.0, [2473071.0, 19783791, 633078168, 629871, 631701912, 170265711]] [2952499000, [208650, 1669140, 53412240, 104980, 53412240, 13352970]] [48130819824, [3403412, 27227176, 871269392, 309352, 871269392, 217817108]] [3455205164, [244318, 1954502, 62543896, 28726, 62543896, 15635974]] [2712956377998.0, [191798295.0, 1534385247, 49100323449, 42720639, 49099264377, 12275812827]] [83841711266, [5936656, 47493179, 1519781728, 1711995, 1515882336, 378839583]]
Model_cost: [5522939226.444445, [2248.4444444444443, 6384225, 204263100, 330145, 49399997, 771938]] [3934407678.0, [29511.0, 2666607, 85328280, 86895, 77870232, 1216827]] [303829515.0, [31.25, 195220, 6246800, 13140, 6246800, 104010]] [5078663958.0, [9976.5, 3327912, 106001424, 38704, 103508112, 1641638]] [395672252.0, [359.0, 271974, 8678424, 4918, 7767768, 121433]] [298169550750.0, [4077.0, 191813655, 6138011769, 5340891, 6137123253, 95892711]] [1256422774.0, [271.0, 823931, 26354976, 32995, 25504800, 398559]]
Arch_Param: [64, 1024, 4096, 16, 512, 512]
Samsung_cost: [22185413898.0, [1569507.0, 12556321, 401767932, 482593, 400935612, 100681057]] [35278895118.0, [2473071.0, 19783791, 633078168, 629871, 631701912, 170265711]] [2952499000, [208650, 1669140, 53412240, 104980, 53412240, 13352970]] [48130819824, [3403412, 27227176, 871269392, 309352, 871269392, 217817108]] [3455205164, [244318, 1954502, 62543896, 28726, 62543896, 15635974]] [2712956377998.0, [191798295.0, 1534385247, 49100323449, 42720639, 49099264377, 12275812827]] [83841711266, [5936656, 47493179, 1519781728, 1711995, 1515882336, 378839583]]
Model_cost: [5522939226.444445, [2248.4444444444443, 6384225, 204263100, 330145, 49399997, 771938]] [3934407678.0, [29511.0, 2666607, 85328280, 86895, 77870232, 1216827]] [303829515.0, [31.25, 195220, 6246800, 13140, 6246800, 104010]] [5078663958.0, [9976.5, 3327912, 106001424, 38704, 103508112, 1641638]] [395672252.0, [359.0, 271974, 8678424, 4918, 7767768, 121433]] [298169550750.0, [4077.0, 191813655, 6138011769, 5340891, 6137123253, 95892711]] [1256422774.0, [271.0, 823931, 26354976, 32995, 25504800, 398559]]
Arch_Param: [64, 1024, 4096, 16, 1024, 64]
Samsung_cost: [22218921738.0, [1569507.0, 6280225, 401767932, 3146785, 400935612, 100681057]] [35333539854.0, [2473071.0, 9891951, 633078168, 4912239, 631701912, 170265711]] [2956031540, [208650, 834570, 53412240, 417290, 53412240, 13352970]] [48219309416, [3403412, 13613588, 871269392, 6806804, 871269392, 217817108]] [3461414060, [244318, 977254, 62543896, 488630, 62543896, 15635974]] [2717386998798.0, [191798295.0, 767192703, 49100323449, 383602047, 49099264377, 12275812827]] [83971039818, [5936656, 23746591, 1519781728, 11908127, 1515882336, 378839583]]
Model_cost: [5510928602.444445, [2248.4444444444443, 3193953, 204263100, 364257, 49399997, 771938]] [3929074686.0, [29511.0, 1333359, 85328280, 86895, 77870232, 1216827]] [303464455.0, [31.25, 104010, 6246800, 13130, 6246800, 104010]] [5072074254.0, [9976.5, 1680596, 106001424, 38684, 103508112, 1641638]] [395316220.0, [359.0, 136502, 8678424, 13366, 7767768, 121433]] [297785925294.0, [4077.0, 95907291, 6138011769, 5340891, 6137123253, 95892711]] [1254812574.0, [271.0, 412383, 26354976, 34631, 25504800, 398559]]
Arch_Param: [64, 1024, 4096, 16, 1024, 128]
Samsung_cost: [22160309514.0, [1569507.0, 6280225, 401767932, 482593, 400935612, 100681057]] [35239327758.0, [2473071.0, 9891951, 633078168, 629871, 631701912, 170265711]] [2949160500, [208650, 834570, 53412240, 104970, 53412240, 13352970]] [48076365032, [3403412, 13613588, 871269392, 309332, 871269392, 217817108]] [3451296172, [244318, 977254, 62543896, 28726, 62543896, 15635974]] [2709887607822.0, [191798295.0, 767192703, 49100323449, 42720639, 49099264377, 12275812827]] [83746724298, [5936656, 23746591, 1519781728, 1711967, 1515882336, 378839583]]
Model_cost: [5510928602.444445, [2248.4444444444443, 3193953, 204263100, 364257, 49399997, 771938]] [3929074686.0, [29511.0, 1333359, 85328280, 86895, 77870232, 1216827]] [303464455.0, [31.25, 104010, 6246800, 13130, 6246800, 104010]] [5072074254.0, [9976.5, 1680596, 106001424, 38684, 103508112, 1641638]] [395316220.0, [359.0, 136502, 8678424, 13366, 7767768, 121433]] [297785925294.0, [4077.0, 95907291, 6138011769, 5340891, 6137123253, 95892711]] [1254812574.0, [271.0, 412383, 26354976, 34631, 25504800, 398559]]
Arch_Param: [64, 1024, 4096, 16, 1024, 256]
Samsung_cost: [22160309514.0, [1569507.0, 6280225, 401767932, 482593, 400935612, 100681057]] [35239327758.0, [2473071.0, 9891951, 633078168, 629871, 631701912, 170265711]] [2949160500, [208650, 834570, 53412240, 104970, 53412240, 13352970]] [48076365032, [3403412, 13613588, 871269392, 309332, 871269392, 217817108]] [3451296172, [244318, 977254, 62543896, 28726, 62543896, 15635974]] [2709887607822.0, [191798295.0, 767192703, 49100323449, 42720639, 49099264377, 12275812827]] [83746724298, [5936656, 23746591, 1519781728, 1711967, 1515882336, 378839583]]
Model_cost: [5510178138.444445, [2248.4444444444443, 3193953, 204263100, 330145, 49399997, 771938]] [3929074686.0, [29511.0, 1333359, 85328280, 86895, 77870232, 1216827]] [303464455.0, [31.25, 104010, 6246800, 13130, 6246800, 104010]] [5072074254.0, [9976.5, 1680596, 106001424, 38684, 103508112, 1641638]] [395130364.0, [359.0, 136502, 8678424, 4918, 7767768, 121433]] [297785925294.0, [4077.0, 95907291, 6138011769, 5340891, 6137123253, 95892711]] [1254775966.0, [271.0, 412383, 26354976, 32967, 25504800, 398559]]
Arch_Param: [64, 1024, 4096, 16, 1024, 512]
Samsung_cost: [22160309514.0, [1569507.0, 6280225, 401767932, 482593, 400935612, 100681057]] [35239327758.0, [2473071.0, 9891951, 633078168, 629871, 631701912, 170265711]] [2949160500, [208650, 834570, 53412240, 104970, 53412240, 13352970]] [48076365032, [3403412, 13613588, 871269392, 309332, 871269392, 217817108]] [3451296172, [244318, 977254, 62543896, 28726, 62543896, 15635974]] [2709887607822.0, [191798295.0, 767192703, 49100323449, 42720639, 49099264377, 12275812827]] [83746724298, [5936656, 23746591, 1519781728, 1711967, 1515882336, 378839583]]
Model_cost: [5510178138.444445, [2248.4444444444443, 3193953, 204263100, 330145, 49399997, 771938]] [3929074686.0, [29511.0, 1333359, 85328280, 86895, 77870232, 1216827]] [303464455.0, [31.25, 104010, 6246800, 13130, 6246800, 104010]] [5072074254.0, [9976.5, 1680596, 106001424, 38684, 103508112, 1641638]] [395130364.0, [359.0, 136502, 8678424, 4918, 7767768, 121433]] [297785925294.0, [4077.0, 95907291, 6138011769, 5340891, 6137123253, 95892711]] [1254775966.0, [271.0, 412383, 26354976, 32967, 25504800, 398559]]
Arch_Param: [64, 1024, 4096, 32, 256, 64]
Samsung_cost: [22019559000.0, [1549091.0, 24785444, 396549116, 3101732, 396151484, 99485025]] [35452241934.0, [2473071.0, 39567471, 633078168, 4912239, 631701912, 170265711]] [2966046780, [208650, 3338270, 53412240, 417310, 53412240, 13352970]] [48382673532, [3403412, 54454342, 871269392, 6806854, 871269392, 217817108]] [3454319052, [242994, 3887814, 62204952, 485982, 62204952, 15551238]] [2726593309326.0, [191798295.0, 3068770335, 49100323449, 383602047, 49099264377, 12275812827]] [84197772064, [5932560, 94920822, 1518733152, 11900022, 1514833760, 378577439]]
Model_cost: [3483595673.7777777, [1150.7777777777778, 6404260, 102452412, 185636, 49399997, 771938]] [3945073662.0, [29511.0, 5333103, 85328280, 86895, 77870232, 1216827]] [304610575.0, [31.25, 390430, 6246800, 13150, 6246800, 104010]] [5091894306.0, [9976.5, 6635334, 106001424, 38734, 103508112, 1641638]] [386133188.0, [241.0, 509030, 8140312, 17566, 7767768, 121433]] [298936801662.0, [4077.0, 383626383, 6138011769, 5340891, 6137123253, 95892711]] [1248634168.0, [246.0, 1613302, 25807008, 33630, 25504800, 398559]]
Arch_Param: [64, 1024, 4096, 32, 256, 128]
Samsung_cost: [21961532504.0, [1549091.0, 24785444, 396549116, 464164, 396151484, 99485025]] [35358029838.0, [2473071.0, 39567471, 633078168, 629871, 631701912, 170265711]] [2959175740, [208650, 3338270, 53412240, 104990, 53412240, 13352970]] [48239729148, [3403412, 54454342, 871269392, 309382, 871269392, 217817108]] [3444247628, [242994, 3887814, 62204952, 28190, 62204952, 15551238]] [2719093918350.0, [191798295.0, 3068770335, 49100323449, 42720639, 49099264377, 12275812827]] [83973546656, [5932560, 94920822, 1518733152, 1707958, 1514833760, 378577439]]
Model_cost: [3483191577.7777777, [1150.7777777777778, 6404260, 102452412, 167268, 49399997, 771938]] [3945073662.0, [29511.0, 5333103, 85328280, 86895, 77870232, 1216827]] [304610575.0, [31.25, 390430, 6246800, 13150, 6246800, 104010]] [5091894306.0, [9976.5, 6635334, 106001424, 38734, 103508112, 1641638]] [385837508.0, [241.0, 509030, 8140312, 4126, 7767768, 121433]] [298936801662.0, [4077.0, 383626383, 6138011769, 5340891, 6137123253, 95892711]] [1248545464.0, [246.0, 1613302, 25807008, 29598, 25504800, 398559]]
Arch_Param: [64, 1024, 4096, 32, 256, 256]
Samsung_cost: [21961532504.0, [1549091.0, 24785444, 396549116, 464164, 396151484, 99485025]] [35358029838.0, [2473071.0, 39567471, 633078168, 629871, 631701912, 170265711]] [2959175740, [208650, 3338270, 53412240, 104990, 53412240, 13352970]] [48239729148, [3403412, 54454342, 871269392, 309382, 871269392, 217817108]] [3444247628, [242994, 3887814, 62204952, 28190, 62204952, 15551238]] [2719093918350.0, [191798295.0, 3068770335, 49100323449, 42720639, 49099264377, 12275812827]] [83973546656, [5932560, 94920822, 1518733152, 1707958, 1514833760, 378577439]]
Model_cost: [3483191577.7777777, [1150.7777777777778, 6404260, 102452412, 167268, 49399997, 771938]] [3945073662.0, [29511.0, 5333103, 85328280, 86895, 77870232, 1216827]] [304610575.0, [31.25, 390430, 6246800, 13150, 6246800, 104010]] [5091894306.0, [9976.5, 6635334, 106001424, 38734, 103508112, 1641638]] [385837508.0, [241.0, 509030, 8140312, 4126, 7767768, 121433]] [298936801662.0, [4077.0, 383626383, 6138011769, 5340891, 6137123253, 95892711]] [1248545464.0, [246.0, 1613302, 25807008, 29598, 25504800, 398559]]
Arch_Param: [64, 1024, 4096, 32, 512, 64]
Samsung_cost: [21969989130.0, [1549091.0, 12392993, 396549116, 3101729, 396151484, 99485025]] [35373107214.0, [2473071.0, 19783791, 633078168, 4912239, 631701912, 170265711]] [2959370040, [208650, 1669140, 53412240, 417300, 53412240, 13352970]] [48273764208, [3403412, 27227176, 871269392, 6806824, 871269392, 217817108]] [3446543436, [242994, 1943910, 62204952, 485982, 62204952, 15551238]] [2720455768974.0, [191798295.0, 1534385247, 49100323449, 383602047, 49099264377, 12275812827]] [84007929122, [5932560, 47460411, 1518733152, 11899963, 1514833760, 378577439]]
Model_cost: [3470788171.7777777, [1150.7777777777778, 3202401, 102452412, 185633, 49399997, 771938]] [3934407678.0, [29511.0, 2666607, 85328280, 86895, 77870232, 1216827]] [303829515.0, [31.25, 195220, 6246800, 13140, 6246800, 104010]] [5078663958.0, [9976.5, 3327912, 106001424, 38704, 103508112, 1641638]] [384980996.0, [241.0, 254774, 8140312, 11422, 7767768, 121433]] [298169550750.0, [4077.0, 191813655, 6138011769, 5340891, 6137123253, 95892711]] [1245356986.0, [246.0, 806651, 25807008, 31331, 25504800, 398559]]
Arch_Param: [64, 1024, 4096, 32, 512, 128]
Samsung_cost: [21911962634.0, [1549091.0, 12392993, 396549116, 464161, 396151484, 99485025]] [35278895118.0, [2473071.0, 19783791, 633078168, 629871, 631701912, 170265711]] [2952499000, [208650, 1669140, 53412240, 104980, 53412240, 13352970]] [48130819824, [3403412, 27227176, 871269392, 309352, 871269392, 217817108]] [3436472012, [242994, 1943910, 62204952, 28190, 62204952, 15551238]] [2712956377998.0, [191798295.0, 1534385247, 49100323449, 42720639, 49099264377, 12275812827]] [83783703714, [5932560, 47460411, 1518733152, 1707899, 1514833760, 378577439]]
Model_cost: [3470384075.7777777, [1150.7777777777778, 3202401, 102452412, 167265, 49399997, 771938]] [3934407678.0, [29511.0, 2666607, 85328280, 86895, 77870232, 1216827]] [303829515.0, [31.25, 195220, 6246800, 13140, 6246800, 104010]] [5078663958.0, [9976.5, 3327912, 106001424, 38704, 103508112, 1641638]] [384820484.0, [241.0, 254774, 8140312, 4126, 7767768, 121433]] [298169550750.0, [4077.0, 191813655, 6138011769, 5340891, 6137123253, 95892711]] [1245317562.0, [246.0, 806651, 25807008, 29539, 25504800, 398559]]
Arch_Param: [64, 1024, 4096, 32, 512, 256]
Samsung_cost: [21911962634.0, [1549091.0, 12392993, 396549116, 464161, 396151484, 99485025]] [35278895118.0, [2473071.0, 19783791, 633078168, 629871, 631701912, 170265711]] [2952499000, [208650, 1669140, 53412240, 104980, 53412240, 13352970]] [48130819824, [3403412, 27227176, 871269392, 309352, 871269392, 217817108]] [3436472012, [242994, 1943910, 62204952, 28190, 62204952, 15551238]] [2712956377998.0, [191798295.0, 1534385247, 49100323449, 42720639, 49099264377, 12275812827]] [83783703714, [5932560, 47460411, 1518733152, 1707899, 1514833760, 378577439]]
Model_cost: [3470384075.7777777, [1150.7777777777778, 3202401, 102452412, 167265, 49399997, 771938]] [3934407678.0, [29511.0, 2666607, 85328280, 86895, 77870232, 1216827]] [303829515.0, [31.25, 195220, 6246800, 13140, 6246800, 104010]] [5078663958.0, [9976.5, 3327912, 106001424, 38704, 103508112, 1641638]] [384820484.0, [241.0, 254774, 8140312, 4126, 7767768, 121433]] [298169550750.0, [4077.0, 191813655, 6138011769, 5340891, 6137123253, 95892711]] [1245317562.0, [246.0, 806651, 25807008, 29539, 25504800, 398559]]
Arch_Param: [64, 1024, 4096, 32, 512, 512]
Samsung_cost: [21911962634.0, [1549091.0, 12392993, 396549116, 464161, 396151484, 99485025]] [35278895118.0, [2473071.0, 19783791, 633078168, 629871, 631701912, 170265711]] [2952499000, [208650, 1669140, 53412240, 104980, 53412240, 13352970]] [48130819824, [3403412, 27227176, 871269392, 309352, 871269392, 217817108]] [3436472012, [242994, 1943910, 62204952, 28190, 62204952, 15551238]] [2712956377998.0, [191798295.0, 1534385247, 49100323449, 42720639, 49099264377, 12275812827]] [83783703714, [5932560, 47460411, 1518733152, 1707899, 1514833760, 378577439]]
Model_cost: [3469539275.7777777, [1150.7777777777778, 3202401, 102452412, 128865, 49399997, 771938]] [3934407678.0, [29511.0, 2666607, 85328280, 86895, 77870232, 1216827]] [303829515.0, [31.25, 195220, 6246800, 13140, 6246800, 104010]] [5078663958.0, [9976.5, 3327912, 106001424, 38704, 103508112, 1641638]] [384820484.0, [241.0, 254774, 8140312, 4126, 7767768, 121433]] [298169550750.0, [4077.0, 191813655, 6138011769, 5340891, 6137123253, 95892711]] [1245317562.0, [246.0, 806651, 25807008, 29539, 25504800, 398559]]
Arch_Param: [64, 1024, 4096, 32, 1024, 64]
Samsung_cost: [21945208330.0, [1549091.0, 6197793, 396549116, 3101729, 396151484, 99485025]] [35333539854.0, [2473071.0, 9891951, 633078168, 4912239, 631701912, 170265711]] [2956031540, [208650, 834570, 53412240, 417290, 53412240, 13352970]] [48219309416, [3403412, 13613588, 871269392, 6806804, 871269392, 217817108]] [3442655628, [242994, 971958, 62204952, 485982, 62204952, 15551238]] [2717386998798.0, [191798295.0, 767192703, 49100323449, 383602047, 49099264377, 12275812827]] [83913007690, [5932560, 23730207, 1518733152, 11899935, 1514833760, 378577439]]
Model_cost: [3464387659.7777777, [1150.7777777777778, 1602273, 102452412, 185633, 49399997, 771938]] [3929074686.0, [29511.0, 1333359, 85328280, 86895, 77870232, 1216827]] [303464455.0, [31.25, 104010, 6246800, 13130, 6246800, 104010]] [5072074254.0, [9976.5, 1680596, 106001424, 38684, 103508112, 1641638]] [384404900.0, [241.0, 127646, 8140312, 8350, 7767768, 121433]] [297785925294.0, [4077.0, 95907291, 6138011769, 5340891, 6137123253, 95892711]] [1243724258.0, [246.0, 403551, 25807008, 30407, 25504800, 398559]]
Arch_Param: [64, 1024, 4096, 32, 1024, 128]
Samsung_cost: [21887181834.0, [1549091.0, 6197793, 396549116, 464161, 396151484, 99485025]] [35239327758.0, [2473071.0, 9891951, 633078168, 629871, 631701912, 170265711]] [2949160500, [208650, 834570, 53412240, 104970, 53412240, 13352970]] [48076365032, [3403412, 13613588, 871269392, 309332, 871269392, 217817108]] [3432584204, [242994, 971958, 62204952, 28190, 62204952, 15551238]] [2709887607822.0, [191798295.0, 767192703, 49100323449, 42720639, 49099264377, 12275812827]] [83688782282, [5932560, 23730207, 1518733152, 1707871, 1514833760, 378577439]]
Model_cost: [3463983563.7777777, [1150.7777777777778, 1602273, 102452412, 167265, 49399997, 771938]] [3929074686.0, [29511.0, 1333359, 85328280, 86895, 77870232, 1216827]] [303464455.0, [31.25, 104010, 6246800, 13130, 6246800, 104010]] [5072074254.0, [9976.5, 1680596, 106001424, 38684, 103508112, 1641638]] [384311972.0, [241.0, 127646, 8140312, 4126, 7767768, 121433]] [297785925294.0, [4077.0, 95907291, 6138011769, 5340891, 6137123253, 95892711]] [1243704546.0, [246.0, 403551, 25807008, 29511, 25504800, 398559]]
Arch_Param: [64, 1024, 4096, 32, 1024, 256]
Samsung_cost: [21887181834.0, [1549091.0, 6197793, 396549116, 464161, 396151484, 99485025]] [35239327758.0, [2473071.0, 9891951, 633078168, 629871, 631701912, 170265711]] [2949160500, [208650, 834570, 53412240, 104970, 53412240, 13352970]] [48076365032, [3403412, 13613588, 871269392, 309332, 871269392, 217817108]] [3432584204, [242994, 971958, 62204952, 28190, 62204952, 15551238]] [2709887607822.0, [191798295.0, 767192703, 49100323449, 42720639, 49099264377, 12275812827]] [83688782282, [5932560, 23730207, 1518733152, 1707871, 1514833760, 378577439]]
Model_cost: [3463983563.7777777, [1150.7777777777778, 1602273, 102452412, 167265, 49399997, 771938]] [3929074686.0, [29511.0, 1333359, 85328280, 86895, 77870232, 1216827]] [303464455.0, [31.25, 104010, 6246800, 13130, 6246800, 104010]] [5072074254.0, [9976.5, 1680596, 106001424, 38684, 103508112, 1641638]] [384311972.0, [241.0, 127646, 8140312, 4126, 7767768, 121433]] [297785925294.0, [4077.0, 95907291, 6138011769, 5340891, 6137123253, 95892711]] [1243704546.0, [246.0, 403551, 25807008, 29511, 25504800, 398559]]
Arch_Param: [64, 1024, 4096, 32, 1024, 512]
Samsung_cost: [21887181834.0, [1549091.0, 6197793, 396549116, 464161, 396151484, 99485025]] [35239327758.0, [2473071.0, 9891951, 633078168, 629871, 631701912, 170265711]] [2949160500, [208650, 834570, 53412240, 104970, 53412240, 13352970]] [48076365032, [3403412, 13613588, 871269392, 309332, 871269392, 217817108]] [3432584204, [242994, 971958, 62204952, 28190, 62204952, 15551238]] [2709887607822.0, [191798295.0, 767192703, 49100323449, 42720639, 49099264377, 12275812827]] [83688782282, [5932560, 23730207, 1518733152, 1707871, 1514833760, 378577439]]
Model_cost: [3463138763.7777777, [1150.7777777777778, 1602273, 102452412, 128865, 49399997, 771938]] [3929074686.0, [29511.0, 1333359, 85328280, 86895, 77870232, 1216827]] [303464455.0, [31.25, 104010, 6246800, 13130, 6246800, 104010]] [5072074254.0, [9976.5, 1680596, 106001424, 38684, 103508112, 1641638]] [384311972.0, [241.0, 127646, 8140312, 4126, 7767768, 121433]] [297785925294.0, [4077.0, 95907291, 6138011769, 5340891, 6137123253, 95892711]] [1243704546.0, [246.0, 403551, 25807008, 29511, 25504800, 398559]]
Arch_Param: [64, 1024, 2048, 4, 256, 64]
Samsung_cost: [45583235216.0, [6413989.0, 51312164, 820922876, 6444068, 817875644, 204916065]] [35521484814.0, [4946031.0, 39567471, 633078168, 4912239, 631701912, 170265711]] [2971888700, [417290, 3338270, 53412240, 417310, 53412240, 13352970]] [48477968508, [6806804, 54454342, 871269392, 6806854, 871269392, 217817108]] [3651479532, [512710, 4101638, 65626136, 512710, 65626136, 16406534]] [2731963657134.0, [383596431.0, 3068770335, 49100323449, 383602047, 49099264377, 12275812827]] [85477643124, [12043283, 96346230, 1541539680, 12113014, 1533183840, 383164959]]
Model_cost: [15181800120.0, [14889.0, 41814564, 668963196, 10456676, 49399997, 771938]] [3945896862.0, [58911.0, 5333103, 85328280, 86895, 77870232, 1216827]] [304611170.0, [52.5, 390430, 6246800, 13150, 6246800, 104010]] [5092173088.0, [19933.0, 6635334, 106001424, 38734, 103508112, 1641638]] [927409520.0, [2826.0, 2171654, 34713624, 157894, 7767768, 121433]] [298936911366.0, [7995.0, 383626383, 6138011769, 5340891, 6137123253, 95892711]] [1392900184.0, [942.0, 2054902, 32837664, 118494, 25504800, 398559]]
Arch_Param: [64, 1024, 2048, 4, 256, 128]
Samsung_cost: [45463983248.0, [6413989.0, 51312164, 820922876, 1023524, 817875644, 204916065]] [35427272718.0, [4946031.0, 39567471, 633078168, 629871, 631701912, 170265711]] [2965017660, [417290, 3338270, 53412240, 104990, 53412240, 13352970]] [48335024124, [6806804, 54454342, 871269392, 309382, 871269392, 217817108]] [3640925164, [512710, 4101638, 65626136, 32966, 65626136, 16406534]] [2724464266158.0, [383596431.0, 3068770335, 49100323449, 42720639, 49099264377, 12275812827]] [85251435252, [12043283, 96346230, 1541539680, 1830838, 1533183840, 383164959]]
Model_cost: [15181800120.0, [14889.0, 41814564, 668963196, 10456676, 49399997, 771938]] [3945896862.0, [58911.0, 5333103, 85328280, 86895, 77870232, 1216827]] [304611170.0, [52.5, 390430, 6246800, 13150, 6246800, 104010]] [5092173088.0, [19933.0, 6635334, 106001424, 38734, 103508112, 1641638]] [927409520.0, [2826.0, 2171654, 34713624, 157894, 7767768, 121433]] [298936911366.0, [7995.0, 383626383, 6138011769, 5340891, 6137123253, 95892711]] [1392900184.0, [942.0, 2054902, 32837664, 118494, 25504800, 398559]]
Arch_Param: [64, 1024, 2048, 4, 256, 256]
Samsung_cost: [45463983248.0, [6413989.0, 51312164, 820922876, 1023524, 817875644, 204916065]] [35427272718.0, [4946031.0, 39567471, 633078168, 629871, 631701912, 170265711]] [2965017660, [417290, 3338270, 53412240, 104990, 53412240, 13352970]] [48335024124, [6806804, 54454342, 871269392, 309382, 871269392, 217817108]] [3640925164, [512710, 4101638, 65626136, 32966, 65626136, 16406534]] [2724464266158.0, [383596431.0, 3068770335, 49100323449, 42720639, 49099264377, 12275812827]] [85251435252, [12043283, 96346230, 1541539680, 1830838, 1533183840, 383164959]]
Model_cost: [14979733112.0, [14889.0, 41814564, 668963196, 1271812, 49399997, 771938]] [3945896862.0, [58911.0, 5333103, 85328280, 86895, 77870232, 1216827]] [304611170.0, [52.5, 390430, 6246800, 13150, 6246800, 104010]] [5092173088.0, [19933.0, 6635334, 106001424, 38734, 103508112, 1641638]] [926716016.0, [2826.0, 2171654, 34713624, 28870, 7843032, 122777]] [298936911366.0, [7995.0, 383626383, 6138011769, 5340891, 6137123253, 95892711]] [1392241240.0, [942.0, 2054902, 32837664, 88542, 25504800, 398559]]
Arch_Param: [64, 1024, 2048, 4, 512, 64]
Samsung_cost: [45480611906.0, [6413989.0, 25656353, 820922876, 6444065, 817875644, 204916065]] [35442350094.0, [4946031.0, 19783791, 633078168, 4912239, 631701912, 170265711]] [2965211960, [417290, 1669140, 53412240, 417300, 53412240, 13352970]] [48369059184, [6806804, 27227176, 871269392, 6806824, 871269392, 217817108]] [3643276268, [512710, 2050822, 65626136, 512710, 65626136, 16406534]] [2725826116782.0, [383596431.0, 1534385247, 49100323449, 383602047, 49099264377, 12275812827]] [85284949366, [12043283, 48173115, 1541539680, 12112955, 1533183840, 383164959]]
Model_cost: [15098172010.0, [14889.0, 20907553, 668963196, 10456673, 49399997, 771938]] [3935230878.0, [58911.0, 2666607, 85328280, 86895, 77870232, 1216827]] [303830110.0, [52.5, 195220, 6246800, 13140, 6246800, 104010]] [5078942740.0, [19933.0, 3327912, 106001424, 38704, 103508112, 1641638]] [921993072.0, [2826.0, 1087878, 34713624, 108742, 7767768, 121433]] [298169660454.0, [7995.0, 191813655, 6138011769, 5340891, 6137123253, 95892711]] [1388444122.0, [942.0, 1027451, 32837664, 102755, 25504800, 398559]]
Arch_Param: [64, 1024, 2048, 4, 512, 128]
Samsung_cost: [45361359938.0, [6413989.0, 25656353, 820922876, 1023521, 817875644, 204916065]] [35348137998.0, [4946031.0, 19783791, 633078168, 629871, 631701912, 170265711]] [2958340920, [417290, 1669140, 53412240, 104980, 53412240, 13352970]] [48226114800, [6806804, 27227176, 871269392, 309352, 871269392, 217817108]] [3632721900, [512710, 2050822, 65626136, 32966, 65626136, 16406534]] [2718326725806.0, [383596431.0, 1534385247, 49100323449, 42720639, 49099264377, 12275812827]] [85058741494, [12043283, 48173115, 1541539680, 1830779, 1533183840, 383164959]]
Model_cost: [15098172010.0, [14889.0, 20907553, 668963196, 10456673, 49399997, 771938]] [3935230878.0, [58911.0, 2666607, 85328280, 86895, 77870232, 1216827]] [303830110.0, [52.5, 195220, 6246800, 13140, 6246800, 104010]] [5078942740.0, [19933.0, 3327912, 106001424, 38704, 103508112, 1641638]] [921993072.0, [2826.0, 1087878, 34713624, 108742, 7767768, 121433]] [298169660454.0, [7995.0, 191813655, 6138011769, 5340891, 6137123253, 95892711]] [1388444122.0, [942.0, 1027451, 32837664, 102755, 25504800, 398559]]
Arch_Param: [64, 1024, 2048, 4, 512, 256]
Samsung_cost: [45361359938.0, [6413989.0, 25656353, 820922876, 1023521, 817875644, 204916065]] [35348137998.0, [4946031.0, 19783791, 633078168, 629871, 631701912, 170265711]] [2958340920, [417290, 1669140, 53412240, 104980, 53412240, 13352970]] [48226114800, [6806804, 27227176, 871269392, 309352, 871269392, 217817108]] [3632721900, [512710, 2050822, 65626136, 32966, 65626136, 16406534]] [2718326725806.0, [383596431.0, 1534385247, 49100323449, 42720639, 49099264377, 12275812827]] [85058741494, [12043283, 48173115, 1541539680, 1830779, 1533183840, 383164959]]
Model_cost: [14896105002.0, [14889.0, 20907553, 668963196, 1271809, 49399997, 771938]] [3935230878.0, [58911.0, 2666607, 85328280, 86895, 77870232, 1216827]] [303830110.0, [52.5, 195220, 6246800, 13140, 6246800, 104010]] [5078942740.0, [19933.0, 3327912, 106001424, 38704, 103508112, 1641638]] [921317232.0, [2826.0, 1087878, 34713624, 78022, 7767768, 121433]] [298169660454.0, [7995.0, 191813655, 6138011769, 5340891, 6137123253, 95892711]] [1387785178.0, [942.0, 1027451, 32837664, 72803, 25504800, 398559]]
Arch_Param: [64, 1024, 2048, 4, 512, 512]
Samsung_cost: [45361359938.0, [6413989.0, 25656353, 820922876, 1023521, 817875644, 204916065]] [35348137998.0, [4946031.0, 19783791, 633078168, 629871, 631701912, 170265711]] [2958340920, [417290, 1669140, 53412240, 104980, 53412240, 13352970]] [48226114800, [6806804, 27227176, 871269392, 309352, 871269392, 217817108]] [3632721900, [512710, 2050822, 65626136, 32966, 65626136, 16406534]] [2718326725806.0, [383596431.0, 1534385247, 49100323449, 42720639, 49099264377, 12275812827]] [85058741494, [12043283, 48173115, 1541539680, 1830779, 1533183840, 383164959]]
Model_cost: [14896105002.0, [14889.0, 20907553, 668963196, 1271809, 49399997, 771938]] [3935230878.0, [58911.0, 2666607, 85328280, 86895, 77870232, 1216827]] [303830110.0, [52.5, 195220, 6246800, 13140, 6246800, 104010]] [5078942740.0, [19933.0, 3327912, 106001424, 38704, 103508112, 1641638]] [920950896.0, [2826.0, 1087878, 34713624, 28870, 7792856, 121881]] [298169660454.0, [7995.0, 191813655, 6138011769, 5340891, 6137123253, 95892711]] [1387785178.0, [942.0, 1027451, 32837664, 72803, 25504800, 398559]]
Arch_Param: [64, 1024, 2048, 4, 1024, 64]
Samsung_cost: [45429325890.0, [6413989.0, 12834849, 820922876, 6444065, 817875644, 204916065]] [35402782734.0, [4946031.0, 9891951, 633078168, 4912239, 631701912, 170265711]] [2961873460, [417290, 834570, 53412240, 417290, 53412240, 13352970]] [48314604392, [6806804, 13613588, 871269392, 6806804, 871269392, 217817108]] [3639174636, [512710, 1025414, 65626136, 512710, 65626136, 16406534]] [2722757346606.0, [383596431.0, 767192703, 49100323449, 383602047, 49099264377, 12275812827]] [85188602526, [12043283, 24086559, 1541539680, 12112927, 1533183840, 383164959]]
Model_cost: [15056382826.0, [14889.0, 10460257, 668963196, 10456673, 49399997, 771938]] [3929897886.0, [58911.0, 1333359, 85328280, 86895, 77870232, 1216827]] [303465050.0, [52.5, 104010, 6246800, 13130, 6246800, 104010]] [5072353036.0, [19933.0, 1680596, 106001424, 38684, 103508112, 1641638]] [919284848.0, [2826.0, 545990, 34713624, 84166, 7767768, 121433]] [297786034998.0, [7995.0, 95907291, 6138011769, 5340891, 6137123253, 95892711]] [1386256898.0, [942.0, 515295, 32837664, 96455, 25504800, 398559]]
Arch_Param: [64, 1024, 2048, 4, 1024, 128]
Samsung_cost: [45310073922.0, [6413989.0, 12834849, 820922876, 1023521, 817875644, 204916065]] [35308570638.0, [4946031.0, 9891951, 633078168, 629871, 631701912, 170265711]] [2955002420, [417290, 834570, 53412240, 104970, 53412240, 13352970]] [48171660008, [6806804, 13613588, 871269392, 309332, 871269392, 217817108]] [3628620268, [512710, 1025414, 65626136, 32966, 65626136, 16406534]] [2715257955630.0, [383596431.0, 767192703, 49100323449, 42720639, 49099264377, 12275812827]] [84962394654, [12043283, 24086559, 1541539680, 1830751, 1533183840, 383164959]]
Model_cost: [15056382826.0, [14889.0, 10460257, 668963196, 10456673, 49399997, 771938]] [3929897886.0, [58911.0, 1333359, 85328280, 86895, 77870232, 1216827]] [303465050.0, [52.5, 104010, 6246800, 13130, 6246800, 104010]] [5072353036.0, [19933.0, 1680596, 106001424, 38684, 103508112, 1641638]] [919284848.0, [2826.0, 545990, 34713624, 84166, 7767768, 121433]] [297786034998.0, [7995.0, 95907291, 6138011769, 5340891, 6137123253, 95892711]] [1386256898.0, [942.0, 515295, 32837664, 96455, 25504800, 398559]]
Arch_Param: [64, 1024, 2048, 4, 1024, 256]
Samsung_cost: [45310073922.0, [6413989.0, 12834849, 820922876, 1023521, 817875644, 204916065]] [35308570638.0, [4946031.0, 9891951, 633078168, 629871, 631701912, 170265711]] [2955002420, [417290, 834570, 53412240, 104970, 53412240, 13352970]] [48171660008, [6806804, 13613588, 871269392, 309332, 871269392, 217817108]] [3628620268, [512710, 1025414, 65626136, 32966, 65626136, 16406534]] [2715257955630.0, [383596431.0, 767192703, 49100323449, 42720639, 49099264377, 12275812827]] [84962394654, [12043283, 24086559, 1541539680, 1830751, 1533183840, 383164959]]
Model_cost: [14854315818.0, [14889.0, 10460257, 668963196, 1271809, 49399997, 771938]] [3929897886.0, [58911.0, 1333359, 85328280, 86895, 77870232, 1216827]] [303465050.0, [52.5, 104010, 6246800, 13130, 6246800, 104010]] [5072353036.0, [19933.0, 1680596, 106001424, 38684, 103508112, 1641638]] [918609008.0, [2826.0, 545990, 34713624, 53446, 7767768, 121433]] [297786034998.0, [7995.0, 95907291, 6138011769, 5340891, 6137123253, 95892711]] [1385597954.0, [942.0, 515295, 32837664, 66503, 25504800, 398559]]
Arch_Param: [64, 1024, 2048, 4, 1024, 512]
Samsung_cost: [45310073922.0, [6413989.0, 12834849, 820922876, 1023521, 817875644, 204916065]] [35308570638.0, [4946031.0, 9891951, 633078168, 629871, 631701912, 170265711]] [2955002420, [417290, 834570, 53412240, 104970, 53412240, 13352970]] [48171660008, [6806804, 13613588, 871269392, 309332, 871269392, 217817108]] [3628620268, [512710, 1025414, 65626136, 32966, 65626136, 16406534]] [2715257955630.0, [383596431.0, 767192703, 49100323449, 42720639, 49099264377, 12275812827]] [84962394654, [12043283, 24086559, 1541539680, 1830751, 1533183840, 383164959]]
Model_cost: [14854315818.0, [14889.0, 10460257, 668963196, 1271809, 49399997, 771938]] [3929897886.0, [58911.0, 1333359, 85328280, 86895, 77870232, 1216827]] [303465050.0, [52.5, 104010, 6246800, 13130, 6246800, 104010]] [5072353036.0, [19933.0, 1680596, 106001424, 38684, 103508112, 1641638]] [918609008.0, [2826.0, 545990, 34713624, 53446, 7767768, 121433]] [297786034998.0, [7995.0, 95907291, 6138011769, 5340891, 6137123253, 95892711]] [1385597954.0, [942.0, 515295, 32837664, 66503, 25504800, 398559]]
Arch_Param: [64, 1024, 2048, 8, 256, 64]
Samsung_cost: [22888718480.0, [3220645.0, 25765412, 412205564, 3236900, 410503868, 103073121]] [35521484814.0, [4946031.0, 39567471, 633078168, 4912239, 631701912, 170265711]] [2971888700, [417290, 3338270, 53412240, 417310, 53412240, 13352970]] [48477968508, [6806804, 54454342, 871269392, 6806854, 871269392, 217817108]] [3517699884, [493926, 3951366, 63221784, 493926, 63221784, 15805446]] [2731963657134.0, [383596431.0, 3068770335, 49100323449, 383602047, 49099264377, 12275812827]] [84538913652, [11889683, 95117430, 1521878880, 11924598, 1517979488, 379363871]]
Model_cost: [8800802620.0, [7936.0, 22447780, 359125692, 5611876, 49399997, 771938]] [3945896862.0, [58911.0, 5333103, 85328280, 86895, 77870232, 1216827]] [304611170.0, [52.5, 390430, 6246800, 13150, 6246800, 104010]] [5092173088.0, [19933.0, 6635334, 106001424, 38734, 103508112, 1641638]] [574153976.0, [1416.0, 1085830, 17356824, 78950, 7767768, 121433]] [298936911366.0, [7995.0, 383626383, 6138011769, 5340891, 6137123253, 95892711]] [1304363048.0, [666.0, 1783542, 28515872, 72670, 25504800, 398559]]
Arch_Param: [64, 1024, 2048, 8, 256, 128]
Samsung_cost: [22828934800.0, [3220645.0, 25765412, 412205564, 519460, 410503868, 103073121]] [35427272718.0, [4946031.0, 39567471, 633078168, 629871, 631701912, 170265711]] [2965017660, [417290, 3338270, 53412240, 104990, 53412240, 13352970]] [48335024124, [6806804, 54454342, 871269392, 309382, 871269392, 217817108]] [3507489068, [493926, 3951366, 63221784, 29798, 63221784, 15805446]] [2724464266158.0, [383596431.0, 3068770335, 49100323449, 42720639, 49099264377, 12275812827]] [84314417908, [11889683, 95117430, 1521878880, 1720246, 1517979488, 379363871]]
Model_cost: [8691997308.0, [7936.0, 22447780, 359125692, 666180, 49399997, 771938]] [3945896862.0, [58911.0, 5333103, 85328280, 86895, 77870232, 1216827]] [304611170.0, [52.5, 390430, 6246800, 13150, 6246800, 104010]] [5092173088.0, [19933.0, 6635334, 106001424, 38734, 103508112, 1641638]] [573816056.0, [1416.0, 1085830, 17356824, 63590, 7767768, 121433]] [298936911366.0, [7995.0, 383626383, 6138011769, 5340891, 6137123253, 95892711]] [1304008232.0, [666.0, 1783542, 28515872, 56542, 25504800, 398559]]
Arch_Param: [64, 1024, 2048, 8, 256, 256]
Samsung_cost: [22828934800.0, [3220645.0, 25765412, 412205564, 519460, 410503868, 103073121]] [35427272718.0, [4946031.0, 39567471, 633078168, 629871, 631701912, 170265711]] [2965017660, [417290, 3338270, 53412240, 104990, 53412240, 13352970]] [48335024124, [6806804, 54454342, 871269392, 309382, 871269392, 217817108]] [3507489068, [493926, 3951366, 63221784, 29798, 63221784, 15805446]] [2724464266158.0, [383596431.0, 3068770335, 49100323449, 42720639, 49099264377, 12275812827]] [84314417908, [11889683, 95117430, 1521878880, 1720246, 1517979488, 379363871]]
Model_cost: [8691997308.0, [7936.0, 22447780, 359125692, 666180, 49399997, 771938]] [3945896862.0, [58911.0, 5333103, 85328280, 86895, 77870232, 1216827]] [304611170.0, [52.5, 390430, 6246800, 13150, 6246800, 104010]] [5092173088.0, [19933.0, 6635334, 106001424, 38734, 103508112, 1641638]] [573449720.0, [1416.0, 1085830, 17356824, 14438, 7792856, 121881]] [298936911366.0, [7995.0, 383626383, 6138011769, 5340891, 6137123253, 95892711]] [1304008232.0, [666.0, 1783542, 28515872, 56542, 25504800, 398559]]
Arch_Param: [64, 1024, 2048, 8, 512, 64]
Samsung_cost: [22837188674.0, [3220645.0, 12882977, 412205564, 3236897, 410503868, 103073121]] [35442350094.0, [4946031.0, 19783791, 633078168, 4912239, 631701912, 170265711]] [2965211960, [417290, 1669140, 53412240, 417300, 53412240, 13352970]] [48369059184, [6806804, 27227176, 871269392, 6806824, 871269392, 217817108]] [3509797164, [493926, 1975686, 63221784, 493926, 63221784, 15805446]] [2725826116782.0, [383596431.0, 1534385247, 49100323449, 383602047, 49099264377, 12275812827]] [84348677494, [11889683, 47558715, 1521878880, 11924539, 1517979488, 379363871]]
Model_cost: [8755908078.0, [7936.0, 11224161, 359125692, 5611873, 49399997, 771938]] [3935230878.0, [58911.0, 2666607, 85328280, 86895, 77870232, 1216827]] [303830110.0, [52.5, 195220, 6246800, 13140, 6246800, 104010]] [5078942740.0, [19933.0, 3327912, 106001424, 38704, 103508112, 1641638]] [571445752.0, [1416.0, 543942, 17356824, 54374, 7767768, 121433]] [298169660454.0, [7995.0, 191813655, 6138011769, 5340891, 6137123253, 95892711]] [1300618666.0, [666.0, 891771, 28515872, 64611, 25504800, 398559]]
Arch_Param: [64, 1024, 2048, 8, 512, 128]
Samsung_cost: [22777404994.0, [3220645.0, 12882977, 412205564, 519457, 410503868, 103073121]] [35348137998.0, [4946031.0, 19783791, 633078168, 629871, 631701912, 170265711]] [2958340920, [417290, 1669140, 53412240, 104980, 53412240, 13352970]] [48226114800, [6806804, 27227176, 871269392, 309352, 871269392, 217817108]] [3499586348, [493926, 1975686, 63221784, 29798, 63221784, 15805446]] [2718326725806.0, [383596431.0, 1534385247, 49100323449, 42720639, 49099264377, 12275812827]] [84124181750, [11889683, 47558715, 1521878880, 1720187, 1517979488, 379363871]]
Model_cost: [8647102766.0, [7936.0, 11224161, 359125692, 666177, 49399997, 771938]] [3935230878.0, [58911.0, 2666607, 85328280, 86895, 77870232, 1216827]] [303830110.0, [52.5, 195220, 6246800, 13140, 6246800, 104010]] [5078942740.0, [19933.0, 3327912, 106001424, 38704, 103508112, 1641638]] [571107832.0, [1416.0, 543942, 17356824, 39014, 7767768, 121433]] [298169660454.0, [7995.0, 191813655, 6138011769, 5340891, 6137123253, 95892711]] [1300263850.0, [666.0, 891771, 28515872, 48483, 25504800, 398559]]
Arch_Param: [64, 1024, 2048, 8, 512, 256]
Samsung_cost: [22777404994.0, [3220645.0, 12882977, 412205564, 519457, 410503868, 103073121]] [35348137998.0, [4946031.0, 19783791, 633078168, 629871, 631701912, 170265711]] [2958340920, [417290, 1669140, 53412240, 104980, 53412240, 13352970]] [48226114800, [6806804, 27227176, 871269392, 309352, 871269392, 217817108]] [3499586348, [493926, 1975686, 63221784, 29798, 63221784, 15805446]] [2718326725806.0, [383596431.0, 1534385247, 49100323449, 42720639, 49099264377, 12275812827]] [84124181750, [11889683, 47558715, 1521878880, 1720187, 1517979488, 379363871]]
Model_cost: [8647102766.0, [7936.0, 11224161, 359125692, 666177, 49399997, 771938]] [3935230878.0, [58911.0, 2666607, 85328280, 86895, 77870232, 1216827]] [303830110.0, [52.5, 195220, 6246800, 13140, 6246800, 104010]] [5078942740.0, [19933.0, 3327912, 106001424, 38704, 103508112, 1641638]] [571107832.0, [1416.0, 543942, 17356824, 39014, 7767768, 121433]] [298169660454.0, [7995.0, 191813655, 6138011769, 5340891, 6137123253, 95892711]] [1300263850.0, [666.0, 891771, 28515872, 48483, 25504800, 398559]]
Arch_Param: [64, 1024, 2048, 8, 512, 512]
Samsung_cost: [22777404994.0, [3220645.0, 12882977, 412205564, 519457, 410503868, 103073121]] [35348137998.0, [4946031.0, 19783791, 633078168, 629871, 631701912, 170265711]] [2958340920, [417290, 1669140, 53412240, 104980, 53412240, 13352970]] [48226114800, [6806804, 27227176, 871269392, 309352, 871269392, 217817108]] [3499586348, [493926, 1975686, 63221784, 29798, 63221784, 15805446]] [2718326725806.0, [383596431.0, 1534385247, 49100323449, 42720639, 49099264377, 12275812827]] [84124181750, [11889683, 47558715, 1521878880, 1720187, 1517979488, 379363871]]
Model_cost: [8645659566.0, [7936.0, 11224161, 359125692, 600577, 49399997, 771938]] [3935230878.0, [58911.0, 2666607, 85328280, 86895, 77870232, 1216827]] [303830110.0, [52.5, 195220, 6246800, 13140, 6246800, 104010]] [5078942740.0, [19933.0, 3327912, 106001424, 38704, 103508112, 1641638]] [570465784.0, [1416.0, 543942, 17356824, 9830, 7767768, 121433]] [298169660454.0, [7995.0, 191813655, 6138011769, 5340891, 6137123253, 95892711]] [1300123050.0, [666.0, 891771, 28515872, 42083, 25504800, 398559]]
Arch_Param: [64, 1024, 2048, 8, 1024, 64]
Samsung_cost: [22811437122.0, [3220645.0, 6445089, 412205564, 3236897, 410503868, 103073121]] [35402782734.0, [4946031.0, 9891951, 633078168, 4912239, 631701912, 170265711]] [2961873460, [417290, 834570, 53412240, 417290, 53412240, 13352970]] [48314604392, [6806804, 13613588, 871269392, 6806804, 871269392, 217817108]] [3505845804, [493926, 987846, 63221784, 493926, 63221784, 15805446]] [2722757346606.0, [383596431.0, 767192703, 49100323449, 383602047, 49099264377, 12275812827]] [84253559454, [11889683, 23779359, 1521878880, 11924511, 1517979488, 379363871]]
Model_cost: [8733473262.0, [7936.0, 5615457, 359125692, 5611873, 49399997, 771938]] [3929897886.0, [58911.0, 1333359, 85328280, 86895, 77870232, 1216827]] [303465050.0, [52.5, 104010, 6246800, 13130, 6246800, 104010]] [5072353036.0, [19933.0, 1680596, 106001424, 38684, 103508112, 1641638]] [570091640.0, [1416.0, 272998, 17356824, 42086, 7767768, 121433]] [297786034998.0, [7995.0, 95907291, 6138011769, 5340891, 6137123253, 95892711]] [1298767314.0, [666.0, 446687, 28515872, 61383, 25504800, 398559]]
Arch_Param: [64, 1024, 2048, 8, 1024, 128]
Samsung_cost: [22751653442.0, [3220645.0, 6445089, 412205564, 519457, 410503868, 103073121]] [35308570638.0, [4946031.0, 9891951, 633078168, 629871, 631701912, 170265711]] [2955002420, [417290, 834570, 53412240, 104970, 53412240, 13352970]] [48171660008, [6806804, 13613588, 871269392, 309332, 871269392, 217817108]] [3495634988, [493926, 987846, 63221784, 29798, 63221784, 15805446]] [2715257955630.0, [383596431.0, 767192703, 49100323449, 42720639, 49099264377, 12275812827]] [84029063710, [11889683, 23779359, 1521878880, 1720159, 1517979488, 379363871]]
Model_cost: [8624667950.0, [7936.0, 5615457, 359125692, 666177, 49399997, 771938]] [3929897886.0, [58911.0, 1333359, 85328280, 86895, 77870232, 1216827]] [303465050.0, [52.5, 104010, 6246800, 13130, 6246800, 104010]] [5072353036.0, [19933.0, 1680596, 106001424, 38684, 103508112, 1641638]] [569753720.0, [1416.0, 272998, 17356824, 26726, 7767768, 121433]] [297786034998.0, [7995.0, 95907291, 6138011769, 5340891, 6137123253, 95892711]] [1298412498.0, [666.0, 446687, 28515872, 45255, 25504800, 398559]]
Arch_Param: [64, 1024, 2048, 8, 1024, 256]
Samsung_cost: [22751653442.0, [3220645.0, 6445089, 412205564, 519457, 410503868, 103073121]] [35308570638.0, [4946031.0, 9891951, 633078168, 629871, 631701912, 170265711]] [2955002420, [417290, 834570, 53412240, 104970, 53412240, 13352970]] [48171660008, [6806804, 13613588, 871269392, 309332, 871269392, 217817108]] [3495634988, [493926, 987846, 63221784, 29798, 63221784, 15805446]] [2715257955630.0, [383596431.0, 767192703, 49100323449, 42720639, 49099264377, 12275812827]] [84029063710, [11889683, 23779359, 1521878880, 1720159, 1517979488, 379363871]]
Model_cost: [8624667950.0, [7936.0, 5615457, 359125692, 666177, 49399997, 771938]] [3929897886.0, [58911.0, 1333359, 85328280, 86895, 77870232, 1216827]] [303465050.0, [52.5, 104010, 6246800, 13130, 6246800, 104010]] [5072353036.0, [19933.0, 1680596, 106001424, 38684, 103508112, 1641638]] [569753720.0, [1416.0, 272998, 17356824, 26726, 7767768, 121433]] [297786034998.0, [7995.0, 95907291, 6138011769, 5340891, 6137123253, 95892711]] [1298412498.0, [666.0, 446687, 28515872, 45255, 25504800, 398559]]
Arch_Param: [64, 1024, 2048, 8, 1024, 512]
Samsung_cost: [22751653442.0, [3220645.0, 6445089, 412205564, 519457, 410503868, 103073121]] [35308570638.0, [4946031.0, 9891951, 633078168, 629871, 631701912, 170265711]] [2955002420, [417290, 834570, 53412240, 104970, 53412240, 13352970]] [48171660008, [6806804, 13613588, 871269392, 309332, 871269392, 217817108]] [3495634988, [493926, 987846, 63221784, 29798, 63221784, 15805446]] [2715257955630.0, [383596431.0, 767192703, 49100323449, 42720639, 49099264377, 12275812827]] [84029063710, [11889683, 23779359, 1521878880, 1720159, 1517979488, 379363871]]
Model_cost: [8623224750.0, [7936.0, 5615457, 359125692, 600577, 49399997, 771938]] [3929897886.0, [58911.0, 1333359, 85328280, 86895, 77870232, 1216827]] [303465050.0, [52.5, 104010, 6246800, 13130, 6246800, 104010]] [5072353036.0, [19933.0, 1680596, 106001424, 38684, 103508112, 1641638]] [569382008.0, [1416.0, 272998, 17356824, 9830, 7767768, 121433]] [297786034998.0, [7995.0, 95907291, 6138011769, 5340891, 6137123253, 95892711]] [1298342098.0, [666.0, 446687, 28515872, 42055, 25504800, 398559]]
Arch_Param: [64, 1024, 2048, 16, 256, 64]
Samsung_cost: [22338194576.0, [3138981.0, 25112100, 401767932, 3146788, 400935612, 100681057]] [35521484814.0, [4946031.0, 39567471, 633078168, 4912239, 631701912, 170265711]] [2971888700, [417290, 3338270, 53412240, 417310, 53412240, 13352970]] [48477968508, [6806804, 54454342, 871269392, 6806854, 871269392, 217817108]] [3479981772, [488630, 3908998, 62543896, 488630, 62543896, 15635974]] [2731963657134.0, [383596431.0, 3068770335, 49100323449, 383602047, 49099264377, 12275812827]] [84422226804, [11873299, 94986358, 1519781728, 11908214, 1515882336, 378839583]]
Model_cost: [5549286524.0, [4464.0, 12767908, 204263100, 364260, 49399997, 771938]] [3945896862.0, [58911.0, 5333103, 85328280, 86895, 77870232, 1216827]] [304611170.0, [52.5, 390430, 6246800, 13150, 6246800, 104010]] [5092173088.0, [19933.0, 6635334, 106001424, 38734, 103508112, 1641638]] [397357244.0, [711.0, 542918, 8678424, 31798, 7767768, 121433]] [298936911366.0, [7995.0, 383626383, 6138011769, 5340891, 6137123253, 95892711]] [1259891728.0, [528.0, 1647862, 26354976, 40542, 25504800, 398559]]
Arch_Param: [64, 1024, 2048, 16, 256, 128]
Samsung_cost: [22279582352.0, [3138981.0, 25112100, 401767932, 482596, 400935612, 100681057]] [35427272718.0, [4946031.0, 39567471, 633078168, 629871, 631701912, 170265711]] [2965017660, [417290, 3338270, 53412240, 104990, 53412240, 13352970]] [48335024124, [6806804, 54454342, 871269392, 309382, 871269392, 217817108]] [3469863884, [488630, 3908998, 62543896, 28726, 62543896, 15635974]] [2724464266158.0, [383596431.0, 3068770335, 49100323449, 42720639, 49099264377, 12275812827]] [84197911284, [11873299, 94986358, 1519781728, 1712054, 1515882336, 378839583]]
Model_cost: [5549286524.0, [4464.0, 12767908, 204263100, 364260, 49399997, 771938]] [3945896862.0, [58911.0, 5333103, 85328280, 86895, 77870232, 1216827]] [304611170.0, [52.5, 390430, 6246800, 13150, 6246800, 104010]] [5092173088.0, [19933.0, 6635334, 106001424, 38734, 103508112, 1641638]] [397357244.0, [711.0, 542918, 8678424, 31798, 7767768, 121433]] [298936911366.0, [7995.0, 383626383, 6138011769, 5340891, 6137123253, 95892711]] [1259891728.0, [528.0, 1647862, 26354976, 40542, 25504800, 398559]]
Arch_Param: [64, 1024, 2048, 16, 256, 256]
Samsung_cost: [22279582352.0, [3138981.0, 25112100, 401767932, 482596, 400935612, 100681057]] [35427272718.0, [4946031.0, 39567471, 633078168, 629871, 631701912, 170265711]] [2965017660, [417290, 3338270, 53412240, 104990, 53412240, 13352970]] [48335024124, [6806804, 54454342, 871269392, 309382, 871269392, 217817108]] [3469863884, [488630, 3908998, 62543896, 28726, 62543896, 15635974]] [2724464266158.0, [383596431.0, 3068770335, 49100323449, 42720639, 49099264377, 12275812827]] [84197911284, [11873299, 94986358, 1519781728, 1712054, 1515882336, 378839583]]
Model_cost: [5548536060.0, [4464.0, 12767908, 204263100, 330148, 49399997, 771938]] [3945896862.0, [58911.0, 5333103, 85328280, 86895, 77870232, 1216827]] [304611170.0, [52.5, 390430, 6246800, 13150, 6246800, 104010]] [5092173088.0, [19933.0, 6635334, 106001424, 38734, 103508112, 1641638]] [396765884.0, [711.0, 542918, 8678424, 4918, 7767768, 121433]] [298936911366.0, [7995.0, 383626383, 6138011769, 5340891, 6137123253, 95892711]] [1259726992.0, [528.0, 1647862, 26354976, 33054, 25504800, 398559]]
Arch_Param: [64, 1024, 2048, 16, 512, 64]
Samsung_cost: [22287971394.0, [3138981.0, 12556321, 401767932, 3146785, 400935612, 100681057]] [35442350094.0, [4946031.0, 19783791, 633078168, 4912239, 631701912, 170265711]] [2965211960, [417290, 1669140, 53412240, 417300, 53412240, 13352970]] [48369059184, [6806804, 27227176, 871269392, 6806824, 871269392, 217817108]] [3472163788, [488630, 1954502, 62543896, 488630, 62543896, 15635974]] [2725826116782.0, [383596431.0, 1534385247, 49100323449, 383602047, 49099264377, 12275812827]] [84232252790, [11873299, 47493179, 1519781728, 11908155, 1515882336, 378839583]]
Model_cost: [5523751726.0, [4464.0, 6384225, 204263100, 364257, 49399997, 771938]] [3935230878.0, [58911.0, 2666607, 85328280, 86895, 77870232, 1216827]] [303830110.0, [52.5, 195220, 6246800, 13140, 6246800, 104010]] [5078942740.0, [19933.0, 3327912, 106001424, 38704, 103508112, 1641638]] [396003132.0, [711.0, 271974, 8678424, 19510, 7767768, 121433]] [298169660454.0, [7995.0, 191813655, 6138011769, 5340891, 6137123253, 95892711]] [1256503186.0, [528.0, 823931, 26354976, 36323, 25504800, 398559]]
Arch_Param: [64, 1024, 2048, 16, 512, 128]
Samsung_cost: [22229359170.0, [3138981.0, 12556321, 401767932, 482593, 400935612, 100681057]] [35348137998.0, [4946031.0, 19783791, 633078168, 629871, 631701912, 170265711]] [2958340920, [417290, 1669140, 53412240, 104980, 53412240, 13352970]] [48226114800, [6806804, 27227176, 871269392, 309352, 871269392, 217817108]] [3462045900, [488630, 1954502, 62543896, 28726, 62543896, 15635974]] [2718326725806.0, [383596431.0, 1534385247, 49100323449, 42720639, 49099264377, 12275812827]] [84007937270, [11873299, 47493179, 1519781728, 1711995, 1515882336, 378839583]]
Model_cost: [5523751726.0, [4464.0, 6384225, 204263100, 364257, 49399997, 771938]] [3935230878.0, [58911.0, 2666607, 85328280, 86895, 77870232, 1216827]] [303830110.0, [52.5, 195220, 6246800, 13140, 6246800, 104010]] [5078942740.0, [19933.0, 3327912, 106001424, 38704, 103508112, 1641638]] [396003132.0, [711.0, 271974, 8678424, 19510, 7767768, 121433]] [298169660454.0, [7995.0, 191813655, 6138011769, 5340891, 6137123253, 95892711]] [1256503186.0, [528.0, 823931, 26354976, 36323, 25504800, 398559]]
Arch_Param: [64, 1024, 2048, 16, 512, 256]
Samsung_cost: [22229359170.0, [3138981.0, 12556321, 401767932, 482593, 400935612, 100681057]] [35348137998.0, [4946031.0, 19783791, 633078168, 629871, 631701912, 170265711]] [2958340920, [417290, 1669140, 53412240, 104980, 53412240, 13352970]] [48226114800, [6806804, 27227176, 871269392, 309352, 871269392, 217817108]] [3462045900, [488630, 1954502, 62543896, 28726, 62543896, 15635974]] [2718326725806.0, [383596431.0, 1534385247, 49100323449, 42720639, 49099264377, 12275812827]] [84007937270, [11873299, 47493179, 1519781728, 1711995, 1515882336, 378839583]]
Model_cost: [5523001262.0, [4464.0, 6384225, 204263100, 330145, 49399997, 771938]] [3935230878.0, [58911.0, 2666607, 85328280, 86895, 77870232, 1216827]] [303830110.0, [52.5, 195220, 6246800, 13140, 6246800, 104010]] [5078942740.0, [19933.0, 3327912, 106001424, 38704, 103508112, 1641638]] [395682108.0, [711.0, 271974, 8678424, 4918, 7767768, 121433]] [298169660454.0, [7995.0, 191813655, 6138011769, 5340891, 6137123253, 95892711]] [1256429970.0, [528.0, 823931, 26354976, 32995, 25504800, 398559]]
Arch_Param: [64, 1024, 2048, 16, 512, 512]
Samsung_cost: [22229359170.0, [3138981.0, 12556321, 401767932, 482593, 400935612, 100681057]] [35348137998.0, [4946031.0, 19783791, 633078168, 629871, 631701912, 170265711]] [2958340920, [417290, 1669140, 53412240, 104980, 53412240, 13352970]] [48226114800, [6806804, 27227176, 871269392, 309352, 871269392, 217817108]] [3462045900, [488630, 1954502, 62543896, 28726, 62543896, 15635974]] [2718326725806.0, [383596431.0, 1534385247, 49100323449, 42720639, 49099264377, 12275812827]] [84007937270, [11873299, 47493179, 1519781728, 1711995, 1515882336, 378839583]]
Model_cost: [5523001262.0, [4464.0, 6384225, 204263100, 330145, 49399997, 771938]] [3935230878.0, [58911.0, 2666607, 85328280, 86895, 77870232, 1216827]] [303830110.0, [52.5, 195220, 6246800, 13140, 6246800, 104010]] [5078942740.0, [19933.0, 3327912, 106001424, 38704, 103508112, 1641638]] [395682108.0, [711.0, 271974, 8678424, 4918, 7767768, 121433]] [298169660454.0, [7995.0, 191813655, 6138011769, 5340891, 6137123253, 95892711]] [1256429970.0, [528.0, 823931, 26354976, 32995, 25504800, 398559]]
Arch_Param: [64, 1024, 2048, 16, 1024, 64]
Samsung_cost: [22262867010.0, [3138981.0, 6280225, 401767932, 3146785, 400935612, 100681057]] [35402782734.0, [4946031.0, 9891951, 633078168, 4912239, 631701912, 170265711]] [2961873460, [417290, 834570, 53412240, 417290, 53412240, 13352970]] [48314604392, [6806804, 13613588, 871269392, 6806804, 871269392, 217817108]] [3468254796, [488630, 977254, 62543896, 488630, 62543896, 15635974]] [2722757346606.0, [383596431.0, 767192703, 49100323449, 383602047, 49099264377, 12275812827]] [84137265822, [11873299, 23746591, 1519781728, 11908127, 1515882336, 378839583]]
Model_cost: [5510990638.0, [4464.0, 3193953, 204263100, 364257, 49399997, 771938]] [3929897886.0, [58911.0, 1333359, 85328280, 86895, 77870232, 1216827]] [303465050.0, [52.5, 104010, 6246800, 13130, 6246800, 104010]] [5072353036.0, [19933.0, 1680596, 106001424, 38684, 103508112, 1641638]] [395326076.0, [711.0, 136502, 8678424, 13366, 7767768, 121433]] [297786034998.0, [7995.0, 95907291, 6138011769, 5340891, 6137123253, 95892711]] [1254819770.0, [528.0, 412383, 26354976, 34631, 25504800, 398559]]
Arch_Param: [64, 1024, 2048, 16, 1024, 128]
Samsung_cost: [22204254786.0, [3138981.0, 6280225, 401767932, 482593, 400935612, 100681057]] [35308570638.0, [4946031.0, 9891951, 633078168, 629871, 631701912, 170265711]] [2955002420, [417290, 834570, 53412240, 104970, 53412240, 13352970]] [48171660008, [6806804, 13613588, 871269392, 309332, 871269392, 217817108]] [3458136908, [488630, 977254, 62543896, 28726, 62543896, 15635974]] [2715257955630.0, [383596431.0, 767192703, 49100323449, 42720639, 49099264377, 12275812827]] [83912950302, [11873299, 23746591, 1519781728, 1711967, 1515882336, 378839583]]
Model_cost: [5510990638.0, [4464.0, 3193953, 204263100, 364257, 49399997, 771938]] [3929897886.0, [58911.0, 1333359, 85328280, 86895, 77870232, 1216827]] [303465050.0, [52.5, 104010, 6246800, 13130, 6246800, 104010]] [5072353036.0, [19933.0, 1680596, 106001424, 38684, 103508112, 1641638]] [395326076.0, [711.0, 136502, 8678424, 13366, 7767768, 121433]] [297786034998.0, [7995.0, 95907291, 6138011769, 5340891, 6137123253, 95892711]] [1254819770.0, [528.0, 412383, 26354976, 34631, 25504800, 398559]]
Arch_Param: [64, 1024, 2048, 16, 1024, 256]
Samsung_cost: [22204254786.0, [3138981.0, 6280225, 401767932, 482593, 400935612, 100681057]] [35308570638.0, [4946031.0, 9891951, 633078168, 629871, 631701912, 170265711]] [2955002420, [417290, 834570, 53412240, 104970, 53412240, 13352970]] [48171660008, [6806804, 13613588, 871269392, 309332, 871269392, 217817108]] [3458136908, [488630, 977254, 62543896, 28726, 62543896, 15635974]] [2715257955630.0, [383596431.0, 767192703, 49100323449, 42720639, 49099264377, 12275812827]] [83912950302, [11873299, 23746591, 1519781728, 1711967, 1515882336, 378839583]]
Model_cost: [5510240174.0, [4464.0, 3193953, 204263100, 330145, 49399997, 771938]] [3929897886.0, [58911.0, 1333359, 85328280, 86895, 77870232, 1216827]] [303465050.0, [52.5, 104010, 6246800, 13130, 6246800, 104010]] [5072353036.0, [19933.0, 1680596, 106001424, 38684, 103508112, 1641638]] [395140220.0, [711.0, 136502, 8678424, 4918, 7767768, 121433]] [297786034998.0, [7995.0, 95907291, 6138011769, 5340891, 6137123253, 95892711]] [1254783162.0, [528.0, 412383, 26354976, 32967, 25504800, 398559]]
Arch_Param: [64, 1024, 2048, 16, 1024, 512]
Samsung_cost: [22204254786.0, [3138981.0, 6280225, 401767932, 482593, 400935612, 100681057]] [35308570638.0, [4946031.0, 9891951, 633078168, 629871, 631701912, 170265711]] [2955002420, [417290, 834570, 53412240, 104970, 53412240, 13352970]] [48171660008, [6806804, 13613588, 871269392, 309332, 871269392, 217817108]] [3458136908, [488630, 977254, 62543896, 28726, 62543896, 15635974]] [2715257955630.0, [383596431.0, 767192703, 49100323449, 42720639, 49099264377, 12275812827]] [83912950302, [11873299, 23746591, 1519781728, 1711967, 1515882336, 378839583]]
Model_cost: [5510240174.0, [4464.0, 3193953, 204263100, 330145, 49399997, 771938]] [3929897886.0, [58911.0, 1333359, 85328280, 86895, 77870232, 1216827]] [303465050.0, [52.5, 104010, 6246800, 13130, 6246800, 104010]] [5072353036.0, [19933.0, 1680596, 106001424, 38684, 103508112, 1641638]] [395140220.0, [711.0, 136502, 8678424, 4918, 7767768, 121433]] [297786034998.0, [7995.0, 95907291, 6138011769, 5340891, 6137123253, 95892711]] [1254783162.0, [528.0, 412383, 26354976, 32967, 25504800, 398559]]
Arch_Param: [64, 1024, 2048, 32, 256, 64]
Samsung_cost: [22062932624.0, [3098149.0, 24785444, 396549116, 3101732, 396151484, 99485025]] [35521484814.0, [4946031.0, 39567471, 633078168, 4912239, 631701912, 170265711]] [2971888700, [417290, 3338270, 53412240, 417310, 53412240, 13352970]] [48477968508, [6806804, 54454342, 871269392, 6806854, 871269392, 217817108]] [3461122716, [485982, 3887814, 62204952, 485982, 62204952, 15551238]] [2731963657134.0, [383596431.0, 3068770335, 49100323449, 383602047, 49099264377, 12275812827]] [84363883380, [11865107, 94920822, 1518733152, 11900022, 1514833760, 378577439]]
Model_cost: [3483626984.0, [2269.0, 6404260, 102452412, 185636, 49399997, 771938]] [3945896862.0, [58911.0, 5333103, 85328280, 86895, 77870232, 1216827]] [304611170.0, [52.5, 390430, 6246800, 13150, 6246800, 104010]] [5092173088.0, [19933.0, 6635334, 106001424, 38734, 103508112, 1641638]] [386139740.0, [475.0, 509030, 8140312, 17566, 7767768, 121433]] [298936911366.0, [7995.0, 383626383, 6138011769, 5340891, 6137123253, 95892711]] [1248640664.0, [478.0, 1613302, 25807008, 33630, 25504800, 398559]]
Arch_Param: [64, 1024, 2048, 32, 256, 128]
Samsung_cost: [22004906128.0, [3098149.0, 24785444, 396549116, 464164, 396151484, 99485025]] [35427272718.0, [4946031.0, 39567471, 633078168, 629871, 631701912, 170265711]] [2965017660, [417290, 3338270, 53412240, 104990, 53412240, 13352970]] [48335024124, [6806804, 54454342, 871269392, 309382, 871269392, 217817108]] [3451051292, [485982, 3887814, 62204952, 28190, 62204952, 15551238]] [2724464266158.0, [383596431.0, 3068770335, 49100323449, 42720639, 49099264377, 12275812827]] [84139657972, [11865107, 94920822, 1518733152, 1707958, 1514833760, 378577439]]
Model_cost: [3483222888.0, [2269.0, 6404260, 102452412, 167268, 49399997, 771938]] [3945896862.0, [58911.0, 5333103, 85328280, 86895, 77870232, 1216827]] [304611170.0, [52.5, 390430, 6246800, 13150, 6246800, 104010]] [5092173088.0, [19933.0, 6635334, 106001424, 38734, 103508112, 1641638]] [385844060.0, [475.0, 509030, 8140312, 4126, 7767768, 121433]] [298936911366.0, [7995.0, 383626383, 6138011769, 5340891, 6137123253, 95892711]] [1248551960.0, [478.0, 1613302, 25807008, 29598, 25504800, 398559]]
Arch_Param: [64, 1024, 2048, 32, 256, 256]
Samsung_cost: [22004906128.0, [3098149.0, 24785444, 396549116, 464164, 396151484, 99485025]] [35427272718.0, [4946031.0, 39567471, 633078168, 629871, 631701912, 170265711]] [2965017660, [417290, 3338270, 53412240, 104990, 53412240, 13352970]] [48335024124, [6806804, 54454342, 871269392, 309382, 871269392, 217817108]] [3451051292, [485982, 3887814, 62204952, 28190, 62204952, 15551238]] [2724464266158.0, [383596431.0, 3068770335, 49100323449, 42720639, 49099264377, 12275812827]] [84139657972, [11865107, 94920822, 1518733152, 1707958, 1514833760, 378577439]]
Model_cost: [3483222888.0, [2269.0, 6404260, 102452412, 167268, 49399997, 771938]] [3945896862.0, [58911.0, 5333103, 85328280, 86895, 77870232, 1216827]] [304611170.0, [52.5, 390430, 6246800, 13150, 6246800, 104010]] [5092173088.0, [19933.0, 6635334, 106001424, 38734, 103508112, 1641638]] [385844060.0, [475.0, 509030, 8140312, 4126, 7767768, 121433]] [298936911366.0, [7995.0, 383626383, 6138011769, 5340891, 6137123253, 95892711]] [1248551960.0, [478.0, 1613302, 25807008, 29598, 25504800, 398559]]
Arch_Param: [64, 1024, 2048, 32, 512, 64]
Samsung_cost: [22013362754.0, [3098149.0, 12392993, 396549116, 3101729, 396151484, 99485025]] [35442350094.0, [4946031.0, 19783791, 633078168, 4912239, 631701912, 170265711]] [2965211960, [417290, 1669140, 53412240, 417300, 53412240, 13352970]] [48369059184, [6806804, 27227176, 871269392, 6806824, 871269392, 217817108]] [3453347100, [485982, 1943910, 62204952, 485982, 62204952, 15551238]] [2725826116782.0, [383596431.0, 1534385247, 49100323449, 383602047, 49099264377, 12275812827]] [84174040438, [11865107, 47460411, 1518733152, 11899963, 1514833760, 378577439]]
Model_cost: [3470819482.0, [2269.0, 3202401, 102452412, 185633, 49399997, 771938]] [3935230878.0, [58911.0, 2666607, 85328280, 86895, 77870232, 1216827]] [303830110.0, [52.5, 195220, 6246800, 13140, 6246800, 104010]] [5078942740.0, [19933.0, 3327912, 106001424, 38704, 103508112, 1641638]] [384987548.0, [475.0, 254774, 8140312, 11422, 7767768, 121433]] [298169660454.0, [7995.0, 191813655, 6138011769, 5340891, 6137123253, 95892711]] [1245363482.0, [478.0, 806651, 25807008, 31331, 25504800, 398559]]
Arch_Param: [64, 1024, 2048, 32, 512, 128]
Samsung_cost: [21955336258.0, [3098149.0, 12392993, 396549116, 464161, 396151484, 99485025]] [35348137998.0, [4946031.0, 19783791, 633078168, 629871, 631701912, 170265711]] [2958340920, [417290, 1669140, 53412240, 104980, 53412240, 13352970]] [48226114800, [6806804, 27227176, 871269392, 309352, 871269392, 217817108]] [3443275676, [485982, 1943910, 62204952, 28190, 62204952, 15551238]] [2718326725806.0, [383596431.0, 1534385247, 49100323449, 42720639, 49099264377, 12275812827]] [83949815030, [11865107, 47460411, 1518733152, 1707899, 1514833760, 378577439]]
Model_cost: [3470415386.0, [2269.0, 3202401, 102452412, 167265, 49399997, 771938]] [3935230878.0, [58911.0, 2666607, 85328280, 86895, 77870232, 1216827]] [303830110.0, [52.5, 195220, 6246800, 13140, 6246800, 104010]] [5078942740.0, [19933.0, 3327912, 106001424, 38704, 103508112, 1641638]] [384827036.0, [475.0, 254774, 8140312, 4126, 7767768, 121433]] [298169660454.0, [7995.0, 191813655, 6138011769, 5340891, 6137123253, 95892711]] [1245324058.0, [478.0, 806651, 25807008, 29539, 25504800, 398559]]
Arch_Param: [64, 1024, 2048, 32, 512, 256]
Samsung_cost: [21955336258.0, [3098149.0, 12392993, 396549116, 464161, 396151484, 99485025]] [35348137998.0, [4946031.0, 19783791, 633078168, 629871, 631701912, 170265711]] [2958340920, [417290, 1669140, 53412240, 104980, 53412240, 13352970]] [48226114800, [6806804, 27227176, 871269392, 309352, 871269392, 217817108]] [3443275676, [485982, 1943910, 62204952, 28190, 62204952, 15551238]] [2718326725806.0, [383596431.0, 1534385247, 49100323449, 42720639, 49099264377, 12275812827]] [83949815030, [11865107, 47460411, 1518733152, 1707899, 1514833760, 378577439]]
Model_cost: [3470415386.0, [2269.0, 3202401, 102452412, 167265, 49399997, 771938]] [3935230878.0, [58911.0, 2666607, 85328280, 86895, 77870232, 1216827]] [303830110.0, [52.5, 195220, 6246800, 13140, 6246800, 104010]] [5078942740.0, [19933.0, 3327912, 106001424, 38704, 103508112, 1641638]] [384827036.0, [475.0, 254774, 8140312, 4126, 7767768, 121433]] [298169660454.0, [7995.0, 191813655, 6138011769, 5340891, 6137123253, 95892711]] [1245324058.0, [478.0, 806651, 25807008, 29539, 25504800, 398559]]
Arch_Param: [64, 1024, 2048, 32, 512, 512]
Samsung_cost: [21955336258.0, [3098149.0, 12392993, 396549116, 464161, 396151484, 99485025]] [35348137998.0, [4946031.0, 19783791, 633078168, 629871, 631701912, 170265711]] [2958340920, [417290, 1669140, 53412240, 104980, 53412240, 13352970]] [48226114800, [6806804, 27227176, 871269392, 309352, 871269392, 217817108]] [3443275676, [485982, 1943910, 62204952, 28190, 62204952, 15551238]] [2718326725806.0, [383596431.0, 1534385247, 49100323449, 42720639, 49099264377, 12275812827]] [83949815030, [11865107, 47460411, 1518733152, 1707899, 1514833760, 378577439]]
Model_cost: [3469570586.0, [2269.0, 3202401, 102452412, 128865, 49399997, 771938]] [3935230878.0, [58911.0, 2666607, 85328280, 86895, 77870232, 1216827]] [303830110.0, [52.5, 195220, 6246800, 13140, 6246800, 104010]] [5078942740.0, [19933.0, 3327912, 106001424, 38704, 103508112, 1641638]] [384827036.0, [475.0, 254774, 8140312, 4126, 7767768, 121433]] [298169660454.0, [7995.0, 191813655, 6138011769, 5340891, 6137123253, 95892711]] [1245324058.0, [478.0, 806651, 25807008, 29539, 25504800, 398559]]
Arch_Param: [64, 1024, 2048, 32, 1024, 64]
Samsung_cost: [21988581954.0, [3098149.0, 6197793, 396549116, 3101729, 396151484, 99485025]] [35402782734.0, [4946031.0, 9891951, 633078168, 4912239, 631701912, 170265711]] [2961873460, [417290, 834570, 53412240, 417290, 53412240, 13352970]] [48314604392, [6806804, 13613588, 871269392, 6806804, 871269392, 217817108]] [3449459292, [485982, 971958, 62204952, 485982, 62204952, 15551238]] [2722757346606.0, [383596431.0, 767192703, 49100323449, 383602047, 49099264377, 12275812827]] [84079119006, [11865107, 23730207, 1518733152, 11899935, 1514833760, 378577439]]
Model_cost: [3464418970.0, [2269.0, 1602273, 102452412, 185633, 49399997, 771938]] [3929897886.0, [58911.0, 1333359, 85328280, 86895, 77870232, 1216827]] [303465050.0, [52.5, 104010, 6246800, 13130, 6246800, 104010]] [5072353036.0, [19933.0, 1680596, 106001424, 38684, 103508112, 1641638]] [384411452.0, [475.0, 127646, 8140312, 8350, 7767768, 121433]] [297786034998.0, [7995.0, 95907291, 6138011769, 5340891, 6137123253, 95892711]] [1243730754.0, [478.0, 403551, 25807008, 30407, 25504800, 398559]]
Arch_Param: [64, 1024, 2048, 32, 1024, 128]
Samsung_cost: [21930555458.0, [3098149.0, 6197793, 396549116, 464161, 396151484, 99485025]] [35308570638.0, [4946031.0, 9891951, 633078168, 629871, 631701912, 170265711]] [2955002420, [417290, 834570, 53412240, 104970, 53412240, 13352970]] [48171660008, [6806804, 13613588, 871269392, 309332, 871269392, 217817108]] [3439387868, [485982, 971958, 62204952, 28190, 62204952, 15551238]] [2715257955630.0, [383596431.0, 767192703, 49100323449, 42720639, 49099264377, 12275812827]] [83854893598, [11865107, 23730207, 1518733152, 1707871, 1514833760, 378577439]]
Model_cost: [3464014874.0, [2269.0, 1602273, 102452412, 167265, 49399997, 771938]] [3929897886.0, [58911.0, 1333359, 85328280, 86895, 77870232, 1216827]] [303465050.0, [52.5, 104010, 6246800, 13130, 6246800, 104010]] [5072353036.0, [19933.0, 1680596, 106001424, 38684, 103508112, 1641638]] [384318524.0, [475.0, 127646, 8140312, 4126, 7767768, 121433]] [297786034998.0, [7995.0, 95907291, 6138011769, 5340891, 6137123253, 95892711]] [1243711042.0, [478.0, 403551, 25807008, 29511, 25504800, 398559]]
Arch_Param: [64, 1024, 2048, 32, 1024, 256]
Samsung_cost: [21930555458.0, [3098149.0, 6197793, 396549116, 464161, 396151484, 99485025]] [35308570638.0, [4946031.0, 9891951, 633078168, 629871, 631701912, 170265711]] [2955002420, [417290, 834570, 53412240, 104970, 53412240, 13352970]] [48171660008, [6806804, 13613588, 871269392, 309332, 871269392, 217817108]] [3439387868, [485982, 971958, 62204952, 28190, 62204952, 15551238]] [2715257955630.0, [383596431.0, 767192703, 49100323449, 42720639, 49099264377, 12275812827]] [83854893598, [11865107, 23730207, 1518733152, 1707871, 1514833760, 378577439]]
Model_cost: [3464014874.0, [2269.0, 1602273, 102452412, 167265, 49399997, 771938]] [3929897886.0, [58911.0, 1333359, 85328280, 86895, 77870232, 1216827]] [303465050.0, [52.5, 104010, 6246800, 13130, 6246800, 104010]] [5072353036.0, [19933.0, 1680596, 106001424, 38684, 103508112, 1641638]] [384318524.0, [475.0, 127646, 8140312, 4126, 7767768, 121433]] [297786034998.0, [7995.0, 95907291, 6138011769, 5340891, 6137123253, 95892711]] [1243711042.0, [478.0, 403551, 25807008, 29511, 25504800, 398559]]
Arch_Param: [64, 1024, 2048, 32, 1024, 512]
Samsung_cost: [21930555458.0, [3098149.0, 6197793, 396549116, 464161, 396151484, 99485025]] [35308570638.0, [4946031.0, 9891951, 633078168, 629871, 631701912, 170265711]] [2955002420, [417290, 834570, 53412240, 104970, 53412240, 13352970]] [48171660008, [6806804, 13613588, 871269392, 309332, 871269392, 217817108]] [3439387868, [485982, 971958, 62204952, 28190, 62204952, 15551238]] [2715257955630.0, [383596431.0, 767192703, 49100323449, 42720639, 49099264377, 12275812827]] [83854893598, [11865107, 23730207, 1518733152, 1707871, 1514833760, 378577439]]
Model_cost: [3463170074.0, [2269.0, 1602273, 102452412, 128865, 49399997, 771938]] [3929897886.0, [58911.0, 1333359, 85328280, 86895, 77870232, 1216827]] [303465050.0, [52.5, 104010, 6246800, 13130, 6246800, 104010]] [5072353036.0, [19933.0, 1680596, 106001424, 38684, 103508112, 1641638]] [384318524.0, [475.0, 127646, 8140312, 4126, 7767768, 121433]] [297786034998.0, [7995.0, 95907291, 6138011769, 5340891, 6137123253, 95892711]] [1243711042.0, [478.0, 403551, 25807008, 29511, 25504800, 398559]]
Arch_Param: [64, 1024, 1024, 4, 256, 64]
Samsung_cost: [45762825984.0, [12827945.0, 51312164, 820922876, 6444068, 817875644, 204916065]] [35659970574, [9891951, 39567471, 633078168, 4912239, 631701912, 170265711]] [2983572540, [834570, 3338270, 53412240, 417310, 53412240, 13352970]] [48668558460, [13613588, 54454342, 871269392, 6806854, 871269392, 217817108]] [3665835244, [1025414, 4101638, 65626136, 512710, 65626136, 16406534]] [2742704352750, [767192703, 3068770335, 49100323449, 383602047, 49099264377, 12275812827]] [85814854852, [24086559, 96346230, 1541539680, 12113014, 1533183840, 383164959]]
Model_cost: [15182216088.0, [29745.0, 41814564, 668963196, 10456676, 49399997, 771938]] [3947543262.0, [117711.0, 5333103, 85328280, 86895, 77870232, 1216827]] [304612360.0, [95.0, 390430, 6246800, 13150, 6246800, 104010]] [5092730372.0, [39836.0, 6635334, 106001424, 38734, 103508112, 1641638]] [927488480.0, [5646.0, 2171654, 34713624, 157894, 7767768, 121433]] [298937130774.0, [15831.0, 383626383, 6138011769, 5340891, 6137123253, 95892711]] [1392926336.0, [1876.0, 2054902, 32837664, 118494, 25504800, 398559]]
Arch_Param: [64, 1024, 1024, 4, 256, 128]
Samsung_cost: [45643574016.0, [12827945.0, 51312164, 820922876, 1023524, 817875644, 204916065]] [35565758478, [9891951, 39567471, 633078168, 629871, 631701912, 170265711]] [2976701500, [834570, 3338270, 53412240, 104990, 53412240, 13352970]] [48525614076, [13613588, 54454342, 871269392, 309382, 871269392, 217817108]] [3655280876, [1025414, 4101638, 65626136, 32966, 65626136, 16406534]] [2735204961774, [767192703, 3068770335, 49100323449, 42720639, 49099264377, 12275812827]] [85588646980, [24086559, 96346230, 1541539680, 1830838, 1533183840, 383164959]]
Model_cost: [15182216088.0, [29745.0, 41814564, 668963196, 10456676, 49399997, 771938]] [3947543262.0, [117711.0, 5333103, 85328280, 86895, 77870232, 1216827]] [304612360.0, [95.0, 390430, 6246800, 13150, 6246800, 104010]] [5092730372.0, [39836.0, 6635334, 106001424, 38734, 103508112, 1641638]] [927488480.0, [5646.0, 2171654, 34713624, 157894, 7767768, 121433]] [298937130774.0, [15831.0, 383626383, 6138011769, 5340891, 6137123253, 95892711]] [1392926336.0, [1876.0, 2054902, 32837664, 118494, 25504800, 398559]]
Arch_Param: [64, 1024, 1024, 4, 256, 256]
Samsung_cost: [45643574016.0, [12827945.0, 51312164, 820922876, 1023524, 817875644, 204916065]] [35565758478, [9891951, 39567471, 633078168, 629871, 631701912, 170265711]] [2976701500, [834570, 3338270, 53412240, 104990, 53412240, 13352970]] [48525614076, [13613588, 54454342, 871269392, 309382, 871269392, 217817108]] [3655280876, [1025414, 4101638, 65626136, 32966, 65626136, 16406534]] [2735204961774, [767192703, 3068770335, 49100323449, 42720639, 49099264377, 12275812827]] [85588646980, [24086559, 96346230, 1541539680, 1830838, 1533183840, 383164959]]
Model_cost: [14980149080.0, [29745.0, 41814564, 668963196, 1271812, 49399997, 771938]] [3947543262.0, [117711.0, 5333103, 85328280, 86895, 77870232, 1216827]] [304612360.0, [95.0, 390430, 6246800, 13150, 6246800, 104010]] [5092730372.0, [39836.0, 6635334, 106001424, 38734, 103508112, 1641638]] [926794976.0, [5646.0, 2171654, 34713624, 28870, 7843032, 122777]] [298937130774.0, [15831.0, 383626383, 6138011769, 5340891, 6137123253, 95892711]] [1392267392.0, [1876.0, 2054902, 32837664, 88542, 25504800, 398559]]
Arch_Param: [64, 1024, 1024, 4, 512, 64]
Samsung_cost: [45660202674.0, [12827945.0, 25656353, 820922876, 6444065, 817875644, 204916065]] [35580835854, [9891951, 19783791, 633078168, 4912239, 631701912, 170265711]] [2976895800, [834570, 1669140, 53412240, 417300, 53412240, 13352970]] [48559649136, [13613588, 27227176, 871269392, 6806824, 871269392, 217817108]] [3657631980, [1025414, 2050822, 65626136, 512710, 65626136, 16406534]] [2736566812398, [767192703, 1534385247, 49100323449, 383602047, 49099264377, 12275812827]] [85622161094, [24086559, 48173115, 1541539680, 12112955, 1533183840, 383164959]]
Model_cost: [15098587978.0, [29745.0, 20907553, 668963196, 10456673, 49399997, 771938]] [3936877278.0, [117711.0, 2666607, 85328280, 86895, 77870232, 1216827]] [303831300.0, [95.0, 195220, 6246800, 13140, 6246800, 104010]] [5079500024.0, [39836.0, 3327912, 106001424, 38704, 103508112, 1641638]] [922072032.0, [5646.0, 1087878, 34713624, 108742, 7767768, 121433]] [298169879862.0, [15831.0, 191813655, 6138011769, 5340891, 6137123253, 95892711]] [1388470274.0, [1876.0, 1027451, 32837664, 102755, 25504800, 398559]]
Arch_Param: [64, 1024, 1024, 4, 512, 128]
Samsung_cost: [45540950706.0, [12827945.0, 25656353, 820922876, 1023521, 817875644, 204916065]] [35486623758, [9891951, 19783791, 633078168, 629871, 631701912, 170265711]] [2970024760, [834570, 1669140, 53412240, 104980, 53412240, 13352970]] [48416704752, [13613588, 27227176, 871269392, 309352, 871269392, 217817108]] [3647077612, [1025414, 2050822, 65626136, 32966, 65626136, 16406534]] [2729067421422, [767192703, 1534385247, 49100323449, 42720639, 49099264377, 12275812827]] [85395953222, [24086559, 48173115, 1541539680, 1830779, 1533183840, 383164959]]
Model_cost: [15098587978.0, [29745.0, 20907553, 668963196, 10456673, 49399997, 771938]] [3936877278.0, [117711.0, 2666607, 85328280, 86895, 77870232, 1216827]] [303831300.0, [95.0, 195220, 6246800, 13140, 6246800, 104010]] [5079500024.0, [39836.0, 3327912, 106001424, 38704, 103508112, 1641638]] [922072032.0, [5646.0, 1087878, 34713624, 108742, 7767768, 121433]] [298169879862.0, [15831.0, 191813655, 6138011769, 5340891, 6137123253, 95892711]] [1388470274.0, [1876.0, 1027451, 32837664, 102755, 25504800, 398559]]
Arch_Param: [64, 1024, 1024, 4, 512, 256]
Samsung_cost: [45540950706.0, [12827945.0, 25656353, 820922876, 1023521, 817875644, 204916065]] [35486623758, [9891951, 19783791, 633078168, 629871, 631701912, 170265711]] [2970024760, [834570, 1669140, 53412240, 104980, 53412240, 13352970]] [48416704752, [13613588, 27227176, 871269392, 309352, 871269392, 217817108]] [3647077612, [1025414, 2050822, 65626136, 32966, 65626136, 16406534]] [2729067421422, [767192703, 1534385247, 49100323449, 42720639, 49099264377, 12275812827]] [85395953222, [24086559, 48173115, 1541539680, 1830779, 1533183840, 383164959]]
Model_cost: [14896520970.0, [29745.0, 20907553, 668963196, 1271809, 49399997, 771938]] [3936877278.0, [117711.0, 2666607, 85328280, 86895, 77870232, 1216827]] [303831300.0, [95.0, 195220, 6246800, 13140, 6246800, 104010]] [5079500024.0, [39836.0, 3327912, 106001424, 38704, 103508112, 1641638]] [921396192.0, [5646.0, 1087878, 34713624, 78022, 7767768, 121433]] [298169879862.0, [15831.0, 191813655, 6138011769, 5340891, 6137123253, 95892711]] [1387811330.0, [1876.0, 1027451, 32837664, 72803, 25504800, 398559]]
Arch_Param: [64, 1024, 1024, 4, 512, 512]
Samsung_cost: [45540950706.0, [12827945.0, 25656353, 820922876, 1023521, 817875644, 204916065]] [35486623758, [9891951, 19783791, 633078168, 629871, 631701912, 170265711]] [2970024760, [834570, 1669140, 53412240, 104980, 53412240, 13352970]] [48416704752, [13613588, 27227176, 871269392, 309352, 871269392, 217817108]] [3647077612, [1025414, 2050822, 65626136, 32966, 65626136, 16406534]] [2729067421422, [767192703, 1534385247, 49100323449, 42720639, 49099264377, 12275812827]] [85395953222, [24086559, 48173115, 1541539680, 1830779, 1533183840, 383164959]]
Model_cost: [14896520970.0, [29745.0, 20907553, 668963196, 1271809, 49399997, 771938]] [3936877278.0, [117711.0, 2666607, 85328280, 86895, 77870232, 1216827]] [303831300.0, [95.0, 195220, 6246800, 13140, 6246800, 104010]] [5079500024.0, [39836.0, 3327912, 106001424, 38704, 103508112, 1641638]] [921029856.0, [5646.0, 1087878, 34713624, 28870, 7792856, 121881]] [298169879862.0, [15831.0, 191813655, 6138011769, 5340891, 6137123253, 95892711]] [1387811330.0, [1876.0, 1027451, 32837664, 72803, 25504800, 398559]]
Arch_Param: [64, 1024, 1024, 4, 1024, 64]
Samsung_cost: [45608916658.0, [12827945.0, 12834849, 820922876, 6444065, 817875644, 204916065]] [35541268494, [9891951, 9891951, 633078168, 4912239, 631701912, 170265711]] [2973557300, [834570, 834570, 53412240, 417290, 53412240, 13352970]] [48505194344, [13613588, 13613588, 871269392, 6806804, 871269392, 217817108]] [3653530348, [1025414, 1025414, 65626136, 512710, 65626136, 16406534]] [2733498042222, [767192703, 767192703, 49100323449, 383602047, 49099264377, 12275812827]] [85525814254, [24086559, 24086559, 1541539680, 12112927, 1533183840, 383164959]]
Model_cost: [15056798794.0, [29745.0, 10460257, 668963196, 10456673, 49399997, 771938]] [3931544286.0, [117711.0, 1333359, 85328280, 86895, 77870232, 1216827]] [303466240.0, [95.0, 104010, 6246800, 13130, 6246800, 104010]] [5072910320.0, [39836.0, 1680596, 106001424, 38684, 103508112, 1641638]] [919363808.0, [5646.0, 545990, 34713624, 84166, 7767768, 121433]] [297786254406.0, [15831.0, 95907291, 6138011769, 5340891, 6137123253, 95892711]] [1386283050.0, [1876.0, 515295, 32837664, 96455, 25504800, 398559]]
Arch_Param: [64, 1024, 1024, 4, 1024, 128]
Samsung_cost: [45489664690.0, [12827945.0, 12834849, 820922876, 1023521, 817875644, 204916065]] [35447056398, [9891951, 9891951, 633078168, 629871, 631701912, 170265711]] [2966686260, [834570, 834570, 53412240, 104970, 53412240, 13352970]] [48362249960, [13613588, 13613588, 871269392, 309332, 871269392, 217817108]] [3642975980, [1025414, 1025414, 65626136, 32966, 65626136, 16406534]] [2725998651246, [767192703, 767192703, 49100323449, 42720639, 49099264377, 12275812827]] [85299606382, [24086559, 24086559, 1541539680, 1830751, 1533183840, 383164959]]
Model_cost: [15056798794.0, [29745.0, 10460257, 668963196, 10456673, 49399997, 771938]] [3931544286.0, [117711.0, 1333359, 85328280, 86895, 77870232, 1216827]] [303466240.0, [95.0, 104010, 6246800, 13130, 6246800, 104010]] [5072910320.0, [39836.0, 1680596, 106001424, 38684, 103508112, 1641638]] [919363808.0, [5646.0, 545990, 34713624, 84166, 7767768, 121433]] [297786254406.0, [15831.0, 95907291, 6138011769, 5340891, 6137123253, 95892711]] [1386283050.0, [1876.0, 515295, 32837664, 96455, 25504800, 398559]]
Arch_Param: [64, 1024, 1024, 4, 1024, 256]
Samsung_cost: [45489664690.0, [12827945.0, 12834849, 820922876, 1023521, 817875644, 204916065]] [35447056398, [9891951, 9891951, 633078168, 629871, 631701912, 170265711]] [2966686260, [834570, 834570, 53412240, 104970, 53412240, 13352970]] [48362249960, [13613588, 13613588, 871269392, 309332, 871269392, 217817108]] [3642975980, [1025414, 1025414, 65626136, 32966, 65626136, 16406534]] [2725998651246, [767192703, 767192703, 49100323449, 42720639, 49099264377, 12275812827]] [85299606382, [24086559, 24086559, 1541539680, 1830751, 1533183840, 383164959]]
Model_cost: [14854731786.0, [29745.0, 10460257, 668963196, 1271809, 49399997, 771938]] [3931544286.0, [117711.0, 1333359, 85328280, 86895, 77870232, 1216827]] [303466240.0, [95.0, 104010, 6246800, 13130, 6246800, 104010]] [5072910320.0, [39836.0, 1680596, 106001424, 38684, 103508112, 1641638]] [918687968.0, [5646.0, 545990, 34713624, 53446, 7767768, 121433]] [297786254406.0, [15831.0, 95907291, 6138011769, 5340891, 6137123253, 95892711]] [1385624106.0, [1876.0, 515295, 32837664, 66503, 25504800, 398559]]
Arch_Param: [64, 1024, 1024, 4, 1024, 512]
Samsung_cost: [45489664690.0, [12827945.0, 12834849, 820922876, 1023521, 817875644, 204916065]] [35447056398, [9891951, 9891951, 633078168, 629871, 631701912, 170265711]] [2966686260, [834570, 834570, 53412240, 104970, 53412240, 13352970]] [48362249960, [13613588, 13613588, 871269392, 309332, 871269392, 217817108]] [3642975980, [1025414, 1025414, 65626136, 32966, 65626136, 16406534]] [2725998651246, [767192703, 767192703, 49100323449, 42720639, 49099264377, 12275812827]] [85299606382, [24086559, 24086559, 1541539680, 1830751, 1533183840, 383164959]]
Model_cost: [14854731786.0, [29745.0, 10460257, 668963196, 1271809, 49399997, 771938]] [3931544286.0, [117711.0, 1333359, 85328280, 86895, 77870232, 1216827]] [303466240.0, [95.0, 104010, 6246800, 13130, 6246800, 104010]] [5072910320.0, [39836.0, 1680596, 106001424, 38684, 103508112, 1641638]] [918687968.0, [5646.0, 545990, 34713624, 53446, 7767768, 121433]] [297786254406.0, [15831.0, 95907291, 6138011769, 5340891, 6137123253, 95892711]] [1385624106.0, [1876.0, 515295, 32837664, 66503, 25504800, 398559]]
Arch_Param: [64, 1024, 1024, 8, 256, 64]
Samsung_cost: [22978895616.0, [6441257.0, 25765412, 412205564, 3236900, 410503868, 103073121]] [35659970574, [9891951, 39567471, 633078168, 4912239, 631701912, 170265711]] [2983572540, [834570, 3338270, 53412240, 417310, 53412240, 13352970]] [48668558460, [13613588, 54454342, 871269392, 6806854, 871269392, 217817108]] [3531529644, [987846, 3951366, 63221784, 493926, 63221784, 15805446]] [2742704352750, [767192703, 3068770335, 49100323449, 383602047, 49099264377, 12275812827]] [84871824580, [23779359, 95117430, 1521878880, 11924598, 1517979488, 379363871]]
Model_cost: [8801023876.0, [15838.0, 22447780, 359125692, 5611876, 49399997, 771938]] [3947543262.0, [117711.0, 5333103, 85328280, 86895, 77870232, 1216827]] [304612360.0, [95.0, 390430, 6246800, 13150, 6246800, 104010]] [5092730372.0, [39836.0, 6635334, 106001424, 38734, 103508112, 1641638]] [574193456.0, [2826.0, 1085830, 17356824, 78950, 7767768, 121433]] [298937130774.0, [15831.0, 383626383, 6138011769, 5340891, 6137123253, 95892711]] [1304381500.0, [1325.0, 1783542, 28515872, 72670, 25504800, 398559]]
Arch_Param: [64, 1024, 1024, 8, 256, 128]
Samsung_cost: [22919111936.0, [6441257.0, 25765412, 412205564, 519460, 410503868, 103073121]] [35565758478, [9891951, 39567471, 633078168, 629871, 631701912, 170265711]] [2976701500, [834570, 3338270, 53412240, 104990, 53412240, 13352970]] [48525614076, [13613588, 54454342, 871269392, 309382, 871269392, 217817108]] [3521318828, [987846, 3951366, 63221784, 29798, 63221784, 15805446]] [2735204961774, [767192703, 3068770335, 49100323449, 42720639, 49099264377, 12275812827]] [84647328836, [23779359, 95117430, 1521878880, 1720246, 1517979488, 379363871]]
Model_cost: [8692218564.0, [15838.0, 22447780, 359125692, 666180, 49399997, 771938]] [3947543262.0, [117711.0, 5333103, 85328280, 86895, 77870232, 1216827]] [304612360.0, [95.0, 390430, 6246800, 13150, 6246800, 104010]] [5092730372.0, [39836.0, 6635334, 106001424, 38734, 103508112, 1641638]] [573855536.0, [2826.0, 1085830, 17356824, 63590, 7767768, 121433]] [298937130774.0, [15831.0, 383626383, 6138011769, 5340891, 6137123253, 95892711]] [1304026684.0, [1325.0, 1783542, 28515872, 56542, 25504800, 398559]]
Arch_Param: [64, 1024, 1024, 8, 256, 256]
Samsung_cost: [22919111936.0, [6441257.0, 25765412, 412205564, 519460, 410503868, 103073121]] [35565758478, [9891951, 39567471, 633078168, 629871, 631701912, 170265711]] [2976701500, [834570, 3338270, 53412240, 104990, 53412240, 13352970]] [48525614076, [13613588, 54454342, 871269392, 309382, 871269392, 217817108]] [3521318828, [987846, 3951366, 63221784, 29798, 63221784, 15805446]] [2735204961774, [767192703, 3068770335, 49100323449, 42720639, 49099264377, 12275812827]] [84647328836, [23779359, 95117430, 1521878880, 1720246, 1517979488, 379363871]]
Model_cost: [8692218564.0, [15838.0, 22447780, 359125692, 666180, 49399997, 771938]] [3947543262.0, [117711.0, 5333103, 85328280, 86895, 77870232, 1216827]] [304612360.0, [95.0, 390430, 6246800, 13150, 6246800, 104010]] [5092730372.0, [39836.0, 6635334, 106001424, 38734, 103508112, 1641638]] [573489200.0, [2826.0, 1085830, 17356824, 14438, 7792856, 121881]] [298937130774.0, [15831.0, 383626383, 6138011769, 5340891, 6137123253, 95892711]] [1304026684.0, [1325.0, 1783542, 28515872, 56542, 25504800, 398559]]
Arch_Param: [64, 1024, 1024, 8, 512, 64]
Samsung_cost: [22927365810.0, [6441257.0, 12882977, 412205564, 3236897, 410503868, 103073121]] [35580835854, [9891951, 19783791, 633078168, 4912239, 631701912, 170265711]] [2976895800, [834570, 1669140, 53412240, 417300, 53412240, 13352970]] [48559649136, [13613588, 27227176, 871269392, 6806824, 871269392, 217817108]] [3523626924, [987846, 1975686, 63221784, 493926, 63221784, 15805446]] [2736566812398, [767192703, 1534385247, 49100323449, 383602047, 49099264377, 12275812827]] [84681588422, [23779359, 47558715, 1521878880, 11924539, 1517979488, 379363871]]
Model_cost: [8756129334.0, [15838.0, 11224161, 359125692, 5611873, 49399997, 771938]] [3936877278.0, [117711.0, 2666607, 85328280, 86895, 77870232, 1216827]] [303831300.0, [95.0, 195220, 6246800, 13140, 6246800, 104010]] [5079500024.0, [39836.0, 3327912, 106001424, 38704, 103508112, 1641638]] [571485232.0, [2826.0, 543942, 17356824, 54374, 7767768, 121433]] [298169879862.0, [15831.0, 191813655, 6138011769, 5340891, 6137123253, 95892711]] [1300637118.0, [1325.0, 891771, 28515872, 64611, 25504800, 398559]]
Arch_Param: [64, 1024, 1024, 8, 512, 128]
Samsung_cost: [22867582130.0, [6441257.0, 12882977, 412205564, 519457, 410503868, 103073121]] [35486623758, [9891951, 19783791, 633078168, 629871, 631701912, 170265711]] [2970024760, [834570, 1669140, 53412240, 104980, 53412240, 13352970]] [48416704752, [13613588, 27227176, 871269392, 309352, 871269392, 217817108]] [3513416108, [987846, 1975686, 63221784, 29798, 63221784, 15805446]] [2729067421422, [767192703, 1534385247, 49100323449, 42720639, 49099264377, 12275812827]] [84457092678, [23779359, 47558715, 1521878880, 1720187, 1517979488, 379363871]]
Model_cost: [8647324022.0, [15838.0, 11224161, 359125692, 666177, 49399997, 771938]] [3936877278.0, [117711.0, 2666607, 85328280, 86895, 77870232, 1216827]] [303831300.0, [95.0, 195220, 6246800, 13140, 6246800, 104010]] [5079500024.0, [39836.0, 3327912, 106001424, 38704, 103508112, 1641638]] [571147312.0, [2826.0, 543942, 17356824, 39014, 7767768, 121433]] [298169879862.0, [15831.0, 191813655, 6138011769, 5340891, 6137123253, 95892711]] [1300282302.0, [1325.0, 891771, 28515872, 48483, 25504800, 398559]]
Arch_Param: [64, 1024, 1024, 8, 512, 256]
Samsung_cost: [22867582130.0, [6441257.0, 12882977, 412205564, 519457, 410503868, 103073121]] [35486623758, [9891951, 19783791, 633078168, 629871, 631701912, 170265711]] [2970024760, [834570, 1669140, 53412240, 104980, 53412240, 13352970]] [48416704752, [13613588, 27227176, 871269392, 309352, 871269392, 217817108]] [3513416108, [987846, 1975686, 63221784, 29798, 63221784, 15805446]] [2729067421422, [767192703, 1534385247, 49100323449, 42720639, 49099264377, 12275812827]] [84457092678, [23779359, 47558715, 1521878880, 1720187, 1517979488, 379363871]]
Model_cost: [8647324022.0, [15838.0, 11224161, 359125692, 666177, 49399997, 771938]] [3936877278.0, [117711.0, 2666607, 85328280, 86895, 77870232, 1216827]] [303831300.0, [95.0, 195220, 6246800, 13140, 6246800, 104010]] [5079500024.0, [39836.0, 3327912, 106001424, 38704, 103508112, 1641638]] [571147312.0, [2826.0, 543942, 17356824, 39014, 7767768, 121433]] [298169879862.0, [15831.0, 191813655, 6138011769, 5340891, 6137123253, 95892711]] [1300282302.0, [1325.0, 891771, 28515872, 48483, 25504800, 398559]]
Arch_Param: [64, 1024, 1024, 8, 512, 512]
Samsung_cost: [22867582130.0, [6441257.0, 12882977, 412205564, 519457, 410503868, 103073121]] [35486623758, [9891951, 19783791, 633078168, 629871, 631701912, 170265711]] [2970024760, [834570, 1669140, 53412240, 104980, 53412240, 13352970]] [48416704752, [13613588, 27227176, 871269392, 309352, 871269392, 217817108]] [3513416108, [987846, 1975686, 63221784, 29798, 63221784, 15805446]] [2729067421422, [767192703, 1534385247, 49100323449, 42720639, 49099264377, 12275812827]] [84457092678, [23779359, 47558715, 1521878880, 1720187, 1517979488, 379363871]]
Model_cost: [8645880822.0, [15838.0, 11224161, 359125692, 600577, 49399997, 771938]] [3936877278.0, [117711.0, 2666607, 85328280, 86895, 77870232, 1216827]] [303831300.0, [95.0, 195220, 6246800, 13140, 6246800, 104010]] [5079500024.0, [39836.0, 3327912, 106001424, 38704, 103508112, 1641638]] [570505264.0, [2826.0, 543942, 17356824, 9830, 7767768, 121433]] [298169879862.0, [15831.0, 191813655, 6138011769, 5340891, 6137123253, 95892711]] [1300141502.0, [1325.0, 891771, 28515872, 42083, 25504800, 398559]]
Arch_Param: [64, 1024, 1024, 8, 1024, 64]
Samsung_cost: [22901614258.0, [6441257.0, 6445089, 412205564, 3236897, 410503868, 103073121]] [35541268494, [9891951, 9891951, 633078168, 4912239, 631701912, 170265711]] [2973557300, [834570, 834570, 53412240, 417290, 53412240, 13352970]] [48505194344, [13613588, 13613588, 871269392, 6806804, 871269392, 217817108]] [3519675564, [987846, 987846, 63221784, 493926, 63221784, 15805446]] [2733498042222, [767192703, 767192703, 49100323449, 383602047, 49099264377, 12275812827]] [84586470382, [23779359, 23779359, 1521878880, 11924511, 1517979488, 379363871]]
Model_cost: [8733694518.0, [15838.0, 5615457, 359125692, 5611873, 49399997, 771938]] [3931544286.0, [117711.0, 1333359, 85328280, 86895, 77870232, 1216827]] [303466240.0, [95.0, 104010, 6246800, 13130, 6246800, 104010]] [5072910320.0, [39836.0, 1680596, 106001424, 38684, 103508112, 1641638]] [570131120.0, [2826.0, 272998, 17356824, 42086, 7767768, 121433]] [297786254406.0, [15831.0, 95907291, 6138011769, 5340891, 6137123253, 95892711]] [1298785766.0, [1325.0, 446687, 28515872, 61383, 25504800, 398559]]
Arch_Param: [64, 1024, 1024, 8, 1024, 128]
Samsung_cost: [22841830578.0, [6441257.0, 6445089, 412205564, 519457, 410503868, 103073121]] [35447056398, [9891951, 9891951, 633078168, 629871, 631701912, 170265711]] [2966686260, [834570, 834570, 53412240, 104970, 53412240, 13352970]] [48362249960, [13613588, 13613588, 871269392, 309332, 871269392, 217817108]] [3509464748, [987846, 987846, 63221784, 29798, 63221784, 15805446]] [2725998651246, [767192703, 767192703, 49100323449, 42720639, 49099264377, 12275812827]] [84361974638, [23779359, 23779359, 1521878880, 1720159, 1517979488, 379363871]]
Model_cost: [8624889206.0, [15838.0, 5615457, 359125692, 666177, 49399997, 771938]] [3931544286.0, [117711.0, 1333359, 85328280, 86895, 77870232, 1216827]] [303466240.0, [95.0, 104010, 6246800, 13130, 6246800, 104010]] [5072910320.0, [39836.0, 1680596, 106001424, 38684, 103508112, 1641638]] [569793200.0, [2826.0, 272998, 17356824, 26726, 7767768, 121433]] [297786254406.0, [15831.0, 95907291, 6138011769, 5340891, 6137123253, 95892711]] [1298430950.0, [1325.0, 446687, 28515872, 45255, 25504800, 398559]]
Arch_Param: [64, 1024, 1024, 8, 1024, 256]
Samsung_cost: [22841830578.0, [6441257.0, 6445089, 412205564, 519457, 410503868, 103073121]] [35447056398, [9891951, 9891951, 633078168, 629871, 631701912, 170265711]] [2966686260, [834570, 834570, 53412240, 104970, 53412240, 13352970]] [48362249960, [13613588, 13613588, 871269392, 309332, 871269392, 217817108]] [3509464748, [987846, 987846, 63221784, 29798, 63221784, 15805446]] [2725998651246, [767192703, 767192703, 49100323449, 42720639, 49099264377, 12275812827]] [84361974638, [23779359, 23779359, 1521878880, 1720159, 1517979488, 379363871]]
Model_cost: [8624889206.0, [15838.0, 5615457, 359125692, 666177, 49399997, 771938]] [3931544286.0, [117711.0, 1333359, 85328280, 86895, 77870232, 1216827]] [303466240.0, [95.0, 104010, 6246800, 13130, 6246800, 104010]] [5072910320.0, [39836.0, 1680596, 106001424, 38684, 103508112, 1641638]] [569793200.0, [2826.0, 272998, 17356824, 26726, 7767768, 121433]] [297786254406.0, [15831.0, 95907291, 6138011769, 5340891, 6137123253, 95892711]] [1298430950.0, [1325.0, 446687, 28515872, 45255, 25504800, 398559]]
Arch_Param: [64, 1024, 1024, 8, 1024, 512]
Samsung_cost: [22841830578.0, [6441257.0, 6445089, 412205564, 519457, 410503868, 103073121]] [35447056398, [9891951, 9891951, 633078168, 629871, 631701912, 170265711]] [2966686260, [834570, 834570, 53412240, 104970, 53412240, 13352970]] [48362249960, [13613588, 13613588, 871269392, 309332, 871269392, 217817108]] [3509464748, [987846, 987846, 63221784, 29798, 63221784, 15805446]] [2725998651246, [767192703, 767192703, 49100323449, 42720639, 49099264377, 12275812827]] [84361974638, [23779359, 23779359, 1521878880, 1720159, 1517979488, 379363871]]
Model_cost: [8623446006.0, [15838.0, 5615457, 359125692, 600577, 49399997, 771938]] [3931544286.0, [117711.0, 1333359, 85328280, 86895, 77870232, 1216827]] [303466240.0, [95.0, 104010, 6246800, 13130, 6246800, 104010]] [5072910320.0, [39836.0, 1680596, 106001424, 38684, 103508112, 1641638]] [569421488.0, [2826.0, 272998, 17356824, 9830, 7767768, 121433]] [297786254406.0, [15831.0, 95907291, 6138011769, 5340891, 6137123253, 95892711]] [1298360550.0, [1325.0, 446687, 28515872, 42055, 25504800, 398559]]
Arch_Param: [64, 1024, 1024, 16, 256, 64]
Samsung_cost: [22426085120.0, [6277929.0, 25112100, 401767932, 3146788, 400935612, 100681057]] [35659970574, [9891951, 39567471, 633078168, 4912239, 631701912, 170265711]] [2983572540, [834570, 3338270, 53412240, 417310, 53412240, 13352970]] [48668558460, [13613588, 54454342, 871269392, 6806854, 871269392, 217817108]] [3493663244, [977254, 3908998, 62543896, 488630, 62543896, 15635974]] [2742704352750, [767192703, 3068770335, 49100323449, 383602047, 49099264377, 12275812827]] [84754678980, [23746591, 94986358, 1519781728, 11908214, 1515882336, 378839583]]
Model_cost: [5549410564.0, [8894.0, 12767908, 204263100, 364260, 49399997, 771938]] [3947543262.0, [117711.0, 5333103, 85328280, 86895, 77870232, 1216827]] [304612360.0, [95.0, 390430, 6246800, 13150, 6246800, 104010]] [5092730372.0, [39836.0, 6635334, 106001424, 38734, 103508112, 1641638]] [397376984.0, [1416.0, 542918, 8678424, 31798, 7767768, 121433]] [298937130774.0, [15831.0, 383626383, 6138011769, 5340891, 6137123253, 95892711]] [1259906316.0, [1049.0, 1647862, 26354976, 40542, 25504800, 398559]]
Arch_Param: [64, 1024, 1024, 16, 256, 128]
Samsung_cost: [22367472896.0, [6277929.0, 25112100, 401767932, 482596, 400935612, 100681057]] [35565758478, [9891951, 39567471, 633078168, 629871, 631701912, 170265711]] [2976701500, [834570, 3338270, 53412240, 104990, 53412240, 13352970]] [48525614076, [13613588, 54454342, 871269392, 309382, 871269392, 217817108]] [3483545356, [977254, 3908998, 62543896, 28726, 62543896, 15635974]] [2735204961774, [767192703, 3068770335, 49100323449, 42720639, 49099264377, 12275812827]] [84530363460, [23746591, 94986358, 1519781728, 1712054, 1515882336, 378839583]]
Model_cost: [5549410564.0, [8894.0, 12767908, 204263100, 364260, 49399997, 771938]] [3947543262.0, [117711.0, 5333103, 85328280, 86895, 77870232, 1216827]] [304612360.0, [95.0, 390430, 6246800, 13150, 6246800, 104010]] [5092730372.0, [39836.0, 6635334, 106001424, 38734, 103508112, 1641638]] [397376984.0, [1416.0, 542918, 8678424, 31798, 7767768, 121433]] [298937130774.0, [15831.0, 383626383, 6138011769, 5340891, 6137123253, 95892711]] [1259906316.0, [1049.0, 1647862, 26354976, 40542, 25504800, 398559]]
Arch_Param: [64, 1024, 1024, 16, 256, 256]
Samsung_cost: [22367472896.0, [6277929.0, 25112100, 401767932, 482596, 400935612, 100681057]] [35565758478, [9891951, 39567471, 633078168, 629871, 631701912, 170265711]] [2976701500, [834570, 3338270, 53412240, 104990, 53412240, 13352970]] [48525614076, [13613588, 54454342, 871269392, 309382, 871269392, 217817108]] [3483545356, [977254, 3908998, 62543896, 28726, 62543896, 15635974]] [2735204961774, [767192703, 3068770335, 49100323449, 42720639, 49099264377, 12275812827]] [84530363460, [23746591, 94986358, 1519781728, 1712054, 1515882336, 378839583]]
Model_cost: [5548660100.0, [8894.0, 12767908, 204263100, 330148, 49399997, 771938]] [3947543262.0, [117711.0, 5333103, 85328280, 86895, 77870232, 1216827]] [304612360.0, [95.0, 390430, 6246800, 13150, 6246800, 104010]] [5092730372.0, [39836.0, 6635334, 106001424, 38734, 103508112, 1641638]] [396785624.0, [1416.0, 542918, 8678424, 4918, 7767768, 121433]] [298937130774.0, [15831.0, 383626383, 6138011769, 5340891, 6137123253, 95892711]] [1259741580.0, [1049.0, 1647862, 26354976, 33054, 25504800, 398559]]
Arch_Param: [64, 1024, 1024, 16, 512, 64]
Samsung_cost: [22375861938.0, [6277929.0, 12556321, 401767932, 3146785, 400935612, 100681057]] [35580835854, [9891951, 19783791, 633078168, 4912239, 631701912, 170265711]] [2976895800, [834570, 1669140, 53412240, 417300, 53412240, 13352970]] [48559649136, [13613588, 27227176, 871269392, 6806824, 871269392, 217817108]] [3485845260, [977254, 1954502, 62543896, 488630, 62543896, 15635974]] [2736566812398, [767192703, 1534385247, 49100323449, 383602047, 49099264377, 12275812827]] [84564704966, [23746591, 47493179, 1519781728, 11908155, 1515882336, 378839583]]
Model_cost: [5523875766.0, [8894.0, 6384225, 204263100, 364257, 49399997, 771938]] [3936877278.0, [117711.0, 2666607, 85328280, 86895, 77870232, 1216827]] [303831300.0, [95.0, 195220, 6246800, 13140, 6246800, 104010]] [5079500024.0, [39836.0, 3327912, 106001424, 38704, 103508112, 1641638]] [396022872.0, [1416.0, 271974, 8678424, 19510, 7767768, 121433]] [298169879862.0, [15831.0, 191813655, 6138011769, 5340891, 6137123253, 95892711]] [1256517774.0, [1049.0, 823931, 26354976, 36323, 25504800, 398559]]
Arch_Param: [64, 1024, 1024, 16, 512, 128]
Samsung_cost: [22317249714.0, [6277929.0, 12556321, 401767932, 482593, 400935612, 100681057]] [35486623758, [9891951, 19783791, 633078168, 629871, 631701912, 170265711]] [2970024760, [834570, 1669140, 53412240, 104980, 53412240, 13352970]] [48416704752, [13613588, 27227176, 871269392, 309352, 871269392, 217817108]] [3475727372, [977254, 1954502, 62543896, 28726, 62543896, 15635974]] [2729067421422, [767192703, 1534385247, 49100323449, 42720639, 49099264377, 12275812827]] [84340389446, [23746591, 47493179, 1519781728, 1711995, 1515882336, 378839583]]
Model_cost: [5523875766.0, [8894.0, 6384225, 204263100, 364257, 49399997, 771938]] [3936877278.0, [117711.0, 2666607, 85328280, 86895, 77870232, 1216827]] [303831300.0, [95.0, 195220, 6246800, 13140, 6246800, 104010]] [5079500024.0, [39836.0, 3327912, 106001424, 38704, 103508112, 1641638]] [396022872.0, [1416.0, 271974, 8678424, 19510, 7767768, 121433]] [298169879862.0, [15831.0, 191813655, 6138011769, 5340891, 6137123253, 95892711]] [1256517774.0, [1049.0, 823931, 26354976, 36323, 25504800, 398559]]
Arch_Param: [64, 1024, 1024, 16, 512, 256]
Samsung_cost: [22317249714.0, [6277929.0, 12556321, 401767932, 482593, 400935612, 100681057]] [35486623758, [9891951, 19783791, 633078168, 629871, 631701912, 170265711]] [2970024760, [834570, 1669140, 53412240, 104980, 53412240, 13352970]] [48416704752, [13613588, 27227176, 871269392, 309352, 871269392, 217817108]] [3475727372, [977254, 1954502, 62543896, 28726, 62543896, 15635974]] [2729067421422, [767192703, 1534385247, 49100323449, 42720639, 49099264377, 12275812827]] [84340389446, [23746591, 47493179, 1519781728, 1711995, 1515882336, 378839583]]
Model_cost: [5523125302.0, [8894.0, 6384225, 204263100, 330145, 49399997, 771938]] [3936877278.0, [117711.0, 2666607, 85328280, 86895, 77870232, 1216827]] [303831300.0, [95.0, 195220, 6246800, 13140, 6246800, 104010]] [5079500024.0, [39836.0, 3327912, 106001424, 38704, 103508112, 1641638]] [395701848.0, [1416.0, 271974, 8678424, 4918, 7767768, 121433]] [298169879862.0, [15831.0, 191813655, 6138011769, 5340891, 6137123253, 95892711]] [1256444558.0, [1049.0, 823931, 26354976, 32995, 25504800, 398559]]
Arch_Param: [64, 1024, 1024, 16, 512, 512]
Samsung_cost: [22317249714.0, [6277929.0, 12556321, 401767932, 482593, 400935612, 100681057]] [35486623758, [9891951, 19783791, 633078168, 629871, 631701912, 170265711]] [2970024760, [834570, 1669140, 53412240, 104980, 53412240, 13352970]] [48416704752, [13613588, 27227176, 871269392, 309352, 871269392, 217817108]] [3475727372, [977254, 1954502, 62543896, 28726, 62543896, 15635974]] [2729067421422, [767192703, 1534385247, 49100323449, 42720639, 49099264377, 12275812827]] [84340389446, [23746591, 47493179, 1519781728, 1711995, 1515882336, 378839583]]
Model_cost: [5523125302.0, [8894.0, 6384225, 204263100, 330145, 49399997, 771938]] [3936877278.0, [117711.0, 2666607, 85328280, 86895, 77870232, 1216827]] [303831300.0, [95.0, 195220, 6246800, 13140, 6246800, 104010]] [5079500024.0, [39836.0, 3327912, 106001424, 38704, 103508112, 1641638]] [395701848.0, [1416.0, 271974, 8678424, 4918, 7767768, 121433]] [298169879862.0, [15831.0, 191813655, 6138011769, 5340891, 6137123253, 95892711]] [1256444558.0, [1049.0, 823931, 26354976, 32995, 25504800, 398559]]
Arch_Param: [64, 1024, 1024, 16, 1024, 64]
Samsung_cost: [22350757554.0, [6277929.0, 6280225, 401767932, 3146785, 400935612, 100681057]] [35541268494, [9891951, 9891951, 633078168, 4912239, 631701912, 170265711]] [2973557300, [834570, 834570, 53412240, 417290, 53412240, 13352970]] [48505194344, [13613588, 13613588, 871269392, 6806804, 871269392, 217817108]] [3481936268, [977254, 977254, 62543896, 488630, 62543896, 15635974]] [2733498042222, [767192703, 767192703, 49100323449, 383602047, 49099264377, 12275812827]] [84469717998, [23746591, 23746591, 1519781728, 11908127, 1515882336, 378839583]]
Model_cost: [5511114678.0, [8894.0, 3193953, 204263100, 364257, 49399997, 771938]] [3931544286.0, [117711.0, 1333359, 85328280, 86895, 77870232, 1216827]] [303466240.0, [95.0, 104010, 6246800, 13130, 6246800, 104010]] [5072910320.0, [39836.0, 1680596, 106001424, 38684, 103508112, 1641638]] [395345816.0, [1416.0, 136502, 8678424, 13366, 7767768, 121433]] [297786254406.0, [15831.0, 95907291, 6138011769, 5340891, 6137123253, 95892711]] [1254834358.0, [1049.0, 412383, 26354976, 34631, 25504800, 398559]]
Arch_Param: [64, 1024, 1024, 16, 1024, 128]
Samsung_cost: [22292145330.0, [6277929.0, 6280225, 401767932, 482593, 400935612, 100681057]] [35447056398, [9891951, 9891951, 633078168, 629871, 631701912, 170265711]] [2966686260, [834570, 834570, 53412240, 104970, 53412240, 13352970]] [48362249960, [13613588, 13613588, 871269392, 309332, 871269392, 217817108]] [3471818380, [977254, 977254, 62543896, 28726, 62543896, 15635974]] [2725998651246, [767192703, 767192703, 49100323449, 42720639, 49099264377, 12275812827]] [84245402478, [23746591, 23746591, 1519781728, 1711967, 1515882336, 378839583]]
Model_cost: [5511114678.0, [8894.0, 3193953, 204263100, 364257, 49399997, 771938]] [3931544286.0, [117711.0, 1333359, 85328280, 86895, 77870232, 1216827]] [303466240.0, [95.0, 104010, 6246800, 13130, 6246800, 104010]] [5072910320.0, [39836.0, 1680596, 106001424, 38684, 103508112, 1641638]] [395345816.0, [1416.0, 136502, 8678424, 13366, 7767768, 121433]] [297786254406.0, [15831.0, 95907291, 6138011769, 5340891, 6137123253, 95892711]] [1254834358.0, [1049.0, 412383, 26354976, 34631, 25504800, 398559]]
Arch_Param: [64, 1024, 1024, 16, 1024, 256]
Samsung_cost: [22292145330.0, [6277929.0, 6280225, 401767932, 482593, 400935612, 100681057]] [35447056398, [9891951, 9891951, 633078168, 629871, 631701912, 170265711]] [2966686260, [834570, 834570, 53412240, 104970, 53412240, 13352970]] [48362249960, [13613588, 13613588, 871269392, 309332, 871269392, 217817108]] [3471818380, [977254, 977254, 62543896, 28726, 62543896, 15635974]] [2725998651246, [767192703, 767192703, 49100323449, 42720639, 49099264377, 12275812827]] [84245402478, [23746591, 23746591, 1519781728, 1711967, 1515882336, 378839583]]
Model_cost: [5510364214.0, [8894.0, 3193953, 204263100, 330145, 49399997, 771938]] [3931544286.0, [117711.0, 1333359, 85328280, 86895, 77870232, 1216827]] [303466240.0, [95.0, 104010, 6246800, 13130, 6246800, 104010]] [5072910320.0, [39836.0, 1680596, 106001424, 38684, 103508112, 1641638]] [395159960.0, [1416.0, 136502, 8678424, 4918, 7767768, 121433]] [297786254406.0, [15831.0, 95907291, 6138011769, 5340891, 6137123253, 95892711]] [1254797750.0, [1049.0, 412383, 26354976, 32967, 25504800, 398559]]
Arch_Param: [64, 1024, 1024, 16, 1024, 512]
Samsung_cost: [22292145330.0, [6277929.0, 6280225, 401767932, 482593, 400935612, 100681057]] [35447056398, [9891951, 9891951, 633078168, 629871, 631701912, 170265711]] [2966686260, [834570, 834570, 53412240, 104970, 53412240, 13352970]] [48362249960, [13613588, 13613588, 871269392, 309332, 871269392, 217817108]] [3471818380, [977254, 977254, 62543896, 28726, 62543896, 15635974]] [2725998651246, [767192703, 767192703, 49100323449, 42720639, 49099264377, 12275812827]] [84245402478, [23746591, 23746591, 1519781728, 1711967, 1515882336, 378839583]]
Model_cost: [5510364214.0, [8894.0, 3193953, 204263100, 330145, 49399997, 771938]] [3931544286.0, [117711.0, 1333359, 85328280, 86895, 77870232, 1216827]] [303466240.0, [95.0, 104010, 6246800, 13130, 6246800, 104010]] [5072910320.0, [39836.0, 1680596, 106001424, 38684, 103508112, 1641638]] [395159960.0, [1416.0, 136502, 8678424, 4918, 7767768, 121433]] [297786254406.0, [15831.0, 95907291, 6138011769, 5340891, 6137123253, 95892711]] [1254797750.0, [1049.0, 412383, 26354976, 32967, 25504800, 398559]]
Arch_Param: [64, 1024, 1024, 32, 256, 64]
Samsung_cost: [22149679872.0, [6196265.0, 24785444, 396549116, 3101732, 396151484, 99485025]] [35659970574, [9891951, 39567471, 633078168, 4912239, 631701912, 170265711]] [2983572540, [834570, 3338270, 53412240, 417310, 53412240, 13352970]] [48668558460, [13613588, 54454342, 871269392, 6806854, 871269392, 217817108]] [3474730044, [971958, 3887814, 62204952, 485982, 62204952, 15551238]] [2742704352750, [767192703, 3068770335, 49100323449, 383602047, 49099264377, 12275812827]] [84696106180, [23730207, 94920822, 1518733152, 11900022, 1514833760, 378577439]]
Model_cost: [3483689564.0, [4504.0, 6404260, 102452412, 185636, 49399997, 771938]] [3947543262.0, [117711.0, 5333103, 85328280, 86895, 77870232, 1216827]] [304612360.0, [95.0, 390430, 6246800, 13150, 6246800, 104010]] [5092730372.0, [39836.0, 6635334, 106001424, 38734, 103508112, 1641638]] [386152844.0, [943.0, 509030, 8140312, 17566, 7767768, 121433]] [298937130774.0, [15831.0, 383626383, 6138011769, 5340891, 6137123253, 95892711]] [1248653824.0, [948.0, 1613302, 25807008, 33630, 25504800, 398559]]
Arch_Param: [64, 1024, 1024, 32, 256, 128]
Samsung_cost: [22091653376.0, [6196265.0, 24785444, 396549116, 464164, 396151484, 99485025]] [35565758478, [9891951, 39567471, 633078168, 629871, 631701912, 170265711]] [2976701500, [834570, 3338270, 53412240, 104990, 53412240, 13352970]] [48525614076, [13613588, 54454342, 871269392, 309382, 871269392, 217817108]] [3464658620, [971958, 3887814, 62204952, 28190, 62204952, 15551238]] [2735204961774, [767192703, 3068770335, 49100323449, 42720639, 49099264377, 12275812827]] [84471880772, [23730207, 94920822, 1518733152, 1707958, 1514833760, 378577439]]
Model_cost: [3483285468.0, [4504.0, 6404260, 102452412, 167268, 49399997, 771938]] [3947543262.0, [117711.0, 5333103, 85328280, 86895, 77870232, 1216827]] [304612360.0, [95.0, 390430, 6246800, 13150, 6246800, 104010]] [5092730372.0, [39836.0, 6635334, 106001424, 38734, 103508112, 1641638]] [385857164.0, [943.0, 509030, 8140312, 4126, 7767768, 121433]] [298937130774.0, [15831.0, 383626383, 6138011769, 5340891, 6137123253, 95892711]] [1248565120.0, [948.0, 1613302, 25807008, 29598, 25504800, 398559]]
Arch_Param: [64, 1024, 1024, 32, 256, 256]
Samsung_cost: [22091653376.0, [6196265.0, 24785444, 396549116, 464164, 396151484, 99485025]] [35565758478, [9891951, 39567471, 633078168, 629871, 631701912, 170265711]] [2976701500, [834570, 3338270, 53412240, 104990, 53412240, 13352970]] [48525614076, [13613588, 54454342, 871269392, 309382, 871269392, 217817108]] [3464658620, [971958, 3887814, 62204952, 28190, 62204952, 15551238]] [2735204961774, [767192703, 3068770335, 49100323449, 42720639, 49099264377, 12275812827]] [84471880772, [23730207, 94920822, 1518733152, 1707958, 1514833760, 378577439]]
Model_cost: [3483285468.0, [4504.0, 6404260, 102452412, 167268, 49399997, 771938]] [3947543262.0, [117711.0, 5333103, 85328280, 86895, 77870232, 1216827]] [304612360.0, [95.0, 390430, 6246800, 13150, 6246800, 104010]] [5092730372.0, [39836.0, 6635334, 106001424, 38734, 103508112, 1641638]] [385857164.0, [943.0, 509030, 8140312, 4126, 7767768, 121433]] [298937130774.0, [15831.0, 383626383, 6138011769, 5340891, 6137123253, 95892711]] [1248565120.0, [948.0, 1613302, 25807008, 29598, 25504800, 398559]]
Arch_Param: [64, 1024, 1024, 32, 512, 64]
Samsung_cost: [22100110002.0, [6196265.0, 12392993, 396549116, 3101729, 396151484, 99485025]] [35580835854, [9891951, 19783791, 633078168, 4912239, 631701912, 170265711]] [2976895800, [834570, 1669140, 53412240, 417300, 53412240, 13352970]] [48559649136, [13613588, 27227176, 871269392, 6806824, 871269392, 217817108]] [3466954428, [971958, 1943910, 62204952, 485982, 62204952, 15551238]] [2736566812398, [767192703, 1534385247, 49100323449, 383602047, 49099264377, 12275812827]] [84506263238, [23730207, 47460411, 1518733152, 11899963, 1514833760, 378577439]]
Model_cost: [3470882062.0, [4504.0, 3202401, 102452412, 185633, 49399997, 771938]] [3936877278.0, [117711.0, 2666607, 85328280, 86895, 77870232, 1216827]] [303831300.0, [95.0, 195220, 6246800, 13140, 6246800, 104010]] [5079500024.0, [39836.0, 3327912, 106001424, 38704, 103508112, 1641638]] [385000652.0, [943.0, 254774, 8140312, 11422, 7767768, 121433]] [298169879862.0, [15831.0, 191813655, 6138011769, 5340891, 6137123253, 95892711]] [1245376642.0, [948.0, 806651, 25807008, 31331, 25504800, 398559]]
Arch_Param: [64, 1024, 1024, 32, 512, 128]
Samsung_cost: [22042083506.0, [6196265.0, 12392993, 396549116, 464161, 396151484, 99485025]] [35486623758, [9891951, 19783791, 633078168, 629871, 631701912, 170265711]] [2970024760, [834570, 1669140, 53412240, 104980, 53412240, 13352970]] [48416704752, [13613588, 27227176, 871269392, 309352, 871269392, 217817108]] [3456883004, [971958, 1943910, 62204952, 28190, 62204952, 15551238]] [2729067421422, [767192703, 1534385247, 49100323449, 42720639, 49099264377, 12275812827]] [84282037830, [23730207, 47460411, 1518733152, 1707899, 1514833760, 378577439]]
Model_cost: [3470477966.0, [4504.0, 3202401, 102452412, 167265, 49399997, 771938]] [3936877278.0, [117711.0, 2666607, 85328280, 86895, 77870232, 1216827]] [303831300.0, [95.0, 195220, 6246800, 13140, 6246800, 104010]] [5079500024.0, [39836.0, 3327912, 106001424, 38704, 103508112, 1641638]] [384840140.0, [943.0, 254774, 8140312, 4126, 7767768, 121433]] [298169879862.0, [15831.0, 191813655, 6138011769, 5340891, 6137123253, 95892711]] [1245337218.0, [948.0, 806651, 25807008, 29539, 25504800, 398559]]
Arch_Param: [64, 1024, 1024, 32, 512, 256]
Samsung_cost: [22042083506.0, [6196265.0, 12392993, 396549116, 464161, 396151484, 99485025]] [35486623758, [9891951, 19783791, 633078168, 629871, 631701912, 170265711]] [2970024760, [834570, 1669140, 53412240, 104980, 53412240, 13352970]] [48416704752, [13613588, 27227176, 871269392, 309352, 871269392, 217817108]] [3456883004, [971958, 1943910, 62204952, 28190, 62204952, 15551238]] [2729067421422, [767192703, 1534385247, 49100323449, 42720639, 49099264377, 12275812827]] [84282037830, [23730207, 47460411, 1518733152, 1707899, 1514833760, 378577439]]
Model_cost: [3470477966.0, [4504.0, 3202401, 102452412, 167265, 49399997, 771938]] [3936877278.0, [117711.0, 2666607, 85328280, 86895, 77870232, 1216827]] [303831300.0, [95.0, 195220, 6246800, 13140, 6246800, 104010]] [5079500024.0, [39836.0, 3327912, 106001424, 38704, 103508112, 1641638]] [384840140.0, [943.0, 254774, 8140312, 4126, 7767768, 121433]] [298169879862.0, [15831.0, 191813655, 6138011769, 5340891, 6137123253, 95892711]] [1245337218.0, [948.0, 806651, 25807008, 29539, 25504800, 398559]]
Arch_Param: [64, 1024, 1024, 32, 512, 512]
Samsung_cost: [22042083506.0, [6196265.0, 12392993, 396549116, 464161, 396151484, 99485025]] [35486623758, [9891951, 19783791, 633078168, 629871, 631701912, 170265711]] [2970024760, [834570, 1669140, 53412240, 104980, 53412240, 13352970]] [48416704752, [13613588, 27227176, 871269392, 309352, 871269392, 217817108]] [3456883004, [971958, 1943910, 62204952, 28190, 62204952, 15551238]] [2729067421422, [767192703, 1534385247, 49100323449, 42720639, 49099264377, 12275812827]] [84282037830, [23730207, 47460411, 1518733152, 1707899, 1514833760, 378577439]]
Model_cost: [3469633166.0, [4504.0, 3202401, 102452412, 128865, 49399997, 771938]] [3936877278.0, [117711.0, 2666607, 85328280, 86895, 77870232, 1216827]] [303831300.0, [95.0, 195220, 6246800, 13140, 6246800, 104010]] [5079500024.0, [39836.0, 3327912, 106001424, 38704, 103508112, 1641638]] [384840140.0, [943.0, 254774, 8140312, 4126, 7767768, 121433]] [298169879862.0, [15831.0, 191813655, 6138011769, 5340891, 6137123253, 95892711]] [1245337218.0, [948.0, 806651, 25807008, 29539, 25504800, 398559]]
Arch_Param: [64, 1024, 1024, 32, 1024, 64]
Samsung_cost: [22075329202.0, [6196265.0, 6197793, 396549116, 3101729, 396151484, 99485025]] [35541268494, [9891951, 9891951, 633078168, 4912239, 631701912, 170265711]] [2973557300, [834570, 834570, 53412240, 417290, 53412240, 13352970]] [48505194344, [13613588, 13613588, 871269392, 6806804, 871269392, 217817108]] [3463066620, [971958, 971958, 62204952, 485982, 62204952, 15551238]] [2733498042222, [767192703, 767192703, 49100323449, 383602047, 49099264377, 12275812827]] [84411341806, [23730207, 23730207, 1518733152, 11899935, 1514833760, 378577439]]
Model_cost: [3464481550.0, [4504.0, 1602273, 102452412, 185633, 49399997, 771938]] [3931544286.0, [117711.0, 1333359, 85328280, 86895, 77870232, 1216827]] [303466240.0, [95.0, 104010, 6246800, 13130, 6246800, 104010]] [5072910320.0, [39836.0, 1680596, 106001424, 38684, 103508112, 1641638]] [384424556.0, [943.0, 127646, 8140312, 8350, 7767768, 121433]] [297786254406.0, [15831.0, 95907291, 6138011769, 5340891, 6137123253, 95892711]] [1243743914.0, [948.0, 403551, 25807008, 30407, 25504800, 398559]]
Arch_Param: [64, 1024, 1024, 32, 1024, 128]
Samsung_cost: [22017302706.0, [6196265.0, 6197793, 396549116, 464161, 396151484, 99485025]] [35447056398, [9891951, 9891951, 633078168, 629871, 631701912, 170265711]] [2966686260, [834570, 834570, 53412240, 104970, 53412240, 13352970]] [48362249960, [13613588, 13613588, 871269392, 309332, 871269392, 217817108]] [3452995196, [971958, 971958, 62204952, 28190, 62204952, 15551238]] [2725998651246, [767192703, 767192703, 49100323449, 42720639, 49099264377, 12275812827]] [84187116398, [23730207, 23730207, 1518733152, 1707871, 1514833760, 378577439]]
Model_cost: [3464077454.0, [4504.0, 1602273, 102452412, 167265, 49399997, 771938]] [3931544286.0, [117711.0, 1333359, 85328280, 86895, 77870232, 1216827]] [303466240.0, [95.0, 104010, 6246800, 13130, 6246800, 104010]] [5072910320.0, [39836.0, 1680596, 106001424, 38684, 103508112, 1641638]] [384331628.0, [943.0, 127646, 8140312, 4126, 7767768, 121433]] [297786254406.0, [15831.0, 95907291, 6138011769, 5340891, 6137123253, 95892711]] [1243724202.0, [948.0, 403551, 25807008, 29511, 25504800, 398559]]
Arch_Param: [64, 1024, 1024, 32, 1024, 256]
Samsung_cost: [22017302706.0, [6196265.0, 6197793, 396549116, 464161, 396151484, 99485025]] [35447056398, [9891951, 9891951, 633078168, 629871, 631701912, 170265711]] [2966686260, [834570, 834570, 53412240, 104970, 53412240, 13352970]] [48362249960, [13613588, 13613588, 871269392, 309332, 871269392, 217817108]] [3452995196, [971958, 971958, 62204952, 28190, 62204952, 15551238]] [2725998651246, [767192703, 767192703, 49100323449, 42720639, 49099264377, 12275812827]] [84187116398, [23730207, 23730207, 1518733152, 1707871, 1514833760, 378577439]]
Model_cost: [3464077454.0, [4504.0, 1602273, 102452412, 167265, 49399997, 771938]] [3931544286.0, [117711.0, 1333359, 85328280, 86895, 77870232, 1216827]] [303466240.0, [95.0, 104010, 6246800, 13130, 6246800, 104010]] [5072910320.0, [39836.0, 1680596, 106001424, 38684, 103508112, 1641638]] [384331628.0, [943.0, 127646, 8140312, 4126, 7767768, 121433]] [297786254406.0, [15831.0, 95907291, 6138011769, 5340891, 6137123253, 95892711]] [1243724202.0, [948.0, 403551, 25807008, 29511, 25504800, 398559]]
Arch_Param: [64, 1024, 1024, 32, 1024, 512]
Samsung_cost: [22017302706.0, [6196265.0, 6197793, 396549116, 464161, 396151484, 99485025]] [35447056398, [9891951, 9891951, 633078168, 629871, 631701912, 170265711]] [2966686260, [834570, 834570, 53412240, 104970, 53412240, 13352970]] [48362249960, [13613588, 13613588, 871269392, 309332, 871269392, 217817108]] [3452995196, [971958, 971958, 62204952, 28190, 62204952, 15551238]] [2725998651246, [767192703, 767192703, 49100323449, 42720639, 49099264377, 12275812827]] [84187116398, [23730207, 23730207, 1518733152, 1707871, 1514833760, 378577439]]
Model_cost: [3463232654.0, [4504.0, 1602273, 102452412, 128865, 49399997, 771938]] [3931544286.0, [117711.0, 1333359, 85328280, 86895, 77870232, 1216827]] [303466240.0, [95.0, 104010, 6246800, 13130, 6246800, 104010]] [5072910320.0, [39836.0, 1680596, 106001424, 38684, 103508112, 1641638]] [384331628.0, [943.0, 127646, 8140312, 4126, 7767768, 121433]] [297786254406.0, [15831.0, 95907291, 6138011769, 5340891, 6137123253, 95892711]] [1243724202.0, [948.0, 403551, 25807008, 29511, 25504800, 398559]]
