[[0, 0, 0, 0, 0, 0, 0, 0, 0, 0, 0], [0, 0, 0, 0, 0, 0, 0, 0, 0, 0, 0], [0, 0, 0, 0, 0, 0, 0, 0, 0, 0, 0], [0, 0, 0, 0, 0, 0, 0, 0, 0, 0, 0]]
Arch_Param: [64, 16384, 32768, 4, 256, 64]
Samsung_cost: [19655077912.77778, [400883.02777777775, 51312164, 820922876, 6444068, 102001340, 797857]] [15344464398.0, [309231.0, 39567471, 633078168, 4912239, 85328280, 668271]] [1279922620.0, [26090.0, 3338270, 53412240, 417310, 6676880, 52170]] [20878161084.0, [425444.0, 54454342, 871269392, 6806854, 108909584, 850868]] [1572592988.0, [32050.0, 4101638, 65626136, 512710, 8203288, 64094]] [1176600428946.0, [23974926.0, 3068770335, 49100323449, 383602047, 6138057081, 47954907]] [36925730428.0, [752720.0, 96346230, 1541539680, 12113014, 192137056, 1505424]]
Model_cost: [14958530605.385, [977.7637500000001, 41814564, 668963196, 1200100, 49399997, 84962]] [3912867558.0, [3789.0, 5333103, 85328280, 86895, 77870232, 92331]] [302065414.6666667, [12.666666666666666, 390430, 6246800, 13150, 6246800, 13130]] [5048928931.333334, [1270.8333333333333, 6635334, 106001424, 38734, 103508112, 115866]] [921185266.4, [190.8, 2171654, 34713624, 20230, 7767768, 9938]] [296450691074.9001, [634.1750000000001, 383626383, 6138011769, 5340891, 6137123253, 7106490]] [1381537738.5801282, [81.09214743589743, 2054902, 32837664, 60318, 25504800, 39328]]
Arch_Param: [64, 16384, 32768, 4, 256, 128]
Samsung_cost: [19535825944.77778, [400883.02777777775, 51312164, 820922876, 1023524, 102001340, 797857]] [15250252302.0, [309231.0, 39567471, 633078168, 629871, 85328280, 668271]] [1273051580.0, [26090.0, 3338270, 53412240, 104990, 6676880, 52170]] [20735216700.0, [425444.0, 54454342, 871269392, 309382, 108909584, 850868]] [1562038620.0, [32050.0, 4101638, 65626136, 32966, 8203288, 64094]] [1169101037970.0, [23974926.0, 3068770335, 49100323449, 42720639, 6138057081, 47954907]] [36699522556.0, [752720.0, 96346230, 1541539680, 1830838, 192137056, 1505424]]
Model_cost: [14958530605.385, [977.7637500000001, 41814564, 668963196, 1200100, 49399997, 84962]] [3912867558.0, [3789.0, 5333103, 85328280, 86895, 77870232, 92331]] [302065414.6666667, [12.666666666666666, 390430, 6246800, 13150, 6246800, 13130]] [5048928931.333334, [1270.8333333333333, 6635334, 106001424, 38734, 103508112, 115866]] [921185266.4, [190.8, 2171654, 34713624, 20230, 7767768, 9938]] [296450691074.9001, [634.1750000000001, 383626383, 6138011769, 5340891, 6137123253, 7106490]] [1381537738.5801282, [81.09214743589743, 2054902, 32837664, 60318, 25504800, 39328]]
Arch_Param: [64, 16384, 32768, 4, 256, 256]
Samsung_cost: [19535825944.77778, [400883.02777777775, 51312164, 820922876, 1023524, 102001340, 797857]] [15250252302.0, [309231.0, 39567471, 633078168, 629871, 85328280, 668271]] [1273051580.0, [26090.0, 3338270, 53412240, 104990, 6676880, 52170]] [20735216700.0, [425444.0, 54454342, 871269392, 309382, 108909584, 850868]] [1562038620.0, [32050.0, 4101638, 65626136, 32966, 8203288, 64094]] [1169101037970.0, [23974926.0, 3068770335, 49100323449, 42720639, 6138057081, 47954907]] [36699522556.0, [752720.0, 96346230, 1541539680, 1830838, 192137056, 1505424]]
Model_cost: [14950623588.051666, [977.4304166666667, 41814564, 668963196, 845252, 49399997, 81378]] [3912867558.0, [3789.0, 5333103, 85328280, 86895, 77870232, 92331]] [302065414.6666667, [12.666666666666666, 390430, 6246800, 13150, 6246800, 13130]] [5048928931.333334, [1270.8333333333333, 6635334, 106001424, 38734, 103508112, 115866]] [921185266.4, [190.8, 2171654, 34713624, 20230, 7767768, 9938]] [296450691074.9001, [634.1750000000001, 383626383, 6138011769, 5340891, 6137123253, 7106490]] [1381537738.5801282, [81.09214743589743, 2054902, 32837664, 60318, 25504800, 39328]]
Arch_Param: [64, 16384, 32768, 4, 512, 64]
Samsung_cost: [19552454602.77778, [400883.02777777775, 25656353, 820922876, 6444065, 102001340, 797857]] [15265329678.0, [309231.0, 19783791, 633078168, 4912239, 85328280, 668271]] [1273245880.0, [26090.0, 1669140, 53412240, 417300, 6676880, 52170]] [20769251760.0, [425444.0, 27227176, 871269392, 6806824, 108909584, 850868]] [1564389724.0, [32050.0, 2050822, 65626136, 512710, 8203288, 64094]] [1170462888594.0, [23974926.0, 1534385247, 49100323449, 383602047, 6138057081, 47954907]] [36733036670.0, [752720.0, 48173115, 1541539680, 12112955, 192137056, 1505424]]
Model_cost: [14874902495.385, [977.7637500000001, 20907553, 668963196, 1200097, 49399997, 84962]] [3902201574.0, [3789.0, 2666607, 85328280, 86895, 77870232, 92331]] [301284354.6666667, [12.666666666666666, 195220, 6246800, 13140, 6246800, 13130]] [5035698583.333334, [1270.8333333333333, 3327912, 106001424, 38704, 103508112, 115866]] [916851698.4, [190.8, 1088262, 34713624, 20230, 7767768, 9938]] [295683440162.9001, [634.1750000000001, 191813655, 6138011769, 5340891, 6137123253, 7106490]] [1377426636.5801282, [81.09214743589743, 1027451, 32837664, 60259, 25504800, 39328]]
Arch_Param: [64, 16384, 32768, 4, 512, 128]
Samsung_cost: [19433202634.77778, [400883.02777777775, 25656353, 820922876, 1023521, 102001340, 797857]] [15171117582.0, [309231.0, 19783791, 633078168, 629871, 85328280, 668271]] [1266374840.0, [26090.0, 1669140, 53412240, 104980, 6676880, 52170]] [20626307376.0, [425444.0, 27227176, 871269392, 309352, 108909584, 850868]] [1553835356.0, [32050.0, 2050822, 65626136, 32966, 8203288, 64094]] [1162963497618.0, [23974926.0, 1534385247, 49100323449, 42720639, 6138057081, 47954907]] [36506828798.0, [752720.0, 48173115, 1541539680, 1830779, 192137056, 1505424]]
Model_cost: [14874902495.385, [977.7637500000001, 20907553, 668963196, 1200097, 49399997, 84962]] [3902201574.0, [3789.0, 2666607, 85328280, 86895, 77870232, 92331]] [301284354.6666667, [12.666666666666666, 195220, 6246800, 13140, 6246800, 13130]] [5035698583.333334, [1270.8333333333333, 3327912, 106001424, 38704, 103508112, 115866]] [916851698.4, [190.8, 1088262, 34713624, 20230, 7767768, 9938]] [295683440162.9001, [634.1750000000001, 191813655, 6138011769, 5340891, 6137123253, 7106490]] [1377426636.5801282, [81.09214743589743, 1027451, 32837664, 60259, 25504800, 39328]]
Arch_Param: [64, 16384, 32768, 4, 512, 256]
Samsung_cost: [19433202634.77778, [400883.02777777775, 25656353, 820922876, 1023521, 102001340, 797857]] [15171117582.0, [309231.0, 19783791, 633078168, 629871, 85328280, 668271]] [1266374840.0, [26090.0, 1669140, 53412240, 104980, 6676880, 52170]] [20626307376.0, [425444.0, 27227176, 871269392, 309352, 108909584, 850868]] [1553835356.0, [32050.0, 2050822, 65626136, 32966, 8203288, 64094]] [1162963497618.0, [23974926.0, 1534385247, 49100323449, 42720639, 6138057081, 47954907]] [36506828798.0, [752720.0, 48173115, 1541539680, 1830779, 192137056, 1505424]]
Model_cost: [14866995478.051666, [977.4304166666667, 20907553, 668963196, 845249, 49399997, 81378]] [3902201574.0, [3789.0, 2666607, 85328280, 86895, 77870232, 92331]] [301284354.6666667, [12.666666666666666, 195220, 6246800, 13140, 6246800, 13130]] [5035698583.333334, [1270.8333333333333, 3327912, 106001424, 38704, 103508112, 115866]] [916851698.4, [190.8, 1088262, 34713624, 20230, 7767768, 9938]] [295683440162.9001, [634.1750000000001, 191813655, 6138011769, 5340891, 6137123253, 7106490]] [1377426636.5801282, [81.09214743589743, 1027451, 32837664, 60259, 25504800, 39328]]
Arch_Param: [64, 16384, 32768, 4, 512, 512]
Samsung_cost: [19433202634.77778, [400883.02777777775, 25656353, 820922876, 1023521, 102001340, 797857]] [15171117582.0, [309231.0, 19783791, 633078168, 629871, 85328280, 668271]] [1266374840.0, [26090.0, 1669140, 53412240, 104980, 6676880, 52170]] [20626307376.0, [425444.0, 27227176, 871269392, 309352, 108909584, 850868]] [1553835356.0, [32050.0, 2050822, 65626136, 32966, 8203288, 64094]] [1162963497618.0, [23974926.0, 1534385247, 49100323449, 42720639, 6138057081, 47954907]] [36506828798.0, [752720.0, 48173115, 1541539680, 1830779, 192137056, 1505424]]
Model_cost: [14866995478.051666, [977.4304166666667, 20907553, 668963196, 845249, 49399997, 81378]] [3902201574.0, [3789.0, 2666607, 85328280, 86895, 77870232, 92331]] [301284354.6666667, [12.666666666666666, 195220, 6246800, 13140, 6246800, 13130]] [5035698583.333334, [1270.8333333333333, 3327912, 106001424, 38704, 103508112, 115866]] [916851698.4, [190.8, 1088262, 34713624, 20230, 7767768, 9938]] [295683440162.9001, [634.1750000000001, 191813655, 6138011769, 5340891, 6137123253, 7106490]] [1377426636.5801282, [81.09214743589743, 1027451, 32837664, 60259, 25504800, 39328]]
Arch_Param: [64, 16384, 32768, 4, 1024, 64]
Samsung_cost: [19501168586.77778, [400883.02777777775, 12834849, 820922876, 6444065, 102001340, 797857]] [15225762318.0, [309231.0, 9891951, 633078168, 4912239, 85328280, 668271]] [1269907380.0, [26090.0, 834570, 53412240, 417290, 6676880, 52170]] [20714796968.0, [425444.0, 13613588, 871269392, 6806804, 108909584, 850868]] [1560288092.0, [32050.0, 1025414, 65626136, 512710, 8203288, 64094]] [1167394118418.0, [23974926.0, 767192703, 49100323449, 383602047, 6138057081, 47954907]] [36636689830.0, [752720.0, 24086559, 1541539680, 12112927, 192137056, 1505424]]
Model_cost: [14833113311.385, [977.7637500000001, 10460257, 668963196, 1200097, 49399997, 84962]] [3896868582.0, [3789.0, 1333359, 85328280, 86895, 77870232, 92331]] [300919294.6666667, [12.666666666666666, 104010, 6246800, 13130, 6246800, 13130]] [5029108879.333334, [1270.8333333333333, 1680596, 106001424, 38684, 103508112, 115866]] [914684914.4, [190.8, 546566, 34713624, 20230, 7767768, 9938]] [295299814706.9001, [634.1750000000001, 95907291, 6138011769, 5340891, 6137123253, 7106490]] [1375377396.5801282, [81.09214743589743, 515295, 32837664, 60231, 25504800, 39328]]
Arch_Param: [64, 16384, 32768, 4, 1024, 128]
Samsung_cost: [19381916618.77778, [400883.02777777775, 12834849, 820922876, 1023521, 102001340, 797857]] [15131550222.0, [309231.0, 9891951, 633078168, 629871, 85328280, 668271]] [1263036340.0, [26090.0, 834570, 53412240, 104970, 6676880, 52170]] [20571852584.0, [425444.0, 13613588, 871269392, 309332, 108909584, 850868]] [1549733724.0, [32050.0, 1025414, 65626136, 32966, 8203288, 64094]] [1159894727442.0, [23974926.0, 767192703, 49100323449, 42720639, 6138057081, 47954907]] [36410481958.0, [752720.0, 24086559, 1541539680, 1830751, 192137056, 1505424]]
Model_cost: [14833113311.385, [977.7637500000001, 10460257, 668963196, 1200097, 49399997, 84962]] [3896868582.0, [3789.0, 1333359, 85328280, 86895, 77870232, 92331]] [300919294.6666667, [12.666666666666666, 104010, 6246800, 13130, 6246800, 13130]] [5029108879.333334, [1270.8333333333333, 1680596, 106001424, 38684, 103508112, 115866]] [914684914.4, [190.8, 546566, 34713624, 20230, 7767768, 9938]] [295299814706.9001, [634.1750000000001, 95907291, 6138011769, 5340891, 6137123253, 7106490]] [1375377396.5801282, [81.09214743589743, 515295, 32837664, 60231, 25504800, 39328]]
Arch_Param: [64, 16384, 32768, 4, 1024, 256]
Samsung_cost: [19381916618.77778, [400883.02777777775, 12834849, 820922876, 1023521, 102001340, 797857]] [15131550222.0, [309231.0, 9891951, 633078168, 629871, 85328280, 668271]] [1263036340.0, [26090.0, 834570, 53412240, 104970, 6676880, 52170]] [20571852584.0, [425444.0, 13613588, 871269392, 309332, 108909584, 850868]] [1549733724.0, [32050.0, 1025414, 65626136, 32966, 8203288, 64094]] [1159894727442.0, [23974926.0, 767192703, 49100323449, 42720639, 6138057081, 47954907]] [36410481958.0, [752720.0, 24086559, 1541539680, 1830751, 192137056, 1505424]]
Model_cost: [14825206294.051666, [977.4304166666667, 10460257, 668963196, 845249, 49399997, 81378]] [3896868582.0, [3789.0, 1333359, 85328280, 86895, 77870232, 92331]] [300919294.6666667, [12.666666666666666, 104010, 6246800, 13130, 6246800, 13130]] [5029108879.333334, [1270.8333333333333, 1680596, 106001424, 38684, 103508112, 115866]] [914684914.4, [190.8, 546566, 34713624, 20230, 7767768, 9938]] [295299814706.9001, [634.1750000000001, 95907291, 6138011769, 5340891, 6137123253, 7106490]] [1375377396.5801282, [81.09214743589743, 515295, 32837664, 60231, 25504800, 39328]]
Arch_Param: [64, 16384, 32768, 4, 1024, 512]
Samsung_cost: [19381916618.77778, [400883.02777777775, 12834849, 820922876, 1023521, 102001340, 797857]] [15131550222.0, [309231.0, 9891951, 633078168, 629871, 85328280, 668271]] [1263036340.0, [26090.0, 834570, 53412240, 104970, 6676880, 52170]] [20571852584.0, [425444.0, 13613588, 871269392, 309332, 108909584, 850868]] [1549733724.0, [32050.0, 1025414, 65626136, 32966, 8203288, 64094]] [1159894727442.0, [23974926.0, 767192703, 49100323449, 42720639, 6138057081, 47954907]] [36410481958.0, [752720.0, 24086559, 1541539680, 1830751, 192137056, 1505424]]
Model_cost: [14825206294.051666, [977.4304166666667, 10460257, 668963196, 845249, 49399997, 81378]] [3896868582.0, [3789.0, 1333359, 85328280, 86895, 77870232, 92331]] [300919294.6666667, [12.666666666666666, 104010, 6246800, 13130, 6246800, 13130]] [5029108879.333334, [1270.8333333333333, 1680596, 106001424, 38684, 103508112, 115866]] [914684914.4, [190.8, 546566, 34713624, 20230, 7767768, 9938]] [295299814706.9001, [634.1750000000001, 95907291, 6138011769, 5340891, 6137123253, 7106490]] [1375377396.5801282, [81.09214743589743, 515295, 32837664, 60231, 25504800, 39328]]
Arch_Param: [64, 16384, 32768, 8, 256, 64]
Samsung_cost: [9876323523.444445, [201309.69444444444, 25765412, 412205564, 3236900, 51464892, 403041]] [15344464398.0, [309231.0, 39567471, 633078168, 4912239, 85328280, 668271]] [1279922620.0, [26090.0, 3338270, 53412240, 417310, 6676880, 52170]] [20878161084.0, [425444.0, 54454342, 871269392, 6806854, 108909584, 850868]] [1514977764.0, [30876.0, 3951366, 63221784, 493926, 7902744, 61746]] [1176600428946.0, [23974926.0, 3068770335, 49100323449, 383602047, 6138057081, 47954907]] [36469554300.0, [743120.0, 95117430, 1521878880, 11924598, 190236512, 1490576]]
Model_cost: [8672038144.171667, [564.7204166666667, 22447780, 359125692, 642660, 49399997, 84962]] [3912867558.0, [3789.0, 5333103, 85328280, 86895, 77870232, 92331]] [302065414.6666667, [12.666666666666666, 390430, 6246800, 13150, 6246800, 13130]] [5048928931.333334, [1270.8333333333333, 6635334, 106001424, 38734, 103508112, 115866]] [569481143.2, [106.4, 1085830, 17356824, 10118, 7767768, 9938]] [296450691074.9001, [634.1750000000001, 383626383, 6138011769, 5340891, 6137123253, 7106490]] [1293616051.3044872, [61.975160256410255, 1783542, 28515872, 42142, 25504800, 39328]]
Arch_Param: [64, 16384, 32768, 8, 256, 128]
Samsung_cost: [9816539843.444445, [201309.69444444444, 25765412, 412205564, 519460, 51464892, 403041]] [15250252302.0, [309231.0, 39567471, 633078168, 629871, 85328280, 668271]] [1273051580.0, [26090.0, 3338270, 53412240, 104990, 6676880, 52170]] [20735216700.0, [425444.0, 54454342, 871269392, 309382, 108909584, 850868]] [1504766948.0, [30876.0, 3951366, 63221784, 29798, 7902744, 61746]] [1169101037970.0, [23974926.0, 3068770335, 49100323449, 42720639, 6138057081, 47954907]] [36245058556.0, [743120.0, 95117430, 1521878880, 1720246, 190236512, 1490576]]
Model_cost: [8667733386.838333, [535.3870833333333, 22447780, 359125692, 451588, 49399997, 81378]] [3912867558.0, [3789.0, 5333103, 85328280, 86895, 77870232, 92331]] [302065414.6666667, [12.666666666666666, 390430, 6246800, 13150, 6246800, 13130]] [5048928931.333334, [1270.8333333333333, 6635334, 106001424, 38734, 103508112, 115866]] [569481143.2, [106.4, 1085830, 17356824, 10118, 7767768, 9938]] [296450691074.9001, [634.1750000000001, 383626383, 6138011769, 5340891, 6137123253, 7106490]] [1293616051.3044872, [61.975160256410255, 1783542, 28515872, 42142, 25504800, 39328]]
Arch_Param: [64, 16384, 32768, 8, 256, 256]
Samsung_cost: [9816539843.444445, [201309.69444444444, 25765412, 412205564, 519460, 51464892, 403041]] [15250252302.0, [309231.0, 39567471, 633078168, 629871, 85328280, 668271]] [1273051580.0, [26090.0, 3338270, 53412240, 104990, 6676880, 52170]] [20735216700.0, [425444.0, 54454342, 871269392, 309382, 108909584, 850868]] [1504766948.0, [30876.0, 3951366, 63221784, 29798, 7902744, 61746]] [1169101037970.0, [23974926.0, 3068770335, 49100323449, 42720639, 6138057081, 47954907]] [36245058556.0, [743120.0, 95117430, 1521878880, 1720246, 190236512, 1490576]]
Model_cost: [8667733386.838333, [535.3870833333333, 22447780, 359125692, 451588, 49399997, 81378]] [3912867558.0, [3789.0, 5333103, 85328280, 86895, 77870232, 92331]] [302065414.6666667, [12.666666666666666, 390430, 6246800, 13150, 6246800, 13130]] [5048928931.333334, [1270.8333333333333, 6635334, 106001424, 38734, 103508112, 115866]] [569481143.2, [106.4, 1085830, 17356824, 10118, 7767768, 9938]] [296450691074.9001, [634.1750000000001, 383626383, 6138011769, 5340891, 6137123253, 7106490]] [1293616051.3044872, [61.975160256410255, 1783542, 28515872, 42142, 25504800, 39328]]
Arch_Param: [64, 16384, 32768, 8, 512, 64]
Samsung_cost: [9824793717.444445, [201309.69444444444, 12882977, 412205564, 3236897, 51464892, 403041]] [15265329678.0, [309231.0, 19783791, 633078168, 4912239, 85328280, 668271]] [1273245880.0, [26090.0, 1669140, 53412240, 417300, 6676880, 52170]] [20769251760.0, [425444.0, 27227176, 871269392, 6806824, 108909584, 850868]] [1507075044.0, [30876.0, 1975686, 63221784, 493926, 7902744, 61746]] [1170462888594.0, [23974926.0, 1534385247, 49100323449, 383602047, 6138057081, 47954907]] [36279318142.0, [743120.0, 47558715, 1521878880, 11924539, 190236512, 1490576]]
Model_cost: [8627143602.171665, [564.7204166666667, 11224161, 359125692, 642657, 49399997, 84962]] [3902201574.0, [3789.0, 2666607, 85328280, 86895, 77870232, 92331]] [301284354.6666667, [12.666666666666666, 195220, 6246800, 13140, 6246800, 13130]] [5035698583.333334, [1270.8333333333333, 3327912, 106001424, 38704, 103508112, 115866]] [567314359.2, [106.4, 544134, 17356824, 10118, 7767768, 9938]] [295683440162.9001, [634.1750000000001, 191813655, 6138011769, 5340891, 6137123253, 7106490]] [1290047669.3044872, [61.975160256410255, 891771, 28515872, 42083, 25504800, 39328]]
Arch_Param: [64, 16384, 32768, 8, 512, 128]
Samsung_cost: [9765010037.444445, [201309.69444444444, 12882977, 412205564, 519457, 51464892, 403041]] [15171117582.0, [309231.0, 19783791, 633078168, 629871, 85328280, 668271]] [1266374840.0, [26090.0, 1669140, 53412240, 104980, 6676880, 52170]] [20626307376.0, [425444.0, 27227176, 871269392, 309352, 108909584, 850868]] [1496864228.0, [30876.0, 1975686, 63221784, 29798, 7902744, 61746]] [1162963497618.0, [23974926.0, 1534385247, 49100323449, 42720639, 6138057081, 47954907]] [36054822398.0, [743120.0, 47558715, 1521878880, 1720187, 190236512, 1490576]]
Model_cost: [8622838844.838333, [535.3870833333333, 11224161, 359125692, 451585, 49399997, 81378]] [3902201574.0, [3789.0, 2666607, 85328280, 86895, 77870232, 92331]] [301284354.6666667, [12.666666666666666, 195220, 6246800, 13140, 6246800, 13130]] [5035698583.333334, [1270.8333333333333, 3327912, 106001424, 38704, 103508112, 115866]] [567314359.2, [106.4, 544134, 17356824, 10118, 7767768, 9938]] [295683440162.9001, [634.1750000000001, 191813655, 6138011769, 5340891, 6137123253, 7106490]] [1290047669.3044872, [61.975160256410255, 891771, 28515872, 42083, 25504800, 39328]]
Arch_Param: [64, 16384, 32768, 8, 512, 256]
Samsung_cost: [9765010037.444445, [201309.69444444444, 12882977, 412205564, 519457, 51464892, 403041]] [15171117582.0, [309231.0, 19783791, 633078168, 629871, 85328280, 668271]] [1266374840.0, [26090.0, 1669140, 53412240, 104980, 6676880, 52170]] [20626307376.0, [425444.0, 27227176, 871269392, 309352, 108909584, 850868]] [1496864228.0, [30876.0, 1975686, 63221784, 29798, 7902744, 61746]] [1162963497618.0, [23974926.0, 1534385247, 49100323449, 42720639, 6138057081, 47954907]] [36054822398.0, [743120.0, 47558715, 1521878880, 1720187, 190236512, 1490576]]
Model_cost: [8622838844.838333, [535.3870833333333, 11224161, 359125692, 451585, 49399997, 81378]] [3902201574.0, [3789.0, 2666607, 85328280, 86895, 77870232, 92331]] [301284354.6666667, [12.666666666666666, 195220, 6246800, 13140, 6246800, 13130]] [5035698583.333334, [1270.8333333333333, 3327912, 106001424, 38704, 103508112, 115866]] [567314359.2, [106.4, 544134, 17356824, 10118, 7767768, 9938]] [295683440162.9001, [634.1750000000001, 191813655, 6138011769, 5340891, 6137123253, 7106490]] [1290047669.3044872, [61.975160256410255, 891771, 28515872, 42083, 25504800, 39328]]
Arch_Param: [64, 16384, 32768, 8, 512, 512]
Samsung_cost: [9765010037.444445, [201309.69444444444, 12882977, 412205564, 519457, 51464892, 403041]] [15171117582.0, [309231.0, 19783791, 633078168, 629871, 85328280, 668271]] [1266374840.0, [26090.0, 1669140, 53412240, 104980, 6676880, 52170]] [20626307376.0, [425444.0, 27227176, 871269392, 309352, 108909584, 850868]] [1496864228.0, [30876.0, 1975686, 63221784, 29798, 7902744, 61746]] [1162963497618.0, [23974926.0, 1534385247, 49100323449, 42720639, 6138057081, 47954907]] [36054822398.0, [743120.0, 47558715, 1521878880, 1720187, 190236512, 1490576]]
Model_cost: [8622838844.838333, [535.3870833333333, 11224161, 359125692, 451585, 49399997, 81378]] [3902201574.0, [3789.0, 2666607, 85328280, 86895, 77870232, 92331]] [301284354.6666667, [12.666666666666666, 195220, 6246800, 13140, 6246800, 13130]] [5035698583.333334, [1270.8333333333333, 3327912, 106001424, 38704, 103508112, 115866]] [567307171.2, [103.4, 543942, 17356824, 9830, 7767768, 9938]] [295683440162.9001, [634.1750000000001, 191813655, 6138011769, 5340891, 6137123253, 7106490]] [1290047669.3044872, [61.975160256410255, 891771, 28515872, 42083, 25504800, 39328]]
Arch_Param: [64, 16384, 32768, 8, 1024, 64]
Samsung_cost: [9799042165.444445, [201309.69444444444, 6445089, 412205564, 3236897, 51464892, 403041]] [15225762318.0, [309231.0, 9891951, 633078168, 4912239, 85328280, 668271]] [1269907380.0, [26090.0, 834570, 53412240, 417290, 6676880, 52170]] [20714796968.0, [425444.0, 13613588, 871269392, 6806804, 108909584, 850868]] [1503123684.0, [30876.0, 987846, 63221784, 493926, 7902744, 61746]] [1167394118418.0, [23974926.0, 767192703, 49100323449, 383602047, 6138057081, 47954907]] [36184200102.0, [743120.0, 23779359, 1521878880, 11924511, 190236512, 1490576]]
Model_cost: [8604708786.171665, [564.7204166666667, 5615457, 359125692, 642657, 49399997, 84962]] [3896868582.0, [3789.0, 1333359, 85328280, 86895, 77870232, 92331]] [300919294.6666667, [12.666666666666666, 104010, 6246800, 13130, 6246800, 13130]] [5029108879.333334, [1270.8333333333333, 1680596, 106001424, 38684, 103508112, 115866]] [566230967.2, [106.4, 273286, 17356824, 10118, 7767768, 9938]] [295299814706.9001, [634.1750000000001, 95907291, 6138011769, 5340891, 6137123253, 7106490]] [1288266717.3044872, [61.975160256410255, 446687, 28515872, 42055, 25504800, 39328]]
Arch_Param: [64, 16384, 32768, 8, 1024, 128]
Samsung_cost: [9739258485.444445, [201309.69444444444, 6445089, 412205564, 519457, 51464892, 403041]] [15131550222.0, [309231.0, 9891951, 633078168, 629871, 85328280, 668271]] [1263036340.0, [26090.0, 834570, 53412240, 104970, 6676880, 52170]] [20571852584.0, [425444.0, 13613588, 871269392, 309332, 108909584, 850868]] [1492912868.0, [30876.0, 987846, 63221784, 29798, 7902744, 61746]] [1159894727442.0, [23974926.0, 767192703, 49100323449, 42720639, 6138057081, 47954907]] [35959704358.0, [743120.0, 23779359, 1521878880, 1720159, 190236512, 1490576]]
Model_cost: [8600404028.838333, [535.3870833333333, 5615457, 359125692, 451585, 49399997, 81378]] [3896868582.0, [3789.0, 1333359, 85328280, 86895, 77870232, 92331]] [300919294.6666667, [12.666666666666666, 104010, 6246800, 13130, 6246800, 13130]] [5029108879.333334, [1270.8333333333333, 1680596, 106001424, 38684, 103508112, 115866]] [566230967.2, [106.4, 273286, 17356824, 10118, 7767768, 9938]] [295299814706.9001, [634.1750000000001, 95907291, 6138011769, 5340891, 6137123253, 7106490]] [1288266717.3044872, [61.975160256410255, 446687, 28515872, 42055, 25504800, 39328]]
Arch_Param: [64, 16384, 32768, 8, 1024, 256]
Samsung_cost: [9739258485.444445, [201309.69444444444, 6445089, 412205564, 519457, 51464892, 403041]] [15131550222.0, [309231.0, 9891951, 633078168, 629871, 85328280, 668271]] [1263036340.0, [26090.0, 834570, 53412240, 104970, 6676880, 52170]] [20571852584.0, [425444.0, 13613588, 871269392, 309332, 108909584, 850868]] [1492912868.0, [30876.0, 987846, 63221784, 29798, 7902744, 61746]] [1159894727442.0, [23974926.0, 767192703, 49100323449, 42720639, 6138057081, 47954907]] [35959704358.0, [743120.0, 23779359, 1521878880, 1720159, 190236512, 1490576]]
Model_cost: [8600404028.838333, [535.3870833333333, 5615457, 359125692, 451585, 49399997, 81378]] [3896868582.0, [3789.0, 1333359, 85328280, 86895, 77870232, 92331]] [300919294.6666667, [12.666666666666666, 104010, 6246800, 13130, 6246800, 13130]] [5029108879.333334, [1270.8333333333333, 1680596, 106001424, 38684, 103508112, 115866]] [566230967.2, [106.4, 273286, 17356824, 10118, 7767768, 9938]] [295299814706.9001, [634.1750000000001, 95907291, 6138011769, 5340891, 6137123253, 7106490]] [1288266717.3044872, [61.975160256410255, 446687, 28515872, 42055, 25504800, 39328]]
Arch_Param: [64, 16384, 32768, 8, 1024, 512]
Samsung_cost: [9739258485.444445, [201309.69444444444, 6445089, 412205564, 519457, 51464892, 403041]] [15131550222.0, [309231.0, 9891951, 633078168, 629871, 85328280, 668271]] [1263036340.0, [26090.0, 834570, 53412240, 104970, 6676880, 52170]] [20571852584.0, [425444.0, 13613588, 871269392, 309332, 108909584, 850868]] [1492912868.0, [30876.0, 987846, 63221784, 29798, 7902744, 61746]] [1159894727442.0, [23974926.0, 767192703, 49100323449, 42720639, 6138057081, 47954907]] [35959704358.0, [743120.0, 23779359, 1521878880, 1720159, 190236512, 1490576]]
Model_cost: [8600404028.838333, [535.3870833333333, 5615457, 359125692, 451585, 49399997, 81378]] [3896868582.0, [3789.0, 1333359, 85328280, 86895, 77870232, 92331]] [300919294.6666667, [12.666666666666666, 104010, 6246800, 13130, 6246800, 13130]] [5029108879.333334, [1270.8333333333333, 1680596, 106001424, 38684, 103508112, 115866]] [566223395.2, [103.4, 272998, 17356824, 9830, 7767768, 9938]] [295299814706.9001, [634.1750000000001, 95907291, 6138011769, 5340891, 6137123253, 7106490]] [1288266717.3044872, [61.975160256410255, 446687, 28515872, 42055, 25504800, 39328]]
Arch_Param: [64, 16384, 32768, 16, 256, 64]
Samsung_cost: [9631393560.777779, [196211.02777777778, 25112100, 401767932, 3146788, 50350780, 394337]] [15344464398.0, [309231.0, 39567471, 633078168, 4912239, 85328280, 668271]] [1279922620.0, [26090.0, 3338270, 53412240, 417310, 6676880, 52170]] [20878161084.0, [425444.0, 54454342, 871269392, 6806854, 108909584, 850868]] [1498733608.0, [30545.0, 3908998, 62543896, 488630, 7818008, 61084]] [1176600428946.0, [23974926.0, 3068770335, 49100323449, 383602047, 6138057081, 47954907]] [36419300476.0, [742096.0, 94986358, 1519781728, 11908214, 189974368, 1488528]]
Model_cost: [5527428667.085, [324.53875, 12767908, 204263100, 254884, 49399997, 81378]] [3912867558.0, [3789.0, 5333103, 85328280, 86895, 77870232, 92331]] [302065414.6666667, [12.666666666666666, 390430, 6246800, 13150, 6246800, 13130]] [5048928931.333334, [1270.8333333333333, 6635334, 106001424, 38734, 103508112, 115866]] [393628913.6, [58.2, 542918, 8678424, 5062, 7767768, 9938]] [296450691074.9001, [634.1750000000001, 383626383, 6138011769, 5340891, 6137123253, 7106490]] [1249655235.6666667, [53.416666666666664, 1647862, 26354976, 33054, 25504800, 39328]]
Arch_Param: [64, 16384, 32768, 16, 256, 128]
Samsung_cost: [9572781336.777779, [196211.02777777778, 25112100, 401767932, 482596, 50350780, 394337]] [15250252302.0, [309231.0, 39567471, 633078168, 629871, 85328280, 668271]] [1273051580.0, [26090.0, 3338270, 53412240, 104990, 6676880, 52170]] [20735216700.0, [425444.0, 54454342, 871269392, 309382, 108909584, 850868]] [1488615720.0, [30545.0, 3908998, 62543896, 28726, 7818008, 61084]] [1169101037970.0, [23974926.0, 3068770335, 49100323449, 42720639, 6138057081, 47954907]] [36194984956.0, [742096.0, 94986358, 1519781728, 1712054, 189974368, 1488528]]
Model_cost: [5527428667.085, [324.53875, 12767908, 204263100, 254884, 49399997, 81378]] [3912867558.0, [3789.0, 5333103, 85328280, 86895, 77870232, 92331]] [302065414.6666667, [12.666666666666666, 390430, 6246800, 13150, 6246800, 13130]] [5048928931.333334, [1270.8333333333333, 6635334, 106001424, 38734, 103508112, 115866]] [393628913.6, [58.2, 542918, 8678424, 5062, 7767768, 9938]] [296450691074.9001, [634.1750000000001, 383626383, 6138011769, 5340891, 6137123253, 7106490]] [1249655235.6666667, [53.416666666666664, 1647862, 26354976, 33054, 25504800, 39328]]
Arch_Param: [64, 16384, 32768, 16, 256, 256]
Samsung_cost: [9572781336.777779, [196211.02777777778, 25112100, 401767932, 482596, 50350780, 394337]] [15250252302.0, [309231.0, 39567471, 633078168, 629871, 85328280, 668271]] [1273051580.0, [26090.0, 3338270, 53412240, 104990, 6676880, 52170]] [20735216700.0, [425444.0, 54454342, 871269392, 309382, 108909584, 850868]] [1488615720.0, [30545.0, 3908998, 62543896, 28726, 7818008, 61084]] [1169101037970.0, [23974926.0, 3068770335, 49100323449, 42720639, 6138057081, 47954907]] [36194984956.0, [742096.0, 94986358, 1519781728, 1712054, 189974368, 1488528]]
Model_cost: [5527428667.085, [324.53875, 12767908, 204263100, 254884, 49399997, 81378]] [3912867558.0, [3789.0, 5333103, 85328280, 86895, 77870232, 92331]] [302065414.6666667, [12.666666666666666, 390430, 6246800, 13150, 6246800, 13130]] [5048928931.333334, [1270.8333333333333, 6635334, 106001424, 38734, 103508112, 115866]] [393625661.6, [55.2, 542918, 8678424, 4918, 7767768, 9938]] [296450691074.9001, [634.1750000000001, 383626383, 6138011769, 5340891, 6137123253, 7106490]] [1249655235.6666667, [53.416666666666664, 1647862, 26354976, 33054, 25504800, 39328]]
Arch_Param: [64, 16384, 32768, 16, 512, 64]
Samsung_cost: [9581170378.777779, [196211.02777777778, 12556321, 401767932, 3146785, 50350780, 394337]] [15265329678.0, [309231.0, 19783791, 633078168, 4912239, 85328280, 668271]] [1273245880.0, [26090.0, 1669140, 53412240, 417300, 6676880, 52170]] [20769251760.0, [425444.0, 27227176, 871269392, 6806824, 108909584, 850868]] [1490915624.0, [30545.0, 1954502, 62543896, 488630, 7818008, 61084]] [1170462888594.0, [23974926.0, 1534385247, 49100323449, 383602047, 6138057081, 47954907]] [36229326462.0, [742096.0, 47493179, 1519781728, 11908155, 189974368, 1488528]]
Model_cost: [5501893869.085, [324.53875, 6384225, 204263100, 254881, 49399997, 81378]] [3902201574.0, [3789.0, 2666607, 85328280, 86895, 77870232, 92331]] [301284354.6666667, [12.666666666666666, 195220, 6246800, 13140, 6246800, 13130]] [5035698583.333334, [1270.8333333333333, 3327912, 106001424, 38704, 103508112, 115866]] [392545521.6, [58.2, 272070, 8678424, 5062, 7767768, 9938]] [295683440162.9001, [634.1750000000001, 191813655, 6138011769, 5340891, 6137123253, 7106490]] [1246358213.6666667, [53.416666666666664, 823931, 26354976, 32995, 25504800, 39328]]
Arch_Param: [64, 16384, 32768, 16, 512, 128]
Samsung_cost: [9522558154.777779, [196211.02777777778, 12556321, 401767932, 482593, 50350780, 394337]] [15171117582.0, [309231.0, 19783791, 633078168, 629871, 85328280, 668271]] [1266374840.0, [26090.0, 1669140, 53412240, 104980, 6676880, 52170]] [20626307376.0, [425444.0, 27227176, 871269392, 309352, 108909584, 850868]] [1480797736.0, [30545.0, 1954502, 62543896, 28726, 7818008, 61084]] [1162963497618.0, [23974926.0, 1534385247, 49100323449, 42720639, 6138057081, 47954907]] [36005010942.0, [742096.0, 47493179, 1519781728, 1711995, 189974368, 1488528]]
Model_cost: [5501893869.085, [324.53875, 6384225, 204263100, 254881, 49399997, 81378]] [3902201574.0, [3789.0, 2666607, 85328280, 86895, 77870232, 92331]] [301284354.6666667, [12.666666666666666, 195220, 6246800, 13140, 6246800, 13130]] [5035698583.333334, [1270.8333333333333, 3327912, 106001424, 38704, 103508112, 115866]] [392545521.6, [58.2, 272070, 8678424, 5062, 7767768, 9938]] [295683440162.9001, [634.1750000000001, 191813655, 6138011769, 5340891, 6137123253, 7106490]] [1246358213.6666667, [53.416666666666664, 823931, 26354976, 32995, 25504800, 39328]]
Arch_Param: [64, 16384, 32768, 16, 512, 256]
Samsung_cost: [9522558154.777779, [196211.02777777778, 12556321, 401767932, 482593, 50350780, 394337]] [15171117582.0, [309231.0, 19783791, 633078168, 629871, 85328280, 668271]] [1266374840.0, [26090.0, 1669140, 53412240, 104980, 6676880, 52170]] [20626307376.0, [425444.0, 27227176, 871269392, 309352, 108909584, 850868]] [1480797736.0, [30545.0, 1954502, 62543896, 28726, 7818008, 61084]] [1162963497618.0, [23974926.0, 1534385247, 49100323449, 42720639, 6138057081, 47954907]] [36005010942.0, [742096.0, 47493179, 1519781728, 1711995, 189974368, 1488528]]
Model_cost: [5501893869.085, [324.53875, 6384225, 204263100, 254881, 49399997, 81378]] [3902201574.0, [3789.0, 2666607, 85328280, 86895, 77870232, 92331]] [301284354.6666667, [12.666666666666666, 195220, 6246800, 13140, 6246800, 13130]] [5035698583.333334, [1270.8333333333333, 3327912, 106001424, 38704, 103508112, 115866]] [392541885.6, [55.2, 271974, 8678424, 4918, 7767768, 9938]] [295683440162.9001, [634.1750000000001, 191813655, 6138011769, 5340891, 6137123253, 7106490]] [1246358213.6666667, [53.416666666666664, 823931, 26354976, 32995, 25504800, 39328]]
Arch_Param: [64, 16384, 32768, 16, 512, 512]
Samsung_cost: [9522558154.777779, [196211.02777777778, 12556321, 401767932, 482593, 50350780, 394337]] [15171117582.0, [309231.0, 19783791, 633078168, 629871, 85328280, 668271]] [1266374840.0, [26090.0, 1669140, 53412240, 104980, 6676880, 52170]] [20626307376.0, [425444.0, 27227176, 871269392, 309352, 108909584, 850868]] [1480797736.0, [30545.0, 1954502, 62543896, 28726, 7818008, 61084]] [1162963497618.0, [23974926.0, 1534385247, 49100323449, 42720639, 6138057081, 47954907]] [36005010942.0, [742096.0, 47493179, 1519781728, 1711995, 189974368, 1488528]]
Model_cost: [5501893869.085, [324.53875, 6384225, 204263100, 254881, 49399997, 81378]] [3902201574.0, [3789.0, 2666607, 85328280, 86895, 77870232, 92331]] [301284354.6666667, [12.666666666666666, 195220, 6246800, 13140, 6246800, 13130]] [5035698583.333334, [1270.8333333333333, 3327912, 106001424, 38704, 103508112, 115866]] [392541885.6, [55.2, 271974, 8678424, 4918, 7767768, 9938]] [295683440162.9001, [634.1750000000001, 191813655, 6138011769, 5340891, 6137123253, 7106490]] [1246358213.6666667, [53.416666666666664, 823931, 26354976, 32995, 25504800, 39328]]
Arch_Param: [64, 16384, 32768, 16, 1024, 64]
Samsung_cost: [9556065994.777779, [196211.02777777778, 6280225, 401767932, 3146785, 50350780, 394337]] [15225762318.0, [309231.0, 9891951, 633078168, 4912239, 85328280, 668271]] [1269907380.0, [26090.0, 834570, 53412240, 417290, 6676880, 52170]] [20714796968.0, [425444.0, 13613588, 871269392, 6806804, 108909584, 850868]] [1487006632.0, [30545.0, 977254, 62543896, 488630, 7818008, 61084]] [1167394118418.0, [23974926.0, 767192703, 49100323449, 383602047, 6138057081, 47954907]] [36134339494.0, [742096.0, 23746591, 1519781728, 11908127, 189974368, 1488528]]
Model_cost: [5489132781.085, [324.53875, 3193953, 204263100, 254881, 49399997, 81378]] [3896868582.0, [3789.0, 1333359, 85328280, 86895, 77870232, 92331]] [300919294.6666667, [12.666666666666666, 104010, 6246800, 13130, 6246800, 13130]] [5029108879.333334, [1270.8333333333333, 1680596, 106001424, 38684, 103508112, 115866]] [392003825.6, [58.2, 136646, 8678424, 5062, 7767768, 9938]] [295299814706.9001, [634.1750000000001, 95907291, 6138011769, 5340891, 6137123253, 7106490]] [1244711405.6666667, [53.416666666666664, 412383, 26354976, 32967, 25504800, 39328]]
Arch_Param: [64, 16384, 32768, 16, 1024, 128]
Samsung_cost: [9497453770.777779, [196211.02777777778, 6280225, 401767932, 482593, 50350780, 394337]] [15131550222.0, [309231.0, 9891951, 633078168, 629871, 85328280, 668271]] [1263036340.0, [26090.0, 834570, 53412240, 104970, 6676880, 52170]] [20571852584.0, [425444.0, 13613588, 871269392, 309332, 108909584, 850868]] [1476888744.0, [30545.0, 977254, 62543896, 28726, 7818008, 61084]] [1159894727442.0, [23974926.0, 767192703, 49100323449, 42720639, 6138057081, 47954907]] [35910023974.0, [742096.0, 23746591, 1519781728, 1711967, 189974368, 1488528]]
Model_cost: [5489132781.085, [324.53875, 3193953, 204263100, 254881, 49399997, 81378]] [3896868582.0, [3789.0, 1333359, 85328280, 86895, 77870232, 92331]] [300919294.6666667, [12.666666666666666, 104010, 6246800, 13130, 6246800, 13130]] [5029108879.333334, [1270.8333333333333, 1680596, 106001424, 38684, 103508112, 115866]] [392003825.6, [58.2, 136646, 8678424, 5062, 7767768, 9938]] [295299814706.9001, [634.1750000000001, 95907291, 6138011769, 5340891, 6137123253, 7106490]] [1244711405.6666667, [53.416666666666664, 412383, 26354976, 32967, 25504800, 39328]]
Arch_Param: [64, 16384, 32768, 16, 1024, 256]
Samsung_cost: [9497453770.777779, [196211.02777777778, 6280225, 401767932, 482593, 50350780, 394337]] [15131550222.0, [309231.0, 9891951, 633078168, 629871, 85328280, 668271]] [1263036340.0, [26090.0, 834570, 53412240, 104970, 6676880, 52170]] [20571852584.0, [425444.0, 13613588, 871269392, 309332, 108909584, 850868]] [1476888744.0, [30545.0, 977254, 62543896, 28726, 7818008, 61084]] [1159894727442.0, [23974926.0, 767192703, 49100323449, 42720639, 6138057081, 47954907]] [35910023974.0, [742096.0, 23746591, 1519781728, 1711967, 189974368, 1488528]]
Model_cost: [5489132781.085, [324.53875, 3193953, 204263100, 254881, 49399997, 81378]] [3896868582.0, [3789.0, 1333359, 85328280, 86895, 77870232, 92331]] [300919294.6666667, [12.666666666666666, 104010, 6246800, 13130, 6246800, 13130]] [5029108879.333334, [1270.8333333333333, 1680596, 106001424, 38684, 103508112, 115866]] [391999997.6, [55.2, 136502, 8678424, 4918, 7767768, 9938]] [295299814706.9001, [634.1750000000001, 95907291, 6138011769, 5340891, 6137123253, 7106490]] [1244711405.6666667, [53.416666666666664, 412383, 26354976, 32967, 25504800, 39328]]
Arch_Param: [64, 16384, 32768, 16, 1024, 512]
Samsung_cost: [9497453770.777779, [196211.02777777778, 6280225, 401767932, 482593, 50350780, 394337]] [15131550222.0, [309231.0, 9891951, 633078168, 629871, 85328280, 668271]] [1263036340.0, [26090.0, 834570, 53412240, 104970, 6676880, 52170]] [20571852584.0, [425444.0, 13613588, 871269392, 309332, 108909584, 850868]] [1476888744.0, [30545.0, 977254, 62543896, 28726, 7818008, 61084]] [1159894727442.0, [23974926.0, 767192703, 49100323449, 42720639, 6138057081, 47954907]] [35910023974.0, [742096.0, 23746591, 1519781728, 1711967, 189974368, 1488528]]
Model_cost: [5489132781.085, [324.53875, 3193953, 204263100, 254881, 49399997, 81378]] [3896868582.0, [3789.0, 1333359, 85328280, 86895, 77870232, 92331]] [300919294.6666667, [12.666666666666666, 104010, 6246800, 13130, 6246800, 13130]] [5029108879.333334, [1270.8333333333333, 1680596, 106001424, 38684, 103508112, 115866]] [391999997.6, [55.2, 136502, 8678424, 4918, 7767768, 9938]] [295299814706.9001, [634.1750000000001, 95907291, 6138011769, 5340891, 6137123253, 7106490]] [1244711405.6666667, [53.416666666666664, 412383, 26354976, 32967, 25504800, 39328]]
Arch_Param: [64, 16384, 32768, 32, 256, 64]
Samsung_cost: [9508928579.444445, [193661.69444444444, 24785444, 396549116, 3101732, 49793724, 389985]] [15344464398.0, [309231.0, 39567471, 633078168, 4912239, 85328280, 668271]] [1279922620.0, [26090.0, 3338270, 53412240, 417310, 6676880, 52170]] [20878161084.0, [425444.0, 54454342, 871269392, 6806854, 108909584, 850868]] [1490611530.0, [30379.5, 3887814, 62204952, 485982, 7775640, 60753]] [1176600428946.0, [23974926.0, 3068770335, 49100323449, 383602047, 6138057081, 47954907]] [36394173564.0, [741584.0, 94920822, 1518733152, 11900022, 189843296, 1487504]]
Model_cost: [3462984331.041667, [194.82291666666666, 6404260, 102452412, 128868, 49399997, 81378]] [3912867558.0, [3789.0, 5333103, 85328280, 86895, 77870232, 92331]] [302065414.6666667, [12.666666666666666, 390430, 6246800, 13150, 6246800, 13130]] [5048928931.333334, [1270.8333333333333, 6635334, 106001424, 38734, 103508112, 115866]] [382711704.8, [43.6, 509030, 8140312, 4198, 7767768, 9938]] [296450691074.9001, [634.1750000000001, 383626383, 6138011769, 5340891, 6137123253, 7106490]] [1238481504.9935899, [49.892628205128204, 1613302, 25807008, 29598, 25504800, 39328]]
Arch_Param: [64, 16384, 32768, 32, 256, 128]
Samsung_cost: [9450902083.444445, [193661.69444444444, 24785444, 396549116, 464164, 49793724, 389985]] [15250252302.0, [309231.0, 39567471, 633078168, 629871, 85328280, 668271]] [1273051580.0, [26090.0, 3338270, 53412240, 104990, 6676880, 52170]] [20735216700.0, [425444.0, 54454342, 871269392, 309382, 108909584, 850868]] [1480540106.0, [30379.5, 3887814, 62204952, 28190, 7775640, 60753]] [1169101037970.0, [23974926.0, 3068770335, 49100323449, 42720639, 6138057081, 47954907]] [36169948156.0, [741584.0, 94920822, 1518733152, 1707958, 189843296, 1487504]]
Model_cost: [3462984331.041667, [194.82291666666666, 6404260, 102452412, 128868, 49399997, 81378]] [3912867558.0, [3789.0, 5333103, 85328280, 86895, 77870232, 92331]] [302065414.6666667, [12.666666666666666, 390430, 6246800, 13150, 6246800, 13130]] [5048928931.333334, [1270.8333333333333, 6635334, 106001424, 38734, 103508112, 115866]] [382710036.8, [40.6, 509030, 8140312, 4126, 7767768, 9938]] [296450691074.9001, [634.1750000000001, 383626383, 6138011769, 5340891, 6137123253, 7106490]] [1238481504.9935899, [49.892628205128204, 1613302, 25807008, 29598, 25504800, 39328]]
Arch_Param: [64, 16384, 32768, 32, 256, 256]
Samsung_cost: [9450902083.444445, [193661.69444444444, 24785444, 396549116, 464164, 49793724, 389985]] [15250252302.0, [309231.0, 39567471, 633078168, 629871, 85328280, 668271]] [1273051580.0, [26090.0, 3338270, 53412240, 104990, 6676880, 52170]] [20735216700.0, [425444.0, 54454342, 871269392, 309382, 108909584, 850868]] [1480540106.0, [30379.5, 3887814, 62204952, 28190, 7775640, 60753]] [1169101037970.0, [23974926.0, 3068770335, 49100323449, 42720639, 6138057081, 47954907]] [36169948156.0, [741584.0, 94920822, 1518733152, 1707958, 189843296, 1487504]]
Model_cost: [3462984331.041667, [194.82291666666666, 6404260, 102452412, 128868, 49399997, 81378]] [3912867558.0, [3789.0, 5333103, 85328280, 86895, 77870232, 92331]] [302065414.6666667, [12.666666666666666, 390430, 6246800, 13150, 6246800, 13130]] [5048928931.333334, [1270.8333333333333, 6635334, 106001424, 38734, 103508112, 115866]] [382710036.8, [40.6, 509030, 8140312, 4126, 7767768, 9938]] [296450691074.9001, [634.1750000000001, 383626383, 6138011769, 5340891, 6137123253, 7106490]] [1238481504.9935899, [49.892628205128204, 1613302, 25807008, 29598, 25504800, 39328]]
Arch_Param: [64, 16384, 32768, 32, 512, 64]
Samsung_cost: [9459358709.444445, [193661.69444444444, 12392993, 396549116, 3101729, 49793724, 389985]] [15265329678.0, [309231.0, 19783791, 633078168, 4912239, 85328280, 668271]] [1273245880.0, [26090.0, 1669140, 53412240, 417300, 6676880, 52170]] [20769251760.0, [425444.0, 27227176, 871269392, 6806824, 108909584, 850868]] [1482835914.0, [30379.5, 1943910, 62204952, 485982, 7775640, 60753]] [1170462888594.0, [23974926.0, 1534385247, 49100323449, 383602047, 6138057081, 47954907]] [36204330622.0, [741584.0, 47460411, 1518733152, 11899963, 189843296, 1487504]]
Model_cost: [3450176829.041667, [194.82291666666666, 3202401, 102452412, 128865, 49399997, 81378]] [3902201574.0, [3789.0, 2666607, 85328280, 86895, 77870232, 92331]] [301284354.6666667, [12.666666666666666, 195220, 6246800, 13140, 6246800, 13130]] [5035698583.333334, [1270.8333333333333, 3327912, 106001424, 38704, 103508112, 115866]] [381694872.8, [43.6, 254822, 8140312, 4198, 7767768, 9938]] [295683440162.9001, [634.1750000000001, 191813655, 6138011769, 5340891, 6137123253, 7106490]] [1235253602.9935899, [49.892628205128204, 806651, 25807008, 29539, 25504800, 39328]]
Arch_Param: [64, 16384, 32768, 32, 512, 128]
Samsung_cost: [9401332213.444445, [193661.69444444444, 12392993, 396549116, 464161, 49793724, 389985]] [15171117582.0, [309231.0, 19783791, 633078168, 629871, 85328280, 668271]] [1266374840.0, [26090.0, 1669140, 53412240, 104980, 6676880, 52170]] [20626307376.0, [425444.0, 27227176, 871269392, 309352, 108909584, 850868]] [1472764490.0, [30379.5, 1943910, 62204952, 28190, 7775640, 60753]] [1162963497618.0, [23974926.0, 1534385247, 49100323449, 42720639, 6138057081, 47954907]] [35980105214.0, [741584.0, 47460411, 1518733152, 1707899, 189843296, 1487504]]
Model_cost: [3450176829.041667, [194.82291666666666, 3202401, 102452412, 128865, 49399997, 81378]] [3902201574.0, [3789.0, 2666607, 85328280, 86895, 77870232, 92331]] [301284354.6666667, [12.666666666666666, 195220, 6246800, 13140, 6246800, 13130]] [5035698583.333334, [1270.8333333333333, 3327912, 106001424, 38704, 103508112, 115866]] [381693012.8, [40.6, 254774, 8140312, 4126, 7767768, 9938]] [295683440162.9001, [634.1750000000001, 191813655, 6138011769, 5340891, 6137123253, 7106490]] [1235253602.9935899, [49.892628205128204, 806651, 25807008, 29539, 25504800, 39328]]
Arch_Param: [64, 16384, 32768, 32, 512, 256]
Samsung_cost: [9401332213.444445, [193661.69444444444, 12392993, 396549116, 464161, 49793724, 389985]] [15171117582.0, [309231.0, 19783791, 633078168, 629871, 85328280, 668271]] [1266374840.0, [26090.0, 1669140, 53412240, 104980, 6676880, 52170]] [20626307376.0, [425444.0, 27227176, 871269392, 309352, 108909584, 850868]] [1472764490.0, [30379.5, 1943910, 62204952, 28190, 7775640, 60753]] [1162963497618.0, [23974926.0, 1534385247, 49100323449, 42720639, 6138057081, 47954907]] [35980105214.0, [741584.0, 47460411, 1518733152, 1707899, 189843296, 1487504]]
Model_cost: [3450176829.041667, [194.82291666666666, 3202401, 102452412, 128865, 49399997, 81378]] [3902201574.0, [3789.0, 2666607, 85328280, 86895, 77870232, 92331]] [301284354.6666667, [12.666666666666666, 195220, 6246800, 13140, 6246800, 13130]] [5035698583.333334, [1270.8333333333333, 3327912, 106001424, 38704, 103508112, 115866]] [381693012.8, [40.6, 254774, 8140312, 4126, 7767768, 9938]] [295683440162.9001, [634.1750000000001, 191813655, 6138011769, 5340891, 6137123253, 7106490]] [1235253602.9935899, [49.892628205128204, 806651, 25807008, 29539, 25504800, 39328]]
Arch_Param: [64, 16384, 32768, 32, 512, 512]
Samsung_cost: [9401332213.444445, [193661.69444444444, 12392993, 396549116, 464161, 49793724, 389985]] [15171117582.0, [309231.0, 19783791, 633078168, 629871, 85328280, 668271]] [1266374840.0, [26090.0, 1669140, 53412240, 104980, 6676880, 52170]] [20626307376.0, [425444.0, 27227176, 871269392, 309352, 108909584, 850868]] [1472764490.0, [30379.5, 1943910, 62204952, 28190, 7775640, 60753]] [1162963497618.0, [23974926.0, 1534385247, 49100323449, 42720639, 6138057081, 47954907]] [35980105214.0, [741584.0, 47460411, 1518733152, 1707899, 189843296, 1487504]]
Model_cost: [3450176829.041667, [194.82291666666666, 3202401, 102452412, 128865, 49399997, 81378]] [3902201574.0, [3789.0, 2666607, 85328280, 86895, 77870232, 92331]] [301284354.6666667, [12.666666666666666, 195220, 6246800, 13140, 6246800, 13130]] [5035698583.333334, [1270.8333333333333, 3327912, 106001424, 38704, 103508112, 115866]] [381693012.8, [40.6, 254774, 8140312, 4126, 7767768, 9938]] [295683440162.9001, [634.1750000000001, 191813655, 6138011769, 5340891, 6137123253, 7106490]] [1235253602.9935899, [49.892628205128204, 806651, 25807008, 29539, 25504800, 39328]]
Arch_Param: [64, 16384, 32768, 32, 1024, 64]
Samsung_cost: [9434577909.444445, [193661.69444444444, 6197793, 396549116, 3101729, 49793724, 389985]] [15225762318.0, [309231.0, 9891951, 633078168, 4912239, 85328280, 668271]] [1269907380.0, [26090.0, 834570, 53412240, 417290, 6676880, 52170]] [20714796968.0, [425444.0, 13613588, 871269392, 6806804, 108909584, 850868]] [1478948106.0, [30379.5, 971958, 62204952, 485982, 7775640, 60753]] [1167394118418.0, [23974926.0, 767192703, 49100323449, 383602047, 6138057081, 47954907]] [36109409190.0, [741584.0, 23730207, 1518733152, 11899935, 189843296, 1487504]]
Model_cost: [3443776317.041667, [194.82291666666666, 1602273, 102452412, 128865, 49399997, 81378]] [3896868582.0, [3789.0, 1333359, 85328280, 86895, 77870232, 92331]] [300919294.6666667, [12.666666666666666, 104010, 6246800, 13130, 6246800, 13130]] [5029108879.333334, [1270.8333333333333, 1680596, 106001424, 38684, 103508112, 115866]] [381186456.8, [43.6, 127718, 8140312, 4198, 7767768, 9938]] [295299814706.9001, [634.1750000000001, 95907291, 6138011769, 5340891, 6137123253, 7106490]] [1233640586.9935899, [49.892628205128204, 403551, 25807008, 29511, 25504800, 39328]]
Arch_Param: [64, 16384, 32768, 32, 1024, 128]
Samsung_cost: [9376551413.444445, [193661.69444444444, 6197793, 396549116, 464161, 49793724, 389985]] [15131550222.0, [309231.0, 9891951, 633078168, 629871, 85328280, 668271]] [1263036340.0, [26090.0, 834570, 53412240, 104970, 6676880, 52170]] [20571852584.0, [425444.0, 13613588, 871269392, 309332, 108909584, 850868]] [1468876682.0, [30379.5, 971958, 62204952, 28190, 7775640, 60753]] [1159894727442.0, [23974926.0, 767192703, 49100323449, 42720639, 6138057081, 47954907]] [35885183782.0, [741584.0, 23730207, 1518733152, 1707871, 189843296, 1487504]]
Model_cost: [3443776317.041667, [194.82291666666666, 1602273, 102452412, 128865, 49399997, 81378]] [3896868582.0, [3789.0, 1333359, 85328280, 86895, 77870232, 92331]] [300919294.6666667, [12.666666666666666, 104010, 6246800, 13130, 6246800, 13130]] [5029108879.333334, [1270.8333333333333, 1680596, 106001424, 38684, 103508112, 115866]] [381184500.8, [40.6, 127646, 8140312, 4126, 7767768, 9938]] [295299814706.9001, [634.1750000000001, 95907291, 6138011769, 5340891, 6137123253, 7106490]] [1233640586.9935899, [49.892628205128204, 403551, 25807008, 29511, 25504800, 39328]]
Arch_Param: [64, 16384, 32768, 32, 1024, 256]
Samsung_cost: [9376551413.444445, [193661.69444444444, 6197793, 396549116, 464161, 49793724, 389985]] [15131550222.0, [309231.0, 9891951, 633078168, 629871, 85328280, 668271]] [1263036340.0, [26090.0, 834570, 53412240, 104970, 6676880, 52170]] [20571852584.0, [425444.0, 13613588, 871269392, 309332, 108909584, 850868]] [1468876682.0, [30379.5, 971958, 62204952, 28190, 7775640, 60753]] [1159894727442.0, [23974926.0, 767192703, 49100323449, 42720639, 6138057081, 47954907]] [35885183782.0, [741584.0, 23730207, 1518733152, 1707871, 189843296, 1487504]]
Model_cost: [3443776317.041667, [194.82291666666666, 1602273, 102452412, 128865, 49399997, 81378]] [3896868582.0, [3789.0, 1333359, 85328280, 86895, 77870232, 92331]] [300919294.6666667, [12.666666666666666, 104010, 6246800, 13130, 6246800, 13130]] [5029108879.333334, [1270.8333333333333, 1680596, 106001424, 38684, 103508112, 115866]] [381184500.8, [40.6, 127646, 8140312, 4126, 7767768, 9938]] [295299814706.9001, [634.1750000000001, 95907291, 6138011769, 5340891, 6137123253, 7106490]] [1233640586.9935899, [49.892628205128204, 403551, 25807008, 29511, 25504800, 39328]]
Arch_Param: [64, 16384, 32768, 32, 1024, 512]
Samsung_cost: [9376551413.444445, [193661.69444444444, 6197793, 396549116, 464161, 49793724, 389985]] [15131550222.0, [309231.0, 9891951, 633078168, 629871, 85328280, 668271]] [1263036340.0, [26090.0, 834570, 53412240, 104970, 6676880, 52170]] [20571852584.0, [425444.0, 13613588, 871269392, 309332, 108909584, 850868]] [1468876682.0, [30379.5, 971958, 62204952, 28190, 7775640, 60753]] [1159894727442.0, [23974926.0, 767192703, 49100323449, 42720639, 6138057081, 47954907]] [35885183782.0, [741584.0, 23730207, 1518733152, 1707871, 189843296, 1487504]]
Model_cost: [3443776317.041667, [194.82291666666666, 1602273, 102452412, 128865, 49399997, 81378]] [3896868582.0, [3789.0, 1333359, 85328280, 86895, 77870232, 92331]] [300919294.6666667, [12.666666666666666, 104010, 6246800, 13130, 6246800, 13130]] [5029108879.333334, [1270.8333333333333, 1680596, 106001424, 38684, 103508112, 115866]] [381184500.8, [40.6, 127646, 8140312, 4126, 7767768, 9938]] [295299814706.9001, [634.1750000000001, 95907291, 6138011769, 5340891, 6137123253, 7106490]] [1233640586.9935899, [49.892628205128204, 403551, 25807008, 29511, 25504800, 39328]]
Arch_Param: [64, 16384, 16384, 4, 256, 64]
Samsung_cost: [19666302958.0, [801777.5, 51312164, 820922876, 6444068, 102001340, 797857]] [15353119758.0, [618351.0, 39567471, 633078168, 4912239, 85328280, 668271]] [1280652860.0, [52170.0, 3338270, 53412240, 417310, 6676880, 52170]] [20890072956.0, [850868.0, 54454342, 871269392, 6806854, 108909584, 850868]] [1573490220.0, [64094.0, 4101638, 65626136, 512710, 8203288, 64094]] [1177271722422.0, [47949693.0, 3068770335, 49100323449, 383602047, 6138057081, 47954907]] [36946806140.0, [1505424.0, 96346230, 1541539680, 12113014, 192137056, 1505424]]
Model_cost: [14958557098.06081, [1923.9307432432433, 41814564, 668963196, 1200100, 49399997, 84962]] [3912970542.0, [7467.0, 5333103, 85328280, 86895, 77870232, 92331]] [302065489.3333333, [15.333333333333332, 390430, 6246800, 13150, 6246800, 13130]] [5048963674.666666, [2511.6666666666665, 6635334, 106001424, 38734, 103508112, 115866]] [921189976.0, [359.0, 2171654, 34713624, 20230, 7767768, 9938]] [296450704379.7999, [1109.3500000000001, 383626383, 6138011769, 5340891, 6137123253, 7106490]] [1381539452.75, [142.3125, 2054902, 32837664, 60318, 25504800, 39328]]
Arch_Param: [64, 16384, 16384, 4, 256, 128]
Samsung_cost: [19547050990.0, [801777.5, 51312164, 820922876, 1023524, 102001340, 797857]] [15258907662.0, [618351.0, 39567471, 633078168, 629871, 85328280, 668271]] [1273781820.0, [52170.0, 3338270, 53412240, 104990, 6676880, 52170]] [20747128572.0, [850868.0, 54454342, 871269392, 309382, 108909584, 850868]] [1562935852.0, [64094.0, 4101638, 65626136, 32966, 8203288, 64094]] [1169772331446.0, [47949693.0, 3068770335, 49100323449, 42720639, 6138057081, 47954907]] [36720598268.0, [1505424.0, 96346230, 1541539680, 1830838, 192137056, 1505424]]
Model_cost: [14958557098.06081, [1923.9307432432433, 41814564, 668963196, 1200100, 49399997, 84962]] [3912970542.0, [7467.0, 5333103, 85328280, 86895, 77870232, 92331]] [302065489.3333333, [15.333333333333332, 390430, 6246800, 13150, 6246800, 13130]] [5048963674.666666, [2511.6666666666665, 6635334, 106001424, 38734, 103508112, 115866]] [921189976.0, [359.0, 2171654, 34713624, 20230, 7767768, 9938]] [296450704379.7999, [1109.3500000000001, 383626383, 6138011769, 5340891, 6137123253, 7106490]] [1381539452.75, [142.3125, 2054902, 32837664, 60318, 25504800, 39328]]
Arch_Param: [64, 16384, 16384, 4, 256, 256]
Samsung_cost: [19547050990.0, [801777.5, 51312164, 820922876, 1023524, 102001340, 797857]] [15258907662.0, [618351.0, 39567471, 633078168, 629871, 85328280, 668271]] [1273781820.0, [52170.0, 3338270, 53412240, 104990, 6676880, 52170]] [20747128572.0, [850868.0, 54454342, 871269392, 309382, 108909584, 850868]] [1562935852.0, [64094.0, 4101638, 65626136, 32966, 8203288, 64094]] [1169772331446.0, [47949693.0, 3068770335, 49100323449, 42720639, 6138057081, 47954907]] [36720598268.0, [1505424.0, 96346230, 1541539680, 1830838, 192137056, 1505424]]
Model_cost: [14950649810.06081, [1913.9307432432433, 41814564, 668963196, 845252, 49399997, 81378]] [3912970542.0, [7467.0, 5333103, 85328280, 86895, 77870232, 92331]] [302065489.3333333, [15.333333333333332, 390430, 6246800, 13150, 6246800, 13130]] [5048963674.666666, [2511.6666666666665, 6635334, 106001424, 38734, 103508112, 115866]] [921189976.0, [359.0, 2171654, 34713624, 20230, 7767768, 9938]] [296450704379.7999, [1109.3500000000001, 383626383, 6138011769, 5340891, 6137123253, 7106490]] [1381539452.75, [142.3125, 2054902, 32837664, 60318, 25504800, 39328]]
Arch_Param: [64, 16384, 16384, 4, 512, 64]
Samsung_cost: [19563679648.0, [801777.5, 25656353, 820922876, 6444065, 102001340, 797857]] [15273985038.0, [618351.0, 19783791, 633078168, 4912239, 85328280, 668271]] [1273976120.0, [52170.0, 1669140, 53412240, 417300, 6676880, 52170]] [20781163632.0, [850868.0, 27227176, 871269392, 6806824, 108909584, 850868]] [1565286956.0, [64094.0, 2050822, 65626136, 512710, 8203288, 64094]] [1171134182070.0, [47949693.0, 1534385247, 49100323449, 383602047, 6138057081, 47954907]] [36754112382.0, [1505424.0, 48173115, 1541539680, 12112955, 192137056, 1505424]]
Model_cost: [14874928988.06081, [1923.9307432432433, 20907553, 668963196, 1200097, 49399997, 84962]] [3902304558.0, [7467.0, 2666607, 85328280, 86895, 77870232, 92331]] [301284429.3333333, [15.333333333333332, 195220, 6246800, 13140, 6246800, 13130]] [5035733326.666666, [2511.6666666666665, 3327912, 106001424, 38704, 103508112, 115866]] [916856408.0, [359.0, 1088262, 34713624, 20230, 7767768, 9938]] [295683453467.7999, [1109.3500000000001, 191813655, 6138011769, 5340891, 6137123253, 7106490]] [1377428350.75, [142.3125, 1027451, 32837664, 60259, 25504800, 39328]]
Arch_Param: [64, 16384, 16384, 4, 512, 128]
Samsung_cost: [19444427680.0, [801777.5, 25656353, 820922876, 1023521, 102001340, 797857]] [15179772942.0, [618351.0, 19783791, 633078168, 629871, 85328280, 668271]] [1267105080.0, [52170.0, 1669140, 53412240, 104980, 6676880, 52170]] [20638219248.0, [850868.0, 27227176, 871269392, 309352, 108909584, 850868]] [1554732588.0, [64094.0, 2050822, 65626136, 32966, 8203288, 64094]] [1163634791094.0, [47949693.0, 1534385247, 49100323449, 42720639, 6138057081, 47954907]] [36527904510.0, [1505424.0, 48173115, 1541539680, 1830779, 192137056, 1505424]]
Model_cost: [14874928988.06081, [1923.9307432432433, 20907553, 668963196, 1200097, 49399997, 84962]] [3902304558.0, [7467.0, 2666607, 85328280, 86895, 77870232, 92331]] [301284429.3333333, [15.333333333333332, 195220, 6246800, 13140, 6246800, 13130]] [5035733326.666666, [2511.6666666666665, 3327912, 106001424, 38704, 103508112, 115866]] [916856408.0, [359.0, 1088262, 34713624, 20230, 7767768, 9938]] [295683453467.7999, [1109.3500000000001, 191813655, 6138011769, 5340891, 6137123253, 7106490]] [1377428350.75, [142.3125, 1027451, 32837664, 60259, 25504800, 39328]]
Arch_Param: [64, 16384, 16384, 4, 512, 256]
Samsung_cost: [19444427680.0, [801777.5, 25656353, 820922876, 1023521, 102001340, 797857]] [15179772942.0, [618351.0, 19783791, 633078168, 629871, 85328280, 668271]] [1267105080.0, [52170.0, 1669140, 53412240, 104980, 6676880, 52170]] [20638219248.0, [850868.0, 27227176, 871269392, 309352, 108909584, 850868]] [1554732588.0, [64094.0, 2050822, 65626136, 32966, 8203288, 64094]] [1163634791094.0, [47949693.0, 1534385247, 49100323449, 42720639, 6138057081, 47954907]] [36527904510.0, [1505424.0, 48173115, 1541539680, 1830779, 192137056, 1505424]]
Model_cost: [14867021700.06081, [1913.9307432432433, 20907553, 668963196, 845249, 49399997, 81378]] [3902304558.0, [7467.0, 2666607, 85328280, 86895, 77870232, 92331]] [301284429.3333333, [15.333333333333332, 195220, 6246800, 13140, 6246800, 13130]] [5035733326.666666, [2511.6666666666665, 3327912, 106001424, 38704, 103508112, 115866]] [916856408.0, [359.0, 1088262, 34713624, 20230, 7767768, 9938]] [295683453467.7999, [1109.3500000000001, 191813655, 6138011769, 5340891, 6137123253, 7106490]] [1377428350.75, [142.3125, 1027451, 32837664, 60259, 25504800, 39328]]
Arch_Param: [64, 16384, 16384, 4, 512, 512]
Samsung_cost: [19444427680.0, [801777.5, 25656353, 820922876, 1023521, 102001340, 797857]] [15179772942.0, [618351.0, 19783791, 633078168, 629871, 85328280, 668271]] [1267105080.0, [52170.0, 1669140, 53412240, 104980, 6676880, 52170]] [20638219248.0, [850868.0, 27227176, 871269392, 309352, 108909584, 850868]] [1554732588.0, [64094.0, 2050822, 65626136, 32966, 8203288, 64094]] [1163634791094.0, [47949693.0, 1534385247, 49100323449, 42720639, 6138057081, 47954907]] [36527904510.0, [1505424.0, 48173115, 1541539680, 1830779, 192137056, 1505424]]
Model_cost: [14867021700.06081, [1913.9307432432433, 20907553, 668963196, 845249, 49399997, 81378]] [3902304558.0, [7467.0, 2666607, 85328280, 86895, 77870232, 92331]] [301284429.3333333, [15.333333333333332, 195220, 6246800, 13140, 6246800, 13130]] [5035733326.666666, [2511.6666666666665, 3327912, 106001424, 38704, 103508112, 115866]] [916856408.0, [359.0, 1088262, 34713624, 20230, 7767768, 9938]] [295683453467.7999, [1109.3500000000001, 191813655, 6138011769, 5340891, 6137123253, 7106490]] [1377428350.75, [142.3125, 1027451, 32837664, 60259, 25504800, 39328]]
Arch_Param: [64, 16384, 16384, 4, 1024, 64]
Samsung_cost: [19512393632.0, [801777.5, 12834849, 820922876, 6444065, 102001340, 797857]] [15234417678.0, [618351.0, 9891951, 633078168, 4912239, 85328280, 668271]] [1270637620.0, [52170.0, 834570, 53412240, 417290, 6676880, 52170]] [20726708840.0, [850868.0, 13613588, 871269392, 6806804, 108909584, 850868]] [1561185324.0, [64094.0, 1025414, 65626136, 512710, 8203288, 64094]] [1168065411894.0, [47949693.0, 767192703, 49100323449, 383602047, 6138057081, 47954907]] [36657765542.0, [1505424.0, 24086559, 1541539680, 12112927, 192137056, 1505424]]
Model_cost: [14833139804.06081, [1923.9307432432433, 10460257, 668963196, 1200097, 49399997, 84962]] [3896971566.0, [7467.0, 1333359, 85328280, 86895, 77870232, 92331]] [300919369.3333333, [15.333333333333332, 104010, 6246800, 13130, 6246800, 13130]] [5029143622.666666, [2511.6666666666665, 1680596, 106001424, 38684, 103508112, 115866]] [914689624.0, [359.0, 546566, 34713624, 20230, 7767768, 9938]] [295299828011.7999, [1109.3500000000001, 95907291, 6138011769, 5340891, 6137123253, 7106490]] [1375379110.75, [142.3125, 515295, 32837664, 60231, 25504800, 39328]]
Arch_Param: [64, 16384, 16384, 4, 1024, 128]
Samsung_cost: [19393141664.0, [801777.5, 12834849, 820922876, 1023521, 102001340, 797857]] [15140205582.0, [618351.0, 9891951, 633078168, 629871, 85328280, 668271]] [1263766580.0, [52170.0, 834570, 53412240, 104970, 6676880, 52170]] [20583764456.0, [850868.0, 13613588, 871269392, 309332, 108909584, 850868]] [1550630956.0, [64094.0, 1025414, 65626136, 32966, 8203288, 64094]] [1160566020918.0, [47949693.0, 767192703, 49100323449, 42720639, 6138057081, 47954907]] [36431557670.0, [1505424.0, 24086559, 1541539680, 1830751, 192137056, 1505424]]
Model_cost: [14833139804.06081, [1923.9307432432433, 10460257, 668963196, 1200097, 49399997, 84962]] [3896971566.0, [7467.0, 1333359, 85328280, 86895, 77870232, 92331]] [300919369.3333333, [15.333333333333332, 104010, 6246800, 13130, 6246800, 13130]] [5029143622.666666, [2511.6666666666665, 1680596, 106001424, 38684, 103508112, 115866]] [914689624.0, [359.0, 546566, 34713624, 20230, 7767768, 9938]] [295299828011.7999, [1109.3500000000001, 95907291, 6138011769, 5340891, 6137123253, 7106490]] [1375379110.75, [142.3125, 515295, 32837664, 60231, 25504800, 39328]]
Arch_Param: [64, 16384, 16384, 4, 1024, 256]
Samsung_cost: [19393141664.0, [801777.5, 12834849, 820922876, 1023521, 102001340, 797857]] [15140205582.0, [618351.0, 9891951, 633078168, 629871, 85328280, 668271]] [1263766580.0, [52170.0, 834570, 53412240, 104970, 6676880, 52170]] [20583764456.0, [850868.0, 13613588, 871269392, 309332, 108909584, 850868]] [1550630956.0, [64094.0, 1025414, 65626136, 32966, 8203288, 64094]] [1160566020918.0, [47949693.0, 767192703, 49100323449, 42720639, 6138057081, 47954907]] [36431557670.0, [1505424.0, 24086559, 1541539680, 1830751, 192137056, 1505424]]
Model_cost: [14825232516.06081, [1913.9307432432433, 10460257, 668963196, 845249, 49399997, 81378]] [3896971566.0, [7467.0, 1333359, 85328280, 86895, 77870232, 92331]] [300919369.3333333, [15.333333333333332, 104010, 6246800, 13130, 6246800, 13130]] [5029143622.666666, [2511.6666666666665, 1680596, 106001424, 38684, 103508112, 115866]] [914689624.0, [359.0, 546566, 34713624, 20230, 7767768, 9938]] [295299828011.7999, [1109.3500000000001, 95907291, 6138011769, 5340891, 6137123253, 7106490]] [1375379110.75, [142.3125, 515295, 32837664, 60231, 25504800, 39328]]
Arch_Param: [64, 16384, 16384, 4, 1024, 512]
Samsung_cost: [19393141664.0, [801777.5, 12834849, 820922876, 1023521, 102001340, 797857]] [15140205582.0, [618351.0, 9891951, 633078168, 629871, 85328280, 668271]] [1263766580.0, [52170.0, 834570, 53412240, 104970, 6676880, 52170]] [20583764456.0, [850868.0, 13613588, 871269392, 309332, 108909584, 850868]] [1550630956.0, [64094.0, 1025414, 65626136, 32966, 8203288, 64094]] [1160566020918.0, [47949693.0, 767192703, 49100323449, 42720639, 6138057081, 47954907]] [36431557670.0, [1505424.0, 24086559, 1541539680, 1830751, 192137056, 1505424]]
Model_cost: [14825232516.06081, [1913.9307432432433, 10460257, 668963196, 845249, 49399997, 81378]] [3896971566.0, [7467.0, 1333359, 85328280, 86895, 77870232, 92331]] [300919369.3333333, [15.333333333333332, 104010, 6246800, 13130, 6246800, 13130]] [5029143622.666666, [2511.6666666666665, 1680596, 106001424, 38684, 103508112, 115866]] [914689624.0, [359.0, 546566, 34713624, 20230, 7767768, 9938]] [295299828011.7999, [1109.3500000000001, 95907291, 6138011769, 5340891, 6137123253, 7106490]] [1375379110.75, [142.3125, 515295, 32837664, 60231, 25504800, 39328]]
Arch_Param: [64, 16384, 16384, 8, 256, 64]
Samsung_cost: [9881959918.0, [402609.5, 25765412, 412205564, 3236900, 51464892, 403041]] [15353119758.0, [618351.0, 39567471, 633078168, 4912239, 85328280, 668271]] [1280652860.0, [52170.0, 3338270, 53412240, 417310, 6676880, 52170]] [20890072956.0, [850868.0, 54454342, 871269392, 6806854, 108909584, 850868]] [1515842124.0, [61746.0, 3951366, 63221784, 493926, 7902744, 61746]] [1177271722422.0, [47949693.0, 3068770335, 49100323449, 383602047, 6138057081, 47954907]] [36490361212.0, [1486224.0, 95117430, 1521878880, 11924598, 190236512, 1490576]]
Model_cost: [8672052930.655405, [1092.8091216216217, 22447780, 359125692, 642660, 49399997, 84962]] [3912970542.0, [7467.0, 5333103, 85328280, 86895, 77870232, 92331]] [302065489.3333333, [15.333333333333332, 390430, 6246800, 13150, 6246800, 13130]] [5048963674.666666, [2511.6666666666665, 6635334, 106001424, 38734, 103508112, 115866]] [569483512.0, [191.0, 1085830, 17356824, 10118, 7767768, 9938]] [296450704379.7999, [1109.3500000000001, 383626383, 6138011769, 5340891, 6137123253, 7106490]] [1293617296.25, [106.4375, 1783542, 28515872, 42142, 25504800, 39328]]
Arch_Param: [64, 16384, 16384, 8, 256, 128]
Samsung_cost: [9822176238.0, [402609.5, 25765412, 412205564, 519460, 51464892, 403041]] [15258907662.0, [618351.0, 39567471, 633078168, 629871, 85328280, 668271]] [1273781820.0, [52170.0, 3338270, 53412240, 104990, 6676880, 52170]] [20747128572.0, [850868.0, 54454342, 871269392, 309382, 108909584, 850868]] [1505631308.0, [61746.0, 3951366, 63221784, 29798, 7902744, 61746]] [1169772331446.0, [47949693.0, 3068770335, 49100323449, 42720639, 6138057081, 47954907]] [36265865468.0, [1486224.0, 95117430, 1521878880, 1720246, 190236512, 1490576]]
Model_cost: [8667747314.655405, [1032.8091216216217, 22447780, 359125692, 451588, 49399997, 81378]] [3912970542.0, [7467.0, 5333103, 85328280, 86895, 77870232, 92331]] [302065489.3333333, [15.333333333333332, 390430, 6246800, 13150, 6246800, 13130]] [5048963674.666666, [2511.6666666666665, 6635334, 106001424, 38734, 103508112, 115866]] [569483512.0, [191.0, 1085830, 17356824, 10118, 7767768, 9938]] [296450704379.7999, [1109.3500000000001, 383626383, 6138011769, 5340891, 6137123253, 7106490]] [1293617296.25, [106.4375, 1783542, 28515872, 42142, 25504800, 39328]]
Arch_Param: [64, 16384, 16384, 8, 256, 256]
Samsung_cost: [9822176238.0, [402609.5, 25765412, 412205564, 519460, 51464892, 403041]] [15258907662.0, [618351.0, 39567471, 633078168, 629871, 85328280, 668271]] [1273781820.0, [52170.0, 3338270, 53412240, 104990, 6676880, 52170]] [20747128572.0, [850868.0, 54454342, 871269392, 309382, 108909584, 850868]] [1505631308.0, [61746.0, 3951366, 63221784, 29798, 7902744, 61746]] [1169772331446.0, [47949693.0, 3068770335, 49100323449, 42720639, 6138057081, 47954907]] [36265865468.0, [1486224.0, 95117430, 1521878880, 1720246, 190236512, 1490576]]
Model_cost: [8667747314.655405, [1032.8091216216217, 22447780, 359125692, 451588, 49399997, 81378]] [3912970542.0, [7467.0, 5333103, 85328280, 86895, 77870232, 92331]] [302065489.3333333, [15.333333333333332, 390430, 6246800, 13150, 6246800, 13130]] [5048963674.666666, [2511.6666666666665, 6635334, 106001424, 38734, 103508112, 115866]] [569483512.0, [191.0, 1085830, 17356824, 10118, 7767768, 9938]] [296450704379.7999, [1109.3500000000001, 383626383, 6138011769, 5340891, 6137123253, 7106490]] [1293617296.25, [106.4375, 1783542, 28515872, 42142, 25504800, 39328]]
Arch_Param: [64, 16384, 16384, 8, 512, 64]
Samsung_cost: [9830430112.0, [402609.5, 12882977, 412205564, 3236897, 51464892, 403041]] [15273985038.0, [618351.0, 19783791, 633078168, 4912239, 85328280, 668271]] [1273976120.0, [52170.0, 1669140, 53412240, 417300, 6676880, 52170]] [20781163632.0, [850868.0, 27227176, 871269392, 6806824, 108909584, 850868]] [1507939404.0, [61746.0, 1975686, 63221784, 493926, 7902744, 61746]] [1171134182070.0, [47949693.0, 1534385247, 49100323449, 383602047, 6138057081, 47954907]] [36300125054.0, [1486224.0, 47558715, 1521878880, 11924539, 190236512, 1490576]]
Model_cost: [8627158388.655405, [1092.8091216216217, 11224161, 359125692, 642657, 49399997, 84962]] [3902304558.0, [7467.0, 2666607, 85328280, 86895, 77870232, 92331]] [301284429.3333333, [15.333333333333332, 195220, 6246800, 13140, 6246800, 13130]] [5035733326.666666, [2511.6666666666665, 3327912, 106001424, 38704, 103508112, 115866]] [567316728.0, [191.0, 544134, 17356824, 10118, 7767768, 9938]] [295683453467.7999, [1109.3500000000001, 191813655, 6138011769, 5340891, 6137123253, 7106490]] [1290048914.25, [106.4375, 891771, 28515872, 42083, 25504800, 39328]]
Arch_Param: [64, 16384, 16384, 8, 512, 128]
Samsung_cost: [9770646432.0, [402609.5, 12882977, 412205564, 519457, 51464892, 403041]] [15179772942.0, [618351.0, 19783791, 633078168, 629871, 85328280, 668271]] [1267105080.0, [52170.0, 1669140, 53412240, 104980, 6676880, 52170]] [20638219248.0, [850868.0, 27227176, 871269392, 309352, 108909584, 850868]] [1497728588.0, [61746.0, 1975686, 63221784, 29798, 7902744, 61746]] [1163634791094.0, [47949693.0, 1534385247, 49100323449, 42720639, 6138057081, 47954907]] [36075629310.0, [1486224.0, 47558715, 1521878880, 1720187, 190236512, 1490576]]
Model_cost: [8622852772.655405, [1032.8091216216217, 11224161, 359125692, 451585, 49399997, 81378]] [3902304558.0, [7467.0, 2666607, 85328280, 86895, 77870232, 92331]] [301284429.3333333, [15.333333333333332, 195220, 6246800, 13140, 6246800, 13130]] [5035733326.666666, [2511.6666666666665, 3327912, 106001424, 38704, 103508112, 115866]] [567316728.0, [191.0, 544134, 17356824, 10118, 7767768, 9938]] [295683453467.7999, [1109.3500000000001, 191813655, 6138011769, 5340891, 6137123253, 7106490]] [1290048914.25, [106.4375, 891771, 28515872, 42083, 25504800, 39328]]
Arch_Param: [64, 16384, 16384, 8, 512, 256]
Samsung_cost: [9770646432.0, [402609.5, 12882977, 412205564, 519457, 51464892, 403041]] [15179772942.0, [618351.0, 19783791, 633078168, 629871, 85328280, 668271]] [1267105080.0, [52170.0, 1669140, 53412240, 104980, 6676880, 52170]] [20638219248.0, [850868.0, 27227176, 871269392, 309352, 108909584, 850868]] [1497728588.0, [61746.0, 1975686, 63221784, 29798, 7902744, 61746]] [1163634791094.0, [47949693.0, 1534385247, 49100323449, 42720639, 6138057081, 47954907]] [36075629310.0, [1486224.0, 47558715, 1521878880, 1720187, 190236512, 1490576]]
Model_cost: [8622852772.655405, [1032.8091216216217, 11224161, 359125692, 451585, 49399997, 81378]] [3902304558.0, [7467.0, 2666607, 85328280, 86895, 77870232, 92331]] [301284429.3333333, [15.333333333333332, 195220, 6246800, 13140, 6246800, 13130]] [5035733326.666666, [2511.6666666666665, 3327912, 106001424, 38704, 103508112, 115866]] [567316728.0, [191.0, 544134, 17356824, 10118, 7767768, 9938]] [295683453467.7999, [1109.3500000000001, 191813655, 6138011769, 5340891, 6137123253, 7106490]] [1290048914.25, [106.4375, 891771, 28515872, 42083, 25504800, 39328]]
Arch_Param: [64, 16384, 16384, 8, 512, 512]
Samsung_cost: [9770646432.0, [402609.5, 12882977, 412205564, 519457, 51464892, 403041]] [15179772942.0, [618351.0, 19783791, 633078168, 629871, 85328280, 668271]] [1267105080.0, [52170.0, 1669140, 53412240, 104980, 6676880, 52170]] [20638219248.0, [850868.0, 27227176, 871269392, 309352, 108909584, 850868]] [1497728588.0, [61746.0, 1975686, 63221784, 29798, 7902744, 61746]] [1163634791094.0, [47949693.0, 1534385247, 49100323449, 42720639, 6138057081, 47954907]] [36075629310.0, [1486224.0, 47558715, 1521878880, 1720187, 190236512, 1490576]]
Model_cost: [8622852772.655405, [1032.8091216216217, 11224161, 359125692, 451585, 49399997, 81378]] [3902304558.0, [7467.0, 2666607, 85328280, 86895, 77870232, 92331]] [301284429.3333333, [15.333333333333332, 195220, 6246800, 13140, 6246800, 13130]] [5035733326.666666, [2511.6666666666665, 3327912, 106001424, 38704, 103508112, 115866]] [567309568.0, [189.0, 543942, 17356824, 9830, 7767768, 9938]] [295683453467.7999, [1109.3500000000001, 191813655, 6138011769, 5340891, 6137123253, 7106490]] [1290048914.25, [106.4375, 891771, 28515872, 42083, 25504800, 39328]]
Arch_Param: [64, 16384, 16384, 8, 1024, 64]
Samsung_cost: [9804678560.0, [402609.5, 6445089, 412205564, 3236897, 51464892, 403041]] [15234417678.0, [618351.0, 9891951, 633078168, 4912239, 85328280, 668271]] [1270637620.0, [52170.0, 834570, 53412240, 417290, 6676880, 52170]] [20726708840.0, [850868.0, 13613588, 871269392, 6806804, 108909584, 850868]] [1503988044.0, [61746.0, 987846, 63221784, 493926, 7902744, 61746]] [1168065411894.0, [47949693.0, 767192703, 49100323449, 383602047, 6138057081, 47954907]] [36205007014.0, [1486224.0, 23779359, 1521878880, 11924511, 190236512, 1490576]]
Model_cost: [8604723572.655405, [1092.8091216216217, 5615457, 359125692, 642657, 49399997, 84962]] [3896971566.0, [7467.0, 1333359, 85328280, 86895, 77870232, 92331]] [300919369.3333333, [15.333333333333332, 104010, 6246800, 13130, 6246800, 13130]] [5029143622.666666, [2511.6666666666665, 1680596, 106001424, 38684, 103508112, 115866]] [566233336.0, [191.0, 273286, 17356824, 10118, 7767768, 9938]] [295299828011.7999, [1109.3500000000001, 95907291, 6138011769, 5340891, 6137123253, 7106490]] [1288267962.25, [106.4375, 446687, 28515872, 42055, 25504800, 39328]]
Arch_Param: [64, 16384, 16384, 8, 1024, 128]
Samsung_cost: [9744894880.0, [402609.5, 6445089, 412205564, 519457, 51464892, 403041]] [15140205582.0, [618351.0, 9891951, 633078168, 629871, 85328280, 668271]] [1263766580.0, [52170.0, 834570, 53412240, 104970, 6676880, 52170]] [20583764456.0, [850868.0, 13613588, 871269392, 309332, 108909584, 850868]] [1493777228.0, [61746.0, 987846, 63221784, 29798, 7902744, 61746]] [1160566020918.0, [47949693.0, 767192703, 49100323449, 42720639, 6138057081, 47954907]] [35980511270.0, [1486224.0, 23779359, 1521878880, 1720159, 190236512, 1490576]]
Model_cost: [8600417956.655405, [1032.8091216216217, 5615457, 359125692, 451585, 49399997, 81378]] [3896971566.0, [7467.0, 1333359, 85328280, 86895, 77870232, 92331]] [300919369.3333333, [15.333333333333332, 104010, 6246800, 13130, 6246800, 13130]] [5029143622.666666, [2511.6666666666665, 1680596, 106001424, 38684, 103508112, 115866]] [566233336.0, [191.0, 273286, 17356824, 10118, 7767768, 9938]] [295299828011.7999, [1109.3500000000001, 95907291, 6138011769, 5340891, 6137123253, 7106490]] [1288267962.25, [106.4375, 446687, 28515872, 42055, 25504800, 39328]]
Arch_Param: [64, 16384, 16384, 8, 1024, 256]
Samsung_cost: [9744894880.0, [402609.5, 6445089, 412205564, 519457, 51464892, 403041]] [15140205582.0, [618351.0, 9891951, 633078168, 629871, 85328280, 668271]] [1263766580.0, [52170.0, 834570, 53412240, 104970, 6676880, 52170]] [20583764456.0, [850868.0, 13613588, 871269392, 309332, 108909584, 850868]] [1493777228.0, [61746.0, 987846, 63221784, 29798, 7902744, 61746]] [1160566020918.0, [47949693.0, 767192703, 49100323449, 42720639, 6138057081, 47954907]] [35980511270.0, [1486224.0, 23779359, 1521878880, 1720159, 190236512, 1490576]]
Model_cost: [8600417956.655405, [1032.8091216216217, 5615457, 359125692, 451585, 49399997, 81378]] [3896971566.0, [7467.0, 1333359, 85328280, 86895, 77870232, 92331]] [300919369.3333333, [15.333333333333332, 104010, 6246800, 13130, 6246800, 13130]] [5029143622.666666, [2511.6666666666665, 1680596, 106001424, 38684, 103508112, 115866]] [566233336.0, [191.0, 273286, 17356824, 10118, 7767768, 9938]] [295299828011.7999, [1109.3500000000001, 95907291, 6138011769, 5340891, 6137123253, 7106490]] [1288267962.25, [106.4375, 446687, 28515872, 42055, 25504800, 39328]]
Arch_Param: [64, 16384, 16384, 8, 1024, 512]
Samsung_cost: [9744894880.0, [402609.5, 6445089, 412205564, 519457, 51464892, 403041]] [15140205582.0, [618351.0, 9891951, 633078168, 629871, 85328280, 668271]] [1263766580.0, [52170.0, 834570, 53412240, 104970, 6676880, 52170]] [20583764456.0, [850868.0, 13613588, 871269392, 309332, 108909584, 850868]] [1493777228.0, [61746.0, 987846, 63221784, 29798, 7902744, 61746]] [1160566020918.0, [47949693.0, 767192703, 49100323449, 42720639, 6138057081, 47954907]] [35980511270.0, [1486224.0, 23779359, 1521878880, 1720159, 190236512, 1490576]]
Model_cost: [8600417956.655405, [1032.8091216216217, 5615457, 359125692, 451585, 49399997, 81378]] [3896971566.0, [7467.0, 1333359, 85328280, 86895, 77870232, 92331]] [300919369.3333333, [15.333333333333332, 104010, 6246800, 13130, 6246800, 13130]] [5029143622.666666, [2511.6666666666665, 1680596, 106001424, 38684, 103508112, 115866]] [566225792.0, [189.0, 272998, 17356824, 9830, 7767768, 9938]] [295299828011.7999, [1109.3500000000001, 95907291, 6138011769, 5340891, 6137123253, 7106490]] [1288267962.25, [106.4375, 446687, 28515872, 42055, 25504800, 39328]]
Arch_Param: [64, 16384, 16384, 16, 256, 64]
Samsung_cost: [9636886894.0, [392401.5, 25112100, 401767932, 3146788, 50350780, 394337]] [15353119758.0, [618351.0, 39567471, 633078168, 4912239, 85328280, 668271]] [1280652860.0, [52170.0, 3338270, 53412240, 417310, 6676880, 52170]] [20890072956.0, [850868.0, 54454342, 871269392, 6806854, 108909584, 850868]] [1499588700.0, [61084.0, 3908998, 62543896, 488630, 7818008, 61084]] [1177271722422.0, [47949693.0, 3068770335, 49100323449, 383602047, 6138057081, 47954907]] [36440078716.0, [1484176.0, 94986358, 1519781728, 11908214, 189974368, 1488528]]
Model_cost: [5527436149.331081, [591.7618243243244, 12767908, 204263100, 254884, 49399997, 81378]] [3912970542.0, [7467.0, 5333103, 85328280, 86895, 77870232, 92331]] [302065489.3333333, [15.333333333333332, 390430, 6246800, 13150, 6246800, 13130]] [5048963674.666666, [2511.6666666666665, 6635334, 106001424, 38734, 103508112, 115866]] [393630280.0, [107.0, 542918, 8678424, 5062, 7767768, 9938]] [296450704379.7999, [1109.3500000000001, 383626383, 6138011769, 5340891, 6137123253, 7106490]] [1249656302.0, [91.5, 1647862, 26354976, 33054, 25504800, 39328]]
Arch_Param: [64, 16384, 16384, 16, 256, 128]
Samsung_cost: [9578274670.0, [392401.5, 25112100, 401767932, 482596, 50350780, 394337]] [15258907662.0, [618351.0, 39567471, 633078168, 629871, 85328280, 668271]] [1273781820.0, [52170.0, 3338270, 53412240, 104990, 6676880, 52170]] [20747128572.0, [850868.0, 54454342, 871269392, 309382, 108909584, 850868]] [1489470812.0, [61084.0, 3908998, 62543896, 28726, 7818008, 61084]] [1169772331446.0, [47949693.0, 3068770335, 49100323449, 42720639, 6138057081, 47954907]] [36215763196.0, [1484176.0, 94986358, 1519781728, 1712054, 189974368, 1488528]]
Model_cost: [5527436149.331081, [591.7618243243244, 12767908, 204263100, 254884, 49399997, 81378]] [3912970542.0, [7467.0, 5333103, 85328280, 86895, 77870232, 92331]] [302065489.3333333, [15.333333333333332, 390430, 6246800, 13150, 6246800, 13130]] [5048963674.666666, [2511.6666666666665, 6635334, 106001424, 38734, 103508112, 115866]] [393630280.0, [107.0, 542918, 8678424, 5062, 7767768, 9938]] [296450704379.7999, [1109.3500000000001, 383626383, 6138011769, 5340891, 6137123253, 7106490]] [1249656302.0, [91.5, 1647862, 26354976, 33054, 25504800, 39328]]
Arch_Param: [64, 16384, 16384, 16, 256, 256]
Samsung_cost: [9578274670.0, [392401.5, 25112100, 401767932, 482596, 50350780, 394337]] [15258907662.0, [618351.0, 39567471, 633078168, 629871, 85328280, 668271]] [1273781820.0, [52170.0, 3338270, 53412240, 104990, 6676880, 52170]] [20747128572.0, [850868.0, 54454342, 871269392, 309382, 108909584, 850868]] [1489470812.0, [61084.0, 3908998, 62543896, 28726, 7818008, 61084]] [1169772331446.0, [47949693.0, 3068770335, 49100323449, 42720639, 6138057081, 47954907]] [36215763196.0, [1484176.0, 94986358, 1519781728, 1712054, 189974368, 1488528]]
Model_cost: [5527436149.331081, [591.7618243243244, 12767908, 204263100, 254884, 49399997, 81378]] [3912970542.0, [7467.0, 5333103, 85328280, 86895, 77870232, 92331]] [302065489.3333333, [15.333333333333332, 390430, 6246800, 13150, 6246800, 13130]] [5048963674.666666, [2511.6666666666665, 6635334, 106001424, 38734, 103508112, 115866]] [393627028.0, [104.0, 542918, 8678424, 4918, 7767768, 9938]] [296450704379.7999, [1109.3500000000001, 383626383, 6138011769, 5340891, 6137123253, 7106490]] [1249656302.0, [91.5, 1647862, 26354976, 33054, 25504800, 39328]]
Arch_Param: [64, 16384, 16384, 16, 512, 64]
Samsung_cost: [9586663712.0, [392401.5, 12556321, 401767932, 3146785, 50350780, 394337]] [15273985038.0, [618351.0, 19783791, 633078168, 4912239, 85328280, 668271]] [1273976120.0, [52170.0, 1669140, 53412240, 417300, 6676880, 52170]] [20781163632.0, [850868.0, 27227176, 871269392, 6806824, 108909584, 850868]] [1491770716.0, [61084.0, 1954502, 62543896, 488630, 7818008, 61084]] [1171134182070.0, [47949693.0, 1534385247, 49100323449, 383602047, 6138057081, 47954907]] [36250104702.0, [1484176.0, 47493179, 1519781728, 11908155, 189974368, 1488528]]
Model_cost: [5501901351.331081, [591.7618243243244, 6384225, 204263100, 254881, 49399997, 81378]] [3902304558.0, [7467.0, 2666607, 85328280, 86895, 77870232, 92331]] [301284429.3333333, [15.333333333333332, 195220, 6246800, 13140, 6246800, 13130]] [5035733326.666666, [2511.6666666666665, 3327912, 106001424, 38704, 103508112, 115866]] [392546888.0, [107.0, 272070, 8678424, 5062, 7767768, 9938]] [295683453467.7999, [1109.3500000000001, 191813655, 6138011769, 5340891, 6137123253, 7106490]] [1246359280.0, [91.5, 823931, 26354976, 32995, 25504800, 39328]]
Arch_Param: [64, 16384, 16384, 16, 512, 128]
Samsung_cost: [9528051488.0, [392401.5, 12556321, 401767932, 482593, 50350780, 394337]] [15179772942.0, [618351.0, 19783791, 633078168, 629871, 85328280, 668271]] [1267105080.0, [52170.0, 1669140, 53412240, 104980, 6676880, 52170]] [20638219248.0, [850868.0, 27227176, 871269392, 309352, 108909584, 850868]] [1481652828.0, [61084.0, 1954502, 62543896, 28726, 7818008, 61084]] [1163634791094.0, [47949693.0, 1534385247, 49100323449, 42720639, 6138057081, 47954907]] [36025789182.0, [1484176.0, 47493179, 1519781728, 1711995, 189974368, 1488528]]
Model_cost: [5501901351.331081, [591.7618243243244, 6384225, 204263100, 254881, 49399997, 81378]] [3902304558.0, [7467.0, 2666607, 85328280, 86895, 77870232, 92331]] [301284429.3333333, [15.333333333333332, 195220, 6246800, 13140, 6246800, 13130]] [5035733326.666666, [2511.6666666666665, 3327912, 106001424, 38704, 103508112, 115866]] [392546888.0, [107.0, 272070, 8678424, 5062, 7767768, 9938]] [295683453467.7999, [1109.3500000000001, 191813655, 6138011769, 5340891, 6137123253, 7106490]] [1246359280.0, [91.5, 823931, 26354976, 32995, 25504800, 39328]]
Arch_Param: [64, 16384, 16384, 16, 512, 256]
Samsung_cost: [9528051488.0, [392401.5, 12556321, 401767932, 482593, 50350780, 394337]] [15179772942.0, [618351.0, 19783791, 633078168, 629871, 85328280, 668271]] [1267105080.0, [52170.0, 1669140, 53412240, 104980, 6676880, 52170]] [20638219248.0, [850868.0, 27227176, 871269392, 309352, 108909584, 850868]] [1481652828.0, [61084.0, 1954502, 62543896, 28726, 7818008, 61084]] [1163634791094.0, [47949693.0, 1534385247, 49100323449, 42720639, 6138057081, 47954907]] [36025789182.0, [1484176.0, 47493179, 1519781728, 1711995, 189974368, 1488528]]
Model_cost: [5501901351.331081, [591.7618243243244, 6384225, 204263100, 254881, 49399997, 81378]] [3902304558.0, [7467.0, 2666607, 85328280, 86895, 77870232, 92331]] [301284429.3333333, [15.333333333333332, 195220, 6246800, 13140, 6246800, 13130]] [5035733326.666666, [2511.6666666666665, 3327912, 106001424, 38704, 103508112, 115866]] [392543252.0, [104.0, 271974, 8678424, 4918, 7767768, 9938]] [295683453467.7999, [1109.3500000000001, 191813655, 6138011769, 5340891, 6137123253, 7106490]] [1246359280.0, [91.5, 823931, 26354976, 32995, 25504800, 39328]]
Arch_Param: [64, 16384, 16384, 16, 512, 512]
Samsung_cost: [9528051488.0, [392401.5, 12556321, 401767932, 482593, 50350780, 394337]] [15179772942.0, [618351.0, 19783791, 633078168, 629871, 85328280, 668271]] [1267105080.0, [52170.0, 1669140, 53412240, 104980, 6676880, 52170]] [20638219248.0, [850868.0, 27227176, 871269392, 309352, 108909584, 850868]] [1481652828.0, [61084.0, 1954502, 62543896, 28726, 7818008, 61084]] [1163634791094.0, [47949693.0, 1534385247, 49100323449, 42720639, 6138057081, 47954907]] [36025789182.0, [1484176.0, 47493179, 1519781728, 1711995, 189974368, 1488528]]
Model_cost: [5501901351.331081, [591.7618243243244, 6384225, 204263100, 254881, 49399997, 81378]] [3902304558.0, [7467.0, 2666607, 85328280, 86895, 77870232, 92331]] [301284429.3333333, [15.333333333333332, 195220, 6246800, 13140, 6246800, 13130]] [5035733326.666666, [2511.6666666666665, 3327912, 106001424, 38704, 103508112, 115866]] [392543252.0, [104.0, 271974, 8678424, 4918, 7767768, 9938]] [295683453467.7999, [1109.3500000000001, 191813655, 6138011769, 5340891, 6137123253, 7106490]] [1246359280.0, [91.5, 823931, 26354976, 32995, 25504800, 39328]]
Arch_Param: [64, 16384, 16384, 16, 1024, 64]
Samsung_cost: [9561559328.0, [392401.5, 6280225, 401767932, 3146785, 50350780, 394337]] [15234417678.0, [618351.0, 9891951, 633078168, 4912239, 85328280, 668271]] [1270637620.0, [52170.0, 834570, 53412240, 417290, 6676880, 52170]] [20726708840.0, [850868.0, 13613588, 871269392, 6806804, 108909584, 850868]] [1487861724.0, [61084.0, 977254, 62543896, 488630, 7818008, 61084]] [1168065411894.0, [47949693.0, 767192703, 49100323449, 383602047, 6138057081, 47954907]] [36155117734.0, [1484176.0, 23746591, 1519781728, 11908127, 189974368, 1488528]]
Model_cost: [5489140263.331081, [591.7618243243244, 3193953, 204263100, 254881, 49399997, 81378]] [3896971566.0, [7467.0, 1333359, 85328280, 86895, 77870232, 92331]] [300919369.3333333, [15.333333333333332, 104010, 6246800, 13130, 6246800, 13130]] [5029143622.666666, [2511.6666666666665, 1680596, 106001424, 38684, 103508112, 115866]] [392005192.0, [107.0, 136646, 8678424, 5062, 7767768, 9938]] [295299828011.7999, [1109.3500000000001, 95907291, 6138011769, 5340891, 6137123253, 7106490]] [1244712472.0, [91.5, 412383, 26354976, 32967, 25504800, 39328]]
Arch_Param: [64, 16384, 16384, 16, 1024, 128]
Samsung_cost: [9502947104.0, [392401.5, 6280225, 401767932, 482593, 50350780, 394337]] [15140205582.0, [618351.0, 9891951, 633078168, 629871, 85328280, 668271]] [1263766580.0, [52170.0, 834570, 53412240, 104970, 6676880, 52170]] [20583764456.0, [850868.0, 13613588, 871269392, 309332, 108909584, 850868]] [1477743836.0, [61084.0, 977254, 62543896, 28726, 7818008, 61084]] [1160566020918.0, [47949693.0, 767192703, 49100323449, 42720639, 6138057081, 47954907]] [35930802214.0, [1484176.0, 23746591, 1519781728, 1711967, 189974368, 1488528]]
Model_cost: [5489140263.331081, [591.7618243243244, 3193953, 204263100, 254881, 49399997, 81378]] [3896971566.0, [7467.0, 1333359, 85328280, 86895, 77870232, 92331]] [300919369.3333333, [15.333333333333332, 104010, 6246800, 13130, 6246800, 13130]] [5029143622.666666, [2511.6666666666665, 1680596, 106001424, 38684, 103508112, 115866]] [392005192.0, [107.0, 136646, 8678424, 5062, 7767768, 9938]] [295299828011.7999, [1109.3500000000001, 95907291, 6138011769, 5340891, 6137123253, 7106490]] [1244712472.0, [91.5, 412383, 26354976, 32967, 25504800, 39328]]
Arch_Param: [64, 16384, 16384, 16, 1024, 256]
Samsung_cost: [9502947104.0, [392401.5, 6280225, 401767932, 482593, 50350780, 394337]] [15140205582.0, [618351.0, 9891951, 633078168, 629871, 85328280, 668271]] [1263766580.0, [52170.0, 834570, 53412240, 104970, 6676880, 52170]] [20583764456.0, [850868.0, 13613588, 871269392, 309332, 108909584, 850868]] [1477743836.0, [61084.0, 977254, 62543896, 28726, 7818008, 61084]] [1160566020918.0, [47949693.0, 767192703, 49100323449, 42720639, 6138057081, 47954907]] [35930802214.0, [1484176.0, 23746591, 1519781728, 1711967, 189974368, 1488528]]
Model_cost: [5489140263.331081, [591.7618243243244, 3193953, 204263100, 254881, 49399997, 81378]] [3896971566.0, [7467.0, 1333359, 85328280, 86895, 77870232, 92331]] [300919369.3333333, [15.333333333333332, 104010, 6246800, 13130, 6246800, 13130]] [5029143622.666666, [2511.6666666666665, 1680596, 106001424, 38684, 103508112, 115866]] [392001364.0, [104.0, 136502, 8678424, 4918, 7767768, 9938]] [295299828011.7999, [1109.3500000000001, 95907291, 6138011769, 5340891, 6137123253, 7106490]] [1244712472.0, [91.5, 412383, 26354976, 32967, 25504800, 39328]]
Arch_Param: [64, 16384, 16384, 16, 1024, 512]
Samsung_cost: [9502947104.0, [392401.5, 6280225, 401767932, 482593, 50350780, 394337]] [15140205582.0, [618351.0, 9891951, 633078168, 629871, 85328280, 668271]] [1263766580.0, [52170.0, 834570, 53412240, 104970, 6676880, 52170]] [20583764456.0, [850868.0, 13613588, 871269392, 309332, 108909584, 850868]] [1477743836.0, [61084.0, 977254, 62543896, 28726, 7818008, 61084]] [1160566020918.0, [47949693.0, 767192703, 49100323449, 42720639, 6138057081, 47954907]] [35930802214.0, [1484176.0, 23746591, 1519781728, 1711967, 189974368, 1488528]]
Model_cost: [5489140263.331081, [591.7618243243244, 3193953, 204263100, 254881, 49399997, 81378]] [3896971566.0, [7467.0, 1333359, 85328280, 86895, 77870232, 92331]] [300919369.3333333, [15.333333333333332, 104010, 6246800, 13130, 6246800, 13130]] [5029143622.666666, [2511.6666666666665, 1680596, 106001424, 38684, 103508112, 115866]] [392001364.0, [104.0, 136502, 8678424, 4918, 7767768, 9938]] [295299828011.7999, [1109.3500000000001, 95907291, 6138011769, 5340891, 6137123253, 7106490]] [1244712472.0, [91.5, 412383, 26354976, 32967, 25504800, 39328]]
Arch_Param: [64, 16384, 16384, 32, 256, 64]
Samsung_cost: [9514350382.0, [387297.5, 24785444, 396549116, 3101732, 49793724, 389985]] [15353119758.0, [618351.0, 39567471, 633078168, 4912239, 85328280, 668271]] [1280652860.0, [52170.0, 3338270, 53412240, 417310, 6676880, 52170]] [20890072956.0, [850868.0, 54454342, 871269392, 6806854, 108909584, 850868]] [1491461988.0, [60753.0, 3887814, 62204952, 485982, 7775640, 60753]] [1177271722422.0, [47949693.0, 3068770335, 49100323449, 383602047, 6138057081, 47954907]] [36414937468.0, [1483152.0, 94920822, 1518733152, 11900022, 189843296, 1487504]]
Model_cost: [3462988087.6689186, [328.9881756756757, 6404260, 102452412, 128868, 49399997, 81378]] [3912970542.0, [7467.0, 5333103, 85328280, 86895, 77870232, 92331]] [302065489.3333333, [15.333333333333332, 390430, 6246800, 13150, 6246800, 13130]] [5048963674.666666, [2511.6666666666665, 6635334, 106001424, 38734, 103508112, 115866]] [382712668.0, [78.0, 509030, 8140312, 4198, 7767768, 9938]] [296450704379.7999, [1109.3500000000001, 383626383, 6138011769, 5340891, 6137123253, 7106490]] [1238482503.1666667, [85.54166666666667, 1613302, 25807008, 29598, 25504800, 39328]]
Arch_Param: [64, 16384, 16384, 32, 256, 128]
Samsung_cost: [9456323886.0, [387297.5, 24785444, 396549116, 464164, 49793724, 389985]] [15258907662.0, [618351.0, 39567471, 633078168, 629871, 85328280, 668271]] [1273781820.0, [52170.0, 3338270, 53412240, 104990, 6676880, 52170]] [20747128572.0, [850868.0, 54454342, 871269392, 309382, 108909584, 850868]] [1481390564.0, [60753.0, 3887814, 62204952, 28190, 7775640, 60753]] [1169772331446.0, [47949693.0, 3068770335, 49100323449, 42720639, 6138057081, 47954907]] [36190712060.0, [1483152.0, 94920822, 1518733152, 1707958, 189843296, 1487504]]
Model_cost: [3462988087.6689186, [328.9881756756757, 6404260, 102452412, 128868, 49399997, 81378]] [3912970542.0, [7467.0, 5333103, 85328280, 86895, 77870232, 92331]] [302065489.3333333, [15.333333333333332, 390430, 6246800, 13150, 6246800, 13130]] [5048963674.666666, [2511.6666666666665, 6635334, 106001424, 38734, 103508112, 115866]] [382711000.0, [75.0, 509030, 8140312, 4126, 7767768, 9938]] [296450704379.7999, [1109.3500000000001, 383626383, 6138011769, 5340891, 6137123253, 7106490]] [1238482503.1666667, [85.54166666666667, 1613302, 25807008, 29598, 25504800, 39328]]
Arch_Param: [64, 16384, 16384, 32, 256, 256]
Samsung_cost: [9456323886.0, [387297.5, 24785444, 396549116, 464164, 49793724, 389985]] [15258907662.0, [618351.0, 39567471, 633078168, 629871, 85328280, 668271]] [1273781820.0, [52170.0, 3338270, 53412240, 104990, 6676880, 52170]] [20747128572.0, [850868.0, 54454342, 871269392, 309382, 108909584, 850868]] [1481390564.0, [60753.0, 3887814, 62204952, 28190, 7775640, 60753]] [1169772331446.0, [47949693.0, 3068770335, 49100323449, 42720639, 6138057081, 47954907]] [36190712060.0, [1483152.0, 94920822, 1518733152, 1707958, 189843296, 1487504]]
Model_cost: [3462988087.6689186, [328.9881756756757, 6404260, 102452412, 128868, 49399997, 81378]] [3912970542.0, [7467.0, 5333103, 85328280, 86895, 77870232, 92331]] [302065489.3333333, [15.333333333333332, 390430, 6246800, 13150, 6246800, 13130]] [5048963674.666666, [2511.6666666666665, 6635334, 106001424, 38734, 103508112, 115866]] [382711000.0, [75.0, 509030, 8140312, 4126, 7767768, 9938]] [296450704379.7999, [1109.3500000000001, 383626383, 6138011769, 5340891, 6137123253, 7106490]] [1238482503.1666667, [85.54166666666667, 1613302, 25807008, 29598, 25504800, 39328]]
Arch_Param: [64, 16384, 16384, 32, 512, 64]
Samsung_cost: [9464780512.0, [387297.5, 12392993, 396549116, 3101729, 49793724, 389985]] [15273985038.0, [618351.0, 19783791, 633078168, 4912239, 85328280, 668271]] [1273976120.0, [52170.0, 1669140, 53412240, 417300, 6676880, 52170]] [20781163632.0, [850868.0, 27227176, 871269392, 6806824, 108909584, 850868]] [1483686372.0, [60753.0, 1943910, 62204952, 485982, 7775640, 60753]] [1171134182070.0, [47949693.0, 1534385247, 49100323449, 383602047, 6138057081, 47954907]] [36225094526.0, [1483152.0, 47460411, 1518733152, 11899963, 189843296, 1487504]]
Model_cost: [3450180585.6689186, [328.9881756756757, 3202401, 102452412, 128865, 49399997, 81378]] [3902304558.0, [7467.0, 2666607, 85328280, 86895, 77870232, 92331]] [301284429.3333333, [15.333333333333332, 195220, 6246800, 13140, 6246800, 13130]] [5035733326.666666, [2511.6666666666665, 3327912, 106001424, 38704, 103508112, 115866]] [381695836.0, [78.0, 254822, 8140312, 4198, 7767768, 9938]] [295683453467.7999, [1109.3500000000001, 191813655, 6138011769, 5340891, 6137123253, 7106490]] [1235254601.1666667, [85.54166666666667, 806651, 25807008, 29539, 25504800, 39328]]
Arch_Param: [64, 16384, 16384, 32, 512, 128]
Samsung_cost: [9406754016.0, [387297.5, 12392993, 396549116, 464161, 49793724, 389985]] [15179772942.0, [618351.0, 19783791, 633078168, 629871, 85328280, 668271]] [1267105080.0, [52170.0, 1669140, 53412240, 104980, 6676880, 52170]] [20638219248.0, [850868.0, 27227176, 871269392, 309352, 108909584, 850868]] [1473614948.0, [60753.0, 1943910, 62204952, 28190, 7775640, 60753]] [1163634791094.0, [47949693.0, 1534385247, 49100323449, 42720639, 6138057081, 47954907]] [36000869118.0, [1483152.0, 47460411, 1518733152, 1707899, 189843296, 1487504]]
Model_cost: [3450180585.6689186, [328.9881756756757, 3202401, 102452412, 128865, 49399997, 81378]] [3902304558.0, [7467.0, 2666607, 85328280, 86895, 77870232, 92331]] [301284429.3333333, [15.333333333333332, 195220, 6246800, 13140, 6246800, 13130]] [5035733326.666666, [2511.6666666666665, 3327912, 106001424, 38704, 103508112, 115866]] [381693976.0, [75.0, 254774, 8140312, 4126, 7767768, 9938]] [295683453467.7999, [1109.3500000000001, 191813655, 6138011769, 5340891, 6137123253, 7106490]] [1235254601.1666667, [85.54166666666667, 806651, 25807008, 29539, 25504800, 39328]]
Arch_Param: [64, 16384, 16384, 32, 512, 256]
Samsung_cost: [9406754016.0, [387297.5, 12392993, 396549116, 464161, 49793724, 389985]] [15179772942.0, [618351.0, 19783791, 633078168, 629871, 85328280, 668271]] [1267105080.0, [52170.0, 1669140, 53412240, 104980, 6676880, 52170]] [20638219248.0, [850868.0, 27227176, 871269392, 309352, 108909584, 850868]] [1473614948.0, [60753.0, 1943910, 62204952, 28190, 7775640, 60753]] [1163634791094.0, [47949693.0, 1534385247, 49100323449, 42720639, 6138057081, 47954907]] [36000869118.0, [1483152.0, 47460411, 1518733152, 1707899, 189843296, 1487504]]
Model_cost: [3450180585.6689186, [328.9881756756757, 3202401, 102452412, 128865, 49399997, 81378]] [3902304558.0, [7467.0, 2666607, 85328280, 86895, 77870232, 92331]] [301284429.3333333, [15.333333333333332, 195220, 6246800, 13140, 6246800, 13130]] [5035733326.666666, [2511.6666666666665, 3327912, 106001424, 38704, 103508112, 115866]] [381693976.0, [75.0, 254774, 8140312, 4126, 7767768, 9938]] [295683453467.7999, [1109.3500000000001, 191813655, 6138011769, 5340891, 6137123253, 7106490]] [1235254601.1666667, [85.54166666666667, 806651, 25807008, 29539, 25504800, 39328]]
Arch_Param: [64, 16384, 16384, 32, 512, 512]
Samsung_cost: [9406754016.0, [387297.5, 12392993, 396549116, 464161, 49793724, 389985]] [15179772942.0, [618351.0, 19783791, 633078168, 629871, 85328280, 668271]] [1267105080.0, [52170.0, 1669140, 53412240, 104980, 6676880, 52170]] [20638219248.0, [850868.0, 27227176, 871269392, 309352, 108909584, 850868]] [1473614948.0, [60753.0, 1943910, 62204952, 28190, 7775640, 60753]] [1163634791094.0, [47949693.0, 1534385247, 49100323449, 42720639, 6138057081, 47954907]] [36000869118.0, [1483152.0, 47460411, 1518733152, 1707899, 189843296, 1487504]]
Model_cost: [3450180585.6689186, [328.9881756756757, 3202401, 102452412, 128865, 49399997, 81378]] [3902304558.0, [7467.0, 2666607, 85328280, 86895, 77870232, 92331]] [301284429.3333333, [15.333333333333332, 195220, 6246800, 13140, 6246800, 13130]] [5035733326.666666, [2511.6666666666665, 3327912, 106001424, 38704, 103508112, 115866]] [381693976.0, [75.0, 254774, 8140312, 4126, 7767768, 9938]] [295683453467.7999, [1109.3500000000001, 191813655, 6138011769, 5340891, 6137123253, 7106490]] [1235254601.1666667, [85.54166666666667, 806651, 25807008, 29539, 25504800, 39328]]
Arch_Param: [64, 16384, 16384, 32, 1024, 64]
Samsung_cost: [9439999712.0, [387297.5, 6197793, 396549116, 3101729, 49793724, 389985]] [15234417678.0, [618351.0, 9891951, 633078168, 4912239, 85328280, 668271]] [1270637620.0, [52170.0, 834570, 53412240, 417290, 6676880, 52170]] [20726708840.0, [850868.0, 13613588, 871269392, 6806804, 108909584, 850868]] [1479798564.0, [60753.0, 971958, 62204952, 485982, 7775640, 60753]] [1168065411894.0, [47949693.0, 767192703, 49100323449, 383602047, 6138057081, 47954907]] [36130173094.0, [1483152.0, 23730207, 1518733152, 11899935, 189843296, 1487504]]
Model_cost: [3443780073.6689186, [328.9881756756757, 1602273, 102452412, 128865, 49399997, 81378]] [3896971566.0, [7467.0, 1333359, 85328280, 86895, 77870232, 92331]] [300919369.3333333, [15.333333333333332, 104010, 6246800, 13130, 6246800, 13130]] [5029143622.666666, [2511.6666666666665, 1680596, 106001424, 38684, 103508112, 115866]] [381187420.0, [78.0, 127718, 8140312, 4198, 7767768, 9938]] [295299828011.7999, [1109.3500000000001, 95907291, 6138011769, 5340891, 6137123253, 7106490]] [1233641585.1666667, [85.54166666666667, 403551, 25807008, 29511, 25504800, 39328]]
Arch_Param: [64, 16384, 16384, 32, 1024, 128]
Samsung_cost: [9381973216.0, [387297.5, 6197793, 396549116, 464161, 49793724, 389985]] [15140205582.0, [618351.0, 9891951, 633078168, 629871, 85328280, 668271]] [1263766580.0, [52170.0, 834570, 53412240, 104970, 6676880, 52170]] [20583764456.0, [850868.0, 13613588, 871269392, 309332, 108909584, 850868]] [1469727140.0, [60753.0, 971958, 62204952, 28190, 7775640, 60753]] [1160566020918.0, [47949693.0, 767192703, 49100323449, 42720639, 6138057081, 47954907]] [35905947686.0, [1483152.0, 23730207, 1518733152, 1707871, 189843296, 1487504]]
Model_cost: [3443780073.6689186, [328.9881756756757, 1602273, 102452412, 128865, 49399997, 81378]] [3896971566.0, [7467.0, 1333359, 85328280, 86895, 77870232, 92331]] [300919369.3333333, [15.333333333333332, 104010, 6246800, 13130, 6246800, 13130]] [5029143622.666666, [2511.6666666666665, 1680596, 106001424, 38684, 103508112, 115866]] [381185464.0, [75.0, 127646, 8140312, 4126, 7767768, 9938]] [295299828011.7999, [1109.3500000000001, 95907291, 6138011769, 5340891, 6137123253, 7106490]] [1233641585.1666667, [85.54166666666667, 403551, 25807008, 29511, 25504800, 39328]]
Arch_Param: [64, 16384, 16384, 32, 1024, 256]
Samsung_cost: [9381973216.0, [387297.5, 6197793, 396549116, 464161, 49793724, 389985]] [15140205582.0, [618351.0, 9891951, 633078168, 629871, 85328280, 668271]] [1263766580.0, [52170.0, 834570, 53412240, 104970, 6676880, 52170]] [20583764456.0, [850868.0, 13613588, 871269392, 309332, 108909584, 850868]] [1469727140.0, [60753.0, 971958, 62204952, 28190, 7775640, 60753]] [1160566020918.0, [47949693.0, 767192703, 49100323449, 42720639, 6138057081, 47954907]] [35905947686.0, [1483152.0, 23730207, 1518733152, 1707871, 189843296, 1487504]]
Model_cost: [3443780073.6689186, [328.9881756756757, 1602273, 102452412, 128865, 49399997, 81378]] [3896971566.0, [7467.0, 1333359, 85328280, 86895, 77870232, 92331]] [300919369.3333333, [15.333333333333332, 104010, 6246800, 13130, 6246800, 13130]] [5029143622.666666, [2511.6666666666665, 1680596, 106001424, 38684, 103508112, 115866]] [381185464.0, [75.0, 127646, 8140312, 4126, 7767768, 9938]] [295299828011.7999, [1109.3500000000001, 95907291, 6138011769, 5340891, 6137123253, 7106490]] [1233641585.1666667, [85.54166666666667, 403551, 25807008, 29511, 25504800, 39328]]
Arch_Param: [64, 16384, 16384, 32, 1024, 512]
Samsung_cost: [9381973216.0, [387297.5, 6197793, 396549116, 464161, 49793724, 389985]] [15140205582.0, [618351.0, 9891951, 633078168, 629871, 85328280, 668271]] [1263766580.0, [52170.0, 834570, 53412240, 104970, 6676880, 52170]] [20583764456.0, [850868.0, 13613588, 871269392, 309332, 108909584, 850868]] [1469727140.0, [60753.0, 971958, 62204952, 28190, 7775640, 60753]] [1160566020918.0, [47949693.0, 767192703, 49100323449, 42720639, 6138057081, 47954907]] [35905947686.0, [1483152.0, 23730207, 1518733152, 1707871, 189843296, 1487504]]
Model_cost: [3443780073.6689186, [328.9881756756757, 1602273, 102452412, 128865, 49399997, 81378]] [3896971566.0, [7467.0, 1333359, 85328280, 86895, 77870232, 92331]] [300919369.3333333, [15.333333333333332, 104010, 6246800, 13130, 6246800, 13130]] [5029143622.666666, [2511.6666666666665, 1680596, 106001424, 38684, 103508112, 115866]] [381185464.0, [75.0, 127646, 8140312, 4126, 7767768, 9938]] [295299828011.7999, [1109.3500000000001, 95907291, 6138011769, 5340891, 6137123253, 7106490]] [1233641585.1666667, [85.54166666666667, 403551, 25807008, 29511, 25504800, 39328]]
Arch_Param: [64, 16384, 8192, 4, 256, 64]
Samsung_cost: [19688751804.0, [1603522.0, 51312164, 820922876, 6444068, 102001340, 797857]] [15370430478.0, [1236591.0, 39567471, 633078168, 4912239, 85328280, 668271]] [1282113340, [104330, 3338270, 53412240, 417310, 6676880, 52170]] [20913896700, [1701716, 54454342, 871269392, 6806854, 108909584, 850868]] [1575284684, [128182, 4101638, 65626136, 512710, 8203288, 64094]] [1178614309374.0, [95899227.0, 3068770335, 49100323449, 383602047, 6138057081, 47954907]] [36988957564.0, [3010832.0, 96346230, 1541539680, 12113014, 192137056, 1505424]]
Model_cost: [14958609660.277779, [3801.152777777778, 41814564, 668963196, 1200100, 49399997, 84962]] [3913176510.0, [14823.0, 5333103, 85328280, 86895, 77870232, 92331]] [302065648.0, [21.0, 390430, 6246800, 13150, 6246800, 13130]] [5049033460.0, [5004.0, 6635334, 106001424, 38734, 103508112, 115866]] [921199832, [711, 2171654, 34713624, 20230, 7767768, 9938]] [296450733140.0, [2136.5, 383626383, 6138011769, 5340891, 6137123253, 7106490]] [1381542513.5, [251.625, 2054902, 32837664, 60318, 25504800, 39328]]
Arch_Param: [64, 16384, 8192, 4, 256, 128]
Samsung_cost: [19569499836.0, [1603522.0, 51312164, 820922876, 1023524, 102001340, 797857]] [15276218382.0, [1236591.0, 39567471, 633078168, 629871, 85328280, 668271]] [1275242300, [104330, 3338270, 53412240, 104990, 6676880, 52170]] [20770952316, [1701716, 54454342, 871269392, 309382, 108909584, 850868]] [1564730316, [128182, 4101638, 65626136, 32966, 8203288, 64094]] [1171114918398.0, [95899227.0, 3068770335, 49100323449, 42720639, 6138057081, 47954907]] [36762749692.0, [3010832.0, 96346230, 1541539680, 1830838, 192137056, 1505424]]
Model_cost: [14958609660.277779, [3801.152777777778, 41814564, 668963196, 1200100, 49399997, 84962]] [3913176510.0, [14823.0, 5333103, 85328280, 86895, 77870232, 92331]] [302065648.0, [21.0, 390430, 6246800, 13150, 6246800, 13130]] [5049033460.0, [5004.0, 6635334, 106001424, 38734, 103508112, 115866]] [921199832, [711, 2171654, 34713624, 20230, 7767768, 9938]] [296450733140.0, [2136.5, 383626383, 6138011769, 5340891, 6137123253, 7106490]] [1381542513.5, [251.625, 2054902, 32837664, 60318, 25504800, 39328]]
Arch_Param: [64, 16384, 8192, 4, 256, 256]
Samsung_cost: [19569499836.0, [1603522.0, 51312164, 820922876, 1023524, 102001340, 797857]] [15276218382.0, [1236591.0, 39567471, 633078168, 629871, 85328280, 668271]] [1275242300, [104330, 3338270, 53412240, 104990, 6676880, 52170]] [20770952316, [1701716, 54454342, 871269392, 309382, 108909584, 850868]] [1564730316, [128182, 4101638, 65626136, 32966, 8203288, 64094]] [1171114918398.0, [95899227.0, 3068770335, 49100323449, 42720639, 6138057081, 47954907]] [36762749692.0, [3010832.0, 96346230, 1541539680, 1830838, 192137056, 1505424]]
Model_cost: [14950701672.277779, [3766.152777777778, 41814564, 668963196, 845252, 49399997, 81378]] [3913176510.0, [14823.0, 5333103, 85328280, 86895, 77870232, 92331]] [302065648.0, [21.0, 390430, 6246800, 13150, 6246800, 13130]] [5049033460.0, [5004.0, 6635334, 106001424, 38734, 103508112, 115866]] [921199832, [711, 2171654, 34713624, 20230, 7767768, 9938]] [296450733140.0, [2136.5, 383626383, 6138011769, 5340891, 6137123253, 7106490]] [1381542513.5, [251.625, 2054902, 32837664, 60318, 25504800, 39328]]
Arch_Param: [64, 16384, 8192, 4, 512, 64]
Samsung_cost: [19586128494.0, [1603522.0, 25656353, 820922876, 6444065, 102001340, 797857]] [15291295758.0, [1236591.0, 19783791, 633078168, 4912239, 85328280, 668271]] [1275436600, [104330, 1669140, 53412240, 417300, 6676880, 52170]] [20804987376, [1701716, 27227176, 871269392, 6806824, 108909584, 850868]] [1567081420, [128182, 2050822, 65626136, 512710, 8203288, 64094]] [1172476769022.0, [95899227.0, 1534385247, 49100323449, 383602047, 6138057081, 47954907]] [36796263806.0, [3010832.0, 48173115, 1541539680, 12112955, 192137056, 1505424]]
Model_cost: [14874981550.277779, [3801.152777777778, 20907553, 668963196, 1200097, 49399997, 84962]] [3902510526.0, [14823.0, 2666607, 85328280, 86895, 77870232, 92331]] [301284588.0, [21.0, 195220, 6246800, 13140, 6246800, 13130]] [5035803112.0, [5004.0, 3327912, 106001424, 38704, 103508112, 115866]] [916866264, [711, 1088262, 34713624, 20230, 7767768, 9938]] [295683482228.0, [2136.5, 191813655, 6138011769, 5340891, 6137123253, 7106490]] [1377431411.5, [251.625, 1027451, 32837664, 60259, 25504800, 39328]]
Arch_Param: [64, 16384, 8192, 4, 512, 128]
Samsung_cost: [19466876526.0, [1603522.0, 25656353, 820922876, 1023521, 102001340, 797857]] [15197083662.0, [1236591.0, 19783791, 633078168, 629871, 85328280, 668271]] [1268565560, [104330, 1669140, 53412240, 104980, 6676880, 52170]] [20662042992, [1701716, 27227176, 871269392, 309352, 108909584, 850868]] [1556527052, [128182, 2050822, 65626136, 32966, 8203288, 64094]] [1164977378046.0, [95899227.0, 1534385247, 49100323449, 42720639, 6138057081, 47954907]] [36570055934.0, [3010832.0, 48173115, 1541539680, 1830779, 192137056, 1505424]]
Model_cost: [14874981550.277779, [3801.152777777778, 20907553, 668963196, 1200097, 49399997, 84962]] [3902510526.0, [14823.0, 2666607, 85328280, 86895, 77870232, 92331]] [301284588.0, [21.0, 195220, 6246800, 13140, 6246800, 13130]] [5035803112.0, [5004.0, 3327912, 106001424, 38704, 103508112, 115866]] [916866264, [711, 1088262, 34713624, 20230, 7767768, 9938]] [295683482228.0, [2136.5, 191813655, 6138011769, 5340891, 6137123253, 7106490]] [1377431411.5, [251.625, 1027451, 32837664, 60259, 25504800, 39328]]
Arch_Param: [64, 16384, 8192, 4, 512, 256]
Samsung_cost: [19466876526.0, [1603522.0, 25656353, 820922876, 1023521, 102001340, 797857]] [15197083662.0, [1236591.0, 19783791, 633078168, 629871, 85328280, 668271]] [1268565560, [104330, 1669140, 53412240, 104980, 6676880, 52170]] [20662042992, [1701716, 27227176, 871269392, 309352, 108909584, 850868]] [1556527052, [128182, 2050822, 65626136, 32966, 8203288, 64094]] [1164977378046.0, [95899227.0, 1534385247, 49100323449, 42720639, 6138057081, 47954907]] [36570055934.0, [3010832.0, 48173115, 1541539680, 1830779, 192137056, 1505424]]
Model_cost: [14867073562.277779, [3766.152777777778, 20907553, 668963196, 845249, 49399997, 81378]] [3902510526.0, [14823.0, 2666607, 85328280, 86895, 77870232, 92331]] [301284588.0, [21.0, 195220, 6246800, 13140, 6246800, 13130]] [5035803112.0, [5004.0, 3327912, 106001424, 38704, 103508112, 115866]] [916866264, [711, 1088262, 34713624, 20230, 7767768, 9938]] [295683482228.0, [2136.5, 191813655, 6138011769, 5340891, 6137123253, 7106490]] [1377431411.5, [251.625, 1027451, 32837664, 60259, 25504800, 39328]]
Arch_Param: [64, 16384, 8192, 4, 512, 512]
Samsung_cost: [19466876526.0, [1603522.0, 25656353, 820922876, 1023521, 102001340, 797857]] [15197083662.0, [1236591.0, 19783791, 633078168, 629871, 85328280, 668271]] [1268565560, [104330, 1669140, 53412240, 104980, 6676880, 52170]] [20662042992, [1701716, 27227176, 871269392, 309352, 108909584, 850868]] [1556527052, [128182, 2050822, 65626136, 32966, 8203288, 64094]] [1164977378046.0, [95899227.0, 1534385247, 49100323449, 42720639, 6138057081, 47954907]] [36570055934.0, [3010832.0, 48173115, 1541539680, 1830779, 192137056, 1505424]]
Model_cost: [14867073562.277779, [3766.152777777778, 20907553, 668963196, 845249, 49399997, 81378]] [3902510526.0, [14823.0, 2666607, 85328280, 86895, 77870232, 92331]] [301284588.0, [21.0, 195220, 6246800, 13140, 6246800, 13130]] [5035803112.0, [5004.0, 3327912, 106001424, 38704, 103508112, 115866]] [916866264, [711, 1088262, 34713624, 20230, 7767768, 9938]] [295683482228.0, [2136.5, 191813655, 6138011769, 5340891, 6137123253, 7106490]] [1377431411.5, [251.625, 1027451, 32837664, 60259, 25504800, 39328]]
Arch_Param: [64, 16384, 8192, 4, 1024, 64]
Samsung_cost: [19534842478.0, [1603522.0, 12834849, 820922876, 6444065, 102001340, 797857]] [15251728398.0, [1236591.0, 9891951, 633078168, 4912239, 85328280, 668271]] [1272098100, [104330, 834570, 53412240, 417290, 6676880, 52170]] [20750532584, [1701716, 13613588, 871269392, 6806804, 108909584, 850868]] [1562979788, [128182, 1025414, 65626136, 512710, 8203288, 64094]] [1169407998846.0, [95899227.0, 767192703, 49100323449, 383602047, 6138057081, 47954907]] [36699916966.0, [3010832.0, 24086559, 1541539680, 12112927, 192137056, 1505424]]
Model_cost: [14833192366.277779, [3801.152777777778, 10460257, 668963196, 1200097, 49399997, 84962]] [3897177534.0, [14823.0, 1333359, 85328280, 86895, 77870232, 92331]] [300919528.0, [21.0, 104010, 6246800, 13130, 6246800, 13130]] [5029213408.0, [5004.0, 1680596, 106001424, 38684, 103508112, 115866]] [914699480, [711, 546566, 34713624, 20230, 7767768, 9938]] [295299856772.0, [2136.5, 95907291, 6138011769, 5340891, 6137123253, 7106490]] [1375382171.5, [251.625, 515295, 32837664, 60231, 25504800, 39328]]
Arch_Param: [64, 16384, 8192, 4, 1024, 128]
Samsung_cost: [19415590510.0, [1603522.0, 12834849, 820922876, 1023521, 102001340, 797857]] [15157516302.0, [1236591.0, 9891951, 633078168, 629871, 85328280, 668271]] [1265227060, [104330, 834570, 53412240, 104970, 6676880, 52170]] [20607588200, [1701716, 13613588, 871269392, 309332, 108909584, 850868]] [1552425420, [128182, 1025414, 65626136, 32966, 8203288, 64094]] [1161908607870.0, [95899227.0, 767192703, 49100323449, 42720639, 6138057081, 47954907]] [36473709094.0, [3010832.0, 24086559, 1541539680, 1830751, 192137056, 1505424]]
Model_cost: [14833192366.277779, [3801.152777777778, 10460257, 668963196, 1200097, 49399997, 84962]] [3897177534.0, [14823.0, 1333359, 85328280, 86895, 77870232, 92331]] [300919528.0, [21.0, 104010, 6246800, 13130, 6246800, 13130]] [5029213408.0, [5004.0, 1680596, 106001424, 38684, 103508112, 115866]] [914699480, [711, 546566, 34713624, 20230, 7767768, 9938]] [295299856772.0, [2136.5, 95907291, 6138011769, 5340891, 6137123253, 7106490]] [1375382171.5, [251.625, 515295, 32837664, 60231, 25504800, 39328]]
Arch_Param: [64, 16384, 8192, 4, 1024, 256]
Samsung_cost: [19415590510.0, [1603522.0, 12834849, 820922876, 1023521, 102001340, 797857]] [15157516302.0, [1236591.0, 9891951, 633078168, 629871, 85328280, 668271]] [1265227060, [104330, 834570, 53412240, 104970, 6676880, 52170]] [20607588200, [1701716, 13613588, 871269392, 309332, 108909584, 850868]] [1552425420, [128182, 1025414, 65626136, 32966, 8203288, 64094]] [1161908607870.0, [95899227.0, 767192703, 49100323449, 42720639, 6138057081, 47954907]] [36473709094.0, [3010832.0, 24086559, 1541539680, 1830751, 192137056, 1505424]]
Model_cost: [14825284378.277779, [3766.152777777778, 10460257, 668963196, 845249, 49399997, 81378]] [3897177534.0, [14823.0, 1333359, 85328280, 86895, 77870232, 92331]] [300919528.0, [21.0, 104010, 6246800, 13130, 6246800, 13130]] [5029213408.0, [5004.0, 1680596, 106001424, 38684, 103508112, 115866]] [914699480, [711, 546566, 34713624, 20230, 7767768, 9938]] [295299856772.0, [2136.5, 95907291, 6138011769, 5340891, 6137123253, 7106490]] [1375382171.5, [251.625, 515295, 32837664, 60231, 25504800, 39328]]
Arch_Param: [64, 16384, 8192, 4, 1024, 512]
Samsung_cost: [19415590510.0, [1603522.0, 12834849, 820922876, 1023521, 102001340, 797857]] [15157516302.0, [1236591.0, 9891951, 633078168, 629871, 85328280, 668271]] [1265227060, [104330, 834570, 53412240, 104970, 6676880, 52170]] [20607588200, [1701716, 13613588, 871269392, 309332, 108909584, 850868]] [1552425420, [128182, 1025414, 65626136, 32966, 8203288, 64094]] [1161908607870.0, [95899227.0, 767192703, 49100323449, 42720639, 6138057081, 47954907]] [36473709094.0, [3010832.0, 24086559, 1541539680, 1830751, 192137056, 1505424]]
Model_cost: [14825284378.277779, [3766.152777777778, 10460257, 668963196, 845249, 49399997, 81378]] [3897177534.0, [14823.0, 1333359, 85328280, 86895, 77870232, 92331]] [300919528.0, [21.0, 104010, 6246800, 13130, 6246800, 13130]] [5029213408.0, [5004.0, 1680596, 106001424, 38684, 103508112, 115866]] [914699480, [711, 546566, 34713624, 20230, 7767768, 9938]] [295299856772.0, [2136.5, 95907291, 6138011769, 5340891, 6137123253, 7106490]] [1375382171.5, [251.625, 515295, 32837664, 60231, 25504800, 39328]]
Arch_Param: [64, 16384, 8192, 8, 256, 64]
Samsung_cost: [9893232060.0, [805186.0, 25765412, 412205564, 3236900, 51464892, 403041]] [15370430478.0, [1236591.0, 39567471, 633078168, 4912239, 85328280, 668271]] [1282113340, [104330, 3338270, 53412240, 417310, 6676880, 52170]] [20913896700, [1701716, 54454342, 871269392, 6806854, 108909584, 850868]] [1517570844, [123486, 3951366, 63221784, 493926, 7902744, 61746]] [1178614309374.0, [95899227.0, 3068770335, 49100323449, 383602047, 6138057081, 47954907]] [36531975036.0, [2972432.0, 95117430, 1521878880, 11924598, 190236512, 1490576]]
Model_cost: [8672079977.38889, [2058.7638888888887, 22447780, 359125692, 642660, 49399997, 84962]] [3913176510.0, [14823.0, 5333103, 85328280, 86895, 77870232, 92331]] [302065648.0, [21.0, 390430, 6246800, 13150, 6246800, 13130]] [5049033460.0, [5004.0, 6635334, 106001424, 38734, 103508112, 115866]] [569488216, [359, 1085830, 17356824, 10118, 7767768, 9938]] [296450733140.0, [2136.5, 383626383, 6138011769, 5340891, 6137123253, 7106490]] [1293619464.5, [183.875, 1783542, 28515872, 42142, 25504800, 39328]]
Arch_Param: [64, 16384, 8192, 8, 256, 128]
Samsung_cost: [9833448380.0, [805186.0, 25765412, 412205564, 519460, 51464892, 403041]] [15276218382.0, [1236591.0, 39567471, 633078168, 629871, 85328280, 668271]] [1275242300, [104330, 3338270, 53412240, 104990, 6676880, 52170]] [20770952316, [1701716, 54454342, 871269392, 309382, 108909584, 850868]] [1507360028, [123486, 3951366, 63221784, 29798, 7902744, 61746]] [1171114918398.0, [95899227.0, 3068770335, 49100323449, 42720639, 6138057081, 47954907]] [36307479292.0, [2972432.0, 95117430, 1521878880, 1720246, 190236512, 1490576]]
Model_cost: [8667775117.38889, [2025.763888888889, 22447780, 359125692, 451588, 49399997, 81378]] [3913176510.0, [14823.0, 5333103, 85328280, 86895, 77870232, 92331]] [302065648.0, [21.0, 390430, 6246800, 13150, 6246800, 13130]] [5049033460.0, [5004.0, 6635334, 106001424, 38734, 103508112, 115866]] [569488216, [359, 1085830, 17356824, 10118, 7767768, 9938]] [296450733140.0, [2136.5, 383626383, 6138011769, 5340891, 6137123253, 7106490]] [1293619464.5, [183.875, 1783542, 28515872, 42142, 25504800, 39328]]
Arch_Param: [64, 16384, 8192, 8, 256, 256]
Samsung_cost: [9833448380.0, [805186.0, 25765412, 412205564, 519460, 51464892, 403041]] [15276218382.0, [1236591.0, 39567471, 633078168, 629871, 85328280, 668271]] [1275242300, [104330, 3338270, 53412240, 104990, 6676880, 52170]] [20770952316, [1701716, 54454342, 871269392, 309382, 108909584, 850868]] [1507360028, [123486, 3951366, 63221784, 29798, 7902744, 61746]] [1171114918398.0, [95899227.0, 3068770335, 49100323449, 42720639, 6138057081, 47954907]] [36307479292.0, [2972432.0, 95117430, 1521878880, 1720246, 190236512, 1490576]]
Model_cost: [8667775117.38889, [2025.763888888889, 22447780, 359125692, 451588, 49399997, 81378]] [3913176510.0, [14823.0, 5333103, 85328280, 86895, 77870232, 92331]] [302065648.0, [21.0, 390430, 6246800, 13150, 6246800, 13130]] [5049033460.0, [5004.0, 6635334, 106001424, 38734, 103508112, 115866]] [569488216, [359, 1085830, 17356824, 10118, 7767768, 9938]] [296450733140.0, [2136.5, 383626383, 6138011769, 5340891, 6137123253, 7106490]] [1293619464.5, [183.875, 1783542, 28515872, 42142, 25504800, 39328]]
Arch_Param: [64, 16384, 8192, 8, 512, 64]
Samsung_cost: [9841702254.0, [805186.0, 12882977, 412205564, 3236897, 51464892, 403041]] [15291295758.0, [1236591.0, 19783791, 633078168, 4912239, 85328280, 668271]] [1275436600, [104330, 1669140, 53412240, 417300, 6676880, 52170]] [20804987376, [1701716, 27227176, 871269392, 6806824, 108909584, 850868]] [1509668124, [123486, 1975686, 63221784, 493926, 7902744, 61746]] [1172476769022.0, [95899227.0, 1534385247, 49100323449, 383602047, 6138057081, 47954907]] [36341738878.0, [2972432.0, 47558715, 1521878880, 11924539, 190236512, 1490576]]
Model_cost: [8627185435.38889, [2058.7638888888887, 11224161, 359125692, 642657, 49399997, 84962]] [3902510526.0, [14823.0, 2666607, 85328280, 86895, 77870232, 92331]] [301284588.0, [21.0, 195220, 6246800, 13140, 6246800, 13130]] [5035803112.0, [5004.0, 3327912, 106001424, 38704, 103508112, 115866]] [567321432, [359, 544134, 17356824, 10118, 7767768, 9938]] [295683482228.0, [2136.5, 191813655, 6138011769, 5340891, 6137123253, 7106490]] [1290051082.5, [183.875, 891771, 28515872, 42083, 25504800, 39328]]
Arch_Param: [64, 16384, 8192, 8, 512, 128]
Samsung_cost: [9781918574.0, [805186.0, 12882977, 412205564, 519457, 51464892, 403041]] [15197083662.0, [1236591.0, 19783791, 633078168, 629871, 85328280, 668271]] [1268565560, [104330, 1669140, 53412240, 104980, 6676880, 52170]] [20662042992, [1701716, 27227176, 871269392, 309352, 108909584, 850868]] [1499457308, [123486, 1975686, 63221784, 29798, 7902744, 61746]] [1164977378046.0, [95899227.0, 1534385247, 49100323449, 42720639, 6138057081, 47954907]] [36117243134.0, [2972432.0, 47558715, 1521878880, 1720187, 190236512, 1490576]]
Model_cost: [8622880575.38889, [2025.763888888889, 11224161, 359125692, 451585, 49399997, 81378]] [3902510526.0, [14823.0, 2666607, 85328280, 86895, 77870232, 92331]] [301284588.0, [21.0, 195220, 6246800, 13140, 6246800, 13130]] [5035803112.0, [5004.0, 3327912, 106001424, 38704, 103508112, 115866]] [567321432, [359, 544134, 17356824, 10118, 7767768, 9938]] [295683482228.0, [2136.5, 191813655, 6138011769, 5340891, 6137123253, 7106490]] [1290051082.5, [183.875, 891771, 28515872, 42083, 25504800, 39328]]
Arch_Param: [64, 16384, 8192, 8, 512, 256]
Samsung_cost: [9781918574.0, [805186.0, 12882977, 412205564, 519457, 51464892, 403041]] [15197083662.0, [1236591.0, 19783791, 633078168, 629871, 85328280, 668271]] [1268565560, [104330, 1669140, 53412240, 104980, 6676880, 52170]] [20662042992, [1701716, 27227176, 871269392, 309352, 108909584, 850868]] [1499457308, [123486, 1975686, 63221784, 29798, 7902744, 61746]] [1164977378046.0, [95899227.0, 1534385247, 49100323449, 42720639, 6138057081, 47954907]] [36117243134.0, [2972432.0, 47558715, 1521878880, 1720187, 190236512, 1490576]]
Model_cost: [8622880575.38889, [2025.763888888889, 11224161, 359125692, 451585, 49399997, 81378]] [3902510526.0, [14823.0, 2666607, 85328280, 86895, 77870232, 92331]] [301284588.0, [21.0, 195220, 6246800, 13140, 6246800, 13130]] [5035803112.0, [5004.0, 3327912, 106001424, 38704, 103508112, 115866]] [567321432, [359, 544134, 17356824, 10118, 7767768, 9938]] [295683482228.0, [2136.5, 191813655, 6138011769, 5340891, 6137123253, 7106490]] [1290051082.5, [183.875, 891771, 28515872, 42083, 25504800, 39328]]
Arch_Param: [64, 16384, 8192, 8, 512, 512]
Samsung_cost: [9781918574.0, [805186.0, 12882977, 412205564, 519457, 51464892, 403041]] [15197083662.0, [1236591.0, 19783791, 633078168, 629871, 85328280, 668271]] [1268565560, [104330, 1669140, 53412240, 104980, 6676880, 52170]] [20662042992, [1701716, 27227176, 871269392, 309352, 108909584, 850868]] [1499457308, [123486, 1975686, 63221784, 29798, 7902744, 61746]] [1164977378046.0, [95899227.0, 1534385247, 49100323449, 42720639, 6138057081, 47954907]] [36117243134.0, [2972432.0, 47558715, 1521878880, 1720187, 190236512, 1490576]]
Model_cost: [8622880575.38889, [2025.763888888889, 11224161, 359125692, 451585, 49399997, 81378]] [3902510526.0, [14823.0, 2666607, 85328280, 86895, 77870232, 92331]] [301284588.0, [21.0, 195220, 6246800, 13140, 6246800, 13130]] [5035803112.0, [5004.0, 3327912, 106001424, 38704, 103508112, 115866]] [567314328, [359, 543942, 17356824, 9830, 7767768, 9938]] [295683482228.0, [2136.5, 191813655, 6138011769, 5340891, 6137123253, 7106490]] [1290051082.5, [183.875, 891771, 28515872, 42083, 25504800, 39328]]
Arch_Param: [64, 16384, 8192, 8, 1024, 64]
Samsung_cost: [9815950702.0, [805186.0, 6445089, 412205564, 3236897, 51464892, 403041]] [15251728398.0, [1236591.0, 9891951, 633078168, 4912239, 85328280, 668271]] [1272098100, [104330, 834570, 53412240, 417290, 6676880, 52170]] [20750532584, [1701716, 13613588, 871269392, 6806804, 108909584, 850868]] [1505716764, [123486, 987846, 63221784, 493926, 7902744, 61746]] [1169407998846.0, [95899227.0, 767192703, 49100323449, 383602047, 6138057081, 47954907]] [36246620838.0, [2972432.0, 23779359, 1521878880, 11924511, 190236512, 1490576]]
Model_cost: [8604750619.38889, [2058.7638888888887, 5615457, 359125692, 642657, 49399997, 84962]] [3897177534.0, [14823.0, 1333359, 85328280, 86895, 77870232, 92331]] [300919528.0, [21.0, 104010, 6246800, 13130, 6246800, 13130]] [5029213408.0, [5004.0, 1680596, 106001424, 38684, 103508112, 115866]] [566238040, [359, 273286, 17356824, 10118, 7767768, 9938]] [295299856772.0, [2136.5, 95907291, 6138011769, 5340891, 6137123253, 7106490]] [1288270130.5, [183.875, 446687, 28515872, 42055, 25504800, 39328]]
Arch_Param: [64, 16384, 8192, 8, 1024, 128]
Samsung_cost: [9756167022.0, [805186.0, 6445089, 412205564, 519457, 51464892, 403041]] [15157516302.0, [1236591.0, 9891951, 633078168, 629871, 85328280, 668271]] [1265227060, [104330, 834570, 53412240, 104970, 6676880, 52170]] [20607588200, [1701716, 13613588, 871269392, 309332, 108909584, 850868]] [1495505948, [123486, 987846, 63221784, 29798, 7902744, 61746]] [1161908607870.0, [95899227.0, 767192703, 49100323449, 42720639, 6138057081, 47954907]] [36022125094.0, [2972432.0, 23779359, 1521878880, 1720159, 190236512, 1490576]]
Model_cost: [8600445759.38889, [2025.763888888889, 5615457, 359125692, 451585, 49399997, 81378]] [3897177534.0, [14823.0, 1333359, 85328280, 86895, 77870232, 92331]] [300919528.0, [21.0, 104010, 6246800, 13130, 6246800, 13130]] [5029213408.0, [5004.0, 1680596, 106001424, 38684, 103508112, 115866]] [566238040, [359, 273286, 17356824, 10118, 7767768, 9938]] [295299856772.0, [2136.5, 95907291, 6138011769, 5340891, 6137123253, 7106490]] [1288270130.5, [183.875, 446687, 28515872, 42055, 25504800, 39328]]
Arch_Param: [64, 16384, 8192, 8, 1024, 256]
Samsung_cost: [9756167022.0, [805186.0, 6445089, 412205564, 519457, 51464892, 403041]] [15157516302.0, [1236591.0, 9891951, 633078168, 629871, 85328280, 668271]] [1265227060, [104330, 834570, 53412240, 104970, 6676880, 52170]] [20607588200, [1701716, 13613588, 871269392, 309332, 108909584, 850868]] [1495505948, [123486, 987846, 63221784, 29798, 7902744, 61746]] [1161908607870.0, [95899227.0, 767192703, 49100323449, 42720639, 6138057081, 47954907]] [36022125094.0, [2972432.0, 23779359, 1521878880, 1720159, 190236512, 1490576]]
Model_cost: [8600445759.38889, [2025.763888888889, 5615457, 359125692, 451585, 49399997, 81378]] [3897177534.0, [14823.0, 1333359, 85328280, 86895, 77870232, 92331]] [300919528.0, [21.0, 104010, 6246800, 13130, 6246800, 13130]] [5029213408.0, [5004.0, 1680596, 106001424, 38684, 103508112, 115866]] [566238040, [359, 273286, 17356824, 10118, 7767768, 9938]] [295299856772.0, [2136.5, 95907291, 6138011769, 5340891, 6137123253, 7106490]] [1288270130.5, [183.875, 446687, 28515872, 42055, 25504800, 39328]]
Arch_Param: [64, 16384, 8192, 8, 1024, 512]
Samsung_cost: [9756167022.0, [805186.0, 6445089, 412205564, 519457, 51464892, 403041]] [15157516302.0, [1236591.0, 9891951, 633078168, 629871, 85328280, 668271]] [1265227060, [104330, 834570, 53412240, 104970, 6676880, 52170]] [20607588200, [1701716, 13613588, 871269392, 309332, 108909584, 850868]] [1495505948, [123486, 987846, 63221784, 29798, 7902744, 61746]] [1161908607870.0, [95899227.0, 767192703, 49100323449, 42720639, 6138057081, 47954907]] [36022125094.0, [2972432.0, 23779359, 1521878880, 1720159, 190236512, 1490576]]
Model_cost: [8600445759.38889, [2025.763888888889, 5615457, 359125692, 451585, 49399997, 81378]] [3897177534.0, [14823.0, 1333359, 85328280, 86895, 77870232, 92331]] [300919528.0, [21.0, 104010, 6246800, 13130, 6246800, 13130]] [5029213408.0, [5004.0, 1680596, 106001424, 38684, 103508112, 115866]] [566230552, [359, 272998, 17356824, 9830, 7767768, 9938]] [295299856772.0, [2136.5, 95907291, 6138011769, 5340891, 6137123253, 7106490]] [1288270130.5, [183.875, 446687, 28515872, 42055, 25504800, 39328]]
Arch_Param: [64, 16384, 8192, 16, 256, 64]
Samsung_cost: [9647873212.0, [784770.0, 25112100, 401767932, 3146788, 50350780, 394337]] [15370430478.0, [1236591.0, 39567471, 633078168, 4912239, 85328280, 668271]] [1282113340, [104330, 3338270, 53412240, 417310, 6676880, 52170]] [20913896700, [1701716, 54454342, 871269392, 6806854, 108909584, 850868]] [1501298884, [122162, 3908998, 62543896, 488630, 7818008, 61084]] [1178614309374.0, [95899227.0, 3068770335, 49100323449, 383602047, 6138057081, 47954907]] [36481635196.0, [2968336.0, 94986358, 1519781728, 11908214, 189974368, 1488528]]
Model_cost: [5527451600.722222, [1143.5972222222222, 12767908, 204263100, 254884, 49399997, 81378]] [3913176510.0, [14823.0, 5333103, 85328280, 86895, 77870232, 92331]] [302065648.0, [21.0, 390430, 6246800, 13150, 6246800, 13130]] [5049033460.0, [5004.0, 6635334, 106001424, 38734, 103508112, 115866]] [393632632, [191, 542918, 8678424, 5062, 7767768, 9938]] [296450733140.0, [2136.5, 383626383, 6138011769, 5340891, 6137123253, 7106490]] [1249657968.0, [151.0, 1647862, 26354976, 33054, 25504800, 39328]]
Arch_Param: [64, 16384, 8192, 16, 256, 128]
Samsung_cost: [9589260988.0, [784770.0, 25112100, 401767932, 482596, 50350780, 394337]] [15276218382.0, [1236591.0, 39567471, 633078168, 629871, 85328280, 668271]] [1275242300, [104330, 3338270, 53412240, 104990, 6676880, 52170]] [20770952316, [1701716, 54454342, 871269392, 309382, 108909584, 850868]] [1491180996, [122162, 3908998, 62543896, 28726, 7818008, 61084]] [1171114918398.0, [95899227.0, 3068770335, 49100323449, 42720639, 6138057081, 47954907]] [36257319676.0, [2968336.0, 94986358, 1519781728, 1712054, 189974368, 1488528]]
Model_cost: [5527451600.722222, [1143.5972222222222, 12767908, 204263100, 254884, 49399997, 81378]] [3913176510.0, [14823.0, 5333103, 85328280, 86895, 77870232, 92331]] [302065648.0, [21.0, 390430, 6246800, 13150, 6246800, 13130]] [5049033460.0, [5004.0, 6635334, 106001424, 38734, 103508112, 115866]] [393632632, [191, 542918, 8678424, 5062, 7767768, 9938]] [296450733140.0, [2136.5, 383626383, 6138011769, 5340891, 6137123253, 7106490]] [1249657968.0, [151.0, 1647862, 26354976, 33054, 25504800, 39328]]
Arch_Param: [64, 16384, 8192, 16, 256, 256]
Samsung_cost: [9589260988.0, [784770.0, 25112100, 401767932, 482596, 50350780, 394337]] [15276218382.0, [1236591.0, 39567471, 633078168, 629871, 85328280, 668271]] [1275242300, [104330, 3338270, 53412240, 104990, 6676880, 52170]] [20770952316, [1701716, 54454342, 871269392, 309382, 108909584, 850868]] [1491180996, [122162, 3908998, 62543896, 28726, 7818008, 61084]] [1171114918398.0, [95899227.0, 3068770335, 49100323449, 42720639, 6138057081, 47954907]] [36257319676.0, [2968336.0, 94986358, 1519781728, 1712054, 189974368, 1488528]]
Model_cost: [5527451600.722222, [1143.5972222222222, 12767908, 204263100, 254884, 49399997, 81378]] [3913176510.0, [14823.0, 5333103, 85328280, 86895, 77870232, 92331]] [302065648.0, [21.0, 390430, 6246800, 13150, 6246800, 13130]] [5049033460.0, [5004.0, 6635334, 106001424, 38734, 103508112, 115866]] [393629408, [189, 542918, 8678424, 4918, 7767768, 9938]] [296450733140.0, [2136.5, 383626383, 6138011769, 5340891, 6137123253, 7106490]] [1249657968.0, [151.0, 1647862, 26354976, 33054, 25504800, 39328]]
Arch_Param: [64, 16384, 8192, 16, 512, 64]
Samsung_cost: [9597650030.0, [784770.0, 12556321, 401767932, 3146785, 50350780, 394337]] [15291295758.0, [1236591.0, 19783791, 633078168, 4912239, 85328280, 668271]] [1275436600, [104330, 1669140, 53412240, 417300, 6676880, 52170]] [20804987376, [1701716, 27227176, 871269392, 6806824, 108909584, 850868]] [1493480900, [122162, 1954502, 62543896, 488630, 7818008, 61084]] [1172476769022.0, [95899227.0, 1534385247, 49100323449, 383602047, 6138057081, 47954907]] [36291661182.0, [2968336.0, 47493179, 1519781728, 11908155, 189974368, 1488528]]
Model_cost: [5501916802.722222, [1143.5972222222222, 6384225, 204263100, 254881, 49399997, 81378]] [3902510526.0, [14823.0, 2666607, 85328280, 86895, 77870232, 92331]] [301284588.0, [21.0, 195220, 6246800, 13140, 6246800, 13130]] [5035803112.0, [5004.0, 3327912, 106001424, 38704, 103508112, 115866]] [392549240, [191, 272070, 8678424, 5062, 7767768, 9938]] [295683482228.0, [2136.5, 191813655, 6138011769, 5340891, 6137123253, 7106490]] [1246360946.0, [151.0, 823931, 26354976, 32995, 25504800, 39328]]
Arch_Param: [64, 16384, 8192, 16, 512, 128]
Samsung_cost: [9539037806.0, [784770.0, 12556321, 401767932, 482593, 50350780, 394337]] [15197083662.0, [1236591.0, 19783791, 633078168, 629871, 85328280, 668271]] [1268565560, [104330, 1669140, 53412240, 104980, 6676880, 52170]] [20662042992, [1701716, 27227176, 871269392, 309352, 108909584, 850868]] [1483363012, [122162, 1954502, 62543896, 28726, 7818008, 61084]] [1164977378046.0, [95899227.0, 1534385247, 49100323449, 42720639, 6138057081, 47954907]] [36067345662.0, [2968336.0, 47493179, 1519781728, 1711995, 189974368, 1488528]]
Model_cost: [5501916802.722222, [1143.5972222222222, 6384225, 204263100, 254881, 49399997, 81378]] [3902510526.0, [14823.0, 2666607, 85328280, 86895, 77870232, 92331]] [301284588.0, [21.0, 195220, 6246800, 13140, 6246800, 13130]] [5035803112.0, [5004.0, 3327912, 106001424, 38704, 103508112, 115866]] [392549240, [191, 272070, 8678424, 5062, 7767768, 9938]] [295683482228.0, [2136.5, 191813655, 6138011769, 5340891, 6137123253, 7106490]] [1246360946.0, [151.0, 823931, 26354976, 32995, 25504800, 39328]]
Arch_Param: [64, 16384, 8192, 16, 512, 256]
Samsung_cost: [9539037806.0, [784770.0, 12556321, 401767932, 482593, 50350780, 394337]] [15197083662.0, [1236591.0, 19783791, 633078168, 629871, 85328280, 668271]] [1268565560, [104330, 1669140, 53412240, 104980, 6676880, 52170]] [20662042992, [1701716, 27227176, 871269392, 309352, 108909584, 850868]] [1483363012, [122162, 1954502, 62543896, 28726, 7818008, 61084]] [1164977378046.0, [95899227.0, 1534385247, 49100323449, 42720639, 6138057081, 47954907]] [36067345662.0, [2968336.0, 47493179, 1519781728, 1711995, 189974368, 1488528]]
Model_cost: [5501916802.722222, [1143.5972222222222, 6384225, 204263100, 254881, 49399997, 81378]] [3902510526.0, [14823.0, 2666607, 85328280, 86895, 77870232, 92331]] [301284588.0, [21.0, 195220, 6246800, 13140, 6246800, 13130]] [5035803112.0, [5004.0, 3327912, 106001424, 38704, 103508112, 115866]] [392545632, [189, 271974, 8678424, 4918, 7767768, 9938]] [295683482228.0, [2136.5, 191813655, 6138011769, 5340891, 6137123253, 7106490]] [1246360946.0, [151.0, 823931, 26354976, 32995, 25504800, 39328]]
Arch_Param: [64, 16384, 8192, 16, 512, 512]
Samsung_cost: [9539037806.0, [784770.0, 12556321, 401767932, 482593, 50350780, 394337]] [15197083662.0, [1236591.0, 19783791, 633078168, 629871, 85328280, 668271]] [1268565560, [104330, 1669140, 53412240, 104980, 6676880, 52170]] [20662042992, [1701716, 27227176, 871269392, 309352, 108909584, 850868]] [1483363012, [122162, 1954502, 62543896, 28726, 7818008, 61084]] [1164977378046.0, [95899227.0, 1534385247, 49100323449, 42720639, 6138057081, 47954907]] [36067345662.0, [2968336.0, 47493179, 1519781728, 1711995, 189974368, 1488528]]
Model_cost: [5501916802.722222, [1143.5972222222222, 6384225, 204263100, 254881, 49399997, 81378]] [3902510526.0, [14823.0, 2666607, 85328280, 86895, 77870232, 92331]] [301284588.0, [21.0, 195220, 6246800, 13140, 6246800, 13130]] [5035803112.0, [5004.0, 3327912, 106001424, 38704, 103508112, 115866]] [392545632, [189, 271974, 8678424, 4918, 7767768, 9938]] [295683482228.0, [2136.5, 191813655, 6138011769, 5340891, 6137123253, 7106490]] [1246360946.0, [151.0, 823931, 26354976, 32995, 25504800, 39328]]
Arch_Param: [64, 16384, 8192, 16, 1024, 64]
Samsung_cost: [9572545646.0, [784770.0, 6280225, 401767932, 3146785, 50350780, 394337]] [15251728398.0, [1236591.0, 9891951, 633078168, 4912239, 85328280, 668271]] [1272098100, [104330, 834570, 53412240, 417290, 6676880, 52170]] [20750532584, [1701716, 13613588, 871269392, 6806804, 108909584, 850868]] [1489571908, [122162, 977254, 62543896, 488630, 7818008, 61084]] [1169407998846.0, [95899227.0, 767192703, 49100323449, 383602047, 6138057081, 47954907]] [36196674214.0, [2968336.0, 23746591, 1519781728, 11908127, 189974368, 1488528]]
Model_cost: [5489155714.722222, [1143.5972222222222, 3193953, 204263100, 254881, 49399997, 81378]] [3897177534.0, [14823.0, 1333359, 85328280, 86895, 77870232, 92331]] [300919528.0, [21.0, 104010, 6246800, 13130, 6246800, 13130]] [5029213408.0, [5004.0, 1680596, 106001424, 38684, 103508112, 115866]] [392007544, [191, 136646, 8678424, 5062, 7767768, 9938]] [295299856772.0, [2136.5, 95907291, 6138011769, 5340891, 6137123253, 7106490]] [1244714138.0, [151.0, 412383, 26354976, 32967, 25504800, 39328]]
Arch_Param: [64, 16384, 8192, 16, 1024, 128]
Samsung_cost: [9513933422.0, [784770.0, 6280225, 401767932, 482593, 50350780, 394337]] [15157516302.0, [1236591.0, 9891951, 633078168, 629871, 85328280, 668271]] [1265227060, [104330, 834570, 53412240, 104970, 6676880, 52170]] [20607588200, [1701716, 13613588, 871269392, 309332, 108909584, 850868]] [1479454020, [122162, 977254, 62543896, 28726, 7818008, 61084]] [1161908607870.0, [95899227.0, 767192703, 49100323449, 42720639, 6138057081, 47954907]] [35972358694.0, [2968336.0, 23746591, 1519781728, 1711967, 189974368, 1488528]]
Model_cost: [5489155714.722222, [1143.5972222222222, 3193953, 204263100, 254881, 49399997, 81378]] [3897177534.0, [14823.0, 1333359, 85328280, 86895, 77870232, 92331]] [300919528.0, [21.0, 104010, 6246800, 13130, 6246800, 13130]] [5029213408.0, [5004.0, 1680596, 106001424, 38684, 103508112, 115866]] [392007544, [191, 136646, 8678424, 5062, 7767768, 9938]] [295299856772.0, [2136.5, 95907291, 6138011769, 5340891, 6137123253, 7106490]] [1244714138.0, [151.0, 412383, 26354976, 32967, 25504800, 39328]]
Arch_Param: [64, 16384, 8192, 16, 1024, 256]
Samsung_cost: [9513933422.0, [784770.0, 6280225, 401767932, 482593, 50350780, 394337]] [15157516302.0, [1236591.0, 9891951, 633078168, 629871, 85328280, 668271]] [1265227060, [104330, 834570, 53412240, 104970, 6676880, 52170]] [20607588200, [1701716, 13613588, 871269392, 309332, 108909584, 850868]] [1479454020, [122162, 977254, 62543896, 28726, 7818008, 61084]] [1161908607870.0, [95899227.0, 767192703, 49100323449, 42720639, 6138057081, 47954907]] [35972358694.0, [2968336.0, 23746591, 1519781728, 1711967, 189974368, 1488528]]
Model_cost: [5489155714.722222, [1143.5972222222222, 3193953, 204263100, 254881, 49399997, 81378]] [3897177534.0, [14823.0, 1333359, 85328280, 86895, 77870232, 92331]] [300919528.0, [21.0, 104010, 6246800, 13130, 6246800, 13130]] [5029213408.0, [5004.0, 1680596, 106001424, 38684, 103508112, 115866]] [392003744, [189, 136502, 8678424, 4918, 7767768, 9938]] [295299856772.0, [2136.5, 95907291, 6138011769, 5340891, 6137123253, 7106490]] [1244714138.0, [151.0, 412383, 26354976, 32967, 25504800, 39328]]
Arch_Param: [64, 16384, 8192, 16, 1024, 512]
Samsung_cost: [9513933422.0, [784770.0, 6280225, 401767932, 482593, 50350780, 394337]] [15157516302.0, [1236591.0, 9891951, 633078168, 629871, 85328280, 668271]] [1265227060, [104330, 834570, 53412240, 104970, 6676880, 52170]] [20607588200, [1701716, 13613588, 871269392, 309332, 108909584, 850868]] [1479454020, [122162, 977254, 62543896, 28726, 7818008, 61084]] [1161908607870.0, [95899227.0, 767192703, 49100323449, 42720639, 6138057081, 47954907]] [35972358694.0, [2968336.0, 23746591, 1519781728, 1711967, 189974368, 1488528]]
Model_cost: [5489155714.722222, [1143.5972222222222, 3193953, 204263100, 254881, 49399997, 81378]] [3897177534.0, [14823.0, 1333359, 85328280, 86895, 77870232, 92331]] [300919528.0, [21.0, 104010, 6246800, 13130, 6246800, 13130]] [5029213408.0, [5004.0, 1680596, 106001424, 38684, 103508112, 115866]] [392003744, [189, 136502, 8678424, 4918, 7767768, 9938]] [295299856772.0, [2136.5, 95907291, 6138011769, 5340891, 6137123253, 7106490]] [1244714138.0, [151.0, 412383, 26354976, 32967, 25504800, 39328]]
Arch_Param: [64, 16384, 8192, 32, 256, 64]
Samsung_cost: [9525193788.0, [774562.0, 24785444, 396549116, 3101732, 49793724, 389985]] [15370430478.0, [1236591.0, 39567471, 633078168, 4912239, 85328280, 668271]] [1282113340, [104330, 3338270, 53412240, 417310, 6676880, 52170]] [20913896700, [1701716, 54454342, 871269392, 6806854, 108909584, 850868]] [1493162904, [121500, 3887814, 62204952, 485982, 7775640, 60753]] [1178614309374.0, [95899227.0, 3068770335, 49100323449, 383602047, 6138057081, 47954907]] [36456465276.0, [2966288.0, 94920822, 1518733152, 11900022, 189843296, 1487504]]
Model_cost: [3462995564.388889, [596.0138888888889, 6404260, 102452412, 128868, 49399997, 81378]] [3913176510.0, [14823.0, 5333103, 85328280, 86895, 77870232, 92331]] [302065648.0, [21.0, 390430, 6246800, 13150, 6246800, 13130]] [5049033460.0, [5004.0, 6635334, 106001424, 38734, 103508112, 115866]] [382714208, [133, 509030, 8140312, 4198, 7767768, 9938]] [296450733140.0, [2136.5, 383626383, 6138011769, 5340891, 6137123253, 7106490]] [1238484002.3333333, [139.08333333333334, 1613302, 25807008, 29598, 25504800, 39328]]
Arch_Param: [64, 16384, 8192, 32, 256, 128]
Samsung_cost: [9467167292.0, [774562.0, 24785444, 396549116, 464164, 49793724, 389985]] [15276218382.0, [1236591.0, 39567471, 633078168, 629871, 85328280, 668271]] [1275242300, [104330, 3338270, 53412240, 104990, 6676880, 52170]] [20770952316, [1701716, 54454342, 871269392, 309382, 108909584, 850868]] [1483091480, [121500, 3887814, 62204952, 28190, 7775640, 60753]] [1171114918398.0, [95899227.0, 3068770335, 49100323449, 42720639, 6138057081, 47954907]] [36232239868.0, [2966288.0, 94920822, 1518733152, 1707958, 189843296, 1487504]]
Model_cost: [3462995564.388889, [596.0138888888889, 6404260, 102452412, 128868, 49399997, 81378]] [3913176510.0, [14823.0, 5333103, 85328280, 86895, 77870232, 92331]] [302065648.0, [21.0, 390430, 6246800, 13150, 6246800, 13130]] [5049033460.0, [5004.0, 6635334, 106001424, 38734, 103508112, 115866]] [382712540, [130, 509030, 8140312, 4126, 7767768, 9938]] [296450733140.0, [2136.5, 383626383, 6138011769, 5340891, 6137123253, 7106490]] [1238484002.3333333, [139.08333333333334, 1613302, 25807008, 29598, 25504800, 39328]]
Arch_Param: [64, 16384, 8192, 32, 256, 256]
Samsung_cost: [9467167292.0, [774562.0, 24785444, 396549116, 464164, 49793724, 389985]] [15276218382.0, [1236591.0, 39567471, 633078168, 629871, 85328280, 668271]] [1275242300, [104330, 3338270, 53412240, 104990, 6676880, 52170]] [20770952316, [1701716, 54454342, 871269392, 309382, 108909584, 850868]] [1483091480, [121500, 3887814, 62204952, 28190, 7775640, 60753]] [1171114918398.0, [95899227.0, 3068770335, 49100323449, 42720639, 6138057081, 47954907]] [36232239868.0, [2966288.0, 94920822, 1518733152, 1707958, 189843296, 1487504]]
Model_cost: [3462995564.388889, [596.0138888888889, 6404260, 102452412, 128868, 49399997, 81378]] [3913176510.0, [14823.0, 5333103, 85328280, 86895, 77870232, 92331]] [302065648.0, [21.0, 390430, 6246800, 13150, 6246800, 13130]] [5049033460.0, [5004.0, 6635334, 106001424, 38734, 103508112, 115866]] [382712540, [130, 509030, 8140312, 4126, 7767768, 9938]] [296450733140.0, [2136.5, 383626383, 6138011769, 5340891, 6137123253, 7106490]] [1238484002.3333333, [139.08333333333334, 1613302, 25807008, 29598, 25504800, 39328]]
Arch_Param: [64, 16384, 8192, 32, 512, 64]
Samsung_cost: [9475623918.0, [774562.0, 12392993, 396549116, 3101729, 49793724, 389985]] [15291295758.0, [1236591.0, 19783791, 633078168, 4912239, 85328280, 668271]] [1275436600, [104330, 1669140, 53412240, 417300, 6676880, 52170]] [20804987376, [1701716, 27227176, 871269392, 6806824, 108909584, 850868]] [1485387288, [121500, 1943910, 62204952, 485982, 7775640, 60753]] [1172476769022.0, [95899227.0, 1534385247, 49100323449, 383602047, 6138057081, 47954907]] [36266622334.0, [2966288.0, 47460411, 1518733152, 11899963, 189843296, 1487504]]
Model_cost: [3450188062.388889, [596.0138888888889, 3202401, 102452412, 128865, 49399997, 81378]] [3902510526.0, [14823.0, 2666607, 85328280, 86895, 77870232, 92331]] [301284588.0, [21.0, 195220, 6246800, 13140, 6246800, 13130]] [5035803112.0, [5004.0, 3327912, 106001424, 38704, 103508112, 115866]] [381697376, [133, 254822, 8140312, 4198, 7767768, 9938]] [295683482228.0, [2136.5, 191813655, 6138011769, 5340891, 6137123253, 7106490]] [1235256100.3333333, [139.08333333333334, 806651, 25807008, 29539, 25504800, 39328]]
Arch_Param: [64, 16384, 8192, 32, 512, 128]
Samsung_cost: [9417597422.0, [774562.0, 12392993, 396549116, 464161, 49793724, 389985]] [15197083662.0, [1236591.0, 19783791, 633078168, 629871, 85328280, 668271]] [1268565560, [104330, 1669140, 53412240, 104980, 6676880, 52170]] [20662042992, [1701716, 27227176, 871269392, 309352, 108909584, 850868]] [1475315864, [121500, 1943910, 62204952, 28190, 7775640, 60753]] [1164977378046.0, [95899227.0, 1534385247, 49100323449, 42720639, 6138057081, 47954907]] [36042396926.0, [2966288.0, 47460411, 1518733152, 1707899, 189843296, 1487504]]
Model_cost: [3450188062.388889, [596.0138888888889, 3202401, 102452412, 128865, 49399997, 81378]] [3902510526.0, [14823.0, 2666607, 85328280, 86895, 77870232, 92331]] [301284588.0, [21.0, 195220, 6246800, 13140, 6246800, 13130]] [5035803112.0, [5004.0, 3327912, 106001424, 38704, 103508112, 115866]] [381695516, [130, 254774, 8140312, 4126, 7767768, 9938]] [295683482228.0, [2136.5, 191813655, 6138011769, 5340891, 6137123253, 7106490]] [1235256100.3333333, [139.08333333333334, 806651, 25807008, 29539, 25504800, 39328]]
Arch_Param: [64, 16384, 8192, 32, 512, 256]
Samsung_cost: [9417597422.0, [774562.0, 12392993, 396549116, 464161, 49793724, 389985]] [15197083662.0, [1236591.0, 19783791, 633078168, 629871, 85328280, 668271]] [1268565560, [104330, 1669140, 53412240, 104980, 6676880, 52170]] [20662042992, [1701716, 27227176, 871269392, 309352, 108909584, 850868]] [1475315864, [121500, 1943910, 62204952, 28190, 7775640, 60753]] [1164977378046.0, [95899227.0, 1534385247, 49100323449, 42720639, 6138057081, 47954907]] [36042396926.0, [2966288.0, 47460411, 1518733152, 1707899, 189843296, 1487504]]
Model_cost: [3450188062.388889, [596.0138888888889, 3202401, 102452412, 128865, 49399997, 81378]] [3902510526.0, [14823.0, 2666607, 85328280, 86895, 77870232, 92331]] [301284588.0, [21.0, 195220, 6246800, 13140, 6246800, 13130]] [5035803112.0, [5004.0, 3327912, 106001424, 38704, 103508112, 115866]] [381695516, [130, 254774, 8140312, 4126, 7767768, 9938]] [295683482228.0, [2136.5, 191813655, 6138011769, 5340891, 6137123253, 7106490]] [1235256100.3333333, [139.08333333333334, 806651, 25807008, 29539, 25504800, 39328]]
Arch_Param: [64, 16384, 8192, 32, 512, 512]
Samsung_cost: [9417597422.0, [774562.0, 12392993, 396549116, 464161, 49793724, 389985]] [15197083662.0, [1236591.0, 19783791, 633078168, 629871, 85328280, 668271]] [1268565560, [104330, 1669140, 53412240, 104980, 6676880, 52170]] [20662042992, [1701716, 27227176, 871269392, 309352, 108909584, 850868]] [1475315864, [121500, 1943910, 62204952, 28190, 7775640, 60753]] [1164977378046.0, [95899227.0, 1534385247, 49100323449, 42720639, 6138057081, 47954907]] [36042396926.0, [2966288.0, 47460411, 1518733152, 1707899, 189843296, 1487504]]
Model_cost: [3450188062.388889, [596.0138888888889, 3202401, 102452412, 128865, 49399997, 81378]] [3902510526.0, [14823.0, 2666607, 85328280, 86895, 77870232, 92331]] [301284588.0, [21.0, 195220, 6246800, 13140, 6246800, 13130]] [5035803112.0, [5004.0, 3327912, 106001424, 38704, 103508112, 115866]] [381695516, [130, 254774, 8140312, 4126, 7767768, 9938]] [295683482228.0, [2136.5, 191813655, 6138011769, 5340891, 6137123253, 7106490]] [1235256100.3333333, [139.08333333333334, 806651, 25807008, 29539, 25504800, 39328]]
Arch_Param: [64, 16384, 8192, 32, 1024, 64]
Samsung_cost: [9450843118.0, [774562.0, 6197793, 396549116, 3101729, 49793724, 389985]] [15251728398.0, [1236591.0, 9891951, 633078168, 4912239, 85328280, 668271]] [1272098100, [104330, 834570, 53412240, 417290, 6676880, 52170]] [20750532584, [1701716, 13613588, 871269392, 6806804, 108909584, 850868]] [1481499480, [121500, 971958, 62204952, 485982, 7775640, 60753]] [1169407998846.0, [95899227.0, 767192703, 49100323449, 383602047, 6138057081, 47954907]] [36171700902.0, [2966288.0, 23730207, 1518733152, 11899935, 189843296, 1487504]]
Model_cost: [3443787550.388889, [596.0138888888889, 1602273, 102452412, 128865, 49399997, 81378]] [3897177534.0, [14823.0, 1333359, 85328280, 86895, 77870232, 92331]] [300919528.0, [21.0, 104010, 6246800, 13130, 6246800, 13130]] [5029213408.0, [5004.0, 1680596, 106001424, 38684, 103508112, 115866]] [381188960, [133, 127718, 8140312, 4198, 7767768, 9938]] [295299856772.0, [2136.5, 95907291, 6138011769, 5340891, 6137123253, 7106490]] [1233643084.3333333, [139.08333333333334, 403551, 25807008, 29511, 25504800, 39328]]
Arch_Param: [64, 16384, 8192, 32, 1024, 128]
Samsung_cost: [9392816622.0, [774562.0, 6197793, 396549116, 464161, 49793724, 389985]] [15157516302.0, [1236591.0, 9891951, 633078168, 629871, 85328280, 668271]] [1265227060, [104330, 834570, 53412240, 104970, 6676880, 52170]] [20607588200, [1701716, 13613588, 871269392, 309332, 108909584, 850868]] [1471428056, [121500, 971958, 62204952, 28190, 7775640, 60753]] [1161908607870.0, [95899227.0, 767192703, 49100323449, 42720639, 6138057081, 47954907]] [35947475494.0, [2966288.0, 23730207, 1518733152, 1707871, 189843296, 1487504]]
Model_cost: [3443787550.388889, [596.0138888888889, 1602273, 102452412, 128865, 49399997, 81378]] [3897177534.0, [14823.0, 1333359, 85328280, 86895, 77870232, 92331]] [300919528.0, [21.0, 104010, 6246800, 13130, 6246800, 13130]] [5029213408.0, [5004.0, 1680596, 106001424, 38684, 103508112, 115866]] [381187004, [130, 127646, 8140312, 4126, 7767768, 9938]] [295299856772.0, [2136.5, 95907291, 6138011769, 5340891, 6137123253, 7106490]] [1233643084.3333333, [139.08333333333334, 403551, 25807008, 29511, 25504800, 39328]]
Arch_Param: [64, 16384, 8192, 32, 1024, 256]
Samsung_cost: [9392816622.0, [774562.0, 6197793, 396549116, 464161, 49793724, 389985]] [15157516302.0, [1236591.0, 9891951, 633078168, 629871, 85328280, 668271]] [1265227060, [104330, 834570, 53412240, 104970, 6676880, 52170]] [20607588200, [1701716, 13613588, 871269392, 309332, 108909584, 850868]] [1471428056, [121500, 971958, 62204952, 28190, 7775640, 60753]] [1161908607870.0, [95899227.0, 767192703, 49100323449, 42720639, 6138057081, 47954907]] [35947475494.0, [2966288.0, 23730207, 1518733152, 1707871, 189843296, 1487504]]
Model_cost: [3443787550.388889, [596.0138888888889, 1602273, 102452412, 128865, 49399997, 81378]] [3897177534.0, [14823.0, 1333359, 85328280, 86895, 77870232, 92331]] [300919528.0, [21.0, 104010, 6246800, 13130, 6246800, 13130]] [5029213408.0, [5004.0, 1680596, 106001424, 38684, 103508112, 115866]] [381187004, [130, 127646, 8140312, 4126, 7767768, 9938]] [295299856772.0, [2136.5, 95907291, 6138011769, 5340891, 6137123253, 7106490]] [1233643084.3333333, [139.08333333333334, 403551, 25807008, 29511, 25504800, 39328]]
Arch_Param: [64, 16384, 8192, 32, 1024, 512]
Samsung_cost: [9392816622.0, [774562.0, 6197793, 396549116, 464161, 49793724, 389985]] [15157516302.0, [1236591.0, 9891951, 633078168, 629871, 85328280, 668271]] [1265227060, [104330, 834570, 53412240, 104970, 6676880, 52170]] [20607588200, [1701716, 13613588, 871269392, 309332, 108909584, 850868]] [1471428056, [121500, 971958, 62204952, 28190, 7775640, 60753]] [1161908607870.0, [95899227.0, 767192703, 49100323449, 42720639, 6138057081, 47954907]] [35947475494.0, [2966288.0, 23730207, 1518733152, 1707871, 189843296, 1487504]]
Model_cost: [3443787550.388889, [596.0138888888889, 1602273, 102452412, 128865, 49399997, 81378]] [3897177534.0, [14823.0, 1333359, 85328280, 86895, 77870232, 92331]] [300919528.0, [21.0, 104010, 6246800, 13130, 6246800, 13130]] [5029213408.0, [5004.0, 1680596, 106001424, 38684, 103508112, 115866]] [381187004, [130, 127646, 8140312, 4126, 7767768, 9938]] [295299856772.0, [2136.5, 95907291, 6138011769, 5340891, 6137123253, 7106490]] [1233643084.3333333, [139.08333333333334, 403551, 25807008, 29511, 25504800, 39328]]
Arch_Param: [64, 16384, 4096, 4, 256, 64]
Samsung_cost: [19733649496.0, [3207011.0, 51312164, 820922876, 6444068, 102001340, 797857]] [15405051918.0, [2473071.0, 39567471, 633078168, 4912239, 85328280, 668271]] [1285034300, [208650, 3338270, 53412240, 417310, 6676880, 52170]] [20961544188, [3403412, 54454342, 871269392, 6806854, 108909584, 850868]] [1578873612, [256358, 4101638, 65626136, 512710, 8203288, 64094]] [1181299483278.0, [191798295.0, 3068770335, 49100323449, 383602047, 6138057081, 47954907]] [37073260412, [6021648, 96346230, 1541539680, 12113014, 192137056, 1505424]]
Model_cost: [14958712465.0, [7472.75, 41814564, 668963196, 1200100, 49399997, 84962]] [3913587102.0, [29511.0, 5333103, 85328280, 86895, 77870232, 92307]] [302065956, [32, 390430, 6246800, 13150, 6246800, 13130]] [5049172732.0, [9978.0, 6635334, 106001424, 38734, 103508112, 115866]] [921219572, [1416, 2171654, 34713624, 20230, 7767768, 9938]] [296450787418.0, [4077.0, 383626383, 6138011769, 5340891, 6137123253, 7106488]] [1381548915.0, [480.25, 2054902, 32837664, 60318, 25504800, 39328]]
Arch_Param: [64, 16384, 4096, 4, 256, 128]
Samsung_cost: [19614397528.0, [3207011.0, 51312164, 820922876, 1023524, 102001340, 797857]] [15310839822.0, [2473071.0, 39567471, 633078168, 629871, 85328280, 668271]] [1278163260, [208650, 3338270, 53412240, 104990, 6676880, 52170]] [20818599804, [3403412, 54454342, 871269392, 309382, 108909584, 850868]] [1568319244, [256358, 4101638, 65626136, 32966, 8203288, 64094]] [1173800092302.0, [191798295.0, 3068770335, 49100323449, 42720639, 6138057081, 47954907]] [36847052540, [6021648, 96346230, 1541539680, 1830838, 192137056, 1505424]]
Model_cost: [14958712465.0, [7472.75, 41814564, 668963196, 1200100, 49399997, 84962]] [3913587102.0, [29511.0, 5333103, 85328280, 86895, 77870232, 92307]] [302065956, [32, 390430, 6246800, 13150, 6246800, 13130]] [5049172732.0, [9978.0, 6635334, 106001424, 38734, 103508112, 115866]] [921219572, [1416, 2171654, 34713624, 20230, 7767768, 9938]] [296450787418.0, [4077.0, 383626383, 6138011769, 5340891, 6137123253, 7106488]] [1381548915.0, [480.25, 2054902, 32837664, 60318, 25504800, 39328]]
Arch_Param: [64, 16384, 4096, 4, 256, 256]
Samsung_cost: [19614397528.0, [3207011.0, 51312164, 820922876, 1023524, 102001340, 797857]] [15310839822.0, [2473071.0, 39567471, 633078168, 629871, 85328280, 668271]] [1278163260, [208650, 3338270, 53412240, 104990, 6676880, 52170]] [20818599804, [3403412, 54454342, 871269392, 309382, 108909584, 850868]] [1568319244, [256358, 4101638, 65626136, 32966, 8203288, 64094]] [1173800092302.0, [191798295.0, 3068770335, 49100323449, 42720639, 6138057081, 47954907]] [36847052540, [6021648, 96346230, 1541539680, 1830838, 192137056, 1505424]]
Model_cost: [14950805289.0, [7466.75, 41814564, 668963196, 845252, 49399997, 81378]] [3913587102.0, [29511.0, 5333103, 85328280, 86895, 77870232, 92307]] [302065956, [32, 390430, 6246800, 13150, 6246800, 13130]] [5049172732.0, [9978.0, 6635334, 106001424, 38734, 103508112, 115866]] [921219572, [1416, 2171654, 34713624, 20230, 7767768, 9938]] [296450787418.0, [4077.0, 383626383, 6138011769, 5340891, 6137123253, 7106488]] [1381548915.0, [480.25, 2054902, 32837664, 60318, 25504800, 39328]]
Arch_Param: [64, 16384, 4096, 4, 512, 64]
Samsung_cost: [19631026186.0, [3207011.0, 25656353, 820922876, 6444065, 102001340, 797857]] [15325917198.0, [2473071.0, 19783791, 633078168, 4912239, 85328280, 668271]] [1278357560, [208650, 1669140, 53412240, 417300, 6676880, 52170]] [20852634864, [3403412, 27227176, 871269392, 6806824, 108909584, 850868]] [1570670348, [256358, 2050822, 65626136, 512710, 8203288, 64094]] [1175161942926.0, [191798295.0, 1534385247, 49100323449, 383602047, 6138057081, 47954907]] [36880566654, [6021648, 48173115, 1541539680, 12112955, 192137056, 1505424]]
Model_cost: [14875084355.0, [7472.75, 20907553, 668963196, 1200097, 49399997, 84962]] [3902921118.0, [29511.0, 2666607, 85328280, 86895, 77870232, 92307]] [301284896, [32, 195220, 6246800, 13140, 6246800, 13130]] [5035942384.0, [9978.0, 3327912, 106001424, 38704, 103508112, 115866]] [916886004, [1416, 1088262, 34713624, 20230, 7767768, 9938]] [295683536506.0, [4077.0, 191813655, 6138011769, 5340891, 6137123253, 7106488]] [1377437813.0, [480.25, 1027451, 32837664, 60259, 25504800, 39328]]
Arch_Param: [64, 16384, 4096, 4, 512, 128]
Samsung_cost: [19511774218.0, [3207011.0, 25656353, 820922876, 1023521, 102001340, 797857]] [15231705102.0, [2473071.0, 19783791, 633078168, 629871, 85328280, 668271]] [1271486520, [208650, 1669140, 53412240, 104980, 6676880, 52170]] [20709690480, [3403412, 27227176, 871269392, 309352, 108909584, 850868]] [1560115980, [256358, 2050822, 65626136, 32966, 8203288, 64094]] [1167662551950.0, [191798295.0, 1534385247, 49100323449, 42720639, 6138057081, 47954907]] [36654358782, [6021648, 48173115, 1541539680, 1830779, 192137056, 1505424]]
Model_cost: [14875084355.0, [7472.75, 20907553, 668963196, 1200097, 49399997, 84962]] [3902921118.0, [29511.0, 2666607, 85328280, 86895, 77870232, 92307]] [301284896, [32, 195220, 6246800, 13140, 6246800, 13130]] [5035942384.0, [9978.0, 3327912, 106001424, 38704, 103508112, 115866]] [916886004, [1416, 1088262, 34713624, 20230, 7767768, 9938]] [295683536506.0, [4077.0, 191813655, 6138011769, 5340891, 6137123253, 7106488]] [1377437813.0, [480.25, 1027451, 32837664, 60259, 25504800, 39328]]
Arch_Param: [64, 16384, 4096, 4, 512, 256]
Samsung_cost: [19511774218.0, [3207011.0, 25656353, 820922876, 1023521, 102001340, 797857]] [15231705102.0, [2473071.0, 19783791, 633078168, 629871, 85328280, 668271]] [1271486520, [208650, 1669140, 53412240, 104980, 6676880, 52170]] [20709690480, [3403412, 27227176, 871269392, 309352, 108909584, 850868]] [1560115980, [256358, 2050822, 65626136, 32966, 8203288, 64094]] [1167662551950.0, [191798295.0, 1534385247, 49100323449, 42720639, 6138057081, 47954907]] [36654358782, [6021648, 48173115, 1541539680, 1830779, 192137056, 1505424]]
Model_cost: [14867177179.0, [7466.75, 20907553, 668963196, 845249, 49399997, 81378]] [3902921118.0, [29511.0, 2666607, 85328280, 86895, 77870232, 92307]] [301284896, [32, 195220, 6246800, 13140, 6246800, 13130]] [5035942384.0, [9978.0, 3327912, 106001424, 38704, 103508112, 115866]] [916886004, [1416, 1088262, 34713624, 20230, 7767768, 9938]] [295683536506.0, [4077.0, 191813655, 6138011769, 5340891, 6137123253, 7106488]] [1377437813.0, [480.25, 1027451, 32837664, 60259, 25504800, 39328]]
Arch_Param: [64, 16384, 4096, 4, 512, 512]
Samsung_cost: [19511774218.0, [3207011.0, 25656353, 820922876, 1023521, 102001340, 797857]] [15231705102.0, [2473071.0, 19783791, 633078168, 629871, 85328280, 668271]] [1271486520, [208650, 1669140, 53412240, 104980, 6676880, 52170]] [20709690480, [3403412, 27227176, 871269392, 309352, 108909584, 850868]] [1560115980, [256358, 2050822, 65626136, 32966, 8203288, 64094]] [1167662551950.0, [191798295.0, 1534385247, 49100323449, 42720639, 6138057081, 47954907]] [36654358782, [6021648, 48173115, 1541539680, 1830779, 192137056, 1505424]]
Model_cost: [14867177179.0, [7466.75, 20907553, 668963196, 845249, 49399997, 81378]] [3902921118.0, [29511.0, 2666607, 85328280, 86895, 77870232, 92307]] [301284896, [32, 195220, 6246800, 13140, 6246800, 13130]] [5035942384.0, [9978.0, 3327912, 106001424, 38704, 103508112, 115866]] [916886004, [1416, 1088262, 34713624, 20230, 7767768, 9938]] [295683536506.0, [4077.0, 191813655, 6138011769, 5340891, 6137123253, 7106488]] [1377437813.0, [480.25, 1027451, 32837664, 60259, 25504800, 39328]]
Arch_Param: [64, 16384, 4096, 4, 1024, 64]
Samsung_cost: [19579740170.0, [3207011.0, 12834849, 820922876, 6444065, 102001340, 797857]] [15286349838.0, [2473071.0, 9891951, 633078168, 4912239, 85328280, 668271]] [1275019060, [208650, 834570, 53412240, 417290, 6676880, 52170]] [20798180072, [3403412, 13613588, 871269392, 6806804, 108909584, 850868]] [1566568716, [256358, 1025414, 65626136, 512710, 8203288, 64094]] [1172093172750.0, [191798295.0, 767192703, 49100323449, 383602047, 6138057081, 47954907]] [36784219814, [6021648, 24086559, 1541539680, 12112927, 192137056, 1505424]]
Model_cost: [14833295171.0, [7472.75, 10460257, 668963196, 1200097, 49399997, 84962]] [3897588126.0, [29511.0, 1333359, 85328280, 86895, 77870232, 92307]] [300919836, [32, 104010, 6246800, 13130, 6246800, 13130]] [5029352680.0, [9978.0, 1680596, 106001424, 38684, 103508112, 115866]] [914719220, [1416, 546566, 34713624, 20230, 7767768, 9938]] [295299911050.0, [4077.0, 95907291, 6138011769, 5340891, 6137123253, 7106488]] [1375388573.0, [480.25, 515295, 32837664, 60231, 25504800, 39328]]
Arch_Param: [64, 16384, 4096, 4, 1024, 128]
Samsung_cost: [19460488202.0, [3207011.0, 12834849, 820922876, 1023521, 102001340, 797857]] [15192137742.0, [2473071.0, 9891951, 633078168, 629871, 85328280, 668271]] [1268148020, [208650, 834570, 53412240, 104970, 6676880, 52170]] [20655235688, [3403412, 13613588, 871269392, 309332, 108909584, 850868]] [1556014348, [256358, 1025414, 65626136, 32966, 8203288, 64094]] [1164593781774.0, [191798295.0, 767192703, 49100323449, 42720639, 6138057081, 47954907]] [36558011942, [6021648, 24086559, 1541539680, 1830751, 192137056, 1505424]]
Model_cost: [14833295171.0, [7472.75, 10460257, 668963196, 1200097, 49399997, 84962]] [3897588126.0, [29511.0, 1333359, 85328280, 86895, 77870232, 92307]] [300919836, [32, 104010, 6246800, 13130, 6246800, 13130]] [5029352680.0, [9978.0, 1680596, 106001424, 38684, 103508112, 115866]] [914719220, [1416, 546566, 34713624, 20230, 7767768, 9938]] [295299911050.0, [4077.0, 95907291, 6138011769, 5340891, 6137123253, 7106488]] [1375388573.0, [480.25, 515295, 32837664, 60231, 25504800, 39328]]
Arch_Param: [64, 16384, 4096, 4, 1024, 256]
Samsung_cost: [19460488202.0, [3207011.0, 12834849, 820922876, 1023521, 102001340, 797857]] [15192137742.0, [2473071.0, 9891951, 633078168, 629871, 85328280, 668271]] [1268148020, [208650, 834570, 53412240, 104970, 6676880, 52170]] [20655235688, [3403412, 13613588, 871269392, 309332, 108909584, 850868]] [1556014348, [256358, 1025414, 65626136, 32966, 8203288, 64094]] [1164593781774.0, [191798295.0, 767192703, 49100323449, 42720639, 6138057081, 47954907]] [36558011942, [6021648, 24086559, 1541539680, 1830751, 192137056, 1505424]]
Model_cost: [14825387995.0, [7466.75, 10460257, 668963196, 845249, 49399997, 81378]] [3897588126.0, [29511.0, 1333359, 85328280, 86895, 77870232, 92307]] [300919836, [32, 104010, 6246800, 13130, 6246800, 13130]] [5029352680.0, [9978.0, 1680596, 106001424, 38684, 103508112, 115866]] [914719220, [1416, 546566, 34713624, 20230, 7767768, 9938]] [295299911050.0, [4077.0, 95907291, 6138011769, 5340891, 6137123253, 7106488]] [1375388573.0, [480.25, 515295, 32837664, 60231, 25504800, 39328]]
Arch_Param: [64, 16384, 4096, 4, 1024, 512]
Samsung_cost: [19460488202.0, [3207011.0, 12834849, 820922876, 1023521, 102001340, 797857]] [15192137742.0, [2473071.0, 9891951, 633078168, 629871, 85328280, 668271]] [1268148020, [208650, 834570, 53412240, 104970, 6676880, 52170]] [20655235688, [3403412, 13613588, 871269392, 309332, 108909584, 850868]] [1556014348, [256358, 1025414, 65626136, 32966, 8203288, 64094]] [1164593781774.0, [191798295.0, 767192703, 49100323449, 42720639, 6138057081, 47954907]] [36558011942, [6021648, 24086559, 1541539680, 1830751, 192137056, 1505424]]
Model_cost: [14825387995.0, [7466.75, 10460257, 668963196, 845249, 49399997, 81378]] [3897588126.0, [29511.0, 1333359, 85328280, 86895, 77870232, 92307]] [300919836, [32, 104010, 6246800, 13130, 6246800, 13130]] [5029352680.0, [9978.0, 1680596, 106001424, 38684, 103508112, 115866]] [914719220, [1416, 546566, 34713624, 20230, 7767768, 9938]] [295299911050.0, [4077.0, 95907291, 6138011769, 5340891, 6137123253, 7106488]] [1375388573.0, [480.25, 515295, 32837664, 60231, 25504800, 39328]]
Arch_Param: [64, 16384, 4096, 8, 256, 64]
Samsung_cost: [9915776344.0, [1610339.0, 25765412, 412205564, 3236900, 51464892, 403041]] [15405051918.0, [2473071.0, 39567471, 633078168, 4912239, 85328280, 668271]] [1285034300, [208650, 3338270, 53412240, 417310, 6676880, 52170]] [20961544188, [3403412, 54454342, 871269392, 6806854, 108909584, 850868]] [1521028284, [246966, 3951366, 63221784, 493926, 7902744, 61746]] [1181299483278.0, [191798295.0, 3068770335, 49100323449, 383602047, 6138057081, 47954907]] [36615202684, [5944848, 95117430, 1521878880, 11924598, 190236512, 1490576]]
Model_cost: [8672134122.777779, [3992.527777777778, 22447780, 359125692, 642660, 49399997, 84962]] [3913587102.0, [29511.0, 5333103, 85328280, 86895, 77870232, 92307]] [302065956, [32, 390430, 6246800, 13150, 6246800, 13130]] [5049172732.0, [9978.0, 6635334, 106001424, 38734, 103508112, 115866]] [569498072, [711, 1085830, 17356824, 10118, 7767768, 9938]] [296450787418.0, [4077.0, 383626383, 6138011769, 5340891, 6137123253, 7106488]] [1293623857.0, [340.75, 1783542, 28515872, 42142, 25504800, 39328]]
Arch_Param: [64, 16384, 4096, 8, 256, 128]
Samsung_cost: [9855992664.0, [1610339.0, 25765412, 412205564, 519460, 51464892, 403041]] [15310839822.0, [2473071.0, 39567471, 633078168, 629871, 85328280, 668271]] [1278163260, [208650, 3338270, 53412240, 104990, 6676880, 52170]] [20818599804, [3403412, 54454342, 871269392, 309382, 108909584, 850868]] [1510817468, [246966, 3951366, 63221784, 29798, 7902744, 61746]] [1173800092302.0, [191798295.0, 3068770335, 49100323449, 42720639, 6138057081, 47954907]] [36390706940, [5944848, 95117430, 1521878880, 1720246, 190236512, 1490576]]
Model_cost: [8667830130.777779, [3990.527777777778, 22447780, 359125692, 451588, 49399997, 81378]] [3913587102.0, [29511.0, 5333103, 85328280, 86895, 77870232, 92307]] [302065956, [32, 390430, 6246800, 13150, 6246800, 13130]] [5049172732.0, [9978.0, 6635334, 106001424, 38734, 103508112, 115866]] [569498072, [711, 1085830, 17356824, 10118, 7767768, 9938]] [296450787418.0, [4077.0, 383626383, 6138011769, 5340891, 6137123253, 7106488]] [1293623857.0, [340.75, 1783542, 28515872, 42142, 25504800, 39328]]
Arch_Param: [64, 16384, 4096, 8, 256, 256]
Samsung_cost: [9855992664.0, [1610339.0, 25765412, 412205564, 519460, 51464892, 403041]] [15310839822.0, [2473071.0, 39567471, 633078168, 629871, 85328280, 668271]] [1278163260, [208650, 3338270, 53412240, 104990, 6676880, 52170]] [20818599804, [3403412, 54454342, 871269392, 309382, 108909584, 850868]] [1510817468, [246966, 3951366, 63221784, 29798, 7902744, 61746]] [1173800092302.0, [191798295.0, 3068770335, 49100323449, 42720639, 6138057081, 47954907]] [36390706940, [5944848, 95117430, 1521878880, 1720246, 190236512, 1490576]]
Model_cost: [8667830130.777779, [3990.527777777778, 22447780, 359125692, 451588, 49399997, 81378]] [3913587102.0, [29511.0, 5333103, 85328280, 86895, 77870232, 92307]] [302065956, [32, 390430, 6246800, 13150, 6246800, 13130]] [5049172732.0, [9978.0, 6635334, 106001424, 38734, 103508112, 115866]] [569498072, [711, 1085830, 17356824, 10118, 7767768, 9938]] [296450787418.0, [4077.0, 383626383, 6138011769, 5340891, 6137123253, 7106488]] [1293623857.0, [340.75, 1783542, 28515872, 42142, 25504800, 39328]]
Arch_Param: [64, 16384, 4096, 8, 512, 64]
Samsung_cost: [9864246538.0, [1610339.0, 12882977, 412205564, 3236897, 51464892, 403041]] [15325917198.0, [2473071.0, 19783791, 633078168, 4912239, 85328280, 668271]] [1278357560, [208650, 1669140, 53412240, 417300, 6676880, 52170]] [20852634864, [3403412, 27227176, 871269392, 6806824, 108909584, 850868]] [1513125564, [246966, 1975686, 63221784, 493926, 7902744, 61746]] [1175161942926.0, [191798295.0, 1534385247, 49100323449, 383602047, 6138057081, 47954907]] [36424966526, [5944848, 47558715, 1521878880, 11924539, 190236512, 1490576]]
Model_cost: [8627239580.777779, [3992.527777777778, 11224161, 359125692, 642657, 49399997, 84962]] [3902921118.0, [29511.0, 2666607, 85328280, 86895, 77870232, 92307]] [301284896, [32, 195220, 6246800, 13140, 6246800, 13130]] [5035942384.0, [9978.0, 3327912, 106001424, 38704, 103508112, 115866]] [567331288, [711, 544134, 17356824, 10118, 7767768, 9938]] [295683536506.0, [4077.0, 191813655, 6138011769, 5340891, 6137123253, 7106488]] [1290055475.0, [340.75, 891771, 28515872, 42083, 25504800, 39328]]
Arch_Param: [64, 16384, 4096, 8, 512, 128]
Samsung_cost: [9804462858.0, [1610339.0, 12882977, 412205564, 519457, 51464892, 403041]] [15231705102.0, [2473071.0, 19783791, 633078168, 629871, 85328280, 668271]] [1271486520, [208650, 1669140, 53412240, 104980, 6676880, 52170]] [20709690480, [3403412, 27227176, 871269392, 309352, 108909584, 850868]] [1502914748, [246966, 1975686, 63221784, 29798, 7902744, 61746]] [1167662551950.0, [191798295.0, 1534385247, 49100323449, 42720639, 6138057081, 47954907]] [36200470782, [5944848, 47558715, 1521878880, 1720187, 190236512, 1490576]]
Model_cost: [8622935588.777779, [3990.527777777778, 11224161, 359125692, 451585, 49399997, 81378]] [3902921118.0, [29511.0, 2666607, 85328280, 86895, 77870232, 92307]] [301284896, [32, 195220, 6246800, 13140, 6246800, 13130]] [5035942384.0, [9978.0, 3327912, 106001424, 38704, 103508112, 115866]] [567331288, [711, 544134, 17356824, 10118, 7767768, 9938]] [295683536506.0, [4077.0, 191813655, 6138011769, 5340891, 6137123253, 7106488]] [1290055475.0, [340.75, 891771, 28515872, 42083, 25504800, 39328]]
Arch_Param: [64, 16384, 4096, 8, 512, 256]
Samsung_cost: [9804462858.0, [1610339.0, 12882977, 412205564, 519457, 51464892, 403041]] [15231705102.0, [2473071.0, 19783791, 633078168, 629871, 85328280, 668271]] [1271486520, [208650, 1669140, 53412240, 104980, 6676880, 52170]] [20709690480, [3403412, 27227176, 871269392, 309352, 108909584, 850868]] [1502914748, [246966, 1975686, 63221784, 29798, 7902744, 61746]] [1167662551950.0, [191798295.0, 1534385247, 49100323449, 42720639, 6138057081, 47954907]] [36200470782, [5944848, 47558715, 1521878880, 1720187, 190236512, 1490576]]
Model_cost: [8622935588.777779, [3990.527777777778, 11224161, 359125692, 451585, 49399997, 81378]] [3902921118.0, [29511.0, 2666607, 85328280, 86895, 77870232, 92307]] [301284896, [32, 195220, 6246800, 13140, 6246800, 13130]] [5035942384.0, [9978.0, 3327912, 106001424, 38704, 103508112, 115866]] [567331288, [711, 544134, 17356824, 10118, 7767768, 9938]] [295683536506.0, [4077.0, 191813655, 6138011769, 5340891, 6137123253, 7106488]] [1290055475.0, [340.75, 891771, 28515872, 42083, 25504800, 39328]]
Arch_Param: [64, 16384, 4096, 8, 512, 512]
Samsung_cost: [9804462858.0, [1610339.0, 12882977, 412205564, 519457, 51464892, 403041]] [15231705102.0, [2473071.0, 19783791, 633078168, 629871, 85328280, 668271]] [1271486520, [208650, 1669140, 53412240, 104980, 6676880, 52170]] [20709690480, [3403412, 27227176, 871269392, 309352, 108909584, 850868]] [1502914748, [246966, 1975686, 63221784, 29798, 7902744, 61746]] [1167662551950.0, [191798295.0, 1534385247, 49100323449, 42720639, 6138057081, 47954907]] [36200470782, [5944848, 47558715, 1521878880, 1720187, 190236512, 1490576]]
Model_cost: [8622935588.777779, [3990.527777777778, 11224161, 359125692, 451585, 49399997, 81378]] [3902921118.0, [29511.0, 2666607, 85328280, 86895, 77870232, 92307]] [301284896, [32, 195220, 6246800, 13140, 6246800, 13130]] [5035942384.0, [9978.0, 3327912, 106001424, 38704, 103508112, 115866]] [567324184, [711, 543942, 17356824, 9830, 7767768, 9938]] [295683536506.0, [4077.0, 191813655, 6138011769, 5340891, 6137123253, 7106488]] [1290055475.0, [340.75, 891771, 28515872, 42083, 25504800, 39328]]
Arch_Param: [64, 16384, 4096, 8, 1024, 64]
Samsung_cost: [9838494986.0, [1610339.0, 6445089, 412205564, 3236897, 51464892, 403041]] [15286349838.0, [2473071.0, 9891951, 633078168, 4912239, 85328280, 668271]] [1275019060, [208650, 834570, 53412240, 417290, 6676880, 52170]] [20798180072, [3403412, 13613588, 871269392, 6806804, 108909584, 850868]] [1509174204, [246966, 987846, 63221784, 493926, 7902744, 61746]] [1172093172750.0, [191798295.0, 767192703, 49100323449, 383602047, 6138057081, 47954907]] [36329848486, [5944848, 23779359, 1521878880, 11924511, 190236512, 1490576]]
Model_cost: [8604804764.777779, [3992.527777777778, 5615457, 359125692, 642657, 49399997, 84962]] [3897588126.0, [29511.0, 1333359, 85328280, 86895, 77870232, 92307]] [300919836, [32, 104010, 6246800, 13130, 6246800, 13130]] [5029352680.0, [9978.0, 1680596, 106001424, 38684, 103508112, 115866]] [566247896, [711, 273286, 17356824, 10118, 7767768, 9938]] [295299911050.0, [4077.0, 95907291, 6138011769, 5340891, 6137123253, 7106488]] [1288274523.0, [340.75, 446687, 28515872, 42055, 25504800, 39328]]
Arch_Param: [64, 16384, 4096, 8, 1024, 128]
Samsung_cost: [9778711306.0, [1610339.0, 6445089, 412205564, 519457, 51464892, 403041]] [15192137742.0, [2473071.0, 9891951, 633078168, 629871, 85328280, 668271]] [1268148020, [208650, 834570, 53412240, 104970, 6676880, 52170]] [20655235688, [3403412, 13613588, 871269392, 309332, 108909584, 850868]] [1498963388, [246966, 987846, 63221784, 29798, 7902744, 61746]] [1164593781774.0, [191798295.0, 767192703, 49100323449, 42720639, 6138057081, 47954907]] [36105352742, [5944848, 23779359, 1521878880, 1720159, 190236512, 1490576]]
Model_cost: [8600500772.777779, [3990.527777777778, 5615457, 359125692, 451585, 49399997, 81378]] [3897588126.0, [29511.0, 1333359, 85328280, 86895, 77870232, 92307]] [300919836, [32, 104010, 6246800, 13130, 6246800, 13130]] [5029352680.0, [9978.0, 1680596, 106001424, 38684, 103508112, 115866]] [566247896, [711, 273286, 17356824, 10118, 7767768, 9938]] [295299911050.0, [4077.0, 95907291, 6138011769, 5340891, 6137123253, 7106488]] [1288274523.0, [340.75, 446687, 28515872, 42055, 25504800, 39328]]
Arch_Param: [64, 16384, 4096, 8, 1024, 256]
Samsung_cost: [9778711306.0, [1610339.0, 6445089, 412205564, 519457, 51464892, 403041]] [15192137742.0, [2473071.0, 9891951, 633078168, 629871, 85328280, 668271]] [1268148020, [208650, 834570, 53412240, 104970, 6676880, 52170]] [20655235688, [3403412, 13613588, 871269392, 309332, 108909584, 850868]] [1498963388, [246966, 987846, 63221784, 29798, 7902744, 61746]] [1164593781774.0, [191798295.0, 767192703, 49100323449, 42720639, 6138057081, 47954907]] [36105352742, [5944848, 23779359, 1521878880, 1720159, 190236512, 1490576]]
Model_cost: [8600500772.777779, [3990.527777777778, 5615457, 359125692, 451585, 49399997, 81378]] [3897588126.0, [29511.0, 1333359, 85328280, 86895, 77870232, 92307]] [300919836, [32, 104010, 6246800, 13130, 6246800, 13130]] [5029352680.0, [9978.0, 1680596, 106001424, 38684, 103508112, 115866]] [566247896, [711, 273286, 17356824, 10118, 7767768, 9938]] [295299911050.0, [4077.0, 95907291, 6138011769, 5340891, 6137123253, 7106488]] [1288274523.0, [340.75, 446687, 28515872, 42055, 25504800, 39328]]
Arch_Param: [64, 16384, 4096, 8, 1024, 512]
Samsung_cost: [9778711306.0, [1610339.0, 6445089, 412205564, 519457, 51464892, 403041]] [15192137742.0, [2473071.0, 9891951, 633078168, 629871, 85328280, 668271]] [1268148020, [208650, 834570, 53412240, 104970, 6676880, 52170]] [20655235688, [3403412, 13613588, 871269392, 309332, 108909584, 850868]] [1498963388, [246966, 987846, 63221784, 29798, 7902744, 61746]] [1164593781774.0, [191798295.0, 767192703, 49100323449, 42720639, 6138057081, 47954907]] [36105352742, [5944848, 23779359, 1521878880, 1720159, 190236512, 1490576]]
Model_cost: [8600500772.777779, [3990.527777777778, 5615457, 359125692, 451585, 49399997, 81378]] [3897588126.0, [29511.0, 1333359, 85328280, 86895, 77870232, 92307]] [300919836, [32, 104010, 6246800, 13130, 6246800, 13130]] [5029352680.0, [9978.0, 1680596, 106001424, 38684, 103508112, 115866]] [566240408, [711, 272998, 17356824, 9830, 7767768, 9938]] [295299911050.0, [4077.0, 95907291, 6138011769, 5340891, 6137123253, 7106488]] [1288274523.0, [340.75, 446687, 28515872, 42055, 25504800, 39328]]
Arch_Param: [64, 16384, 4096, 16, 256, 64]
Samsung_cost: [9669845848.0, [1569507.0, 25112100, 401767932, 3146788, 50350780, 394337]] [15405051918.0, [2473071.0, 39567471, 633078168, 4912239, 85328280, 668271]] [1285034300, [208650, 3338270, 53412240, 417310, 6676880, 52170]] [20961544188, [3403412, 54454342, 871269392, 6806854, 108909584, 850868]] [1504719252, [244318, 3908998, 62543896, 488630, 7818008, 61084]] [1181299483278.0, [191798295.0, 3068770335, 49100323449, 383602047, 6138057081, 47954907]] [36564748156, [5936656, 94986358, 1519781728, 11908214, 189974368, 1488528]]
Model_cost: [5527482641.444445, [2252.1944444444443, 12767908, 204263100, 254884, 49399997, 81378]] [3913587102.0, [29511.0, 5333103, 85328280, 86895, 77870232, 92307]] [302065956, [32, 390430, 6246800, 13150, 6246800, 13130]] [5049172732.0, [9978.0, 6635334, 106001424, 38734, 103508112, 115866]] [393637336, [359, 542918, 8678424, 5062, 7767768, 9938]] [296450787418.0, [4077.0, 383626383, 6138011769, 5340891, 6137123253, 7106488]] [1249661384.0, [273.0, 1647862, 26354976, 33054, 25504800, 39328]]
Arch_Param: [64, 16384, 4096, 16, 256, 128]
Samsung_cost: [9611233624.0, [1569507.0, 25112100, 401767932, 482596, 50350780, 394337]] [15310839822.0, [2473071.0, 39567471, 633078168, 629871, 85328280, 668271]] [1278163260, [208650, 3338270, 53412240, 104990, 6676880, 52170]] [20818599804, [3403412, 54454342, 871269392, 309382, 108909584, 850868]] [1494601364, [244318, 3908998, 62543896, 28726, 7818008, 61084]] [1173800092302.0, [191798295.0, 3068770335, 49100323449, 42720639, 6138057081, 47954907]] [36340432636, [5936656, 94986358, 1519781728, 1712054, 189974368, 1488528]]
Model_cost: [5527482641.444445, [2252.1944444444443, 12767908, 204263100, 254884, 49399997, 81378]] [3913587102.0, [29511.0, 5333103, 85328280, 86895, 77870232, 92307]] [302065956, [32, 390430, 6246800, 13150, 6246800, 13130]] [5049172732.0, [9978.0, 6635334, 106001424, 38734, 103508112, 115866]] [393637336, [359, 542918, 8678424, 5062, 7767768, 9938]] [296450787418.0, [4077.0, 383626383, 6138011769, 5340891, 6137123253, 7106488]] [1249661384.0, [273.0, 1647862, 26354976, 33054, 25504800, 39328]]
Arch_Param: [64, 16384, 4096, 16, 256, 256]
Samsung_cost: [9611233624.0, [1569507.0, 25112100, 401767932, 482596, 50350780, 394337]] [15310839822.0, [2473071.0, 39567471, 633078168, 629871, 85328280, 668271]] [1278163260, [208650, 3338270, 53412240, 104990, 6676880, 52170]] [20818599804, [3403412, 54454342, 871269392, 309382, 108909584, 850868]] [1494601364, [244318, 3908998, 62543896, 28726, 7818008, 61084]] [1173800092302.0, [191798295.0, 3068770335, 49100323449, 42720639, 6138057081, 47954907]] [36340432636, [5936656, 94986358, 1519781728, 1712054, 189974368, 1488528]]
Model_cost: [5527482641.444445, [2252.1944444444443, 12767908, 204263100, 254884, 49399997, 81378]] [3913587102.0, [29511.0, 5333103, 85328280, 86895, 77870232, 92307]] [302065956, [32, 390430, 6246800, 13150, 6246800, 13130]] [5049172732.0, [9978.0, 6635334, 106001424, 38734, 103508112, 115866]] [393634168, [359, 542918, 8678424, 4918, 7767768, 9938]] [296450787418.0, [4077.0, 383626383, 6138011769, 5340891, 6137123253, 7106488]] [1249661384.0, [273.0, 1647862, 26354976, 33054, 25504800, 39328]]
Arch_Param: [64, 16384, 4096, 16, 512, 64]
Samsung_cost: [9619622666.0, [1569507.0, 12556321, 401767932, 3146785, 50350780, 394337]] [15325917198.0, [2473071.0, 19783791, 633078168, 4912239, 85328280, 668271]] [1278357560, [208650, 1669140, 53412240, 417300, 6676880, 52170]] [20852634864, [3403412, 27227176, 871269392, 6806824, 108909584, 850868]] [1496901268, [244318, 1954502, 62543896, 488630, 7818008, 61084]] [1175161942926.0, [191798295.0, 1534385247, 49100323449, 383602047, 6138057081, 47954907]] [36374774142, [5936656, 47493179, 1519781728, 11908155, 189974368, 1488528]]
Model_cost: [5501947843.444445, [2252.1944444444443, 6384225, 204263100, 254881, 49399997, 81378]] [3902921118.0, [29511.0, 2666607, 85328280, 86895, 77870232, 92307]] [301284896, [32, 195220, 6246800, 13140, 6246800, 13130]] [5035942384.0, [9978.0, 3327912, 106001424, 38704, 103508112, 115866]] [392553944, [359, 272070, 8678424, 5062, 7767768, 9938]] [295683536506.0, [4077.0, 191813655, 6138011769, 5340891, 6137123253, 7106488]] [1246364362.0, [273.0, 823931, 26354976, 32995, 25504800, 39328]]
Arch_Param: [64, 16384, 4096, 16, 512, 128]
Samsung_cost: [9561010442.0, [1569507.0, 12556321, 401767932, 482593, 50350780, 394337]] [15231705102.0, [2473071.0, 19783791, 633078168, 629871, 85328280, 668271]] [1271486520, [208650, 1669140, 53412240, 104980, 6676880, 52170]] [20709690480, [3403412, 27227176, 871269392, 309352, 108909584, 850868]] [1486783380, [244318, 1954502, 62543896, 28726, 7818008, 61084]] [1167662551950.0, [191798295.0, 1534385247, 49100323449, 42720639, 6138057081, 47954907]] [36150458622, [5936656, 47493179, 1519781728, 1711995, 189974368, 1488528]]
Model_cost: [5501947843.444445, [2252.1944444444443, 6384225, 204263100, 254881, 49399997, 81378]] [3902921118.0, [29511.0, 2666607, 85328280, 86895, 77870232, 92307]] [301284896, [32, 195220, 6246800, 13140, 6246800, 13130]] [5035942384.0, [9978.0, 3327912, 106001424, 38704, 103508112, 115866]] [392553944, [359, 272070, 8678424, 5062, 7767768, 9938]] [295683536506.0, [4077.0, 191813655, 6138011769, 5340891, 6137123253, 7106488]] [1246364362.0, [273.0, 823931, 26354976, 32995, 25504800, 39328]]
Arch_Param: [64, 16384, 4096, 16, 512, 256]
Samsung_cost: [9561010442.0, [1569507.0, 12556321, 401767932, 482593, 50350780, 394337]] [15231705102.0, [2473071.0, 19783791, 633078168, 629871, 85328280, 668271]] [1271486520, [208650, 1669140, 53412240, 104980, 6676880, 52170]] [20709690480, [3403412, 27227176, 871269392, 309352, 108909584, 850868]] [1486783380, [244318, 1954502, 62543896, 28726, 7818008, 61084]] [1167662551950.0, [191798295.0, 1534385247, 49100323449, 42720639, 6138057081, 47954907]] [36150458622, [5936656, 47493179, 1519781728, 1711995, 189974368, 1488528]]
Model_cost: [5501947843.444445, [2252.1944444444443, 6384225, 204263100, 254881, 49399997, 81378]] [3902921118.0, [29511.0, 2666607, 85328280, 86895, 77870232, 92307]] [301284896, [32, 195220, 6246800, 13140, 6246800, 13130]] [5035942384.0, [9978.0, 3327912, 106001424, 38704, 103508112, 115866]] [392550392, [359, 271974, 8678424, 4918, 7767768, 9938]] [295683536506.0, [4077.0, 191813655, 6138011769, 5340891, 6137123253, 7106488]] [1246364362.0, [273.0, 823931, 26354976, 32995, 25504800, 39328]]
Arch_Param: [64, 16384, 4096, 16, 512, 512]
Samsung_cost: [9561010442.0, [1569507.0, 12556321, 401767932, 482593, 50350780, 394337]] [15231705102.0, [2473071.0, 19783791, 633078168, 629871, 85328280, 668271]] [1271486520, [208650, 1669140, 53412240, 104980, 6676880, 52170]] [20709690480, [3403412, 27227176, 871269392, 309352, 108909584, 850868]] [1486783380, [244318, 1954502, 62543896, 28726, 7818008, 61084]] [1167662551950.0, [191798295.0, 1534385247, 49100323449, 42720639, 6138057081, 47954907]] [36150458622, [5936656, 47493179, 1519781728, 1711995, 189974368, 1488528]]
Model_cost: [5501947843.444445, [2252.1944444444443, 6384225, 204263100, 254881, 49399997, 81378]] [3902921118.0, [29511.0, 2666607, 85328280, 86895, 77870232, 92307]] [301284896, [32, 195220, 6246800, 13140, 6246800, 13130]] [5035942384.0, [9978.0, 3327912, 106001424, 38704, 103508112, 115866]] [392550392, [359, 271974, 8678424, 4918, 7767768, 9938]] [295683536506.0, [4077.0, 191813655, 6138011769, 5340891, 6137123253, 7106488]] [1246364362.0, [273.0, 823931, 26354976, 32995, 25504800, 39328]]
Arch_Param: [64, 16384, 4096, 16, 1024, 64]
Samsung_cost: [9594518282.0, [1569507.0, 6280225, 401767932, 3146785, 50350780, 394337]] [15286349838.0, [2473071.0, 9891951, 633078168, 4912239, 85328280, 668271]] [1275019060, [208650, 834570, 53412240, 417290, 6676880, 52170]] [20798180072, [3403412, 13613588, 871269392, 6806804, 108909584, 850868]] [1492992276, [244318, 977254, 62543896, 488630, 7818008, 61084]] [1172093172750.0, [191798295.0, 767192703, 49100323449, 383602047, 6138057081, 47954907]] [36279787174, [5936656, 23746591, 1519781728, 11908127, 189974368, 1488528]]
Model_cost: [5489186755.444445, [2252.1944444444443, 3193953, 204263100, 254881, 49399997, 81378]] [3897588126.0, [29511.0, 1333359, 85328280, 86895, 77870232, 92307]] [300919836, [32, 104010, 6246800, 13130, 6246800, 13130]] [5029352680.0, [9978.0, 1680596, 106001424, 38684, 103508112, 115866]] [392012248, [359, 136646, 8678424, 5062, 7767768, 9938]] [295299911050.0, [4077.0, 95907291, 6138011769, 5340891, 6137123253, 7106488]] [1244717554.0, [273.0, 412383, 26354976, 32967, 25504800, 39328]]
Arch_Param: [64, 16384, 4096, 16, 1024, 128]
Samsung_cost: [9535906058.0, [1569507.0, 6280225, 401767932, 482593, 50350780, 394337]] [15192137742.0, [2473071.0, 9891951, 633078168, 629871, 85328280, 668271]] [1268148020, [208650, 834570, 53412240, 104970, 6676880, 52170]] [20655235688, [3403412, 13613588, 871269392, 309332, 108909584, 850868]] [1482874388, [244318, 977254, 62543896, 28726, 7818008, 61084]] [1164593781774.0, [191798295.0, 767192703, 49100323449, 42720639, 6138057081, 47954907]] [36055471654, [5936656, 23746591, 1519781728, 1711967, 189974368, 1488528]]
Model_cost: [5489186755.444445, [2252.1944444444443, 3193953, 204263100, 254881, 49399997, 81378]] [3897588126.0, [29511.0, 1333359, 85328280, 86895, 77870232, 92307]] [300919836, [32, 104010, 6246800, 13130, 6246800, 13130]] [5029352680.0, [9978.0, 1680596, 106001424, 38684, 103508112, 115866]] [392012248, [359, 136646, 8678424, 5062, 7767768, 9938]] [295299911050.0, [4077.0, 95907291, 6138011769, 5340891, 6137123253, 7106488]] [1244717554.0, [273.0, 412383, 26354976, 32967, 25504800, 39328]]
Arch_Param: [64, 16384, 4096, 16, 1024, 256]
Samsung_cost: [9535906058.0, [1569507.0, 6280225, 401767932, 482593, 50350780, 394337]] [15192137742.0, [2473071.0, 9891951, 633078168, 629871, 85328280, 668271]] [1268148020, [208650, 834570, 53412240, 104970, 6676880, 52170]] [20655235688, [3403412, 13613588, 871269392, 309332, 108909584, 850868]] [1482874388, [244318, 977254, 62543896, 28726, 7818008, 61084]] [1164593781774.0, [191798295.0, 767192703, 49100323449, 42720639, 6138057081, 47954907]] [36055471654, [5936656, 23746591, 1519781728, 1711967, 189974368, 1488528]]
Model_cost: [5489186755.444445, [2252.1944444444443, 3193953, 204263100, 254881, 49399997, 81378]] [3897588126.0, [29511.0, 1333359, 85328280, 86895, 77870232, 92307]] [300919836, [32, 104010, 6246800, 13130, 6246800, 13130]] [5029352680.0, [9978.0, 1680596, 106001424, 38684, 103508112, 115866]] [392008504, [359, 136502, 8678424, 4918, 7767768, 9938]] [295299911050.0, [4077.0, 95907291, 6138011769, 5340891, 6137123253, 7106488]] [1244717554.0, [273.0, 412383, 26354976, 32967, 25504800, 39328]]
Arch_Param: [64, 16384, 4096, 16, 1024, 512]
Samsung_cost: [9535906058.0, [1569507.0, 6280225, 401767932, 482593, 50350780, 394337]] [15192137742.0, [2473071.0, 9891951, 633078168, 629871, 85328280, 668271]] [1268148020, [208650, 834570, 53412240, 104970, 6676880, 52170]] [20655235688, [3403412, 13613588, 871269392, 309332, 108909584, 850868]] [1482874388, [244318, 977254, 62543896, 28726, 7818008, 61084]] [1164593781774.0, [191798295.0, 767192703, 49100323449, 42720639, 6138057081, 47954907]] [36055471654, [5936656, 23746591, 1519781728, 1711967, 189974368, 1488528]]
Model_cost: [5489186755.444445, [2252.1944444444443, 3193953, 204263100, 254881, 49399997, 81378]] [3897588126.0, [29511.0, 1333359, 85328280, 86895, 77870232, 92307]] [300919836, [32, 104010, 6246800, 13130, 6246800, 13130]] [5029352680.0, [9978.0, 1680596, 106001424, 38684, 103508112, 115866]] [392008504, [359, 136502, 8678424, 4918, 7767768, 9938]] [295299911050.0, [4077.0, 95907291, 6138011769, 5340891, 6137123253, 7106488]] [1244717554.0, [273.0, 412383, 26354976, 32967, 25504800, 39328]]
Arch_Param: [64, 16384, 4096, 32, 256, 64]
Samsung_cost: [9546880600.0, [1549091.0, 24785444, 396549116, 3101732, 49793724, 389985]] [15405051918.0, [2473071.0, 39567471, 633078168, 4912239, 85328280, 668271]] [1285034300, [208650, 3338270, 53412240, 417310, 6676880, 52170]] [20961544188, [3403412, 54454342, 871269392, 6806854, 108909584, 850868]] [1496564736, [242994, 3887814, 62204952, 485982, 7775640, 60753]] [1181299483278.0, [191798295.0, 3068770335, 49100323449, 383602047, 6138057081, 47954907]] [36539520892, [5932560, 94920822, 1518733152, 11900022, 189843296, 1487504]]
Model_cost: [3463011160.7777777, [1153.0277777777778, 6404260, 102452412, 128868, 49399997, 81378]] [3913587102.0, [29511.0, 5333103, 85328280, 86895, 77870232, 92307]] [302065956, [32, 390430, 6246800, 13150, 6246800, 13130]] [5049172732.0, [9978.0, 6635334, 106001424, 38734, 103508112, 115866]] [382717288, [243, 509030, 8140312, 4198, 7767768, 9938]] [296450787418.0, [4077.0, 383626383, 6138011769, 5340891, 6137123253, 7106488]] [1238487094.0, [249.5, 1613302, 25807008, 29598, 25504800, 39328]]
Arch_Param: [64, 16384, 4096, 32, 256, 128]
Samsung_cost: [9488854104.0, [1549091.0, 24785444, 396549116, 464164, 49793724, 389985]] [15310839822.0, [2473071.0, 39567471, 633078168, 629871, 85328280, 668271]] [1278163260, [208650, 3338270, 53412240, 104990, 6676880, 52170]] [20818599804, [3403412, 54454342, 871269392, 309382, 108909584, 850868]] [1486493312, [242994, 3887814, 62204952, 28190, 7775640, 60753]] [1173800092302.0, [191798295.0, 3068770335, 49100323449, 42720639, 6138057081, 47954907]] [36315295484, [5932560, 94920822, 1518733152, 1707958, 189843296, 1487504]]
Model_cost: [3463011160.7777777, [1153.0277777777778, 6404260, 102452412, 128868, 49399997, 81378]] [3913587102.0, [29511.0, 5333103, 85328280, 86895, 77870232, 92307]] [302065956, [32, 390430, 6246800, 13150, 6246800, 13130]] [5049172732.0, [9978.0, 6635334, 106001424, 38734, 103508112, 115866]] [382715648, [241, 509030, 8140312, 4126, 7767768, 9938]] [296450787418.0, [4077.0, 383626383, 6138011769, 5340891, 6137123253, 7106488]] [1238487094.0, [249.5, 1613302, 25807008, 29598, 25504800, 39328]]
Arch_Param: [64, 16384, 4096, 32, 256, 256]
Samsung_cost: [9488854104.0, [1549091.0, 24785444, 396549116, 464164, 49793724, 389985]] [15310839822.0, [2473071.0, 39567471, 633078168, 629871, 85328280, 668271]] [1278163260, [208650, 3338270, 53412240, 104990, 6676880, 52170]] [20818599804, [3403412, 54454342, 871269392, 309382, 108909584, 850868]] [1486493312, [242994, 3887814, 62204952, 28190, 7775640, 60753]] [1173800092302.0, [191798295.0, 3068770335, 49100323449, 42720639, 6138057081, 47954907]] [36315295484, [5932560, 94920822, 1518733152, 1707958, 189843296, 1487504]]
Model_cost: [3463011160.7777777, [1153.0277777777778, 6404260, 102452412, 128868, 49399997, 81378]] [3913587102.0, [29511.0, 5333103, 85328280, 86895, 77870232, 92307]] [302065956, [32, 390430, 6246800, 13150, 6246800, 13130]] [5049172732.0, [9978.0, 6635334, 106001424, 38734, 103508112, 115866]] [382715648, [241, 509030, 8140312, 4126, 7767768, 9938]] [296450787418.0, [4077.0, 383626383, 6138011769, 5340891, 6137123253, 7106488]] [1238487094.0, [249.5, 1613302, 25807008, 29598, 25504800, 39328]]
Arch_Param: [64, 16384, 4096, 32, 512, 64]
Samsung_cost: [9497310730.0, [1549091.0, 12392993, 396549116, 3101729, 49793724, 389985]] [15325917198.0, [2473071.0, 19783791, 633078168, 4912239, 85328280, 668271]] [1278357560, [208650, 1669140, 53412240, 417300, 6676880, 52170]] [20852634864, [3403412, 27227176, 871269392, 6806824, 108909584, 850868]] [1488789120, [242994, 1943910, 62204952, 485982, 7775640, 60753]] [1175161942926.0, [191798295.0, 1534385247, 49100323449, 383602047, 6138057081, 47954907]] [36349677950, [5932560, 47460411, 1518733152, 11899963, 189843296, 1487504]]
Model_cost: [3450203658.7777777, [1153.0277777777778, 3202401, 102452412, 128865, 49399997, 81378]] [3902921118.0, [29511.0, 2666607, 85328280, 86895, 77870232, 92307]] [301284896, [32, 195220, 6246800, 13140, 6246800, 13130]] [5035942384.0, [9978.0, 3327912, 106001424, 38704, 103508112, 115866]] [381700456, [243, 254822, 8140312, 4198, 7767768, 9938]] [295683536506.0, [4077.0, 191813655, 6138011769, 5340891, 6137123253, 7106488]] [1235259192.0, [249.5, 806651, 25807008, 29539, 25504800, 39328]]
Arch_Param: [64, 16384, 4096, 32, 512, 128]
Samsung_cost: [9439284234.0, [1549091.0, 12392993, 396549116, 464161, 49793724, 389985]] [15231705102.0, [2473071.0, 19783791, 633078168, 629871, 85328280, 668271]] [1271486520, [208650, 1669140, 53412240, 104980, 6676880, 52170]] [20709690480, [3403412, 27227176, 871269392, 309352, 108909584, 850868]] [1478717696, [242994, 1943910, 62204952, 28190, 7775640, 60753]] [1167662551950.0, [191798295.0, 1534385247, 49100323449, 42720639, 6138057081, 47954907]] [36125452542, [5932560, 47460411, 1518733152, 1707899, 189843296, 1487504]]
Model_cost: [3450203658.7777777, [1153.0277777777778, 3202401, 102452412, 128865, 49399997, 81378]] [3902921118.0, [29511.0, 2666607, 85328280, 86895, 77870232, 92307]] [301284896, [32, 195220, 6246800, 13140, 6246800, 13130]] [5035942384.0, [9978.0, 3327912, 106001424, 38704, 103508112, 115866]] [381698624, [241, 254774, 8140312, 4126, 7767768, 9938]] [295683536506.0, [4077.0, 191813655, 6138011769, 5340891, 6137123253, 7106488]] [1235259192.0, [249.5, 806651, 25807008, 29539, 25504800, 39328]]
Arch_Param: [64, 16384, 4096, 32, 512, 256]
Samsung_cost: [9439284234.0, [1549091.0, 12392993, 396549116, 464161, 49793724, 389985]] [15231705102.0, [2473071.0, 19783791, 633078168, 629871, 85328280, 668271]] [1271486520, [208650, 1669140, 53412240, 104980, 6676880, 52170]] [20709690480, [3403412, 27227176, 871269392, 309352, 108909584, 850868]] [1478717696, [242994, 1943910, 62204952, 28190, 7775640, 60753]] [1167662551950.0, [191798295.0, 1534385247, 49100323449, 42720639, 6138057081, 47954907]] [36125452542, [5932560, 47460411, 1518733152, 1707899, 189843296, 1487504]]
Model_cost: [3450203658.7777777, [1153.0277777777778, 3202401, 102452412, 128865, 49399997, 81378]] [3902921118.0, [29511.0, 2666607, 85328280, 86895, 77870232, 92307]] [301284896, [32, 195220, 6246800, 13140, 6246800, 13130]] [5035942384.0, [9978.0, 3327912, 106001424, 38704, 103508112, 115866]] [381698624, [241, 254774, 8140312, 4126, 7767768, 9938]] [295683536506.0, [4077.0, 191813655, 6138011769, 5340891, 6137123253, 7106488]] [1235259192.0, [249.5, 806651, 25807008, 29539, 25504800, 39328]]
Arch_Param: [64, 16384, 4096, 32, 512, 512]
Samsung_cost: [9439284234.0, [1549091.0, 12392993, 396549116, 464161, 49793724, 389985]] [15231705102.0, [2473071.0, 19783791, 633078168, 629871, 85328280, 668271]] [1271486520, [208650, 1669140, 53412240, 104980, 6676880, 52170]] [20709690480, [3403412, 27227176, 871269392, 309352, 108909584, 850868]] [1478717696, [242994, 1943910, 62204952, 28190, 7775640, 60753]] [1167662551950.0, [191798295.0, 1534385247, 49100323449, 42720639, 6138057081, 47954907]] [36125452542, [5932560, 47460411, 1518733152, 1707899, 189843296, 1487504]]
Model_cost: [3450203658.7777777, [1153.0277777777778, 3202401, 102452412, 128865, 49399997, 81378]] [3902921118.0, [29511.0, 2666607, 85328280, 86895, 77870232, 92307]] [301284896, [32, 195220, 6246800, 13140, 6246800, 13130]] [5035942384.0, [9978.0, 3327912, 106001424, 38704, 103508112, 115866]] [381698624, [241, 254774, 8140312, 4126, 7767768, 9938]] [295683536506.0, [4077.0, 191813655, 6138011769, 5340891, 6137123253, 7106488]] [1235259192.0, [249.5, 806651, 25807008, 29539, 25504800, 39328]]
Arch_Param: [64, 16384, 4096, 32, 1024, 64]
Samsung_cost: [9472529930.0, [1549091.0, 6197793, 396549116, 3101729, 49793724, 389985]] [15286349838.0, [2473071.0, 9891951, 633078168, 4912239, 85328280, 668271]] [1275019060, [208650, 834570, 53412240, 417290, 6676880, 52170]] [20798180072, [3403412, 13613588, 871269392, 6806804, 108909584, 850868]] [1484901312, [242994, 971958, 62204952, 485982, 7775640, 60753]] [1172093172750.0, [191798295.0, 767192703, 49100323449, 383602047, 6138057081, 47954907]] [36254756518, [5932560, 23730207, 1518733152, 11899935, 189843296, 1487504]]
Model_cost: [3443803146.7777777, [1153.0277777777778, 1602273, 102452412, 128865, 49399997, 81378]] [3897588126.0, [29511.0, 1333359, 85328280, 86895, 77870232, 92307]] [300919836, [32, 104010, 6246800, 13130, 6246800, 13130]] [5029352680.0, [9978.0, 1680596, 106001424, 38684, 103508112, 115866]] [381192040, [243, 127718, 8140312, 4198, 7767768, 9938]] [295299911050.0, [4077.0, 95907291, 6138011769, 5340891, 6137123253, 7106488]] [1233646176.0, [249.5, 403551, 25807008, 29511, 25504800, 39328]]
Arch_Param: [64, 16384, 4096, 32, 1024, 128]
Samsung_cost: [9414503434.0, [1549091.0, 6197793, 396549116, 464161, 49793724, 389985]] [15192137742.0, [2473071.0, 9891951, 633078168, 629871, 85328280, 668271]] [1268148020, [208650, 834570, 53412240, 104970, 6676880, 52170]] [20655235688, [3403412, 13613588, 871269392, 309332, 108909584, 850868]] [1474829888, [242994, 971958, 62204952, 28190, 7775640, 60753]] [1164593781774.0, [191798295.0, 767192703, 49100323449, 42720639, 6138057081, 47954907]] [36030531110, [5932560, 23730207, 1518733152, 1707871, 189843296, 1487504]]
Model_cost: [3443803146.7777777, [1153.0277777777778, 1602273, 102452412, 128865, 49399997, 81378]] [3897588126.0, [29511.0, 1333359, 85328280, 86895, 77870232, 92307]] [300919836, [32, 104010, 6246800, 13130, 6246800, 13130]] [5029352680.0, [9978.0, 1680596, 106001424, 38684, 103508112, 115866]] [381190112, [241, 127646, 8140312, 4126, 7767768, 9938]] [295299911050.0, [4077.0, 95907291, 6138011769, 5340891, 6137123253, 7106488]] [1233646176.0, [249.5, 403551, 25807008, 29511, 25504800, 39328]]
Arch_Param: [64, 16384, 4096, 32, 1024, 256]
Samsung_cost: [9414503434.0, [1549091.0, 6197793, 396549116, 464161, 49793724, 389985]] [15192137742.0, [2473071.0, 9891951, 633078168, 629871, 85328280, 668271]] [1268148020, [208650, 834570, 53412240, 104970, 6676880, 52170]] [20655235688, [3403412, 13613588, 871269392, 309332, 108909584, 850868]] [1474829888, [242994, 971958, 62204952, 28190, 7775640, 60753]] [1164593781774.0, [191798295.0, 767192703, 49100323449, 42720639, 6138057081, 47954907]] [36030531110, [5932560, 23730207, 1518733152, 1707871, 189843296, 1487504]]
Model_cost: [3443803146.7777777, [1153.0277777777778, 1602273, 102452412, 128865, 49399997, 81378]] [3897588126.0, [29511.0, 1333359, 85328280, 86895, 77870232, 92307]] [300919836, [32, 104010, 6246800, 13130, 6246800, 13130]] [5029352680.0, [9978.0, 1680596, 106001424, 38684, 103508112, 115866]] [381190112, [241, 127646, 8140312, 4126, 7767768, 9938]] [295299911050.0, [4077.0, 95907291, 6138011769, 5340891, 6137123253, 7106488]] [1233646176.0, [249.5, 403551, 25807008, 29511, 25504800, 39328]]
Arch_Param: [64, 16384, 4096, 32, 1024, 512]
Samsung_cost: [9414503434.0, [1549091.0, 6197793, 396549116, 464161, 49793724, 389985]] [15192137742.0, [2473071.0, 9891951, 633078168, 629871, 85328280, 668271]] [1268148020, [208650, 834570, 53412240, 104970, 6676880, 52170]] [20655235688, [3403412, 13613588, 871269392, 309332, 108909584, 850868]] [1474829888, [242994, 971958, 62204952, 28190, 7775640, 60753]] [1164593781774.0, [191798295.0, 767192703, 49100323449, 42720639, 6138057081, 47954907]] [36030531110, [5932560, 23730207, 1518733152, 1707871, 189843296, 1487504]]
Model_cost: [3443803146.7777777, [1153.0277777777778, 1602273, 102452412, 128865, 49399997, 81378]] [3897588126.0, [29511.0, 1333359, 85328280, 86895, 77870232, 92307]] [300919836, [32, 104010, 6246800, 13130, 6246800, 13130]] [5029352680.0, [9978.0, 1680596, 106001424, 38684, 103508112, 115866]] [381190112, [241, 127646, 8140312, 4126, 7767768, 9938]] [295299911050.0, [4077.0, 95907291, 6138011769, 5340891, 6137123253, 7106488]] [1233646176.0, [249.5, 403551, 25807008, 29511, 25504800, 39328]]
Arch_Param: [64, 16384, 2048, 4, 256, 64]
Samsung_cost: [19823444880.0, [6413989.0, 51312164, 820922876, 6444068, 102001340, 797857]] [15474294798.0, [4946031.0, 39567471, 633078168, 4912239, 85328280, 668271]] [1290876220, [417290, 3338270, 53412240, 417310, 6676880, 52170]] [21056839164, [6806804, 54454342, 871269392, 6806854, 108909584, 850868]] [1586051468, [512710, 4101638, 65626136, 512710, 8203288, 64094]] [1186669831086.0, [383596431.0, 3068770335, 49100323449, 383602047, 6138057081, 47954907]] [37241866192, [12043283, 96346230, 1541539680, 12113014, 192137056, 1505424]]
Model_cost: [14958920274.0, [14894.5, 41814564, 668963196, 1200100, 49399997, 84962]] [3914410302.0, [58911.0, 5333103, 85328280, 86895, 77870232, 92307]] [302066544, [53, 390430, 6246800, 13150, 6246800, 13130]] [5049451388, [19934, 6635334, 106001424, 38734, 103508112, 115862]] [921259052, [2826, 2171654, 34713624, 20230, 7767768, 9938]] [296450897122.0, [7995.0, 383626383, 6138011769, 5340891, 6137123253, 7106488]] [1381561886.0, [943.5, 2054902, 32837664, 60318, 25504800, 39328]]
Arch_Param: [64, 16384, 2048, 4, 256, 128]
Samsung_cost: [19704192912.0, [6413989.0, 51312164, 820922876, 1023524, 102001340, 797857]] [15380082702.0, [4946031.0, 39567471, 633078168, 629871, 85328280, 668271]] [1284005180, [417290, 3338270, 53412240, 104990, 6676880, 52170]] [20913894780, [6806804, 54454342, 871269392, 309382, 108909584, 850868]] [1575497100, [512710, 4101638, 65626136, 32966, 8203288, 64094]] [1179170440110.0, [383596431.0, 3068770335, 49100323449, 42720639, 6138057081, 47954907]] [37015658320, [12043283, 96346230, 1541539680, 1830838, 192137056, 1505424]]
Model_cost: [14958920274.0, [14894.5, 41814564, 668963196, 1200100, 49399997, 84962]] [3914410302.0, [58911.0, 5333103, 85328280, 86895, 77870232, 92307]] [302066544, [53, 390430, 6246800, 13150, 6246800, 13130]] [5049451388, [19934, 6635334, 106001424, 38734, 103508112, 115862]] [921259052, [2826, 2171654, 34713624, 20230, 7767768, 9938]] [296450897122.0, [7995.0, 383626383, 6138011769, 5340891, 6137123253, 7106488]] [1381561886.0, [943.5, 2054902, 32837664, 60318, 25504800, 39328]]
Arch_Param: [64, 16384, 2048, 4, 256, 256]
Samsung_cost: [19704192912.0, [6413989.0, 51312164, 820922876, 1023524, 102001340, 797857]] [15380082702.0, [4946031.0, 39567471, 633078168, 629871, 85328280, 668271]] [1284005180, [417290, 3338270, 53412240, 104990, 6676880, 52170]] [20913894780, [6806804, 54454342, 871269392, 309382, 108909584, 850868]] [1575497100, [512710, 4101638, 65626136, 32966, 8203288, 64094]] [1179170440110.0, [383596431.0, 3068770335, 49100323449, 42720639, 6138057081, 47954907]] [37015658320, [12043283, 96346230, 1541539680, 1830838, 192137056, 1505424]]
Model_cost: [14951013154.0, [14890.5, 41814564, 668963196, 845252, 49399997, 81378]] [3914410302.0, [58911.0, 5333103, 85328280, 86895, 77870232, 92307]] [302066544, [53, 390430, 6246800, 13150, 6246800, 13130]] [5049451388, [19934, 6635334, 106001424, 38734, 103508112, 115862]] [921259052, [2826, 2171654, 34713624, 20230, 7767768, 9938]] [296450897122.0, [7995.0, 383626383, 6138011769, 5340891, 6137123253, 7106488]] [1381561886.0, [943.5, 2054902, 32837664, 60318, 25504800, 39328]]
Arch_Param: [64, 16384, 2048, 4, 512, 64]
Samsung_cost: [19720821570.0, [6413989.0, 25656353, 820922876, 6444065, 102001340, 797857]] [15395160078.0, [4946031.0, 19783791, 633078168, 4912239, 85328280, 668271]] [1284199480, [417290, 1669140, 53412240, 417300, 6676880, 52170]] [20947929840, [6806804, 27227176, 871269392, 6806824, 108909584, 850868]] [1577848204, [512710, 2050822, 65626136, 512710, 8203288, 64094]] [1180532290734.0, [383596431.0, 1534385247, 49100323449, 383602047, 6138057081, 47954907]] [37049172434, [12043283, 48173115, 1541539680, 12112955, 192137056, 1505424]]
Model_cost: [14875292164.0, [14894.5, 20907553, 668963196, 1200097, 49399997, 84962]] [3903744318.0, [58911.0, 2666607, 85328280, 86895, 77870232, 92307]] [301285484, [53, 195220, 6246800, 13140, 6246800, 13130]] [5036221040, [19934, 3327912, 106001424, 38704, 103508112, 115862]] [916925484, [2826, 1088262, 34713624, 20230, 7767768, 9938]] [295683646210.0, [7995.0, 191813655, 6138011769, 5340891, 6137123253, 7106488]] [1377450784.0, [943.5, 1027451, 32837664, 60259, 25504800, 39328]]
Arch_Param: [64, 16384, 2048, 4, 512, 128]
Samsung_cost: [19601569602.0, [6413989.0, 25656353, 820922876, 1023521, 102001340, 797857]] [15300947982.0, [4946031.0, 19783791, 633078168, 629871, 85328280, 668271]] [1277328440, [417290, 1669140, 53412240, 104980, 6676880, 52170]] [20804985456, [6806804, 27227176, 871269392, 309352, 108909584, 850868]] [1567293836, [512710, 2050822, 65626136, 32966, 8203288, 64094]] [1173032899758.0, [383596431.0, 1534385247, 49100323449, 42720639, 6138057081, 47954907]] [36822964562, [12043283, 48173115, 1541539680, 1830779, 192137056, 1505424]]
Model_cost: [14875292164.0, [14894.5, 20907553, 668963196, 1200097, 49399997, 84962]] [3903744318.0, [58911.0, 2666607, 85328280, 86895, 77870232, 92307]] [301285484, [53, 195220, 6246800, 13140, 6246800, 13130]] [5036221040, [19934, 3327912, 106001424, 38704, 103508112, 115862]] [916925484, [2826, 1088262, 34713624, 20230, 7767768, 9938]] [295683646210.0, [7995.0, 191813655, 6138011769, 5340891, 6137123253, 7106488]] [1377450784.0, [943.5, 1027451, 32837664, 60259, 25504800, 39328]]
Arch_Param: [64, 16384, 2048, 4, 512, 256]
Samsung_cost: [19601569602.0, [6413989.0, 25656353, 820922876, 1023521, 102001340, 797857]] [15300947982.0, [4946031.0, 19783791, 633078168, 629871, 85328280, 668271]] [1277328440, [417290, 1669140, 53412240, 104980, 6676880, 52170]] [20804985456, [6806804, 27227176, 871269392, 309352, 108909584, 850868]] [1567293836, [512710, 2050822, 65626136, 32966, 8203288, 64094]] [1173032899758.0, [383596431.0, 1534385247, 49100323449, 42720639, 6138057081, 47954907]] [36822964562, [12043283, 48173115, 1541539680, 1830779, 192137056, 1505424]]
Model_cost: [14867385044.0, [14890.5, 20907553, 668963196, 845249, 49399997, 81378]] [3903744318.0, [58911.0, 2666607, 85328280, 86895, 77870232, 92307]] [301285484, [53, 195220, 6246800, 13140, 6246800, 13130]] [5036221040, [19934, 3327912, 106001424, 38704, 103508112, 115862]] [916925484, [2826, 1088262, 34713624, 20230, 7767768, 9938]] [295683646210.0, [7995.0, 191813655, 6138011769, 5340891, 6137123253, 7106488]] [1377450784.0, [943.5, 1027451, 32837664, 60259, 25504800, 39328]]
Arch_Param: [64, 16384, 2048, 4, 512, 512]
Samsung_cost: [19601569602.0, [6413989.0, 25656353, 820922876, 1023521, 102001340, 797857]] [15300947982.0, [4946031.0, 19783791, 633078168, 629871, 85328280, 668271]] [1277328440, [417290, 1669140, 53412240, 104980, 6676880, 52170]] [20804985456, [6806804, 27227176, 871269392, 309352, 108909584, 850868]] [1567293836, [512710, 2050822, 65626136, 32966, 8203288, 64094]] [1173032899758.0, [383596431.0, 1534385247, 49100323449, 42720639, 6138057081, 47954907]] [36822964562, [12043283, 48173115, 1541539680, 1830779, 192137056, 1505424]]
Model_cost: [14867385044.0, [14890.5, 20907553, 668963196, 845249, 49399997, 81378]] [3903744318.0, [58911.0, 2666607, 85328280, 86895, 77870232, 92307]] [301285484, [53, 195220, 6246800, 13140, 6246800, 13130]] [5036221040, [19934, 3327912, 106001424, 38704, 103508112, 115862]] [916925484, [2826, 1088262, 34713624, 20230, 7767768, 9938]] [295683646210.0, [7995.0, 191813655, 6138011769, 5340891, 6137123253, 7106488]] [1377450784.0, [943.5, 1027451, 32837664, 60259, 25504800, 39328]]
Arch_Param: [64, 16384, 2048, 4, 1024, 64]
Samsung_cost: [19669535554.0, [6413989.0, 12834849, 820922876, 6444065, 102001340, 797857]] [15355592718.0, [4946031.0, 9891951, 633078168, 4912239, 85328280, 668271]] [1280860980, [417290, 834570, 53412240, 417290, 6676880, 52170]] [20893475048, [6806804, 13613588, 871269392, 6806804, 108909584, 850868]] [1573746572, [512710, 1025414, 65626136, 512710, 8203288, 64094]] [1177463520558.0, [383596431.0, 767192703, 49100323449, 383602047, 6138057081, 47954907]] [36952825594, [12043283, 24086559, 1541539680, 12112927, 192137056, 1505424]]
Model_cost: [14833502980.0, [14894.5, 10460257, 668963196, 1200097, 49399997, 84962]] [3898411326.0, [58911.0, 1333359, 85328280, 86895, 77870232, 92307]] [300920424, [53, 104010, 6246800, 13130, 6246800, 13130]] [5029631336, [19934, 1680596, 106001424, 38684, 103508112, 115862]] [914758700, [2826, 546566, 34713624, 20230, 7767768, 9938]] [295300020754.0, [7995.0, 95907291, 6138011769, 5340891, 6137123253, 7106488]] [1375401544.0, [943.5, 515295, 32837664, 60231, 25504800, 39328]]
Arch_Param: [64, 16384, 2048, 4, 1024, 128]
Samsung_cost: [19550283586.0, [6413989.0, 12834849, 820922876, 1023521, 102001340, 797857]] [15261380622.0, [4946031.0, 9891951, 633078168, 629871, 85328280, 668271]] [1273989940, [417290, 834570, 53412240, 104970, 6676880, 52170]] [20750530664, [6806804, 13613588, 871269392, 309332, 108909584, 850868]] [1563192204, [512710, 1025414, 65626136, 32966, 8203288, 64094]] [1169964129582.0, [383596431.0, 767192703, 49100323449, 42720639, 6138057081, 47954907]] [36726617722, [12043283, 24086559, 1541539680, 1830751, 192137056, 1505424]]
Model_cost: [14833502980.0, [14894.5, 10460257, 668963196, 1200097, 49399997, 84962]] [3898411326.0, [58911.0, 1333359, 85328280, 86895, 77870232, 92307]] [300920424, [53, 104010, 6246800, 13130, 6246800, 13130]] [5029631336, [19934, 1680596, 106001424, 38684, 103508112, 115862]] [914758700, [2826, 546566, 34713624, 20230, 7767768, 9938]] [295300020754.0, [7995.0, 95907291, 6138011769, 5340891, 6137123253, 7106488]] [1375401544.0, [943.5, 515295, 32837664, 60231, 25504800, 39328]]
Arch_Param: [64, 16384, 2048, 4, 1024, 256]
Samsung_cost: [19550283586.0, [6413989.0, 12834849, 820922876, 1023521, 102001340, 797857]] [15261380622.0, [4946031.0, 9891951, 633078168, 629871, 85328280, 668271]] [1273989940, [417290, 834570, 53412240, 104970, 6676880, 52170]] [20750530664, [6806804, 13613588, 871269392, 309332, 108909584, 850868]] [1563192204, [512710, 1025414, 65626136, 32966, 8203288, 64094]] [1169964129582.0, [383596431.0, 767192703, 49100323449, 42720639, 6138057081, 47954907]] [36726617722, [12043283, 24086559, 1541539680, 1830751, 192137056, 1505424]]
Model_cost: [14825595860.0, [14890.5, 10460257, 668963196, 845249, 49399997, 81378]] [3898411326.0, [58911.0, 1333359, 85328280, 86895, 77870232, 92307]] [300920424, [53, 104010, 6246800, 13130, 6246800, 13130]] [5029631336, [19934, 1680596, 106001424, 38684, 103508112, 115862]] [914758700, [2826, 546566, 34713624, 20230, 7767768, 9938]] [295300020754.0, [7995.0, 95907291, 6138011769, 5340891, 6137123253, 7106488]] [1375401544.0, [943.5, 515295, 32837664, 60231, 25504800, 39328]]
Arch_Param: [64, 16384, 2048, 4, 1024, 512]
Samsung_cost: [19550283586.0, [6413989.0, 12834849, 820922876, 1023521, 102001340, 797857]] [15261380622.0, [4946031.0, 9891951, 633078168, 629871, 85328280, 668271]] [1273989940, [417290, 834570, 53412240, 104970, 6676880, 52170]] [20750530664, [6806804, 13613588, 871269392, 309332, 108909584, 850868]] [1563192204, [512710, 1025414, 65626136, 32966, 8203288, 64094]] [1169964129582.0, [383596431.0, 767192703, 49100323449, 42720639, 6138057081, 47954907]] [36726617722, [12043283, 24086559, 1541539680, 1830751, 192137056, 1505424]]
Model_cost: [14825595860.0, [14890.5, 10460257, 668963196, 845249, 49399997, 81378]] [3898411326.0, [58911.0, 1333359, 85328280, 86895, 77870232, 92307]] [300920424, [53, 104010, 6246800, 13130, 6246800, 13130]] [5029631336, [19934, 1680596, 106001424, 38684, 103508112, 115862]] [914758700, [2826, 546566, 34713624, 20230, 7767768, 9938]] [295300020754.0, [7995.0, 95907291, 6138011769, 5340891, 6137123253, 7106488]] [1375401544.0, [943.5, 515295, 32837664, 60231, 25504800, 39328]]
Arch_Param: [64, 16384, 2048, 8, 256, 64]
Samsung_cost: [9960864912.0, [3220645.0, 25765412, 412205564, 3236900, 51464892, 403041]] [15474294798.0, [4946031.0, 39567471, 633078168, 4912239, 85328280, 668271]] [1290876220, [417290, 3338270, 53412240, 417310, 6676880, 52170]] [21056839164, [6806804, 54454342, 871269392, 6806854, 108909584, 850868]] [1527943164, [493926, 3951366, 63221784, 493926, 7902744, 61746]] [1186669831086.0, [383596431.0, 3068770335, 49100323449, 383602047, 6138057081, 47954907]] [36781658064, [11889683, 95117430, 1521878880, 11924598, 190236512, 1490576]]
Model_cost: [8672244722.0, [7942.5, 22447780, 359125692, 642660, 49399997, 84962]] [3914410302.0, [58911.0, 5333103, 85328280, 86895, 77870232, 92307]] [302066544, [53, 390430, 6246800, 13150, 6246800, 13130]] [5049451388, [19934, 6635334, 106001424, 38734, 103508112, 115862]] [569517812, [1416, 1085830, 17356824, 10118, 7767768, 9938]] [296450897122.0, [7995.0, 383626383, 6138011769, 5340891, 6137123253, 7106488]] [1293633006.0, [667.5, 1783542, 28515872, 42142, 25504800, 39328]]
Arch_Param: [64, 16384, 2048, 8, 256, 128]
Samsung_cost: [9901081232.0, [3220645.0, 25765412, 412205564, 519460, 51464892, 403041]] [15380082702.0, [4946031.0, 39567471, 633078168, 629871, 85328280, 668271]] [1284005180, [417290, 3338270, 53412240, 104990, 6676880, 52170]] [20913894780, [6806804, 54454342, 871269392, 309382, 108909584, 850868]] [1517732348, [493926, 3951366, 63221784, 29798, 7902744, 61746]] [1179170440110.0, [383596431.0, 3068770335, 49100323449, 42720639, 6138057081, 47954907]] [36557162320, [11889683, 95117430, 1521878880, 1720246, 190236512, 1490576]]
Model_cost: [8667940674.0, [7938.5, 22447780, 359125692, 451588, 49399997, 81378]] [3914410302.0, [58911.0, 5333103, 85328280, 86895, 77870232, 92307]] [302066544, [53, 390430, 6246800, 13150, 6246800, 13130]] [5049451388, [19934, 6635334, 106001424, 38734, 103508112, 115862]] [569517812, [1416, 1085830, 17356824, 10118, 7767768, 9938]] [296450897122.0, [7995.0, 383626383, 6138011769, 5340891, 6137123253, 7106488]] [1293633006.0, [667.5, 1783542, 28515872, 42142, 25504800, 39328]]
Arch_Param: [64, 16384, 2048, 8, 256, 256]
Samsung_cost: [9901081232.0, [3220645.0, 25765412, 412205564, 519460, 51464892, 403041]] [15380082702.0, [4946031.0, 39567471, 633078168, 629871, 85328280, 668271]] [1284005180, [417290, 3338270, 53412240, 104990, 6676880, 52170]] [20913894780, [6806804, 54454342, 871269392, 309382, 108909584, 850868]] [1517732348, [493926, 3951366, 63221784, 29798, 7902744, 61746]] [1179170440110.0, [383596431.0, 3068770335, 49100323449, 42720639, 6138057081, 47954907]] [36557162320, [11889683, 95117430, 1521878880, 1720246, 190236512, 1490576]]
Model_cost: [8667940674.0, [7938.5, 22447780, 359125692, 451588, 49399997, 81378]] [3914410302.0, [58911.0, 5333103, 85328280, 86895, 77870232, 92307]] [302066544, [53, 390430, 6246800, 13150, 6246800, 13130]] [5049451388, [19934, 6635334, 106001424, 38734, 103508112, 115862]] [569517812, [1416, 1085830, 17356824, 10118, 7767768, 9938]] [296450897122.0, [7995.0, 383626383, 6138011769, 5340891, 6137123253, 7106488]] [1293633006.0, [667.5, 1783542, 28515872, 42142, 25504800, 39328]]
Arch_Param: [64, 16384, 2048, 8, 512, 64]
Samsung_cost: [9909335106.0, [3220645.0, 12882977, 412205564, 3236897, 51464892, 403041]] [15395160078.0, [4946031.0, 19783791, 633078168, 4912239, 85328280, 668271]] [1284199480, [417290, 1669140, 53412240, 417300, 6676880, 52170]] [20947929840, [6806804, 27227176, 871269392, 6806824, 108909584, 850868]] [1520040444, [493926, 1975686, 63221784, 493926, 7902744, 61746]] [1180532290734.0, [383596431.0, 1534385247, 49100323449, 383602047, 6138057081, 47954907]] [36591421906, [11889683, 47558715, 1521878880, 11924539, 190236512, 1490576]]
Model_cost: [8627350180.0, [7942.5, 11224161, 359125692, 642657, 49399997, 84962]] [3903744318.0, [58911.0, 2666607, 85328280, 86895, 77870232, 92307]] [301285484, [53, 195220, 6246800, 13140, 6246800, 13130]] [5036221040, [19934, 3327912, 106001424, 38704, 103508112, 115862]] [567351028, [1416, 544134, 17356824, 10118, 7767768, 9938]] [295683646210.0, [7995.0, 191813655, 6138011769, 5340891, 6137123253, 7106488]] [1290064624.0, [667.5, 891771, 28515872, 42083, 25504800, 39328]]
Arch_Param: [64, 16384, 2048, 8, 512, 128]
Samsung_cost: [9849551426.0, [3220645.0, 12882977, 412205564, 519457, 51464892, 403041]] [15300947982.0, [4946031.0, 19783791, 633078168, 629871, 85328280, 668271]] [1277328440, [417290, 1669140, 53412240, 104980, 6676880, 52170]] [20804985456, [6806804, 27227176, 871269392, 309352, 108909584, 850868]] [1509829628, [493926, 1975686, 63221784, 29798, 7902744, 61746]] [1173032899758.0, [383596431.0, 1534385247, 49100323449, 42720639, 6138057081, 47954907]] [36366926162, [11889683, 47558715, 1521878880, 1720187, 190236512, 1490576]]
Model_cost: [8623046132.0, [7938.5, 11224161, 359125692, 451585, 49399997, 81378]] [3903744318.0, [58911.0, 2666607, 85328280, 86895, 77870232, 92307]] [301285484, [53, 195220, 6246800, 13140, 6246800, 13130]] [5036221040, [19934, 3327912, 106001424, 38704, 103508112, 115862]] [567351028, [1416, 544134, 17356824, 10118, 7767768, 9938]] [295683646210.0, [7995.0, 191813655, 6138011769, 5340891, 6137123253, 7106488]] [1290064624.0, [667.5, 891771, 28515872, 42083, 25504800, 39328]]
Arch_Param: [64, 16384, 2048, 8, 512, 256]
Samsung_cost: [9849551426.0, [3220645.0, 12882977, 412205564, 519457, 51464892, 403041]] [15300947982.0, [4946031.0, 19783791, 633078168, 629871, 85328280, 668271]] [1277328440, [417290, 1669140, 53412240, 104980, 6676880, 52170]] [20804985456, [6806804, 27227176, 871269392, 309352, 108909584, 850868]] [1509829628, [493926, 1975686, 63221784, 29798, 7902744, 61746]] [1173032899758.0, [383596431.0, 1534385247, 49100323449, 42720639, 6138057081, 47954907]] [36366926162, [11889683, 47558715, 1521878880, 1720187, 190236512, 1490576]]
Model_cost: [8623046132.0, [7938.5, 11224161, 359125692, 451585, 49399997, 81378]] [3903744318.0, [58911.0, 2666607, 85328280, 86895, 77870232, 92307]] [301285484, [53, 195220, 6246800, 13140, 6246800, 13130]] [5036221040, [19934, 3327912, 106001424, 38704, 103508112, 115862]] [567351028, [1416, 544134, 17356824, 10118, 7767768, 9938]] [295683646210.0, [7995.0, 191813655, 6138011769, 5340891, 6137123253, 7106488]] [1290064624.0, [667.5, 891771, 28515872, 42083, 25504800, 39328]]
Arch_Param: [64, 16384, 2048, 8, 512, 512]
Samsung_cost: [9849551426.0, [3220645.0, 12882977, 412205564, 519457, 51464892, 403041]] [15300947982.0, [4946031.0, 19783791, 633078168, 629871, 85328280, 668271]] [1277328440, [417290, 1669140, 53412240, 104980, 6676880, 52170]] [20804985456, [6806804, 27227176, 871269392, 309352, 108909584, 850868]] [1509829628, [493926, 1975686, 63221784, 29798, 7902744, 61746]] [1173032899758.0, [383596431.0, 1534385247, 49100323449, 42720639, 6138057081, 47954907]] [36366926162, [11889683, 47558715, 1521878880, 1720187, 190236512, 1490576]]
Model_cost: [8623046132.0, [7938.5, 11224161, 359125692, 451585, 49399997, 81378]] [3903744318.0, [58911.0, 2666607, 85328280, 86895, 77870232, 92307]] [301285484, [53, 195220, 6246800, 13140, 6246800, 13130]] [5036221040, [19934, 3327912, 106001424, 38704, 103508112, 115862]] [567343924, [1416, 543942, 17356824, 9830, 7767768, 9938]] [295683646210.0, [7995.0, 191813655, 6138011769, 5340891, 6137123253, 7106488]] [1290064624.0, [667.5, 891771, 28515872, 42083, 25504800, 39328]]
Arch_Param: [64, 16384, 2048, 8, 1024, 64]
Samsung_cost: [9883583554.0, [3220645.0, 6445089, 412205564, 3236897, 51464892, 403041]] [15355592718.0, [4946031.0, 9891951, 633078168, 4912239, 85328280, 668271]] [1280860980, [417290, 834570, 53412240, 417290, 6676880, 52170]] [20893475048, [6806804, 13613588, 871269392, 6806804, 108909584, 850868]] [1516089084, [493926, 987846, 63221784, 493926, 7902744, 61746]] [1177463520558.0, [383596431.0, 767192703, 49100323449, 383602047, 6138057081, 47954907]] [36496303866, [11889683, 23779359, 1521878880, 11924511, 190236512, 1490576]]
Model_cost: [8604915364.0, [7942.5, 5615457, 359125692, 642657, 49399997, 84962]] [3898411326.0, [58911.0, 1333359, 85328280, 86895, 77870232, 92307]] [300920424, [53, 104010, 6246800, 13130, 6246800, 13130]] [5029631336, [19934, 1680596, 106001424, 38684, 103508112, 115862]] [566267636, [1416, 273286, 17356824, 10118, 7767768, 9938]] [295300020754.0, [7995.0, 95907291, 6138011769, 5340891, 6137123253, 7106488]] [1288283672.0, [667.5, 446687, 28515872, 42055, 25504800, 39328]]
Arch_Param: [64, 16384, 2048, 8, 1024, 128]
Samsung_cost: [9823799874.0, [3220645.0, 6445089, 412205564, 519457, 51464892, 403041]] [15261380622.0, [4946031.0, 9891951, 633078168, 629871, 85328280, 668271]] [1273989940, [417290, 834570, 53412240, 104970, 6676880, 52170]] [20750530664, [6806804, 13613588, 871269392, 309332, 108909584, 850868]] [1505878268, [493926, 987846, 63221784, 29798, 7902744, 61746]] [1169964129582.0, [383596431.0, 767192703, 49100323449, 42720639, 6138057081, 47954907]] [36271808122, [11889683, 23779359, 1521878880, 1720159, 190236512, 1490576]]
Model_cost: [8600611316.0, [7938.5, 5615457, 359125692, 451585, 49399997, 81378]] [3898411326.0, [58911.0, 1333359, 85328280, 86895, 77870232, 92307]] [300920424, [53, 104010, 6246800, 13130, 6246800, 13130]] [5029631336, [19934, 1680596, 106001424, 38684, 103508112, 115862]] [566267636, [1416, 273286, 17356824, 10118, 7767768, 9938]] [295300020754.0, [7995.0, 95907291, 6138011769, 5340891, 6137123253, 7106488]] [1288283672.0, [667.5, 446687, 28515872, 42055, 25504800, 39328]]
Arch_Param: [64, 16384, 2048, 8, 1024, 256]
Samsung_cost: [9823799874.0, [3220645.0, 6445089, 412205564, 519457, 51464892, 403041]] [15261380622.0, [4946031.0, 9891951, 633078168, 629871, 85328280, 668271]] [1273989940, [417290, 834570, 53412240, 104970, 6676880, 52170]] [20750530664, [6806804, 13613588, 871269392, 309332, 108909584, 850868]] [1505878268, [493926, 987846, 63221784, 29798, 7902744, 61746]] [1169964129582.0, [383596431.0, 767192703, 49100323449, 42720639, 6138057081, 47954907]] [36271808122, [11889683, 23779359, 1521878880, 1720159, 190236512, 1490576]]
Model_cost: [8600611316.0, [7938.5, 5615457, 359125692, 451585, 49399997, 81378]] [3898411326.0, [58911.0, 1333359, 85328280, 86895, 77870232, 92307]] [300920424, [53, 104010, 6246800, 13130, 6246800, 13130]] [5029631336, [19934, 1680596, 106001424, 38684, 103508112, 115862]] [566267636, [1416, 273286, 17356824, 10118, 7767768, 9938]] [295300020754.0, [7995.0, 95907291, 6138011769, 5340891, 6137123253, 7106488]] [1288283672.0, [667.5, 446687, 28515872, 42055, 25504800, 39328]]
Arch_Param: [64, 16384, 2048, 8, 1024, 512]
Samsung_cost: [9823799874.0, [3220645.0, 6445089, 412205564, 519457, 51464892, 403041]] [15261380622.0, [4946031.0, 9891951, 633078168, 629871, 85328280, 668271]] [1273989940, [417290, 834570, 53412240, 104970, 6676880, 52170]] [20750530664, [6806804, 13613588, 871269392, 309332, 108909584, 850868]] [1505878268, [493926, 987846, 63221784, 29798, 7902744, 61746]] [1169964129582.0, [383596431.0, 767192703, 49100323449, 42720639, 6138057081, 47954907]] [36271808122, [11889683, 23779359, 1521878880, 1720159, 190236512, 1490576]]
Model_cost: [8600611316.0, [7938.5, 5615457, 359125692, 451585, 49399997, 81378]] [3898411326.0, [58911.0, 1333359, 85328280, 86895, 77870232, 92307]] [300920424, [53, 104010, 6246800, 13130, 6246800, 13130]] [5029631336, [19934, 1680596, 106001424, 38684, 103508112, 115862]] [566260148, [1416, 272998, 17356824, 9830, 7767768, 9938]] [295300020754.0, [7995.0, 95907291, 6138011769, 5340891, 6137123253, 7106488]] [1288283672.0, [667.5, 446687, 28515872, 42055, 25504800, 39328]]
Arch_Param: [64, 16384, 2048, 16, 256, 64]
Samsung_cost: [9713791120.0, [3138981.0, 25112100, 401767932, 3146788, 50350780, 394337]] [15474294798.0, [4946031.0, 39567471, 633078168, 4912239, 85328280, 668271]] [1290876220, [417290, 3338270, 53412240, 417310, 6676880, 52170]] [21056839164, [6806804, 54454342, 871269392, 6806854, 108909584, 850868]] [1511559988, [488630, 3908998, 62543896, 488630, 7818008, 61084]] [1186669831086.0, [383596431.0, 3068770335, 49100323449, 383602047, 6138057081, 47954907]] [36730974160, [11873299, 94986358, 1519781728, 11908214, 189974368, 1488528]]
Model_cost: [5527544642.0, [4466.5, 12767908, 204263100, 254884, 49399997, 81378]] [3914410302.0, [58911.0, 5333103, 85328280, 86895, 77870232, 92307]] [302066544, [53, 390430, 6246800, 13150, 6246800, 13130]] [5049451388, [19934, 6635334, 106001424, 38734, 103508112, 115862]] [393647192, [711, 542918, 8678424, 5062, 7767768, 9938]] [296450897122.0, [7995.0, 383626383, 6138011769, 5340891, 6137123253, 7106488]] [1249668524.0, [528.0, 1647862, 26354976, 33054, 25504800, 39328]]
Arch_Param: [64, 16384, 2048, 16, 256, 128]
Samsung_cost: [9655178896.0, [3138981.0, 25112100, 401767932, 482596, 50350780, 394337]] [15380082702.0, [4946031.0, 39567471, 633078168, 629871, 85328280, 668271]] [1284005180, [417290, 3338270, 53412240, 104990, 6676880, 52170]] [20913894780, [6806804, 54454342, 871269392, 309382, 108909584, 850868]] [1501442100, [488630, 3908998, 62543896, 28726, 7818008, 61084]] [1179170440110.0, [383596431.0, 3068770335, 49100323449, 42720639, 6138057081, 47954907]] [36506658640, [11873299, 94986358, 1519781728, 1712054, 189974368, 1488528]]
Model_cost: [5527544642.0, [4466.5, 12767908, 204263100, 254884, 49399997, 81378]] [3914410302.0, [58911.0, 5333103, 85328280, 86895, 77870232, 92307]] [302066544, [53, 390430, 6246800, 13150, 6246800, 13130]] [5049451388, [19934, 6635334, 106001424, 38734, 103508112, 115862]] [393647192, [711, 542918, 8678424, 5062, 7767768, 9938]] [296450897122.0, [7995.0, 383626383, 6138011769, 5340891, 6137123253, 7106488]] [1249668524.0, [528.0, 1647862, 26354976, 33054, 25504800, 39328]]
Arch_Param: [64, 16384, 2048, 16, 256, 256]
Samsung_cost: [9655178896.0, [3138981.0, 25112100, 401767932, 482596, 50350780, 394337]] [15380082702.0, [4946031.0, 39567471, 633078168, 629871, 85328280, 668271]] [1284005180, [417290, 3338270, 53412240, 104990, 6676880, 52170]] [20913894780, [6806804, 54454342, 871269392, 309382, 108909584, 850868]] [1501442100, [488630, 3908998, 62543896, 28726, 7818008, 61084]] [1179170440110.0, [383596431.0, 3068770335, 49100323449, 42720639, 6138057081, 47954907]] [36506658640, [11873299, 94986358, 1519781728, 1712054, 189974368, 1488528]]
Model_cost: [5527544642.0, [4466.5, 12767908, 204263100, 254884, 49399997, 81378]] [3914410302.0, [58911.0, 5333103, 85328280, 86895, 77870232, 92307]] [302066544, [53, 390430, 6246800, 13150, 6246800, 13130]] [5049451388, [19934, 6635334, 106001424, 38734, 103508112, 115862]] [393644024, [711, 542918, 8678424, 4918, 7767768, 9938]] [296450897122.0, [7995.0, 383626383, 6138011769, 5340891, 6137123253, 7106488]] [1249668524.0, [528.0, 1647862, 26354976, 33054, 25504800, 39328]]
Arch_Param: [64, 16384, 2048, 16, 512, 64]
Samsung_cost: [9663567938.0, [3138981.0, 12556321, 401767932, 3146785, 50350780, 394337]] [15395160078.0, [4946031.0, 19783791, 633078168, 4912239, 85328280, 668271]] [1284199480, [417290, 1669140, 53412240, 417300, 6676880, 52170]] [20947929840, [6806804, 27227176, 871269392, 6806824, 108909584, 850868]] [1503742004, [488630, 1954502, 62543896, 488630, 7818008, 61084]] [1180532290734.0, [383596431.0, 1534385247, 49100323449, 383602047, 6138057081, 47954907]] [36541000146, [11873299, 47493179, 1519781728, 11908155, 189974368, 1488528]]
Model_cost: [5502009844.0, [4466.5, 6384225, 204263100, 254881, 49399997, 81378]] [3903744318.0, [58911.0, 2666607, 85328280, 86895, 77870232, 92307]] [301285484, [53, 195220, 6246800, 13140, 6246800, 13130]] [5036221040, [19934, 3327912, 106001424, 38704, 103508112, 115862]] [392563800, [711, 272070, 8678424, 5062, 7767768, 9938]] [295683646210.0, [7995.0, 191813655, 6138011769, 5340891, 6137123253, 7106488]] [1246371502.0, [528.0, 823931, 26354976, 32995, 25504800, 39328]]
Arch_Param: [64, 16384, 2048, 16, 512, 128]
Samsung_cost: [9604955714.0, [3138981.0, 12556321, 401767932, 482593, 50350780, 394337]] [15300947982.0, [4946031.0, 19783791, 633078168, 629871, 85328280, 668271]] [1277328440, [417290, 1669140, 53412240, 104980, 6676880, 52170]] [20804985456, [6806804, 27227176, 871269392, 309352, 108909584, 850868]] [1493624116, [488630, 1954502, 62543896, 28726, 7818008, 61084]] [1173032899758.0, [383596431.0, 1534385247, 49100323449, 42720639, 6138057081, 47954907]] [36316684626, [11873299, 47493179, 1519781728, 1711995, 189974368, 1488528]]
Model_cost: [5502009844.0, [4466.5, 6384225, 204263100, 254881, 49399997, 81378]] [3903744318.0, [58911.0, 2666607, 85328280, 86895, 77870232, 92307]] [301285484, [53, 195220, 6246800, 13140, 6246800, 13130]] [5036221040, [19934, 3327912, 106001424, 38704, 103508112, 115862]] [392563800, [711, 272070, 8678424, 5062, 7767768, 9938]] [295683646210.0, [7995.0, 191813655, 6138011769, 5340891, 6137123253, 7106488]] [1246371502.0, [528.0, 823931, 26354976, 32995, 25504800, 39328]]
Arch_Param: [64, 16384, 2048, 16, 512, 256]
Samsung_cost: [9604955714.0, [3138981.0, 12556321, 401767932, 482593, 50350780, 394337]] [15300947982.0, [4946031.0, 19783791, 633078168, 629871, 85328280, 668271]] [1277328440, [417290, 1669140, 53412240, 104980, 6676880, 52170]] [20804985456, [6806804, 27227176, 871269392, 309352, 108909584, 850868]] [1493624116, [488630, 1954502, 62543896, 28726, 7818008, 61084]] [1173032899758.0, [383596431.0, 1534385247, 49100323449, 42720639, 6138057081, 47954907]] [36316684626, [11873299, 47493179, 1519781728, 1711995, 189974368, 1488528]]
Model_cost: [5502009844.0, [4466.5, 6384225, 204263100, 254881, 49399997, 81378]] [3903744318.0, [58911.0, 2666607, 85328280, 86895, 77870232, 92307]] [301285484, [53, 195220, 6246800, 13140, 6246800, 13130]] [5036221040, [19934, 3327912, 106001424, 38704, 103508112, 115862]] [392560248, [711, 271974, 8678424, 4918, 7767768, 9938]] [295683646210.0, [7995.0, 191813655, 6138011769, 5340891, 6137123253, 7106488]] [1246371502.0, [528.0, 823931, 26354976, 32995, 25504800, 39328]]
Arch_Param: [64, 16384, 2048, 16, 512, 512]
Samsung_cost: [9604955714.0, [3138981.0, 12556321, 401767932, 482593, 50350780, 394337]] [15300947982.0, [4946031.0, 19783791, 633078168, 629871, 85328280, 668271]] [1277328440, [417290, 1669140, 53412240, 104980, 6676880, 52170]] [20804985456, [6806804, 27227176, 871269392, 309352, 108909584, 850868]] [1493624116, [488630, 1954502, 62543896, 28726, 7818008, 61084]] [1173032899758.0, [383596431.0, 1534385247, 49100323449, 42720639, 6138057081, 47954907]] [36316684626, [11873299, 47493179, 1519781728, 1711995, 189974368, 1488528]]
Model_cost: [5502009844.0, [4466.5, 6384225, 204263100, 254881, 49399997, 81378]] [3903744318.0, [58911.0, 2666607, 85328280, 86895, 77870232, 92307]] [301285484, [53, 195220, 6246800, 13140, 6246800, 13130]] [5036221040, [19934, 3327912, 106001424, 38704, 103508112, 115862]] [392560248, [711, 271974, 8678424, 4918, 7767768, 9938]] [295683646210.0, [7995.0, 191813655, 6138011769, 5340891, 6137123253, 7106488]] [1246371502.0, [528.0, 823931, 26354976, 32995, 25504800, 39328]]
Arch_Param: [64, 16384, 2048, 16, 1024, 64]
Samsung_cost: [9638463554.0, [3138981.0, 6280225, 401767932, 3146785, 50350780, 394337]] [15355592718.0, [4946031.0, 9891951, 633078168, 4912239, 85328280, 668271]] [1280860980, [417290, 834570, 53412240, 417290, 6676880, 52170]] [20893475048, [6806804, 13613588, 871269392, 6806804, 108909584, 850868]] [1499833012, [488630, 977254, 62543896, 488630, 7818008, 61084]] [1177463520558.0, [383596431.0, 767192703, 49100323449, 383602047, 6138057081, 47954907]] [36446013178, [11873299, 23746591, 1519781728, 11908127, 189974368, 1488528]]
Model_cost: [5489248756.0, [4466.5, 3193953, 204263100, 254881, 49399997, 81378]] [3898411326.0, [58911.0, 1333359, 85328280, 86895, 77870232, 92307]] [300920424, [53, 104010, 6246800, 13130, 6246800, 13130]] [5029631336, [19934, 1680596, 106001424, 38684, 103508112, 115862]] [392022104, [711, 136646, 8678424, 5062, 7767768, 9938]] [295300020754.0, [7995.0, 95907291, 6138011769, 5340891, 6137123253, 7106488]] [1244724694.0, [528.0, 412383, 26354976, 32967, 25504800, 39328]]
Arch_Param: [64, 16384, 2048, 16, 1024, 128]
Samsung_cost: [9579851330.0, [3138981.0, 6280225, 401767932, 482593, 50350780, 394337]] [15261380622.0, [4946031.0, 9891951, 633078168, 629871, 85328280, 668271]] [1273989940, [417290, 834570, 53412240, 104970, 6676880, 52170]] [20750530664, [6806804, 13613588, 871269392, 309332, 108909584, 850868]] [1489715124, [488630, 977254, 62543896, 28726, 7818008, 61084]] [1169964129582.0, [383596431.0, 767192703, 49100323449, 42720639, 6138057081, 47954907]] [36221697658, [11873299, 23746591, 1519781728, 1711967, 189974368, 1488528]]
Model_cost: [5489248756.0, [4466.5, 3193953, 204263100, 254881, 49399997, 81378]] [3898411326.0, [58911.0, 1333359, 85328280, 86895, 77870232, 92307]] [300920424, [53, 104010, 6246800, 13130, 6246800, 13130]] [5029631336, [19934, 1680596, 106001424, 38684, 103508112, 115862]] [392022104, [711, 136646, 8678424, 5062, 7767768, 9938]] [295300020754.0, [7995.0, 95907291, 6138011769, 5340891, 6137123253, 7106488]] [1244724694.0, [528.0, 412383, 26354976, 32967, 25504800, 39328]]
Arch_Param: [64, 16384, 2048, 16, 1024, 256]
Samsung_cost: [9579851330.0, [3138981.0, 6280225, 401767932, 482593, 50350780, 394337]] [15261380622.0, [4946031.0, 9891951, 633078168, 629871, 85328280, 668271]] [1273989940, [417290, 834570, 53412240, 104970, 6676880, 52170]] [20750530664, [6806804, 13613588, 871269392, 309332, 108909584, 850868]] [1489715124, [488630, 977254, 62543896, 28726, 7818008, 61084]] [1169964129582.0, [383596431.0, 767192703, 49100323449, 42720639, 6138057081, 47954907]] [36221697658, [11873299, 23746591, 1519781728, 1711967, 189974368, 1488528]]
Model_cost: [5489248756.0, [4466.5, 3193953, 204263100, 254881, 49399997, 81378]] [3898411326.0, [58911.0, 1333359, 85328280, 86895, 77870232, 92307]] [300920424, [53, 104010, 6246800, 13130, 6246800, 13130]] [5029631336, [19934, 1680596, 106001424, 38684, 103508112, 115862]] [392018360, [711, 136502, 8678424, 4918, 7767768, 9938]] [295300020754.0, [7995.0, 95907291, 6138011769, 5340891, 6137123253, 7106488]] [1244724694.0, [528.0, 412383, 26354976, 32967, 25504800, 39328]]
Arch_Param: [64, 16384, 2048, 16, 1024, 512]
Samsung_cost: [9579851330.0, [3138981.0, 6280225, 401767932, 482593, 50350780, 394337]] [15261380622.0, [4946031.0, 9891951, 633078168, 629871, 85328280, 668271]] [1273989940, [417290, 834570, 53412240, 104970, 6676880, 52170]] [20750530664, [6806804, 13613588, 871269392, 309332, 108909584, 850868]] [1489715124, [488630, 977254, 62543896, 28726, 7818008, 61084]] [1169964129582.0, [383596431.0, 767192703, 49100323449, 42720639, 6138057081, 47954907]] [36221697658, [11873299, 23746591, 1519781728, 1711967, 189974368, 1488528]]
Model_cost: [5489248756.0, [4466.5, 3193953, 204263100, 254881, 49399997, 81378]] [3898411326.0, [58911.0, 1333359, 85328280, 86895, 77870232, 92307]] [300920424, [53, 104010, 6246800, 13130, 6246800, 13130]] [5029631336, [19934, 1680596, 106001424, 38684, 103508112, 115862]] [392018360, [711, 136502, 8678424, 4918, 7767768, 9938]] [295300020754.0, [7995.0, 95907291, 6138011769, 5340891, 6137123253, 7106488]] [1244724694.0, [528.0, 412383, 26354976, 32967, 25504800, 39328]]
Arch_Param: [64, 16384, 2048, 32, 256, 64]
Samsung_cost: [9590254224.0, [3098149.0, 24785444, 396549116, 3101732, 49793724, 389985]] [15474294798.0, [4946031.0, 39567471, 633078168, 4912239, 85328280, 668271]] [1290876220, [417290, 3338270, 53412240, 417310, 6676880, 52170]] [21056839164, [6806804, 54454342, 871269392, 6806854, 108909584, 850868]] [1503368400, [485982, 3887814, 62204952, 485982, 7775640, 60753]] [1186669831086.0, [383596431.0, 3068770335, 49100323449, 383602047, 6138057081, 47954907]] [36705632208, [11865107, 94920822, 1518733152, 11900022, 189843296, 1487504]]
Model_cost: [3463042478.0, [2271.5, 6404260, 102452412, 128868, 49399997, 81378]] [3914410302.0, [58911.0, 5333103, 85328280, 86895, 77870232, 92307]] [302066544, [53, 390430, 6246800, 13150, 6246800, 13130]] [5049451388, [19934, 6635334, 106001424, 38734, 103508112, 115862]] [382723784, [475, 509030, 8140312, 4198, 7767768, 9938]] [296450897122.0, [7995.0, 383626383, 6138011769, 5340891, 6137123253, 7106488]] [1238493492.0, [478.0, 1613302, 25807008, 29598, 25504800, 39328]]
Arch_Param: [64, 16384, 2048, 32, 256, 128]
Samsung_cost: [9532227728.0, [3098149.0, 24785444, 396549116, 464164, 49793724, 389985]] [15380082702.0, [4946031.0, 39567471, 633078168, 629871, 85328280, 668271]] [1284005180, [417290, 3338270, 53412240, 104990, 6676880, 52170]] [20913894780, [6806804, 54454342, 871269392, 309382, 108909584, 850868]] [1493296976, [485982, 3887814, 62204952, 28190, 7775640, 60753]] [1179170440110.0, [383596431.0, 3068770335, 49100323449, 42720639, 6138057081, 47954907]] [36481406800, [11865107, 94920822, 1518733152, 1707958, 189843296, 1487504]]
Model_cost: [3463042478.0, [2271.5, 6404260, 102452412, 128868, 49399997, 81378]] [3914410302.0, [58911.0, 5333103, 85328280, 86895, 77870232, 92307]] [302066544, [53, 390430, 6246800, 13150, 6246800, 13130]] [5049451388, [19934, 6635334, 106001424, 38734, 103508112, 115862]] [382722200, [475, 509030, 8140312, 4126, 7767768, 9938]] [296450897122.0, [7995.0, 383626383, 6138011769, 5340891, 6137123253, 7106488]] [1238493492.0, [478.0, 1613302, 25807008, 29598, 25504800, 39328]]
Arch_Param: [64, 16384, 2048, 32, 256, 256]
Samsung_cost: [9532227728.0, [3098149.0, 24785444, 396549116, 464164, 49793724, 389985]] [15380082702.0, [4946031.0, 39567471, 633078168, 629871, 85328280, 668271]] [1284005180, [417290, 3338270, 53412240, 104990, 6676880, 52170]] [20913894780, [6806804, 54454342, 871269392, 309382, 108909584, 850868]] [1493296976, [485982, 3887814, 62204952, 28190, 7775640, 60753]] [1179170440110.0, [383596431.0, 3068770335, 49100323449, 42720639, 6138057081, 47954907]] [36481406800, [11865107, 94920822, 1518733152, 1707958, 189843296, 1487504]]
Model_cost: [3463042478.0, [2271.5, 6404260, 102452412, 128868, 49399997, 81378]] [3914410302.0, [58911.0, 5333103, 85328280, 86895, 77870232, 92307]] [302066544, [53, 390430, 6246800, 13150, 6246800, 13130]] [5049451388, [19934, 6635334, 106001424, 38734, 103508112, 115862]] [382722200, [475, 509030, 8140312, 4126, 7767768, 9938]] [296450897122.0, [7995.0, 383626383, 6138011769, 5340891, 6137123253, 7106488]] [1238493492.0, [478.0, 1613302, 25807008, 29598, 25504800, 39328]]
Arch_Param: [64, 16384, 2048, 32, 512, 64]
Samsung_cost: [9540684354.0, [3098149.0, 12392993, 396549116, 3101729, 49793724, 389985]] [15395160078.0, [4946031.0, 19783791, 633078168, 4912239, 85328280, 668271]] [1284199480, [417290, 1669140, 53412240, 417300, 6676880, 52170]] [20947929840, [6806804, 27227176, 871269392, 6806824, 108909584, 850868]] [1495592784, [485982, 1943910, 62204952, 485982, 7775640, 60753]] [1180532290734.0, [383596431.0, 1534385247, 49100323449, 383602047, 6138057081, 47954907]] [36515789266, [11865107, 47460411, 1518733152, 11899963, 189843296, 1487504]]
Model_cost: [3450234976.0, [2271.5, 3202401, 102452412, 128865, 49399997, 81378]] [3903744318.0, [58911.0, 2666607, 85328280, 86895, 77870232, 92307]] [301285484, [53, 195220, 6246800, 13140, 6246800, 13130]] [5036221040, [19934, 3327912, 106001424, 38704, 103508112, 115862]] [381706952, [475, 254822, 8140312, 4198, 7767768, 9938]] [295683646210.0, [7995.0, 191813655, 6138011769, 5340891, 6137123253, 7106488]] [1235265590.0, [478.0, 806651, 25807008, 29539, 25504800, 39328]]
Arch_Param: [64, 16384, 2048, 32, 512, 128]
Samsung_cost: [9482657858.0, [3098149.0, 12392993, 396549116, 464161, 49793724, 389985]] [15300947982.0, [4946031.0, 19783791, 633078168, 629871, 85328280, 668271]] [1277328440, [417290, 1669140, 53412240, 104980, 6676880, 52170]] [20804985456, [6806804, 27227176, 871269392, 309352, 108909584, 850868]] [1485521360, [485982, 1943910, 62204952, 28190, 7775640, 60753]] [1173032899758.0, [383596431.0, 1534385247, 49100323449, 42720639, 6138057081, 47954907]] [36291563858, [11865107, 47460411, 1518733152, 1707899, 189843296, 1487504]]
Model_cost: [3450234976.0, [2271.5, 3202401, 102452412, 128865, 49399997, 81378]] [3903744318.0, [58911.0, 2666607, 85328280, 86895, 77870232, 92307]] [301285484, [53, 195220, 6246800, 13140, 6246800, 13130]] [5036221040, [19934, 3327912, 106001424, 38704, 103508112, 115862]] [381705176, [475, 254774, 8140312, 4126, 7767768, 9938]] [295683646210.0, [7995.0, 191813655, 6138011769, 5340891, 6137123253, 7106488]] [1235265590.0, [478.0, 806651, 25807008, 29539, 25504800, 39328]]
Arch_Param: [64, 16384, 2048, 32, 512, 256]
Samsung_cost: [9482657858.0, [3098149.0, 12392993, 396549116, 464161, 49793724, 389985]] [15300947982.0, [4946031.0, 19783791, 633078168, 629871, 85328280, 668271]] [1277328440, [417290, 1669140, 53412240, 104980, 6676880, 52170]] [20804985456, [6806804, 27227176, 871269392, 309352, 108909584, 850868]] [1485521360, [485982, 1943910, 62204952, 28190, 7775640, 60753]] [1173032899758.0, [383596431.0, 1534385247, 49100323449, 42720639, 6138057081, 47954907]] [36291563858, [11865107, 47460411, 1518733152, 1707899, 189843296, 1487504]]
Model_cost: [3450234976.0, [2271.5, 3202401, 102452412, 128865, 49399997, 81378]] [3903744318.0, [58911.0, 2666607, 85328280, 86895, 77870232, 92307]] [301285484, [53, 195220, 6246800, 13140, 6246800, 13130]] [5036221040, [19934, 3327912, 106001424, 38704, 103508112, 115862]] [381705176, [475, 254774, 8140312, 4126, 7767768, 9938]] [295683646210.0, [7995.0, 191813655, 6138011769, 5340891, 6137123253, 7106488]] [1235265590.0, [478.0, 806651, 25807008, 29539, 25504800, 39328]]
Arch_Param: [64, 16384, 2048, 32, 512, 512]
Samsung_cost: [9482657858.0, [3098149.0, 12392993, 396549116, 464161, 49793724, 389985]] [15300947982.0, [4946031.0, 19783791, 633078168, 629871, 85328280, 668271]] [1277328440, [417290, 1669140, 53412240, 104980, 6676880, 52170]] [20804985456, [6806804, 27227176, 871269392, 309352, 108909584, 850868]] [1485521360, [485982, 1943910, 62204952, 28190, 7775640, 60753]] [1173032899758.0, [383596431.0, 1534385247, 49100323449, 42720639, 6138057081, 47954907]] [36291563858, [11865107, 47460411, 1518733152, 1707899, 189843296, 1487504]]
Model_cost: [3450234976.0, [2271.5, 3202401, 102452412, 128865, 49399997, 81378]] [3903744318.0, [58911.0, 2666607, 85328280, 86895, 77870232, 92307]] [301285484, [53, 195220, 6246800, 13140, 6246800, 13130]] [5036221040, [19934, 3327912, 106001424, 38704, 103508112, 115862]] [381705176, [475, 254774, 8140312, 4126, 7767768, 9938]] [295683646210.0, [7995.0, 191813655, 6138011769, 5340891, 6137123253, 7106488]] [1235265590.0, [478.0, 806651, 25807008, 29539, 25504800, 39328]]
Arch_Param: [64, 16384, 2048, 32, 1024, 64]
Samsung_cost: [9515903554.0, [3098149.0, 6197793, 396549116, 3101729, 49793724, 389985]] [15355592718.0, [4946031.0, 9891951, 633078168, 4912239, 85328280, 668271]] [1280860980, [417290, 834570, 53412240, 417290, 6676880, 52170]] [20893475048, [6806804, 13613588, 871269392, 6806804, 108909584, 850868]] [1491704976, [485982, 971958, 62204952, 485982, 7775640, 60753]] [1177463520558.0, [383596431.0, 767192703, 49100323449, 383602047, 6138057081, 47954907]] [36420867834, [11865107, 23730207, 1518733152, 11899935, 189843296, 1487504]]
Model_cost: [3443834464.0, [2271.5, 1602273, 102452412, 128865, 49399997, 81378]] [3898411326.0, [58911.0, 1333359, 85328280, 86895, 77870232, 92307]] [300920424, [53, 104010, 6246800, 13130, 6246800, 13130]] [5029631336, [19934, 1680596, 106001424, 38684, 103508112, 115862]] [381198536, [475, 127718, 8140312, 4198, 7767768, 9938]] [295300020754.0, [7995.0, 95907291, 6138011769, 5340891, 6137123253, 7106488]] [1233652574.0, [478.0, 403551, 25807008, 29511, 25504800, 39328]]
Arch_Param: [64, 16384, 2048, 32, 1024, 128]
Samsung_cost: [9457877058.0, [3098149.0, 6197793, 396549116, 464161, 49793724, 389985]] [15261380622.0, [4946031.0, 9891951, 633078168, 629871, 85328280, 668271]] [1273989940, [417290, 834570, 53412240, 104970, 6676880, 52170]] [20750530664, [6806804, 13613588, 871269392, 309332, 108909584, 850868]] [1481633552, [485982, 971958, 62204952, 28190, 7775640, 60753]] [1169964129582.0, [383596431.0, 767192703, 49100323449, 42720639, 6138057081, 47954907]] [36196642426, [11865107, 23730207, 1518733152, 1707871, 189843296, 1487504]]
Model_cost: [3443834464.0, [2271.5, 1602273, 102452412, 128865, 49399997, 81378]] [3898411326.0, [58911.0, 1333359, 85328280, 86895, 77870232, 92307]] [300920424, [53, 104010, 6246800, 13130, 6246800, 13130]] [5029631336, [19934, 1680596, 106001424, 38684, 103508112, 115862]] [381196664, [475, 127646, 8140312, 4126, 7767768, 9938]] [295300020754.0, [7995.0, 95907291, 6138011769, 5340891, 6137123253, 7106488]] [1233652574.0, [478.0, 403551, 25807008, 29511, 25504800, 39328]]
Arch_Param: [64, 16384, 2048, 32, 1024, 256]
Samsung_cost: [9457877058.0, [3098149.0, 6197793, 396549116, 464161, 49793724, 389985]] [15261380622.0, [4946031.0, 9891951, 633078168, 629871, 85328280, 668271]] [1273989940, [417290, 834570, 53412240, 104970, 6676880, 52170]] [20750530664, [6806804, 13613588, 871269392, 309332, 108909584, 850868]] [1481633552, [485982, 971958, 62204952, 28190, 7775640, 60753]] [1169964129582.0, [383596431.0, 767192703, 49100323449, 42720639, 6138057081, 47954907]] [36196642426, [11865107, 23730207, 1518733152, 1707871, 189843296, 1487504]]
Model_cost: [3443834464.0, [2271.5, 1602273, 102452412, 128865, 49399997, 81378]] [3898411326.0, [58911.0, 1333359, 85328280, 86895, 77870232, 92307]] [300920424, [53, 104010, 6246800, 13130, 6246800, 13130]] [5029631336, [19934, 1680596, 106001424, 38684, 103508112, 115862]] [381196664, [475, 127646, 8140312, 4126, 7767768, 9938]] [295300020754.0, [7995.0, 95907291, 6138011769, 5340891, 6137123253, 7106488]] [1233652574.0, [478.0, 403551, 25807008, 29511, 25504800, 39328]]
Arch_Param: [64, 16384, 2048, 32, 1024, 512]
Samsung_cost: [9457877058.0, [3098149.0, 6197793, 396549116, 464161, 49793724, 389985]] [15261380622.0, [4946031.0, 9891951, 633078168, 629871, 85328280, 668271]] [1273989940, [417290, 834570, 53412240, 104970, 6676880, 52170]] [20750530664, [6806804, 13613588, 871269392, 309332, 108909584, 850868]] [1481633552, [485982, 971958, 62204952, 28190, 7775640, 60753]] [1169964129582.0, [383596431.0, 767192703, 49100323449, 42720639, 6138057081, 47954907]] [36196642426, [11865107, 23730207, 1518733152, 1707871, 189843296, 1487504]]
Model_cost: [3443834464.0, [2271.5, 1602273, 102452412, 128865, 49399997, 81378]] [3898411326.0, [58911.0, 1333359, 85328280, 86895, 77870232, 92307]] [300920424, [53, 104010, 6246800, 13130, 6246800, 13130]] [5029631336, [19934, 1680596, 106001424, 38684, 103508112, 115862]] [381196664, [475, 127646, 8140312, 4126, 7767768, 9938]] [295300020754.0, [7995.0, 95907291, 6138011769, 5340891, 6137123253, 7106488]] [1233652574.0, [478.0, 403551, 25807008, 29511, 25504800, 39328]]
Arch_Param: [64, 16384, 1024, 4, 256, 64]
Samsung_cost: [20003035648.0, [12827945.0, 51312164, 820922876, 6444068, 102001340, 797857]] [15612780558, [9891951, 39567471, 633078168, 4912239, 85328280, 668271]] [1302560060, [834570, 3338270, 53412240, 417310, 6676880, 52170]] [21247429116, [13613588, 54454342, 871269392, 6806854, 108909584, 850868]] [1600407180, [1025414, 4101638, 65626136, 512710, 8203288, 64094]] [1197410526702, [767192703, 3068770335, 49100323449, 383602047, 6138057081, 47954907]] [37579077920, [24086559, 96346230, 1541539680, 12113014, 192137056, 1505424]]
Model_cost: [14959336088.0, [29745.0, 41814564, 668963196, 1200100, 49399997, 84962]] [3916056702.0, [117711.0, 5333103, 85328280, 86895, 77870232, 92307]] [302067720, [95, 390430, 6246800, 13150, 6246800, 13130]] [5050008644, [39836, 6635334, 106001424, 38734, 103508112, 115862]] [921338012, [5646, 2171654, 34713624, 20230, 7767768, 9938]] [296451116530.0, [15831.0, 383626383, 6138011769, 5340891, 6137123253, 7106488]] [1381587996.0, [1876.0, 2054902, 32837664, 60318, 25504800, 39328]]
Arch_Param: [64, 16384, 1024, 4, 256, 128]
Samsung_cost: [19883783680.0, [12827945.0, 51312164, 820922876, 1023524, 102001340, 797857]] [15518568462, [9891951, 39567471, 633078168, 629871, 85328280, 668271]] [1295689020, [834570, 3338270, 53412240, 104990, 6676880, 52170]] [21104484732, [13613588, 54454342, 871269392, 309382, 108909584, 850868]] [1589852812, [1025414, 4101638, 65626136, 32966, 8203288, 64094]] [1189911135726, [767192703, 3068770335, 49100323449, 42720639, 6138057081, 47954907]] [37352870048, [24086559, 96346230, 1541539680, 1830838, 192137056, 1505424]]
Model_cost: [14959336088.0, [29745.0, 41814564, 668963196, 1200100, 49399997, 84962]] [3916056702.0, [117711.0, 5333103, 85328280, 86895, 77870232, 92307]] [302067720, [95, 390430, 6246800, 13150, 6246800, 13130]] [5050008644, [39836, 6635334, 106001424, 38734, 103508112, 115862]] [921338012, [5646, 2171654, 34713624, 20230, 7767768, 9938]] [296451116530.0, [15831.0, 383626383, 6138011769, 5340891, 6137123253, 7106488]] [1381587996.0, [1876.0, 2054902, 32837664, 60318, 25504800, 39328]]
Arch_Param: [64, 16384, 1024, 4, 256, 256]
Samsung_cost: [19883783680.0, [12827945.0, 51312164, 820922876, 1023524, 102001340, 797857]] [15518568462, [9891951, 39567471, 633078168, 629871, 85328280, 668271]] [1295689020, [834570, 3338270, 53412240, 104990, 6676880, 52170]] [21104484732, [13613588, 54454342, 871269392, 309382, 108909584, 850868]] [1589852812, [1025414, 4101638, 65626136, 32966, 8203288, 64094]] [1189911135726, [767192703, 3068770335, 49100323449, 42720639, 6138057081, 47954907]] [37352870048, [24086559, 96346230, 1541539680, 1830838, 192137056, 1505424]]
Model_cost: [14951429080.0, [29745.0, 41814564, 668963196, 845252, 49399997, 81378]] [3916056702.0, [117711.0, 5333103, 85328280, 86895, 77870232, 92307]] [302067720, [95, 390430, 6246800, 13150, 6246800, 13130]] [5050008644, [39836, 6635334, 106001424, 38734, 103508112, 115862]] [921338012, [5646, 2171654, 34713624, 20230, 7767768, 9938]] [296451116530.0, [15831.0, 383626383, 6138011769, 5340891, 6137123253, 7106488]] [1381587996.0, [1876.0, 2054902, 32837664, 60318, 25504800, 39328]]
Arch_Param: [64, 16384, 1024, 4, 512, 64]
Samsung_cost: [19900412338.0, [12827945.0, 25656353, 820922876, 6444065, 102001340, 797857]] [15533645838, [9891951, 19783791, 633078168, 4912239, 85328280, 668271]] [1295883320, [834570, 1669140, 53412240, 417300, 6676880, 52170]] [21138519792, [13613588, 27227176, 871269392, 6806824, 108909584, 850868]] [1592203916, [1025414, 2050822, 65626136, 512710, 8203288, 64094]] [1191272986350, [767192703, 1534385247, 49100323449, 383602047, 6138057081, 47954907]] [37386384162, [24086559, 48173115, 1541539680, 12112955, 192137056, 1505424]]
Model_cost: [14875707978.0, [29745.0, 20907553, 668963196, 1200097, 49399997, 84962]] [3905390718.0, [117711.0, 2666607, 85328280, 86895, 77870232, 92307]] [301286660, [95, 195220, 6246800, 13140, 6246800, 13130]] [5036778296, [39836, 3327912, 106001424, 38704, 103508112, 115862]] [917004444, [5646, 1088262, 34713624, 20230, 7767768, 9938]] [295683865618.0, [15831.0, 191813655, 6138011769, 5340891, 6137123253, 7106488]] [1377476894.0, [1876.0, 1027451, 32837664, 60259, 25504800, 39328]]
Arch_Param: [64, 16384, 1024, 4, 512, 128]
Samsung_cost: [19781160370.0, [12827945.0, 25656353, 820922876, 1023521, 102001340, 797857]] [15439433742, [9891951, 19783791, 633078168, 629871, 85328280, 668271]] [1289012280, [834570, 1669140, 53412240, 104980, 6676880, 52170]] [20995575408, [13613588, 27227176, 871269392, 309352, 108909584, 850868]] [1581649548, [1025414, 2050822, 65626136, 32966, 8203288, 64094]] [1183773595374, [767192703, 1534385247, 49100323449, 42720639, 6138057081, 47954907]] [37160176290, [24086559, 48173115, 1541539680, 1830779, 192137056, 1505424]]
Model_cost: [14875707978.0, [29745.0, 20907553, 668963196, 1200097, 49399997, 84962]] [3905390718.0, [117711.0, 2666607, 85328280, 86895, 77870232, 92307]] [301286660, [95, 195220, 6246800, 13140, 6246800, 13130]] [5036778296, [39836, 3327912, 106001424, 38704, 103508112, 115862]] [917004444, [5646, 1088262, 34713624, 20230, 7767768, 9938]] [295683865618.0, [15831.0, 191813655, 6138011769, 5340891, 6137123253, 7106488]] [1377476894.0, [1876.0, 1027451, 32837664, 60259, 25504800, 39328]]
Arch_Param: [64, 16384, 1024, 4, 512, 256]
Samsung_cost: [19781160370.0, [12827945.0, 25656353, 820922876, 1023521, 102001340, 797857]] [15439433742, [9891951, 19783791, 633078168, 629871, 85328280, 668271]] [1289012280, [834570, 1669140, 53412240, 104980, 6676880, 52170]] [20995575408, [13613588, 27227176, 871269392, 309352, 108909584, 850868]] [1581649548, [1025414, 2050822, 65626136, 32966, 8203288, 64094]] [1183773595374, [767192703, 1534385247, 49100323449, 42720639, 6138057081, 47954907]] [37160176290, [24086559, 48173115, 1541539680, 1830779, 192137056, 1505424]]
Model_cost: [14867800970.0, [29745.0, 20907553, 668963196, 845249, 49399997, 81378]] [3905390718.0, [117711.0, 2666607, 85328280, 86895, 77870232, 92307]] [301286660, [95, 195220, 6246800, 13140, 6246800, 13130]] [5036778296, [39836, 3327912, 106001424, 38704, 103508112, 115862]] [917004444, [5646, 1088262, 34713624, 20230, 7767768, 9938]] [295683865618.0, [15831.0, 191813655, 6138011769, 5340891, 6137123253, 7106488]] [1377476894.0, [1876.0, 1027451, 32837664, 60259, 25504800, 39328]]
Arch_Param: [64, 16384, 1024, 4, 512, 512]
Samsung_cost: [19781160370.0, [12827945.0, 25656353, 820922876, 1023521, 102001340, 797857]] [15439433742, [9891951, 19783791, 633078168, 629871, 85328280, 668271]] [1289012280, [834570, 1669140, 53412240, 104980, 6676880, 52170]] [20995575408, [13613588, 27227176, 871269392, 309352, 108909584, 850868]] [1581649548, [1025414, 2050822, 65626136, 32966, 8203288, 64094]] [1183773595374, [767192703, 1534385247, 49100323449, 42720639, 6138057081, 47954907]] [37160176290, [24086559, 48173115, 1541539680, 1830779, 192137056, 1505424]]
Model_cost: [14867800970.0, [29745.0, 20907553, 668963196, 845249, 49399997, 81378]] [3905390718.0, [117711.0, 2666607, 85328280, 86895, 77870232, 92307]] [301286660, [95, 195220, 6246800, 13140, 6246800, 13130]] [5036778296, [39836, 3327912, 106001424, 38704, 103508112, 115862]] [917004444, [5646, 1088262, 34713624, 20230, 7767768, 9938]] [295683865618.0, [15831.0, 191813655, 6138011769, 5340891, 6137123253, 7106488]] [1377476894.0, [1876.0, 1027451, 32837664, 60259, 25504800, 39328]]
Arch_Param: [64, 16384, 1024, 4, 1024, 64]
Samsung_cost: [19849126322.0, [12827945.0, 12834849, 820922876, 6444065, 102001340, 797857]] [15494078478, [9891951, 9891951, 633078168, 4912239, 85328280, 668271]] [1292544820, [834570, 834570, 53412240, 417290, 6676880, 52170]] [21084065000, [13613588, 13613588, 871269392, 6806804, 108909584, 850868]] [1588102284, [1025414, 1025414, 65626136, 512710, 8203288, 64094]] [1188204216174, [767192703, 767192703, 49100323449, 383602047, 6138057081, 47954907]] [37290037322, [24086559, 24086559, 1541539680, 12112927, 192137056, 1505424]]
Model_cost: [14833918794.0, [29745.0, 10460257, 668963196, 1200097, 49399997, 84962]] [3900057726.0, [117711.0, 1333359, 85328280, 86895, 77870232, 92307]] [300921600, [95, 104010, 6246800, 13130, 6246800, 13130]] [5030188592, [39836, 1680596, 106001424, 38684, 103508112, 115862]] [914837660, [5646, 546566, 34713624, 20230, 7767768, 9938]] [295300240162.0, [15831.0, 95907291, 6138011769, 5340891, 6137123253, 7106488]] [1375427654.0, [1876.0, 515295, 32837664, 60231, 25504800, 39328]]
Arch_Param: [64, 16384, 1024, 4, 1024, 128]
Samsung_cost: [19729874354.0, [12827945.0, 12834849, 820922876, 1023521, 102001340, 797857]] [15399866382, [9891951, 9891951, 633078168, 629871, 85328280, 668271]] [1285673780, [834570, 834570, 53412240, 104970, 6676880, 52170]] [20941120616, [13613588, 13613588, 871269392, 309332, 108909584, 850868]] [1577547916, [1025414, 1025414, 65626136, 32966, 8203288, 64094]] [1180704825198, [767192703, 767192703, 49100323449, 42720639, 6138057081, 47954907]] [37063829450, [24086559, 24086559, 1541539680, 1830751, 192137056, 1505424]]
Model_cost: [14833918794.0, [29745.0, 10460257, 668963196, 1200097, 49399997, 84962]] [3900057726.0, [117711.0, 1333359, 85328280, 86895, 77870232, 92307]] [300921600, [95, 104010, 6246800, 13130, 6246800, 13130]] [5030188592, [39836, 1680596, 106001424, 38684, 103508112, 115862]] [914837660, [5646, 546566, 34713624, 20230, 7767768, 9938]] [295300240162.0, [15831.0, 95907291, 6138011769, 5340891, 6137123253, 7106488]] [1375427654.0, [1876.0, 515295, 32837664, 60231, 25504800, 39328]]
Arch_Param: [64, 16384, 1024, 4, 1024, 256]
Samsung_cost: [19729874354.0, [12827945.0, 12834849, 820922876, 1023521, 102001340, 797857]] [15399866382, [9891951, 9891951, 633078168, 629871, 85328280, 668271]] [1285673780, [834570, 834570, 53412240, 104970, 6676880, 52170]] [20941120616, [13613588, 13613588, 871269392, 309332, 108909584, 850868]] [1577547916, [1025414, 1025414, 65626136, 32966, 8203288, 64094]] [1180704825198, [767192703, 767192703, 49100323449, 42720639, 6138057081, 47954907]] [37063829450, [24086559, 24086559, 1541539680, 1830751, 192137056, 1505424]]
Model_cost: [14826011786.0, [29745.0, 10460257, 668963196, 845249, 49399997, 81378]] [3900057726.0, [117711.0, 1333359, 85328280, 86895, 77870232, 92307]] [300921600, [95, 104010, 6246800, 13130, 6246800, 13130]] [5030188592, [39836, 1680596, 106001424, 38684, 103508112, 115862]] [914837660, [5646, 546566, 34713624, 20230, 7767768, 9938]] [295300240162.0, [15831.0, 95907291, 6138011769, 5340891, 6137123253, 7106488]] [1375427654.0, [1876.0, 515295, 32837664, 60231, 25504800, 39328]]
Arch_Param: [64, 16384, 1024, 4, 1024, 512]
Samsung_cost: [19729874354.0, [12827945.0, 12834849, 820922876, 1023521, 102001340, 797857]] [15399866382, [9891951, 9891951, 633078168, 629871, 85328280, 668271]] [1285673780, [834570, 834570, 53412240, 104970, 6676880, 52170]] [20941120616, [13613588, 13613588, 871269392, 309332, 108909584, 850868]] [1577547916, [1025414, 1025414, 65626136, 32966, 8203288, 64094]] [1180704825198, [767192703, 767192703, 49100323449, 42720639, 6138057081, 47954907]] [37063829450, [24086559, 24086559, 1541539680, 1830751, 192137056, 1505424]]
Model_cost: [14826011786.0, [29745.0, 10460257, 668963196, 845249, 49399997, 81378]] [3900057726.0, [117711.0, 1333359, 85328280, 86895, 77870232, 92307]] [300921600, [95, 104010, 6246800, 13130, 6246800, 13130]] [5030188592, [39836, 1680596, 106001424, 38684, 103508112, 115862]] [914837660, [5646, 546566, 34713624, 20230, 7767768, 9938]] [295300240162.0, [15831.0, 95907291, 6138011769, 5340891, 6137123253, 7106488]] [1375427654.0, [1876.0, 515295, 32837664, 60231, 25504800, 39328]]
Arch_Param: [64, 16384, 1024, 8, 256, 64]
Samsung_cost: [10051042048.0, [6441257.0, 25765412, 412205564, 3236900, 51464892, 403041]] [15612780558, [9891951, 39567471, 633078168, 4912239, 85328280, 668271]] [1302560060, [834570, 3338270, 53412240, 417310, 6676880, 52170]] [21247429116, [13613588, 54454342, 871269392, 6806854, 108909584, 850868]] [1541772924, [987846, 3951366, 63221784, 493926, 7902744, 61746]] [1197410526702, [767192703, 3068770335, 49100323449, 383602047, 6138057081, 47954907]] [37114568992, [23779359, 95117430, 1521878880, 11924598, 190236512, 1490576]]
Model_cost: [8672465796.0, [15838.0, 22447780, 359125692, 642660, 49399997, 84962]] [3916056702.0, [117711.0, 5333103, 85328280, 86895, 77870232, 92307]] [302067720, [95, 390430, 6246800, 13150, 6246800, 13130]] [5050008644, [39836, 6635334, 106001424, 38734, 103508112, 115862]] [569557292, [2826, 1085830, 17356824, 10118, 7767768, 9938]] [296451116530.0, [15831.0, 383626383, 6138011769, 5340891, 6137123253, 7106488]] [1293651416.0, [1325.0, 1783542, 28515872, 42142, 25504800, 39328]]
Arch_Param: [64, 16384, 1024, 8, 256, 128]
Samsung_cost: [9991258368.0, [6441257.0, 25765412, 412205564, 519460, 51464892, 403041]] [15518568462, [9891951, 39567471, 633078168, 629871, 85328280, 668271]] [1295689020, [834570, 3338270, 53412240, 104990, 6676880, 52170]] [21104484732, [13613588, 54454342, 871269392, 309382, 108909584, 850868]] [1531562108, [987846, 3951366, 63221784, 29798, 7902744, 61746]] [1189911135726, [767192703, 3068770335, 49100323449, 42720639, 6138057081, 47954907]] [36890073248, [23779359, 95117430, 1521878880, 1720246, 190236512, 1490576]]
Model_cost: [8668161860.0, [15838.0, 22447780, 359125692, 451588, 49399997, 81378]] [3916056702.0, [117711.0, 5333103, 85328280, 86895, 77870232, 92307]] [302067720, [95, 390430, 6246800, 13150, 6246800, 13130]] [5050008644, [39836, 6635334, 106001424, 38734, 103508112, 115862]] [569557292, [2826, 1085830, 17356824, 10118, 7767768, 9938]] [296451116530.0, [15831.0, 383626383, 6138011769, 5340891, 6137123253, 7106488]] [1293651416.0, [1325.0, 1783542, 28515872, 42142, 25504800, 39328]]
Arch_Param: [64, 16384, 1024, 8, 256, 256]
Samsung_cost: [9991258368.0, [6441257.0, 25765412, 412205564, 519460, 51464892, 403041]] [15518568462, [9891951, 39567471, 633078168, 629871, 85328280, 668271]] [1295689020, [834570, 3338270, 53412240, 104990, 6676880, 52170]] [21104484732, [13613588, 54454342, 871269392, 309382, 108909584, 850868]] [1531562108, [987846, 3951366, 63221784, 29798, 7902744, 61746]] [1189911135726, [767192703, 3068770335, 49100323449, 42720639, 6138057081, 47954907]] [36890073248, [23779359, 95117430, 1521878880, 1720246, 190236512, 1490576]]
Model_cost: [8668161860.0, [15838.0, 22447780, 359125692, 451588, 49399997, 81378]] [3916056702.0, [117711.0, 5333103, 85328280, 86895, 77870232, 92307]] [302067720, [95, 390430, 6246800, 13150, 6246800, 13130]] [5050008644, [39836, 6635334, 106001424, 38734, 103508112, 115862]] [569557292, [2826, 1085830, 17356824, 10118, 7767768, 9938]] [296451116530.0, [15831.0, 383626383, 6138011769, 5340891, 6137123253, 7106488]] [1293651416.0, [1325.0, 1783542, 28515872, 42142, 25504800, 39328]]
Arch_Param: [64, 16384, 1024, 8, 512, 64]
Samsung_cost: [9999512242.0, [6441257.0, 12882977, 412205564, 3236897, 51464892, 403041]] [15533645838, [9891951, 19783791, 633078168, 4912239, 85328280, 668271]] [1295883320, [834570, 1669140, 53412240, 417300, 6676880, 52170]] [21138519792, [13613588, 27227176, 871269392, 6806824, 108909584, 850868]] [1533870204, [987846, 1975686, 63221784, 493926, 7902744, 61746]] [1191272986350, [767192703, 1534385247, 49100323449, 383602047, 6138057081, 47954907]] [36924332834, [23779359, 47558715, 1521878880, 11924539, 190236512, 1490576]]
Model_cost: [8627571254.0, [15838.0, 11224161, 359125692, 642657, 49399997, 84962]] [3905390718.0, [117711.0, 2666607, 85328280, 86895, 77870232, 92307]] [301286660, [95, 195220, 6246800, 13140, 6246800, 13130]] [5036778296, [39836, 3327912, 106001424, 38704, 103508112, 115862]] [567390508, [2826, 544134, 17356824, 10118, 7767768, 9938]] [295683865618.0, [15831.0, 191813655, 6138011769, 5340891, 6137123253, 7106488]] [1290083034.0, [1325.0, 891771, 28515872, 42083, 25504800, 39328]]
Arch_Param: [64, 16384, 1024, 8, 512, 128]
Samsung_cost: [9939728562.0, [6441257.0, 12882977, 412205564, 519457, 51464892, 403041]] [15439433742, [9891951, 19783791, 633078168, 629871, 85328280, 668271]] [1289012280, [834570, 1669140, 53412240, 104980, 6676880, 52170]] [20995575408, [13613588, 27227176, 871269392, 309352, 108909584, 850868]] [1523659388, [987846, 1975686, 63221784, 29798, 7902744, 61746]] [1183773595374, [767192703, 1534385247, 49100323449, 42720639, 6138057081, 47954907]] [36699837090, [23779359, 47558715, 1521878880, 1720187, 190236512, 1490576]]
Model_cost: [8623267318.0, [15838.0, 11224161, 359125692, 451585, 49399997, 81378]] [3905390718.0, [117711.0, 2666607, 85328280, 86895, 77870232, 92307]] [301286660, [95, 195220, 6246800, 13140, 6246800, 13130]] [5036778296, [39836, 3327912, 106001424, 38704, 103508112, 115862]] [567390508, [2826, 544134, 17356824, 10118, 7767768, 9938]] [295683865618.0, [15831.0, 191813655, 6138011769, 5340891, 6137123253, 7106488]] [1290083034.0, [1325.0, 891771, 28515872, 42083, 25504800, 39328]]
Arch_Param: [64, 16384, 1024, 8, 512, 256]
Samsung_cost: [9939728562.0, [6441257.0, 12882977, 412205564, 519457, 51464892, 403041]] [15439433742, [9891951, 19783791, 633078168, 629871, 85328280, 668271]] [1289012280, [834570, 1669140, 53412240, 104980, 6676880, 52170]] [20995575408, [13613588, 27227176, 871269392, 309352, 108909584, 850868]] [1523659388, [987846, 1975686, 63221784, 29798, 7902744, 61746]] [1183773595374, [767192703, 1534385247, 49100323449, 42720639, 6138057081, 47954907]] [36699837090, [23779359, 47558715, 1521878880, 1720187, 190236512, 1490576]]
Model_cost: [8623267318.0, [15838.0, 11224161, 359125692, 451585, 49399997, 81378]] [3905390718.0, [117711.0, 2666607, 85328280, 86895, 77870232, 92307]] [301286660, [95, 195220, 6246800, 13140, 6246800, 13130]] [5036778296, [39836, 3327912, 106001424, 38704, 103508112, 115862]] [567390508, [2826, 544134, 17356824, 10118, 7767768, 9938]] [295683865618.0, [15831.0, 191813655, 6138011769, 5340891, 6137123253, 7106488]] [1290083034.0, [1325.0, 891771, 28515872, 42083, 25504800, 39328]]
Arch_Param: [64, 16384, 1024, 8, 512, 512]
Samsung_cost: [9939728562.0, [6441257.0, 12882977, 412205564, 519457, 51464892, 403041]] [15439433742, [9891951, 19783791, 633078168, 629871, 85328280, 668271]] [1289012280, [834570, 1669140, 53412240, 104980, 6676880, 52170]] [20995575408, [13613588, 27227176, 871269392, 309352, 108909584, 850868]] [1523659388, [987846, 1975686, 63221784, 29798, 7902744, 61746]] [1183773595374, [767192703, 1534385247, 49100323449, 42720639, 6138057081, 47954907]] [36699837090, [23779359, 47558715, 1521878880, 1720187, 190236512, 1490576]]
Model_cost: [8623267318.0, [15838.0, 11224161, 359125692, 451585, 49399997, 81378]] [3905390718.0, [117711.0, 2666607, 85328280, 86895, 77870232, 92307]] [301286660, [95, 195220, 6246800, 13140, 6246800, 13130]] [5036778296, [39836, 3327912, 106001424, 38704, 103508112, 115862]] [567383404, [2826, 543942, 17356824, 9830, 7767768, 9938]] [295683865618.0, [15831.0, 191813655, 6138011769, 5340891, 6137123253, 7106488]] [1290083034.0, [1325.0, 891771, 28515872, 42083, 25504800, 39328]]
Arch_Param: [64, 16384, 1024, 8, 1024, 64]
Samsung_cost: [9973760690.0, [6441257.0, 6445089, 412205564, 3236897, 51464892, 403041]] [15494078478, [9891951, 9891951, 633078168, 4912239, 85328280, 668271]] [1292544820, [834570, 834570, 53412240, 417290, 6676880, 52170]] [21084065000, [13613588, 13613588, 871269392, 6806804, 108909584, 850868]] [1529918844, [987846, 987846, 63221784, 493926, 7902744, 61746]] [1188204216174, [767192703, 767192703, 49100323449, 383602047, 6138057081, 47954907]] [36829214794, [23779359, 23779359, 1521878880, 11924511, 190236512, 1490576]]
Model_cost: [8605136438.0, [15838.0, 5615457, 359125692, 642657, 49399997, 84962]] [3900057726.0, [117711.0, 1333359, 85328280, 86895, 77870232, 92307]] [300921600, [95, 104010, 6246800, 13130, 6246800, 13130]] [5030188592, [39836, 1680596, 106001424, 38684, 103508112, 115862]] [566307116, [2826, 273286, 17356824, 10118, 7767768, 9938]] [295300240162.0, [15831.0, 95907291, 6138011769, 5340891, 6137123253, 7106488]] [1288302082.0, [1325.0, 446687, 28515872, 42055, 25504800, 39328]]
Arch_Param: [64, 16384, 1024, 8, 1024, 128]
Samsung_cost: [9913977010.0, [6441257.0, 6445089, 412205564, 519457, 51464892, 403041]] [15399866382, [9891951, 9891951, 633078168, 629871, 85328280, 668271]] [1285673780, [834570, 834570, 53412240, 104970, 6676880, 52170]] [20941120616, [13613588, 13613588, 871269392, 309332, 108909584, 850868]] [1519708028, [987846, 987846, 63221784, 29798, 7902744, 61746]] [1180704825198, [767192703, 767192703, 49100323449, 42720639, 6138057081, 47954907]] [36604719050, [23779359, 23779359, 1521878880, 1720159, 190236512, 1490576]]
Model_cost: [8600832502.0, [15838.0, 5615457, 359125692, 451585, 49399997, 81378]] [3900057726.0, [117711.0, 1333359, 85328280, 86895, 77870232, 92307]] [300921600, [95, 104010, 6246800, 13130, 6246800, 13130]] [5030188592, [39836, 1680596, 106001424, 38684, 103508112, 115862]] [566307116, [2826, 273286, 17356824, 10118, 7767768, 9938]] [295300240162.0, [15831.0, 95907291, 6138011769, 5340891, 6137123253, 7106488]] [1288302082.0, [1325.0, 446687, 28515872, 42055, 25504800, 39328]]
Arch_Param: [64, 16384, 1024, 8, 1024, 256]
Samsung_cost: [9913977010.0, [6441257.0, 6445089, 412205564, 519457, 51464892, 403041]] [15399866382, [9891951, 9891951, 633078168, 629871, 85328280, 668271]] [1285673780, [834570, 834570, 53412240, 104970, 6676880, 52170]] [20941120616, [13613588, 13613588, 871269392, 309332, 108909584, 850868]] [1519708028, [987846, 987846, 63221784, 29798, 7902744, 61746]] [1180704825198, [767192703, 767192703, 49100323449, 42720639, 6138057081, 47954907]] [36604719050, [23779359, 23779359, 1521878880, 1720159, 190236512, 1490576]]
Model_cost: [8600832502.0, [15838.0, 5615457, 359125692, 451585, 49399997, 81378]] [3900057726.0, [117711.0, 1333359, 85328280, 86895, 77870232, 92307]] [300921600, [95, 104010, 6246800, 13130, 6246800, 13130]] [5030188592, [39836, 1680596, 106001424, 38684, 103508112, 115862]] [566307116, [2826, 273286, 17356824, 10118, 7767768, 9938]] [295300240162.0, [15831.0, 95907291, 6138011769, 5340891, 6137123253, 7106488]] [1288302082.0, [1325.0, 446687, 28515872, 42055, 25504800, 39328]]
Arch_Param: [64, 16384, 1024, 8, 1024, 512]
Samsung_cost: [9913977010.0, [6441257.0, 6445089, 412205564, 519457, 51464892, 403041]] [15399866382, [9891951, 9891951, 633078168, 629871, 85328280, 668271]] [1285673780, [834570, 834570, 53412240, 104970, 6676880, 52170]] [20941120616, [13613588, 13613588, 871269392, 309332, 108909584, 850868]] [1519708028, [987846, 987846, 63221784, 29798, 7902744, 61746]] [1180704825198, [767192703, 767192703, 49100323449, 42720639, 6138057081, 47954907]] [36604719050, [23779359, 23779359, 1521878880, 1720159, 190236512, 1490576]]
Model_cost: [8600832502.0, [15838.0, 5615457, 359125692, 451585, 49399997, 81378]] [3900057726.0, [117711.0, 1333359, 85328280, 86895, 77870232, 92307]] [300921600, [95, 104010, 6246800, 13130, 6246800, 13130]] [5030188592, [39836, 1680596, 106001424, 38684, 103508112, 115862]] [566299628, [2826, 272998, 17356824, 9830, 7767768, 9938]] [295300240162.0, [15831.0, 95907291, 6138011769, 5340891, 6137123253, 7106488]] [1288302082.0, [1325.0, 446687, 28515872, 42055, 25504800, 39328]]
Arch_Param: [64, 16384, 1024, 16, 256, 64]
Samsung_cost: [9801681664.0, [6277929.0, 25112100, 401767932, 3146788, 50350780, 394337]] [15612780558, [9891951, 39567471, 633078168, 4912239, 85328280, 668271]] [1302560060, [834570, 3338270, 53412240, 417310, 6676880, 52170]] [21247429116, [13613588, 54454342, 871269392, 6806854, 108909584, 850868]] [1525241460, [977254, 3908998, 62543896, 488630, 7818008, 61084]] [1197410526702, [767192703, 3068770335, 49100323449, 383602047, 6138057081, 47954907]] [37063426336, [23746591, 94986358, 1519781728, 11908214, 189974368, 1488528]]
Model_cost: [5527668612.0, [8894.0, 12767908, 204263100, 254884, 49399997, 81378]] [3916056702.0, [117711.0, 5333103, 85328280, 86895, 77870232, 92307]] [302067720, [95, 390430, 6246800, 13150, 6246800, 13130]] [5050008644, [39836, 6635334, 106001424, 38734, 103508112, 115862]] [393666932, [1416, 542918, 8678424, 5062, 7767768, 9938]] [296451116530.0, [15831.0, 383626383, 6138011769, 5340891, 6137123253, 7106488]] [1249683112.0, [1049.0, 1647862, 26354976, 33054, 25504800, 39328]]
Arch_Param: [64, 16384, 1024, 16, 256, 128]
Samsung_cost: [9743069440.0, [6277929.0, 25112100, 401767932, 482596, 50350780, 394337]] [15518568462, [9891951, 39567471, 633078168, 629871, 85328280, 668271]] [1295689020, [834570, 3338270, 53412240, 104990, 6676880, 52170]] [21104484732, [13613588, 54454342, 871269392, 309382, 108909584, 850868]] [1515123572, [977254, 3908998, 62543896, 28726, 7818008, 61084]] [1189911135726, [767192703, 3068770335, 49100323449, 42720639, 6138057081, 47954907]] [36839110816, [23746591, 94986358, 1519781728, 1712054, 189974368, 1488528]]
Model_cost: [5527668612.0, [8894.0, 12767908, 204263100, 254884, 49399997, 81378]] [3916056702.0, [117711.0, 5333103, 85328280, 86895, 77870232, 92307]] [302067720, [95, 390430, 6246800, 13150, 6246800, 13130]] [5050008644, [39836, 6635334, 106001424, 38734, 103508112, 115862]] [393666932, [1416, 542918, 8678424, 5062, 7767768, 9938]] [296451116530.0, [15831.0, 383626383, 6138011769, 5340891, 6137123253, 7106488]] [1249683112.0, [1049.0, 1647862, 26354976, 33054, 25504800, 39328]]
Arch_Param: [64, 16384, 1024, 16, 256, 256]
Samsung_cost: [9743069440.0, [6277929.0, 25112100, 401767932, 482596, 50350780, 394337]] [15518568462, [9891951, 39567471, 633078168, 629871, 85328280, 668271]] [1295689020, [834570, 3338270, 53412240, 104990, 6676880, 52170]] [21104484732, [13613588, 54454342, 871269392, 309382, 108909584, 850868]] [1515123572, [977254, 3908998, 62543896, 28726, 7818008, 61084]] [1189911135726, [767192703, 3068770335, 49100323449, 42720639, 6138057081, 47954907]] [36839110816, [23746591, 94986358, 1519781728, 1712054, 189974368, 1488528]]
Model_cost: [5527668612.0, [8894.0, 12767908, 204263100, 254884, 49399997, 81378]] [3916056702.0, [117711.0, 5333103, 85328280, 86895, 77870232, 92307]] [302067720, [95, 390430, 6246800, 13150, 6246800, 13130]] [5050008644, [39836, 6635334, 106001424, 38734, 103508112, 115862]] [393663764, [1416, 542918, 8678424, 4918, 7767768, 9938]] [296451116530.0, [15831.0, 383626383, 6138011769, 5340891, 6137123253, 7106488]] [1249683112.0, [1049.0, 1647862, 26354976, 33054, 25504800, 39328]]
Arch_Param: [64, 16384, 1024, 16, 512, 64]
Samsung_cost: [9751458482.0, [6277929.0, 12556321, 401767932, 3146785, 50350780, 394337]] [15533645838, [9891951, 19783791, 633078168, 4912239, 85328280, 668271]] [1295883320, [834570, 1669140, 53412240, 417300, 6676880, 52170]] [21138519792, [13613588, 27227176, 871269392, 6806824, 108909584, 850868]] [1517423476, [977254, 1954502, 62543896, 488630, 7818008, 61084]] [1191272986350, [767192703, 1534385247, 49100323449, 383602047, 6138057081, 47954907]] [36873452322, [23746591, 47493179, 1519781728, 11908155, 189974368, 1488528]]
Model_cost: [5502133814.0, [8894.0, 6384225, 204263100, 254881, 49399997, 81378]] [3905390718.0, [117711.0, 2666607, 85328280, 86895, 77870232, 92307]] [301286660, [95, 195220, 6246800, 13140, 6246800, 13130]] [5036778296, [39836, 3327912, 106001424, 38704, 103508112, 115862]] [392583540, [1416, 272070, 8678424, 5062, 7767768, 9938]] [295683865618.0, [15831.0, 191813655, 6138011769, 5340891, 6137123253, 7106488]] [1246386090.0, [1049.0, 823931, 26354976, 32995, 25504800, 39328]]
Arch_Param: [64, 16384, 1024, 16, 512, 128]
Samsung_cost: [9692846258.0, [6277929.0, 12556321, 401767932, 482593, 50350780, 394337]] [15439433742, [9891951, 19783791, 633078168, 629871, 85328280, 668271]] [1289012280, [834570, 1669140, 53412240, 104980, 6676880, 52170]] [20995575408, [13613588, 27227176, 871269392, 309352, 108909584, 850868]] [1507305588, [977254, 1954502, 62543896, 28726, 7818008, 61084]] [1183773595374, [767192703, 1534385247, 49100323449, 42720639, 6138057081, 47954907]] [36649136802, [23746591, 47493179, 1519781728, 1711995, 189974368, 1488528]]
Model_cost: [5502133814.0, [8894.0, 6384225, 204263100, 254881, 49399997, 81378]] [3905390718.0, [117711.0, 2666607, 85328280, 86895, 77870232, 92307]] [301286660, [95, 195220, 6246800, 13140, 6246800, 13130]] [5036778296, [39836, 3327912, 106001424, 38704, 103508112, 115862]] [392583540, [1416, 272070, 8678424, 5062, 7767768, 9938]] [295683865618.0, [15831.0, 191813655, 6138011769, 5340891, 6137123253, 7106488]] [1246386090.0, [1049.0, 823931, 26354976, 32995, 25504800, 39328]]
Arch_Param: [64, 16384, 1024, 16, 512, 256]
Samsung_cost: [9692846258.0, [6277929.0, 12556321, 401767932, 482593, 50350780, 394337]] [15439433742, [9891951, 19783791, 633078168, 629871, 85328280, 668271]] [1289012280, [834570, 1669140, 53412240, 104980, 6676880, 52170]] [20995575408, [13613588, 27227176, 871269392, 309352, 108909584, 850868]] [1507305588, [977254, 1954502, 62543896, 28726, 7818008, 61084]] [1183773595374, [767192703, 1534385247, 49100323449, 42720639, 6138057081, 47954907]] [36649136802, [23746591, 47493179, 1519781728, 1711995, 189974368, 1488528]]
Model_cost: [5502133814.0, [8894.0, 6384225, 204263100, 254881, 49399997, 81378]] [3905390718.0, [117711.0, 2666607, 85328280, 86895, 77870232, 92307]] [301286660, [95, 195220, 6246800, 13140, 6246800, 13130]] [5036778296, [39836, 3327912, 106001424, 38704, 103508112, 115862]] [392579988, [1416, 271974, 8678424, 4918, 7767768, 9938]] [295683865618.0, [15831.0, 191813655, 6138011769, 5340891, 6137123253, 7106488]] [1246386090.0, [1049.0, 823931, 26354976, 32995, 25504800, 39328]]
Arch_Param: [64, 16384, 1024, 16, 512, 512]
Samsung_cost: [9692846258.0, [6277929.0, 12556321, 401767932, 482593, 50350780, 394337]] [15439433742, [9891951, 19783791, 633078168, 629871, 85328280, 668271]] [1289012280, [834570, 1669140, 53412240, 104980, 6676880, 52170]] [20995575408, [13613588, 27227176, 871269392, 309352, 108909584, 850868]] [1507305588, [977254, 1954502, 62543896, 28726, 7818008, 61084]] [1183773595374, [767192703, 1534385247, 49100323449, 42720639, 6138057081, 47954907]] [36649136802, [23746591, 47493179, 1519781728, 1711995, 189974368, 1488528]]
Model_cost: [5502133814.0, [8894.0, 6384225, 204263100, 254881, 49399997, 81378]] [3905390718.0, [117711.0, 2666607, 85328280, 86895, 77870232, 92307]] [301286660, [95, 195220, 6246800, 13140, 6246800, 13130]] [5036778296, [39836, 3327912, 106001424, 38704, 103508112, 115862]] [392579988, [1416, 271974, 8678424, 4918, 7767768, 9938]] [295683865618.0, [15831.0, 191813655, 6138011769, 5340891, 6137123253, 7106488]] [1246386090.0, [1049.0, 823931, 26354976, 32995, 25504800, 39328]]
Arch_Param: [64, 16384, 1024, 16, 1024, 64]
Samsung_cost: [9726354098.0, [6277929.0, 6280225, 401767932, 3146785, 50350780, 394337]] [15494078478, [9891951, 9891951, 633078168, 4912239, 85328280, 668271]] [1292544820, [834570, 834570, 53412240, 417290, 6676880, 52170]] [21084065000, [13613588, 13613588, 871269392, 6806804, 108909584, 850868]] [1513514484, [977254, 977254, 62543896, 488630, 7818008, 61084]] [1188204216174, [767192703, 767192703, 49100323449, 383602047, 6138057081, 47954907]] [36778465354, [23746591, 23746591, 1519781728, 11908127, 189974368, 1488528]]
Model_cost: [5489372726.0, [8894.0, 3193953, 204263100, 254881, 49399997, 81378]] [3900057726.0, [117711.0, 1333359, 85328280, 86895, 77870232, 92307]] [300921600, [95, 104010, 6246800, 13130, 6246800, 13130]] [5030188592, [39836, 1680596, 106001424, 38684, 103508112, 115862]] [392041844, [1416, 136646, 8678424, 5062, 7767768, 9938]] [295300240162.0, [15831.0, 95907291, 6138011769, 5340891, 6137123253, 7106488]] [1244739282.0, [1049.0, 412383, 26354976, 32967, 25504800, 39328]]
Arch_Param: [64, 16384, 1024, 16, 1024, 128]
Samsung_cost: [9667741874.0, [6277929.0, 6280225, 401767932, 482593, 50350780, 394337]] [15399866382, [9891951, 9891951, 633078168, 629871, 85328280, 668271]] [1285673780, [834570, 834570, 53412240, 104970, 6676880, 52170]] [20941120616, [13613588, 13613588, 871269392, 309332, 108909584, 850868]] [1503396596, [977254, 977254, 62543896, 28726, 7818008, 61084]] [1180704825198, [767192703, 767192703, 49100323449, 42720639, 6138057081, 47954907]] [36554149834, [23746591, 23746591, 1519781728, 1711967, 189974368, 1488528]]
Model_cost: [5489372726.0, [8894.0, 3193953, 204263100, 254881, 49399997, 81378]] [3900057726.0, [117711.0, 1333359, 85328280, 86895, 77870232, 92307]] [300921600, [95, 104010, 6246800, 13130, 6246800, 13130]] [5030188592, [39836, 1680596, 106001424, 38684, 103508112, 115862]] [392041844, [1416, 136646, 8678424, 5062, 7767768, 9938]] [295300240162.0, [15831.0, 95907291, 6138011769, 5340891, 6137123253, 7106488]] [1244739282.0, [1049.0, 412383, 26354976, 32967, 25504800, 39328]]
Arch_Param: [64, 16384, 1024, 16, 1024, 256]
Samsung_cost: [9667741874.0, [6277929.0, 6280225, 401767932, 482593, 50350780, 394337]] [15399866382, [9891951, 9891951, 633078168, 629871, 85328280, 668271]] [1285673780, [834570, 834570, 53412240, 104970, 6676880, 52170]] [20941120616, [13613588, 13613588, 871269392, 309332, 108909584, 850868]] [1503396596, [977254, 977254, 62543896, 28726, 7818008, 61084]] [1180704825198, [767192703, 767192703, 49100323449, 42720639, 6138057081, 47954907]] [36554149834, [23746591, 23746591, 1519781728, 1711967, 189974368, 1488528]]
Model_cost: [5489372726.0, [8894.0, 3193953, 204263100, 254881, 49399997, 81378]] [3900057726.0, [117711.0, 1333359, 85328280, 86895, 77870232, 92307]] [300921600, [95, 104010, 6246800, 13130, 6246800, 13130]] [5030188592, [39836, 1680596, 106001424, 38684, 103508112, 115862]] [392038100, [1416, 136502, 8678424, 4918, 7767768, 9938]] [295300240162.0, [15831.0, 95907291, 6138011769, 5340891, 6137123253, 7106488]] [1244739282.0, [1049.0, 412383, 26354976, 32967, 25504800, 39328]]
Arch_Param: [64, 16384, 1024, 16, 1024, 512]
Samsung_cost: [9667741874.0, [6277929.0, 6280225, 401767932, 482593, 50350780, 394337]] [15399866382, [9891951, 9891951, 633078168, 629871, 85328280, 668271]] [1285673780, [834570, 834570, 53412240, 104970, 6676880, 52170]] [20941120616, [13613588, 13613588, 871269392, 309332, 108909584, 850868]] [1503396596, [977254, 977254, 62543896, 28726, 7818008, 61084]] [1180704825198, [767192703, 767192703, 49100323449, 42720639, 6138057081, 47954907]] [36554149834, [23746591, 23746591, 1519781728, 1711967, 189974368, 1488528]]
Model_cost: [5489372726.0, [8894.0, 3193953, 204263100, 254881, 49399997, 81378]] [3900057726.0, [117711.0, 1333359, 85328280, 86895, 77870232, 92307]] [300921600, [95, 104010, 6246800, 13130, 6246800, 13130]] [5030188592, [39836, 1680596, 106001424, 38684, 103508112, 115862]] [392038100, [1416, 136502, 8678424, 4918, 7767768, 9938]] [295300240162.0, [15831.0, 95907291, 6138011769, 5340891, 6137123253, 7106488]] [1244739282.0, [1049.0, 412383, 26354976, 32967, 25504800, 39328]]
Arch_Param: [64, 16384, 1024, 32, 256, 64]
Samsung_cost: [9677001472.0, [6196265.0, 24785444, 396549116, 3101732, 49793724, 389985]] [15612780558, [9891951, 39567471, 633078168, 4912239, 85328280, 668271]] [1302560060, [834570, 3338270, 53412240, 417310, 6676880, 52170]] [21247429116, [13613588, 54454342, 871269392, 6806854, 108909584, 850868]] [1516975728, [971958, 3887814, 62204952, 485982, 7775640, 60753]] [1197410526702, [767192703, 3068770335, 49100323449, 383602047, 6138057081, 47954907]] [37037855008, [23730207, 94920822, 1518733152, 11900022, 189843296, 1487504]]
Model_cost: [3463104988.0, [4504.0, 6404260, 102452412, 128868, 49399997, 81378]] [3916056702.0, [117711.0, 5333103, 85328280, 86895, 77870232, 92307]] [302067720, [95, 390430, 6246800, 13150, 6246800, 13130]] [5050008644, [39836, 6635334, 106001424, 38734, 103508112, 115862]] [382736888, [943, 509030, 8140312, 4198, 7767768, 9938]] [296451116530.0, [15831.0, 383626383, 6138011769, 5340891, 6137123253, 7106488]] [1238506652.0, [948.0, 1613302, 25807008, 29598, 25504800, 39328]]
Arch_Param: [64, 16384, 1024, 32, 256, 128]
Samsung_cost: [9618974976.0, [6196265.0, 24785444, 396549116, 464164, 49793724, 389985]] [15518568462, [9891951, 39567471, 633078168, 629871, 85328280, 668271]] [1295689020, [834570, 3338270, 53412240, 104990, 6676880, 52170]] [21104484732, [13613588, 54454342, 871269392, 309382, 108909584, 850868]] [1506904304, [971958, 3887814, 62204952, 28190, 7775640, 60753]] [1189911135726, [767192703, 3068770335, 49100323449, 42720639, 6138057081, 47954907]] [36813629600, [23730207, 94920822, 1518733152, 1707958, 189843296, 1487504]]
Model_cost: [3463104988.0, [4504.0, 6404260, 102452412, 128868, 49399997, 81378]] [3916056702.0, [117711.0, 5333103, 85328280, 86895, 77870232, 92307]] [302067720, [95, 390430, 6246800, 13150, 6246800, 13130]] [5050008644, [39836, 6635334, 106001424, 38734, 103508112, 115862]] [382735304, [943, 509030, 8140312, 4126, 7767768, 9938]] [296451116530.0, [15831.0, 383626383, 6138011769, 5340891, 6137123253, 7106488]] [1238506652.0, [948.0, 1613302, 25807008, 29598, 25504800, 39328]]
Arch_Param: [64, 16384, 1024, 32, 256, 256]
Samsung_cost: [9618974976.0, [6196265.0, 24785444, 396549116, 464164, 49793724, 389985]] [15518568462, [9891951, 39567471, 633078168, 629871, 85328280, 668271]] [1295689020, [834570, 3338270, 53412240, 104990, 6676880, 52170]] [21104484732, [13613588, 54454342, 871269392, 309382, 108909584, 850868]] [1506904304, [971958, 3887814, 62204952, 28190, 7775640, 60753]] [1189911135726, [767192703, 3068770335, 49100323449, 42720639, 6138057081, 47954907]] [36813629600, [23730207, 94920822, 1518733152, 1707958, 189843296, 1487504]]
Model_cost: [3463104988.0, [4504.0, 6404260, 102452412, 128868, 49399997, 81378]] [3916056702.0, [117711.0, 5333103, 85328280, 86895, 77870232, 92307]] [302067720, [95, 390430, 6246800, 13150, 6246800, 13130]] [5050008644, [39836, 6635334, 106001424, 38734, 103508112, 115862]] [382735304, [943, 509030, 8140312, 4126, 7767768, 9938]] [296451116530.0, [15831.0, 383626383, 6138011769, 5340891, 6137123253, 7106488]] [1238506652.0, [948.0, 1613302, 25807008, 29598, 25504800, 39328]]
Arch_Param: [64, 16384, 1024, 32, 512, 64]
Samsung_cost: [9627431602.0, [6196265.0, 12392993, 396549116, 3101729, 49793724, 389985]] [15533645838, [9891951, 19783791, 633078168, 4912239, 85328280, 668271]] [1295883320, [834570, 1669140, 53412240, 417300, 6676880, 52170]] [21138519792, [13613588, 27227176, 871269392, 6806824, 108909584, 850868]] [1509200112, [971958, 1943910, 62204952, 485982, 7775640, 60753]] [1191272986350, [767192703, 1534385247, 49100323449, 383602047, 6138057081, 47954907]] [36848012066, [23730207, 47460411, 1518733152, 11899963, 189843296, 1487504]]
Model_cost: [3450297486.0, [4504.0, 3202401, 102452412, 128865, 49399997, 81378]] [3905390718.0, [117711.0, 2666607, 85328280, 86895, 77870232, 92307]] [301286660, [95, 195220, 6246800, 13140, 6246800, 13130]] [5036778296, [39836, 3327912, 106001424, 38704, 103508112, 115862]] [381720056, [943, 254822, 8140312, 4198, 7767768, 9938]] [295683865618.0, [15831.0, 191813655, 6138011769, 5340891, 6137123253, 7106488]] [1235278750.0, [948.0, 806651, 25807008, 29539, 25504800, 39328]]
Arch_Param: [64, 16384, 1024, 32, 512, 128]
Samsung_cost: [9569405106.0, [6196265.0, 12392993, 396549116, 464161, 49793724, 389985]] [15439433742, [9891951, 19783791, 633078168, 629871, 85328280, 668271]] [1289012280, [834570, 1669140, 53412240, 104980, 6676880, 52170]] [20995575408, [13613588, 27227176, 871269392, 309352, 108909584, 850868]] [1499128688, [971958, 1943910, 62204952, 28190, 7775640, 60753]] [1183773595374, [767192703, 1534385247, 49100323449, 42720639, 6138057081, 47954907]] [36623786658, [23730207, 47460411, 1518733152, 1707899, 189843296, 1487504]]
Model_cost: [3450297486.0, [4504.0, 3202401, 102452412, 128865, 49399997, 81378]] [3905390718.0, [117711.0, 2666607, 85328280, 86895, 77870232, 92307]] [301286660, [95, 195220, 6246800, 13140, 6246800, 13130]] [5036778296, [39836, 3327912, 106001424, 38704, 103508112, 115862]] [381718280, [943, 254774, 8140312, 4126, 7767768, 9938]] [295683865618.0, [15831.0, 191813655, 6138011769, 5340891, 6137123253, 7106488]] [1235278750.0, [948.0, 806651, 25807008, 29539, 25504800, 39328]]
Arch_Param: [64, 16384, 1024, 32, 512, 256]
Samsung_cost: [9569405106.0, [6196265.0, 12392993, 396549116, 464161, 49793724, 389985]] [15439433742, [9891951, 19783791, 633078168, 629871, 85328280, 668271]] [1289012280, [834570, 1669140, 53412240, 104980, 6676880, 52170]] [20995575408, [13613588, 27227176, 871269392, 309352, 108909584, 850868]] [1499128688, [971958, 1943910, 62204952, 28190, 7775640, 60753]] [1183773595374, [767192703, 1534385247, 49100323449, 42720639, 6138057081, 47954907]] [36623786658, [23730207, 47460411, 1518733152, 1707899, 189843296, 1487504]]
Model_cost: [3450297486.0, [4504.0, 3202401, 102452412, 128865, 49399997, 81378]] [3905390718.0, [117711.0, 2666607, 85328280, 86895, 77870232, 92307]] [301286660, [95, 195220, 6246800, 13140, 6246800, 13130]] [5036778296, [39836, 3327912, 106001424, 38704, 103508112, 115862]] [381718280, [943, 254774, 8140312, 4126, 7767768, 9938]] [295683865618.0, [15831.0, 191813655, 6138011769, 5340891, 6137123253, 7106488]] [1235278750.0, [948.0, 806651, 25807008, 29539, 25504800, 39328]]
Arch_Param: [64, 16384, 1024, 32, 512, 512]
Samsung_cost: [9569405106.0, [6196265.0, 12392993, 396549116, 464161, 49793724, 389985]] [15439433742, [9891951, 19783791, 633078168, 629871, 85328280, 668271]] [1289012280, [834570, 1669140, 53412240, 104980, 6676880, 52170]] [20995575408, [13613588, 27227176, 871269392, 309352, 108909584, 850868]] [1499128688, [971958, 1943910, 62204952, 28190, 7775640, 60753]] [1183773595374, [767192703, 1534385247, 49100323449, 42720639, 6138057081, 47954907]] [36623786658, [23730207, 47460411, 1518733152, 1707899, 189843296, 1487504]]
Model_cost: [3450297486.0, [4504.0, 3202401, 102452412, 128865, 49399997, 81378]] [3905390718.0, [117711.0, 2666607, 85328280, 86895, 77870232, 92307]] [301286660, [95, 195220, 6246800, 13140, 6246800, 13130]] [5036778296, [39836, 3327912, 106001424, 38704, 103508112, 115862]] [381718280, [943, 254774, 8140312, 4126, 7767768, 9938]] [295683865618.0, [15831.0, 191813655, 6138011769, 5340891, 6137123253, 7106488]] [1235278750.0, [948.0, 806651, 25807008, 29539, 25504800, 39328]]
Arch_Param: [64, 16384, 1024, 32, 1024, 64]
Samsung_cost: [9602650802.0, [6196265.0, 6197793, 396549116, 3101729, 49793724, 389985]] [15494078478, [9891951, 9891951, 633078168, 4912239, 85328280, 668271]] [1292544820, [834570, 834570, 53412240, 417290, 6676880, 52170]] [21084065000, [13613588, 13613588, 871269392, 6806804, 108909584, 850868]] [1505312304, [971958, 971958, 62204952, 485982, 7775640, 60753]] [1188204216174, [767192703, 767192703, 49100323449, 383602047, 6138057081, 47954907]] [36753090634, [23730207, 23730207, 1518733152, 11899935, 189843296, 1487504]]
Model_cost: [3443896974.0, [4504.0, 1602273, 102452412, 128865, 49399997, 81378]] [3900057726.0, [117711.0, 1333359, 85328280, 86895, 77870232, 92307]] [300921600, [95, 104010, 6246800, 13130, 6246800, 13130]] [5030188592, [39836, 1680596, 106001424, 38684, 103508112, 115862]] [381211640, [943, 127718, 8140312, 4198, 7767768, 9938]] [295300240162.0, [15831.0, 95907291, 6138011769, 5340891, 6137123253, 7106488]] [1233665734.0, [948.0, 403551, 25807008, 29511, 25504800, 39328]]
Arch_Param: [64, 16384, 1024, 32, 1024, 128]
Samsung_cost: [9544624306.0, [6196265.0, 6197793, 396549116, 464161, 49793724, 389985]] [15399866382, [9891951, 9891951, 633078168, 629871, 85328280, 668271]] [1285673780, [834570, 834570, 53412240, 104970, 6676880, 52170]] [20941120616, [13613588, 13613588, 871269392, 309332, 108909584, 850868]] [1495240880, [971958, 971958, 62204952, 28190, 7775640, 60753]] [1180704825198, [767192703, 767192703, 49100323449, 42720639, 6138057081, 47954907]] [36528865226, [23730207, 23730207, 1518733152, 1707871, 189843296, 1487504]]
Model_cost: [3443896974.0, [4504.0, 1602273, 102452412, 128865, 49399997, 81378]] [3900057726.0, [117711.0, 1333359, 85328280, 86895, 77870232, 92307]] [300921600, [95, 104010, 6246800, 13130, 6246800, 13130]] [5030188592, [39836, 1680596, 106001424, 38684, 103508112, 115862]] [381209768, [943, 127646, 8140312, 4126, 7767768, 9938]] [295300240162.0, [15831.0, 95907291, 6138011769, 5340891, 6137123253, 7106488]] [1233665734.0, [948.0, 403551, 25807008, 29511, 25504800, 39328]]
Arch_Param: [64, 16384, 1024, 32, 1024, 256]
Samsung_cost: [9544624306.0, [6196265.0, 6197793, 396549116, 464161, 49793724, 389985]] [15399866382, [9891951, 9891951, 633078168, 629871, 85328280, 668271]] [1285673780, [834570, 834570, 53412240, 104970, 6676880, 52170]] [20941120616, [13613588, 13613588, 871269392, 309332, 108909584, 850868]] [1495240880, [971958, 971958, 62204952, 28190, 7775640, 60753]] [1180704825198, [767192703, 767192703, 49100323449, 42720639, 6138057081, 47954907]] [36528865226, [23730207, 23730207, 1518733152, 1707871, 189843296, 1487504]]
Model_cost: [3443896974.0, [4504.0, 1602273, 102452412, 128865, 49399997, 81378]] [3900057726.0, [117711.0, 1333359, 85328280, 86895, 77870232, 92307]] [300921600, [95, 104010, 6246800, 13130, 6246800, 13130]] [5030188592, [39836, 1680596, 106001424, 38684, 103508112, 115862]] [381209768, [943, 127646, 8140312, 4126, 7767768, 9938]] [295300240162.0, [15831.0, 95907291, 6138011769, 5340891, 6137123253, 7106488]] [1233665734.0, [948.0, 403551, 25807008, 29511, 25504800, 39328]]
Arch_Param: [64, 16384, 1024, 32, 1024, 512]
Samsung_cost: [9544624306.0, [6196265.0, 6197793, 396549116, 464161, 49793724, 389985]] [15399866382, [9891951, 9891951, 633078168, 629871, 85328280, 668271]] [1285673780, [834570, 834570, 53412240, 104970, 6676880, 52170]] [20941120616, [13613588, 13613588, 871269392, 309332, 108909584, 850868]] [1495240880, [971958, 971958, 62204952, 28190, 7775640, 60753]] [1180704825198, [767192703, 767192703, 49100323449, 42720639, 6138057081, 47954907]] [36528865226, [23730207, 23730207, 1518733152, 1707871, 189843296, 1487504]]
Model_cost: [3443896974.0, [4504.0, 1602273, 102452412, 128865, 49399997, 81378]] [3900057726.0, [117711.0, 1333359, 85328280, 86895, 77870232, 92307]] [300921600, [95, 104010, 6246800, 13130, 6246800, 13130]] [5030188592, [39836, 1680596, 106001424, 38684, 103508112, 115862]] [381209768, [943, 127646, 8140312, 4126, 7767768, 9938]] [295300240162.0, [15831.0, 95907291, 6138011769, 5340891, 6137123253, 7106488]] [1233665734.0, [948.0, 403551, 25807008, 29511, 25504800, 39328]]
