[[0, 0, 0, 0, 0, 0, 0, 0, 0, 0, 0], [0, 0, 0, 0, 0, 0, 0, 0, 0, 0, 0], [0, 0, 0, 0, 0, 0, 0, 0, 0, 0, 0], [0, 0, 0, 0, 0, 0, 0, 0, 0, 0, 0]]
Arch_Param: [32, 16384, 32768, 4, 256, 64]
SK_cost: [72411503316.95999, [717444.3433333333, 91214401, 1459298552, 1634145, 913427640, 919009]] [8139813924.0, [97263.0, 10223727, 163578660, 164463, 113640228, 132975]] [315077960.0, [3263.333333333285, 390450, 6247200, 13170, 6247200, 13130]] [5721408264.0, [55755.33333333302, 7106434, 113702944, 38794, 113702944, 120604]] [4447877022.4, [43372.399999999994, 5545990, 88670256, 39302, 81420848, 79558]] [611367377043.6028, [7107148.350000086, 767215743, 12275433555, 10680855, 8855921235, 9764571]] [20821651602.46154, [206235.69230769158, 26148076, 417716928, 820436, 297170112, 386528]]
Model_cost: [62436939008.64, [1898.1108333333334, 80564801, 1288904952, 2316545, 49400505, 100834]] [8059321956.0, [4005.0, 10223727, 163578660, 164463, 77870628, 4866975]] [314765880.0, [12.5, 390450, 6247200, 13170, 6247200, 390410]] [5324282951.0, [1270.65625, 6635394, 106002464, 38794, 103509152, 486182492]] [3371317016.0, [359.0, 4343302, 69427248, 91654, 7767792, 9938]] [605247573747.6, [812.1000000000001, 767215743, 12275433555, 10680855, 6137123727, 383570187]] [2357161034.6923075, [118.94471153846155, 2983404, 47652928, 107220, 25506688, 1501904]]
Arch_Param: [32, 16384, 32768, 4, 256, 128]
SK_cost: [72411503316.95999, [717444.3433333333, 91214401, 1459298552, 1634145, 913427640, 919009]] [8139813924.0, [97263.0, 10223727, 163578660, 164463, 113640228, 132975]] [315077960.0, [3263.333333333285, 390450, 6247200, 13170, 6247200, 13130]] [5721408264.0, [55755.33333333302, 7106434, 113702944, 38794, 113702944, 120604]] [4447877022.4, [43372.399999999994, 5545990, 88670256, 39302, 81420848, 79558]] [611367377043.6028, [7107148.350000086, 767215743, 12275433555, 10680855, 8855921235, 9764571]] [20821651602.46154, [206235.69230769158, 26148076, 417716928, 820436, 297170112, 386528]]
Model_cost: [62436939008.64, [1898.1108333333334, 80564801, 1288904952, 2316545, 49400505, 100834]] [8059321956.0, [4005.0, 10223727, 163578660, 164463, 77870628, 4866975]] [314765880.0, [12.5, 390450, 6247200, 13170, 6247200, 390410]] [5324282951.0, [1270.65625, 6635394, 106002464, 38794, 103509152, 486182492]] [3368040216.0, [359.0, 4343302, 69427248, 40454, 7767792, 475346]] [605247573747.6, [812.1000000000001, 767215743, 12275433555, 10680855, 6137123727, 383570187]] [2356931634.6923075, [118.69471153846155, 2983404, 47652928, 103636, 25506688, 1579600]]
Arch_Param: [32, 16384, 32768, 4, 256, 256]
SK_cost: [72411503316.95999, [717444.3433333333, 91214401, 1459298552, 1634145, 913427640, 919009]] [8139813924.0, [97263.0, 10223727, 163578660, 164463, 113640228, 132975]] [315077960.0, [3263.333333333285, 390450, 6247200, 13170, 6247200, 13130]] [5721408264.0, [55755.33333333302, 7106434, 113702944, 38794, 113702944, 120604]] [4447877022.4, [43372.399999999994, 5545990, 88670256, 39302, 81420848, 79558]] [611367377043.6028, [7107148.350000086, 767215743, 12275433555, 10680855, 8855921235, 9764571]] [20821651602.46154, [206235.69230769158, 26148076, 417716928, 820436, 297170112, 386528]]
Model_cost: [62436939008.64, [1898.1108333333334, 80564801, 1288904952, 2316545, 49400505, 100834]] [8059321956.0, [4005.0, 10223727, 163578660, 164463, 77870628, 4866975]] [314765880.0, [12.5, 390450, 6247200, 13170, 6247200, 390410]] [5324282951.0, [1270.65625, 6635394, 106002464, 38794, 103509152, 486182492]] [3368040216.0, [359.0, 4343302, 69427248, 40454, 7767792, 475346]] [605247573747.6, [812.1000000000001, 767215743, 12275433555, 10680855, 6137123727, 383570187]] [2356931634.6923075, [118.69471153846155, 2983404, 47652928, 103636, 25506688, 1579600]]
Arch_Param: [32, 16384, 32768, 4, 512, 64]
SK_cost: [72229073696.95999, [717444.3433333333, 45607460, 1459298552, 1634116, 913427640, 919009]] [8119366692.0, [97263.0, 5111919, 163578660, 164463, 113640228, 132975]] [314295800.0, [3263.333333333285, 195230, 6247200, 13150, 6247200, 13130]] [5707191576.0, [55755.33333333302, 3553222, 113702944, 38734, 113702944, 120604]] [4436801438.4, [43372.399999999994, 2777094, 88670256, 39302, 81420848, 79558]] [609832948947.6028, [7107148.350000086, 383608719, 12275433555, 10680855, 8855921235, 9764571]] [20769347898.46154, [206235.69230769158, 13074038, 417716928, 820318, 297170112, 386528]]
Model_cost: [62275808588.64, [1898.1108333333334, 40282660, 1288904952, 2316516, 49400505, 92642]] [8038874724.0, [4005.0, 5111919, 163578660, 164463, 77870628, 2433543]] [313983720.0, [12.5, 195230, 6247200, 13150, 6247200, 195210]] [5311049303.0, [1270.65625, 3327942, 106002464, 38734, 103509152, 485984056]] [3362649880.0, [359.0, 2176518, 69427248, 91654, 7767792, 9938]] [603713145651.6, [812.1000000000001, 383608719, 12275433555, 10680855, 6137123727, 191785179]] [2351186674.6923075, [118.94471153846155, 1491702, 47652928, 107102, 25506688, 753872]]
Arch_Param: [32, 16384, 32768, 4, 512, 128]
SK_cost: [72229073696.95999, [717444.3433333333, 45607460, 1459298552, 1634116, 913427640, 919009]] [8119366692.0, [97263.0, 5111919, 163578660, 164463, 113640228, 132975]] [314295800.0, [3263.333333333285, 195230, 6247200, 13150, 6247200, 13130]] [5707191576.0, [55755.33333333302, 3553222, 113702944, 38734, 113702944, 120604]] [4436801438.4, [43372.399999999994, 2777094, 88670256, 39302, 81420848, 79558]] [609832948947.6028, [7107148.350000086, 383608719, 12275433555, 10680855, 8855921235, 9764571]] [20769347898.46154, [206235.69230769158, 13074038, 417716928, 820318, 297170112, 386528]]
Model_cost: [62275808588.64, [1898.1108333333334, 40282660, 1288904952, 2316516, 49400505, 92642]] [8038874724.0, [4005.0, 5111919, 163578660, 164463, 77870628, 2433543]] [313983720.0, [12.5, 195230, 6247200, 13150, 6247200, 195210]] [5311049303.0, [1270.65625, 3327942, 106002464, 38734, 103509152, 485984056]] [3359373080.0, [359.0, 2176518, 69427248, 40454, 7767792, 237778]] [603713145651.6, [812.1000000000001, 383608719, 12275433555, 10680855, 6137123727, 191785179]] [2350957274.6923075, [118.69471153846155, 1491702, 47652928, 103518, 25506688, 790608]]
Arch_Param: [32, 16384, 32768, 4, 512, 256]
SK_cost: [72229073696.95999, [717444.3433333333, 45607460, 1459298552, 1634116, 913427640, 919009]] [8119366692.0, [97263.0, 5111919, 163578660, 164463, 113640228, 132975]] [314295800.0, [3263.333333333285, 195230, 6247200, 13150, 6247200, 13130]] [5707191576.0, [55755.33333333302, 3553222, 113702944, 38734, 113702944, 120604]] [4436801438.4, [43372.399999999994, 2777094, 88670256, 39302, 81420848, 79558]] [609832948947.6028, [7107148.350000086, 383608719, 12275433555, 10680855, 8855921235, 9764571]] [20769347898.46154, [206235.69230769158, 13074038, 417716928, 820318, 297170112, 386528]]
Model_cost: [62275808588.64, [1898.1108333333334, 40282660, 1288904952, 2316516, 49400505, 92642]] [8038874724.0, [4005.0, 5111919, 163578660, 164463, 77870628, 2433543]] [313983720.0, [12.5, 195230, 6247200, 13150, 6247200, 195210]] [5311049303.0, [1270.65625, 3327942, 106002464, 38734, 103509152, 485984056]] [3359373080.0, [359.0, 2176518, 69427248, 40454, 7767792, 237778]] [603713145651.6, [812.1000000000001, 383608719, 12275433555, 10680855, 6137123727, 191785179]] [2350957274.6923075, [118.69471153846155, 1491702, 47652928, 103518, 25506688, 790608]]
Arch_Param: [32, 16384, 32768, 4, 512, 512]
SK_cost: [72229073696.95999, [717444.3433333333, 45607460, 1459298552, 1634116, 913427640, 919009]] [8119366692.0, [97263.0, 5111919, 163578660, 164463, 113640228, 132975]] [314295800.0, [3263.333333333285, 195230, 6247200, 13150, 6247200, 13130]] [5707191576.0, [55755.33333333302, 3553222, 113702944, 38734, 113702944, 120604]] [4436801438.4, [43372.399999999994, 2777094, 88670256, 39302, 81420848, 79558]] [609832948947.6028, [7107148.350000086, 383608719, 12275433555, 10680855, 8855921235, 9764571]] [20769347898.46154, [206235.69230769158, 13074038, 417716928, 820318, 297170112, 386528]]
Model_cost: [62232128952.64, [1835.2358333333334, 40282660, 1288904952, 1634116, 49400505, 1533730]] [8038874724.0, [4005.0, 5111919, 163578660, 164463, 77870628, 2433543]] [313983720.0, [12.5, 195230, 6247200, 13150, 6247200, 195210]] [5311049303.0, [1270.65625, 3327942, 106002464, 38734, 103509152, 485984056]] [3359352728.0, [359.0, 2175750, 69427248, 39302, 7796016, 242910]] [603713145651.6, [812.1000000000001, 383608719, 12275433555, 10680855, 6137123727, 191785179]] [2350956995.6923075, [115.78846153846155, 1491702, 47652928, 103518, 25506688, 796752]]
Arch_Param: [32, 16384, 32768, 4, 1024, 64]
SK_cost: [72137909332.95999, [717444.3433333333, 22816417, 1459298552, 1634113, 913427640, 919009]] [8109143076.0, [97263.0, 2556015, 163578660, 164463, 113640228, 132975]] [313930320.0, [3263.333333333285, 104020, 6247200, 13140, 6247200, 13130]] [5700108832.0, [55755.33333333302, 1783016, 113702944, 38704, 113702944, 120604]] [4431263646.4, [43372.399999999994, 1392646, 88670256, 39302, 81420848, 79558]] [609065734899.6028, [7107148.350000086, 191805207, 12275433555, 10680855, 8855921235, 9764571]] [20743296398.46154, [206235.69230769158, 6562107, 417716928, 820259, 297170112, 386528]]
Model_cost: [62195293824.64, [1898.1108333333334, 20154017, 1288904952, 2316513, 49400505, 88546]] [8028651108.0, [4005.0, 2556015, 163578660, 164463, 77870628, 1216827]] [313618255.0, [12.65625, 104020, 6247200, 13140, 6247200, 27210]] [5304458094.0, [1270.8125, 1680616, 106002464, 38704, 103509152, 485814438]] [3358316312.0, [359.0, 1093126, 69427248, 91654, 7767792, 9938]] [602945931603.6, [812.1000000000001, 191805207, 12275433555, 10680855, 6137123727, 95892675]] [2348212038.6923075, [118.94471153846155, 748987, 47652928, 107043, 25506688, 379856]]
Arch_Param: [32, 16384, 32768, 4, 1024, 128]
SK_cost: [72137909332.95999, [717444.3433333333, 22816417, 1459298552, 1634113, 913427640, 919009]] [8109143076.0, [97263.0, 2556015, 163578660, 164463, 113640228, 132975]] [313930320.0, [3263.333333333285, 104020, 6247200, 13140, 6247200, 13130]] [5700108832.0, [55755.33333333302, 1783016, 113702944, 38704, 113702944, 120604]] [4431263646.4, [43372.399999999994, 1392646, 88670256, 39302, 81420848, 79558]] [609065734899.6028, [7107148.350000086, 191805207, 12275433555, 10680855, 8855921235, 9764571]] [20743296398.46154, [206235.69230769158, 6562107, 417716928, 820259, 297170112, 386528]]
Model_cost: [62195293824.64, [1898.1108333333334, 20154017, 1288904952, 2316513, 49400505, 88546]] [8028651108.0, [4005.0, 2556015, 163578660, 164463, 77870628, 1216827]] [313618255.0, [12.65625, 104020, 6247200, 13140, 6247200, 27210]] [5304458094.0, [1270.8125, 1680616, 106002464, 38704, 103509152, 485814438]] [3355039512.0, [359.0, 1093126, 69427248, 40454, 7767792, 118994]] [602945931603.6, [812.1000000000001, 191805207, 12275433555, 10680855, 6137123727, 95892675]] [2347982638.6923075, [118.69471153846155, 748987, 47652928, 103459, 25506688, 396112]]
Arch_Param: [32, 16384, 32768, 4, 1024, 256]
SK_cost: [72137909332.95999, [717444.3433333333, 22816417, 1459298552, 1634113, 913427640, 919009]] [8109143076.0, [97263.0, 2556015, 163578660, 164463, 113640228, 132975]] [313930320.0, [3263.333333333285, 104020, 6247200, 13140, 6247200, 13130]] [5700108832.0, [55755.33333333302, 1783016, 113702944, 38704, 113702944, 120604]] [4431263646.4, [43372.399999999994, 1392646, 88670256, 39302, 81420848, 79558]] [609065734899.6028, [7107148.350000086, 191805207, 12275433555, 10680855, 8855921235, 9764571]] [20743296398.46154, [206235.69230769158, 6562107, 417716928, 820259, 297170112, 386528]]
Model_cost: [62195293824.64, [1898.1108333333334, 20154017, 1288904952, 2316513, 49400505, 88546]] [8028651108.0, [4005.0, 2556015, 163578660, 164463, 77870628, 1216827]] [313618255.0, [12.65625, 104020, 6247200, 13140, 6247200, 27210]] [5304458094.0, [1270.8125, 1680616, 106002464, 38704, 103509152, 485814438]] [3355039512.0, [359.0, 1093126, 69427248, 40454, 7767792, 118994]] [602945931603.6, [812.1000000000001, 191805207, 12275433555, 10680855, 6137123727, 95892675]] [2347982638.6923075, [118.69471153846155, 748987, 47652928, 103459, 25506688, 396112]]
Arch_Param: [32, 16384, 32768, 4, 1024, 512]
SK_cost: [72137909332.95999, [717444.3433333333, 22816417, 1459298552, 1634113, 913427640, 919009]] [8109143076.0, [97263.0, 2556015, 163578660, 164463, 113640228, 132975]] [313930320.0, [3263.333333333285, 104020, 6247200, 13140, 6247200, 13130]] [5700108832.0, [55755.33333333302, 1783016, 113702944, 38704, 113702944, 120604]] [4431263646.4, [43372.399999999994, 1392646, 88670256, 39302, 81420848, 79558]] [609065734899.6028, [7107148.350000086, 191805207, 12275433555, 10680855, 8855921235, 9764571]] [20743296398.46154, [206235.69230769158, 6562107, 417716928, 820259, 297170112, 386528]]
Model_cost: [62151614188.64, [1835.2358333333334, 20154017, 1288904952, 1634113, 49400505, 767778]] [8028651108.0, [4005.0, 2556015, 163578660, 164463, 77870628, 1216827]] [313618255.0, [12.65625, 104020, 6247200, 13140, 6247200, 27210]] [5304458094.0, [1270.8125, 1680616, 106002464, 38704, 103509152, 485814438]] [3355017624.0, [359.0, 1091974, 69427248, 39302, 7796016, 121490]] [602945931603.6, [812.1000000000001, 191805207, 12275433555, 10680855, 6137123727, 95892675]] [2347982359.6923075, [115.78846153846155, 748987, 47652928, 103459, 25506688, 398416]]
Arch_Param: [32, 16384, 32768, 8, 256, 64]
SK_cost: [37612181568.479996, [372370.79666666663, 47352385, 757568376, 845281, 484822200, 500449]] [4298222628.0, [50991.0, 5333103, 85328676, 86895, 85328676, 105327]] [315077960.0, [3263.333333333285, 390450, 6247200, 13170, 6247200, 13130]] [5721408264.0, [55755.33333333302, 7106434, 113702944, 38794, 113702944, 120604]] [2224096363.2, [21689.199999999997, 2772998, 44335152, 19654, 40788528, 39878]] [309118103890.8014, [3553845.675000043, 383626383, 6138012243, 5340891, 6138012243, 7110363]] [13962462433.23077, [137297.84615384653, 17443052, 278762688, 474836, 234255552, 325088]]
Model_cost: [32453219295.32, [977.7637500000001, 41814593, 668963704, 1200129, 49400505, 100834]] [4278774852.0, [3786.0, 5333103, 85328676, 86895, 77870628, 4866975]] [314765880.0, [12.5, 390450, 6247200, 13170, 6247200, 390410]] [5324282951.0, [1270.65625, 6635394, 106002464, 38794, 103509152, 486182492]] [1691789764.8, [184.8, 2171654, 34713648, 20230, 7767792, 475346]] [308775218110.8, [629.5500000000001, 383626383, 6138012243, 5340891, 6137123727, 383570187]] [1639407048.8461537, [74.92548076923077, 2055020, 32839552, 60436, 25506688, 1579600]]
Arch_Param: [32, 16384, 32768, 8, 256, 128]
SK_cost: [37612181568.479996, [372370.79666666663, 47352385, 757568376, 845281, 484822200, 500449]] [4298222628.0, [50991.0, 5333103, 85328676, 86895, 85328676, 105327]] [315077960.0, [3263.333333333285, 390450, 6247200, 13170, 6247200, 13130]] [5721408264.0, [55755.33333333302, 7106434, 113702944, 38794, 113702944, 120604]] [2224096363.2, [21689.199999999997, 2772998, 44335152, 19654, 40788528, 39878]] [309118103890.8014, [3553845.675000043, 383626383, 6138012243, 5340891, 6138012243, 7110363]] [13962462433.23077, [137297.84615384653, 17443052, 278762688, 474836, 234255552, 325088]]
Model_cost: [32453219295.32, [977.7637500000001, 41814593, 668963704, 1200129, 49400505, 100834]] [4278774852.0, [3786.0, 5333103, 85328676, 86895, 77870628, 4866975]] [314765880.0, [12.5, 390450, 6247200, 13170, 6247200, 390410]] [5324282951.0, [1270.65625, 6635394, 106002464, 38794, 103509152, 486182492]] [1691789764.8, [184.8, 2171654, 34713648, 20230, 7767792, 475346]] [308775218110.8, [629.5500000000001, 383626383, 6138012243, 5340891, 6137123727, 383570187]] [1639407048.8461537, [74.92548076923077, 2055020, 32839552, 60436, 25506688, 1579600]]
Arch_Param: [32, 16384, 32768, 8, 256, 256]
SK_cost: [37612181568.479996, [372370.79666666663, 47352385, 757568376, 845281, 484822200, 500449]] [4298222628.0, [50991.0, 5333103, 85328676, 86895, 85328676, 105327]] [315077960.0, [3263.333333333285, 390450, 6247200, 13170, 6247200, 13130]] [5721408264.0, [55755.33333333302, 7106434, 113702944, 38794, 113702944, 120604]] [2224096363.2, [21689.199999999997, 2772998, 44335152, 19654, 40788528, 39878]] [309118103890.8014, [3553845.675000043, 383626383, 6138012243, 5340891, 6138012243, 7110363]] [13962462433.23077, [137297.84615384653, 17443052, 278762688, 474836, 234255552, 325088]]
Model_cost: [32430507611.32, [963.0554166666667, 41814593, 668963704, 845281, 49400505, 3065634]] [4278774852.0, [3786.0, 5333103, 85328676, 86895, 77870628, 4866975]] [314765880.0, [12.5, 390450, 6247200, 13170, 6247200, 390410]] [5324282951.0, [1270.65625, 6635394, 106002464, 38794, 103509152, 486182492]] [1691789764.8, [184.8, 2171654, 34713648, 20230, 7767792, 483410]] [308775218110.8, [629.5500000000001, 383626383, 6138012243, 5340891, 6137123727, 383570187]] [1639406949.8461537, [73.89423076923077, 2055020, 32839552, 60436, 25506688, 1593424]]
Arch_Param: [32, 16384, 32768, 8, 512, 64]
SK_cost: [37517475980.479996, [372370.79666666663, 23676452, 757568376, 845252, 484822200, 500449]] [4287556644.0, [50991.0, 2666607, 85328676, 86895, 85328676, 105327]] [314295800.0, [3263.333333333285, 195230, 6247200, 13150, 6247200, 13130]] [5707191576.0, [55755.33333333302, 3553222, 113702944, 38734, 113702944, 120604]] [2218558571.2, [21689.199999999997, 1388550, 44335152, 19654, 40788528, 39878]] [308350852978.8014, [3553845.675000043, 191813655, 6138012243, 5340891, 6138012243, 7110363]] [13927568777.23077, [137297.84615384653, 8721526, 278762688, 474718, 234255552, 325088]]
Model_cost: [32369589291.32, [977.7637500000001, 20907556, 668963704, 1200100, 49400505, 92642]] [4268108868.0, [3786.0, 2666607, 85328676, 86895, 77870628, 2433543]] [313983720.0, [12.5, 195230, 6247200, 13150, 6247200, 195210]] [5311049303.0, [1270.65625, 3327942, 106002464, 38734, 103509152, 485984056]] [1687456196.8, [184.8, 1088262, 34713648, 20230, 7767792, 237778]] [308007967198.8, [629.5500000000001, 191813655, 6138012243, 5340891, 6137123727, 191785179]] [1635289456.8461537, [74.92548076923077, 1027510, 32839552, 60318, 25506688, 790608]]
Arch_Param: [32, 16384, 32768, 8, 512, 128]
SK_cost: [37517475980.479996, [372370.79666666663, 23676452, 757568376, 845252, 484822200, 500449]] [4287556644.0, [50991.0, 2666607, 85328676, 86895, 85328676, 105327]] [314295800.0, [3263.333333333285, 195230, 6247200, 13150, 6247200, 13130]] [5707191576.0, [55755.33333333302, 3553222, 113702944, 38734, 113702944, 120604]] [2218558571.2, [21689.199999999997, 1388550, 44335152, 19654, 40788528, 39878]] [308350852978.8014, [3553845.675000043, 191813655, 6138012243, 5340891, 6138012243, 7110363]] [13927568777.23077, [137297.84615384653, 8721526, 278762688, 474718, 234255552, 325088]]
Model_cost: [32369589291.32, [977.7637500000001, 20907556, 668963704, 1200100, 49400505, 92642]] [4268108868.0, [3786.0, 2666607, 85328676, 86895, 77870628, 2433543]] [313983720.0, [12.5, 195230, 6247200, 13150, 6247200, 195210]] [5311049303.0, [1270.65625, 3327942, 106002464, 38734, 103509152, 485984056]] [1687456196.8, [184.8, 1088262, 34713648, 20230, 7767792, 237778]] [308007967198.8, [629.5500000000001, 191813655, 6138012243, 5340891, 6137123727, 191785179]] [1635289456.8461537, [74.92548076923077, 1027510, 32839552, 60318, 25506688, 790608]]
Arch_Param: [32, 16384, 32768, 8, 512, 256]
SK_cost: [37517475980.479996, [372370.79666666663, 23676452, 757568376, 845252, 484822200, 500449]] [4287556644.0, [50991.0, 2666607, 85328676, 86895, 85328676, 105327]] [314295800.0, [3263.333333333285, 195230, 6247200, 13150, 6247200, 13130]] [5707191576.0, [55755.33333333302, 3553222, 113702944, 38734, 113702944, 120604]] [2218558571.2, [21689.199999999997, 1388550, 44335152, 19654, 40788528, 39878]] [308350852978.8014, [3553845.675000043, 191813655, 6138012243, 5340891, 6138012243, 7110363]] [13927568777.23077, [137297.84615384653, 8721526, 278762688, 474718, 234255552, 325088]]
Model_cost: [32346877607.32, [963.0554166666667, 20907556, 668963704, 845252, 49400505, 1533730]] [4268108868.0, [3786.0, 2666607, 85328676, 86895, 77870628, 2433543]] [313983720.0, [12.5, 195230, 6247200, 13150, 6247200, 195210]] [5311049303.0, [1270.65625, 3327942, 106002464, 38734, 103509152, 485984056]] [1687456196.8, [184.8, 1088262, 34713648, 20230, 7767792, 241746]] [308007967198.8, [629.5500000000001, 191813655, 6138012243, 5340891, 6137123727, 191785179]] [1635289357.8461537, [73.89423076923077, 1027510, 32839552, 60318, 25506688, 796752]]
Arch_Param: [32, 16384, 32768, 8, 512, 512]
SK_cost: [37517475980.479996, [372370.79666666663, 23676452, 757568376, 845252, 484822200, 500449]] [4287556644.0, [50991.0, 2666607, 85328676, 86895, 85328676, 105327]] [314295800.0, [3263.333333333285, 195230, 6247200, 13150, 6247200, 13130]] [5707191576.0, [55755.33333333302, 3553222, 113702944, 38734, 113702944, 120604]] [2218558571.2, [21689.199999999997, 1388550, 44335152, 19654, 40788528, 39878]] [308350852978.8014, [3553845.675000043, 191813655, 6138012243, 5340891, 6138012243, 7110363]] [13927568777.23077, [137297.84615384653, 8721526, 278762688, 474718, 234255552, 325088]]
Model_cost: [32346877607.32, [963.0554166666667, 20907556, 668963704, 845252, 49400505, 1533730]] [4268108868.0, [3786.0, 2666607, 85328676, 86895, 77870628, 2433543]] [313983720.0, [12.5, 195230, 6247200, 13150, 6247200, 195210]] [5311049303.0, [1270.65625, 3327942, 106002464, 38734, 103509152, 485984056]] [1687436420.8, [182.8, 1087878, 34713648, 19654, 7777200, 242322]] [308007967198.8, [629.5500000000001, 191813655, 6138012243, 5340891, 6137123727, 191785179]] [1635289357.8461537, [73.89423076923077, 1027510, 32839552, 60318, 25506688, 796752]]
Arch_Param: [32, 16384, 32768, 8, 1024, 64]
SK_cost: [37470148800.479996, [372370.79666666663, 11844705, 757568376, 845249, 484822200, 500449]] [4282223652.0, [50991.0, 1333359, 85328676, 86895, 85328676, 105327]] [313930320.0, [3263.333333333285, 104020, 6247200, 13140, 6247200, 13130]] [5700108832.0, [55755.33333333302, 1783016, 113702944, 38704, 113702944, 120604]] [2215789675.2, [21689.199999999997, 696326, 44335152, 19654, 40788528, 39878]] [307967227522.8014, [3553845.675000043, 95907291, 6138012243, 5340891, 6138012243, 7110363]] [13910172125.23077, [137297.84615384653, 4373307, 278762688, 474659, 234255552, 325088]]
Model_cost: [32327799903.32, [977.7637500000001, 10460257, 668963704, 1200097, 49400505, 88546]] [4262775876.0, [3786.0, 1333359, 85328676, 86895, 77870628, 1216827]] [313618255.0, [12.65625, 104020, 6247200, 13140, 6247200, 27210]] [5304458094.0, [1270.8125, 1680616, 106002464, 38704, 103509152, 485814438]] [1685289412.8, [184.8, 546566, 34713648, 20230, 7767792, 118994]] [307624341742.8, [629.5500000000001, 95907291, 6138012243, 5340891, 6137123727, 95892675]] [1633236932.8461537, [74.92548076923077, 515323, 32839552, 60259, 25506688, 396112]]
Arch_Param: [32, 16384, 32768, 8, 1024, 128]
SK_cost: [37470148800.479996, [372370.79666666663, 11844705, 757568376, 845249, 484822200, 500449]] [4282223652.0, [50991.0, 1333359, 85328676, 86895, 85328676, 105327]] [313930320.0, [3263.333333333285, 104020, 6247200, 13140, 6247200, 13130]] [5700108832.0, [55755.33333333302, 1783016, 113702944, 38704, 113702944, 120604]] [2215789675.2, [21689.199999999997, 696326, 44335152, 19654, 40788528, 39878]] [307967227522.8014, [3553845.675000043, 95907291, 6138012243, 5340891, 6138012243, 7110363]] [13910172125.23077, [137297.84615384653, 4373307, 278762688, 474659, 234255552, 325088]]
Model_cost: [32327799903.32, [977.7637500000001, 10460257, 668963704, 1200097, 49400505, 88546]] [4262775876.0, [3786.0, 1333359, 85328676, 86895, 77870628, 1216827]] [313618255.0, [12.65625, 104020, 6247200, 13140, 6247200, 27210]] [5304458094.0, [1270.8125, 1680616, 106002464, 38704, 103509152, 485814438]] [1685289412.8, [184.8, 546566, 34713648, 20230, 7767792, 118994]] [307624341742.8, [629.5500000000001, 95907291, 6138012243, 5340891, 6137123727, 95892675]] [1633236932.8461537, [74.92548076923077, 515323, 32839552, 60259, 25506688, 396112]]
Arch_Param: [32, 16384, 32768, 8, 1024, 256]
SK_cost: [37470148800.479996, [372370.79666666663, 11844705, 757568376, 845249, 484822200, 500449]] [4282223652.0, [50991.0, 1333359, 85328676, 86895, 85328676, 105327]] [313930320.0, [3263.333333333285, 104020, 6247200, 13140, 6247200, 13130]] [5700108832.0, [55755.33333333302, 1783016, 113702944, 38704, 113702944, 120604]] [2215789675.2, [21689.199999999997, 696326, 44335152, 19654, 40788528, 39878]] [307967227522.8014, [3553845.675000043, 95907291, 6138012243, 5340891, 6138012243, 7110363]] [13910172125.23077, [137297.84615384653, 4373307, 278762688, 474659, 234255552, 325088]]
Model_cost: [32305088219.32, [963.0554166666667, 10460257, 668963704, 845249, 49400505, 767778]] [4262775876.0, [3786.0, 1333359, 85328676, 86895, 77870628, 1216827]] [313618255.0, [12.65625, 104020, 6247200, 13140, 6247200, 27210]] [5304458094.0, [1270.8125, 1680616, 106002464, 38704, 103509152, 485814438]] [1685289412.8, [184.8, 546566, 34713648, 20230, 7767792, 120914]] [307624341742.8, [629.5500000000001, 95907291, 6138012243, 5340891, 6137123727, 95892675]] [1633236833.8461537, [73.89423076923077, 515323, 32839552, 60259, 25506688, 398416]]
Arch_Param: [32, 16384, 32768, 8, 1024, 512]
SK_cost: [37470148800.479996, [372370.79666666663, 11844705, 757568376, 845249, 484822200, 500449]] [4282223652.0, [50991.0, 1333359, 85328676, 86895, 85328676, 105327]] [313930320.0, [3263.333333333285, 104020, 6247200, 13140, 6247200, 13130]] [5700108832.0, [55755.33333333302, 1783016, 113702944, 38704, 113702944, 120604]] [2215789675.2, [21689.199999999997, 696326, 44335152, 19654, 40788528, 39878]] [307967227522.8014, [3553845.675000043, 95907291, 6138012243, 5340891, 6138012243, 7110363]] [13910172125.23077, [137297.84615384653, 4373307, 278762688, 474659, 234255552, 325088]]
Model_cost: [32305088219.32, [963.0554166666667, 10460257, 668963704, 845249, 49400505, 767778]] [4262775876.0, [3786.0, 1333359, 85328676, 86895, 77870628, 1216827]] [313618255.0, [12.65625, 104020, 6247200, 13140, 6247200, 27210]] [5304458094.0, [1270.8125, 1680616, 106002464, 38704, 103509152, 485814438]] [1685268868.8, [182.8, 545990, 34713648, 19654, 7777200, 121196]] [307624341742.8, [629.5500000000001, 95907291, 6138012243, 5340891, 6137123727, 95892675]] [1633236833.8461537, [73.89423076923077, 515323, 32839552, 60259, 25506688, 398416]]
Arch_Param: [32, 16384, 32768, 16, 256, 64]
SK_cost: [20218999606.239998, [199904.02333333332, 25429697, 406836408, 451617, 270519480, 291169]] [4298222628.0, [50991.0, 5333103, 85328676, 86895, 85328676, 105327]] [315077960.0, [3263.333333333285, 390450, 6247200, 13170, 6247200, 13130]] [5721408264.0, [55755.33333333302, 7106434, 113702944, 38794, 113702944, 120604]] [1112206033.6, [10847.599999999999, 1386502, 22167600, 9830, 20472368, 20038]] [309118103890.8014, [3553845.675000043, 383626383, 6138012243, 5340891, 6138012243, 7110363]] [11895176811.076923, [116288.61538461514, 14813420, 236848320, 329428, 217478336, 308704]]
Model_cost: [17467836155.16, [564.7204166666667, 22447809, 359126200, 642689, 49400505, 100834]] [4278774852.0, [3786.0, 5333103, 85328676, 86895, 77870628, 4866975]] [314765880.0, [12.5, 390450, 6247200, 13170, 6247200, 390410]] [5324282951.0, [1270.65625, 6635394, 106002464, 38794, 103509152, 486182492]] [853664510.4, [97.4, 1085830, 17356848, 10118, 7767792, 475346]] [308775218110.8, [629.5500000000001, 383626383, 6138012243, 5340891, 6137123727, 383570187]] [1429710573.6153846, [56.64182692307692, 1783660, 28517760, 42260, 25506688, 1579600]]
Arch_Param: [32, 16384, 32768, 16, 256, 128]
SK_cost: [20218999606.239998, [199904.02333333332, 25429697, 406836408, 451617, 270519480, 291169]] [4298222628.0, [50991.0, 5333103, 85328676, 86895, 85328676, 105327]] [315077960.0, [3263.333333333285, 390450, 6247200, 13170, 6247200, 13130]] [5721408264.0, [55755.33333333302, 7106434, 113702944, 38794, 113702944, 120604]] [1112206033.6, [10847.599999999999, 1386502, 22167600, 9830, 20472368, 20038]] [309118103890.8014, [3553845.675000043, 383626383, 6138012243, 5340891, 6138012243, 7110363]] [11895176811.076923, [116288.61538461514, 14813420, 236848320, 329428, 217478336, 308704]]
Model_cost: [17455604335.16, [531.2620833333333, 22447809, 359126200, 451617, 49400505, 3065634]] [4278774852.0, [3786.0, 5333103, 85328676, 86895, 77870628, 4866975]] [314765880.0, [12.5, 390450, 6247200, 13170, 6247200, 390410]] [5324282951.0, [1270.65625, 6635394, 106002464, 38794, 103509152, 486182492]] [853664510.4, [97.4, 1085830, 17356848, 10118, 7767792, 483410]] [308775218110.8, [629.5500000000001, 383626383, 6138012243, 5340891, 6137123727, 383570187]] [1429710564.6153846, [56.54807692307692, 1783660, 28517760, 42260, 25506688, 1593424]]
Arch_Param: [32, 16384, 32768, 16, 256, 256]
SK_cost: [20218999606.239998, [199904.02333333332, 25429697, 406836408, 451617, 270519480, 291169]] [4298222628.0, [50991.0, 5333103, 85328676, 86895, 85328676, 105327]] [315077960.0, [3263.333333333285, 390450, 6247200, 13170, 6247200, 13130]] [5721408264.0, [55755.33333333302, 7106434, 113702944, 38794, 113702944, 120604]] [1112206033.6, [10847.599999999999, 1386502, 22167600, 9830, 20472368, 20038]] [309118103890.8014, [3553845.675000043, 383626383, 6138012243, 5340891, 6138012243, 7110363]] [11895176811.076923, [116288.61538461514, 14813420, 236848320, 329428, 217478336, 308704]]
Model_cost: [17455604335.16, [531.2620833333333, 22447809, 359126200, 451617, 49400505, 3065634]] [4278774852.0, [3786.0, 5333103, 85328676, 86895, 77870628, 4866975]] [314765880.0, [12.5, 390450, 6247200, 13170, 6247200, 390410]] [5324282951.0, [1270.65625, 6635394, 106002464, 38794, 103509152, 486182492]] [853664510.4, [97.4, 1085830, 17356848, 10118, 7767792, 483410]] [308775218110.8, [629.5500000000001, 383626383, 6138012243, 5340891, 6137123727, 383570187]] [1429710564.6153846, [56.54807692307692, 1783660, 28517760, 42260, 25506688, 1593424]]
Arch_Param: [32, 16384, 32768, 16, 512, 64]
SK_cost: [20168139394.239998, [199904.02333333332, 12715108, 406836408, 451588, 270519480, 291169]] [4287556644.0, [50991.0, 2666607, 85328676, 86895, 85328676, 105327]] [314295800.0, [3263.333333333285, 195230, 6247200, 13150, 6247200, 13130]] [5707191576.0, [55755.33333333302, 3553222, 113702944, 38734, 113702944, 120604]] [1109437137.6, [10847.599999999999, 694278, 22167600, 9830, 20472368, 20038]] [308350852978.8014, [3553845.675000043, 191813655, 6138012243, 5340891, 6138012243, 7110363]] [11865542419.076923, [116288.61538461514, 7406710, 236848320, 329310, 217478336, 308704]]
Model_cost: [17422939719.16, [564.7204166666667, 11224164, 359126200, 642660, 49400505, 92642]] [4268108868.0, [3786.0, 2666607, 85328676, 86895, 77870628, 2433543]] [313983720.0, [12.5, 195230, 6247200, 13150, 6247200, 195210]] [5311049303.0, [1270.65625, 3327942, 106002464, 38734, 103509152, 485984056]] [851497726.4, [97.4, 544134, 17356848, 10118, 7767792, 237778]] [308007967198.8, [629.5500000000001, 191813655, 6138012243, 5340891, 6137123727, 191785179]] [1426135701.6153846, [56.64182692307692, 891830, 28517760, 42142, 25506688, 790608]]
Arch_Param: [32, 16384, 32768, 16, 512, 128]
SK_cost: [20168139394.239998, [199904.02333333332, 12715108, 406836408, 451588, 270519480, 291169]] [4287556644.0, [50991.0, 2666607, 85328676, 86895, 85328676, 105327]] [314295800.0, [3263.333333333285, 195230, 6247200, 13150, 6247200, 13130]] [5707191576.0, [55755.33333333302, 3553222, 113702944, 38734, 113702944, 120604]] [1109437137.6, [10847.599999999999, 694278, 22167600, 9830, 20472368, 20038]] [308350852978.8014, [3553845.675000043, 191813655, 6138012243, 5340891, 6138012243, 7110363]] [11865542419.076923, [116288.61538461514, 7406710, 236848320, 329310, 217478336, 308704]]
Model_cost: [17410707899.16, [531.2620833333333, 11224164, 359126200, 451588, 49400505, 1533730]] [4268108868.0, [3786.0, 2666607, 85328676, 86895, 77870628, 2433543]] [313983720.0, [12.5, 195230, 6247200, 13150, 6247200, 195210]] [5311049303.0, [1270.65625, 3327942, 106002464, 38734, 103509152, 485984056]] [851497726.4, [97.4, 544134, 17356848, 10118, 7767792, 241746]] [308007967198.8, [629.5500000000001, 191813655, 6138012243, 5340891, 6137123727, 191785179]] [1426135692.6153846, [56.54807692307692, 891830, 28517760, 42142, 25506688, 796752]]
Arch_Param: [32, 16384, 32768, 16, 512, 256]
SK_cost: [20168139394.239998, [199904.02333333332, 12715108, 406836408, 451588, 270519480, 291169]] [4287556644.0, [50991.0, 2666607, 85328676, 86895, 85328676, 105327]] [314295800.0, [3263.333333333285, 195230, 6247200, 13150, 6247200, 13130]] [5707191576.0, [55755.33333333302, 3553222, 113702944, 38734, 113702944, 120604]] [1109437137.6, [10847.599999999999, 694278, 22167600, 9830, 20472368, 20038]] [308350852978.8014, [3553845.675000043, 191813655, 6138012243, 5340891, 6138012243, 7110363]] [11865542419.076923, [116288.61538461514, 7406710, 236848320, 329310, 217478336, 308704]]
Model_cost: [17410707899.16, [531.2620833333333, 11224164, 359126200, 451588, 49400505, 1533730]] [4268108868.0, [3786.0, 2666607, 85328676, 86895, 77870628, 2433543]] [313983720.0, [12.5, 195230, 6247200, 13150, 6247200, 195210]] [5311049303.0, [1270.65625, 3327942, 106002464, 38734, 103509152, 485984056]] [851497054.4, [94.4, 543942, 17356848, 9830, 7777200, 242322]] [308007967198.8, [629.5500000000001, 191813655, 6138012243, 5340891, 6137123727, 191785179]] [1426135692.6153846, [56.54807692307692, 891830, 28517760, 42142, 25506688, 796752]]
Arch_Param: [32, 16384, 32768, 16, 512, 512]
SK_cost: [20168139394.239998, [199904.02333333332, 12715108, 406836408, 451588, 270519480, 291169]] [4287556644.0, [50991.0, 2666607, 85328676, 86895, 85328676, 105327]] [314295800.0, [3263.333333333285, 195230, 6247200, 13150, 6247200, 13130]] [5707191576.0, [55755.33333333302, 3553222, 113702944, 38734, 113702944, 120604]] [1109437137.6, [10847.599999999999, 694278, 22167600, 9830, 20472368, 20038]] [308350852978.8014, [3553845.675000043, 191813655, 6138012243, 5340891, 6138012243, 7110363]] [11865542419.076923, [116288.61538461514, 7406710, 236848320, 329310, 217478336, 308704]]
Model_cost: [17410707620.16, [528.3558333333333, 11224164, 359126200, 451588, 49400505, 1540514]] [4268108868.0, [3786.0, 2666607, 85328676, 86895, 77870628, 2433543]] [313983720.0, [12.5, 195230, 6247200, 13150, 6247200, 195210]] [5311049303.0, [1270.65625, 3327942, 106002464, 38734, 103509152, 485984056]] [851478238.4, [94.4, 543942, 17356848, 9830, 7767792, 242028]] [308007967198.8, [629.5500000000001, 191813655, 6138012243, 5340891, 6137123727, 191785179]] [1426135692.6153846, [56.54807692307692, 891830, 28517760, 42142, 25506688, 796752]]
Arch_Param: [32, 16384, 32768, 16, 1024, 64]
SK_cost: [20142722486.239998, [199904.02333333332, 6360929, 406836408, 451585, 270519480, 291169]] [4282223652.0, [50991.0, 1333359, 85328676, 86895, 85328676, 105327]] [313930320.0, [3263.333333333285, 104020, 6247200, 13140, 6247200, 13130]] [5700108832.0, [55755.33333333302, 1783016, 113702944, 38704, 113702944, 120604]] [1108052689.6, [10847.599999999999, 348166, 22167600, 9830, 20472368, 20038]] [307967227522.8014, [3553845.675000043, 95907291, 6138012243, 5340891, 6138012243, 7110363]] [11850750823.076923, [116288.61538461514, 3709755, 236848320, 329251, 217478336, 308704]]
Model_cost: [17400504699.16, [564.7204166666667, 5615457, 359126200, 642657, 49400505, 88546]] [4262775876.0, [3786.0, 1333359, 85328676, 86895, 77870628, 1216827]] [313618255.0, [12.65625, 104020, 6247200, 13140, 6247200, 27210]] [5304458094.0, [1270.8125, 1680616, 106002464, 38704, 103509152, 485814438]] [850414334.4, [97.4, 273286, 17356848, 10118, 7767792, 118994]] [307624341742.8, [629.5500000000001, 95907291, 6138012243, 5340891, 6137123727, 95892675]] [1424351465.6153846, [56.64182692307692, 446715, 28517760, 42083, 25506688, 396112]]
Arch_Param: [32, 16384, 32768, 16, 1024, 128]
SK_cost: [20142722486.239998, [199904.02333333332, 6360929, 406836408, 451585, 270519480, 291169]] [4282223652.0, [50991.0, 1333359, 85328676, 86895, 85328676, 105327]] [313930320.0, [3263.333333333285, 104020, 6247200, 13140, 6247200, 13130]] [5700108832.0, [55755.33333333302, 1783016, 113702944, 38704, 113702944, 120604]] [1108052689.6, [10847.599999999999, 348166, 22167600, 9830, 20472368, 20038]] [307967227522.8014, [3553845.675000043, 95907291, 6138012243, 5340891, 6138012243, 7110363]] [11850750823.076923, [116288.61538461514, 3709755, 236848320, 329251, 217478336, 308704]]
Model_cost: [17388272879.16, [531.2620833333333, 5615457, 359126200, 451585, 49400505, 767778]] [4262775876.0, [3786.0, 1333359, 85328676, 86895, 77870628, 1216827]] [313618255.0, [12.65625, 104020, 6247200, 13140, 6247200, 27210]] [5304458094.0, [1270.8125, 1680616, 106002464, 38704, 103509152, 485814438]] [850414334.4, [97.4, 273286, 17356848, 10118, 7767792, 120914]] [307624341742.8, [629.5500000000001, 95907291, 6138012243, 5340891, 6137123727, 95892675]] [1424351456.6153846, [56.54807692307692, 446715, 28517760, 42083, 25506688, 398416]]
Arch_Param: [32, 16384, 32768, 16, 1024, 256]
SK_cost: [20142722486.239998, [199904.02333333332, 6360929, 406836408, 451585, 270519480, 291169]] [4282223652.0, [50991.0, 1333359, 85328676, 86895, 85328676, 105327]] [313930320.0, [3263.333333333285, 104020, 6247200, 13140, 6247200, 13130]] [5700108832.0, [55755.33333333302, 1783016, 113702944, 38704, 113702944, 120604]] [1108052689.6, [10847.599999999999, 348166, 22167600, 9830, 20472368, 20038]] [307967227522.8014, [3553845.675000043, 95907291, 6138012243, 5340891, 6138012243, 7110363]] [11850750823.076923, [116288.61538461514, 3709755, 236848320, 329251, 217478336, 308704]]
Model_cost: [17388272879.16, [531.2620833333333, 5615457, 359126200, 451585, 49400505, 767778]] [4262775876.0, [3786.0, 1333359, 85328676, 86895, 77870628, 1216827]] [313618255.0, [12.65625, 104020, 6247200, 13140, 6247200, 27210]] [5304458094.0, [1270.8125, 1680616, 106002464, 38704, 103509152, 485814438]] [850413278.4, [94.4, 272998, 17356848, 9830, 7777200, 121196]] [307624341742.8, [629.5500000000001, 95907291, 6138012243, 5340891, 6137123727, 95892675]] [1424351456.6153846, [56.54807692307692, 446715, 28517760, 42083, 25506688, 398416]]
Arch_Param: [32, 16384, 32768, 16, 1024, 512]
SK_cost: [20142722486.239998, [199904.02333333332, 6360929, 406836408, 451585, 270519480, 291169]] [4282223652.0, [50991.0, 1333359, 85328676, 86895, 85328676, 105327]] [313930320.0, [3263.333333333285, 104020, 6247200, 13140, 6247200, 13130]] [5700108832.0, [55755.33333333302, 1783016, 113702944, 38704, 113702944, 120604]] [1108052689.6, [10847.599999999999, 348166, 22167600, 9830, 20472368, 20038]] [307967227522.8014, [3553845.675000043, 95907291, 6138012243, 5340891, 6138012243, 7110363]] [11850750823.076923, [116288.61538461514, 3709755, 236848320, 329251, 217478336, 308704]]
Model_cost: [17388272600.16, [528.3558333333333, 5615457, 359126200, 451585, 49400505, 770402]] [4262775876.0, [3786.0, 1333359, 85328676, 86895, 77870628, 1216827]] [313618255.0, [12.65625, 104020, 6247200, 13140, 6247200, 27210]] [5304458094.0, [1270.8125, 1680616, 106002464, 38704, 103509152, 485814438]] [850394462.4, [94.4, 272998, 17356848, 9830, 7767792, 121049]] [307624341742.8, [629.5500000000001, 95907291, 6138012243, 5340891, 6137123727, 95892675]] [1424351456.6153846, [56.54807692307692, 446715, 28517760, 42083, 25506688, 398416]]
Arch_Param: [32, 16384, 32768, 32, 256, 64]
SK_cost: [11525129690.08, [113703.06333333332, 14471873, 231526584, 254913, 163368120, 186529]] [4298222628.0, [50991.0, 5333103, 85328676, 86895, 85328676, 105327]] [315077960.0, [3263.333333333285, 390450, 6247200, 13170, 6247200, 13130]] [5721408264.0, [55755.33333333302, 7106434, 113702944, 38794, 113702944, 120604]] [556260868.8, [5426.799999999999, 693254, 11083824, 4918, 10314288, 10118]] [309118103890.8014, [3553845.675000043, 383626383, 6138012243, 5340891, 6138012243, 7110363]] [10861534000.0, [105784.00000000015, 13498604, 215891136, 256724, 209089728, 300512]]
Model_cost: [9970870265.720001, [311.3720833333333, 12767937, 204263608, 254913, 49400505, 3065634]] [4278774852.0, [3786.0, 5333103, 85328676, 86895, 77870628, 4866975]] [314765880.0, [12.5, 390450, 6247200, 13170, 6247200, 390410]] [5324282951.0, [1270.65625, 6635394, 106002464, 38794, 103509152, 486182492]] [434601883.2, [53.7, 542918, 8678448, 5062, 7767792, 483410]] [308775218110.8, [629.5500000000001, 383626383, 6138012243, 5340891, 6137123727, 383570187]] [1324862372.0, [47.875, 1647980, 26356864, 33172, 25506688, 1593424]]
Arch_Param: [32, 16384, 32768, 32, 256, 128]
SK_cost: [11525129690.08, [113703.06333333332, 14471873, 231526584, 254913, 163368120, 186529]] [4298222628.0, [50991.0, 5333103, 85328676, 86895, 85328676, 105327]] [315077960.0, [3263.333333333285, 390450, 6247200, 13170, 6247200, 13130]] [5721408264.0, [55755.33333333302, 7106434, 113702944, 38794, 113702944, 120604]] [556260868.8, [5426.799999999999, 693254, 11083824, 4918, 10314288, 10118]] [309118103890.8014, [3553845.675000043, 383626383, 6138012243, 5340891, 6138012243, 7110363]] [10861534000.0, [105784.00000000015, 13498604, 215891136, 256724, 209089728, 300512]]
Model_cost: [9970870265.720001, [311.3720833333333, 12767937, 204263608, 254913, 49400505, 3065634]] [4278774852.0, [3786.0, 5333103, 85328676, 86895, 77870628, 4866975]] [314765880.0, [12.5, 390450, 6247200, 13170, 6247200, 390410]] [5324282951.0, [1270.65625, 6635394, 106002464, 38794, 103509152, 486182492]] [434601883.2, [53.7, 542918, 8678448, 5062, 7767792, 483410]] [308775218110.8, [629.5500000000001, 383626383, 6138012243, 5340891, 6137123727, 383570187]] [1324862372.0, [47.875, 1647980, 26356864, 33172, 25506688, 1593424]]
Arch_Param: [32, 16384, 32768, 32, 256, 256]
SK_cost: [11525129690.08, [113703.06333333332, 14471873, 231526584, 254913, 163368120, 186529]] [4298222628.0, [50991.0, 5333103, 85328676, 86895, 85328676, 105327]] [315077960.0, [3263.333333333285, 390450, 6247200, 13170, 6247200, 13130]] [5721408264.0, [55755.33333333302, 7106434, 113702944, 38794, 113702944, 120604]] [556260868.8, [5426.799999999999, 693254, 11083824, 4918, 10314288, 10118]] [309118103890.8014, [3553845.675000043, 383626383, 6138012243, 5340891, 6138012243, 7110363]] [10861534000.0, [105784.00000000015, 13498604, 215891136, 256724, 209089728, 300512]]
Model_cost: [9970870166.720001, [310.3408333333333, 12767937, 204263608, 254913, 49400505, 3080738]] [4278774852.0, [3786.0, 5333103, 85328676, 86895, 77870628, 4866975]] [314765880.0, [12.5, 390450, 6247200, 13170, 6247200, 390410]] [5324282951.0, [1270.65625, 6635394, 106002464, 38794, 103509152, 486182492]] [434592331.2, [50.2, 542918, 8678448, 4918, 7767792, 483986]] [308775218110.8, [629.5500000000001, 383626383, 6138012243, 5340891, 6137123727, 383570187]] [1324862372.0, [47.875, 1647980, 26356864, 33172, 25506688, 1593424]]
Arch_Param: [32, 16384, 32768, 32, 512, 64]
SK_cost: [11496185126.08, [113703.06333333332, 7236196, 231526584, 254884, 163368120, 186529]] [4287556644.0, [50991.0, 2666607, 85328676, 86895, 85328676, 105327]] [314295800.0, [3263.333333333285, 195230, 6247200, 13150, 6247200, 13130]] [5707191576.0, [55755.33333333302, 3553222, 113702944, 38734, 113702944, 120604]] [554876420.8, [5426.799999999999, 347142, 11083824, 4918, 10314288, 10118]] [308350852978.8014, [3553845.675000043, 191813655, 6138012243, 5340891, 6138012243, 7110363]] [10834529240.0, [105784.00000000015, 6749302, 215891136, 256606, 209089728, 300512]]
Model_cost: [9945333573.720001, [311.3720833333333, 6384228, 204263608, 254884, 49400505, 1533730]] [4268108868.0, [3786.0, 2666607, 85328676, 86895, 77870628, 2433543]] [313983720.0, [12.5, 195230, 6247200, 13150, 6247200, 195210]] [5311049303.0, [1270.65625, 3327942, 106002464, 38734, 103509152, 485984056]] [433518491.2, [53.7, 272070, 8678448, 5062, 7767792, 241746]] [308007967198.8, [629.5500000000001, 191813655, 6138012243, 5340891, 6137123727, 191785179]] [1321558860.0, [47.875, 823990, 26356864, 33054, 25506688, 796752]]
Arch_Param: [32, 16384, 32768, 32, 512, 128]
SK_cost: [11496185126.08, [113703.06333333332, 7236196, 231526584, 254884, 163368120, 186529]] [4287556644.0, [50991.0, 2666607, 85328676, 86895, 85328676, 105327]] [314295800.0, [3263.333333333285, 195230, 6247200, 13150, 6247200, 13130]] [5707191576.0, [55755.33333333302, 3553222, 113702944, 38734, 113702944, 120604]] [554876420.8, [5426.799999999999, 347142, 11083824, 4918, 10314288, 10118]] [308350852978.8014, [3553845.675000043, 191813655, 6138012243, 5340891, 6138012243, 7110363]] [10834529240.0, [105784.00000000015, 6749302, 215891136, 256606, 209089728, 300512]]
Model_cost: [9945333573.720001, [311.3720833333333, 6384228, 204263608, 254884, 49400505, 1533730]] [4268108868.0, [3786.0, 2666607, 85328676, 86895, 77870628, 2433543]] [313983720.0, [12.5, 195230, 6247200, 13150, 6247200, 195210]] [5311049303.0, [1270.65625, 3327942, 106002464, 38734, 103509152, 485984056]] [433518491.2, [53.7, 272070, 8678448, 5062, 7767792, 241746]] [308007967198.8, [629.5500000000001, 191813655, 6138012243, 5340891, 6137123727, 191785179]] [1321558860.0, [47.875, 823990, 26356864, 33054, 25506688, 796752]]
Arch_Param: [32, 16384, 32768, 32, 512, 256]
SK_cost: [11496185126.08, [113703.06333333332, 7236196, 231526584, 254884, 163368120, 186529]] [4287556644.0, [50991.0, 2666607, 85328676, 86895, 85328676, 105327]] [314295800.0, [3263.333333333285, 195230, 6247200, 13150, 6247200, 13130]] [5707191576.0, [55755.33333333302, 3553222, 113702944, 38734, 113702944, 120604]] [554876420.8, [5426.799999999999, 347142, 11083824, 4918, 10314288, 10118]] [308350852978.8014, [3553845.675000043, 191813655, 6138012243, 5340891, 6138012243, 7110363]] [10834529240.0, [105784.00000000015, 6749302, 215891136, 256606, 209089728, 300512]]
Model_cost: [9945333474.720001, [310.3408333333333, 6384228, 204263608, 254884, 49400505, 1540514]] [4268108868.0, [3786.0, 2666607, 85328676, 86895, 77870628, 2433543]] [313983720.0, [12.5, 195230, 6247200, 13150, 6247200, 195210]] [5311049303.0, [1270.65625, 3327942, 106002464, 38734, 103509152, 485984056]] [433508555.2, [50.2, 271974, 8678448, 4918, 7767792, 242028]] [308007967198.8, [629.5500000000001, 191813655, 6138012243, 5340891, 6137123727, 191785179]] [1321558860.0, [47.875, 823990, 26356864, 33054, 25506688, 796752]]
Arch_Param: [32, 16384, 32768, 32, 512, 512]
SK_cost: [11496185126.08, [113703.06333333332, 7236196, 231526584, 254884, 163368120, 186529]] [4287556644.0, [50991.0, 2666607, 85328676, 86895, 85328676, 105327]] [314295800.0, [3263.333333333285, 195230, 6247200, 13150, 6247200, 13130]] [5707191576.0, [55755.33333333302, 3553222, 113702944, 38734, 113702944, 120604]] [554876420.8, [5426.799999999999, 347142, 11083824, 4918, 10314288, 10118]] [308350852978.8014, [3553845.675000043, 191813655, 6138012243, 5340891, 6138012243, 7110363]] [10834529240.0, [105784.00000000015, 6749302, 215891136, 256606, 209089728, 300512]]
Model_cost: [9945333474.720001, [310.3408333333333, 6384228, 204263608, 254884, 49400505, 1540514]] [4268108868.0, [3786.0, 2666607, 85328676, 86895, 77870628, 2433543]] [313983720.0, [12.5, 195230, 6247200, 13150, 6247200, 195210]] [5311049303.0, [1270.65625, 3327942, 106002464, 38734, 103509152, 485984056]] [433508555.2, [50.2, 271974, 8678448, 4918, 7767792, 242028]] [308007967198.8, [629.5500000000001, 191813655, 6138012243, 5340891, 6137123727, 191785179]] [1321558860.0, [47.875, 823990, 26356864, 33054, 25506688, 796752]]
Arch_Param: [32, 16384, 32768, 32, 1024, 64]
SK_cost: [11481719898.08, [113703.06333333332, 3619937, 231526584, 254881, 163368120, 186529]] [4282223652.0, [50991.0, 1333359, 85328676, 86895, 85328676, 105327]] [313930320.0, [3263.333333333285, 104020, 6247200, 13140, 6247200, 13130]] [5700108832.0, [55755.33333333302, 1783016, 113702944, 38704, 113702944, 120604]] [554184196.8, [5426.799999999999, 174086, 11083824, 4918, 10314288, 10118]] [307967227522.8014, [3553845.675000043, 95907291, 6138012243, 5340891, 6138012243, 7110363]] [10821040172.0, [105784.00000000015, 3377979, 215891136, 256547, 209089728, 300512]]
Model_cost: [9932572281.720001, [311.3720833333333, 3193953, 204263608, 254881, 49400505, 767778]] [4262775876.0, [3786.0, 1333359, 85328676, 86895, 77870628, 1216827]] [313618255.0, [12.65625, 104020, 6247200, 13140, 6247200, 27210]] [5304458094.0, [1270.8125, 1680616, 106002464, 38704, 103509152, 485814438]] [432976795.2, [53.7, 136646, 8678448, 5062, 7767792, 120914]] [307624341742.8, [629.5500000000001, 95907291, 6138012243, 5340891, 6137123727, 95892675]] [1319908768.0, [47.875, 412411, 26356864, 32995, 25506688, 398416]]
Arch_Param: [32, 16384, 32768, 32, 1024, 128]
SK_cost: [11481719898.08, [113703.06333333332, 3619937, 231526584, 254881, 163368120, 186529]] [4282223652.0, [50991.0, 1333359, 85328676, 86895, 85328676, 105327]] [313930320.0, [3263.333333333285, 104020, 6247200, 13140, 6247200, 13130]] [5700108832.0, [55755.33333333302, 1783016, 113702944, 38704, 113702944, 120604]] [554184196.8, [5426.799999999999, 174086, 11083824, 4918, 10314288, 10118]] [307967227522.8014, [3553845.675000043, 95907291, 6138012243, 5340891, 6138012243, 7110363]] [10821040172.0, [105784.00000000015, 3377979, 215891136, 256547, 209089728, 300512]]
Model_cost: [9932572281.720001, [311.3720833333333, 3193953, 204263608, 254881, 49400505, 767778]] [4262775876.0, [3786.0, 1333359, 85328676, 86895, 77870628, 1216827]] [313618255.0, [12.65625, 104020, 6247200, 13140, 6247200, 27210]] [5304458094.0, [1270.8125, 1680616, 106002464, 38704, 103509152, 485814438]] [432976795.2, [53.7, 136646, 8678448, 5062, 7767792, 120914]] [307624341742.8, [629.5500000000001, 95907291, 6138012243, 5340891, 6137123727, 95892675]] [1319908768.0, [47.875, 412411, 26356864, 32995, 25506688, 398416]]
Arch_Param: [32, 16384, 32768, 32, 1024, 256]
SK_cost: [11481719898.08, [113703.06333333332, 3619937, 231526584, 254881, 163368120, 186529]] [4282223652.0, [50991.0, 1333359, 85328676, 86895, 85328676, 105327]] [313930320.0, [3263.333333333285, 104020, 6247200, 13140, 6247200, 13130]] [5700108832.0, [55755.33333333302, 1783016, 113702944, 38704, 113702944, 120604]] [554184196.8, [5426.799999999999, 174086, 11083824, 4918, 10314288, 10118]] [307967227522.8014, [3553845.675000043, 95907291, 6138012243, 5340891, 6138012243, 7110363]] [10821040172.0, [105784.00000000015, 3377979, 215891136, 256547, 209089728, 300512]]
Model_cost: [9932572182.720001, [310.3408333333333, 3193953, 204263608, 254881, 49400505, 770402]] [4262775876.0, [3786.0, 1333359, 85328676, 86895, 77870628, 1216827]] [313618255.0, [12.65625, 104020, 6247200, 13140, 6247200, 27210]] [5304458094.0, [1270.8125, 1680616, 106002464, 38704, 103509152, 485814438]] [432966667.2, [50.2, 136502, 8678448, 4918, 7767792, 121049]] [307624341742.8, [629.5500000000001, 95907291, 6138012243, 5340891, 6137123727, 95892675]] [1319908768.0, [47.875, 412411, 26356864, 32995, 25506688, 398416]]
Arch_Param: [32, 16384, 32768, 32, 1024, 512]
SK_cost: [11481719898.08, [113703.06333333332, 3619937, 231526584, 254881, 163368120, 186529]] [4282223652.0, [50991.0, 1333359, 85328676, 86895, 85328676, 105327]] [313930320.0, [3263.333333333285, 104020, 6247200, 13140, 6247200, 13130]] [5700108832.0, [55755.33333333302, 1783016, 113702944, 38704, 113702944, 120604]] [554184196.8, [5426.799999999999, 174086, 11083824, 4918, 10314288, 10118]] [307967227522.8014, [3553845.675000043, 95907291, 6138012243, 5340891, 6138012243, 7110363]] [10821040172.0, [105784.00000000015, 3377979, 215891136, 256547, 209089728, 300512]]
Model_cost: [9932572182.720001, [310.3408333333333, 3193953, 204263608, 254881, 49400505, 770402]] [4262775876.0, [3786.0, 1333359, 85328676, 86895, 77870628, 1216827]] [313618255.0, [12.65625, 104020, 6247200, 13140, 6247200, 27210]] [5304458094.0, [1270.8125, 1680616, 106002464, 38704, 103509152, 485814438]] [432966667.2, [50.2, 136502, 8678448, 4918, 7767792, 121049]] [307624341742.8, [629.5500000000001, 95907291, 6138012243, 5340891, 6137123727, 95892675]] [1319908768.0, [47.875, 412411, 26356864, 32995, 25506688, 398416]]
Arch_Param: [32, 16384, 16384, 4, 256, 64]
SK_cost: [72483361648.97298, [1465968.6351351351, 91214401, 1459298552, 1634145, 913427640, 919009]] [8149140516.0, [194415.0, 10223727, 163578660, 164463, 113640228, 132975]] [315390280.0, [6516.66666666657, 390450, 6247200, 13170, 6247200, 13130]] [5726775240.0, [111661.33333333023, 7106434, 113702944, 38794, 113702944, 120604]] [4452118840.0, [87558.0, 5545990, 88670256, 39302, 81420848, 79558]] [612049648021.2079, [14214137.700000172, 767215743, 12275433555, 10680855, 8855921235, 9764571]] [20842739248.0, [425898.6666666666, 26148076, 417716928, 820436, 297170112, 386528]]
Model_cost: [62437108760.7027, [3666.3614864864867, 80564801, 1288904952, 2316545, 49400505, 100834]] [8059695780.0, [7899.0, 10223727, 163578660, 164463, 77870628, 4866975]] [314766120.0, [15.0, 390450, 6247200, 13170, 6247200, 390410]] [5324402054.0, [2511.3125, 6635394, 106002464, 38794, 103509152, 486182492]] [3371350808.0, [711.0, 4343302, 69427248, 91654, 7767792, 9938]] [605247636445.1998, [1465.2000000000003, 767215743, 12275433555, 10680855, 6137123727, 383570187]] [2357170622.0, [218.8125, 2983404, 47652928, 107220, 25506688, 1501904]]
Arch_Param: [32, 16384, 16384, 4, 256, 128]
SK_cost: [72483361648.97298, [1465968.6351351351, 91214401, 1459298552, 1634145, 913427640, 919009]] [8149140516.0, [194415.0, 10223727, 163578660, 164463, 113640228, 132975]] [315390280.0, [6516.66666666657, 390450, 6247200, 13170, 6247200, 13130]] [5726775240.0, [111661.33333333023, 7106434, 113702944, 38794, 113702944, 120604]] [4452118840.0, [87558.0, 5545990, 88670256, 39302, 81420848, 79558]] [612049648021.2079, [14214137.700000172, 767215743, 12275433555, 10680855, 8855921235, 9764571]] [20842739248.0, [425898.6666666666, 26148076, 417716928, 820436, 297170112, 386528]]
Model_cost: [62437108760.7027, [3666.3614864864867, 80564801, 1288904952, 2316545, 49400505, 100834]] [8059695780.0, [7899.0, 10223727, 163578660, 164463, 77870628, 4866975]] [314766120.0, [15.0, 390450, 6247200, 13170, 6247200, 390410]] [5324402054.0, [2511.3125, 6635394, 106002464, 38794, 103509152, 486182492]] [3368074008.0, [711.0, 4343302, 69427248, 40454, 7767792, 475346]] [605247636445.1998, [1465.2000000000003, 767215743, 12275433555, 10680855, 6137123727, 383570187]] [2356941198.0, [218.3125, 2983404, 47652928, 103636, 25506688, 1579600]]
Arch_Param: [32, 16384, 16384, 4, 256, 256]
SK_cost: [72483361648.97298, [1465968.6351351351, 91214401, 1459298552, 1634145, 913427640, 919009]] [8149140516.0, [194415.0, 10223727, 163578660, 164463, 113640228, 132975]] [315390280.0, [6516.66666666657, 390450, 6247200, 13170, 6247200, 13130]] [5726775240.0, [111661.33333333023, 7106434, 113702944, 38794, 113702944, 120604]] [4452118840.0, [87558.0, 5545990, 88670256, 39302, 81420848, 79558]] [612049648021.2079, [14214137.700000172, 767215743, 12275433555, 10680855, 8855921235, 9764571]] [20842739248.0, [425898.6666666666, 26148076, 417716928, 820436, 297170112, 386528]]
Model_cost: [62437108760.7027, [3666.3614864864867, 80564801, 1288904952, 2316545, 49400505, 100834]] [8059695780.0, [7899.0, 10223727, 163578660, 164463, 77870628, 4866975]] [314766120.0, [15.0, 390450, 6247200, 13170, 6247200, 390410]] [5324402054.0, [2511.3125, 6635394, 106002464, 38794, 103509152, 486182492]] [3368074008.0, [711.0, 4343302, 69427248, 40454, 7767792, 475346]] [605247636445.1998, [1465.2000000000003, 767215743, 12275433555, 10680855, 6137123727, 383570187]] [2356941198.0, [218.3125, 2983404, 47652928, 103636, 25506688, 1579600]]
Arch_Param: [32, 16384, 16384, 4, 512, 64]
SK_cost: [72300932028.97298, [1465968.6351351351, 45607460, 1459298552, 1634116, 913427640, 919009]] [8128693284.0, [194415.0, 5111919, 163578660, 164463, 113640228, 132975]] [314608120.0, [6516.66666666657, 195230, 6247200, 13150, 6247200, 13130]] [5712558552.0, [111661.33333333023, 3553222, 113702944, 38734, 113702944, 120604]] [4441043256.0, [87558.0, 2777094, 88670256, 39302, 81420848, 79558]] [610515219925.2079, [14214137.700000172, 383608719, 12275433555, 10680855, 8855921235, 9764571]] [20790435544.0, [425898.6666666666, 13074038, 417716928, 820318, 297170112, 386528]]
Model_cost: [62275978340.7027, [3666.3614864864867, 40282660, 1288904952, 2316516, 49400505, 92642]] [8039248548.0, [7899.0, 5111919, 163578660, 164463, 77870628, 2433543]] [313983960.0, [15.0, 195230, 6247200, 13150, 6247200, 195210]] [5311168406.0, [2511.3125, 3327942, 106002464, 38734, 103509152, 485984056]] [3362683672.0, [711.0, 2176518, 69427248, 91654, 7767792, 9938]] [603713208349.1998, [1465.2000000000003, 383608719, 12275433555, 10680855, 6137123727, 191785179]] [2351196262.0, [218.8125, 1491702, 47652928, 107102, 25506688, 753872]]
Arch_Param: [32, 16384, 16384, 4, 512, 128]
SK_cost: [72300932028.97298, [1465968.6351351351, 45607460, 1459298552, 1634116, 913427640, 919009]] [8128693284.0, [194415.0, 5111919, 163578660, 164463, 113640228, 132975]] [314608120.0, [6516.66666666657, 195230, 6247200, 13150, 6247200, 13130]] [5712558552.0, [111661.33333333023, 3553222, 113702944, 38734, 113702944, 120604]] [4441043256.0, [87558.0, 2777094, 88670256, 39302, 81420848, 79558]] [610515219925.2079, [14214137.700000172, 383608719, 12275433555, 10680855, 8855921235, 9764571]] [20790435544.0, [425898.6666666666, 13074038, 417716928, 820318, 297170112, 386528]]
Model_cost: [62275978340.7027, [3666.3614864864867, 40282660, 1288904952, 2316516, 49400505, 92642]] [8039248548.0, [7899.0, 5111919, 163578660, 164463, 77870628, 2433543]] [313983960.0, [15.0, 195230, 6247200, 13150, 6247200, 195210]] [5311168406.0, [2511.3125, 3327942, 106002464, 38734, 103509152, 485984056]] [3359406872.0, [711.0, 2176518, 69427248, 40454, 7767792, 237778]] [603713208349.1998, [1465.2000000000003, 383608719, 12275433555, 10680855, 6137123727, 191785179]] [2350966838.0, [218.3125, 1491702, 47652928, 103518, 25506688, 790608]]
Arch_Param: [32, 16384, 16384, 4, 512, 256]
SK_cost: [72300932028.97298, [1465968.6351351351, 45607460, 1459298552, 1634116, 913427640, 919009]] [8128693284.0, [194415.0, 5111919, 163578660, 164463, 113640228, 132975]] [314608120.0, [6516.66666666657, 195230, 6247200, 13150, 6247200, 13130]] [5712558552.0, [111661.33333333023, 3553222, 113702944, 38734, 113702944, 120604]] [4441043256.0, [87558.0, 2777094, 88670256, 39302, 81420848, 79558]] [610515219925.2079, [14214137.700000172, 383608719, 12275433555, 10680855, 8855921235, 9764571]] [20790435544.0, [425898.6666666666, 13074038, 417716928, 820318, 297170112, 386528]]
Model_cost: [62275978340.7027, [3666.3614864864867, 40282660, 1288904952, 2316516, 49400505, 92642]] [8039248548.0, [7899.0, 5111919, 163578660, 164463, 77870628, 2433543]] [313983960.0, [15.0, 195230, 6247200, 13150, 6247200, 195210]] [5311168406.0, [2511.3125, 3327942, 106002464, 38734, 103509152, 485984056]] [3359406872.0, [711.0, 2176518, 69427248, 40454, 7767792, 237778]] [603713208349.1998, [1465.2000000000003, 383608719, 12275433555, 10680855, 6137123727, 191785179]] [2350966838.0, [218.3125, 1491702, 47652928, 103518, 25506688, 790608]]
Arch_Param: [32, 16384, 16384, 4, 512, 512]
SK_cost: [72300932028.97298, [1465968.6351351351, 45607460, 1459298552, 1634116, 913427640, 919009]] [8128693284.0, [194415.0, 5111919, 163578660, 164463, 113640228, 132975]] [314608120.0, [6516.66666666657, 195230, 6247200, 13150, 6247200, 13130]] [5712558552.0, [111661.33333333023, 3553222, 113702944, 38734, 113702944, 120604]] [4441043256.0, [87558.0, 2777094, 88670256, 39302, 81420848, 79558]] [610515219925.2079, [14214137.700000172, 383608719, 12275433555, 10680855, 8855921235, 9764571]] [20790435544.0, [425898.6666666666, 13074038, 417716928, 820318, 297170112, 386528]]
Model_cost: [62232301788.7027, [3635.6114864864867, 40282660, 1288904952, 1634116, 49400505, 1533730]] [8039248548.0, [7899.0, 5111919, 163578660, 164463, 77870628, 2433543]] [313983960.0, [15.0, 195230, 6247200, 13150, 6247200, 195210]] [5311168406.0, [2511.3125, 3327942, 106002464, 38734, 103509152, 485984056]] [3359386520.0, [711.0, 2175750, 69427248, 39302, 7796016, 242910]] [603713208349.1998, [1465.2000000000003, 383608719, 12275433555, 10680855, 6137123727, 191785179]] [2350966568.0, [215.5, 1491702, 47652928, 103518, 25506688, 796752]]
Arch_Param: [32, 16384, 16384, 4, 1024, 64]
SK_cost: [72209767664.97298, [1465968.6351351351, 22816417, 1459298552, 1634113, 913427640, 919009]] [8118469668.0, [194415.0, 2556015, 163578660, 164463, 113640228, 132975]] [314242640.0, [6516.66666666657, 104020, 6247200, 13140, 6247200, 13130]] [5705475808.0, [111661.33333333023, 1783016, 113702944, 38704, 113702944, 120604]] [4435505464.0, [87558.0, 1392646, 88670256, 39302, 81420848, 79558]] [609748005877.2079, [14214137.700000172, 191805207, 12275433555, 10680855, 8855921235, 9764571]] [20764384044.0, [425898.6666666666, 6562107, 417716928, 820259, 297170112, 386528]]
Model_cost: [62195463576.7027, [3666.3614864864867, 20154017, 1288904952, 2316513, 49400505, 88546]] [8029024932.0, [7899.0, 2556015, 163578660, 164463, 77870628, 1216827]] [313618510.0, [15.3125, 104020, 6247200, 13140, 6247200, 27210]] [5304577212.0, [2511.625, 1680616, 106002464, 38704, 103509152, 485814438]] [3358350104.0, [711.0, 1093126, 69427248, 91654, 7767792, 9938]] [602945994301.1998, [1465.2000000000003, 191805207, 12275433555, 10680855, 6137123727, 95892675]] [2348221626.0, [218.8125, 748987, 47652928, 107043, 25506688, 379856]]
Arch_Param: [32, 16384, 16384, 4, 1024, 128]
SK_cost: [72209767664.97298, [1465968.6351351351, 22816417, 1459298552, 1634113, 913427640, 919009]] [8118469668.0, [194415.0, 2556015, 163578660, 164463, 113640228, 132975]] [314242640.0, [6516.66666666657, 104020, 6247200, 13140, 6247200, 13130]] [5705475808.0, [111661.33333333023, 1783016, 113702944, 38704, 113702944, 120604]] [4435505464.0, [87558.0, 1392646, 88670256, 39302, 81420848, 79558]] [609748005877.2079, [14214137.700000172, 191805207, 12275433555, 10680855, 8855921235, 9764571]] [20764384044.0, [425898.6666666666, 6562107, 417716928, 820259, 297170112, 386528]]
Model_cost: [62195463576.7027, [3666.3614864864867, 20154017, 1288904952, 2316513, 49400505, 88546]] [8029024932.0, [7899.0, 2556015, 163578660, 164463, 77870628, 1216827]] [313618510.0, [15.3125, 104020, 6247200, 13140, 6247200, 27210]] [5304577212.0, [2511.625, 1680616, 106002464, 38704, 103509152, 485814438]] [3355073304.0, [711.0, 1093126, 69427248, 40454, 7767792, 118994]] [602945994301.1998, [1465.2000000000003, 191805207, 12275433555, 10680855, 6137123727, 95892675]] [2347992202.0, [218.3125, 748987, 47652928, 103459, 25506688, 396112]]
Arch_Param: [32, 16384, 16384, 4, 1024, 256]
SK_cost: [72209767664.97298, [1465968.6351351351, 22816417, 1459298552, 1634113, 913427640, 919009]] [8118469668.0, [194415.0, 2556015, 163578660, 164463, 113640228, 132975]] [314242640.0, [6516.66666666657, 104020, 6247200, 13140, 6247200, 13130]] [5705475808.0, [111661.33333333023, 1783016, 113702944, 38704, 113702944, 120604]] [4435505464.0, [87558.0, 1392646, 88670256, 39302, 81420848, 79558]] [609748005877.2079, [14214137.700000172, 191805207, 12275433555, 10680855, 8855921235, 9764571]] [20764384044.0, [425898.6666666666, 6562107, 417716928, 820259, 297170112, 386528]]
Model_cost: [62195463576.7027, [3666.3614864864867, 20154017, 1288904952, 2316513, 49400505, 88546]] [8029024932.0, [7899.0, 2556015, 163578660, 164463, 77870628, 1216827]] [313618510.0, [15.3125, 104020, 6247200, 13140, 6247200, 27210]] [5304577212.0, [2511.625, 1680616, 106002464, 38704, 103509152, 485814438]] [3355073304.0, [711.0, 1093126, 69427248, 40454, 7767792, 118994]] [602945994301.1998, [1465.2000000000003, 191805207, 12275433555, 10680855, 6137123727, 95892675]] [2347992202.0, [218.3125, 748987, 47652928, 103459, 25506688, 396112]]
Arch_Param: [32, 16384, 16384, 4, 1024, 512]
SK_cost: [72209767664.97298, [1465968.6351351351, 22816417, 1459298552, 1634113, 913427640, 919009]] [8118469668.0, [194415.0, 2556015, 163578660, 164463, 113640228, 132975]] [314242640.0, [6516.66666666657, 104020, 6247200, 13140, 6247200, 13130]] [5705475808.0, [111661.33333333023, 1783016, 113702944, 38704, 113702944, 120604]] [4435505464.0, [87558.0, 1392646, 88670256, 39302, 81420848, 79558]] [609748005877.2079, [14214137.700000172, 191805207, 12275433555, 10680855, 8855921235, 9764571]] [20764384044.0, [425898.6666666666, 6562107, 417716928, 820259, 297170112, 386528]]
Model_cost: [62151787024.7027, [3635.6114864864867, 20154017, 1288904952, 1634113, 49400505, 767778]] [8029024932.0, [7899.0, 2556015, 163578660, 164463, 77870628, 1216827]] [313618510.0, [15.3125, 104020, 6247200, 13140, 6247200, 27210]] [5304577212.0, [2511.625, 1680616, 106002464, 38704, 103509152, 485814438]] [3355051416.0, [711.0, 1091974, 69427248, 39302, 7796016, 121490]] [602945994301.1998, [1465.2000000000003, 191805207, 12275433555, 10680855, 6137123727, 95892675]] [2347991932.0, [215.5, 748987, 47652928, 103459, 25506688, 398416]]
Arch_Param: [32, 16384, 16384, 8, 256, 64]
SK_cost: [37649419418.48649, [760265.0675675676, 47352385, 757568376, 845281, 484822200, 500449]] [4303107108.0, [101871.0, 5333103, 85328676, 86895, 85328676, 105327]] [315390280.0, [6516.66666666657, 390450, 6247200, 13170, 6247200, 13130]] [5726775240.0, [111661.33333333023, 7106434, 113702944, 38794, 113702944, 120604]] [2226217272.0, [43782.0, 2772998, 44335152, 19654, 40788528, 39878]] [309459257811.60394, [7107532.350000086, 383626383, 6138012243, 5340891, 6138012243, 7110363]] [13976311344.0, [281557.3333333333, 17443052, 278762688, 474836, 234255552, 325088]]
Model_cost: [32453310127.35135, [1923.9307432432433, 41814593, 668963704, 1200129, 49400505, 100834]] [4279127652.0, [7461.0, 5333103, 85328676, 86895, 77870628, 4866975]] [314766120.0, [15.0, 390450, 6247200, 13170, 6247200, 390410]] [5324402054.0, [2511.3125, 6635394, 106002464, 38794, 103509152, 486182492]] [1691806488.0, [359.0, 2171654, 34713648, 20230, 7767792, 475346]] [308775263283.5999, [1100.1000000000001, 383626383, 6138012243, 5340891, 6137123727, 383570187]] [1639412750.0, [134.3125, 2055020, 32839552, 60436, 25506688, 1579600]]
Arch_Param: [32, 16384, 16384, 8, 256, 128]
SK_cost: [37649419418.48649, [760265.0675675676, 47352385, 757568376, 845281, 484822200, 500449]] [4303107108.0, [101871.0, 5333103, 85328676, 86895, 85328676, 105327]] [315390280.0, [6516.66666666657, 390450, 6247200, 13170, 6247200, 13130]] [5726775240.0, [111661.33333333023, 7106434, 113702944, 38794, 113702944, 120604]] [2226217272.0, [43782.0, 2772998, 44335152, 19654, 40788528, 39878]] [309459257811.60394, [7107532.350000086, 383626383, 6138012243, 5340891, 6138012243, 7110363]] [13976311344.0, [281557.3333333333, 17443052, 278762688, 474836, 234255552, 325088]]
Model_cost: [32453310127.35135, [1923.9307432432433, 41814593, 668963704, 1200129, 49400505, 100834]] [4279127652.0, [7461.0, 5333103, 85328676, 86895, 77870628, 4866975]] [314766120.0, [15.0, 390450, 6247200, 13170, 6247200, 390410]] [5324402054.0, [2511.3125, 6635394, 106002464, 38794, 103509152, 486182492]] [1691806488.0, [359.0, 2171654, 34713648, 20230, 7767792, 475346]] [308775263283.5999, [1100.1000000000001, 383626383, 6138012243, 5340891, 6137123727, 383570187]] [1639412750.0, [134.3125, 2055020, 32839552, 60436, 25506688, 1579600]]
Arch_Param: [32, 16384, 16384, 8, 256, 256]
SK_cost: [37649419418.48649, [760265.0675675676, 47352385, 757568376, 845281, 484822200, 500449]] [4303107108.0, [101871.0, 5333103, 85328676, 86895, 85328676, 105327]] [315390280.0, [6516.66666666657, 390450, 6247200, 13170, 6247200, 13130]] [5726775240.0, [111661.33333333023, 7106434, 113702944, 38794, 113702944, 120604]] [2226217272.0, [43782.0, 2772998, 44335152, 19654, 40788528, 39878]] [309459257811.60394, [7107532.350000086, 383626383, 6138012243, 5340891, 6138012243, 7110363]] [13976311344.0, [281557.3333333333, 17443052, 278762688, 474836, 234255552, 325088]]
Model_cost: [32430596903.35135, [1893.1807432432433, 41814593, 668963704, 845281, 49400505, 3065634]] [4279127652.0, [7461.0, 5333103, 85328676, 86895, 77870628, 4866975]] [314766120.0, [15.0, 390450, 6247200, 13170, 6247200, 390410]] [5324402054.0, [2511.3125, 6635394, 106002464, 38794, 103509152, 486182492]] [1691806488.0, [359.0, 2171654, 34713648, 20230, 7767792, 483410]] [308775263283.5999, [1100.1000000000001, 383626383, 6138012243, 5340891, 6137123727, 383570187]] [1639412552.0, [132.25, 2055020, 32839552, 60436, 25506688, 1593424]]
Arch_Param: [32, 16384, 16384, 8, 512, 64]
SK_cost: [37554713830.48649, [760265.0675675676, 23676452, 757568376, 845252, 484822200, 500449]] [4292441124.0, [101871.0, 2666607, 85328676, 86895, 85328676, 105327]] [314608120.0, [6516.66666666657, 195230, 6247200, 13150, 6247200, 13130]] [5712558552.0, [111661.33333333023, 3553222, 113702944, 38734, 113702944, 120604]] [2220679480.0, [43782.0, 1388550, 44335152, 19654, 40788528, 39878]] [308692006899.60394, [7107532.350000086, 191813655, 6138012243, 5340891, 6138012243, 7110363]] [13941417688.0, [281557.3333333333, 8721526, 278762688, 474718, 234255552, 325088]]
Model_cost: [32369680123.35135, [1923.9307432432433, 20907556, 668963704, 1200100, 49400505, 92642]] [4268461668.0, [7461.0, 2666607, 85328676, 86895, 77870628, 2433543]] [313983960.0, [15.0, 195230, 6247200, 13150, 6247200, 195210]] [5311168406.0, [2511.3125, 3327942, 106002464, 38734, 103509152, 485984056]] [1687472920.0, [359.0, 1088262, 34713648, 20230, 7767792, 237778]] [308008012371.5999, [1100.1000000000001, 191813655, 6138012243, 5340891, 6137123727, 191785179]] [1635295158.0, [134.3125, 1027510, 32839552, 60318, 25506688, 790608]]
Arch_Param: [32, 16384, 16384, 8, 512, 128]
SK_cost: [37554713830.48649, [760265.0675675676, 23676452, 757568376, 845252, 484822200, 500449]] [4292441124.0, [101871.0, 2666607, 85328676, 86895, 85328676, 105327]] [314608120.0, [6516.66666666657, 195230, 6247200, 13150, 6247200, 13130]] [5712558552.0, [111661.33333333023, 3553222, 113702944, 38734, 113702944, 120604]] [2220679480.0, [43782.0, 1388550, 44335152, 19654, 40788528, 39878]] [308692006899.60394, [7107532.350000086, 191813655, 6138012243, 5340891, 6138012243, 7110363]] [13941417688.0, [281557.3333333333, 8721526, 278762688, 474718, 234255552, 325088]]
Model_cost: [32369680123.35135, [1923.9307432432433, 20907556, 668963704, 1200100, 49400505, 92642]] [4268461668.0, [7461.0, 2666607, 85328676, 86895, 77870628, 2433543]] [313983960.0, [15.0, 195230, 6247200, 13150, 6247200, 195210]] [5311168406.0, [2511.3125, 3327942, 106002464, 38734, 103509152, 485984056]] [1687472920.0, [359.0, 1088262, 34713648, 20230, 7767792, 237778]] [308008012371.5999, [1100.1000000000001, 191813655, 6138012243, 5340891, 6137123727, 191785179]] [1635295158.0, [134.3125, 1027510, 32839552, 60318, 25506688, 790608]]
Arch_Param: [32, 16384, 16384, 8, 512, 256]
SK_cost: [37554713830.48649, [760265.0675675676, 23676452, 757568376, 845252, 484822200, 500449]] [4292441124.0, [101871.0, 2666607, 85328676, 86895, 85328676, 105327]] [314608120.0, [6516.66666666657, 195230, 6247200, 13150, 6247200, 13130]] [5712558552.0, [111661.33333333023, 3553222, 113702944, 38734, 113702944, 120604]] [2220679480.0, [43782.0, 1388550, 44335152, 19654, 40788528, 39878]] [308692006899.60394, [7107532.350000086, 191813655, 6138012243, 5340891, 6138012243, 7110363]] [13941417688.0, [281557.3333333333, 8721526, 278762688, 474718, 234255552, 325088]]
Model_cost: [32346966899.35135, [1893.1807432432433, 20907556, 668963704, 845252, 49400505, 1533730]] [4268461668.0, [7461.0, 2666607, 85328676, 86895, 77870628, 2433543]] [313983960.0, [15.0, 195230, 6247200, 13150, 6247200, 195210]] [5311168406.0, [2511.3125, 3327942, 106002464, 38734, 103509152, 485984056]] [1687472920.0, [359.0, 1088262, 34713648, 20230, 7767792, 241746]] [308008012371.5999, [1100.1000000000001, 191813655, 6138012243, 5340891, 6137123727, 191785179]] [1635294960.0, [132.25, 1027510, 32839552, 60318, 25506688, 796752]]
Arch_Param: [32, 16384, 16384, 8, 512, 512]
SK_cost: [37554713830.48649, [760265.0675675676, 23676452, 757568376, 845252, 484822200, 500449]] [4292441124.0, [101871.0, 2666607, 85328676, 86895, 85328676, 105327]] [314608120.0, [6516.66666666657, 195230, 6247200, 13150, 6247200, 13130]] [5712558552.0, [111661.33333333023, 3553222, 113702944, 38734, 113702944, 120604]] [2220679480.0, [43782.0, 1388550, 44335152, 19654, 40788528, 39878]] [308692006899.60394, [7107532.350000086, 191813655, 6138012243, 5340891, 6138012243, 7110363]] [13941417688.0, [281557.3333333333, 8721526, 278762688, 474718, 234255552, 325088]]
Model_cost: [32346966899.35135, [1893.1807432432433, 20907556, 668963704, 845252, 49400505, 1533730]] [4268461668.0, [7461.0, 2666607, 85328676, 86895, 77870628, 2433543]] [313983960.0, [15.0, 195230, 6247200, 13150, 6247200, 195210]] [5311168406.0, [2511.3125, 3327942, 106002464, 38734, 103509152, 485984056]] [1687453336.0, [359.0, 1087878, 34713648, 19654, 7777200, 242322]] [308008012371.5999, [1100.1000000000001, 191813655, 6138012243, 5340891, 6137123727, 191785179]] [1635294960.0, [132.25, 1027510, 32839552, 60318, 25506688, 796752]]
Arch_Param: [32, 16384, 16384, 8, 1024, 64]
SK_cost: [37507386650.48649, [760265.0675675676, 11844705, 757568376, 845249, 484822200, 500449]] [4287108132.0, [101871.0, 1333359, 85328676, 86895, 85328676, 105327]] [314242640.0, [6516.66666666657, 104020, 6247200, 13140, 6247200, 13130]] [5705475808.0, [111661.33333333023, 1783016, 113702944, 38704, 113702944, 120604]] [2217910584.0, [43782.0, 696326, 44335152, 19654, 40788528, 39878]] [308308381443.60394, [7107532.350000086, 95907291, 6138012243, 5340891, 6138012243, 7110363]] [13924021036.0, [281557.3333333333, 4373307, 278762688, 474659, 234255552, 325088]]
Model_cost: [32327890735.35135, [1923.9307432432433, 10460257, 668963704, 1200097, 49400505, 88546]] [4263128676.0, [7461.0, 1333359, 85328676, 86895, 77870628, 1216827]] [313618510.0, [15.3125, 104020, 6247200, 13140, 6247200, 27210]] [5304577212.0, [2511.625, 1680616, 106002464, 38704, 103509152, 485814438]] [1685306136.0, [359.0, 546566, 34713648, 20230, 7767792, 118994]] [307624386915.5999, [1100.1000000000001, 95907291, 6138012243, 5340891, 6137123727, 95892675]] [1633242634.0, [134.3125, 515323, 32839552, 60259, 25506688, 396112]]
Arch_Param: [32, 16384, 16384, 8, 1024, 128]
SK_cost: [37507386650.48649, [760265.0675675676, 11844705, 757568376, 845249, 484822200, 500449]] [4287108132.0, [101871.0, 1333359, 85328676, 86895, 85328676, 105327]] [314242640.0, [6516.66666666657, 104020, 6247200, 13140, 6247200, 13130]] [5705475808.0, [111661.33333333023, 1783016, 113702944, 38704, 113702944, 120604]] [2217910584.0, [43782.0, 696326, 44335152, 19654, 40788528, 39878]] [308308381443.60394, [7107532.350000086, 95907291, 6138012243, 5340891, 6138012243, 7110363]] [13924021036.0, [281557.3333333333, 4373307, 278762688, 474659, 234255552, 325088]]
Model_cost: [32327890735.35135, [1923.9307432432433, 10460257, 668963704, 1200097, 49400505, 88546]] [4263128676.0, [7461.0, 1333359, 85328676, 86895, 77870628, 1216827]] [313618510.0, [15.3125, 104020, 6247200, 13140, 6247200, 27210]] [5304577212.0, [2511.625, 1680616, 106002464, 38704, 103509152, 485814438]] [1685306136.0, [359.0, 546566, 34713648, 20230, 7767792, 118994]] [307624386915.5999, [1100.1000000000001, 95907291, 6138012243, 5340891, 6137123727, 95892675]] [1633242634.0, [134.3125, 515323, 32839552, 60259, 25506688, 396112]]
Arch_Param: [32, 16384, 16384, 8, 1024, 256]
SK_cost: [37507386650.48649, [760265.0675675676, 11844705, 757568376, 845249, 484822200, 500449]] [4287108132.0, [101871.0, 1333359, 85328676, 86895, 85328676, 105327]] [314242640.0, [6516.66666666657, 104020, 6247200, 13140, 6247200, 13130]] [5705475808.0, [111661.33333333023, 1783016, 113702944, 38704, 113702944, 120604]] [2217910584.0, [43782.0, 696326, 44335152, 19654, 40788528, 39878]] [308308381443.60394, [7107532.350000086, 95907291, 6138012243, 5340891, 6138012243, 7110363]] [13924021036.0, [281557.3333333333, 4373307, 278762688, 474659, 234255552, 325088]]
Model_cost: [32305177511.35135, [1893.1807432432433, 10460257, 668963704, 845249, 49400505, 767778]] [4263128676.0, [7461.0, 1333359, 85328676, 86895, 77870628, 1216827]] [313618510.0, [15.3125, 104020, 6247200, 13140, 6247200, 27210]] [5304577212.0, [2511.625, 1680616, 106002464, 38704, 103509152, 485814438]] [1685306136.0, [359.0, 546566, 34713648, 20230, 7767792, 120914]] [307624386915.5999, [1100.1000000000001, 95907291, 6138012243, 5340891, 6137123727, 95892675]] [1633242436.0, [132.25, 515323, 32839552, 60259, 25506688, 398416]]
Arch_Param: [32, 16384, 16384, 8, 1024, 512]
SK_cost: [37507386650.48649, [760265.0675675676, 11844705, 757568376, 845249, 484822200, 500449]] [4287108132.0, [101871.0, 1333359, 85328676, 86895, 85328676, 105327]] [314242640.0, [6516.66666666657, 104020, 6247200, 13140, 6247200, 13130]] [5705475808.0, [111661.33333333023, 1783016, 113702944, 38704, 113702944, 120604]] [2217910584.0, [43782.0, 696326, 44335152, 19654, 40788528, 39878]] [308308381443.60394, [7107532.350000086, 95907291, 6138012243, 5340891, 6138012243, 7110363]] [13924021036.0, [281557.3333333333, 4373307, 278762688, 474659, 234255552, 325088]]
Model_cost: [32305177511.35135, [1893.1807432432433, 10460257, 668963704, 845249, 49400505, 767778]] [4263128676.0, [7461.0, 1333359, 85328676, 86895, 77870628, 1216827]] [313618510.0, [15.3125, 104020, 6247200, 13140, 6247200, 27210]] [5304577212.0, [2511.625, 1680616, 106002464, 38704, 103509152, 485814438]] [1685285784.0, [359.0, 545990, 34713648, 19654, 7777200, 121196]] [307624386915.5999, [1100.1000000000001, 95907291, 6138012243, 5340891, 6137123727, 95892675]] [1633242436.0, [132.25, 515323, 32839552, 60259, 25506688, 398416]]
Arch_Param: [32, 16384, 16384, 16, 256, 64]
SK_cost: [20238937007.243244, [407585.2837837838, 25429697, 406836408, 451617, 270519480, 291169]] [4303107108.0, [101871.0, 5333103, 85328676, 86895, 85328676, 105327]] [315390280.0, [6516.66666666657, 390450, 6247200, 13170, 6247200, 13130]] [5726775240.0, [111661.33333333023, 7106434, 113702944, 38794, 113702944, 120604]] [1113266488.0, [21894.0, 1386502, 22167600, 9830, 20472368, 20038]] [309459257811.60394, [7107532.350000086, 383626383, 6138012243, 5340891, 6138012243, 7110363]] [11906698800.0, [236309.33333333334, 14813420, 236848320, 329428, 217478336, 308704]]
Model_cost: [17467886851.675674, [1092.8091216216217, 22447809, 359126200, 642689, 49400505, 100834]] [4279127652.0, [7461.0, 5333103, 85328676, 86895, 77870628, 4866975]] [314766120.0, [15.0, 390450, 6247200, 13170, 6247200, 390410]] [5324402054.0, [2511.3125, 6635394, 106002464, 38794, 103509152, 486182492]] [853672920.0, [185.0, 1085830, 17356848, 10118, 7767792, 475346]] [308775263283.5999, [1100.1000000000001, 383626383, 6138012243, 5340891, 6137123727, 383570187]] [1429714490.0, [97.4375, 1783660, 28517760, 42260, 25506688, 1579600]]
Arch_Param: [32, 16384, 16384, 16, 256, 128]
SK_cost: [20238937007.243244, [407585.2837837838, 25429697, 406836408, 451617, 270519480, 291169]] [4303107108.0, [101871.0, 5333103, 85328676, 86895, 85328676, 105327]] [315390280.0, [6516.66666666657, 390450, 6247200, 13170, 6247200, 13130]] [5726775240.0, [111661.33333333023, 7106434, 113702944, 38794, 113702944, 120604]] [1113266488.0, [21894.0, 1386502, 22167600, 9830, 20472368, 20038]] [309459257811.60394, [7107532.350000086, 383626383, 6138012243, 5340891, 6138012243, 7110363]] [11906698800.0, [236309.33333333334, 14813420, 236848320, 329428, 217478336, 308704]]
Model_cost: [17455651691.675674, [1024.5591216216217, 22447809, 359126200, 451617, 49400505, 3065634]] [4279127652.0, [7461.0, 5333103, 85328676, 86895, 77870628, 4866975]] [314766120.0, [15.0, 390450, 6247200, 13170, 6247200, 390410]] [5324402054.0, [2511.3125, 6635394, 106002464, 38794, 103509152, 486182492]] [853672920.0, [185.0, 1085830, 17356848, 10118, 7767792, 483410]] [308775263283.5999, [1100.1000000000001, 383626383, 6138012243, 5340891, 6137123727, 383570187]] [1429714472.0, [97.25, 1783660, 28517760, 42260, 25506688, 1593424]]
Arch_Param: [32, 16384, 16384, 16, 256, 256]
SK_cost: [20238937007.243244, [407585.2837837838, 25429697, 406836408, 451617, 270519480, 291169]] [4303107108.0, [101871.0, 5333103, 85328676, 86895, 85328676, 105327]] [315390280.0, [6516.66666666657, 390450, 6247200, 13170, 6247200, 13130]] [5726775240.0, [111661.33333333023, 7106434, 113702944, 38794, 113702944, 120604]] [1113266488.0, [21894.0, 1386502, 22167600, 9830, 20472368, 20038]] [309459257811.60394, [7107532.350000086, 383626383, 6138012243, 5340891, 6138012243, 7110363]] [11906698800.0, [236309.33333333334, 14813420, 236848320, 329428, 217478336, 308704]]
Model_cost: [17455651691.675674, [1024.5591216216217, 22447809, 359126200, 451617, 49400505, 3065634]] [4279127652.0, [7461.0, 5333103, 85328676, 86895, 77870628, 4866975]] [314766120.0, [15.0, 390450, 6247200, 13170, 6247200, 390410]] [5324402054.0, [2511.3125, 6635394, 106002464, 38794, 103509152, 486182492]] [853672920.0, [185.0, 1085830, 17356848, 10118, 7767792, 483410]] [308775263283.5999, [1100.1000000000001, 383626383, 6138012243, 5340891, 6137123727, 383570187]] [1429714472.0, [97.25, 1783660, 28517760, 42260, 25506688, 1593424]]
Arch_Param: [32, 16384, 16384, 16, 512, 64]
SK_cost: [20188076795.243244, [407585.2837837838, 12715108, 406836408, 451588, 270519480, 291169]] [4292441124.0, [101871.0, 2666607, 85328676, 86895, 85328676, 105327]] [314608120.0, [6516.66666666657, 195230, 6247200, 13150, 6247200, 13130]] [5712558552.0, [111661.33333333023, 3553222, 113702944, 38734, 113702944, 120604]] [1110497592.0, [21894.0, 694278, 22167600, 9830, 20472368, 20038]] [308692006899.60394, [7107532.350000086, 191813655, 6138012243, 5340891, 6138012243, 7110363]] [11877064408.0, [236309.33333333334, 7406710, 236848320, 329310, 217478336, 308704]]
Model_cost: [17422990415.675674, [1092.8091216216217, 11224164, 359126200, 642660, 49400505, 92642]] [4268461668.0, [7461.0, 2666607, 85328676, 86895, 77870628, 2433543]] [313983960.0, [15.0, 195230, 6247200, 13150, 6247200, 195210]] [5311168406.0, [2511.3125, 3327942, 106002464, 38734, 103509152, 485984056]] [851506136.0, [185.0, 544134, 17356848, 10118, 7767792, 237778]] [308008012371.5999, [1100.1000000000001, 191813655, 6138012243, 5340891, 6137123727, 191785179]] [1426139618.0, [97.4375, 891830, 28517760, 42142, 25506688, 790608]]
Arch_Param: [32, 16384, 16384, 16, 512, 128]
SK_cost: [20188076795.243244, [407585.2837837838, 12715108, 406836408, 451588, 270519480, 291169]] [4292441124.0, [101871.0, 2666607, 85328676, 86895, 85328676, 105327]] [314608120.0, [6516.66666666657, 195230, 6247200, 13150, 6247200, 13130]] [5712558552.0, [111661.33333333023, 3553222, 113702944, 38734, 113702944, 120604]] [1110497592.0, [21894.0, 694278, 22167600, 9830, 20472368, 20038]] [308692006899.60394, [7107532.350000086, 191813655, 6138012243, 5340891, 6138012243, 7110363]] [11877064408.0, [236309.33333333334, 7406710, 236848320, 329310, 217478336, 308704]]
Model_cost: [17410755255.675674, [1024.5591216216217, 11224164, 359126200, 451588, 49400505, 1533730]] [4268461668.0, [7461.0, 2666607, 85328676, 86895, 77870628, 2433543]] [313983960.0, [15.0, 195230, 6247200, 13150, 6247200, 195210]] [5311168406.0, [2511.3125, 3327942, 106002464, 38734, 103509152, 485984056]] [851506136.0, [185.0, 544134, 17356848, 10118, 7767792, 241746]] [308008012371.5999, [1100.1000000000001, 191813655, 6138012243, 5340891, 6137123727, 191785179]] [1426139600.0, [97.25, 891830, 28517760, 42142, 25506688, 796752]]
Arch_Param: [32, 16384, 16384, 16, 512, 256]
SK_cost: [20188076795.243244, [407585.2837837838, 12715108, 406836408, 451588, 270519480, 291169]] [4292441124.0, [101871.0, 2666607, 85328676, 86895, 85328676, 105327]] [314608120.0, [6516.66666666657, 195230, 6247200, 13150, 6247200, 13130]] [5712558552.0, [111661.33333333023, 3553222, 113702944, 38734, 113702944, 120604]] [1110497592.0, [21894.0, 694278, 22167600, 9830, 20472368, 20038]] [308692006899.60394, [7107532.350000086, 191813655, 6138012243, 5340891, 6138012243, 7110363]] [11877064408.0, [236309.33333333334, 7406710, 236848320, 329310, 217478336, 308704]]
Model_cost: [17410755255.675674, [1024.5591216216217, 11224164, 359126200, 451588, 49400505, 1533730]] [4268461668.0, [7461.0, 2666607, 85328676, 86895, 77870628, 2433543]] [313983960.0, [15.0, 195230, 6247200, 13150, 6247200, 195210]] [5311168406.0, [2511.3125, 3327942, 106002464, 38734, 103509152, 485984056]] [851505560.0, [183.0, 543942, 17356848, 9830, 7777200, 242322]] [308008012371.5999, [1100.1000000000001, 191813655, 6138012243, 5340891, 6137123727, 191785179]] [1426139600.0, [97.25, 891830, 28517760, 42142, 25506688, 796752]]
Arch_Param: [32, 16384, 16384, 16, 512, 512]
SK_cost: [20188076795.243244, [407585.2837837838, 12715108, 406836408, 451588, 270519480, 291169]] [4292441124.0, [101871.0, 2666607, 85328676, 86895, 85328676, 105327]] [314608120.0, [6516.66666666657, 195230, 6247200, 13150, 6247200, 13130]] [5712558552.0, [111661.33333333023, 3553222, 113702944, 38734, 113702944, 120604]] [1110497592.0, [21894.0, 694278, 22167600, 9830, 20472368, 20038]] [308692006899.60394, [7107532.350000086, 191813655, 6138012243, 5340891, 6138012243, 7110363]] [11877064408.0, [236309.33333333334, 7406710, 236848320, 329310, 217478336, 308704]]
Model_cost: [17410754985.675674, [1021.7466216216217, 11224164, 359126200, 451588, 49400505, 1540514]] [4268461668.0, [7461.0, 2666607, 85328676, 86895, 77870628, 2433543]] [313983960.0, [15.0, 195230, 6247200, 13150, 6247200, 195210]] [5311168406.0, [2511.3125, 3327942, 106002464, 38734, 103509152, 485984056]] [851486744.0, [183.0, 543942, 17356848, 9830, 7767792, 242028]] [308008012371.5999, [1100.1000000000001, 191813655, 6138012243, 5340891, 6137123727, 191785179]] [1426139600.0, [97.25, 891830, 28517760, 42142, 25506688, 796752]]
Arch_Param: [32, 16384, 16384, 16, 1024, 64]
SK_cost: [20162659887.243244, [407585.2837837838, 6360929, 406836408, 451585, 270519480, 291169]] [4287108132.0, [101871.0, 1333359, 85328676, 86895, 85328676, 105327]] [314242640.0, [6516.66666666657, 104020, 6247200, 13140, 6247200, 13130]] [5705475808.0, [111661.33333333023, 1783016, 113702944, 38704, 113702944, 120604]] [1109113144.0, [21894.0, 348166, 22167600, 9830, 20472368, 20038]] [308308381443.60394, [7107532.350000086, 95907291, 6138012243, 5340891, 6138012243, 7110363]] [11862272812.0, [236309.33333333334, 3709755, 236848320, 329251, 217478336, 308704]]
Model_cost: [17400555395.675674, [1092.8091216216217, 5615457, 359126200, 642657, 49400505, 88546]] [4263128676.0, [7461.0, 1333359, 85328676, 86895, 77870628, 1216827]] [313618510.0, [15.3125, 104020, 6247200, 13140, 6247200, 27210]] [5304577212.0, [2511.625, 1680616, 106002464, 38704, 103509152, 485814438]] [850422744.0, [185.0, 273286, 17356848, 10118, 7767792, 118994]] [307624386915.5999, [1100.1000000000001, 95907291, 6138012243, 5340891, 6137123727, 95892675]] [1424355382.0, [97.4375, 446715, 28517760, 42083, 25506688, 396112]]
Arch_Param: [32, 16384, 16384, 16, 1024, 128]
SK_cost: [20162659887.243244, [407585.2837837838, 6360929, 406836408, 451585, 270519480, 291169]] [4287108132.0, [101871.0, 1333359, 85328676, 86895, 85328676, 105327]] [314242640.0, [6516.66666666657, 104020, 6247200, 13140, 6247200, 13130]] [5705475808.0, [111661.33333333023, 1783016, 113702944, 38704, 113702944, 120604]] [1109113144.0, [21894.0, 348166, 22167600, 9830, 20472368, 20038]] [308308381443.60394, [7107532.350000086, 95907291, 6138012243, 5340891, 6138012243, 7110363]] [11862272812.0, [236309.33333333334, 3709755, 236848320, 329251, 217478336, 308704]]
Model_cost: [17388320235.675674, [1024.5591216216217, 5615457, 359126200, 451585, 49400505, 767778]] [4263128676.0, [7461.0, 1333359, 85328676, 86895, 77870628, 1216827]] [313618510.0, [15.3125, 104020, 6247200, 13140, 6247200, 27210]] [5304577212.0, [2511.625, 1680616, 106002464, 38704, 103509152, 485814438]] [850422744.0, [185.0, 273286, 17356848, 10118, 7767792, 120914]] [307624386915.5999, [1100.1000000000001, 95907291, 6138012243, 5340891, 6137123727, 95892675]] [1424355364.0, [97.25, 446715, 28517760, 42083, 25506688, 398416]]
Arch_Param: [32, 16384, 16384, 16, 1024, 256]
SK_cost: [20162659887.243244, [407585.2837837838, 6360929, 406836408, 451585, 270519480, 291169]] [4287108132.0, [101871.0, 1333359, 85328676, 86895, 85328676, 105327]] [314242640.0, [6516.66666666657, 104020, 6247200, 13140, 6247200, 13130]] [5705475808.0, [111661.33333333023, 1783016, 113702944, 38704, 113702944, 120604]] [1109113144.0, [21894.0, 348166, 22167600, 9830, 20472368, 20038]] [308308381443.60394, [7107532.350000086, 95907291, 6138012243, 5340891, 6138012243, 7110363]] [11862272812.0, [236309.33333333334, 3709755, 236848320, 329251, 217478336, 308704]]
Model_cost: [17388320235.675674, [1024.5591216216217, 5615457, 359126200, 451585, 49400505, 767778]] [4263128676.0, [7461.0, 1333359, 85328676, 86895, 77870628, 1216827]] [313618510.0, [15.3125, 104020, 6247200, 13140, 6247200, 27210]] [5304577212.0, [2511.625, 1680616, 106002464, 38704, 103509152, 485814438]] [850421784.0, [183.0, 272998, 17356848, 9830, 7777200, 121196]] [307624386915.5999, [1100.1000000000001, 95907291, 6138012243, 5340891, 6137123727, 95892675]] [1424355364.0, [97.25, 446715, 28517760, 42083, 25506688, 398416]]
Arch_Param: [32, 16384, 16384, 16, 1024, 512]
SK_cost: [20162659887.243244, [407585.2837837838, 6360929, 406836408, 451585, 270519480, 291169]] [4287108132.0, [101871.0, 1333359, 85328676, 86895, 85328676, 105327]] [314242640.0, [6516.66666666657, 104020, 6247200, 13140, 6247200, 13130]] [5705475808.0, [111661.33333333023, 1783016, 113702944, 38704, 113702944, 120604]] [1109113144.0, [21894.0, 348166, 22167600, 9830, 20472368, 20038]] [308308381443.60394, [7107532.350000086, 95907291, 6138012243, 5340891, 6138012243, 7110363]] [11862272812.0, [236309.33333333334, 3709755, 236848320, 329251, 217478336, 308704]]
Model_cost: [17388319965.675674, [1021.7466216216217, 5615457, 359126200, 451585, 49400505, 770402]] [4263128676.0, [7461.0, 1333359, 85328676, 86895, 77870628, 1216827]] [313618510.0, [15.3125, 104020, 6247200, 13140, 6247200, 27210]] [5304577212.0, [2511.625, 1680616, 106002464, 38704, 103509152, 485814438]] [850402968.0, [183.0, 272998, 17356848, 9830, 7767792, 121049]] [307624386915.5999, [1100.1000000000001, 95907291, 6138012243, 5340891, 6137123727, 95892675]] [1424355364.0, [97.25, 446715, 28517760, 42083, 25506688, 398416]]
Arch_Param: [32, 16384, 16384, 32, 256, 64]
SK_cost: [11536423052.64865, [231342.25675675675, 14471873, 231526584, 254913, 163368120, 186529]] [4303107108.0, [101871.0, 5333103, 85328676, 86895, 85328676, 105327]] [315390280.0, [6516.66666666657, 390450, 6247200, 13170, 6247200, 13130]] [5726775240.0, [111661.33333333023, 7106434, 113702944, 38794, 113702944, 120604]] [556791096.0, [10950.0, 693254, 11083824, 4918, 10314288, 10118]] [309459257811.60394, [7107532.350000086, 383626383, 6138012243, 5340891, 6138012243, 7110363]] [10871892528.0, [213685.3333333333, 13498604, 215891136, 256724, 209089728, 300512]]
Model_cost: [9970896991.135136, [589.7618243243244, 12767937, 204263608, 254913, 49400505, 3065634]] [4279127652.0, [7461.0, 5333103, 85328676, 86895, 77870628, 4866975]] [314766120.0, [15.0, 390450, 6247200, 13170, 6247200, 390410]] [5324402054.0, [2511.3125, 6635394, 106002464, 38794, 103509152, 486182492]] [434606136.0, [98.0, 542918, 8678448, 5062, 7767792, 483410]] [308775263283.5999, [1100.1000000000001, 383626383, 6138012243, 5340891, 6137123727, 383570187]] [1324865432.0, [79.75, 1647980, 26356864, 33172, 25506688, 1593424]]
Arch_Param: [32, 16384, 16384, 32, 256, 128]
SK_cost: [11536423052.64865, [231342.25675675675, 14471873, 231526584, 254913, 163368120, 186529]] [4303107108.0, [101871.0, 5333103, 85328676, 86895, 85328676, 105327]] [315390280.0, [6516.66666666657, 390450, 6247200, 13170, 6247200, 13130]] [5726775240.0, [111661.33333333023, 7106434, 113702944, 38794, 113702944, 120604]] [556791096.0, [10950.0, 693254, 11083824, 4918, 10314288, 10118]] [309459257811.60394, [7107532.350000086, 383626383, 6138012243, 5340891, 6138012243, 7110363]] [10871892528.0, [213685.3333333333, 13498604, 215891136, 256724, 209089728, 300512]]
Model_cost: [9970896991.135136, [589.7618243243244, 12767937, 204263608, 254913, 49400505, 3065634]] [4279127652.0, [7461.0, 5333103, 85328676, 86895, 77870628, 4866975]] [314766120.0, [15.0, 390450, 6247200, 13170, 6247200, 390410]] [5324402054.0, [2511.3125, 6635394, 106002464, 38794, 103509152, 486182492]] [434606136.0, [98.0, 542918, 8678448, 5062, 7767792, 483410]] [308775263283.5999, [1100.1000000000001, 383626383, 6138012243, 5340891, 6137123727, 383570187]] [1324865432.0, [79.75, 1647980, 26356864, 33172, 25506688, 1593424]]
Arch_Param: [32, 16384, 16384, 32, 256, 256]
SK_cost: [11536423052.64865, [231342.25675675675, 14471873, 231526584, 254913, 163368120, 186529]] [4303107108.0, [101871.0, 5333103, 85328676, 86895, 85328676, 105327]] [315390280.0, [6516.66666666657, 390450, 6247200, 13170, 6247200, 13130]] [5726775240.0, [111661.33333333023, 7106434, 113702944, 38794, 113702944, 120604]] [556791096.0, [10950.0, 693254, 11083824, 4918, 10314288, 10118]] [309459257811.60394, [7107532.350000086, 383626383, 6138012243, 5340891, 6138012243, 7110363]] [10871892528.0, [213685.3333333333, 13498604, 215891136, 256724, 209089728, 300512]]
Model_cost: [9970896793.135136, [587.6993243243244, 12767937, 204263608, 254913, 49400505, 3080738]] [4279127652.0, [7461.0, 5333103, 85328676, 86895, 77870628, 4866975]] [314766120.0, [15.0, 390450, 6247200, 13170, 6247200, 390410]] [5324402054.0, [2511.3125, 6635394, 106002464, 38794, 103509152, 486182492]] [434596632.0, [95.0, 542918, 8678448, 4918, 7767792, 483986]] [308775263283.5999, [1100.1000000000001, 383626383, 6138012243, 5340891, 6137123727, 383570187]] [1324865432.0, [79.75, 1647980, 26356864, 33172, 25506688, 1593424]]
Arch_Param: [32, 16384, 16384, 32, 512, 64]
SK_cost: [11507478488.64865, [231342.25675675675, 7236196, 231526584, 254884, 163368120, 186529]] [4292441124.0, [101871.0, 2666607, 85328676, 86895, 85328676, 105327]] [314608120.0, [6516.66666666657, 195230, 6247200, 13150, 6247200, 13130]] [5712558552.0, [111661.33333333023, 3553222, 113702944, 38734, 113702944, 120604]] [555406648.0, [10950.0, 347142, 11083824, 4918, 10314288, 10118]] [308692006899.60394, [7107532.350000086, 191813655, 6138012243, 5340891, 6138012243, 7110363]] [10844887768.0, [213685.3333333333, 6749302, 215891136, 256606, 209089728, 300512]]
Model_cost: [9945360299.135136, [589.7618243243244, 6384228, 204263608, 254884, 49400505, 1533730]] [4268461668.0, [7461.0, 2666607, 85328676, 86895, 77870628, 2433543]] [313983960.0, [15.0, 195230, 6247200, 13150, 6247200, 195210]] [5311168406.0, [2511.3125, 3327942, 106002464, 38734, 103509152, 485984056]] [433522744.0, [98.0, 272070, 8678448, 5062, 7767792, 241746]] [308008012371.5999, [1100.1000000000001, 191813655, 6138012243, 5340891, 6137123727, 191785179]] [1321561920.0, [79.75, 823990, 26356864, 33054, 25506688, 796752]]
Arch_Param: [32, 16384, 16384, 32, 512, 128]
SK_cost: [11507478488.64865, [231342.25675675675, 7236196, 231526584, 254884, 163368120, 186529]] [4292441124.0, [101871.0, 2666607, 85328676, 86895, 85328676, 105327]] [314608120.0, [6516.66666666657, 195230, 6247200, 13150, 6247200, 13130]] [5712558552.0, [111661.33333333023, 3553222, 113702944, 38734, 113702944, 120604]] [555406648.0, [10950.0, 347142, 11083824, 4918, 10314288, 10118]] [308692006899.60394, [7107532.350000086, 191813655, 6138012243, 5340891, 6138012243, 7110363]] [10844887768.0, [213685.3333333333, 6749302, 215891136, 256606, 209089728, 300512]]
Model_cost: [9945360299.135136, [589.7618243243244, 6384228, 204263608, 254884, 49400505, 1533730]] [4268461668.0, [7461.0, 2666607, 85328676, 86895, 77870628, 2433543]] [313983960.0, [15.0, 195230, 6247200, 13150, 6247200, 195210]] [5311168406.0, [2511.3125, 3327942, 106002464, 38734, 103509152, 485984056]] [433522744.0, [98.0, 272070, 8678448, 5062, 7767792, 241746]] [308008012371.5999, [1100.1000000000001, 191813655, 6138012243, 5340891, 6137123727, 191785179]] [1321561920.0, [79.75, 823990, 26356864, 33054, 25506688, 796752]]
Arch_Param: [32, 16384, 16384, 32, 512, 256]
SK_cost: [11507478488.64865, [231342.25675675675, 7236196, 231526584, 254884, 163368120, 186529]] [4292441124.0, [101871.0, 2666607, 85328676, 86895, 85328676, 105327]] [314608120.0, [6516.66666666657, 195230, 6247200, 13150, 6247200, 13130]] [5712558552.0, [111661.33333333023, 3553222, 113702944, 38734, 113702944, 120604]] [555406648.0, [10950.0, 347142, 11083824, 4918, 10314288, 10118]] [308692006899.60394, [7107532.350000086, 191813655, 6138012243, 5340891, 6138012243, 7110363]] [10844887768.0, [213685.3333333333, 6749302, 215891136, 256606, 209089728, 300512]]
Model_cost: [9945360101.135136, [587.6993243243244, 6384228, 204263608, 254884, 49400505, 1540514]] [4268461668.0, [7461.0, 2666607, 85328676, 86895, 77870628, 2433543]] [313983960.0, [15.0, 195230, 6247200, 13150, 6247200, 195210]] [5311168406.0, [2511.3125, 3327942, 106002464, 38734, 103509152, 485984056]] [433512856.0, [95.0, 271974, 8678448, 4918, 7767792, 242028]] [308008012371.5999, [1100.1000000000001, 191813655, 6138012243, 5340891, 6137123727, 191785179]] [1321561920.0, [79.75, 823990, 26356864, 33054, 25506688, 796752]]
Arch_Param: [32, 16384, 16384, 32, 512, 512]
SK_cost: [11507478488.64865, [231342.25675675675, 7236196, 231526584, 254884, 163368120, 186529]] [4292441124.0, [101871.0, 2666607, 85328676, 86895, 85328676, 105327]] [314608120.0, [6516.66666666657, 195230, 6247200, 13150, 6247200, 13130]] [5712558552.0, [111661.33333333023, 3553222, 113702944, 38734, 113702944, 120604]] [555406648.0, [10950.0, 347142, 11083824, 4918, 10314288, 10118]] [308692006899.60394, [7107532.350000086, 191813655, 6138012243, 5340891, 6138012243, 7110363]] [10844887768.0, [213685.3333333333, 6749302, 215891136, 256606, 209089728, 300512]]
Model_cost: [9945360101.135136, [587.6993243243244, 6384228, 204263608, 254884, 49400505, 1540514]] [4268461668.0, [7461.0, 2666607, 85328676, 86895, 77870628, 2433543]] [313983960.0, [15.0, 195230, 6247200, 13150, 6247200, 195210]] [5311168406.0, [2511.3125, 3327942, 106002464, 38734, 103509152, 485984056]] [433512856.0, [95.0, 271974, 8678448, 4918, 7767792, 242028]] [308008012371.5999, [1100.1000000000001, 191813655, 6138012243, 5340891, 6137123727, 191785179]] [1321561920.0, [79.75, 823990, 26356864, 33054, 25506688, 796752]]
Arch_Param: [32, 16384, 16384, 32, 1024, 64]
SK_cost: [11493013260.64865, [231342.25675675675, 3619937, 231526584, 254881, 163368120, 186529]] [4287108132.0, [101871.0, 1333359, 85328676, 86895, 85328676, 105327]] [314242640.0, [6516.66666666657, 104020, 6247200, 13140, 6247200, 13130]] [5705475808.0, [111661.33333333023, 1783016, 113702944, 38704, 113702944, 120604]] [554714424.0, [10950.0, 174086, 11083824, 4918, 10314288, 10118]] [308308381443.60394, [7107532.350000086, 95907291, 6138012243, 5340891, 6138012243, 7110363]] [10831398700.0, [213685.3333333333, 3377979, 215891136, 256547, 209089728, 300512]]
Model_cost: [9932599007.135136, [589.7618243243244, 3193953, 204263608, 254881, 49400505, 767778]] [4263128676.0, [7461.0, 1333359, 85328676, 86895, 77870628, 1216827]] [313618510.0, [15.3125, 104020, 6247200, 13140, 6247200, 27210]] [5304577212.0, [2511.625, 1680616, 106002464, 38704, 103509152, 485814438]] [432981048.0, [98.0, 136646, 8678448, 5062, 7767792, 120914]] [307624386915.5999, [1100.1000000000001, 95907291, 6138012243, 5340891, 6137123727, 95892675]] [1319911828.0, [79.75, 412411, 26356864, 32995, 25506688, 398416]]
Arch_Param: [32, 16384, 16384, 32, 1024, 128]
SK_cost: [11493013260.64865, [231342.25675675675, 3619937, 231526584, 254881, 163368120, 186529]] [4287108132.0, [101871.0, 1333359, 85328676, 86895, 85328676, 105327]] [314242640.0, [6516.66666666657, 104020, 6247200, 13140, 6247200, 13130]] [5705475808.0, [111661.33333333023, 1783016, 113702944, 38704, 113702944, 120604]] [554714424.0, [10950.0, 174086, 11083824, 4918, 10314288, 10118]] [308308381443.60394, [7107532.350000086, 95907291, 6138012243, 5340891, 6138012243, 7110363]] [10831398700.0, [213685.3333333333, 3377979, 215891136, 256547, 209089728, 300512]]
Model_cost: [9932599007.135136, [589.7618243243244, 3193953, 204263608, 254881, 49400505, 767778]] [4263128676.0, [7461.0, 1333359, 85328676, 86895, 77870628, 1216827]] [313618510.0, [15.3125, 104020, 6247200, 13140, 6247200, 27210]] [5304577212.0, [2511.625, 1680616, 106002464, 38704, 103509152, 485814438]] [432981048.0, [98.0, 136646, 8678448, 5062, 7767792, 120914]] [307624386915.5999, [1100.1000000000001, 95907291, 6138012243, 5340891, 6137123727, 95892675]] [1319911828.0, [79.75, 412411, 26356864, 32995, 25506688, 398416]]
Arch_Param: [32, 16384, 16384, 32, 1024, 256]
SK_cost: [11493013260.64865, [231342.25675675675, 3619937, 231526584, 254881, 163368120, 186529]] [4287108132.0, [101871.0, 1333359, 85328676, 86895, 85328676, 105327]] [314242640.0, [6516.66666666657, 104020, 6247200, 13140, 6247200, 13130]] [5705475808.0, [111661.33333333023, 1783016, 113702944, 38704, 113702944, 120604]] [554714424.0, [10950.0, 174086, 11083824, 4918, 10314288, 10118]] [308308381443.60394, [7107532.350000086, 95907291, 6138012243, 5340891, 6138012243, 7110363]] [10831398700.0, [213685.3333333333, 3377979, 215891136, 256547, 209089728, 300512]]
Model_cost: [9932598809.135136, [587.6993243243244, 3193953, 204263608, 254881, 49400505, 770402]] [4263128676.0, [7461.0, 1333359, 85328676, 86895, 77870628, 1216827]] [313618510.0, [15.3125, 104020, 6247200, 13140, 6247200, 27210]] [5304577212.0, [2511.625, 1680616, 106002464, 38704, 103509152, 485814438]] [432970968.0, [95.0, 136502, 8678448, 4918, 7767792, 121049]] [307624386915.5999, [1100.1000000000001, 95907291, 6138012243, 5340891, 6137123727, 95892675]] [1319911828.0, [79.75, 412411, 26356864, 32995, 25506688, 398416]]
Arch_Param: [32, 16384, 16384, 32, 1024, 512]
SK_cost: [11493013260.64865, [231342.25675675675, 3619937, 231526584, 254881, 163368120, 186529]] [4287108132.0, [101871.0, 1333359, 85328676, 86895, 85328676, 105327]] [314242640.0, [6516.66666666657, 104020, 6247200, 13140, 6247200, 13130]] [5705475808.0, [111661.33333333023, 1783016, 113702944, 38704, 113702944, 120604]] [554714424.0, [10950.0, 174086, 11083824, 4918, 10314288, 10118]] [308308381443.60394, [7107532.350000086, 95907291, 6138012243, 5340891, 6138012243, 7110363]] [10831398700.0, [213685.3333333333, 3377979, 215891136, 256547, 209089728, 300512]]
Model_cost: [9932598809.135136, [587.6993243243244, 3193953, 204263608, 254881, 49400505, 770402]] [4263128676.0, [7461.0, 1333359, 85328676, 86895, 77870628, 1216827]] [313618510.0, [15.3125, 104020, 6247200, 13140, 6247200, 27210]] [5304577212.0, [2511.625, 1680616, 106002464, 38704, 103509152, 485814438]] [432970968.0, [95.0, 136502, 8678448, 4918, 7767792, 121049]] [307624386915.5999, [1100.1000000000001, 95907291, 6138012243, 5340891, 6137123727, 95892675]] [1319911828.0, [79.75, 412411, 26356864, 32995, 25506688, 398416]]
Arch_Param: [32, 16384, 8192, 4, 256, 64]
SK_cost: [72624095049.33333, [2931941.5555555555, 91214401, 1459298552, 1634145, 913427640, 919009]] [8167793700.0, [388719.0, 10223727, 163578660, 164463, 113640228, 132975]] [316025160.0, [13130.0, 390450, 6247200, 13170, 6247200, 13130]] [5737513288.0, [223516.0, 7106434, 113702944, 38794, 113702944, 120604]] [4460523832.0, [175110.0, 5545990, 88670256, 39302, 81420848, 79558]] [613414204722.0, [28428270.0, 767215743, 12275433555, 10680855, 8855921235, 9764571]] [20883623984.0, [851781.3333333333, 26148076, 417716928, 820436, 297170112, 386528]]
Model_cost: [62437456318.0, [7286.75, 80564801, 1288904952, 2316545, 49400505, 100834]] [8060443428.0, [15687.0, 10223727, 163578660, 164463, 77870628, 4866975]] [314766600.0, [20.0, 390450, 6247200, 13170, 6247200, 390410]] [5324641220.0, [5002.625, 6635394, 106002464, 38794, 103509152, 486182492]] [3371418488, [1416, 4343302, 69427248, 91654, 7767792, 9938]] [605247776586.0, [2925.0, 767215743, 12275433555, 10680855, 6137123727, 383570187]] [2357189708.0, [417.625, 2983404, 47652928, 107220, 25506688, 1501904]]
Arch_Param: [32, 16384, 8192, 4, 256, 128]
SK_cost: [72624095049.33333, [2931941.5555555555, 91214401, 1459298552, 1634145, 913427640, 919009]] [8167793700.0, [388719.0, 10223727, 163578660, 164463, 113640228, 132975]] [316025160.0, [13130.0, 390450, 6247200, 13170, 6247200, 13130]] [5737513288.0, [223516.0, 7106434, 113702944, 38794, 113702944, 120604]] [4460523832.0, [175110.0, 5545990, 88670256, 39302, 81420848, 79558]] [613414204722.0, [28428270.0, 767215743, 12275433555, 10680855, 8855921235, 9764571]] [20883623984.0, [851781.3333333333, 26148076, 417716928, 820436, 297170112, 386528]]
Model_cost: [62437456318.0, [7286.75, 80564801, 1288904952, 2316545, 49400505, 100834]] [8060443428.0, [15687.0, 10223727, 163578660, 164463, 77870628, 4866975]] [314766600.0, [20.0, 390450, 6247200, 13170, 6247200, 390410]] [5324641220.0, [5002.625, 6635394, 106002464, 38794, 103509152, 486182492]] [3368141688.0, [1416.0, 4343302, 69427248, 40454, 7767792, 475346]] [605247776586.0, [2925.0, 767215743, 12275433555, 10680855, 6137123727, 383570187]] [2356960236.0, [416.625, 2983404, 47652928, 103636, 25506688, 1579600]]
Arch_Param: [32, 16384, 8192, 4, 256, 256]
SK_cost: [72624095049.33333, [2931941.5555555555, 91214401, 1459298552, 1634145, 913427640, 919009]] [8167793700.0, [388719.0, 10223727, 163578660, 164463, 113640228, 132975]] [316025160.0, [13130.0, 390450, 6247200, 13170, 6247200, 13130]] [5737513288.0, [223516.0, 7106434, 113702944, 38794, 113702944, 120604]] [4460523832.0, [175110.0, 5545990, 88670256, 39302, 81420848, 79558]] [613414204722.0, [28428270.0, 767215743, 12275433555, 10680855, 8855921235, 9764571]] [20883623984.0, [851781.3333333333, 26148076, 417716928, 820436, 297170112, 386528]]
Model_cost: [62437456318.0, [7286.75, 80564801, 1288904952, 2316545, 49400505, 100834]] [8060443428.0, [15687.0, 10223727, 163578660, 164463, 77870628, 4866975]] [314766600.0, [20.0, 390450, 6247200, 13170, 6247200, 390410]] [5324641220.0, [5002.625, 6635394, 106002464, 38794, 103509152, 486182492]] [3368141688.0, [1416.0, 4343302, 69427248, 40454, 7767792, 475346]] [605247776586.0, [2925.0, 767215743, 12275433555, 10680855, 6137123727, 383570187]] [2356960236.0, [416.625, 2983404, 47652928, 103636, 25506688, 1579600]]
Arch_Param: [32, 16384, 8192, 4, 512, 64]
SK_cost: [72441665429.33333, [2931941.5555555555, 45607460, 1459298552, 1634116, 913427640, 919009]] [8147346468.0, [388719.0, 5111919, 163578660, 164463, 113640228, 132975]] [315243000.0, [13130.0, 195230, 6247200, 13150, 6247200, 13130]] [5723296600.0, [223516.0, 3553222, 113702944, 38734, 113702944, 120604]] [4449448248.0, [175110.0, 2777094, 88670256, 39302, 81420848, 79558]] [611879776626.0, [28428270.0, 383608719, 12275433555, 10680855, 8855921235, 9764571]] [20831320280.0, [851781.3333333333, 13074038, 417716928, 820318, 297170112, 386528]]
Model_cost: [62276325898.0, [7286.75, 40282660, 1288904952, 2316516, 49400505, 92642]] [8039996196.0, [15687.0, 5111919, 163578660, 164463, 77870628, 2433543]] [313984440.0, [20.0, 195230, 6247200, 13150, 6247200, 195210]] [5311407572.0, [5002.625, 3327942, 106002464, 38734, 103509152, 485984056]] [3362751352, [1416, 2176518, 69427248, 91654, 7767792, 9938]] [603713348490.0, [2925.0, 383608719, 12275433555, 10680855, 6137123727, 191785179]] [2351215348.0, [417.625, 1491702, 47652928, 107102, 25506688, 753872]]
Arch_Param: [32, 16384, 8192, 4, 512, 128]
SK_cost: [72441665429.33333, [2931941.5555555555, 45607460, 1459298552, 1634116, 913427640, 919009]] [8147346468.0, [388719.0, 5111919, 163578660, 164463, 113640228, 132975]] [315243000.0, [13130.0, 195230, 6247200, 13150, 6247200, 13130]] [5723296600.0, [223516.0, 3553222, 113702944, 38734, 113702944, 120604]] [4449448248.0, [175110.0, 2777094, 88670256, 39302, 81420848, 79558]] [611879776626.0, [28428270.0, 383608719, 12275433555, 10680855, 8855921235, 9764571]] [20831320280.0, [851781.3333333333, 13074038, 417716928, 820318, 297170112, 386528]]
Model_cost: [62276325898.0, [7286.75, 40282660, 1288904952, 2316516, 49400505, 92642]] [8039996196.0, [15687.0, 5111919, 163578660, 164463, 77870628, 2433543]] [313984440.0, [20.0, 195230, 6247200, 13150, 6247200, 195210]] [5311407572.0, [5002.625, 3327942, 106002464, 38734, 103509152, 485984056]] [3359474552.0, [1416.0, 2176518, 69427248, 40454, 7767792, 237778]] [603713348490.0, [2925.0, 383608719, 12275433555, 10680855, 6137123727, 191785179]] [2350985876.0, [416.625, 1491702, 47652928, 103518, 25506688, 790608]]
Arch_Param: [32, 16384, 8192, 4, 512, 256]
SK_cost: [72441665429.33333, [2931941.5555555555, 45607460, 1459298552, 1634116, 913427640, 919009]] [8147346468.0, [388719.0, 5111919, 163578660, 164463, 113640228, 132975]] [315243000.0, [13130.0, 195230, 6247200, 13150, 6247200, 13130]] [5723296600.0, [223516.0, 3553222, 113702944, 38734, 113702944, 120604]] [4449448248.0, [175110.0, 2777094, 88670256, 39302, 81420848, 79558]] [611879776626.0, [28428270.0, 383608719, 12275433555, 10680855, 8855921235, 9764571]] [20831320280.0, [851781.3333333333, 13074038, 417716928, 820318, 297170112, 386528]]
Model_cost: [62276325898.0, [7286.75, 40282660, 1288904952, 2316516, 49400505, 92642]] [8039996196.0, [15687.0, 5111919, 163578660, 164463, 77870628, 2433543]] [313984440.0, [20.0, 195230, 6247200, 13150, 6247200, 195210]] [5311407572.0, [5002.625, 3327942, 106002464, 38734, 103509152, 485984056]] [3359474552.0, [1416.0, 2176518, 69427248, 40454, 7767792, 237778]] [603713348490.0, [2925.0, 383608719, 12275433555, 10680855, 6137123727, 191785179]] [2350985876.0, [416.625, 1491702, 47652928, 103518, 25506688, 790608]]
Arch_Param: [32, 16384, 8192, 4, 512, 512]
SK_cost: [72441665429.33333, [2931941.5555555555, 45607460, 1459298552, 1634116, 913427640, 919009]] [8147346468.0, [388719.0, 5111919, 163578660, 164463, 113640228, 132975]] [315243000.0, [13130.0, 195230, 6247200, 13150, 6247200, 13130]] [5723296600.0, [223516.0, 3553222, 113702944, 38734, 113702944, 120604]] [4449448248.0, [175110.0, 2777094, 88670256, 39302, 81420848, 79558]] [611879776626.0, [28428270.0, 383608719, 12275433555, 10680855, 8855921235, 9764571]] [20831320280.0, [851781.3333333333, 13074038, 417716928, 820318, 297170112, 386528]]
Model_cost: [62232647162.0, [7233.25, 40282660, 1288904952, 1634116, 49400505, 1533730]] [8039996196.0, [15687.0, 5111919, 163578660, 164463, 77870628, 2433543]] [313984440.0, [20.0, 195230, 6247200, 13150, 6247200, 195210]] [5311407572.0, [5002.625, 3327942, 106002464, 38734, 103509152, 485984056]] [3359454200.0, [1416.0, 2175750, 69427248, 39302, 7796016, 242910]] [603713348490.0, [2925.0, 383608719, 12275433555, 10680855, 6137123727, 191785179]] [2350985624.0, [414.0, 1491702, 47652928, 103518, 25506688, 796752]]
Arch_Param: [32, 16384, 8192, 4, 1024, 64]
SK_cost: [72350501065.33333, [2931941.5555555555, 22816417, 1459298552, 1634113, 913427640, 919009]] [8137122852.0, [388719.0, 2556015, 163578660, 164463, 113640228, 132975]] [314877520.0, [13130.0, 104020, 6247200, 13140, 6247200, 13130]] [5716213856.0, [223516.0, 1783016, 113702944, 38704, 113702944, 120604]] [4443910456.0, [175110.0, 1392646, 88670256, 39302, 81420848, 79558]] [611112562578.0, [28428270.0, 191805207, 12275433555, 10680855, 8855921235, 9764571]] [20805268780.0, [851781.3333333333, 6562107, 417716928, 820259, 297170112, 386528]]
Model_cost: [62195811134.0, [7286.75, 20154017, 1288904952, 2316513, 49400505, 88546]] [8029772580.0, [15687.0, 2556015, 163578660, 164463, 77870628, 1216827]] [313619020.0, [20.625, 104020, 6247200, 13140, 6247200, 27210]] [5304816408.0, [5003.25, 1680616, 106002464, 38704, 103509152, 485814438]] [3358417784, [1416, 1093126, 69427248, 91654, 7767792, 9938]] [602946134442.0, [2925.0, 191805207, 12275433555, 10680855, 6137123727, 95892675]] [2348240712.0, [417.625, 748987, 47652928, 107043, 25506688, 379856]]
Arch_Param: [32, 16384, 8192, 4, 1024, 128]
SK_cost: [72350501065.33333, [2931941.5555555555, 22816417, 1459298552, 1634113, 913427640, 919009]] [8137122852.0, [388719.0, 2556015, 163578660, 164463, 113640228, 132975]] [314877520.0, [13130.0, 104020, 6247200, 13140, 6247200, 13130]] [5716213856.0, [223516.0, 1783016, 113702944, 38704, 113702944, 120604]] [4443910456.0, [175110.0, 1392646, 88670256, 39302, 81420848, 79558]] [611112562578.0, [28428270.0, 191805207, 12275433555, 10680855, 8855921235, 9764571]] [20805268780.0, [851781.3333333333, 6562107, 417716928, 820259, 297170112, 386528]]
Model_cost: [62195811134.0, [7286.75, 20154017, 1288904952, 2316513, 49400505, 88546]] [8029772580.0, [15687.0, 2556015, 163578660, 164463, 77870628, 1216827]] [313619020.0, [20.625, 104020, 6247200, 13140, 6247200, 27210]] [5304816408.0, [5003.25, 1680616, 106002464, 38704, 103509152, 485814438]] [3355140984.0, [1416.0, 1093126, 69427248, 40454, 7767792, 118994]] [602946134442.0, [2925.0, 191805207, 12275433555, 10680855, 6137123727, 95892675]] [2348011240.0, [416.625, 748987, 47652928, 103459, 25506688, 396112]]
Arch_Param: [32, 16384, 8192, 4, 1024, 256]
SK_cost: [72350501065.33333, [2931941.5555555555, 22816417, 1459298552, 1634113, 913427640, 919009]] [8137122852.0, [388719.0, 2556015, 163578660, 164463, 113640228, 132975]] [314877520.0, [13130.0, 104020, 6247200, 13140, 6247200, 13130]] [5716213856.0, [223516.0, 1783016, 113702944, 38704, 113702944, 120604]] [4443910456.0, [175110.0, 1392646, 88670256, 39302, 81420848, 79558]] [611112562578.0, [28428270.0, 191805207, 12275433555, 10680855, 8855921235, 9764571]] [20805268780.0, [851781.3333333333, 6562107, 417716928, 820259, 297170112, 386528]]
Model_cost: [62195811134.0, [7286.75, 20154017, 1288904952, 2316513, 49400505, 88546]] [8029772580.0, [15687.0, 2556015, 163578660, 164463, 77870628, 1216827]] [313619020.0, [20.625, 104020, 6247200, 13140, 6247200, 27210]] [5304816408.0, [5003.25, 1680616, 106002464, 38704, 103509152, 485814438]] [3355140984.0, [1416.0, 1093126, 69427248, 40454, 7767792, 118994]] [602946134442.0, [2925.0, 191805207, 12275433555, 10680855, 6137123727, 95892675]] [2348011240.0, [416.625, 748987, 47652928, 103459, 25506688, 396112]]
Arch_Param: [32, 16384, 8192, 4, 1024, 512]
SK_cost: [72350501065.33333, [2931941.5555555555, 22816417, 1459298552, 1634113, 913427640, 919009]] [8137122852.0, [388719.0, 2556015, 163578660, 164463, 113640228, 132975]] [314877520.0, [13130.0, 104020, 6247200, 13140, 6247200, 13130]] [5716213856.0, [223516.0, 1783016, 113702944, 38704, 113702944, 120604]] [4443910456.0, [175110.0, 1392646, 88670256, 39302, 81420848, 79558]] [611112562578.0, [28428270.0, 191805207, 12275433555, 10680855, 8855921235, 9764571]] [20805268780.0, [851781.3333333333, 6562107, 417716928, 820259, 297170112, 386528]]
Model_cost: [62152132398.0, [7233.25, 20154017, 1288904952, 1634113, 49400505, 767778]] [8029772580.0, [15687.0, 2556015, 163578660, 164463, 77870628, 1216827]] [313619020.0, [20.625, 104020, 6247200, 13140, 6247200, 27210]] [5304816408.0, [5003.25, 1680616, 106002464, 38704, 103509152, 485814438]] [3355119096.0, [1416.0, 1091974, 69427248, 39302, 7796016, 121490]] [602946134442.0, [2925.0, 191805207, 12275433555, 10680855, 6137123727, 95892675]] [2348010988.0, [414.0, 748987, 47652928, 103459, 25506688, 398416]]
Arch_Param: [32, 16384, 8192, 8, 256, 64]
SK_cost: [37722403486.666664, [1520515.7777777778, 47352385, 757568376, 845281, 484822200, 500449]] [4312876068.0, [203631.0, 5333103, 85328676, 86895, 85328676, 105327]] [316025160.0, [13130.0, 390450, 6247200, 13170, 6247200, 13130]] [5737513288.0, [223516.0, 7106434, 113702944, 38794, 113702944, 120604]] [2230419768.0, [87558.0, 2772998, 44335152, 19654, 40788528, 39878]] [310141573026.0, [14214982.5, 383626383, 6138012243, 5340891, 6138012243, 7110363]] [14003339312.0, [563098.6666666666, 17443052, 278762688, 474836, 234255552, 325088]]
Model_cost: [32453490340.666668, [3801.152777777778, 41814593, 668963704, 1200129, 49400505, 100834]] [4279833252.0, [14811.0, 5333103, 85328676, 86895, 77870628, 4866975]] [314766600.0, [20.0, 390450, 6247200, 13170, 6247200, 390410]] [5324641220.0, [5002.625, 6635394, 106002464, 38794, 103509152, 486182492]] [1691840280.0, [711.0, 2171654, 34713648, 20230, 7767792, 475346]] [308775361002.0, [2118.0, 383626383, 6138012243, 5340891, 6137123727, 383570187]] [1639423724.0, [248.625, 2055020, 32839552, 60436, 25506688, 1579600]]
Arch_Param: [32, 16384, 8192, 8, 256, 128]
SK_cost: [37722403486.666664, [1520515.7777777778, 47352385, 757568376, 845281, 484822200, 500449]] [4312876068.0, [203631.0, 5333103, 85328676, 86895, 85328676, 105327]] [316025160.0, [13130.0, 390450, 6247200, 13170, 6247200, 13130]] [5737513288.0, [223516.0, 7106434, 113702944, 38794, 113702944, 120604]] [2230419768.0, [87558.0, 2772998, 44335152, 19654, 40788528, 39878]] [310141573026.0, [14214982.5, 383626383, 6138012243, 5340891, 6138012243, 7110363]] [14003339312.0, [563098.6666666666, 17443052, 278762688, 474836, 234255552, 325088]]
Model_cost: [32453490340.666668, [3801.152777777778, 41814593, 668963704, 1200129, 49400505, 100834]] [4279833252.0, [14811.0, 5333103, 85328676, 86895, 77870628, 4866975]] [314766600.0, [20.0, 390450, 6247200, 13170, 6247200, 390410]] [5324641220.0, [5002.625, 6635394, 106002464, 38794, 103509152, 486182492]] [1691840280.0, [711.0, 2171654, 34713648, 20230, 7767792, 475346]] [308775361002.0, [2118.0, 383626383, 6138012243, 5340891, 6137123727, 383570187]] [1639423724.0, [248.625, 2055020, 32839552, 60436, 25506688, 1579600]]
Arch_Param: [32, 16384, 8192, 8, 256, 256]
SK_cost: [37722403486.666664, [1520515.7777777778, 47352385, 757568376, 845281, 484822200, 500449]] [4312876068.0, [203631.0, 5333103, 85328676, 86895, 85328676, 105327]] [316025160.0, [13130.0, 390450, 6247200, 13170, 6247200, 13130]] [5737513288.0, [223516.0, 7106434, 113702944, 38794, 113702944, 120604]] [2230419768.0, [87558.0, 2772998, 44335152, 19654, 40788528, 39878]] [310141573026.0, [14214982.5, 383626383, 6138012243, 5340891, 6138012243, 7110363]] [14003339312.0, [563098.6666666666, 17443052, 278762688, 474836, 234255552, 325088]]
Model_cost: [32430775316.666668, [3751.652777777778, 41814593, 668963704, 845281, 49400505, 3065634]] [4279833252.0, [14811.0, 5333103, 85328676, 86895, 77870628, 4866975]] [314766600.0, [20.0, 390450, 6247200, 13170, 6247200, 390410]] [5324641220.0, [5002.625, 6635394, 106002464, 38794, 103509152, 486182492]] [1691840280.0, [711.0, 2171654, 34713648, 20230, 7767792, 483410]] [308775361002.0, [2118.0, 383626383, 6138012243, 5340891, 6137123727, 383570187]] [1639423616.0, [247.5, 2055020, 32839552, 60436, 25506688, 1593424]]
Arch_Param: [32, 16384, 8192, 8, 512, 64]
SK_cost: [37627697898.666664, [1520515.7777777778, 23676452, 757568376, 845252, 484822200, 500449]] [4302210084.0, [203631.0, 2666607, 85328676, 86895, 85328676, 105327]] [315243000.0, [13130.0, 195230, 6247200, 13150, 6247200, 13130]] [5723296600.0, [223516.0, 3553222, 113702944, 38734, 113702944, 120604]] [2224881976.0, [87558.0, 1388550, 44335152, 19654, 40788528, 39878]] [309374322114.0, [14214982.5, 191813655, 6138012243, 5340891, 6138012243, 7110363]] [13968445656.0, [563098.6666666666, 8721526, 278762688, 474718, 234255552, 325088]]
Model_cost: [32369860336.666668, [3801.152777777778, 20907556, 668963704, 1200100, 49400505, 92642]] [4269167268.0, [14811.0, 2666607, 85328676, 86895, 77870628, 2433543]] [313984440.0, [20.0, 195230, 6247200, 13150, 6247200, 195210]] [5311407572.0, [5002.625, 3327942, 106002464, 38734, 103509152, 485984056]] [1687506712.0, [711.0, 1088262, 34713648, 20230, 7767792, 237778]] [308008110090.0, [2118.0, 191813655, 6138012243, 5340891, 6137123727, 191785179]] [1635306132.0, [248.625, 1027510, 32839552, 60318, 25506688, 790608]]
Arch_Param: [32, 16384, 8192, 8, 512, 128]
SK_cost: [37627697898.666664, [1520515.7777777778, 23676452, 757568376, 845252, 484822200, 500449]] [4302210084.0, [203631.0, 2666607, 85328676, 86895, 85328676, 105327]] [315243000.0, [13130.0, 195230, 6247200, 13150, 6247200, 13130]] [5723296600.0, [223516.0, 3553222, 113702944, 38734, 113702944, 120604]] [2224881976.0, [87558.0, 1388550, 44335152, 19654, 40788528, 39878]] [309374322114.0, [14214982.5, 191813655, 6138012243, 5340891, 6138012243, 7110363]] [13968445656.0, [563098.6666666666, 8721526, 278762688, 474718, 234255552, 325088]]
Model_cost: [32369860336.666668, [3801.152777777778, 20907556, 668963704, 1200100, 49400505, 92642]] [4269167268.0, [14811.0, 2666607, 85328676, 86895, 77870628, 2433543]] [313984440.0, [20.0, 195230, 6247200, 13150, 6247200, 195210]] [5311407572.0, [5002.625, 3327942, 106002464, 38734, 103509152, 485984056]] [1687506712.0, [711.0, 1088262, 34713648, 20230, 7767792, 237778]] [308008110090.0, [2118.0, 191813655, 6138012243, 5340891, 6137123727, 191785179]] [1635306132.0, [248.625, 1027510, 32839552, 60318, 25506688, 790608]]
Arch_Param: [32, 16384, 8192, 8, 512, 256]
SK_cost: [37627697898.666664, [1520515.7777777778, 23676452, 757568376, 845252, 484822200, 500449]] [4302210084.0, [203631.0, 2666607, 85328676, 86895, 85328676, 105327]] [315243000.0, [13130.0, 195230, 6247200, 13150, 6247200, 13130]] [5723296600.0, [223516.0, 3553222, 113702944, 38734, 113702944, 120604]] [2224881976.0, [87558.0, 1388550, 44335152, 19654, 40788528, 39878]] [309374322114.0, [14214982.5, 191813655, 6138012243, 5340891, 6138012243, 7110363]] [13968445656.0, [563098.6666666666, 8721526, 278762688, 474718, 234255552, 325088]]
Model_cost: [32347145312.666668, [3751.652777777778, 20907556, 668963704, 845252, 49400505, 1533730]] [4269167268.0, [14811.0, 2666607, 85328676, 86895, 77870628, 2433543]] [313984440.0, [20.0, 195230, 6247200, 13150, 6247200, 195210]] [5311407572.0, [5002.625, 3327942, 106002464, 38734, 103509152, 485984056]] [1687506712.0, [711.0, 1088262, 34713648, 20230, 7767792, 241746]] [308008110090.0, [2118.0, 191813655, 6138012243, 5340891, 6137123727, 191785179]] [1635306024.0, [247.5, 1027510, 32839552, 60318, 25506688, 796752]]
Arch_Param: [32, 16384, 8192, 8, 512, 512]
SK_cost: [37627697898.666664, [1520515.7777777778, 23676452, 757568376, 845252, 484822200, 500449]] [4302210084.0, [203631.0, 2666607, 85328676, 86895, 85328676, 105327]] [315243000.0, [13130.0, 195230, 6247200, 13150, 6247200, 13130]] [5723296600.0, [223516.0, 3553222, 113702944, 38734, 113702944, 120604]] [2224881976.0, [87558.0, 1388550, 44335152, 19654, 40788528, 39878]] [309374322114.0, [14214982.5, 191813655, 6138012243, 5340891, 6138012243, 7110363]] [13968445656.0, [563098.6666666666, 8721526, 278762688, 474718, 234255552, 325088]]
Model_cost: [32347145312.666668, [3751.652777777778, 20907556, 668963704, 845252, 49400505, 1533730]] [4269167268.0, [14811.0, 2666607, 85328676, 86895, 77870628, 2433543]] [313984440.0, [20.0, 195230, 6247200, 13150, 6247200, 195210]] [5311407572.0, [5002.625, 3327942, 106002464, 38734, 103509152, 485984056]] [1687487128.0, [711.0, 1087878, 34713648, 19654, 7777200, 242322]] [308008110090.0, [2118.0, 191813655, 6138012243, 5340891, 6137123727, 191785179]] [1635306024.0, [247.5, 1027510, 32839552, 60318, 25506688, 796752]]
Arch_Param: [32, 16384, 8192, 8, 1024, 64]
SK_cost: [37580370718.666664, [1520515.7777777778, 11844705, 757568376, 845249, 484822200, 500449]] [4296877092.0, [203631.0, 1333359, 85328676, 86895, 85328676, 105327]] [314877520.0, [13130.0, 104020, 6247200, 13140, 6247200, 13130]] [5716213856.0, [223516.0, 1783016, 113702944, 38704, 113702944, 120604]] [2222113080.0, [87558.0, 696326, 44335152, 19654, 40788528, 39878]] [308990696658.0, [14214982.5, 95907291, 6138012243, 5340891, 6138012243, 7110363]] [13951049004.0, [563098.6666666666, 4373307, 278762688, 474659, 234255552, 325088]]
Model_cost: [32328070948.666668, [3801.152777777778, 10460257, 668963704, 1200097, 49400505, 88546]] [4263834276.0, [14811.0, 1333359, 85328676, 86895, 77870628, 1216827]] [313619020.0, [20.625, 104020, 6247200, 13140, 6247200, 27210]] [5304816408.0, [5003.25, 1680616, 106002464, 38704, 103509152, 485814438]] [1685339928.0, [711.0, 546566, 34713648, 20230, 7767792, 118994]] [307624484634.0, [2118.0, 95907291, 6138012243, 5340891, 6137123727, 95892675]] [1633253608.0, [248.625, 515323, 32839552, 60259, 25506688, 396112]]
Arch_Param: [32, 16384, 8192, 8, 1024, 128]
SK_cost: [37580370718.666664, [1520515.7777777778, 11844705, 757568376, 845249, 484822200, 500449]] [4296877092.0, [203631.0, 1333359, 85328676, 86895, 85328676, 105327]] [314877520.0, [13130.0, 104020, 6247200, 13140, 6247200, 13130]] [5716213856.0, [223516.0, 1783016, 113702944, 38704, 113702944, 120604]] [2222113080.0, [87558.0, 696326, 44335152, 19654, 40788528, 39878]] [308990696658.0, [14214982.5, 95907291, 6138012243, 5340891, 6138012243, 7110363]] [13951049004.0, [563098.6666666666, 4373307, 278762688, 474659, 234255552, 325088]]
Model_cost: [32328070948.666668, [3801.152777777778, 10460257, 668963704, 1200097, 49400505, 88546]] [4263834276.0, [14811.0, 1333359, 85328676, 86895, 77870628, 1216827]] [313619020.0, [20.625, 104020, 6247200, 13140, 6247200, 27210]] [5304816408.0, [5003.25, 1680616, 106002464, 38704, 103509152, 485814438]] [1685339928.0, [711.0, 546566, 34713648, 20230, 7767792, 118994]] [307624484634.0, [2118.0, 95907291, 6138012243, 5340891, 6137123727, 95892675]] [1633253608.0, [248.625, 515323, 32839552, 60259, 25506688, 396112]]
Arch_Param: [32, 16384, 8192, 8, 1024, 256]
SK_cost: [37580370718.666664, [1520515.7777777778, 11844705, 757568376, 845249, 484822200, 500449]] [4296877092.0, [203631.0, 1333359, 85328676, 86895, 85328676, 105327]] [314877520.0, [13130.0, 104020, 6247200, 13140, 6247200, 13130]] [5716213856.0, [223516.0, 1783016, 113702944, 38704, 113702944, 120604]] [2222113080.0, [87558.0, 696326, 44335152, 19654, 40788528, 39878]] [308990696658.0, [14214982.5, 95907291, 6138012243, 5340891, 6138012243, 7110363]] [13951049004.0, [563098.6666666666, 4373307, 278762688, 474659, 234255552, 325088]]
Model_cost: [32305355924.666668, [3751.652777777778, 10460257, 668963704, 845249, 49400505, 767778]] [4263834276.0, [14811.0, 1333359, 85328676, 86895, 77870628, 1216827]] [313619020.0, [20.625, 104020, 6247200, 13140, 6247200, 27210]] [5304816408.0, [5003.25, 1680616, 106002464, 38704, 103509152, 485814438]] [1685339928.0, [711.0, 546566, 34713648, 20230, 7767792, 120914]] [307624484634.0, [2118.0, 95907291, 6138012243, 5340891, 6137123727, 95892675]] [1633253500.0, [247.5, 515323, 32839552, 60259, 25506688, 398416]]
Arch_Param: [32, 16384, 8192, 8, 1024, 512]
SK_cost: [37580370718.666664, [1520515.7777777778, 11844705, 757568376, 845249, 484822200, 500449]] [4296877092.0, [203631.0, 1333359, 85328676, 86895, 85328676, 105327]] [314877520.0, [13130.0, 104020, 6247200, 13140, 6247200, 13130]] [5716213856.0, [223516.0, 1783016, 113702944, 38704, 113702944, 120604]] [2222113080.0, [87558.0, 696326, 44335152, 19654, 40788528, 39878]] [308990696658.0, [14214982.5, 95907291, 6138012243, 5340891, 6138012243, 7110363]] [13951049004.0, [563098.6666666666, 4373307, 278762688, 474659, 234255552, 325088]]
Model_cost: [32305355924.666668, [3751.652777777778, 10460257, 668963704, 845249, 49400505, 767778]] [4263834276.0, [14811.0, 1333359, 85328676, 86895, 77870628, 1216827]] [313619020.0, [20.625, 104020, 6247200, 13140, 6247200, 27210]] [5304816408.0, [5003.25, 1680616, 106002464, 38704, 103509152, 485814438]] [1685319576.0, [711.0, 545990, 34713648, 19654, 7777200, 121196]] [307624484634.0, [2118.0, 95907291, 6138012243, 5340891, 6137123727, 95892675]] [1633253500.0, [247.5, 515323, 32839552, 60259, 25506688, 398416]]
Arch_Param: [32, 16384, 8192, 16, 256, 64]
SK_cost: [20278062921.333332, [815146.8888888889, 25429697, 406836408, 451617, 270519480, 291169]] [4312876068.0, [203631.0, 5333103, 85328676, 86895, 85328676, 105327]] [316025160.0, [13130.0, 390450, 6247200, 13170, 6247200, 13130]] [5737513288.0, [223516.0, 7106434, 113702944, 38794, 113702944, 120604]] [1115367736.0, [43782.0, 1386502, 22167600, 9830, 20472368, 20038]] [310141573026.0, [14214982.5, 383626383, 6138012243, 5340891, 6138012243, 7110363]] [11929382960.0, [472602.6666666667, 14813420, 236848320, 329428, 217478336, 308704]]
Model_cost: [17467979583.333336, [2058.7638888888887, 22447809, 359126200, 642689, 49400505, 100834]] [4279833252.0, [14811.0, 5333103, 85328676, 86895, 77870628, 4866975]] [314766600.0, [20.0, 390450, 6247200, 13170, 6247200, 390410]] [5324641220.0, [5002.625, 6635394, 106002464, 38794, 103509152, 486182492]] [853689624.0, [359.0, 1085830, 17356848, 10118, 7767792, 475346]] [308775361002.0, [2118.0, 383626383, 6138012243, 5340891, 6137123727, 383570187]] [1429722308.0, [178.875, 1783660, 28517760, 42260, 25506688, 1579600]]
Arch_Param: [32, 16384, 8192, 16, 256, 128]
SK_cost: [20278062921.333332, [815146.8888888889, 25429697, 406836408, 451617, 270519480, 291169]] [4312876068.0, [203631.0, 5333103, 85328676, 86895, 85328676, 105327]] [316025160.0, [13130.0, 390450, 6247200, 13170, 6247200, 13130]] [5737513288.0, [223516.0, 7106434, 113702944, 38794, 113702944, 120604]] [1115367736.0, [43782.0, 1386502, 22167600, 9830, 20472368, 20038]] [310141573026.0, [14214982.5, 383626383, 6138012243, 5340891, 6138012243, 7110363]] [11929382960.0, [472602.6666666667, 14813420, 236848320, 329428, 217478336, 308704]]
Model_cost: [17455746607.333336, [2013.263888888889, 22447809, 359126200, 451617, 49400505, 3065634]] [4279833252.0, [14811.0, 5333103, 85328676, 86895, 77870628, 4866975]] [314766600.0, [20.0, 390450, 6247200, 13170, 6247200, 390410]] [5324641220.0, [5002.625, 6635394, 106002464, 38794, 103509152, 486182492]] [853689624.0, [359.0, 1085830, 17356848, 10118, 7767792, 483410]] [308775361002.0, [2118.0, 383626383, 6138012243, 5340891, 6137123727, 383570187]] [1429722272.0, [178.5, 1783660, 28517760, 42260, 25506688, 1593424]]
Arch_Param: [32, 16384, 8192, 16, 256, 256]
SK_cost: [20278062921.333332, [815146.8888888889, 25429697, 406836408, 451617, 270519480, 291169]] [4312876068.0, [203631.0, 5333103, 85328676, 86895, 85328676, 105327]] [316025160.0, [13130.0, 390450, 6247200, 13170, 6247200, 13130]] [5737513288.0, [223516.0, 7106434, 113702944, 38794, 113702944, 120604]] [1115367736.0, [43782.0, 1386502, 22167600, 9830, 20472368, 20038]] [310141573026.0, [14214982.5, 383626383, 6138012243, 5340891, 6138012243, 7110363]] [11929382960.0, [472602.6666666667, 14813420, 236848320, 329428, 217478336, 308704]]
Model_cost: [17455746607.333336, [2013.263888888889, 22447809, 359126200, 451617, 49400505, 3065634]] [4279833252.0, [14811.0, 5333103, 85328676, 86895, 77870628, 4866975]] [314766600.0, [20.0, 390450, 6247200, 13170, 6247200, 390410]] [5324641220.0, [5002.625, 6635394, 106002464, 38794, 103509152, 486182492]] [853689624.0, [359.0, 1085830, 17356848, 10118, 7767792, 483410]] [308775361002.0, [2118.0, 383626383, 6138012243, 5340891, 6137123727, 383570187]] [1429722272.0, [178.5, 1783660, 28517760, 42260, 25506688, 1593424]]
Arch_Param: [32, 16384, 8192, 16, 512, 64]
SK_cost: [20227202709.333332, [815146.8888888889, 12715108, 406836408, 451588, 270519480, 291169]] [4302210084.0, [203631.0, 2666607, 85328676, 86895, 85328676, 105327]] [315243000.0, [13130.0, 195230, 6247200, 13150, 6247200, 13130]] [5723296600.0, [223516.0, 3553222, 113702944, 38734, 113702944, 120604]] [1112598840.0, [43782.0, 694278, 22167600, 9830, 20472368, 20038]] [309374322114.0, [14214982.5, 191813655, 6138012243, 5340891, 6138012243, 7110363]] [11899748568.0, [472602.6666666667, 7406710, 236848320, 329310, 217478336, 308704]]
Model_cost: [17423083147.333336, [2058.7638888888887, 11224164, 359126200, 642660, 49400505, 92642]] [4269167268.0, [14811.0, 2666607, 85328676, 86895, 77870628, 2433543]] [313984440.0, [20.0, 195230, 6247200, 13150, 6247200, 195210]] [5311407572.0, [5002.625, 3327942, 106002464, 38734, 103509152, 485984056]] [851522840.0, [359.0, 544134, 17356848, 10118, 7767792, 237778]] [308008110090.0, [2118.0, 191813655, 6138012243, 5340891, 6137123727, 191785179]] [1426147436.0, [178.875, 891830, 28517760, 42142, 25506688, 790608]]
Arch_Param: [32, 16384, 8192, 16, 512, 128]
SK_cost: [20227202709.333332, [815146.8888888889, 12715108, 406836408, 451588, 270519480, 291169]] [4302210084.0, [203631.0, 2666607, 85328676, 86895, 85328676, 105327]] [315243000.0, [13130.0, 195230, 6247200, 13150, 6247200, 13130]] [5723296600.0, [223516.0, 3553222, 113702944, 38734, 113702944, 120604]] [1112598840.0, [43782.0, 694278, 22167600, 9830, 20472368, 20038]] [309374322114.0, [14214982.5, 191813655, 6138012243, 5340891, 6138012243, 7110363]] [11899748568.0, [472602.6666666667, 7406710, 236848320, 329310, 217478336, 308704]]
Model_cost: [17410850171.333336, [2013.263888888889, 11224164, 359126200, 451588, 49400505, 1533730]] [4269167268.0, [14811.0, 2666607, 85328676, 86895, 77870628, 2433543]] [313984440.0, [20.0, 195230, 6247200, 13150, 6247200, 195210]] [5311407572.0, [5002.625, 3327942, 106002464, 38734, 103509152, 485984056]] [851522840.0, [359.0, 544134, 17356848, 10118, 7767792, 241746]] [308008110090.0, [2118.0, 191813655, 6138012243, 5340891, 6137123727, 191785179]] [1426147400.0, [178.5, 891830, 28517760, 42142, 25506688, 796752]]
Arch_Param: [32, 16384, 8192, 16, 512, 256]
SK_cost: [20227202709.333332, [815146.8888888889, 12715108, 406836408, 451588, 270519480, 291169]] [4302210084.0, [203631.0, 2666607, 85328676, 86895, 85328676, 105327]] [315243000.0, [13130.0, 195230, 6247200, 13150, 6247200, 13130]] [5723296600.0, [223516.0, 3553222, 113702944, 38734, 113702944, 120604]] [1112598840.0, [43782.0, 694278, 22167600, 9830, 20472368, 20038]] [309374322114.0, [14214982.5, 191813655, 6138012243, 5340891, 6138012243, 7110363]] [11899748568.0, [472602.6666666667, 7406710, 236848320, 329310, 217478336, 308704]]
Model_cost: [17410850171.333336, [2013.263888888889, 11224164, 359126200, 451588, 49400505, 1533730]] [4269167268.0, [14811.0, 2666607, 85328676, 86895, 77870628, 2433543]] [313984440.0, [20.0, 195230, 6247200, 13150, 6247200, 195210]] [5311407572.0, [5002.625, 3327942, 106002464, 38734, 103509152, 485984056]] [851522456.0, [359.0, 543942, 17356848, 9830, 7777200, 242322]] [308008110090.0, [2118.0, 191813655, 6138012243, 5340891, 6137123727, 191785179]] [1426147400.0, [178.5, 891830, 28517760, 42142, 25506688, 796752]]
Arch_Param: [32, 16384, 8192, 16, 512, 512]
SK_cost: [20227202709.333332, [815146.8888888889, 12715108, 406836408, 451588, 270519480, 291169]] [4302210084.0, [203631.0, 2666607, 85328676, 86895, 85328676, 105327]] [315243000.0, [13130.0, 195230, 6247200, 13150, 6247200, 13130]] [5723296600.0, [223516.0, 3553222, 113702944, 38734, 113702944, 120604]] [1112598840.0, [43782.0, 694278, 22167600, 9830, 20472368, 20038]] [309374322114.0, [14214982.5, 191813655, 6138012243, 5340891, 6138012243, 7110363]] [11899748568.0, [472602.6666666667, 7406710, 236848320, 329310, 217478336, 308704]]
Model_cost: [17410849919.333336, [2010.638888888889, 11224164, 359126200, 451588, 49400505, 1540514]] [4269167268.0, [14811.0, 2666607, 85328676, 86895, 77870628, 2433543]] [313984440.0, [20.0, 195230, 6247200, 13150, 6247200, 195210]] [5311407572.0, [5002.625, 3327942, 106002464, 38734, 103509152, 485984056]] [851503640.0, [359.0, 543942, 17356848, 9830, 7767792, 242028]] [308008110090.0, [2118.0, 191813655, 6138012243, 5340891, 6137123727, 191785179]] [1426147400.0, [178.5, 891830, 28517760, 42142, 25506688, 796752]]
Arch_Param: [32, 16384, 8192, 16, 1024, 64]
SK_cost: [20201785801.333332, [815146.8888888889, 6360929, 406836408, 451585, 270519480, 291169]] [4296877092.0, [203631.0, 1333359, 85328676, 86895, 85328676, 105327]] [314877520.0, [13130.0, 104020, 6247200, 13140, 6247200, 13130]] [5716213856.0, [223516.0, 1783016, 113702944, 38704, 113702944, 120604]] [1111214392.0, [43782.0, 348166, 22167600, 9830, 20472368, 20038]] [308990696658.0, [14214982.5, 95907291, 6138012243, 5340891, 6138012243, 7110363]] [11884956972.0, [472602.6666666667, 3709755, 236848320, 329251, 217478336, 308704]]
Model_cost: [17400648127.333336, [2058.7638888888887, 5615457, 359126200, 642657, 49400505, 88546]] [4263834276.0, [14811.0, 1333359, 85328676, 86895, 77870628, 1216827]] [313619020.0, [20.625, 104020, 6247200, 13140, 6247200, 27210]] [5304816408.0, [5003.25, 1680616, 106002464, 38704, 103509152, 485814438]] [850439448.0, [359.0, 273286, 17356848, 10118, 7767792, 118994]] [307624484634.0, [2118.0, 95907291, 6138012243, 5340891, 6137123727, 95892675]] [1424363200.0, [178.875, 446715, 28517760, 42083, 25506688, 396112]]
Arch_Param: [32, 16384, 8192, 16, 1024, 128]
SK_cost: [20201785801.333332, [815146.8888888889, 6360929, 406836408, 451585, 270519480, 291169]] [4296877092.0, [203631.0, 1333359, 85328676, 86895, 85328676, 105327]] [314877520.0, [13130.0, 104020, 6247200, 13140, 6247200, 13130]] [5716213856.0, [223516.0, 1783016, 113702944, 38704, 113702944, 120604]] [1111214392.0, [43782.0, 348166, 22167600, 9830, 20472368, 20038]] [308990696658.0, [14214982.5, 95907291, 6138012243, 5340891, 6138012243, 7110363]] [11884956972.0, [472602.6666666667, 3709755, 236848320, 329251, 217478336, 308704]]
Model_cost: [17388415151.333336, [2013.263888888889, 5615457, 359126200, 451585, 49400505, 767778]] [4263834276.0, [14811.0, 1333359, 85328676, 86895, 77870628, 1216827]] [313619020.0, [20.625, 104020, 6247200, 13140, 6247200, 27210]] [5304816408.0, [5003.25, 1680616, 106002464, 38704, 103509152, 485814438]] [850439448.0, [359.0, 273286, 17356848, 10118, 7767792, 120914]] [307624484634.0, [2118.0, 95907291, 6138012243, 5340891, 6137123727, 95892675]] [1424363164.0, [178.5, 446715, 28517760, 42083, 25506688, 398416]]
Arch_Param: [32, 16384, 8192, 16, 1024, 256]
SK_cost: [20201785801.333332, [815146.8888888889, 6360929, 406836408, 451585, 270519480, 291169]] [4296877092.0, [203631.0, 1333359, 85328676, 86895, 85328676, 105327]] [314877520.0, [13130.0, 104020, 6247200, 13140, 6247200, 13130]] [5716213856.0, [223516.0, 1783016, 113702944, 38704, 113702944, 120604]] [1111214392.0, [43782.0, 348166, 22167600, 9830, 20472368, 20038]] [308990696658.0, [14214982.5, 95907291, 6138012243, 5340891, 6138012243, 7110363]] [11884956972.0, [472602.6666666667, 3709755, 236848320, 329251, 217478336, 308704]]
Model_cost: [17388415151.333336, [2013.263888888889, 5615457, 359126200, 451585, 49400505, 767778]] [4263834276.0, [14811.0, 1333359, 85328676, 86895, 77870628, 1216827]] [313619020.0, [20.625, 104020, 6247200, 13140, 6247200, 27210]] [5304816408.0, [5003.25, 1680616, 106002464, 38704, 103509152, 485814438]] [850438680.0, [359.0, 272998, 17356848, 9830, 7777200, 121196]] [307624484634.0, [2118.0, 95907291, 6138012243, 5340891, 6137123727, 95892675]] [1424363164.0, [178.5, 446715, 28517760, 42083, 25506688, 398416]]
Arch_Param: [32, 16384, 8192, 16, 1024, 512]
SK_cost: [20201785801.333332, [815146.8888888889, 6360929, 406836408, 451585, 270519480, 291169]] [4296877092.0, [203631.0, 1333359, 85328676, 86895, 85328676, 105327]] [314877520.0, [13130.0, 104020, 6247200, 13140, 6247200, 13130]] [5716213856.0, [223516.0, 1783016, 113702944, 38704, 113702944, 120604]] [1111214392.0, [43782.0, 348166, 22167600, 9830, 20472368, 20038]] [308990696658.0, [14214982.5, 95907291, 6138012243, 5340891, 6138012243, 7110363]] [11884956972.0, [472602.6666666667, 3709755, 236848320, 329251, 217478336, 308704]]
Model_cost: [17388414899.333336, [2010.638888888889, 5615457, 359126200, 451585, 49400505, 770402]] [4263834276.0, [14811.0, 1333359, 85328676, 86895, 77870628, 1216827]] [313619020.0, [20.625, 104020, 6247200, 13140, 6247200, 27210]] [5304816408.0, [5003.25, 1680616, 106002464, 38704, 103509152, 485814438]] [850419864.0, [359.0, 272998, 17356848, 9830, 7767792, 121049]] [307624484634.0, [2118.0, 95907291, 6138012243, 5340891, 6137123727, 95892675]] [1424363164.0, [178.5, 446715, 28517760, 42083, 25506688, 398416]]
Arch_Param: [32, 16384, 8192, 32, 256, 64]
SK_cost: [11558629193.333334, [462656.22222222225, 14471873, 231526584, 254913, 163368120, 186529]] [4312876068.0, [203631.0, 5333103, 85328676, 86895, 85328676, 105327]] [316025160.0, [13130.0, 390450, 6247200, 13170, 6247200, 13130]] [5737513288.0, [223516.0, 7106434, 113702944, 38794, 113702944, 120604]] [557841720.0, [21894.0, 693254, 11083824, 4918, 10314288, 10118]] [310141573026.0, [14214982.5, 383626383, 6138012243, 5340891, 6138012243, 7110363]] [10892404784.0, [427354.6666666666, 13498604, 215891136, 256724, 209089728, 300512]]
Model_cost: [9970950159.333332, [1143.5972222222222, 12767937, 204263608, 254913, 49400505, 3065634]] [4279833252.0, [14811.0, 5333103, 85328676, 86895, 77870628, 4866975]] [314766600.0, [20.0, 390450, 6247200, 13170, 6247200, 390410]] [5324641220.0, [5002.625, 6635394, 106002464, 38794, 103509152, 486182492]] [434614488.0, [185.0, 542918, 8678448, 5062, 7767792, 483410]] [308775361002.0, [2118.0, 383626383, 6138012243, 5340891, 6137123727, 383570187]] [1324871552.0, [143.5, 1647980, 26356864, 33172, 25506688, 1593424]]
Arch_Param: [32, 16384, 8192, 32, 256, 128]
SK_cost: [11558629193.333334, [462656.22222222225, 14471873, 231526584, 254913, 163368120, 186529]] [4312876068.0, [203631.0, 5333103, 85328676, 86895, 85328676, 105327]] [316025160.0, [13130.0, 390450, 6247200, 13170, 6247200, 13130]] [5737513288.0, [223516.0, 7106434, 113702944, 38794, 113702944, 120604]] [557841720.0, [21894.0, 693254, 11083824, 4918, 10314288, 10118]] [310141573026.0, [14214982.5, 383626383, 6138012243, 5340891, 6138012243, 7110363]] [10892404784.0, [427354.6666666666, 13498604, 215891136, 256724, 209089728, 300512]]
Model_cost: [9970950159.333332, [1143.5972222222222, 12767937, 204263608, 254913, 49400505, 3065634]] [4279833252.0, [14811.0, 5333103, 85328676, 86895, 77870628, 4866975]] [314766600.0, [20.0, 390450, 6247200, 13170, 6247200, 390410]] [5324641220.0, [5002.625, 6635394, 106002464, 38794, 103509152, 486182492]] [434614488.0, [185.0, 542918, 8678448, 5062, 7767792, 483410]] [308775361002.0, [2118.0, 383626383, 6138012243, 5340891, 6137123727, 383570187]] [1324871552.0, [143.5, 1647980, 26356864, 33172, 25506688, 1593424]]
Arch_Param: [32, 16384, 8192, 32, 256, 256]
SK_cost: [11558629193.333334, [462656.22222222225, 14471873, 231526584, 254913, 163368120, 186529]] [4312876068.0, [203631.0, 5333103, 85328676, 86895, 85328676, 105327]] [316025160.0, [13130.0, 390450, 6247200, 13170, 6247200, 13130]] [5737513288.0, [223516.0, 7106434, 113702944, 38794, 113702944, 120604]] [557841720.0, [21894.0, 693254, 11083824, 4918, 10314288, 10118]] [310141573026.0, [14214982.5, 383626383, 6138012243, 5340891, 6138012243, 7110363]] [10892404784.0, [427354.6666666666, 13498604, 215891136, 256724, 209089728, 300512]]
Model_cost: [9970950051.333332, [1142.4722222222222, 12767937, 204263608, 254913, 49400505, 3080738]] [4279833252.0, [14811.0, 5333103, 85328676, 86895, 77870628, 4866975]] [314766600.0, [20.0, 390450, 6247200, 13170, 6247200, 390410]] [5324641220.0, [5002.625, 6635394, 106002464, 38794, 103509152, 486182492]] [434605080.0, [183.0, 542918, 8678448, 4918, 7767792, 483986]] [308775361002.0, [2118.0, 383626383, 6138012243, 5340891, 6137123727, 383570187]] [1324871552.0, [143.5, 1647980, 26356864, 33172, 25506688, 1593424]]
Arch_Param: [32, 16384, 8192, 32, 512, 64]
SK_cost: [11529684629.333334, [462656.22222222225, 7236196, 231526584, 254884, 163368120, 186529]] [4302210084.0, [203631.0, 2666607, 85328676, 86895, 85328676, 105327]] [315243000.0, [13130.0, 195230, 6247200, 13150, 6247200, 13130]] [5723296600.0, [223516.0, 3553222, 113702944, 38734, 113702944, 120604]] [556457272.0, [21894.0, 347142, 11083824, 4918, 10314288, 10118]] [309374322114.0, [14214982.5, 191813655, 6138012243, 5340891, 6138012243, 7110363]] [10865400024.0, [427354.6666666666, 6749302, 215891136, 256606, 209089728, 300512]]
Model_cost: [9945413467.333332, [1143.5972222222222, 6384228, 204263608, 254884, 49400505, 1533730]] [4269167268.0, [14811.0, 2666607, 85328676, 86895, 77870628, 2433543]] [313984440.0, [20.0, 195230, 6247200, 13150, 6247200, 195210]] [5311407572.0, [5002.625, 3327942, 106002464, 38734, 103509152, 485984056]] [433531096.0, [185.0, 272070, 8678448, 5062, 7767792, 241746]] [308008110090.0, [2118.0, 191813655, 6138012243, 5340891, 6137123727, 191785179]] [1321568040.0, [143.5, 823990, 26356864, 33054, 25506688, 796752]]
Arch_Param: [32, 16384, 8192, 32, 512, 128]
SK_cost: [11529684629.333334, [462656.22222222225, 7236196, 231526584, 254884, 163368120, 186529]] [4302210084.0, [203631.0, 2666607, 85328676, 86895, 85328676, 105327]] [315243000.0, [13130.0, 195230, 6247200, 13150, 6247200, 13130]] [5723296600.0, [223516.0, 3553222, 113702944, 38734, 113702944, 120604]] [556457272.0, [21894.0, 347142, 11083824, 4918, 10314288, 10118]] [309374322114.0, [14214982.5, 191813655, 6138012243, 5340891, 6138012243, 7110363]] [10865400024.0, [427354.6666666666, 6749302, 215891136, 256606, 209089728, 300512]]
Model_cost: [9945413467.333332, [1143.5972222222222, 6384228, 204263608, 254884, 49400505, 1533730]] [4269167268.0, [14811.0, 2666607, 85328676, 86895, 77870628, 2433543]] [313984440.0, [20.0, 195230, 6247200, 13150, 6247200, 195210]] [5311407572.0, [5002.625, 3327942, 106002464, 38734, 103509152, 485984056]] [433531096.0, [185.0, 272070, 8678448, 5062, 7767792, 241746]] [308008110090.0, [2118.0, 191813655, 6138012243, 5340891, 6137123727, 191785179]] [1321568040.0, [143.5, 823990, 26356864, 33054, 25506688, 796752]]
Arch_Param: [32, 16384, 8192, 32, 512, 256]
SK_cost: [11529684629.333334, [462656.22222222225, 7236196, 231526584, 254884, 163368120, 186529]] [4302210084.0, [203631.0, 2666607, 85328676, 86895, 85328676, 105327]] [315243000.0, [13130.0, 195230, 6247200, 13150, 6247200, 13130]] [5723296600.0, [223516.0, 3553222, 113702944, 38734, 113702944, 120604]] [556457272.0, [21894.0, 347142, 11083824, 4918, 10314288, 10118]] [309374322114.0, [14214982.5, 191813655, 6138012243, 5340891, 6138012243, 7110363]] [10865400024.0, [427354.6666666666, 6749302, 215891136, 256606, 209089728, 300512]]
Model_cost: [9945413359.333332, [1142.4722222222222, 6384228, 204263608, 254884, 49400505, 1540514]] [4269167268.0, [14811.0, 2666607, 85328676, 86895, 77870628, 2433543]] [313984440.0, [20.0, 195230, 6247200, 13150, 6247200, 195210]] [5311407572.0, [5002.625, 3327942, 106002464, 38734, 103509152, 485984056]] [433521304.0, [183.0, 271974, 8678448, 4918, 7767792, 242028]] [308008110090.0, [2118.0, 191813655, 6138012243, 5340891, 6137123727, 191785179]] [1321568040.0, [143.5, 823990, 26356864, 33054, 25506688, 796752]]
Arch_Param: [32, 16384, 8192, 32, 512, 512]
SK_cost: [11529684629.333334, [462656.22222222225, 7236196, 231526584, 254884, 163368120, 186529]] [4302210084.0, [203631.0, 2666607, 85328676, 86895, 85328676, 105327]] [315243000.0, [13130.0, 195230, 6247200, 13150, 6247200, 13130]] [5723296600.0, [223516.0, 3553222, 113702944, 38734, 113702944, 120604]] [556457272.0, [21894.0, 347142, 11083824, 4918, 10314288, 10118]] [309374322114.0, [14214982.5, 191813655, 6138012243, 5340891, 6138012243, 7110363]] [10865400024.0, [427354.6666666666, 6749302, 215891136, 256606, 209089728, 300512]]
Model_cost: [9945413359.333332, [1142.4722222222222, 6384228, 204263608, 254884, 49400505, 1540514]] [4269167268.0, [14811.0, 2666607, 85328676, 86895, 77870628, 2433543]] [313984440.0, [20.0, 195230, 6247200, 13150, 6247200, 195210]] [5311407572.0, [5002.625, 3327942, 106002464, 38734, 103509152, 485984056]] [433521304.0, [183.0, 271974, 8678448, 4918, 7767792, 242028]] [308008110090.0, [2118.0, 191813655, 6138012243, 5340891, 6137123727, 191785179]] [1321568040.0, [143.5, 823990, 26356864, 33054, 25506688, 796752]]
Arch_Param: [32, 16384, 8192, 32, 1024, 64]
SK_cost: [11515219401.333334, [462656.22222222225, 3619937, 231526584, 254881, 163368120, 186529]] [4296877092.0, [203631.0, 1333359, 85328676, 86895, 85328676, 105327]] [314877520.0, [13130.0, 104020, 6247200, 13140, 6247200, 13130]] [5716213856.0, [223516.0, 1783016, 113702944, 38704, 113702944, 120604]] [555765048.0, [21894.0, 174086, 11083824, 4918, 10314288, 10118]] [308990696658.0, [14214982.5, 95907291, 6138012243, 5340891, 6138012243, 7110363]] [10851910956.0, [427354.6666666666, 3377979, 215891136, 256547, 209089728, 300512]]
Model_cost: [9932652175.333332, [1143.5972222222222, 3193953, 204263608, 254881, 49400505, 767778]] [4263834276.0, [14811.0, 1333359, 85328676, 86895, 77870628, 1216827]] [313619020.0, [20.625, 104020, 6247200, 13140, 6247200, 27210]] [5304816408.0, [5003.25, 1680616, 106002464, 38704, 103509152, 485814438]] [432989400.0, [185.0, 136646, 8678448, 5062, 7767792, 120914]] [307624484634.0, [2118.0, 95907291, 6138012243, 5340891, 6137123727, 95892675]] [1319917948.0, [143.5, 412411, 26356864, 32995, 25506688, 398416]]
Arch_Param: [32, 16384, 8192, 32, 1024, 128]
SK_cost: [11515219401.333334, [462656.22222222225, 3619937, 231526584, 254881, 163368120, 186529]] [4296877092.0, [203631.0, 1333359, 85328676, 86895, 85328676, 105327]] [314877520.0, [13130.0, 104020, 6247200, 13140, 6247200, 13130]] [5716213856.0, [223516.0, 1783016, 113702944, 38704, 113702944, 120604]] [555765048.0, [21894.0, 174086, 11083824, 4918, 10314288, 10118]] [308990696658.0, [14214982.5, 95907291, 6138012243, 5340891, 6138012243, 7110363]] [10851910956.0, [427354.6666666666, 3377979, 215891136, 256547, 209089728, 300512]]
Model_cost: [9932652175.333332, [1143.5972222222222, 3193953, 204263608, 254881, 49400505, 767778]] [4263834276.0, [14811.0, 1333359, 85328676, 86895, 77870628, 1216827]] [313619020.0, [20.625, 104020, 6247200, 13140, 6247200, 27210]] [5304816408.0, [5003.25, 1680616, 106002464, 38704, 103509152, 485814438]] [432989400.0, [185.0, 136646, 8678448, 5062, 7767792, 120914]] [307624484634.0, [2118.0, 95907291, 6138012243, 5340891, 6137123727, 95892675]] [1319917948.0, [143.5, 412411, 26356864, 32995, 25506688, 398416]]
Arch_Param: [32, 16384, 8192, 32, 1024, 256]
SK_cost: [11515219401.333334, [462656.22222222225, 3619937, 231526584, 254881, 163368120, 186529]] [4296877092.0, [203631.0, 1333359, 85328676, 86895, 85328676, 105327]] [314877520.0, [13130.0, 104020, 6247200, 13140, 6247200, 13130]] [5716213856.0, [223516.0, 1783016, 113702944, 38704, 113702944, 120604]] [555765048.0, [21894.0, 174086, 11083824, 4918, 10314288, 10118]] [308990696658.0, [14214982.5, 95907291, 6138012243, 5340891, 6138012243, 7110363]] [10851910956.0, [427354.6666666666, 3377979, 215891136, 256547, 209089728, 300512]]
Model_cost: [9932652067.333332, [1142.4722222222222, 3193953, 204263608, 254881, 49400505, 770402]] [4263834276.0, [14811.0, 1333359, 85328676, 86895, 77870628, 1216827]] [313619020.0, [20.625, 104020, 6247200, 13140, 6247200, 27210]] [5304816408.0, [5003.25, 1680616, 106002464, 38704, 103509152, 485814438]] [432979416.0, [183.0, 136502, 8678448, 4918, 7767792, 121049]] [307624484634.0, [2118.0, 95907291, 6138012243, 5340891, 6137123727, 95892675]] [1319917948.0, [143.5, 412411, 26356864, 32995, 25506688, 398416]]
Arch_Param: [32, 16384, 8192, 32, 1024, 512]
SK_cost: [11515219401.333334, [462656.22222222225, 3619937, 231526584, 254881, 163368120, 186529]] [4296877092.0, [203631.0, 1333359, 85328676, 86895, 85328676, 105327]] [314877520.0, [13130.0, 104020, 6247200, 13140, 6247200, 13130]] [5716213856.0, [223516.0, 1783016, 113702944, 38704, 113702944, 120604]] [555765048.0, [21894.0, 174086, 11083824, 4918, 10314288, 10118]] [308990696658.0, [14214982.5, 95907291, 6138012243, 5340891, 6138012243, 7110363]] [10851910956.0, [427354.6666666666, 3377979, 215891136, 256547, 209089728, 300512]]
Model_cost: [9932652067.333332, [1142.4722222222222, 3193953, 204263608, 254881, 49400505, 770402]] [4263834276.0, [14811.0, 1333359, 85328676, 86895, 77870628, 1216827]] [313619020.0, [20.625, 104020, 6247200, 13140, 6247200, 27210]] [5304816408.0, [5003.25, 1680616, 106002464, 38704, 103509152, 485814438]] [432979416.0, [183.0, 136502, 8678448, 4918, 7767792, 121049]] [307624484634.0, [2118.0, 95907291, 6138012243, 5340891, 6137123727, 95892675]] [1319917948.0, [143.5, 412411, 26356864, 32995, 25506688, 398416]]
Arch_Param: [32, 16384, 4096, 4, 256, 64]
SK_cost: [72896600318.66667, [5770538.111111111, 91214401, 1459298552, 1634145, 913427640, 919009]] [8191829028.0, [639087.0, 10223727, 163578660, 164463, 113640228, 132975]] [317284680, [26250, 390450, 6247200, 13170, 6247200, 13130]] [5758919752, [446500, 7106434, 113702944, 38794, 113702944, 120604]] [4477333816, [350214, 5545990, 88670256, 39302, 81420848, 79558]] [615288427218.0, [47951421.0, 767215743, 12275433555, 10680855, 8855921235, 9764571]] [20963312976.0, [1681875.0, 26148076, 417716928, 820436, 297170112, 386528]]
Model_cost: [62438142598.0, [14435.5, 80564801, 1288904952, 2316545, 49400505, 100834]] [8061938724.0, [31263.0, 10223727, 163578660, 164463, 77870628, 4866975]] [314767560.0, [30.0, 390450, 6247200, 13170, 6247200, 390410]] [5325118592.0, [9975.25, 6635394, 106002464, 38794, 103509152, 486182492]] [3371553848, [2826, 4343302, 69427248, 91654, 7767792, 9938]] [605248042122.0, [5691.0, 767215743, 12275433555, 10680855, 6137123727, 383570187]] [2357228168.0, [818.25, 2983404, 47652928, 107220, 25506688, 1501904]]
Arch_Param: [32, 16384, 4096, 4, 256, 128]
SK_cost: [72896600318.66667, [5770538.111111111, 91214401, 1459298552, 1634145, 913427640, 919009]] [8191829028.0, [639087.0, 10223727, 163578660, 164463, 113640228, 132975]] [317284680, [26250, 390450, 6247200, 13170, 6247200, 13130]] [5758919752, [446500, 7106434, 113702944, 38794, 113702944, 120604]] [4477333816, [350214, 5545990, 88670256, 39302, 81420848, 79558]] [615288427218.0, [47951421.0, 767215743, 12275433555, 10680855, 8855921235, 9764571]] [20963312976.0, [1681875.0, 26148076, 417716928, 820436, 297170112, 386528]]
Model_cost: [62438142598.0, [14435.5, 80564801, 1288904952, 2316545, 49400505, 100834]] [8061938724.0, [31263.0, 10223727, 163578660, 164463, 77870628, 4866975]] [314767560.0, [30.0, 390450, 6247200, 13170, 6247200, 390410]] [5325118592.0, [9975.25, 6635394, 106002464, 38794, 103509152, 486182492]] [3368277048.0, [2826.0, 4343302, 69427248, 40454, 7767792, 475346]] [605248042122.0, [5691.0, 767215743, 12275433555, 10680855, 6137123727, 383570187]] [2356998600.0, [816.25, 2983404, 47652928, 103636, 25506688, 1579600]]
Arch_Param: [32, 16384, 4096, 4, 256, 256]
SK_cost: [72896600318.66667, [5770538.111111111, 91214401, 1459298552, 1634145, 913427640, 919009]] [8191829028.0, [639087.0, 10223727, 163578660, 164463, 113640228, 132975]] [317284680, [26250, 390450, 6247200, 13170, 6247200, 13130]] [5758919752, [446500, 7106434, 113702944, 38794, 113702944, 120604]] [4477333816, [350214, 5545990, 88670256, 39302, 81420848, 79558]] [615288427218.0, [47951421.0, 767215743, 12275433555, 10680855, 8855921235, 9764571]] [20963312976.0, [1681875.0, 26148076, 417716928, 820436, 297170112, 386528]]
Model_cost: [62438142598.0, [14435.5, 80564801, 1288904952, 2316545, 49400505, 100834]] [8061938724.0, [31263.0, 10223727, 163578660, 164463, 77870628, 4866975]] [314767560.0, [30.0, 390450, 6247200, 13170, 6247200, 390410]] [5325118592.0, [9975.25, 6635394, 106002464, 38794, 103509152, 486182492]] [3368277048.0, [2826.0, 4343302, 69427248, 40454, 7767792, 475346]] [605248042122.0, [5691.0, 767215743, 12275433555, 10680855, 6137123727, 383570187]] [2356998600.0, [816.25, 2983404, 47652928, 103636, 25506688, 1579600]]
Arch_Param: [32, 16384, 4096, 4, 512, 64]
SK_cost: [72714170698.66667, [5770538.111111111, 45607460, 1459298552, 1634116, 913427640, 919009]] [8171381796.0, [639087.0, 5111919, 163578660, 164463, 113640228, 132975]] [316502520, [26250, 195230, 6247200, 13150, 6247200, 13130]] [5744703064, [446500, 3553222, 113702944, 38734, 113702944, 120604]] [4466258232, [350214, 2777094, 88670256, 39302, 81420848, 79558]] [613753999122.0, [47951421.0, 383608719, 12275433555, 10680855, 8855921235, 9764571]] [20911009272.0, [1681875.0, 13074038, 417716928, 820318, 297170112, 386528]]
Model_cost: [62277012178.0, [14435.5, 40282660, 1288904952, 2316516, 49400505, 92642]] [8041491492.0, [31263.0, 5111919, 163578660, 164463, 77870628, 2433543]] [313985400.0, [30.0, 195230, 6247200, 13150, 6247200, 195210]] [5311884944.0, [9975.25, 3327942, 106002464, 38734, 103509152, 485984056]] [3362886712, [2826, 2176518, 69427248, 91654, 7767792, 9938]] [603713614026.0, [5691.0, 383608719, 12275433555, 10680855, 6137123727, 191785179]] [2351253808.0, [818.25, 1491702, 47652928, 107102, 25506688, 753872]]
Arch_Param: [32, 16384, 4096, 4, 512, 128]
SK_cost: [72714170698.66667, [5770538.111111111, 45607460, 1459298552, 1634116, 913427640, 919009]] [8171381796.0, [639087.0, 5111919, 163578660, 164463, 113640228, 132975]] [316502520, [26250, 195230, 6247200, 13150, 6247200, 13130]] [5744703064, [446500, 3553222, 113702944, 38734, 113702944, 120604]] [4466258232, [350214, 2777094, 88670256, 39302, 81420848, 79558]] [613753999122.0, [47951421.0, 383608719, 12275433555, 10680855, 8855921235, 9764571]] [20911009272.0, [1681875.0, 13074038, 417716928, 820318, 297170112, 386528]]
Model_cost: [62277012178.0, [14435.5, 40282660, 1288904952, 2316516, 49400505, 92642]] [8041491492.0, [31263.0, 5111919, 163578660, 164463, 77870628, 2433543]] [313985400.0, [30.0, 195230, 6247200, 13150, 6247200, 195210]] [5311884944.0, [9975.25, 3327942, 106002464, 38734, 103509152, 485984056]] [3359609912.0, [2826.0, 2176518, 69427248, 40454, 7767792, 237778]] [603713614026.0, [5691.0, 383608719, 12275433555, 10680855, 6137123727, 191785179]] [2351024240.0, [816.25, 1491702, 47652928, 103518, 25506688, 790608]]
Arch_Param: [32, 16384, 4096, 4, 512, 256]
SK_cost: [72714170698.66667, [5770538.111111111, 45607460, 1459298552, 1634116, 913427640, 919009]] [8171381796.0, [639087.0, 5111919, 163578660, 164463, 113640228, 132975]] [316502520, [26250, 195230, 6247200, 13150, 6247200, 13130]] [5744703064, [446500, 3553222, 113702944, 38734, 113702944, 120604]] [4466258232, [350214, 2777094, 88670256, 39302, 81420848, 79558]] [613753999122.0, [47951421.0, 383608719, 12275433555, 10680855, 8855921235, 9764571]] [20911009272.0, [1681875.0, 13074038, 417716928, 820318, 297170112, 386528]]
Model_cost: [62277012178.0, [14435.5, 40282660, 1288904952, 2316516, 49400505, 92642]] [8041491492.0, [31263.0, 5111919, 163578660, 164463, 77870628, 2433543]] [313985400.0, [30.0, 195230, 6247200, 13150, 6247200, 195210]] [5311884944.0, [9975.25, 3327942, 106002464, 38734, 103509152, 485984056]] [3359609912.0, [2826.0, 2176518, 69427248, 40454, 7767792, 237778]] [603713614026.0, [5691.0, 383608719, 12275433555, 10680855, 6137123727, 191785179]] [2351024240.0, [816.25, 1491702, 47652928, 103518, 25506688, 790608]]
Arch_Param: [32, 16384, 4096, 4, 512, 512]
SK_cost: [72714170698.66667, [5770538.111111111, 45607460, 1459298552, 1634116, 913427640, 919009]] [8171381796.0, [639087.0, 5111919, 163578660, 164463, 113640228, 132975]] [316502520, [26250, 195230, 6247200, 13150, 6247200, 13130]] [5744703064, [446500, 3553222, 113702944, 38734, 113702944, 120604]] [4466258232, [350214, 2777094, 88670256, 39302, 81420848, 79558]] [613753999122.0, [47951421.0, 383608719, 12275433555, 10680855, 8855921235, 9764571]] [20911009272.0, [1681875.0, 13074038, 417716928, 820318, 297170112, 386528]]
Model_cost: [62233337810.0, [14427.5, 40282660, 1288904952, 1634116, 49400505, 1533730]] [8041491492.0, [31263.0, 5111919, 163578660, 164463, 77870628, 2433543]] [313985400.0, [30.0, 195230, 6247200, 13150, 6247200, 195210]] [5311884944.0, [9975.25, 3327942, 106002464, 38734, 103509152, 485984056]] [3359589560.0, [2826.0, 2175750, 69427248, 39302, 7796016, 242910]] [603713614026.0, [5691.0, 383608719, 12275433555, 10680855, 6137123727, 191785179]] [2351024024.0, [814.0, 1491702, 47652928, 103518, 25506688, 796752]]
Arch_Param: [32, 16384, 4096, 4, 1024, 64]
SK_cost: [72623006334.66667, [5770538.111111111, 22816417, 1459298552, 1634113, 913427640, 919009]] [8161158180.0, [639087.0, 2556015, 163578660, 164463, 113640228, 132975]] [316137040, [26250, 104020, 6247200, 13140, 6247200, 13130]] [5737620320, [446500, 1783016, 113702944, 38704, 113702944, 120604]] [4460720440, [350214, 1392646, 88670256, 39302, 81420848, 79558]] [612986785074.0, [47951421.0, 191805207, 12275433555, 10680855, 8855921235, 9764571]] [20884957772.0, [1681875.0, 6562107, 417716928, 820259, 297170112, 386528]]
Model_cost: [62196497414.0, [14435.5, 20154017, 1288904952, 2316513, 49400505, 88546]] [8031267876.0, [31263.0, 2556015, 163578660, 164463, 77870628, 1216827]] [313620040.0, [31.25, 104020, 6247200, 13140, 6247200, 27210]] [5305293840.0, [9976.5, 1680616, 106002464, 38704, 103509152, 485814438]] [3358553144, [2826, 1093126, 69427248, 91654, 7767792, 9938]] [602946399978.0, [5691.0, 191805207, 12275433555, 10680855, 6137123727, 95892675]] [2348279172.0, [818.25, 748987, 47652928, 107043, 25506688, 379856]]
Arch_Param: [32, 16384, 4096, 4, 1024, 128]
SK_cost: [72623006334.66667, [5770538.111111111, 22816417, 1459298552, 1634113, 913427640, 919009]] [8161158180.0, [639087.0, 2556015, 163578660, 164463, 113640228, 132975]] [316137040, [26250, 104020, 6247200, 13140, 6247200, 13130]] [5737620320, [446500, 1783016, 113702944, 38704, 113702944, 120604]] [4460720440, [350214, 1392646, 88670256, 39302, 81420848, 79558]] [612986785074.0, [47951421.0, 191805207, 12275433555, 10680855, 8855921235, 9764571]] [20884957772.0, [1681875.0, 6562107, 417716928, 820259, 297170112, 386528]]
Model_cost: [62196497414.0, [14435.5, 20154017, 1288904952, 2316513, 49400505, 88546]] [8031267876.0, [31263.0, 2556015, 163578660, 164463, 77870628, 1216827]] [313620040.0, [31.25, 104020, 6247200, 13140, 6247200, 27210]] [5305293840.0, [9976.5, 1680616, 106002464, 38704, 103509152, 485814438]] [3355276344.0, [2826.0, 1093126, 69427248, 40454, 7767792, 118994]] [602946399978.0, [5691.0, 191805207, 12275433555, 10680855, 6137123727, 95892675]] [2348049604.0, [816.25, 748987, 47652928, 103459, 25506688, 396112]]
Arch_Param: [32, 16384, 4096, 4, 1024, 256]
SK_cost: [72623006334.66667, [5770538.111111111, 22816417, 1459298552, 1634113, 913427640, 919009]] [8161158180.0, [639087.0, 2556015, 163578660, 164463, 113640228, 132975]] [316137040, [26250, 104020, 6247200, 13140, 6247200, 13130]] [5737620320, [446500, 1783016, 113702944, 38704, 113702944, 120604]] [4460720440, [350214, 1392646, 88670256, 39302, 81420848, 79558]] [612986785074.0, [47951421.0, 191805207, 12275433555, 10680855, 8855921235, 9764571]] [20884957772.0, [1681875.0, 6562107, 417716928, 820259, 297170112, 386528]]
Model_cost: [62196497414.0, [14435.5, 20154017, 1288904952, 2316513, 49400505, 88546]] [8031267876.0, [31263.0, 2556015, 163578660, 164463, 77870628, 1216827]] [313620040.0, [31.25, 104020, 6247200, 13140, 6247200, 27210]] [5305293840.0, [9976.5, 1680616, 106002464, 38704, 103509152, 485814438]] [3355276344.0, [2826.0, 1093126, 69427248, 40454, 7767792, 118994]] [602946399978.0, [5691.0, 191805207, 12275433555, 10680855, 6137123727, 95892675]] [2348049604.0, [816.25, 748987, 47652928, 103459, 25506688, 396112]]
Arch_Param: [32, 16384, 4096, 4, 1024, 512]
SK_cost: [72623006334.66667, [5770538.111111111, 22816417, 1459298552, 1634113, 913427640, 919009]] [8161158180.0, [639087.0, 2556015, 163578660, 164463, 113640228, 132975]] [316137040, [26250, 104020, 6247200, 13140, 6247200, 13130]] [5737620320, [446500, 1783016, 113702944, 38704, 113702944, 120604]] [4460720440, [350214, 1392646, 88670256, 39302, 81420848, 79558]] [612986785074.0, [47951421.0, 191805207, 12275433555, 10680855, 8855921235, 9764571]] [20884957772.0, [1681875.0, 6562107, 417716928, 820259, 297170112, 386528]]
Model_cost: [62152823046.0, [14427.5, 20154017, 1288904952, 1634113, 49400505, 767778]] [8031267876.0, [31263.0, 2556015, 163578660, 164463, 77870628, 1216827]] [313620040.0, [31.25, 104020, 6247200, 13140, 6247200, 27210]] [5305293840.0, [9976.5, 1680616, 106002464, 38704, 103509152, 485814438]] [3355254456.0, [2826.0, 1091974, 69427248, 39302, 7796016, 121490]] [602946399978.0, [5691.0, 191805207, 12275433555, 10680855, 6137123727, 95892675]] [2348049388.0, [814.0, 748987, 47652928, 103459, 25506688, 398416]]
Arch_Param: [32, 16384, 4096, 8, 256, 64]
SK_cost: [37863890857.333336, [2994342.5555555555, 47352385, 757568376, 845281, 484822200, 500449]] [4325336100.0, [333423.0, 5333103, 85328676, 86895, 85328676, 105327]] [317284680, [26250, 390450, 6247200, 13170, 6247200, 13130]] [5758919752, [446500, 7106434, 113702944, 38794, 113702944, 120604]] [2238824760, [175110, 2772998, 44335152, 19654, 40788528, 39878]] [311078721138.0, [23976942.0, 383626383, 6138012243, 5340891, 6138012243, 7110363]] [14056281424.0, [1114579.0, 17443052, 278762688, 474836, 234255552, 325088]]
Model_cost: [32453842814.0, [7472.75, 41814593, 668963704, 1200129, 49400505, 100834]] [4281244452.0, [29511.0, 5333103, 85328676, 86895, 77870628, 4866975]] [314767560.0, [30.0, 390450, 6247200, 13170, 6247200, 390410]] [5325118592.0, [9975.25, 6635394, 106002464, 38794, 103509152, 486182492]] [1691907960.0, [1416.0, 2171654, 34713648, 20230, 7767792, 475346]] [308775549066.0, [4077.0, 383626383, 6138012243, 5340891, 6137123727, 383570187]] [1639446248.0, [483.25, 2055020, 32839552, 60436, 25506688, 1579600]]
Arch_Param: [32, 16384, 4096, 8, 256, 128]
SK_cost: [37863890857.333336, [2994342.5555555555, 47352385, 757568376, 845281, 484822200, 500449]] [4325336100.0, [333423.0, 5333103, 85328676, 86895, 85328676, 105327]] [317284680, [26250, 390450, 6247200, 13170, 6247200, 13130]] [5758919752, [446500, 7106434, 113702944, 38794, 113702944, 120604]] [2238824760, [175110, 2772998, 44335152, 19654, 40788528, 39878]] [311078721138.0, [23976942.0, 383626383, 6138012243, 5340891, 6138012243, 7110363]] [14056281424.0, [1114579.0, 17443052, 278762688, 474836, 234255552, 325088]]
Model_cost: [32453842814.0, [7472.75, 41814593, 668963704, 1200129, 49400505, 100834]] [4281244452.0, [29511.0, 5333103, 85328676, 86895, 77870628, 4866975]] [314767560.0, [30.0, 390450, 6247200, 13170, 6247200, 390410]] [5325118592.0, [9975.25, 6635394, 106002464, 38794, 103509152, 486182492]] [1691907960.0, [1416.0, 2171654, 34713648, 20230, 7767792, 475346]] [308775549066.0, [4077.0, 383626383, 6138012243, 5340891, 6137123727, 383570187]] [1639446248.0, [483.25, 2055020, 32839552, 60436, 25506688, 1579600]]
Arch_Param: [32, 16384, 4096, 8, 256, 256]
SK_cost: [37863890857.333336, [2994342.5555555555, 47352385, 757568376, 845281, 484822200, 500449]] [4325336100.0, [333423.0, 5333103, 85328676, 86895, 85328676, 105327]] [317284680, [26250, 390450, 6247200, 13170, 6247200, 13130]] [5758919752, [446500, 7106434, 113702944, 38794, 113702944, 120604]] [2238824760, [175110, 2772998, 44335152, 19654, 40788528, 39878]] [311078721138.0, [23976942.0, 383626383, 6138012243, 5340891, 6138012243, 7110363]] [14056281424.0, [1114579.0, 17443052, 278762688, 474836, 234255552, 325088]]
Model_cost: [32431131774.0, [7464.75, 41814593, 668963704, 845281, 49400505, 3065634]] [4281244452.0, [29511.0, 5333103, 85328676, 86895, 77870628, 4866975]] [314767560.0, [30.0, 390450, 6247200, 13170, 6247200, 390410]] [5325118592.0, [9975.25, 6635394, 106002464, 38794, 103509152, 486182492]] [1691907960.0, [1416.0, 2171654, 34713648, 20230, 7767792, 483410]] [308775549066.0, [4077.0, 383626383, 6138012243, 5340891, 6137123727, 383570187]] [1639446032.0, [481.0, 2055020, 32839552, 60436, 25506688, 1593424]]
Arch_Param: [32, 16384, 4096, 8, 512, 64]
SK_cost: [37769185269.333336, [2994342.5555555555, 23676452, 757568376, 845252, 484822200, 500449]] [4314670116.0, [333423.0, 2666607, 85328676, 86895, 85328676, 105327]] [316502520, [26250, 195230, 6247200, 13150, 6247200, 13130]] [5744703064, [446500, 3553222, 113702944, 38734, 113702944, 120604]] [2233286968, [175110, 1388550, 44335152, 19654, 40788528, 39878]] [310311470226.0, [23976942.0, 191813655, 6138012243, 5340891, 6138012243, 7110363]] [14021387768.0, [1114579.0, 8721526, 278762688, 474718, 234255552, 325088]]
Model_cost: [32370212810.0, [7472.75, 20907556, 668963704, 1200100, 49400505, 92642]] [4270578468.0, [29511.0, 2666607, 85328676, 86895, 77870628, 2433543]] [313985400.0, [30.0, 195230, 6247200, 13150, 6247200, 195210]] [5311884944.0, [9975.25, 3327942, 106002464, 38734, 103509152, 485984056]] [1687574392.0, [1416.0, 1088262, 34713648, 20230, 7767792, 237778]] [308008298154.0, [4077.0, 191813655, 6138012243, 5340891, 6137123727, 191785179]] [1635328656.0, [483.25, 1027510, 32839552, 60318, 25506688, 790608]]
Arch_Param: [32, 16384, 4096, 8, 512, 128]
SK_cost: [37769185269.333336, [2994342.5555555555, 23676452, 757568376, 845252, 484822200, 500449]] [4314670116.0, [333423.0, 2666607, 85328676, 86895, 85328676, 105327]] [316502520, [26250, 195230, 6247200, 13150, 6247200, 13130]] [5744703064, [446500, 3553222, 113702944, 38734, 113702944, 120604]] [2233286968, [175110, 1388550, 44335152, 19654, 40788528, 39878]] [310311470226.0, [23976942.0, 191813655, 6138012243, 5340891, 6138012243, 7110363]] [14021387768.0, [1114579.0, 8721526, 278762688, 474718, 234255552, 325088]]
Model_cost: [32370212810.0, [7472.75, 20907556, 668963704, 1200100, 49400505, 92642]] [4270578468.0, [29511.0, 2666607, 85328676, 86895, 77870628, 2433543]] [313985400.0, [30.0, 195230, 6247200, 13150, 6247200, 195210]] [5311884944.0, [9975.25, 3327942, 106002464, 38734, 103509152, 485984056]] [1687574392.0, [1416.0, 1088262, 34713648, 20230, 7767792, 237778]] [308008298154.0, [4077.0, 191813655, 6138012243, 5340891, 6137123727, 191785179]] [1635328656.0, [483.25, 1027510, 32839552, 60318, 25506688, 790608]]
Arch_Param: [32, 16384, 4096, 8, 512, 256]
SK_cost: [37769185269.333336, [2994342.5555555555, 23676452, 757568376, 845252, 484822200, 500449]] [4314670116.0, [333423.0, 2666607, 85328676, 86895, 85328676, 105327]] [316502520, [26250, 195230, 6247200, 13150, 6247200, 13130]] [5744703064, [446500, 3553222, 113702944, 38734, 113702944, 120604]] [2233286968, [175110, 1388550, 44335152, 19654, 40788528, 39878]] [310311470226.0, [23976942.0, 191813655, 6138012243, 5340891, 6138012243, 7110363]] [14021387768.0, [1114579.0, 8721526, 278762688, 474718, 234255552, 325088]]
Model_cost: [32347501770.0, [7464.75, 20907556, 668963704, 845252, 49400505, 1533730]] [4270578468.0, [29511.0, 2666607, 85328676, 86895, 77870628, 2433543]] [313985400.0, [30.0, 195230, 6247200, 13150, 6247200, 195210]] [5311884944.0, [9975.25, 3327942, 106002464, 38734, 103509152, 485984056]] [1687574392.0, [1416.0, 1088262, 34713648, 20230, 7767792, 241746]] [308008298154.0, [4077.0, 191813655, 6138012243, 5340891, 6137123727, 191785179]] [1635328440.0, [481.0, 1027510, 32839552, 60318, 25506688, 796752]]
Arch_Param: [32, 16384, 4096, 8, 512, 512]
SK_cost: [37769185269.333336, [2994342.5555555555, 23676452, 757568376, 845252, 484822200, 500449]] [4314670116.0, [333423.0, 2666607, 85328676, 86895, 85328676, 105327]] [316502520, [26250, 195230, 6247200, 13150, 6247200, 13130]] [5744703064, [446500, 3553222, 113702944, 38734, 113702944, 120604]] [2233286968, [175110, 1388550, 44335152, 19654, 40788528, 39878]] [310311470226.0, [23976942.0, 191813655, 6138012243, 5340891, 6138012243, 7110363]] [14021387768.0, [1114579.0, 8721526, 278762688, 474718, 234255552, 325088]]
Model_cost: [32347501770.0, [7464.75, 20907556, 668963704, 845252, 49400505, 1533730]] [4270578468.0, [29511.0, 2666607, 85328676, 86895, 77870628, 2433543]] [313985400.0, [30.0, 195230, 6247200, 13150, 6247200, 195210]] [5311884944.0, [9975.25, 3327942, 106002464, 38734, 103509152, 485984056]] [1687554808.0, [1416.0, 1087878, 34713648, 19654, 7777200, 242322]] [308008298154.0, [4077.0, 191813655, 6138012243, 5340891, 6137123727, 191785179]] [1635328440.0, [481.0, 1027510, 32839552, 60318, 25506688, 796752]]
Arch_Param: [32, 16384, 4096, 8, 1024, 64]
SK_cost: [37721858089.333336, [2994342.5555555555, 11844705, 757568376, 845249, 484822200, 500449]] [4309337124.0, [333423.0, 1333359, 85328676, 86895, 85328676, 105327]] [316137040, [26250, 104020, 6247200, 13140, 6247200, 13130]] [5737620320, [446500, 1783016, 113702944, 38704, 113702944, 120604]] [2230518072, [175110, 696326, 44335152, 19654, 40788528, 39878]] [309927844770.0, [23976942.0, 95907291, 6138012243, 5340891, 6138012243, 7110363]] [14003991116.0, [1114579.0, 4373307, 278762688, 474659, 234255552, 325088]]
Model_cost: [32328423422.0, [7472.75, 10460257, 668963704, 1200097, 49400505, 88546]] [4265245476.0, [29511.0, 1333359, 85328676, 86895, 77870628, 1216827]] [313620040.0, [31.25, 104020, 6247200, 13140, 6247200, 27210]] [5305293840.0, [9976.5, 1680616, 106002464, 38704, 103509152, 485814438]] [1685407608.0, [1416.0, 546566, 34713648, 20230, 7767792, 118994]] [307624672698.0, [4077.0, 95907291, 6138012243, 5340891, 6137123727, 95892675]] [1633276132.0, [483.25, 515323, 32839552, 60259, 25506688, 396112]]
Arch_Param: [32, 16384, 4096, 8, 1024, 128]
SK_cost: [37721858089.333336, [2994342.5555555555, 11844705, 757568376, 845249, 484822200, 500449]] [4309337124.0, [333423.0, 1333359, 85328676, 86895, 85328676, 105327]] [316137040, [26250, 104020, 6247200, 13140, 6247200, 13130]] [5737620320, [446500, 1783016, 113702944, 38704, 113702944, 120604]] [2230518072, [175110, 696326, 44335152, 19654, 40788528, 39878]] [309927844770.0, [23976942.0, 95907291, 6138012243, 5340891, 6138012243, 7110363]] [14003991116.0, [1114579.0, 4373307, 278762688, 474659, 234255552, 325088]]
Model_cost: [32328423422.0, [7472.75, 10460257, 668963704, 1200097, 49400505, 88546]] [4265245476.0, [29511.0, 1333359, 85328676, 86895, 77870628, 1216827]] [313620040.0, [31.25, 104020, 6247200, 13140, 6247200, 27210]] [5305293840.0, [9976.5, 1680616, 106002464, 38704, 103509152, 485814438]] [1685407608.0, [1416.0, 546566, 34713648, 20230, 7767792, 118994]] [307624672698.0, [4077.0, 95907291, 6138012243, 5340891, 6137123727, 95892675]] [1633276132.0, [483.25, 515323, 32839552, 60259, 25506688, 396112]]
Arch_Param: [32, 16384, 4096, 8, 1024, 256]
SK_cost: [37721858089.333336, [2994342.5555555555, 11844705, 757568376, 845249, 484822200, 500449]] [4309337124.0, [333423.0, 1333359, 85328676, 86895, 85328676, 105327]] [316137040, [26250, 104020, 6247200, 13140, 6247200, 13130]] [5737620320, [446500, 1783016, 113702944, 38704, 113702944, 120604]] [2230518072, [175110, 696326, 44335152, 19654, 40788528, 39878]] [309927844770.0, [23976942.0, 95907291, 6138012243, 5340891, 6138012243, 7110363]] [14003991116.0, [1114579.0, 4373307, 278762688, 474659, 234255552, 325088]]
Model_cost: [32305712382.0, [7464.75, 10460257, 668963704, 845249, 49400505, 767778]] [4265245476.0, [29511.0, 1333359, 85328676, 86895, 77870628, 1216827]] [313620040.0, [31.25, 104020, 6247200, 13140, 6247200, 27210]] [5305293840.0, [9976.5, 1680616, 106002464, 38704, 103509152, 485814438]] [1685407608.0, [1416.0, 546566, 34713648, 20230, 7767792, 120914]] [307624672698.0, [4077.0, 95907291, 6138012243, 5340891, 6137123727, 95892675]] [1633275916.0, [481.0, 515323, 32839552, 60259, 25506688, 398416]]
Arch_Param: [32, 16384, 4096, 8, 1024, 512]
SK_cost: [37721858089.333336, [2994342.5555555555, 11844705, 757568376, 845249, 484822200, 500449]] [4309337124.0, [333423.0, 1333359, 85328676, 86895, 85328676, 105327]] [316137040, [26250, 104020, 6247200, 13140, 6247200, 13130]] [5737620320, [446500, 1783016, 113702944, 38704, 113702944, 120604]] [2230518072, [175110, 696326, 44335152, 19654, 40788528, 39878]] [309927844770.0, [23976942.0, 95907291, 6138012243, 5340891, 6138012243, 7110363]] [14003991116.0, [1114579.0, 4373307, 278762688, 474659, 234255552, 325088]]
Model_cost: [32305712382.0, [7464.75, 10460257, 668963704, 845249, 49400505, 767778]] [4265245476.0, [29511.0, 1333359, 85328676, 86895, 77870628, 1216827]] [313620040.0, [31.25, 104020, 6247200, 13140, 6247200, 27210]] [5305293840.0, [9976.5, 1680616, 106002464, 38704, 103509152, 485814438]] [1685387256.0, [1416.0, 545990, 34713648, 19654, 7777200, 121196]] [307624672698.0, [4077.0, 95907291, 6138012243, 5340891, 6137123727, 95892675]] [1633275916.0, [481.0, 515323, 32839552, 60259, 25506688, 398416]]
Arch_Param: [32, 16384, 4096, 16, 256, 64]
SK_cost: [20354065150.666668, [1606836.7777777778, 25429697, 406836408, 451617, 270519480, 291169]] [4325336100.0, [333423.0, 5333103, 85328676, 86895, 85328676, 105327]] [317284680, [26250, 390450, 6247200, 13170, 6247200, 13130]] [5758919752, [446500, 7106434, 113702944, 38794, 113702944, 120604]] [1119570232, [87558, 1386502, 22167600, 9830, 20472368, 20038]] [311078721138.0, [23976942.0, 383626383, 6138012243, 5340891, 6138012243, 7110363]] [11974128976.0, [938707.0, 14813420, 236848320, 329428, 217478336, 308704]]
Model_cost: [17468165224.666664, [3992.527777777778, 22447809, 359126200, 642689, 49400505, 100834]] [4281244452.0, [29511.0, 5333103, 85328676, 86895, 77870628, 4866975]] [314767560.0, [30.0, 390450, 6247200, 13170, 6247200, 390410]] [5325118592.0, [9975.25, 6635394, 106002464, 38794, 103509152, 486182492]] [853723416.0, [711.0, 1085830, 17356848, 10118, 7767792, 475346]] [308775549066.0, [4077.0, 383626383, 6138012243, 5340891, 6137123727, 383570187]] [1429738136.0, [343.75, 1783660, 28517760, 42260, 25506688, 1579600]]
Arch_Param: [32, 16384, 4096, 16, 256, 128]
SK_cost: [20354065150.666668, [1606836.7777777778, 25429697, 406836408, 451617, 270519480, 291169]] [4325336100.0, [333423.0, 5333103, 85328676, 86895, 85328676, 105327]] [317284680, [26250, 390450, 6247200, 13170, 6247200, 13130]] [5758919752, [446500, 7106434, 113702944, 38794, 113702944, 120604]] [1119570232, [87558, 1386502, 22167600, 9830, 20472368, 20038]] [311078721138.0, [23976942.0, 383626383, 6138012243, 5340891, 6138012243, 7110363]] [11974128976.0, [938707.0, 14813420, 236848320, 329428, 217478336, 308704]]
Model_cost: [17455936232.666664, [3988.527777777778, 22447809, 359126200, 451617, 49400505, 3065634]] [4281244452.0, [29511.0, 5333103, 85328676, 86895, 77870628, 4866975]] [314767560.0, [30.0, 390450, 6247200, 13170, 6247200, 390410]] [5325118592.0, [9975.25, 6635394, 106002464, 38794, 103509152, 486182492]] [853723416.0, [711.0, 1085830, 17356848, 10118, 7767792, 483410]] [308775549066.0, [4077.0, 383626383, 6138012243, 5340891, 6137123727, 383570187]] [1429738064.0, [343.0, 1783660, 28517760, 42260, 25506688, 1593424]]
Arch_Param: [32, 16384, 4096, 16, 256, 256]
SK_cost: [20354065150.666668, [1606836.7777777778, 25429697, 406836408, 451617, 270519480, 291169]] [4325336100.0, [333423.0, 5333103, 85328676, 86895, 85328676, 105327]] [317284680, [26250, 390450, 6247200, 13170, 6247200, 13130]] [5758919752, [446500, 7106434, 113702944, 38794, 113702944, 120604]] [1119570232, [87558, 1386502, 22167600, 9830, 20472368, 20038]] [311078721138.0, [23976942.0, 383626383, 6138012243, 5340891, 6138012243, 7110363]] [11974128976.0, [938707.0, 14813420, 236848320, 329428, 217478336, 308704]]
Model_cost: [17455936232.666664, [3988.527777777778, 22447809, 359126200, 451617, 49400505, 3065634]] [4281244452.0, [29511.0, 5333103, 85328676, 86895, 77870628, 4866975]] [314767560.0, [30.0, 390450, 6247200, 13170, 6247200, 390410]] [5325118592.0, [9975.25, 6635394, 106002464, 38794, 103509152, 486182492]] [853723416.0, [711.0, 1085830, 17356848, 10118, 7767792, 483410]] [308775549066.0, [4077.0, 383626383, 6138012243, 5340891, 6137123727, 383570187]] [1429738064.0, [343.0, 1783660, 28517760, 42260, 25506688, 1593424]]
Arch_Param: [32, 16384, 4096, 16, 512, 64]
SK_cost: [20303204938.666668, [1606836.7777777778, 12715108, 406836408, 451588, 270519480, 291169]] [4314670116.0, [333423.0, 2666607, 85328676, 86895, 85328676, 105327]] [316502520, [26250, 195230, 6247200, 13150, 6247200, 13130]] [5744703064, [446500, 3553222, 113702944, 38734, 113702944, 120604]] [1116801336, [87558, 694278, 22167600, 9830, 20472368, 20038]] [310311470226.0, [23976942.0, 191813655, 6138012243, 5340891, 6138012243, 7110363]] [11944494584.0, [938707.0, 7406710, 236848320, 329310, 217478336, 308704]]
Model_cost: [17423268788.666664, [3992.527777777778, 11224164, 359126200, 642660, 49400505, 92642]] [4270578468.0, [29511.0, 2666607, 85328676, 86895, 77870628, 2433543]] [313985400.0, [30.0, 195230, 6247200, 13150, 6247200, 195210]] [5311884944.0, [9975.25, 3327942, 106002464, 38734, 103509152, 485984056]] [851556632.0, [711.0, 544134, 17356848, 10118, 7767792, 237778]] [308008298154.0, [4077.0, 191813655, 6138012243, 5340891, 6137123727, 191785179]] [1426163264.0, [343.75, 891830, 28517760, 42142, 25506688, 790608]]
Arch_Param: [32, 16384, 4096, 16, 512, 128]
SK_cost: [20303204938.666668, [1606836.7777777778, 12715108, 406836408, 451588, 270519480, 291169]] [4314670116.0, [333423.0, 2666607, 85328676, 86895, 85328676, 105327]] [316502520, [26250, 195230, 6247200, 13150, 6247200, 13130]] [5744703064, [446500, 3553222, 113702944, 38734, 113702944, 120604]] [1116801336, [87558, 694278, 22167600, 9830, 20472368, 20038]] [310311470226.0, [23976942.0, 191813655, 6138012243, 5340891, 6138012243, 7110363]] [11944494584.0, [938707.0, 7406710, 236848320, 329310, 217478336, 308704]]
Model_cost: [17411039796.666664, [3988.527777777778, 11224164, 359126200, 451588, 49400505, 1533730]] [4270578468.0, [29511.0, 2666607, 85328676, 86895, 77870628, 2433543]] [313985400.0, [30.0, 195230, 6247200, 13150, 6247200, 195210]] [5311884944.0, [9975.25, 3327942, 106002464, 38734, 103509152, 485984056]] [851556632.0, [711.0, 544134, 17356848, 10118, 7767792, 241746]] [308008298154.0, [4077.0, 191813655, 6138012243, 5340891, 6137123727, 191785179]] [1426163192.0, [343.0, 891830, 28517760, 42142, 25506688, 796752]]
Arch_Param: [32, 16384, 4096, 16, 512, 256]
SK_cost: [20303204938.666668, [1606836.7777777778, 12715108, 406836408, 451588, 270519480, 291169]] [4314670116.0, [333423.0, 2666607, 85328676, 86895, 85328676, 105327]] [316502520, [26250, 195230, 6247200, 13150, 6247200, 13130]] [5744703064, [446500, 3553222, 113702944, 38734, 113702944, 120604]] [1116801336, [87558, 694278, 22167600, 9830, 20472368, 20038]] [310311470226.0, [23976942.0, 191813655, 6138012243, 5340891, 6138012243, 7110363]] [11944494584.0, [938707.0, 7406710, 236848320, 329310, 217478336, 308704]]
Model_cost: [17411039796.666664, [3988.527777777778, 11224164, 359126200, 451588, 49400505, 1533730]] [4270578468.0, [29511.0, 2666607, 85328676, 86895, 77870628, 2433543]] [313985400.0, [30.0, 195230, 6247200, 13150, 6247200, 195210]] [5311884944.0, [9975.25, 3327942, 106002464, 38734, 103509152, 485984056]] [851556248.0, [711.0, 543942, 17356848, 9830, 7777200, 242322]] [308008298154.0, [4077.0, 191813655, 6138012243, 5340891, 6137123727, 191785179]] [1426163192.0, [343.0, 891830, 28517760, 42142, 25506688, 796752]]
Arch_Param: [32, 16384, 4096, 16, 512, 512]
SK_cost: [20303204938.666668, [1606836.7777777778, 12715108, 406836408, 451588, 270519480, 291169]] [4314670116.0, [333423.0, 2666607, 85328676, 86895, 85328676, 105327]] [316502520, [26250, 195230, 6247200, 13150, 6247200, 13130]] [5744703064, [446500, 3553222, 113702944, 38734, 113702944, 120604]] [1116801336, [87558, 694278, 22167600, 9830, 20472368, 20038]] [310311470226.0, [23976942.0, 191813655, 6138012243, 5340891, 6138012243, 7110363]] [11944494584.0, [938707.0, 7406710, 236848320, 329310, 217478336, 308704]]
Model_cost: [17411039580.666664, [3986.277777777778, 11224164, 359126200, 451588, 49400505, 1540514]] [4270578468.0, [29511.0, 2666607, 85328676, 86895, 77870628, 2433543]] [313985400.0, [30.0, 195230, 6247200, 13150, 6247200, 195210]] [5311884944.0, [9975.25, 3327942, 106002464, 38734, 103509152, 485984056]] [851537432.0, [711.0, 543942, 17356848, 9830, 7767792, 242028]] [308008298154.0, [4077.0, 191813655, 6138012243, 5340891, 6137123727, 191785179]] [1426163192.0, [343.0, 891830, 28517760, 42142, 25506688, 796752]]
Arch_Param: [32, 16384, 4096, 16, 1024, 64]
SK_cost: [20277788030.666668, [1606836.7777777778, 6360929, 406836408, 451585, 270519480, 291169]] [4309337124.0, [333423.0, 1333359, 85328676, 86895, 85328676, 105327]] [316137040, [26250, 104020, 6247200, 13140, 6247200, 13130]] [5737620320, [446500, 1783016, 113702944, 38704, 113702944, 120604]] [1115416888, [87558, 348166, 22167600, 9830, 20472368, 20038]] [309927844770.0, [23976942.0, 95907291, 6138012243, 5340891, 6138012243, 7110363]] [11929702988.0, [938707.0, 3709755, 236848320, 329251, 217478336, 308704]]
Model_cost: [17400833768.666664, [3992.527777777778, 5615457, 359126200, 642657, 49400505, 88546]] [4265245476.0, [29511.0, 1333359, 85328676, 86895, 77870628, 1216827]] [313620040.0, [31.25, 104020, 6247200, 13140, 6247200, 27210]] [5305293840.0, [9976.5, 1680616, 106002464, 38704, 103509152, 485814438]] [850473240.0, [711.0, 273286, 17356848, 10118, 7767792, 118994]] [307624672698.0, [4077.0, 95907291, 6138012243, 5340891, 6137123727, 95892675]] [1424379028.0, [343.75, 446715, 28517760, 42083, 25506688, 396112]]
Arch_Param: [32, 16384, 4096, 16, 1024, 128]
SK_cost: [20277788030.666668, [1606836.7777777778, 6360929, 406836408, 451585, 270519480, 291169]] [4309337124.0, [333423.0, 1333359, 85328676, 86895, 85328676, 105327]] [316137040, [26250, 104020, 6247200, 13140, 6247200, 13130]] [5737620320, [446500, 1783016, 113702944, 38704, 113702944, 120604]] [1115416888, [87558, 348166, 22167600, 9830, 20472368, 20038]] [309927844770.0, [23976942.0, 95907291, 6138012243, 5340891, 6138012243, 7110363]] [11929702988.0, [938707.0, 3709755, 236848320, 329251, 217478336, 308704]]
Model_cost: [17388604776.666664, [3988.527777777778, 5615457, 359126200, 451585, 49400505, 767778]] [4265245476.0, [29511.0, 1333359, 85328676, 86895, 77870628, 1216827]] [313620040.0, [31.25, 104020, 6247200, 13140, 6247200, 27210]] [5305293840.0, [9976.5, 1680616, 106002464, 38704, 103509152, 485814438]] [850473240.0, [711.0, 273286, 17356848, 10118, 7767792, 120914]] [307624672698.0, [4077.0, 95907291, 6138012243, 5340891, 6137123727, 95892675]] [1424378956.0, [343.0, 446715, 28517760, 42083, 25506688, 398416]]
Arch_Param: [32, 16384, 4096, 16, 1024, 256]
SK_cost: [20277788030.666668, [1606836.7777777778, 6360929, 406836408, 451585, 270519480, 291169]] [4309337124.0, [333423.0, 1333359, 85328676, 86895, 85328676, 105327]] [316137040, [26250, 104020, 6247200, 13140, 6247200, 13130]] [5737620320, [446500, 1783016, 113702944, 38704, 113702944, 120604]] [1115416888, [87558, 348166, 22167600, 9830, 20472368, 20038]] [309927844770.0, [23976942.0, 95907291, 6138012243, 5340891, 6138012243, 7110363]] [11929702988.0, [938707.0, 3709755, 236848320, 329251, 217478336, 308704]]
Model_cost: [17388604776.666664, [3988.527777777778, 5615457, 359126200, 451585, 49400505, 767778]] [4265245476.0, [29511.0, 1333359, 85328676, 86895, 77870628, 1216827]] [313620040.0, [31.25, 104020, 6247200, 13140, 6247200, 27210]] [5305293840.0, [9976.5, 1680616, 106002464, 38704, 103509152, 485814438]] [850472472.0, [711.0, 272998, 17356848, 9830, 7777200, 121196]] [307624672698.0, [4077.0, 95907291, 6138012243, 5340891, 6137123727, 95892675]] [1424378956.0, [343.0, 446715, 28517760, 42083, 25506688, 398416]]
Arch_Param: [32, 16384, 4096, 16, 1024, 512]
SK_cost: [20277788030.666668, [1606836.7777777778, 6360929, 406836408, 451585, 270519480, 291169]] [4309337124.0, [333423.0, 1333359, 85328676, 86895, 85328676, 105327]] [316137040, [26250, 104020, 6247200, 13140, 6247200, 13130]] [5737620320, [446500, 1783016, 113702944, 38704, 113702944, 120604]] [1115416888, [87558, 348166, 22167600, 9830, 20472368, 20038]] [309927844770.0, [23976942.0, 95907291, 6138012243, 5340891, 6138012243, 7110363]] [11929702988.0, [938707.0, 3709755, 236848320, 329251, 217478336, 308704]]
Model_cost: [17388604560.666664, [3986.277777777778, 5615457, 359126200, 451585, 49400505, 770402]] [4265245476.0, [29511.0, 1333359, 85328676, 86895, 77870628, 1216827]] [313620040.0, [31.25, 104020, 6247200, 13140, 6247200, 27210]] [5305293840.0, [9976.5, 1680616, 106002464, 38704, 103509152, 485814438]] [850453656.0, [711.0, 272998, 17356848, 9830, 7767792, 121049]] [307624672698.0, [4077.0, 95907291, 6138012243, 5340891, 6137123727, 95892675]] [1424378956.0, [343.0, 446715, 28517760, 42083, 25506688, 398416]]
Arch_Param: [32, 16384, 4096, 32, 256, 64]
SK_cost: [11601898238.666666, [913375.4444444445, 14471873, 231526584, 254913, 163368120, 186529]] [4325336100.0, [333423.0, 5333103, 85328676, 86895, 85328676, 105327]] [317284680, [26250, 390450, 6247200, 13170, 6247200, 13130]] [5758919752, [446500, 7106434, 113702944, 38794, 113702944, 120604]] [559942968, [43782, 693254, 11083824, 4918, 10314288, 10118]] [311078721138.0, [23976942.0, 383626383, 6138012243, 5340891, 6138012243, 7110363]] [10933052752.0, [850771.0, 13498604, 215891136, 256724, 209089728, 300512]]
Model_cost: [9971056584.666668, [2252.1944444444443, 12767937, 204263608, 254913, 49400505, 3065634]] [4281244452.0, [29511.0, 5333103, 85328676, 86895, 77870628, 4866975]] [314767560.0, [30.0, 390450, 6247200, 13170, 6247200, 390410]] [5325118592.0, [9975.25, 6635394, 106002464, 38794, 103509152, 486182492]] [434631192.0, [359.0, 542918, 8678448, 5062, 7767792, 483410]] [308775549066.0, [4077.0, 383626383, 6138012243, 5340891, 6137123727, 383570187]] [1324884080.0, [274.0, 1647980, 26356864, 33172, 25506688, 1593424]]
Arch_Param: [32, 16384, 4096, 32, 256, 128]
SK_cost: [11601898238.666666, [913375.4444444445, 14471873, 231526584, 254913, 163368120, 186529]] [4325336100.0, [333423.0, 5333103, 85328676, 86895, 85328676, 105327]] [317284680, [26250, 390450, 6247200, 13170, 6247200, 13130]] [5758919752, [446500, 7106434, 113702944, 38794, 113702944, 120604]] [559942968, [43782, 693254, 11083824, 4918, 10314288, 10118]] [311078721138.0, [23976942.0, 383626383, 6138012243, 5340891, 6138012243, 7110363]] [10933052752.0, [850771.0, 13498604, 215891136, 256724, 209089728, 300512]]
Model_cost: [9971056584.666668, [2252.1944444444443, 12767937, 204263608, 254913, 49400505, 3065634]] [4281244452.0, [29511.0, 5333103, 85328676, 86895, 77870628, 4866975]] [314767560.0, [30.0, 390450, 6247200, 13170, 6247200, 390410]] [5325118592.0, [9975.25, 6635394, 106002464, 38794, 103509152, 486182492]] [434631192.0, [359.0, 542918, 8678448, 5062, 7767792, 483410]] [308775549066.0, [4077.0, 383626383, 6138012243, 5340891, 6137123727, 383570187]] [1324884080.0, [274.0, 1647980, 26356864, 33172, 25506688, 1593424]]
Arch_Param: [32, 16384, 4096, 32, 256, 256]
SK_cost: [11601898238.666666, [913375.4444444445, 14471873, 231526584, 254913, 163368120, 186529]] [4325336100.0, [333423.0, 5333103, 85328676, 86895, 85328676, 105327]] [317284680, [26250, 390450, 6247200, 13170, 6247200, 13130]] [5758919752, [446500, 7106434, 113702944, 38794, 113702944, 120604]] [559942968, [43782, 693254, 11083824, 4918, 10314288, 10118]] [311078721138.0, [23976942.0, 383626383, 6138012243, 5340891, 6138012243, 7110363]] [10933052752.0, [850771.0, 13498604, 215891136, 256724, 209089728, 300512]]
Model_cost: [9971056368.666668, [2249.9444444444443, 12767937, 204263608, 254913, 49400505, 3080738]] [4281244452.0, [29511.0, 5333103, 85328676, 86895, 77870628, 4866975]] [314767560.0, [30.0, 390450, 6247200, 13170, 6247200, 390410]] [5325118592.0, [9975.25, 6635394, 106002464, 38794, 103509152, 486182492]] [434621976.0, [359.0, 542918, 8678448, 4918, 7767792, 483986]] [308775549066.0, [4077.0, 383626383, 6138012243, 5340891, 6137123727, 383570187]] [1324884080.0, [274.0, 1647980, 26356864, 33172, 25506688, 1593424]]
Arch_Param: [32, 16384, 4096, 32, 512, 64]
SK_cost: [11572953674.666666, [913375.4444444445, 7236196, 231526584, 254884, 163368120, 186529]] [4314670116.0, [333423.0, 2666607, 85328676, 86895, 85328676, 105327]] [316502520, [26250, 195230, 6247200, 13150, 6247200, 13130]] [5744703064, [446500, 3553222, 113702944, 38734, 113702944, 120604]] [558558520, [43782, 347142, 11083824, 4918, 10314288, 10118]] [310311470226.0, [23976942.0, 191813655, 6138012243, 5340891, 6138012243, 7110363]] [10906047992.0, [850771.0, 6749302, 215891136, 256606, 209089728, 300512]]
Model_cost: [9945519892.666668, [2252.1944444444443, 6384228, 204263608, 254884, 49400505, 1533730]] [4270578468.0, [29511.0, 2666607, 85328676, 86895, 77870628, 2433543]] [313985400.0, [30.0, 195230, 6247200, 13150, 6247200, 195210]] [5311884944.0, [9975.25, 3327942, 106002464, 38734, 103509152, 485984056]] [433547800.0, [359.0, 272070, 8678448, 5062, 7767792, 241746]] [308008298154.0, [4077.0, 191813655, 6138012243, 5340891, 6137123727, 191785179]] [1321580568.0, [274.0, 823990, 26356864, 33054, 25506688, 796752]]
Arch_Param: [32, 16384, 4096, 32, 512, 128]
SK_cost: [11572953674.666666, [913375.4444444445, 7236196, 231526584, 254884, 163368120, 186529]] [4314670116.0, [333423.0, 2666607, 85328676, 86895, 85328676, 105327]] [316502520, [26250, 195230, 6247200, 13150, 6247200, 13130]] [5744703064, [446500, 3553222, 113702944, 38734, 113702944, 120604]] [558558520, [43782, 347142, 11083824, 4918, 10314288, 10118]] [310311470226.0, [23976942.0, 191813655, 6138012243, 5340891, 6138012243, 7110363]] [10906047992.0, [850771.0, 6749302, 215891136, 256606, 209089728, 300512]]
Model_cost: [9945519892.666668, [2252.1944444444443, 6384228, 204263608, 254884, 49400505, 1533730]] [4270578468.0, [29511.0, 2666607, 85328676, 86895, 77870628, 2433543]] [313985400.0, [30.0, 195230, 6247200, 13150, 6247200, 195210]] [5311884944.0, [9975.25, 3327942, 106002464, 38734, 103509152, 485984056]] [433547800.0, [359.0, 272070, 8678448, 5062, 7767792, 241746]] [308008298154.0, [4077.0, 191813655, 6138012243, 5340891, 6137123727, 191785179]] [1321580568.0, [274.0, 823990, 26356864, 33054, 25506688, 796752]]
Arch_Param: [32, 16384, 4096, 32, 512, 256]
SK_cost: [11572953674.666666, [913375.4444444445, 7236196, 231526584, 254884, 163368120, 186529]] [4314670116.0, [333423.0, 2666607, 85328676, 86895, 85328676, 105327]] [316502520, [26250, 195230, 6247200, 13150, 6247200, 13130]] [5744703064, [446500, 3553222, 113702944, 38734, 113702944, 120604]] [558558520, [43782, 347142, 11083824, 4918, 10314288, 10118]] [310311470226.0, [23976942.0, 191813655, 6138012243, 5340891, 6138012243, 7110363]] [10906047992.0, [850771.0, 6749302, 215891136, 256606, 209089728, 300512]]
Model_cost: [9945519676.666668, [2249.9444444444443, 6384228, 204263608, 254884, 49400505, 1540514]] [4270578468.0, [29511.0, 2666607, 85328676, 86895, 77870628, 2433543]] [313985400.0, [30.0, 195230, 6247200, 13150, 6247200, 195210]] [5311884944.0, [9975.25, 3327942, 106002464, 38734, 103509152, 485984056]] [433538200.0, [359.0, 271974, 8678448, 4918, 7767792, 242028]] [308008298154.0, [4077.0, 191813655, 6138012243, 5340891, 6137123727, 191785179]] [1321580568.0, [274.0, 823990, 26356864, 33054, 25506688, 796752]]
Arch_Param: [32, 16384, 4096, 32, 512, 512]
SK_cost: [11572953674.666666, [913375.4444444445, 7236196, 231526584, 254884, 163368120, 186529]] [4314670116.0, [333423.0, 2666607, 85328676, 86895, 85328676, 105327]] [316502520, [26250, 195230, 6247200, 13150, 6247200, 13130]] [5744703064, [446500, 3553222, 113702944, 38734, 113702944, 120604]] [558558520, [43782, 347142, 11083824, 4918, 10314288, 10118]] [310311470226.0, [23976942.0, 191813655, 6138012243, 5340891, 6138012243, 7110363]] [10906047992.0, [850771.0, 6749302, 215891136, 256606, 209089728, 300512]]
Model_cost: [9945519676.666668, [2249.9444444444443, 6384228, 204263608, 254884, 49400505, 1540514]] [4270578468.0, [29511.0, 2666607, 85328676, 86895, 77870628, 2433543]] [313985400.0, [30.0, 195230, 6247200, 13150, 6247200, 195210]] [5311884944.0, [9975.25, 3327942, 106002464, 38734, 103509152, 485984056]] [433538200.0, [359.0, 271974, 8678448, 4918, 7767792, 242028]] [308008298154.0, [4077.0, 191813655, 6138012243, 5340891, 6137123727, 191785179]] [1321580568.0, [274.0, 823990, 26356864, 33054, 25506688, 796752]]
Arch_Param: [32, 16384, 4096, 32, 1024, 64]
SK_cost: [11558488446.666666, [913375.4444444445, 3619937, 231526584, 254881, 163368120, 186529]] [4309337124.0, [333423.0, 1333359, 85328676, 86895, 85328676, 105327]] [316137040, [26250, 104020, 6247200, 13140, 6247200, 13130]] [5737620320, [446500, 1783016, 113702944, 38704, 113702944, 120604]] [557866296, [43782, 174086, 11083824, 4918, 10314288, 10118]] [309927844770.0, [23976942.0, 95907291, 6138012243, 5340891, 6138012243, 7110363]] [10892558924.0, [850771.0, 3377979, 215891136, 256547, 209089728, 300512]]
Model_cost: [9932758600.666668, [2252.1944444444443, 3193953, 204263608, 254881, 49400505, 767778]] [4265245476.0, [29511.0, 1333359, 85328676, 86895, 77870628, 1216827]] [313620040.0, [31.25, 104020, 6247200, 13140, 6247200, 27210]] [5305293840.0, [9976.5, 1680616, 106002464, 38704, 103509152, 485814438]] [433006104.0, [359.0, 136646, 8678448, 5062, 7767792, 120914]] [307624672698.0, [4077.0, 95907291, 6138012243, 5340891, 6137123727, 95892675]] [1319930476.0, [274.0, 412411, 26356864, 32995, 25506688, 398416]]
Arch_Param: [32, 16384, 4096, 32, 1024, 128]
SK_cost: [11558488446.666666, [913375.4444444445, 3619937, 231526584, 254881, 163368120, 186529]] [4309337124.0, [333423.0, 1333359, 85328676, 86895, 85328676, 105327]] [316137040, [26250, 104020, 6247200, 13140, 6247200, 13130]] [5737620320, [446500, 1783016, 113702944, 38704, 113702944, 120604]] [557866296, [43782, 174086, 11083824, 4918, 10314288, 10118]] [309927844770.0, [23976942.0, 95907291, 6138012243, 5340891, 6138012243, 7110363]] [10892558924.0, [850771.0, 3377979, 215891136, 256547, 209089728, 300512]]
Model_cost: [9932758600.666668, [2252.1944444444443, 3193953, 204263608, 254881, 49400505, 767778]] [4265245476.0, [29511.0, 1333359, 85328676, 86895, 77870628, 1216827]] [313620040.0, [31.25, 104020, 6247200, 13140, 6247200, 27210]] [5305293840.0, [9976.5, 1680616, 106002464, 38704, 103509152, 485814438]] [433006104.0, [359.0, 136646, 8678448, 5062, 7767792, 120914]] [307624672698.0, [4077.0, 95907291, 6138012243, 5340891, 6137123727, 95892675]] [1319930476.0, [274.0, 412411, 26356864, 32995, 25506688, 398416]]
Arch_Param: [32, 16384, 4096, 32, 1024, 256]
SK_cost: [11558488446.666666, [913375.4444444445, 3619937, 231526584, 254881, 163368120, 186529]] [4309337124.0, [333423.0, 1333359, 85328676, 86895, 85328676, 105327]] [316137040, [26250, 104020, 6247200, 13140, 6247200, 13130]] [5737620320, [446500, 1783016, 113702944, 38704, 113702944, 120604]] [557866296, [43782, 174086, 11083824, 4918, 10314288, 10118]] [309927844770.0, [23976942.0, 95907291, 6138012243, 5340891, 6138012243, 7110363]] [10892558924.0, [850771.0, 3377979, 215891136, 256547, 209089728, 300512]]
Model_cost: [9932758384.666668, [2249.9444444444443, 3193953, 204263608, 254881, 49400505, 770402]] [4265245476.0, [29511.0, 1333359, 85328676, 86895, 77870628, 1216827]] [313620040.0, [31.25, 104020, 6247200, 13140, 6247200, 27210]] [5305293840.0, [9976.5, 1680616, 106002464, 38704, 103509152, 485814438]] [432996312.0, [359.0, 136502, 8678448, 4918, 7767792, 121049]] [307624672698.0, [4077.0, 95907291, 6138012243, 5340891, 6137123727, 95892675]] [1319930476.0, [274.0, 412411, 26356864, 32995, 25506688, 398416]]
Arch_Param: [32, 16384, 4096, 32, 1024, 512]
SK_cost: [11558488446.666666, [913375.4444444445, 3619937, 231526584, 254881, 163368120, 186529]] [4309337124.0, [333423.0, 1333359, 85328676, 86895, 85328676, 105327]] [316137040, [26250, 104020, 6247200, 13140, 6247200, 13130]] [5737620320, [446500, 1783016, 113702944, 38704, 113702944, 120604]] [557866296, [43782, 174086, 11083824, 4918, 10314288, 10118]] [309927844770.0, [23976942.0, 95907291, 6138012243, 5340891, 6138012243, 7110363]] [10892558924.0, [850771.0, 3377979, 215891136, 256547, 209089728, 300512]]
Model_cost: [9932758384.666668, [2249.9444444444443, 3193953, 204263608, 254881, 49400505, 770402]] [4265245476.0, [29511.0, 1333359, 85328676, 86895, 77870628, 1216827]] [313620040.0, [31.25, 104020, 6247200, 13140, 6247200, 27210]] [5305293840.0, [9976.5, 1680616, 106002464, 38704, 103509152, 485814438]] [432996312.0, [359.0, 136502, 8678448, 4918, 7767792, 121049]] [307624672698.0, [4077.0, 95907291, 6138012243, 5340891, 6137123727, 95892675]] [1319930476.0, [274.0, 412411, 26356864, 32995, 25506688, 398416]]
Arch_Param: [32, 16384, 2048, 4, 256, 64]
SK_cost: [73441677076.0, [11448421.0, 91214401, 1459298552, 1634145, 913427640, 919009]] [8253170724.0, [1278063.0, 10223727, 163578660, 164463, 113640228, 132975]] [319773000, [52170, 390450, 6247200, 13170, 6247200, 13130]] [5801671240, [891828, 7106434, 113702944, 38794, 113702944, 120604]] [4510953784, [700422, 5545990, 88670256, 39302, 81420848, 79558]] [619891748370.0, [95902683.0, 767215743, 12275433555, 10680855, 8855921235, 9764571]] [21121085904.0, [3325343.0, 26148076, 417716928, 820436, 297170112, 386528]]
Model_cost: [62439523798.0, [28823.0, 80564801, 1288904952, 2316545, 49400505, 100834]] [8064929316.0, [62415.0, 10223727, 163578660, 164463, 77870628, 4866975]] [314769480.0, [50.0, 390450, 6247200, 13170, 6247200, 390410]] [5326074296.0, [19930.5, 6635394, 106002464, 38794, 103509152, 486182492]] [3371824568, [5646, 4343302, 69427248, 91654, 7767792, 9938]] [605248573194.0, [11223.0, 767215743, 12275433555, 10680855, 6137123727, 383570187]] [2357305664.0, [1625.5, 2983404, 47652928, 107220, 25506688, 1501904]]
Arch_Param: [32, 16384, 2048, 4, 256, 128]
SK_cost: [73441677076.0, [11448421.0, 91214401, 1459298552, 1634145, 913427640, 919009]] [8253170724.0, [1278063.0, 10223727, 163578660, 164463, 113640228, 132975]] [319773000, [52170, 390450, 6247200, 13170, 6247200, 13130]] [5801671240, [891828, 7106434, 113702944, 38794, 113702944, 120604]] [4510953784, [700422, 5545990, 88670256, 39302, 81420848, 79558]] [619891748370.0, [95902683.0, 767215743, 12275433555, 10680855, 8855921235, 9764571]] [21121085904.0, [3325343.0, 26148076, 417716928, 820436, 297170112, 386528]]
Model_cost: [62439523798.0, [28823.0, 80564801, 1288904952, 2316545, 49400505, 100834]] [8064929316.0, [62415.0, 10223727, 163578660, 164463, 77870628, 4866975]] [314769480.0, [50.0, 390450, 6247200, 13170, 6247200, 390410]] [5326074296.0, [19930.5, 6635394, 106002464, 38794, 103509152, 486182492]] [3368547768.0, [5646.0, 4343302, 69427248, 40454, 7767792, 475346]] [605248573194.0, [11223.0, 767215743, 12275433555, 10680855, 6137123727, 383570187]] [2357075904.0, [1621.5, 2983404, 47652928, 103636, 25506688, 1579600]]
Arch_Param: [32, 16384, 2048, 4, 256, 256]
SK_cost: [73441677076.0, [11448421.0, 91214401, 1459298552, 1634145, 913427640, 919009]] [8253170724.0, [1278063.0, 10223727, 163578660, 164463, 113640228, 132975]] [319773000, [52170, 390450, 6247200, 13170, 6247200, 13130]] [5801671240, [891828, 7106434, 113702944, 38794, 113702944, 120604]] [4510953784, [700422, 5545990, 88670256, 39302, 81420848, 79558]] [619891748370.0, [95902683.0, 767215743, 12275433555, 10680855, 8855921235, 9764571]] [21121085904.0, [3325343.0, 26148076, 417716928, 820436, 297170112, 386528]]
Model_cost: [62439523798.0, [28823.0, 80564801, 1288904952, 2316545, 49400505, 100834]] [8064929316.0, [62415.0, 10223727, 163578660, 164463, 77870628, 4866975]] [314769480.0, [50.0, 390450, 6247200, 13170, 6247200, 390410]] [5326074296.0, [19930.5, 6635394, 106002464, 38794, 103509152, 486182492]] [3368547768.0, [5646.0, 4343302, 69427248, 40454, 7767792, 475346]] [605248573194.0, [11223.0, 767215743, 12275433555, 10680855, 6137123727, 383570187]] [2357075904.0, [1621.5, 2983404, 47652928, 103636, 25506688, 1579600]]
Arch_Param: [32, 16384, 2048, 4, 512, 64]
SK_cost: [73259247456.0, [11448421.0, 45607460, 1459298552, 1634116, 913427640, 919009]] [8232723492.0, [1278063.0, 5111919, 163578660, 164463, 113640228, 132975]] [318990840, [52170, 195230, 6247200, 13150, 6247200, 13130]] [5787454552, [891828, 3553222, 113702944, 38734, 113702944, 120604]] [4499878200, [700422, 2777094, 88670256, 39302, 81420848, 79558]] [618357320274.0, [95902683.0, 383608719, 12275433555, 10680855, 8855921235, 9764571]] [21068782200.0, [3325343.0, 13074038, 417716928, 820318, 297170112, 386528]]
Model_cost: [62278393378.0, [28823.0, 40282660, 1288904952, 2316516, 49400505, 92642]] [8044482084.0, [62415.0, 5111919, 163578660, 164463, 77870628, 2433543]] [313987320.0, [50.0, 195230, 6247200, 13150, 6247200, 195210]] [5312840648.0, [19930.5, 3327942, 106002464, 38734, 103509152, 485984056]] [3363157432, [5646, 2176518, 69427248, 91654, 7767792, 9938]] [603714145098.0, [11223.0, 383608719, 12275433555, 10680855, 6137123727, 191785179]] [2351331304.0, [1625.5, 1491702, 47652928, 107102, 25506688, 753872]]
Arch_Param: [32, 16384, 2048, 4, 512, 128]
SK_cost: [73259247456.0, [11448421.0, 45607460, 1459298552, 1634116, 913427640, 919009]] [8232723492.0, [1278063.0, 5111919, 163578660, 164463, 113640228, 132975]] [318990840, [52170, 195230, 6247200, 13150, 6247200, 13130]] [5787454552, [891828, 3553222, 113702944, 38734, 113702944, 120604]] [4499878200, [700422, 2777094, 88670256, 39302, 81420848, 79558]] [618357320274.0, [95902683.0, 383608719, 12275433555, 10680855, 8855921235, 9764571]] [21068782200.0, [3325343.0, 13074038, 417716928, 820318, 297170112, 386528]]
Model_cost: [62278393378.0, [28823.0, 40282660, 1288904952, 2316516, 49400505, 92642]] [8044482084.0, [62415.0, 5111919, 163578660, 164463, 77870628, 2433543]] [313987320.0, [50.0, 195230, 6247200, 13150, 6247200, 195210]] [5312840648.0, [19930.5, 3327942, 106002464, 38734, 103509152, 485984056]] [3359880632.0, [5646.0, 2176518, 69427248, 40454, 7767792, 237778]] [603714145098.0, [11223.0, 383608719, 12275433555, 10680855, 6137123727, 191785179]] [2351101544.0, [1621.5, 1491702, 47652928, 103518, 25506688, 790608]]
Arch_Param: [32, 16384, 2048, 4, 512, 256]
SK_cost: [73259247456.0, [11448421.0, 45607460, 1459298552, 1634116, 913427640, 919009]] [8232723492.0, [1278063.0, 5111919, 163578660, 164463, 113640228, 132975]] [318990840, [52170, 195230, 6247200, 13150, 6247200, 13130]] [5787454552, [891828, 3553222, 113702944, 38734, 113702944, 120604]] [4499878200, [700422, 2777094, 88670256, 39302, 81420848, 79558]] [618357320274.0, [95902683.0, 383608719, 12275433555, 10680855, 8855921235, 9764571]] [21068782200.0, [3325343.0, 13074038, 417716928, 820318, 297170112, 386528]]
Model_cost: [62278393378.0, [28823.0, 40282660, 1288904952, 2316516, 49400505, 92642]] [8044482084.0, [62415.0, 5111919, 163578660, 164463, 77870628, 2433543]] [313987320.0, [50.0, 195230, 6247200, 13150, 6247200, 195210]] [5312840648.0, [19930.5, 3327942, 106002464, 38734, 103509152, 485984056]] [3359880632.0, [5646.0, 2176518, 69427248, 40454, 7767792, 237778]] [603714145098.0, [11223.0, 383608719, 12275433555, 10680855, 6137123727, 191785179]] [2351101544.0, [1621.5, 1491702, 47652928, 103518, 25506688, 790608]]
Arch_Param: [32, 16384, 2048, 4, 512, 512]
SK_cost: [73259247456.0, [11448421.0, 45607460, 1459298552, 1634116, 913427640, 919009]] [8232723492.0, [1278063.0, 5111919, 163578660, 164463, 113640228, 132975]] [318990840, [52170, 195230, 6247200, 13150, 6247200, 13130]] [5787454552, [891828, 3553222, 113702944, 38734, 113702944, 120604]] [4499878200, [700422, 2777094, 88670256, 39302, 81420848, 79558]] [618357320274.0, [95902683.0, 383608719, 12275433555, 10680855, 8855921235, 9764571]] [21068782200.0, [3325343.0, 13074038, 417716928, 820318, 297170112, 386528]]
Model_cost: [62234719394.0, [28819.0, 40282660, 1288904952, 1634116, 49400505, 1533730]] [8044482084.0, [62415.0, 5111919, 163578660, 164463, 77870628, 2433543]] [313987320.0, [50.0, 195230, 6247200, 13150, 6247200, 195210]] [5312840648.0, [19930.5, 3327942, 106002464, 38734, 103509152, 485984056]] [3359860280.0, [5646.0, 2175750, 69427248, 39302, 7796016, 242910]] [603714145098.0, [11223.0, 383608719, 12275433555, 10680855, 6137123727, 191785179]] [2351101400.0, [1620.0, 1491702, 47652928, 103518, 25506688, 796752]]
Arch_Param: [32, 16384, 2048, 4, 1024, 64]
SK_cost: [73168083092.0, [11448421.0, 22816417, 1459298552, 1634113, 913427640, 919009]] [8222499876.0, [1278063.0, 2556015, 163578660, 164463, 113640228, 132975]] [318625360, [52170, 104020, 6247200, 13140, 6247200, 13130]] [5780371808, [891828, 1783016, 113702944, 38704, 113702944, 120604]] [4494340408, [700422, 1392646, 88670256, 39302, 81420848, 79558]] [617590106226.0, [95902683.0, 191805207, 12275433555, 10680855, 8855921235, 9764571]] [21042730700.0, [3325343.0, 6562107, 417716928, 820259, 297170112, 386528]]
Model_cost: [62197878614.0, [28823.0, 20154017, 1288904952, 2316513, 49400505, 88546]] [8034258468.0, [62415.0, 2556015, 163578660, 164463, 77870628, 1216827]] [313622080.0, [52.5, 104020, 6247200, 13140, 6247200, 27210]] [5306249664.0, [19933.0, 1680616, 106002464, 38704, 103509152, 485814438]] [3358823864, [5646, 1093126, 69427248, 91654, 7767792, 9938]] [602946931050.0, [11223.0, 191805207, 12275433555, 10680855, 6137123727, 95892675]] [2348356668.0, [1625.5, 748987, 47652928, 107043, 25506688, 379856]]
Arch_Param: [32, 16384, 2048, 4, 1024, 128]
SK_cost: [73168083092.0, [11448421.0, 22816417, 1459298552, 1634113, 913427640, 919009]] [8222499876.0, [1278063.0, 2556015, 163578660, 164463, 113640228, 132975]] [318625360, [52170, 104020, 6247200, 13140, 6247200, 13130]] [5780371808, [891828, 1783016, 113702944, 38704, 113702944, 120604]] [4494340408, [700422, 1392646, 88670256, 39302, 81420848, 79558]] [617590106226.0, [95902683.0, 191805207, 12275433555, 10680855, 8855921235, 9764571]] [21042730700.0, [3325343.0, 6562107, 417716928, 820259, 297170112, 386528]]
Model_cost: [62197878614.0, [28823.0, 20154017, 1288904952, 2316513, 49400505, 88546]] [8034258468.0, [62415.0, 2556015, 163578660, 164463, 77870628, 1216827]] [313622080.0, [52.5, 104020, 6247200, 13140, 6247200, 27210]] [5306249664.0, [19933.0, 1680616, 106002464, 38704, 103509152, 485814438]] [3355547064.0, [5646.0, 1093126, 69427248, 40454, 7767792, 118994]] [602946931050.0, [11223.0, 191805207, 12275433555, 10680855, 6137123727, 95892675]] [2348126908.0, [1621.5, 748987, 47652928, 103459, 25506688, 396112]]
Arch_Param: [32, 16384, 2048, 4, 1024, 256]
SK_cost: [73168083092.0, [11448421.0, 22816417, 1459298552, 1634113, 913427640, 919009]] [8222499876.0, [1278063.0, 2556015, 163578660, 164463, 113640228, 132975]] [318625360, [52170, 104020, 6247200, 13140, 6247200, 13130]] [5780371808, [891828, 1783016, 113702944, 38704, 113702944, 120604]] [4494340408, [700422, 1392646, 88670256, 39302, 81420848, 79558]] [617590106226.0, [95902683.0, 191805207, 12275433555, 10680855, 8855921235, 9764571]] [21042730700.0, [3325343.0, 6562107, 417716928, 820259, 297170112, 386528]]
Model_cost: [62197878614.0, [28823.0, 20154017, 1288904952, 2316513, 49400505, 88546]] [8034258468.0, [62415.0, 2556015, 163578660, 164463, 77870628, 1216827]] [313622080.0, [52.5, 104020, 6247200, 13140, 6247200, 27210]] [5306249664.0, [19933.0, 1680616, 106002464, 38704, 103509152, 485814438]] [3355547064.0, [5646.0, 1093126, 69427248, 40454, 7767792, 118994]] [602946931050.0, [11223.0, 191805207, 12275433555, 10680855, 6137123727, 95892675]] [2348126908.0, [1621.5, 748987, 47652928, 103459, 25506688, 396112]]
Arch_Param: [32, 16384, 2048, 4, 1024, 512]
SK_cost: [73168083092.0, [11448421.0, 22816417, 1459298552, 1634113, 913427640, 919009]] [8222499876.0, [1278063.0, 2556015, 163578660, 164463, 113640228, 132975]] [318625360, [52170, 104020, 6247200, 13140, 6247200, 13130]] [5780371808, [891828, 1783016, 113702944, 38704, 113702944, 120604]] [4494340408, [700422, 1392646, 88670256, 39302, 81420848, 79558]] [617590106226.0, [95902683.0, 191805207, 12275433555, 10680855, 8855921235, 9764571]] [21042730700.0, [3325343.0, 6562107, 417716928, 820259, 297170112, 386528]]
Model_cost: [62154204630.0, [28819.0, 20154017, 1288904952, 1634113, 49400505, 767778]] [8034258468.0, [62415.0, 2556015, 163578660, 164463, 77870628, 1216827]] [313622080.0, [52.5, 104020, 6247200, 13140, 6247200, 27210]] [5306249664.0, [19933.0, 1680616, 106002464, 38704, 103509152, 485814438]] [3355525176.0, [5646.0, 1091974, 69427248, 39302, 7796016, 121490]] [602946931050.0, [11223.0, 191805207, 12275433555, 10680855, 6137123727, 95892675]] [2348126764.0, [1620.0, 748987, 47652928, 103459, 25506688, 398416]]
Arch_Param: [32, 16384, 2048, 8, 256, 64]
SK_cost: [38146898708.0, [5942341.0, 47352385, 757568376, 845281, 484822200, 500449]] [4357334052.0, [666735.0, 5333103, 85328676, 86895, 85328676, 105327]] [319773000, [52170, 390450, 6247200, 13170, 6247200, 13130]] [5801671240, [891828, 7106434, 113702944, 38794, 113702944, 120604]] [2255634744, [350214, 2772998, 44335152, 19654, 40788528, 39878]] [313380492306.0, [47953725.0, 383626383, 6138012243, 5340891, 6138012243, 7110363]] [14161363408.0, [2209183.0, 17443052, 278762688, 474836, 234255552, 325088]]
Model_cost: [32454555302.0, [14894.5, 41814593, 668963704, 1200129, 49400505, 100834]] [4284066852.0, [58911.0, 5333103, 85328676, 86895, 77870628, 4866975]] [314769480.0, [50.0, 390450, 6247200, 13170, 6247200, 390410]] [5326074296.0, [19930.5, 6635394, 106002464, 38794, 103509152, 486182492]] [1692043320.0, [2826.0, 2171654, 34713648, 20230, 7767792, 475346]] [308775925194.0, [7995.0, 383626383, 6138012243, 5340891, 6137123727, 383570187]] [1639491584.0, [955.5, 2055020, 32839552, 60436, 25506688, 1579600]]
Arch_Param: [32, 16384, 2048, 8, 256, 128]
SK_cost: [38146898708.0, [5942341.0, 47352385, 757568376, 845281, 484822200, 500449]] [4357334052.0, [666735.0, 5333103, 85328676, 86895, 85328676, 105327]] [319773000, [52170, 390450, 6247200, 13170, 6247200, 13130]] [5801671240, [891828, 7106434, 113702944, 38794, 113702944, 120604]] [2255634744, [350214, 2772998, 44335152, 19654, 40788528, 39878]] [313380492306.0, [47953725.0, 383626383, 6138012243, 5340891, 6138012243, 7110363]] [14161363408.0, [2209183.0, 17443052, 278762688, 474836, 234255552, 325088]]
Model_cost: [32454555302.0, [14894.5, 41814593, 668963704, 1200129, 49400505, 100834]] [4284066852.0, [58911.0, 5333103, 85328676, 86895, 77870628, 4866975]] [314769480.0, [50.0, 390450, 6247200, 13170, 6247200, 390410]] [5326074296.0, [19930.5, 6635394, 106002464, 38794, 103509152, 486182492]] [1692043320.0, [2826.0, 2171654, 34713648, 20230, 7767792, 475346]] [308775925194.0, [7995.0, 383626383, 6138012243, 5340891, 6137123727, 383570187]] [1639491584.0, [955.5, 2055020, 32839552, 60436, 25506688, 1579600]]
Arch_Param: [32, 16384, 2048, 8, 256, 256]
SK_cost: [38146898708.0, [5942341.0, 47352385, 757568376, 845281, 484822200, 500449]] [4357334052.0, [666735.0, 5333103, 85328676, 86895, 85328676, 105327]] [319773000, [52170, 390450, 6247200, 13170, 6247200, 13130]] [5801671240, [891828, 7106434, 113702944, 38794, 113702944, 120604]] [2255634744, [350214, 2772998, 44335152, 19654, 40788528, 39878]] [313380492306.0, [47953725.0, 383626383, 6138012243, 5340891, 6138012243, 7110363]] [14161363408.0, [2209183.0, 17443052, 278762688, 474836, 234255552, 325088]]
Model_cost: [32431844646.0, [14890.5, 41814593, 668963704, 845281, 49400505, 3065634]] [4284066852.0, [58911.0, 5333103, 85328676, 86895, 77870628, 4866975]] [314769480.0, [50.0, 390450, 6247200, 13170, 6247200, 390410]] [5326074296.0, [19930.5, 6635394, 106002464, 38794, 103509152, 486182492]] [1692043320.0, [2826.0, 2171654, 34713648, 20230, 7767792, 483410]] [308775925194.0, [7995.0, 383626383, 6138012243, 5340891, 6137123727, 383570187]] [1639491440.0, [954.0, 2055020, 32839552, 60436, 25506688, 1593424]]
Arch_Param: [32, 16384, 2048, 8, 512, 64]
SK_cost: [38052193120.0, [5942341.0, 23676452, 757568376, 845252, 484822200, 500449]] [4346668068.0, [666735.0, 2666607, 85328676, 86895, 85328676, 105327]] [318990840, [52170, 195230, 6247200, 13150, 6247200, 13130]] [5787454552, [891828, 3553222, 113702944, 38734, 113702944, 120604]] [2250096952, [350214, 1388550, 44335152, 19654, 40788528, 39878]] [312613241394.0, [47953725.0, 191813655, 6138012243, 5340891, 6138012243, 7110363]] [14126469752.0, [2209183.0, 8721526, 278762688, 474718, 234255552, 325088]]
Model_cost: [32370925298.0, [14894.5, 20907556, 668963704, 1200100, 49400505, 92642]] [4273400868.0, [58911.0, 2666607, 85328676, 86895, 77870628, 2433543]] [313987320.0, [50.0, 195230, 6247200, 13150, 6247200, 195210]] [5312840648.0, [19930.5, 3327942, 106002464, 38734, 103509152, 485984056]] [1687709752.0, [2826.0, 1088262, 34713648, 20230, 7767792, 237778]] [308008674282.0, [7995.0, 191813655, 6138012243, 5340891, 6137123727, 191785179]] [1635373992.0, [955.5, 1027510, 32839552, 60318, 25506688, 790608]]
Arch_Param: [32, 16384, 2048, 8, 512, 128]
SK_cost: [38052193120.0, [5942341.0, 23676452, 757568376, 845252, 484822200, 500449]] [4346668068.0, [666735.0, 2666607, 85328676, 86895, 85328676, 105327]] [318990840, [52170, 195230, 6247200, 13150, 6247200, 13130]] [5787454552, [891828, 3553222, 113702944, 38734, 113702944, 120604]] [2250096952, [350214, 1388550, 44335152, 19654, 40788528, 39878]] [312613241394.0, [47953725.0, 191813655, 6138012243, 5340891, 6138012243, 7110363]] [14126469752.0, [2209183.0, 8721526, 278762688, 474718, 234255552, 325088]]
Model_cost: [32370925298.0, [14894.5, 20907556, 668963704, 1200100, 49400505, 92642]] [4273400868.0, [58911.0, 2666607, 85328676, 86895, 77870628, 2433543]] [313987320.0, [50.0, 195230, 6247200, 13150, 6247200, 195210]] [5312840648.0, [19930.5, 3327942, 106002464, 38734, 103509152, 485984056]] [1687709752.0, [2826.0, 1088262, 34713648, 20230, 7767792, 237778]] [308008674282.0, [7995.0, 191813655, 6138012243, 5340891, 6137123727, 191785179]] [1635373992.0, [955.5, 1027510, 32839552, 60318, 25506688, 790608]]
Arch_Param: [32, 16384, 2048, 8, 512, 256]
SK_cost: [38052193120.0, [5942341.0, 23676452, 757568376, 845252, 484822200, 500449]] [4346668068.0, [666735.0, 2666607, 85328676, 86895, 85328676, 105327]] [318990840, [52170, 195230, 6247200, 13150, 6247200, 13130]] [5787454552, [891828, 3553222, 113702944, 38734, 113702944, 120604]] [2250096952, [350214, 1388550, 44335152, 19654, 40788528, 39878]] [312613241394.0, [47953725.0, 191813655, 6138012243, 5340891, 6138012243, 7110363]] [14126469752.0, [2209183.0, 8721526, 278762688, 474718, 234255552, 325088]]
Model_cost: [32348214642.0, [14890.5, 20907556, 668963704, 845252, 49400505, 1533730]] [4273400868.0, [58911.0, 2666607, 85328676, 86895, 77870628, 2433543]] [313987320.0, [50.0, 195230, 6247200, 13150, 6247200, 195210]] [5312840648.0, [19930.5, 3327942, 106002464, 38734, 103509152, 485984056]] [1687709752.0, [2826.0, 1088262, 34713648, 20230, 7767792, 241746]] [308008674282.0, [7995.0, 191813655, 6138012243, 5340891, 6137123727, 191785179]] [1635373848.0, [954.0, 1027510, 32839552, 60318, 25506688, 796752]]
Arch_Param: [32, 16384, 2048, 8, 512, 512]
SK_cost: [38052193120.0, [5942341.0, 23676452, 757568376, 845252, 484822200, 500449]] [4346668068.0, [666735.0, 2666607, 85328676, 86895, 85328676, 105327]] [318990840, [52170, 195230, 6247200, 13150, 6247200, 13130]] [5787454552, [891828, 3553222, 113702944, 38734, 113702944, 120604]] [2250096952, [350214, 1388550, 44335152, 19654, 40788528, 39878]] [312613241394.0, [47953725.0, 191813655, 6138012243, 5340891, 6138012243, 7110363]] [14126469752.0, [2209183.0, 8721526, 278762688, 474718, 234255552, 325088]]
Model_cost: [32348214642.0, [14890.5, 20907556, 668963704, 845252, 49400505, 1533730]] [4273400868.0, [58911.0, 2666607, 85328676, 86895, 77870628, 2433543]] [313987320.0, [50.0, 195230, 6247200, 13150, 6247200, 195210]] [5312840648.0, [19930.5, 3327942, 106002464, 38734, 103509152, 485984056]] [1687690168.0, [2826.0, 1087878, 34713648, 19654, 7777200, 242322]] [308008674282.0, [7995.0, 191813655, 6138012243, 5340891, 6137123727, 191785179]] [1635373848.0, [954.0, 1027510, 32839552, 60318, 25506688, 796752]]
Arch_Param: [32, 16384, 2048, 8, 1024, 64]
SK_cost: [38004865940.0, [5942341.0, 11844705, 757568376, 845249, 484822200, 500449]] [4341335076.0, [666735.0, 1333359, 85328676, 86895, 85328676, 105327]] [318625360, [52170, 104020, 6247200, 13140, 6247200, 13130]] [5780371808, [891828, 1783016, 113702944, 38704, 113702944, 120604]] [2247328056, [350214, 696326, 44335152, 19654, 40788528, 39878]] [312229615938.0, [47953725.0, 95907291, 6138012243, 5340891, 6138012243, 7110363]] [14109073100.0, [2209183.0, 4373307, 278762688, 474659, 234255552, 325088]]
Model_cost: [32329135910.0, [14894.5, 10460257, 668963704, 1200097, 49400505, 88546]] [4268067876.0, [58911.0, 1333359, 85328676, 86895, 77870628, 1216827]] [313622080.0, [52.5, 104020, 6247200, 13140, 6247200, 27210]] [5306249664.0, [19933.0, 1680616, 106002464, 38704, 103509152, 485814438]] [1685542968.0, [2826.0, 546566, 34713648, 20230, 7767792, 118994]] [307625048826.0, [7995.0, 95907291, 6138012243, 5340891, 6137123727, 95892675]] [1633321468.0, [955.5, 515323, 32839552, 60259, 25506688, 396112]]
Arch_Param: [32, 16384, 2048, 8, 1024, 128]
SK_cost: [38004865940.0, [5942341.0, 11844705, 757568376, 845249, 484822200, 500449]] [4341335076.0, [666735.0, 1333359, 85328676, 86895, 85328676, 105327]] [318625360, [52170, 104020, 6247200, 13140, 6247200, 13130]] [5780371808, [891828, 1783016, 113702944, 38704, 113702944, 120604]] [2247328056, [350214, 696326, 44335152, 19654, 40788528, 39878]] [312229615938.0, [47953725.0, 95907291, 6138012243, 5340891, 6138012243, 7110363]] [14109073100.0, [2209183.0, 4373307, 278762688, 474659, 234255552, 325088]]
Model_cost: [32329135910.0, [14894.5, 10460257, 668963704, 1200097, 49400505, 88546]] [4268067876.0, [58911.0, 1333359, 85328676, 86895, 77870628, 1216827]] [313622080.0, [52.5, 104020, 6247200, 13140, 6247200, 27210]] [5306249664.0, [19933.0, 1680616, 106002464, 38704, 103509152, 485814438]] [1685542968.0, [2826.0, 546566, 34713648, 20230, 7767792, 118994]] [307625048826.0, [7995.0, 95907291, 6138012243, 5340891, 6137123727, 95892675]] [1633321468.0, [955.5, 515323, 32839552, 60259, 25506688, 396112]]
Arch_Param: [32, 16384, 2048, 8, 1024, 256]
SK_cost: [38004865940.0, [5942341.0, 11844705, 757568376, 845249, 484822200, 500449]] [4341335076.0, [666735.0, 1333359, 85328676, 86895, 85328676, 105327]] [318625360, [52170, 104020, 6247200, 13140, 6247200, 13130]] [5780371808, [891828, 1783016, 113702944, 38704, 113702944, 120604]] [2247328056, [350214, 696326, 44335152, 19654, 40788528, 39878]] [312229615938.0, [47953725.0, 95907291, 6138012243, 5340891, 6138012243, 7110363]] [14109073100.0, [2209183.0, 4373307, 278762688, 474659, 234255552, 325088]]
Model_cost: [32306425254.0, [14890.5, 10460257, 668963704, 845249, 49400505, 767778]] [4268067876.0, [58911.0, 1333359, 85328676, 86895, 77870628, 1216827]] [313622080.0, [52.5, 104020, 6247200, 13140, 6247200, 27210]] [5306249664.0, [19933.0, 1680616, 106002464, 38704, 103509152, 485814438]] [1685542968.0, [2826.0, 546566, 34713648, 20230, 7767792, 120914]] [307625048826.0, [7995.0, 95907291, 6138012243, 5340891, 6137123727, 95892675]] [1633321324.0, [954.0, 515323, 32839552, 60259, 25506688, 398416]]
Arch_Param: [32, 16384, 2048, 8, 1024, 512]
SK_cost: [38004865940.0, [5942341.0, 11844705, 757568376, 845249, 484822200, 500449]] [4341335076.0, [666735.0, 1333359, 85328676, 86895, 85328676, 105327]] [318625360, [52170, 104020, 6247200, 13140, 6247200, 13130]] [5780371808, [891828, 1783016, 113702944, 38704, 113702944, 120604]] [2247328056, [350214, 696326, 44335152, 19654, 40788528, 39878]] [312229615938.0, [47953725.0, 95907291, 6138012243, 5340891, 6138012243, 7110363]] [14109073100.0, [2209183.0, 4373307, 278762688, 474659, 234255552, 325088]]
Model_cost: [32306425254.0, [14890.5, 10460257, 668963704, 845249, 49400505, 767778]] [4268067876.0, [58911.0, 1333359, 85328676, 86895, 77870628, 1216827]] [313622080.0, [52.5, 104020, 6247200, 13140, 6247200, 27210]] [5306249664.0, [19933.0, 1680616, 106002464, 38704, 103509152, 485814438]] [1685522616.0, [2826.0, 545990, 34713648, 19654, 7777200, 121196]] [307625048826.0, [7995.0, 95907291, 6138012243, 5340891, 6137123727, 95892675]] [1633321324.0, [954.0, 515323, 32839552, 60259, 25506688, 398416]]
Arch_Param: [32, 16384, 2048, 16, 256, 64]
SK_cost: [20506086164.0, [3190389.0, 25429697, 406836408, 451617, 270519480, 291169]] [4357334052.0, [666735.0, 5333103, 85328676, 86895, 85328676, 105327]] [319773000, [52170, 390450, 6247200, 13170, 6247200, 13130]] [5801671240, [891828, 7106434, 113702944, 38794, 113702944, 120604]] [1127975224, [175110, 1386502, 22167600, 9830, 20472368, 20038]] [313380492306.0, [47953725.0, 383626383, 6138012243, 5340891, 6138012243, 7110363]] [12063211984.0, [1866655.0, 14813420, 236848320, 329428, 217478336, 308704]]
Model_cost: [17468544422.0, [7942.5, 22447809, 359126200, 642689, 49400505, 100834]] [4284066852.0, [58911.0, 5333103, 85328676, 86895, 77870628, 4866975]] [314769480.0, [50.0, 390450, 6247200, 13170, 6247200, 390410]] [5326074296.0, [19930.5, 6635394, 106002464, 38794, 103509152, 486182492]] [853791096.0, [1416.0, 1085830, 17356848, 10118, 7767792, 475346]] [308775925194.0, [7995.0, 383626383, 6138012243, 5340891, 6137123727, 383570187]] [1429770368.0, [679.5, 1783660, 28517760, 42260, 25506688, 1579600]]
Arch_Param: [32, 16384, 2048, 16, 256, 128]
SK_cost: [20506086164.0, [3190389.0, 25429697, 406836408, 451617, 270519480, 291169]] [4357334052.0, [666735.0, 5333103, 85328676, 86895, 85328676, 105327]] [319773000, [52170, 390450, 6247200, 13170, 6247200, 13130]] [5801671240, [891828, 7106434, 113702944, 38794, 113702944, 120604]] [1127975224, [175110, 1386502, 22167600, 9830, 20472368, 20038]] [313380492306.0, [47953725.0, 383626383, 6138012243, 5340891, 6138012243, 7110363]] [12063211984.0, [1866655.0, 14813420, 236848320, 329428, 217478336, 308704]]
Model_cost: [17456315430.0, [7938.5, 22447809, 359126200, 451617, 49400505, 3065634]] [4284066852.0, [58911.0, 5333103, 85328676, 86895, 77870628, 4866975]] [314769480.0, [50.0, 390450, 6247200, 13170, 6247200, 390410]] [5326074296.0, [19930.5, 6635394, 106002464, 38794, 103509152, 486182492]] [853791096.0, [1416.0, 1085830, 17356848, 10118, 7767792, 483410]] [308775925194.0, [7995.0, 383626383, 6138012243, 5340891, 6137123727, 383570187]] [1429770224.0, [678.0, 1783660, 28517760, 42260, 25506688, 1593424]]
Arch_Param: [32, 16384, 2048, 16, 256, 256]
SK_cost: [20506086164.0, [3190389.0, 25429697, 406836408, 451617, 270519480, 291169]] [4357334052.0, [666735.0, 5333103, 85328676, 86895, 85328676, 105327]] [319773000, [52170, 390450, 6247200, 13170, 6247200, 13130]] [5801671240, [891828, 7106434, 113702944, 38794, 113702944, 120604]] [1127975224, [175110, 1386502, 22167600, 9830, 20472368, 20038]] [313380492306.0, [47953725.0, 383626383, 6138012243, 5340891, 6138012243, 7110363]] [12063211984.0, [1866655.0, 14813420, 236848320, 329428, 217478336, 308704]]
Model_cost: [17456315430.0, [7938.5, 22447809, 359126200, 451617, 49400505, 3065634]] [4284066852.0, [58911.0, 5333103, 85328676, 86895, 77870628, 4866975]] [314769480.0, [50.0, 390450, 6247200, 13170, 6247200, 390410]] [5326074296.0, [19930.5, 6635394, 106002464, 38794, 103509152, 486182492]] [853791096.0, [1416.0, 1085830, 17356848, 10118, 7767792, 483410]] [308775925194.0, [7995.0, 383626383, 6138012243, 5340891, 6137123727, 383570187]] [1429770224.0, [678.0, 1783660, 28517760, 42260, 25506688, 1593424]]
Arch_Param: [32, 16384, 2048, 16, 512, 64]
SK_cost: [20455225952.0, [3190389.0, 12715108, 406836408, 451588, 270519480, 291169]] [4346668068.0, [666735.0, 2666607, 85328676, 86895, 85328676, 105327]] [318990840, [52170, 195230, 6247200, 13150, 6247200, 13130]] [5787454552, [891828, 3553222, 113702944, 38734, 113702944, 120604]] [1125206328, [175110, 694278, 22167600, 9830, 20472368, 20038]] [312613241394.0, [47953725.0, 191813655, 6138012243, 5340891, 6138012243, 7110363]] [12033577592.0, [1866655.0, 7406710, 236848320, 329310, 217478336, 308704]]
Model_cost: [17423647986.0, [7942.5, 11224164, 359126200, 642660, 49400505, 92642]] [4273400868.0, [58911.0, 2666607, 85328676, 86895, 77870628, 2433543]] [313987320.0, [50.0, 195230, 6247200, 13150, 6247200, 195210]] [5312840648.0, [19930.5, 3327942, 106002464, 38734, 103509152, 485984056]] [851624312.0, [1416.0, 544134, 17356848, 10118, 7767792, 237778]] [308008674282.0, [7995.0, 191813655, 6138012243, 5340891, 6137123727, 191785179]] [1426195496.0, [679.5, 891830, 28517760, 42142, 25506688, 790608]]
Arch_Param: [32, 16384, 2048, 16, 512, 128]
SK_cost: [20455225952.0, [3190389.0, 12715108, 406836408, 451588, 270519480, 291169]] [4346668068.0, [666735.0, 2666607, 85328676, 86895, 85328676, 105327]] [318990840, [52170, 195230, 6247200, 13150, 6247200, 13130]] [5787454552, [891828, 3553222, 113702944, 38734, 113702944, 120604]] [1125206328, [175110, 694278, 22167600, 9830, 20472368, 20038]] [312613241394.0, [47953725.0, 191813655, 6138012243, 5340891, 6138012243, 7110363]] [12033577592.0, [1866655.0, 7406710, 236848320, 329310, 217478336, 308704]]
Model_cost: [17411418994.0, [7938.5, 11224164, 359126200, 451588, 49400505, 1533730]] [4273400868.0, [58911.0, 2666607, 85328676, 86895, 77870628, 2433543]] [313987320.0, [50.0, 195230, 6247200, 13150, 6247200, 195210]] [5312840648.0, [19930.5, 3327942, 106002464, 38734, 103509152, 485984056]] [851624312.0, [1416.0, 544134, 17356848, 10118, 7767792, 241746]] [308008674282.0, [7995.0, 191813655, 6138012243, 5340891, 6137123727, 191785179]] [1426195352.0, [678.0, 891830, 28517760, 42142, 25506688, 796752]]
Arch_Param: [32, 16384, 2048, 16, 512, 256]
SK_cost: [20455225952.0, [3190389.0, 12715108, 406836408, 451588, 270519480, 291169]] [4346668068.0, [666735.0, 2666607, 85328676, 86895, 85328676, 105327]] [318990840, [52170, 195230, 6247200, 13150, 6247200, 13130]] [5787454552, [891828, 3553222, 113702944, 38734, 113702944, 120604]] [1125206328, [175110, 694278, 22167600, 9830, 20472368, 20038]] [312613241394.0, [47953725.0, 191813655, 6138012243, 5340891, 6138012243, 7110363]] [12033577592.0, [1866655.0, 7406710, 236848320, 329310, 217478336, 308704]]
Model_cost: [17411418994.0, [7938.5, 11224164, 359126200, 451588, 49400505, 1533730]] [4273400868.0, [58911.0, 2666607, 85328676, 86895, 77870628, 2433543]] [313987320.0, [50.0, 195230, 6247200, 13150, 6247200, 195210]] [5312840648.0, [19930.5, 3327942, 106002464, 38734, 103509152, 485984056]] [851623928.0, [1416.0, 543942, 17356848, 9830, 7777200, 242322]] [308008674282.0, [7995.0, 191813655, 6138012243, 5340891, 6137123727, 191785179]] [1426195352.0, [678.0, 891830, 28517760, 42142, 25506688, 796752]]
Arch_Param: [32, 16384, 2048, 16, 512, 512]
SK_cost: [20455225952.0, [3190389.0, 12715108, 406836408, 451588, 270519480, 291169]] [4346668068.0, [666735.0, 2666607, 85328676, 86895, 85328676, 105327]] [318990840, [52170, 195230, 6247200, 13150, 6247200, 13130]] [5787454552, [891828, 3553222, 113702944, 38734, 113702944, 120604]] [1125206328, [175110, 694278, 22167600, 9830, 20472368, 20038]] [312613241394.0, [47953725.0, 191813655, 6138012243, 5340891, 6138012243, 7110363]] [12033577592.0, [1866655.0, 7406710, 236848320, 329310, 217478336, 308704]]
Model_cost: [17411418850.0, [7937.0, 11224164, 359126200, 451588, 49400505, 1540514]] [4273400868.0, [58911.0, 2666607, 85328676, 86895, 77870628, 2433543]] [313987320.0, [50.0, 195230, 6247200, 13150, 6247200, 195210]] [5312840648.0, [19930.5, 3327942, 106002464, 38734, 103509152, 485984056]] [851605112.0, [1416.0, 543942, 17356848, 9830, 7767792, 242028]] [308008674282.0, [7995.0, 191813655, 6138012243, 5340891, 6137123727, 191785179]] [1426195352.0, [678.0, 891830, 28517760, 42142, 25506688, 796752]]
Arch_Param: [32, 16384, 2048, 16, 1024, 64]
SK_cost: [20429809044.0, [3190389.0, 6360929, 406836408, 451585, 270519480, 291169]] [4341335076.0, [666735.0, 1333359, 85328676, 86895, 85328676, 105327]] [318625360, [52170, 104020, 6247200, 13140, 6247200, 13130]] [5780371808, [891828, 1783016, 113702944, 38704, 113702944, 120604]] [1123821880, [175110, 348166, 22167600, 9830, 20472368, 20038]] [312229615938.0, [47953725.0, 95907291, 6138012243, 5340891, 6138012243, 7110363]] [12018785996.0, [1866655.0, 3709755, 236848320, 329251, 217478336, 308704]]
Model_cost: [17401212966.0, [7942.5, 5615457, 359126200, 642657, 49400505, 88546]] [4268067876.0, [58911.0, 1333359, 85328676, 86895, 77870628, 1216827]] [313622080.0, [52.5, 104020, 6247200, 13140, 6247200, 27210]] [5306249664.0, [19933.0, 1680616, 106002464, 38704, 103509152, 485814438]] [850540920.0, [1416.0, 273286, 17356848, 10118, 7767792, 118994]] [307625048826.0, [7995.0, 95907291, 6138012243, 5340891, 6137123727, 95892675]] [1424411260.0, [679.5, 446715, 28517760, 42083, 25506688, 396112]]
Arch_Param: [32, 16384, 2048, 16, 1024, 128]
SK_cost: [20429809044.0, [3190389.0, 6360929, 406836408, 451585, 270519480, 291169]] [4341335076.0, [666735.0, 1333359, 85328676, 86895, 85328676, 105327]] [318625360, [52170, 104020, 6247200, 13140, 6247200, 13130]] [5780371808, [891828, 1783016, 113702944, 38704, 113702944, 120604]] [1123821880, [175110, 348166, 22167600, 9830, 20472368, 20038]] [312229615938.0, [47953725.0, 95907291, 6138012243, 5340891, 6138012243, 7110363]] [12018785996.0, [1866655.0, 3709755, 236848320, 329251, 217478336, 308704]]
Model_cost: [17388983974.0, [7938.5, 5615457, 359126200, 451585, 49400505, 767778]] [4268067876.0, [58911.0, 1333359, 85328676, 86895, 77870628, 1216827]] [313622080.0, [52.5, 104020, 6247200, 13140, 6247200, 27210]] [5306249664.0, [19933.0, 1680616, 106002464, 38704, 103509152, 485814438]] [850540920.0, [1416.0, 273286, 17356848, 10118, 7767792, 120914]] [307625048826.0, [7995.0, 95907291, 6138012243, 5340891, 6137123727, 95892675]] [1424411116.0, [678.0, 446715, 28517760, 42083, 25506688, 398416]]
Arch_Param: [32, 16384, 2048, 16, 1024, 256]
SK_cost: [20429809044.0, [3190389.0, 6360929, 406836408, 451585, 270519480, 291169]] [4341335076.0, [666735.0, 1333359, 85328676, 86895, 85328676, 105327]] [318625360, [52170, 104020, 6247200, 13140, 6247200, 13130]] [5780371808, [891828, 1783016, 113702944, 38704, 113702944, 120604]] [1123821880, [175110, 348166, 22167600, 9830, 20472368, 20038]] [312229615938.0, [47953725.0, 95907291, 6138012243, 5340891, 6138012243, 7110363]] [12018785996.0, [1866655.0, 3709755, 236848320, 329251, 217478336, 308704]]
Model_cost: [17388983974.0, [7938.5, 5615457, 359126200, 451585, 49400505, 767778]] [4268067876.0, [58911.0, 1333359, 85328676, 86895, 77870628, 1216827]] [313622080.0, [52.5, 104020, 6247200, 13140, 6247200, 27210]] [5306249664.0, [19933.0, 1680616, 106002464, 38704, 103509152, 485814438]] [850540152.0, [1416.0, 272998, 17356848, 9830, 7777200, 121196]] [307625048826.0, [7995.0, 95907291, 6138012243, 5340891, 6137123727, 95892675]] [1424411116.0, [678.0, 446715, 28517760, 42083, 25506688, 398416]]
Arch_Param: [32, 16384, 2048, 16, 1024, 512]
SK_cost: [20429809044.0, [3190389.0, 6360929, 406836408, 451585, 270519480, 291169]] [4341335076.0, [666735.0, 1333359, 85328676, 86895, 85328676, 105327]] [318625360, [52170, 104020, 6247200, 13140, 6247200, 13130]] [5780371808, [891828, 1783016, 113702944, 38704, 113702944, 120604]] [1123821880, [175110, 348166, 22167600, 9830, 20472368, 20038]] [312229615938.0, [47953725.0, 95907291, 6138012243, 5340891, 6138012243, 7110363]] [12018785996.0, [1866655.0, 3709755, 236848320, 329251, 217478336, 308704]]
Model_cost: [17388983830.0, [7937.0, 5615457, 359126200, 451585, 49400505, 770402]] [4268067876.0, [58911.0, 1333359, 85328676, 86895, 77870628, 1216827]] [313622080.0, [52.5, 104020, 6247200, 13140, 6247200, 27210]] [5306249664.0, [19933.0, 1680616, 106002464, 38704, 103509152, 485814438]] [850521336.0, [1416.0, 272998, 17356848, 9830, 7767792, 121049]] [307625048826.0, [7995.0, 95907291, 6138012243, 5340891, 6137123727, 95892675]] [1424411116.0, [678.0, 446715, 28517760, 42083, 25506688, 398416]]
Arch_Param: [32, 16384, 2048, 32, 256, 64]
SK_cost: [11688444692.0, [1814901.0, 14471873, 231526584, 254913, 163368120, 186529]] [4357334052.0, [666735.0, 5333103, 85328676, 86895, 85328676, 105327]] [319773000, [52170, 390450, 6247200, 13170, 6247200, 13130]] [5801671240, [891828, 7106434, 113702944, 38794, 113702944, 120604]] [564145464, [87558, 693254, 11083824, 4918, 10314288, 10118]] [313380492306.0, [47953725.0, 383626383, 6138012243, 5340891, 6138012243, 7110363]] [11014136272.0, [1695391.0, 13498604, 215891136, 256724, 209089728, 300512]]
Model_cost: [9971269158.0, [4466.5, 12767937, 204263608, 254913, 49400505, 3065634]] [4284066852.0, [58911.0, 5333103, 85328676, 86895, 77870628, 4866975]] [314769480.0, [50.0, 390450, 6247200, 13170, 6247200, 390410]] [5326074296.0, [19930.5, 6635394, 106002464, 38794, 103509152, 486182492]] [434664984.0, [711.0, 542918, 8678448, 5062, 7767792, 483410]] [308775925194.0, [7995.0, 383626383, 6138012243, 5340891, 6137123727, 383570187]] [1324909616.0, [540.0, 1647980, 26356864, 33172, 25506688, 1593424]]
Arch_Param: [32, 16384, 2048, 32, 256, 128]
SK_cost: [11688444692.0, [1814901.0, 14471873, 231526584, 254913, 163368120, 186529]] [4357334052.0, [666735.0, 5333103, 85328676, 86895, 85328676, 105327]] [319773000, [52170, 390450, 6247200, 13170, 6247200, 13130]] [5801671240, [891828, 7106434, 113702944, 38794, 113702944, 120604]] [564145464, [87558, 693254, 11083824, 4918, 10314288, 10118]] [313380492306.0, [47953725.0, 383626383, 6138012243, 5340891, 6138012243, 7110363]] [11014136272.0, [1695391.0, 13498604, 215891136, 256724, 209089728, 300512]]
Model_cost: [9971269158.0, [4466.5, 12767937, 204263608, 254913, 49400505, 3065634]] [4284066852.0, [58911.0, 5333103, 85328676, 86895, 77870628, 4866975]] [314769480.0, [50.0, 390450, 6247200, 13170, 6247200, 390410]] [5326074296.0, [19930.5, 6635394, 106002464, 38794, 103509152, 486182492]] [434664984.0, [711.0, 542918, 8678448, 5062, 7767792, 483410]] [308775925194.0, [7995.0, 383626383, 6138012243, 5340891, 6137123727, 383570187]] [1324909616.0, [540.0, 1647980, 26356864, 33172, 25506688, 1593424]]
Arch_Param: [32, 16384, 2048, 32, 256, 256]
SK_cost: [11688444692.0, [1814901.0, 14471873, 231526584, 254913, 163368120, 186529]] [4357334052.0, [666735.0, 5333103, 85328676, 86895, 85328676, 105327]] [319773000, [52170, 390450, 6247200, 13170, 6247200, 13130]] [5801671240, [891828, 7106434, 113702944, 38794, 113702944, 120604]] [564145464, [87558, 693254, 11083824, 4918, 10314288, 10118]] [313380492306.0, [47953725.0, 383626383, 6138012243, 5340891, 6138012243, 7110363]] [11014136272.0, [1695391.0, 13498604, 215891136, 256724, 209089728, 300512]]
Model_cost: [9971269014.0, [4465.0, 12767937, 204263608, 254913, 49400505, 3080738]] [4284066852.0, [58911.0, 5333103, 85328676, 86895, 77870628, 4866975]] [314769480.0, [50.0, 390450, 6247200, 13170, 6247200, 390410]] [5326074296.0, [19930.5, 6635394, 106002464, 38794, 103509152, 486182492]] [434655768.0, [711.0, 542918, 8678448, 4918, 7767792, 483986]] [308775925194.0, [7995.0, 383626383, 6138012243, 5340891, 6137123727, 383570187]] [1324909616.0, [540.0, 1647980, 26356864, 33172, 25506688, 1593424]]
Arch_Param: [32, 16384, 2048, 32, 512, 64]
SK_cost: [11659500128.0, [1814901.0, 7236196, 231526584, 254884, 163368120, 186529]] [4346668068.0, [666735.0, 2666607, 85328676, 86895, 85328676, 105327]] [318990840, [52170, 195230, 6247200, 13150, 6247200, 13130]] [5787454552, [891828, 3553222, 113702944, 38734, 113702944, 120604]] [562761016, [87558, 347142, 11083824, 4918, 10314288, 10118]] [312613241394.0, [47953725.0, 191813655, 6138012243, 5340891, 6138012243, 7110363]] [10987131512.0, [1695391.0, 6749302, 215891136, 256606, 209089728, 300512]]
Model_cost: [9945732466.0, [4466.5, 6384228, 204263608, 254884, 49400505, 1533730]] [4273400868.0, [58911.0, 2666607, 85328676, 86895, 77870628, 2433543]] [313987320.0, [50.0, 195230, 6247200, 13150, 6247200, 195210]] [5312840648.0, [19930.5, 3327942, 106002464, 38734, 103509152, 485984056]] [433581592.0, [711.0, 272070, 8678448, 5062, 7767792, 241746]] [308008674282.0, [7995.0, 191813655, 6138012243, 5340891, 6137123727, 191785179]] [1321606104.0, [540.0, 823990, 26356864, 33054, 25506688, 796752]]
Arch_Param: [32, 16384, 2048, 32, 512, 128]
SK_cost: [11659500128.0, [1814901.0, 7236196, 231526584, 254884, 163368120, 186529]] [4346668068.0, [666735.0, 2666607, 85328676, 86895, 85328676, 105327]] [318990840, [52170, 195230, 6247200, 13150, 6247200, 13130]] [5787454552, [891828, 3553222, 113702944, 38734, 113702944, 120604]] [562761016, [87558, 347142, 11083824, 4918, 10314288, 10118]] [312613241394.0, [47953725.0, 191813655, 6138012243, 5340891, 6138012243, 7110363]] [10987131512.0, [1695391.0, 6749302, 215891136, 256606, 209089728, 300512]]
Model_cost: [9945732466.0, [4466.5, 6384228, 204263608, 254884, 49400505, 1533730]] [4273400868.0, [58911.0, 2666607, 85328676, 86895, 77870628, 2433543]] [313987320.0, [50.0, 195230, 6247200, 13150, 6247200, 195210]] [5312840648.0, [19930.5, 3327942, 106002464, 38734, 103509152, 485984056]] [433581592.0, [711.0, 272070, 8678448, 5062, 7767792, 241746]] [308008674282.0, [7995.0, 191813655, 6138012243, 5340891, 6137123727, 191785179]] [1321606104.0, [540.0, 823990, 26356864, 33054, 25506688, 796752]]
Arch_Param: [32, 16384, 2048, 32, 512, 256]
SK_cost: [11659500128.0, [1814901.0, 7236196, 231526584, 254884, 163368120, 186529]] [4346668068.0, [666735.0, 2666607, 85328676, 86895, 85328676, 105327]] [318990840, [52170, 195230, 6247200, 13150, 6247200, 13130]] [5787454552, [891828, 3553222, 113702944, 38734, 113702944, 120604]] [562761016, [87558, 347142, 11083824, 4918, 10314288, 10118]] [312613241394.0, [47953725.0, 191813655, 6138012243, 5340891, 6138012243, 7110363]] [10987131512.0, [1695391.0, 6749302, 215891136, 256606, 209089728, 300512]]
Model_cost: [9945732322.0, [4465.0, 6384228, 204263608, 254884, 49400505, 1540514]] [4273400868.0, [58911.0, 2666607, 85328676, 86895, 77870628, 2433543]] [313987320.0, [50.0, 195230, 6247200, 13150, 6247200, 195210]] [5312840648.0, [19930.5, 3327942, 106002464, 38734, 103509152, 485984056]] [433571992.0, [711.0, 271974, 8678448, 4918, 7767792, 242028]] [308008674282.0, [7995.0, 191813655, 6138012243, 5340891, 6137123727, 191785179]] [1321606104.0, [540.0, 823990, 26356864, 33054, 25506688, 796752]]
Arch_Param: [32, 16384, 2048, 32, 512, 512]
SK_cost: [11659500128.0, [1814901.0, 7236196, 231526584, 254884, 163368120, 186529]] [4346668068.0, [666735.0, 2666607, 85328676, 86895, 85328676, 105327]] [318990840, [52170, 195230, 6247200, 13150, 6247200, 13130]] [5787454552, [891828, 3553222, 113702944, 38734, 113702944, 120604]] [562761016, [87558, 347142, 11083824, 4918, 10314288, 10118]] [312613241394.0, [47953725.0, 191813655, 6138012243, 5340891, 6138012243, 7110363]] [10987131512.0, [1695391.0, 6749302, 215891136, 256606, 209089728, 300512]]
Model_cost: [9945732322.0, [4465.0, 6384228, 204263608, 254884, 49400505, 1540514]] [4273400868.0, [58911.0, 2666607, 85328676, 86895, 77870628, 2433543]] [313987320.0, [50.0, 195230, 6247200, 13150, 6247200, 195210]] [5312840648.0, [19930.5, 3327942, 106002464, 38734, 103509152, 485984056]] [433571992.0, [711.0, 271974, 8678448, 4918, 7767792, 242028]] [308008674282.0, [7995.0, 191813655, 6138012243, 5340891, 6137123727, 191785179]] [1321606104.0, [540.0, 823990, 26356864, 33054, 25506688, 796752]]
Arch_Param: [32, 16384, 2048, 32, 1024, 64]
SK_cost: [11645034900.0, [1814901.0, 3619937, 231526584, 254881, 163368120, 186529]] [4341335076.0, [666735.0, 1333359, 85328676, 86895, 85328676, 105327]] [318625360, [52170, 104020, 6247200, 13140, 6247200, 13130]] [5780371808, [891828, 1783016, 113702944, 38704, 113702944, 120604]] [562068792, [87558, 174086, 11083824, 4918, 10314288, 10118]] [312229615938.0, [47953725.0, 95907291, 6138012243, 5340891, 6138012243, 7110363]] [10973642444.0, [1695391.0, 3377979, 215891136, 256547, 209089728, 300512]]
Model_cost: [9932971174.0, [4466.5, 3193953, 204263608, 254881, 49400505, 767778]] [4268067876.0, [58911.0, 1333359, 85328676, 86895, 77870628, 1216827]] [313622080.0, [52.5, 104020, 6247200, 13140, 6247200, 27210]] [5306249664.0, [19933.0, 1680616, 106002464, 38704, 103509152, 485814438]] [433039896.0, [711.0, 136646, 8678448, 5062, 7767792, 120914]] [307625048826.0, [7995.0, 95907291, 6138012243, 5340891, 6137123727, 95892675]] [1319956012.0, [540.0, 412411, 26356864, 32995, 25506688, 398416]]
Arch_Param: [32, 16384, 2048, 32, 1024, 128]
SK_cost: [11645034900.0, [1814901.0, 3619937, 231526584, 254881, 163368120, 186529]] [4341335076.0, [666735.0, 1333359, 85328676, 86895, 85328676, 105327]] [318625360, [52170, 104020, 6247200, 13140, 6247200, 13130]] [5780371808, [891828, 1783016, 113702944, 38704, 113702944, 120604]] [562068792, [87558, 174086, 11083824, 4918, 10314288, 10118]] [312229615938.0, [47953725.0, 95907291, 6138012243, 5340891, 6138012243, 7110363]] [10973642444.0, [1695391.0, 3377979, 215891136, 256547, 209089728, 300512]]
Model_cost: [9932971174.0, [4466.5, 3193953, 204263608, 254881, 49400505, 767778]] [4268067876.0, [58911.0, 1333359, 85328676, 86895, 77870628, 1216827]] [313622080.0, [52.5, 104020, 6247200, 13140, 6247200, 27210]] [5306249664.0, [19933.0, 1680616, 106002464, 38704, 103509152, 485814438]] [433039896.0, [711.0, 136646, 8678448, 5062, 7767792, 120914]] [307625048826.0, [7995.0, 95907291, 6138012243, 5340891, 6137123727, 95892675]] [1319956012.0, [540.0, 412411, 26356864, 32995, 25506688, 398416]]
Arch_Param: [32, 16384, 2048, 32, 1024, 256]
SK_cost: [11645034900.0, [1814901.0, 3619937, 231526584, 254881, 163368120, 186529]] [4341335076.0, [666735.0, 1333359, 85328676, 86895, 85328676, 105327]] [318625360, [52170, 104020, 6247200, 13140, 6247200, 13130]] [5780371808, [891828, 1783016, 113702944, 38704, 113702944, 120604]] [562068792, [87558, 174086, 11083824, 4918, 10314288, 10118]] [312229615938.0, [47953725.0, 95907291, 6138012243, 5340891, 6138012243, 7110363]] [10973642444.0, [1695391.0, 3377979, 215891136, 256547, 209089728, 300512]]
Model_cost: [9932971030.0, [4465.0, 3193953, 204263608, 254881, 49400505, 770402]] [4268067876.0, [58911.0, 1333359, 85328676, 86895, 77870628, 1216827]] [313622080.0, [52.5, 104020, 6247200, 13140, 6247200, 27210]] [5306249664.0, [19933.0, 1680616, 106002464, 38704, 103509152, 485814438]] [433030104.0, [711.0, 136502, 8678448, 4918, 7767792, 121049]] [307625048826.0, [7995.0, 95907291, 6138012243, 5340891, 6137123727, 95892675]] [1319956012.0, [540.0, 412411, 26356864, 32995, 25506688, 398416]]
Arch_Param: [32, 16384, 2048, 32, 1024, 512]
SK_cost: [11645034900.0, [1814901.0, 3619937, 231526584, 254881, 163368120, 186529]] [4341335076.0, [666735.0, 1333359, 85328676, 86895, 85328676, 105327]] [318625360, [52170, 104020, 6247200, 13140, 6247200, 13130]] [5780371808, [891828, 1783016, 113702944, 38704, 113702944, 120604]] [562068792, [87558, 174086, 11083824, 4918, 10314288, 10118]] [312229615938.0, [47953725.0, 95907291, 6138012243, 5340891, 6138012243, 7110363]] [10973642444.0, [1695391.0, 3377979, 215891136, 256547, 209089728, 300512]]
Model_cost: [9932971030.0, [4465.0, 3193953, 204263608, 254881, 49400505, 770402]] [4268067876.0, [58911.0, 1333359, 85328676, 86895, 77870628, 1216827]] [313622080.0, [52.5, 104020, 6247200, 13140, 6247200, 27210]] [5306249664.0, [19933.0, 1680616, 106002464, 38704, 103509152, 485814438]] [433030104.0, [711.0, 136502, 8678448, 4918, 7767792, 121049]] [307625048826.0, [7995.0, 95907291, 6138012243, 5340891, 6137123727, 95892675]] [1319956012.0, [540.0, 412411, 26356864, 32995, 25506688, 398416]]
Arch_Param: [32, 16384, 1024, 4, 256, 64]
SK_cost: [74531764372.0, [22803497.0, 91214401, 1459298552, 1634145, 913427640, 919009]] [8375854116.0, [2556015.0, 10223727, 163578660, 164463, 113640228, 132975]] [324750600, [104020, 390450, 6247200, 13170, 6247200, 13130]] [5887225288, [1783016, 7106434, 113702944, 38794, 113702944, 120604]] [4577407288, [1392646, 5545990, 88670256, 39302, 81420848, 79558]] [629098390674.0, [191805207.0, 767215743, 12275433555, 10680855, 8855921235, 9764571]] [21431815248.0, [6562107.0, 26148076, 417716928, 820436, 297170112, 386528]]
Model_cost: [62442286870.0, [57605.0, 80564801, 1288904952, 2316545, 49400505, 100834]] [8070910500.0, [124719.0, 10223727, 163578660, 164463, 77870628, 4866975]] [314774280.0, [100.0, 390450, 6247200, 13170, 6247200, 390410]] [5327986664.0, [39851.0, 6635394, 106002464, 38794, 103509152, 486182492]] [3372366008, [11286, 4343302, 69427248, 91654, 7767792, 9938]] [605249561610.0, [21519.0, 767215743, 12275433555, 10680855, 6137123727, 383570187]] [2357460368.0, [3237.0, 2983404, 47652928, 107220, 25506688, 1501904]]
Arch_Param: [32, 16384, 1024, 4, 256, 128]
SK_cost: [74531764372.0, [22803497.0, 91214401, 1459298552, 1634145, 913427640, 919009]] [8375854116.0, [2556015.0, 10223727, 163578660, 164463, 113640228, 132975]] [324750600, [104020, 390450, 6247200, 13170, 6247200, 13130]] [5887225288, [1783016, 7106434, 113702944, 38794, 113702944, 120604]] [4577407288, [1392646, 5545990, 88670256, 39302, 81420848, 79558]] [629098390674.0, [191805207.0, 767215743, 12275433555, 10680855, 8855921235, 9764571]] [21431815248.0, [6562107.0, 26148076, 417716928, 820436, 297170112, 386528]]
Model_cost: [62442286870.0, [57605.0, 80564801, 1288904952, 2316545, 49400505, 100834]] [8070910500.0, [124719.0, 10223727, 163578660, 164463, 77870628, 4866975]] [314774280.0, [100.0, 390450, 6247200, 13170, 6247200, 390410]] [5327986664.0, [39851.0, 6635394, 106002464, 38794, 103509152, 486182492]] [3369089208.0, [11286.0, 4343302, 69427248, 40454, 7767792, 475346]] [605249561610.0, [21519.0, 767215743, 12275433555, 10680855, 6137123727, 383570187]] [2357230992.0, [3237.0, 2983404, 47652928, 103636, 25506688, 1579600]]
Arch_Param: [32, 16384, 1024, 4, 256, 256]
SK_cost: [74531764372.0, [22803497.0, 91214401, 1459298552, 1634145, 913427640, 919009]] [8375854116.0, [2556015.0, 10223727, 163578660, 164463, 113640228, 132975]] [324750600, [104020, 390450, 6247200, 13170, 6247200, 13130]] [5887225288, [1783016, 7106434, 113702944, 38794, 113702944, 120604]] [4577407288, [1392646, 5545990, 88670256, 39302, 81420848, 79558]] [629098390674.0, [191805207.0, 767215743, 12275433555, 10680855, 8855921235, 9764571]] [21431815248.0, [6562107.0, 26148076, 417716928, 820436, 297170112, 386528]]
Model_cost: [62442286870.0, [57605.0, 80564801, 1288904952, 2316545, 49400505, 100834]] [8070910500.0, [124719.0, 10223727, 163578660, 164463, 77870628, 4866975]] [314774280.0, [100.0, 390450, 6247200, 13170, 6247200, 390410]] [5327986664.0, [39851.0, 6635394, 106002464, 38794, 103509152, 486182492]] [3369089208.0, [11286.0, 4343302, 69427248, 40454, 7767792, 475346]] [605249561610.0, [21519.0, 767215743, 12275433555, 10680855, 6137123727, 383570187]] [2357230992.0, [3237.0, 2983404, 47652928, 103636, 25506688, 1579600]]
Arch_Param: [32, 16384, 1024, 4, 512, 64]
SK_cost: [74349334752.0, [22803497.0, 45607460, 1459298552, 1634116, 913427640, 919009]] [8355406884.0, [2556015.0, 5111919, 163578660, 164463, 113640228, 132975]] [323968440, [104020, 195230, 6247200, 13150, 6247200, 13130]] [5873008600, [1783016, 3553222, 113702944, 38734, 113702944, 120604]] [4566331704, [1392646, 2777094, 88670256, 39302, 81420848, 79558]] [627563962578.0, [191805207.0, 383608719, 12275433555, 10680855, 8855921235, 9764571]] [21379511544.0, [6562107.0, 13074038, 417716928, 820318, 297170112, 386528]]
Model_cost: [62281156450.0, [57605.0, 40282660, 1288904952, 2316516, 49400505, 92642]] [8050463268.0, [124719.0, 5111919, 163578660, 164463, 77870628, 2433543]] [313992120.0, [100.0, 195230, 6247200, 13150, 6247200, 195210]] [5314753016.0, [39851.0, 3327942, 106002464, 38734, 103509152, 485984056]] [3363698872, [11286, 2176518, 69427248, 91654, 7767792, 9938]] [603715133514.0, [21519.0, 383608719, 12275433555, 10680855, 6137123727, 191785179]] [2351486008.0, [3237.0, 1491702, 47652928, 107102, 25506688, 753872]]
Arch_Param: [32, 16384, 1024, 4, 512, 128]
SK_cost: [74349334752.0, [22803497.0, 45607460, 1459298552, 1634116, 913427640, 919009]] [8355406884.0, [2556015.0, 5111919, 163578660, 164463, 113640228, 132975]] [323968440, [104020, 195230, 6247200, 13150, 6247200, 13130]] [5873008600, [1783016, 3553222, 113702944, 38734, 113702944, 120604]] [4566331704, [1392646, 2777094, 88670256, 39302, 81420848, 79558]] [627563962578.0, [191805207.0, 383608719, 12275433555, 10680855, 8855921235, 9764571]] [21379511544.0, [6562107.0, 13074038, 417716928, 820318, 297170112, 386528]]
Model_cost: [62281156450.0, [57605.0, 40282660, 1288904952, 2316516, 49400505, 92642]] [8050463268.0, [124719.0, 5111919, 163578660, 164463, 77870628, 2433543]] [313992120.0, [100.0, 195230, 6247200, 13150, 6247200, 195210]] [5314753016.0, [39851.0, 3327942, 106002464, 38734, 103509152, 485984056]] [3360422072.0, [11286.0, 2176518, 69427248, 40454, 7767792, 237778]] [603715133514.0, [21519.0, 383608719, 12275433555, 10680855, 6137123727, 191785179]] [2351256632.0, [3237.0, 1491702, 47652928, 103518, 25506688, 790608]]
Arch_Param: [32, 16384, 1024, 4, 512, 256]
SK_cost: [74349334752.0, [22803497.0, 45607460, 1459298552, 1634116, 913427640, 919009]] [8355406884.0, [2556015.0, 5111919, 163578660, 164463, 113640228, 132975]] [323968440, [104020, 195230, 6247200, 13150, 6247200, 13130]] [5873008600, [1783016, 3553222, 113702944, 38734, 113702944, 120604]] [4566331704, [1392646, 2777094, 88670256, 39302, 81420848, 79558]] [627563962578.0, [191805207.0, 383608719, 12275433555, 10680855, 8855921235, 9764571]] [21379511544.0, [6562107.0, 13074038, 417716928, 820318, 297170112, 386528]]
Model_cost: [62281156450.0, [57605.0, 40282660, 1288904952, 2316516, 49400505, 92642]] [8050463268.0, [124719.0, 5111919, 163578660, 164463, 77870628, 2433543]] [313992120.0, [100.0, 195230, 6247200, 13150, 6247200, 195210]] [5314753016.0, [39851.0, 3327942, 106002464, 38734, 103509152, 485984056]] [3360422072.0, [11286.0, 2176518, 69427248, 40454, 7767792, 237778]] [603715133514.0, [21519.0, 383608719, 12275433555, 10680855, 6137123727, 191785179]] [2351256632.0, [3237.0, 1491702, 47652928, 103518, 25506688, 790608]]
Arch_Param: [32, 16384, 1024, 4, 512, 512]
SK_cost: [74349334752.0, [22803497.0, 45607460, 1459298552, 1634116, 913427640, 919009]] [8355406884.0, [2556015.0, 5111919, 163578660, 164463, 113640228, 132975]] [323968440, [104020, 195230, 6247200, 13150, 6247200, 13130]] [5873008600, [1783016, 3553222, 113702944, 38734, 113702944, 120604]] [4566331704, [1392646, 2777094, 88670256, 39302, 81420848, 79558]] [627563962578.0, [191805207.0, 383608719, 12275433555, 10680855, 8855921235, 9764571]] [21379511544.0, [6562107.0, 13074038, 417716928, 820318, 297170112, 386528]]
Model_cost: [62237482850.0, [57605.0, 40282660, 1288904952, 1634116, 49400505, 1533730]] [8050463268.0, [124719.0, 5111919, 163578660, 164463, 77870628, 2433543]] [313992120.0, [100.0, 195230, 6247200, 13150, 6247200, 195210]] [5314753016.0, [39851.0, 3327942, 106002464, 38734, 103509152, 485984056]] [3360401720.0, [11286.0, 2175750, 69427248, 39302, 7796016, 242910]] [603715133514.0, [21519.0, 383608719, 12275433555, 10680855, 6137123727, 191785179]] [2351256632.0, [3237.0, 1491702, 47652928, 103518, 25506688, 796752]]
Arch_Param: [32, 16384, 1024, 4, 1024, 64]
SK_cost: [74258170388.0, [22803497.0, 22816417, 1459298552, 1634113, 913427640, 919009]] [8345183268.0, [2556015.0, 2556015, 163578660, 164463, 113640228, 132975]] [323602960, [104020, 104020, 6247200, 13140, 6247200, 13130]] [5865925856, [1783016, 1783016, 113702944, 38704, 113702944, 120604]] [4560793912, [1392646, 1392646, 88670256, 39302, 81420848, 79558]] [626796748530.0, [191805207.0, 191805207, 12275433555, 10680855, 8855921235, 9764571]] [21353460044.0, [6562107.0, 6562107, 417716928, 820259, 297170112, 386528]]
Model_cost: [62200641686.0, [57605.0, 20154017, 1288904952, 2316513, 49400505, 88546]] [8040239652.0, [124719.0, 2556015, 163578660, 164463, 77870628, 1216827]] [313627120.0, [105.0, 104020, 6247200, 13140, 6247200, 27210]] [5308162272.0, [39856.0, 1680616, 106002464, 38704, 103509152, 485814438]] [3359365304, [11286, 1093126, 69427248, 91654, 7767792, 9938]] [602947919466.0, [21519.0, 191805207, 12275433555, 10680855, 6137123727, 95892675]] [2348511372.0, [3237.0, 748987, 47652928, 107043, 25506688, 379856]]
Arch_Param: [32, 16384, 1024, 4, 1024, 128]
SK_cost: [74258170388.0, [22803497.0, 22816417, 1459298552, 1634113, 913427640, 919009]] [8345183268.0, [2556015.0, 2556015, 163578660, 164463, 113640228, 132975]] [323602960, [104020, 104020, 6247200, 13140, 6247200, 13130]] [5865925856, [1783016, 1783016, 113702944, 38704, 113702944, 120604]] [4560793912, [1392646, 1392646, 88670256, 39302, 81420848, 79558]] [626796748530.0, [191805207.0, 191805207, 12275433555, 10680855, 8855921235, 9764571]] [21353460044.0, [6562107.0, 6562107, 417716928, 820259, 297170112, 386528]]
Model_cost: [62200641686.0, [57605.0, 20154017, 1288904952, 2316513, 49400505, 88546]] [8040239652.0, [124719.0, 2556015, 163578660, 164463, 77870628, 1216827]] [313627120.0, [105.0, 104020, 6247200, 13140, 6247200, 27210]] [5308162272.0, [39856.0, 1680616, 106002464, 38704, 103509152, 485814438]] [3356088504.0, [11286.0, 1093126, 69427248, 40454, 7767792, 118994]] [602947919466.0, [21519.0, 191805207, 12275433555, 10680855, 6137123727, 95892675]] [2348281996.0, [3237.0, 748987, 47652928, 103459, 25506688, 396112]]
Arch_Param: [32, 16384, 1024, 4, 1024, 256]
SK_cost: [74258170388.0, [22803497.0, 22816417, 1459298552, 1634113, 913427640, 919009]] [8345183268.0, [2556015.0, 2556015, 163578660, 164463, 113640228, 132975]] [323602960, [104020, 104020, 6247200, 13140, 6247200, 13130]] [5865925856, [1783016, 1783016, 113702944, 38704, 113702944, 120604]] [4560793912, [1392646, 1392646, 88670256, 39302, 81420848, 79558]] [626796748530.0, [191805207.0, 191805207, 12275433555, 10680855, 8855921235, 9764571]] [21353460044.0, [6562107.0, 6562107, 417716928, 820259, 297170112, 386528]]
Model_cost: [62200641686.0, [57605.0, 20154017, 1288904952, 2316513, 49400505, 88546]] [8040239652.0, [124719.0, 2556015, 163578660, 164463, 77870628, 1216827]] [313627120.0, [105.0, 104020, 6247200, 13140, 6247200, 27210]] [5308162272.0, [39856.0, 1680616, 106002464, 38704, 103509152, 485814438]] [3356088504.0, [11286.0, 1093126, 69427248, 40454, 7767792, 118994]] [602947919466.0, [21519.0, 191805207, 12275433555, 10680855, 6137123727, 95892675]] [2348281996.0, [3237.0, 748987, 47652928, 103459, 25506688, 396112]]
Arch_Param: [32, 16384, 1024, 4, 1024, 512]
SK_cost: [74258170388.0, [22803497.0, 22816417, 1459298552, 1634113, 913427640, 919009]] [8345183268.0, [2556015.0, 2556015, 163578660, 164463, 113640228, 132975]] [323602960, [104020, 104020, 6247200, 13140, 6247200, 13130]] [5865925856, [1783016, 1783016, 113702944, 38704, 113702944, 120604]] [4560793912, [1392646, 1392646, 88670256, 39302, 81420848, 79558]] [626796748530.0, [191805207.0, 191805207, 12275433555, 10680855, 8855921235, 9764571]] [21353460044.0, [6562107.0, 6562107, 417716928, 820259, 297170112, 386528]]
Model_cost: [62156968086.0, [57605.0, 20154017, 1288904952, 1634113, 49400505, 767778]] [8040239652.0, [124719.0, 2556015, 163578660, 164463, 77870628, 1216827]] [313627120.0, [105.0, 104020, 6247200, 13140, 6247200, 27210]] [5308162272.0, [39856.0, 1680616, 106002464, 38704, 103509152, 485814438]] [3356066616.0, [11286.0, 1091974, 69427248, 39302, 7796016, 121490]] [602947919466.0, [21519.0, 191805207, 12275433555, 10680855, 6137123727, 95892675]] [2348281996.0, [3237.0, 748987, 47652928, 103459, 25506688, 398416]]
Arch_Param: [32, 16384, 1024, 8, 256, 64]
SK_cost: [38712881300.0, [11837993.0, 47352385, 757568376, 845281, 484822200, 500449]] [4421329956.0, [1333359.0, 5333103, 85328676, 86895, 85328676, 105327]] [324750600, [104020, 390450, 6247200, 13170, 6247200, 13130]] [5887225288, [1783016, 7106434, 113702944, 38794, 113702944, 120604]] [2288861496, [696326, 2772998, 44335152, 19654, 40788528, 39878]] [317984034642.0, [95907291.0, 383626383, 6138012243, 5340891, 6138012243, 7110363]] [14369119312.0, [4373307.0, 17443052, 278762688, 474836, 234255552, 325088]]
Model_cost: [32455980950.0, [29745.0, 41814593, 668963704, 1200129, 49400505, 100834]] [4289711652.0, [117711.0, 5333103, 85328676, 86895, 77870628, 4866975]] [314774280.0, [100.0, 390450, 6247200, 13170, 6247200, 390410]] [5327986664.0, [39851.0, 6635394, 106002464, 38794, 103509152, 486182492]] [1692314040.0, [5646.0, 2171654, 34713648, 20230, 7767792, 475346]] [308776677450.0, [15831.0, 383626383, 6138012243, 5340891, 6137123727, 383570187]] [1639582640.0, [1904.0, 2055020, 32839552, 60436, 25506688, 1579600]]
Arch_Param: [32, 16384, 1024, 8, 256, 128]
SK_cost: [38712881300.0, [11837993.0, 47352385, 757568376, 845281, 484822200, 500449]] [4421329956.0, [1333359.0, 5333103, 85328676, 86895, 85328676, 105327]] [324750600, [104020, 390450, 6247200, 13170, 6247200, 13130]] [5887225288, [1783016, 7106434, 113702944, 38794, 113702944, 120604]] [2288861496, [696326, 2772998, 44335152, 19654, 40788528, 39878]] [317984034642.0, [95907291.0, 383626383, 6138012243, 5340891, 6138012243, 7110363]] [14369119312.0, [4373307.0, 17443052, 278762688, 474836, 234255552, 325088]]
Model_cost: [32455980950.0, [29745.0, 41814593, 668963704, 1200129, 49400505, 100834]] [4289711652.0, [117711.0, 5333103, 85328676, 86895, 77870628, 4866975]] [314774280.0, [100.0, 390450, 6247200, 13170, 6247200, 390410]] [5327986664.0, [39851.0, 6635394, 106002464, 38794, 103509152, 486182492]] [1692314040.0, [5646.0, 2171654, 34713648, 20230, 7767792, 475346]] [308776677450.0, [15831.0, 383626383, 6138012243, 5340891, 6137123727, 383570187]] [1639582640.0, [1904.0, 2055020, 32839552, 60436, 25506688, 1579600]]
Arch_Param: [32, 16384, 1024, 8, 256, 256]
SK_cost: [38712881300.0, [11837993.0, 47352385, 757568376, 845281, 484822200, 500449]] [4421329956.0, [1333359.0, 5333103, 85328676, 86895, 85328676, 105327]] [324750600, [104020, 390450, 6247200, 13170, 6247200, 13130]] [5887225288, [1783016, 7106434, 113702944, 38794, 113702944, 120604]] [2288861496, [696326, 2772998, 44335152, 19654, 40788528, 39878]] [317984034642.0, [95907291.0, 383626383, 6138012243, 5340891, 6138012243, 7110363]] [14369119312.0, [4373307.0, 17443052, 278762688, 474836, 234255552, 325088]]
Model_cost: [32433270678.0, [29745.0, 41814593, 668963704, 845281, 49400505, 3065634]] [4289711652.0, [117711.0, 5333103, 85328676, 86895, 77870628, 4866975]] [314774280.0, [100.0, 390450, 6247200, 13170, 6247200, 390410]] [5327986664.0, [39851.0, 6635394, 106002464, 38794, 103509152, 486182492]] [1692314040.0, [5646.0, 2171654, 34713648, 20230, 7767792, 483410]] [308776677450.0, [15831.0, 383626383, 6138012243, 5340891, 6137123727, 383570187]] [1639582640.0, [1904.0, 2055020, 32839552, 60436, 25506688, 1593424]]
Arch_Param: [32, 16384, 1024, 8, 512, 64]
SK_cost: [38618175712.0, [11837993.0, 23676452, 757568376, 845252, 484822200, 500449]] [4410663972.0, [1333359.0, 2666607, 85328676, 86895, 85328676, 105327]] [323968440, [104020, 195230, 6247200, 13150, 6247200, 13130]] [5873008600, [1783016, 3553222, 113702944, 38734, 113702944, 120604]] [2283323704, [696326, 1388550, 44335152, 19654, 40788528, 39878]] [317216783730.0, [95907291.0, 191813655, 6138012243, 5340891, 6138012243, 7110363]] [14334225656.0, [4373307.0, 8721526, 278762688, 474718, 234255552, 325088]]
Model_cost: [32372350946.0, [29745.0, 20907556, 668963704, 1200100, 49400505, 92642]] [4279045668.0, [117711.0, 2666607, 85328676, 86895, 77870628, 2433543]] [313992120.0, [100.0, 195230, 6247200, 13150, 6247200, 195210]] [5314753016.0, [39851.0, 3327942, 106002464, 38734, 103509152, 485984056]] [1687980472.0, [5646.0, 1088262, 34713648, 20230, 7767792, 237778]] [308009426538.0, [15831.0, 191813655, 6138012243, 5340891, 6137123727, 191785179]] [1635465048.0, [1904.0, 1027510, 32839552, 60318, 25506688, 790608]]
Arch_Param: [32, 16384, 1024, 8, 512, 128]
SK_cost: [38618175712.0, [11837993.0, 23676452, 757568376, 845252, 484822200, 500449]] [4410663972.0, [1333359.0, 2666607, 85328676, 86895, 85328676, 105327]] [323968440, [104020, 195230, 6247200, 13150, 6247200, 13130]] [5873008600, [1783016, 3553222, 113702944, 38734, 113702944, 120604]] [2283323704, [696326, 1388550, 44335152, 19654, 40788528, 39878]] [317216783730.0, [95907291.0, 191813655, 6138012243, 5340891, 6138012243, 7110363]] [14334225656.0, [4373307.0, 8721526, 278762688, 474718, 234255552, 325088]]
Model_cost: [32372350946.0, [29745.0, 20907556, 668963704, 1200100, 49400505, 92642]] [4279045668.0, [117711.0, 2666607, 85328676, 86895, 77870628, 2433543]] [313992120.0, [100.0, 195230, 6247200, 13150, 6247200, 195210]] [5314753016.0, [39851.0, 3327942, 106002464, 38734, 103509152, 485984056]] [1687980472.0, [5646.0, 1088262, 34713648, 20230, 7767792, 237778]] [308009426538.0, [15831.0, 191813655, 6138012243, 5340891, 6137123727, 191785179]] [1635465048.0, [1904.0, 1027510, 32839552, 60318, 25506688, 790608]]
Arch_Param: [32, 16384, 1024, 8, 512, 256]
SK_cost: [38618175712.0, [11837993.0, 23676452, 757568376, 845252, 484822200, 500449]] [4410663972.0, [1333359.0, 2666607, 85328676, 86895, 85328676, 105327]] [323968440, [104020, 195230, 6247200, 13150, 6247200, 13130]] [5873008600, [1783016, 3553222, 113702944, 38734, 113702944, 120604]] [2283323704, [696326, 1388550, 44335152, 19654, 40788528, 39878]] [317216783730.0, [95907291.0, 191813655, 6138012243, 5340891, 6138012243, 7110363]] [14334225656.0, [4373307.0, 8721526, 278762688, 474718, 234255552, 325088]]
Model_cost: [32349640674.0, [29745.0, 20907556, 668963704, 845252, 49400505, 1533730]] [4279045668.0, [117711.0, 2666607, 85328676, 86895, 77870628, 2433543]] [313992120.0, [100.0, 195230, 6247200, 13150, 6247200, 195210]] [5314753016.0, [39851.0, 3327942, 106002464, 38734, 103509152, 485984056]] [1687980472.0, [5646.0, 1088262, 34713648, 20230, 7767792, 241746]] [308009426538.0, [15831.0, 191813655, 6138012243, 5340891, 6137123727, 191785179]] [1635465048.0, [1904.0, 1027510, 32839552, 60318, 25506688, 796752]]
Arch_Param: [32, 16384, 1024, 8, 512, 512]
SK_cost: [38618175712.0, [11837993.0, 23676452, 757568376, 845252, 484822200, 500449]] [4410663972.0, [1333359.0, 2666607, 85328676, 86895, 85328676, 105327]] [323968440, [104020, 195230, 6247200, 13150, 6247200, 13130]] [5873008600, [1783016, 3553222, 113702944, 38734, 113702944, 120604]] [2283323704, [696326, 1388550, 44335152, 19654, 40788528, 39878]] [317216783730.0, [95907291.0, 191813655, 6138012243, 5340891, 6138012243, 7110363]] [14334225656.0, [4373307.0, 8721526, 278762688, 474718, 234255552, 325088]]
Model_cost: [32349640674.0, [29745.0, 20907556, 668963704, 845252, 49400505, 1533730]] [4279045668.0, [117711.0, 2666607, 85328676, 86895, 77870628, 2433543]] [313992120.0, [100.0, 195230, 6247200, 13150, 6247200, 195210]] [5314753016.0, [39851.0, 3327942, 106002464, 38734, 103509152, 485984056]] [1687960888.0, [5646.0, 1087878, 34713648, 19654, 7777200, 242322]] [308009426538.0, [15831.0, 191813655, 6138012243, 5340891, 6137123727, 191785179]] [1635465048.0, [1904.0, 1027510, 32839552, 60318, 25506688, 796752]]
Arch_Param: [32, 16384, 1024, 8, 1024, 64]
SK_cost: [38570848532.0, [11837993.0, 11844705, 757568376, 845249, 484822200, 500449]] [4405330980.0, [1333359.0, 1333359, 85328676, 86895, 85328676, 105327]] [323602960, [104020, 104020, 6247200, 13140, 6247200, 13130]] [5865925856, [1783016, 1783016, 113702944, 38704, 113702944, 120604]] [2280554808, [696326, 696326, 44335152, 19654, 40788528, 39878]] [316833158274.0, [95907291.0, 95907291, 6138012243, 5340891, 6138012243, 7110363]] [14316829004.0, [4373307.0, 4373307, 278762688, 474659, 234255552, 325088]]
Model_cost: [32330561558.0, [29745.0, 10460257, 668963704, 1200097, 49400505, 88546]] [4273712676.0, [117711.0, 1333359, 85328676, 86895, 77870628, 1216827]] [313627120.0, [105.0, 104020, 6247200, 13140, 6247200, 27210]] [5308162272.0, [39856.0, 1680616, 106002464, 38704, 103509152, 485814438]] [1685813688.0, [5646.0, 546566, 34713648, 20230, 7767792, 118994]] [307625801082.0, [15831.0, 95907291, 6138012243, 5340891, 6137123727, 95892675]] [1633412524.0, [1904.0, 515323, 32839552, 60259, 25506688, 396112]]
Arch_Param: [32, 16384, 1024, 8, 1024, 128]
SK_cost: [38570848532.0, [11837993.0, 11844705, 757568376, 845249, 484822200, 500449]] [4405330980.0, [1333359.0, 1333359, 85328676, 86895, 85328676, 105327]] [323602960, [104020, 104020, 6247200, 13140, 6247200, 13130]] [5865925856, [1783016, 1783016, 113702944, 38704, 113702944, 120604]] [2280554808, [696326, 696326, 44335152, 19654, 40788528, 39878]] [316833158274.0, [95907291.0, 95907291, 6138012243, 5340891, 6138012243, 7110363]] [14316829004.0, [4373307.0, 4373307, 278762688, 474659, 234255552, 325088]]
Model_cost: [32330561558.0, [29745.0, 10460257, 668963704, 1200097, 49400505, 88546]] [4273712676.0, [117711.0, 1333359, 85328676, 86895, 77870628, 1216827]] [313627120.0, [105.0, 104020, 6247200, 13140, 6247200, 27210]] [5308162272.0, [39856.0, 1680616, 106002464, 38704, 103509152, 485814438]] [1685813688.0, [5646.0, 546566, 34713648, 20230, 7767792, 118994]] [307625801082.0, [15831.0, 95907291, 6138012243, 5340891, 6137123727, 95892675]] [1633412524.0, [1904.0, 515323, 32839552, 60259, 25506688, 396112]]
Arch_Param: [32, 16384, 1024, 8, 1024, 256]
SK_cost: [38570848532.0, [11837993.0, 11844705, 757568376, 845249, 484822200, 500449]] [4405330980.0, [1333359.0, 1333359, 85328676, 86895, 85328676, 105327]] [323602960, [104020, 104020, 6247200, 13140, 6247200, 13130]] [5865925856, [1783016, 1783016, 113702944, 38704, 113702944, 120604]] [2280554808, [696326, 696326, 44335152, 19654, 40788528, 39878]] [316833158274.0, [95907291.0, 95907291, 6138012243, 5340891, 6138012243, 7110363]] [14316829004.0, [4373307.0, 4373307, 278762688, 474659, 234255552, 325088]]
Model_cost: [32307851286.0, [29745.0, 10460257, 668963704, 845249, 49400505, 767778]] [4273712676.0, [117711.0, 1333359, 85328676, 86895, 77870628, 1216827]] [313627120.0, [105.0, 104020, 6247200, 13140, 6247200, 27210]] [5308162272.0, [39856.0, 1680616, 106002464, 38704, 103509152, 485814438]] [1685813688.0, [5646.0, 546566, 34713648, 20230, 7767792, 120914]] [307625801082.0, [15831.0, 95907291, 6138012243, 5340891, 6137123727, 95892675]] [1633412524.0, [1904.0, 515323, 32839552, 60259, 25506688, 398416]]
Arch_Param: [32, 16384, 1024, 8, 1024, 512]
SK_cost: [38570848532.0, [11837993.0, 11844705, 757568376, 845249, 484822200, 500449]] [4405330980.0, [1333359.0, 1333359, 85328676, 86895, 85328676, 105327]] [323602960, [104020, 104020, 6247200, 13140, 6247200, 13130]] [5865925856, [1783016, 1783016, 113702944, 38704, 113702944, 120604]] [2280554808, [696326, 696326, 44335152, 19654, 40788528, 39878]] [316833158274.0, [95907291.0, 95907291, 6138012243, 5340891, 6138012243, 7110363]] [14316829004.0, [4373307.0, 4373307, 278762688, 474659, 234255552, 325088]]
Model_cost: [32307851286.0, [29745.0, 10460257, 668963704, 845249, 49400505, 767778]] [4273712676.0, [117711.0, 1333359, 85328676, 86895, 77870628, 1216827]] [313627120.0, [105.0, 104020, 6247200, 13140, 6247200, 27210]] [5308162272.0, [39856.0, 1680616, 106002464, 38704, 103509152, 485814438]] [1685793336.0, [5646.0, 545990, 34713648, 19654, 7777200, 121196]] [307625801082.0, [15831.0, 95907291, 6138012243, 5340891, 6137123727, 95892675]] [1633412524.0, [1904.0, 515323, 32839552, 60259, 25506688, 398416]]
Arch_Param: [32, 16384, 1024, 16, 256, 64]
SK_cost: [20810111636.0, [6357321.0, 25429697, 406836408, 451617, 270519480, 291169]] [4421329956.0, [1333359.0, 5333103, 85328676, 86895, 85328676, 105327]] [324750600, [104020, 390450, 6247200, 13170, 6247200, 13130]] [5887225288, [1783016, 7106434, 113702944, 38794, 113702944, 120604]] [1144588600, [348166, 1386502, 22167600, 9830, 20472368, 20038]] [317984034642.0, [95907291.0, 383626383, 6138012243, 5340891, 6138012243, 7110363]] [12240149584.0, [3709755.0, 14813420, 236848320, 329428, 217478336, 308704]]
Model_cost: [17469302390.0, [15838.0, 22447809, 359126200, 642689, 49400505, 100834]] [4289711652.0, [117711.0, 5333103, 85328676, 86895, 77870628, 4866975]] [314774280.0, [100.0, 390450, 6247200, 13170, 6247200, 390410]] [5327986664.0, [39851.0, 6635394, 106002464, 38794, 103509152, 486182492]] [853926456.0, [2826.0, 1085830, 17356848, 10118, 7767792, 475346]] [308776677450.0, [15831.0, 383626383, 6138012243, 5340891, 6137123727, 383570187]] [1429835024.0, [1353.0, 1783660, 28517760, 42260, 25506688, 1579600]]
Arch_Param: [32, 16384, 1024, 16, 256, 128]
SK_cost: [20810111636.0, [6357321.0, 25429697, 406836408, 451617, 270519480, 291169]] [4421329956.0, [1333359.0, 5333103, 85328676, 86895, 85328676, 105327]] [324750600, [104020, 390450, 6247200, 13170, 6247200, 13130]] [5887225288, [1783016, 7106434, 113702944, 38794, 113702944, 120604]] [1144588600, [348166, 1386502, 22167600, 9830, 20472368, 20038]] [317984034642.0, [95907291.0, 383626383, 6138012243, 5340891, 6138012243, 7110363]] [12240149584.0, [3709755.0, 14813420, 236848320, 329428, 217478336, 308704]]
Model_cost: [17457073782.0, [15838.0, 22447809, 359126200, 451617, 49400505, 3065634]] [4289711652.0, [117711.0, 5333103, 85328676, 86895, 77870628, 4866975]] [314774280.0, [100.0, 390450, 6247200, 13170, 6247200, 390410]] [5327986664.0, [39851.0, 6635394, 106002464, 38794, 103509152, 486182492]] [853926456.0, [2826.0, 1085830, 17356848, 10118, 7767792, 483410]] [308776677450.0, [15831.0, 383626383, 6138012243, 5340891, 6137123727, 383570187]] [1429835024.0, [1353.0, 1783660, 28517760, 42260, 25506688, 1593424]]
Arch_Param: [32, 16384, 1024, 16, 256, 256]
SK_cost: [20810111636.0, [6357321.0, 25429697, 406836408, 451617, 270519480, 291169]] [4421329956.0, [1333359.0, 5333103, 85328676, 86895, 85328676, 105327]] [324750600, [104020, 390450, 6247200, 13170, 6247200, 13130]] [5887225288, [1783016, 7106434, 113702944, 38794, 113702944, 120604]] [1144588600, [348166, 1386502, 22167600, 9830, 20472368, 20038]] [317984034642.0, [95907291.0, 383626383, 6138012243, 5340891, 6138012243, 7110363]] [12240149584.0, [3709755.0, 14813420, 236848320, 329428, 217478336, 308704]]
Model_cost: [17457073782.0, [15838.0, 22447809, 359126200, 451617, 49400505, 3065634]] [4289711652.0, [117711.0, 5333103, 85328676, 86895, 77870628, 4866975]] [314774280.0, [100.0, 390450, 6247200, 13170, 6247200, 390410]] [5327986664.0, [39851.0, 6635394, 106002464, 38794, 103509152, 486182492]] [853926456.0, [2826.0, 1085830, 17356848, 10118, 7767792, 483410]] [308776677450.0, [15831.0, 383626383, 6138012243, 5340891, 6137123727, 383570187]] [1429835024.0, [1353.0, 1783660, 28517760, 42260, 25506688, 1593424]]
Arch_Param: [32, 16384, 1024, 16, 512, 64]
SK_cost: [20759251424.0, [6357321.0, 12715108, 406836408, 451588, 270519480, 291169]] [4410663972.0, [1333359.0, 2666607, 85328676, 86895, 85328676, 105327]] [323968440, [104020, 195230, 6247200, 13150, 6247200, 13130]] [5873008600, [1783016, 3553222, 113702944, 38734, 113702944, 120604]] [1141819704, [348166, 694278, 22167600, 9830, 20472368, 20038]] [317216783730.0, [95907291.0, 191813655, 6138012243, 5340891, 6138012243, 7110363]] [12210515192.0, [3709755.0, 7406710, 236848320, 329310, 217478336, 308704]]
Model_cost: [17424405954.0, [15838.0, 11224164, 359126200, 642660, 49400505, 92642]] [4279045668.0, [117711.0, 2666607, 85328676, 86895, 77870628, 2433543]] [313992120.0, [100.0, 195230, 6247200, 13150, 6247200, 195210]] [5314753016.0, [39851.0, 3327942, 106002464, 38734, 103509152, 485984056]] [851759672.0, [2826.0, 544134, 17356848, 10118, 7767792, 237778]] [308009426538.0, [15831.0, 191813655, 6138012243, 5340891, 6137123727, 191785179]] [1426260152.0, [1353.0, 891830, 28517760, 42142, 25506688, 790608]]
Arch_Param: [32, 16384, 1024, 16, 512, 128]
SK_cost: [20759251424.0, [6357321.0, 12715108, 406836408, 451588, 270519480, 291169]] [4410663972.0, [1333359.0, 2666607, 85328676, 86895, 85328676, 105327]] [323968440, [104020, 195230, 6247200, 13150, 6247200, 13130]] [5873008600, [1783016, 3553222, 113702944, 38734, 113702944, 120604]] [1141819704, [348166, 694278, 22167600, 9830, 20472368, 20038]] [317216783730.0, [95907291.0, 191813655, 6138012243, 5340891, 6138012243, 7110363]] [12210515192.0, [3709755.0, 7406710, 236848320, 329310, 217478336, 308704]]
Model_cost: [17412177346.0, [15838.0, 11224164, 359126200, 451588, 49400505, 1533730]] [4279045668.0, [117711.0, 2666607, 85328676, 86895, 77870628, 2433543]] [313992120.0, [100.0, 195230, 6247200, 13150, 6247200, 195210]] [5314753016.0, [39851.0, 3327942, 106002464, 38734, 103509152, 485984056]] [851759672.0, [2826.0, 544134, 17356848, 10118, 7767792, 241746]] [308009426538.0, [15831.0, 191813655, 6138012243, 5340891, 6137123727, 191785179]] [1426260152.0, [1353.0, 891830, 28517760, 42142, 25506688, 796752]]
Arch_Param: [32, 16384, 1024, 16, 512, 256]
SK_cost: [20759251424.0, [6357321.0, 12715108, 406836408, 451588, 270519480, 291169]] [4410663972.0, [1333359.0, 2666607, 85328676, 86895, 85328676, 105327]] [323968440, [104020, 195230, 6247200, 13150, 6247200, 13130]] [5873008600, [1783016, 3553222, 113702944, 38734, 113702944, 120604]] [1141819704, [348166, 694278, 22167600, 9830, 20472368, 20038]] [317216783730.0, [95907291.0, 191813655, 6138012243, 5340891, 6138012243, 7110363]] [12210515192.0, [3709755.0, 7406710, 236848320, 329310, 217478336, 308704]]
Model_cost: [17412177346.0, [15838.0, 11224164, 359126200, 451588, 49400505, 1533730]] [4279045668.0, [117711.0, 2666607, 85328676, 86895, 77870628, 2433543]] [313992120.0, [100.0, 195230, 6247200, 13150, 6247200, 195210]] [5314753016.0, [39851.0, 3327942, 106002464, 38734, 103509152, 485984056]] [851759288.0, [2826.0, 543942, 17356848, 9830, 7777200, 242322]] [308009426538.0, [15831.0, 191813655, 6138012243, 5340891, 6137123727, 191785179]] [1426260152.0, [1353.0, 891830, 28517760, 42142, 25506688, 796752]]
Arch_Param: [32, 16384, 1024, 16, 512, 512]
SK_cost: [20759251424.0, [6357321.0, 12715108, 406836408, 451588, 270519480, 291169]] [4410663972.0, [1333359.0, 2666607, 85328676, 86895, 85328676, 105327]] [323968440, [104020, 195230, 6247200, 13150, 6247200, 13130]] [5873008600, [1783016, 3553222, 113702944, 38734, 113702944, 120604]] [1141819704, [348166, 694278, 22167600, 9830, 20472368, 20038]] [317216783730.0, [95907291.0, 191813655, 6138012243, 5340891, 6138012243, 7110363]] [12210515192.0, [3709755.0, 7406710, 236848320, 329310, 217478336, 308704]]
Model_cost: [17412177346.0, [15838.0, 11224164, 359126200, 451588, 49400505, 1540514]] [4279045668.0, [117711.0, 2666607, 85328676, 86895, 77870628, 2433543]] [313992120.0, [100.0, 195230, 6247200, 13150, 6247200, 195210]] [5314753016.0, [39851.0, 3327942, 106002464, 38734, 103509152, 485984056]] [851740472.0, [2826.0, 543942, 17356848, 9830, 7767792, 242028]] [308009426538.0, [15831.0, 191813655, 6138012243, 5340891, 6137123727, 191785179]] [1426260152.0, [1353.0, 891830, 28517760, 42142, 25506688, 796752]]
Arch_Param: [32, 16384, 1024, 16, 1024, 64]
SK_cost: [20733834516.0, [6357321.0, 6360929, 406836408, 451585, 270519480, 291169]] [4405330980.0, [1333359.0, 1333359, 85328676, 86895, 85328676, 105327]] [323602960, [104020, 104020, 6247200, 13140, 6247200, 13130]] [5865925856, [1783016, 1783016, 113702944, 38704, 113702944, 120604]] [1140435256, [348166, 348166, 22167600, 9830, 20472368, 20038]] [316833158274.0, [95907291.0, 95907291, 6138012243, 5340891, 6138012243, 7110363]] [12195723596.0, [3709755.0, 3709755, 236848320, 329251, 217478336, 308704]]
Model_cost: [17401970934.0, [15838.0, 5615457, 359126200, 642657, 49400505, 88546]] [4273712676.0, [117711.0, 1333359, 85328676, 86895, 77870628, 1216827]] [313627120.0, [105.0, 104020, 6247200, 13140, 6247200, 27210]] [5308162272.0, [39856.0, 1680616, 106002464, 38704, 103509152, 485814438]] [850676280.0, [2826.0, 273286, 17356848, 10118, 7767792, 118994]] [307625801082.0, [15831.0, 95907291, 6138012243, 5340891, 6137123727, 95892675]] [1424475916.0, [1353.0, 446715, 28517760, 42083, 25506688, 396112]]
Arch_Param: [32, 16384, 1024, 16, 1024, 128]
SK_cost: [20733834516.0, [6357321.0, 6360929, 406836408, 451585, 270519480, 291169]] [4405330980.0, [1333359.0, 1333359, 85328676, 86895, 85328676, 105327]] [323602960, [104020, 104020, 6247200, 13140, 6247200, 13130]] [5865925856, [1783016, 1783016, 113702944, 38704, 113702944, 120604]] [1140435256, [348166, 348166, 22167600, 9830, 20472368, 20038]] [316833158274.0, [95907291.0, 95907291, 6138012243, 5340891, 6138012243, 7110363]] [12195723596.0, [3709755.0, 3709755, 236848320, 329251, 217478336, 308704]]
Model_cost: [17389742326.0, [15838.0, 5615457, 359126200, 451585, 49400505, 767778]] [4273712676.0, [117711.0, 1333359, 85328676, 86895, 77870628, 1216827]] [313627120.0, [105.0, 104020, 6247200, 13140, 6247200, 27210]] [5308162272.0, [39856.0, 1680616, 106002464, 38704, 103509152, 485814438]] [850676280.0, [2826.0, 273286, 17356848, 10118, 7767792, 120914]] [307625801082.0, [15831.0, 95907291, 6138012243, 5340891, 6137123727, 95892675]] [1424475916.0, [1353.0, 446715, 28517760, 42083, 25506688, 398416]]
Arch_Param: [32, 16384, 1024, 16, 1024, 256]
SK_cost: [20733834516.0, [6357321.0, 6360929, 406836408, 451585, 270519480, 291169]] [4405330980.0, [1333359.0, 1333359, 85328676, 86895, 85328676, 105327]] [323602960, [104020, 104020, 6247200, 13140, 6247200, 13130]] [5865925856, [1783016, 1783016, 113702944, 38704, 113702944, 120604]] [1140435256, [348166, 348166, 22167600, 9830, 20472368, 20038]] [316833158274.0, [95907291.0, 95907291, 6138012243, 5340891, 6138012243, 7110363]] [12195723596.0, [3709755.0, 3709755, 236848320, 329251, 217478336, 308704]]
Model_cost: [17389742326.0, [15838.0, 5615457, 359126200, 451585, 49400505, 767778]] [4273712676.0, [117711.0, 1333359, 85328676, 86895, 77870628, 1216827]] [313627120.0, [105.0, 104020, 6247200, 13140, 6247200, 27210]] [5308162272.0, [39856.0, 1680616, 106002464, 38704, 103509152, 485814438]] [850675512.0, [2826.0, 272998, 17356848, 9830, 7777200, 121196]] [307625801082.0, [15831.0, 95907291, 6138012243, 5340891, 6137123727, 95892675]] [1424475916.0, [1353.0, 446715, 28517760, 42083, 25506688, 398416]]
Arch_Param: [32, 16384, 1024, 16, 1024, 512]
SK_cost: [20733834516.0, [6357321.0, 6360929, 406836408, 451585, 270519480, 291169]] [4405330980.0, [1333359.0, 1333359, 85328676, 86895, 85328676, 105327]] [323602960, [104020, 104020, 6247200, 13140, 6247200, 13130]] [5865925856, [1783016, 1783016, 113702944, 38704, 113702944, 120604]] [1140435256, [348166, 348166, 22167600, 9830, 20472368, 20038]] [316833158274.0, [95907291.0, 95907291, 6138012243, 5340891, 6138012243, 7110363]] [12195723596.0, [3709755.0, 3709755, 236848320, 329251, 217478336, 308704]]
Model_cost: [17389742326.0, [15838.0, 5615457, 359126200, 451585, 49400505, 770402]] [4273712676.0, [117711.0, 1333359, 85328676, 86895, 77870628, 1216827]] [313627120.0, [105.0, 104020, 6247200, 13140, 6247200, 27210]] [5308162272.0, [39856.0, 1680616, 106002464, 38704, 103509152, 485814438]] [850656696.0, [2826.0, 272998, 17356848, 9830, 7767792, 121049]] [307625801082.0, [15831.0, 95907291, 6138012243, 5340891, 6137123727, 95892675]] [1424475916.0, [1353.0, 446715, 28517760, 42083, 25506688, 398416]]
Arch_Param: [32, 16384, 1024, 32, 256, 64]
SK_cost: [11861529236.0, [3617865.0, 14471873, 231526584, 254913, 163368120, 186529]] [4421329956.0, [1333359.0, 5333103, 85328676, 86895, 85328676, 105327]] [324750600, [104020, 390450, 6247200, 13170, 6247200, 13130]] [5887225288, [1783016, 7106434, 113702944, 38794, 113702944, 120604]] [572452152, [174086, 693254, 11083824, 4918, 10314288, 10118]] [317984034642.0, [95907291.0, 383626383, 6138012243, 5340891, 6138012243, 7110363]] [11175664720.0, [3377979.0, 13498604, 215891136, 256724, 209089728, 300512]]
Model_cost: [9971694198.0, [8894.0, 12767937, 204263608, 254913, 49400505, 3065634]] [4289711652.0, [117711.0, 5333103, 85328676, 86895, 77870628, 4866975]] [314774280.0, [100.0, 390450, 6247200, 13170, 6247200, 390410]] [5327986664.0, [39851.0, 6635394, 106002464, 38794, 103509152, 486182492]] [434732664.0, [1416.0, 542918, 8678448, 5062, 7767792, 483410]] [308776677450.0, [15831.0, 383626383, 6138012243, 5340891, 6137123727, 383570187]] [1324961168.0, [1077.0, 1647980, 26356864, 33172, 25506688, 1593424]]
Arch_Param: [32, 16384, 1024, 32, 256, 128]
SK_cost: [11861529236.0, [3617865.0, 14471873, 231526584, 254913, 163368120, 186529]] [4421329956.0, [1333359.0, 5333103, 85328676, 86895, 85328676, 105327]] [324750600, [104020, 390450, 6247200, 13170, 6247200, 13130]] [5887225288, [1783016, 7106434, 113702944, 38794, 113702944, 120604]] [572452152, [174086, 693254, 11083824, 4918, 10314288, 10118]] [317984034642.0, [95907291.0, 383626383, 6138012243, 5340891, 6138012243, 7110363]] [11175664720.0, [3377979.0, 13498604, 215891136, 256724, 209089728, 300512]]
Model_cost: [9971694198.0, [8894.0, 12767937, 204263608, 254913, 49400505, 3065634]] [4289711652.0, [117711.0, 5333103, 85328676, 86895, 77870628, 4866975]] [314774280.0, [100.0, 390450, 6247200, 13170, 6247200, 390410]] [5327986664.0, [39851.0, 6635394, 106002464, 38794, 103509152, 486182492]] [434732664.0, [1416.0, 542918, 8678448, 5062, 7767792, 483410]] [308776677450.0, [15831.0, 383626383, 6138012243, 5340891, 6137123727, 383570187]] [1324961168.0, [1077.0, 1647980, 26356864, 33172, 25506688, 1593424]]
Arch_Param: [32, 16384, 1024, 32, 256, 256]
SK_cost: [11861529236.0, [3617865.0, 14471873, 231526584, 254913, 163368120, 186529]] [4421329956.0, [1333359.0, 5333103, 85328676, 86895, 85328676, 105327]] [324750600, [104020, 390450, 6247200, 13170, 6247200, 13130]] [5887225288, [1783016, 7106434, 113702944, 38794, 113702944, 120604]] [572452152, [174086, 693254, 11083824, 4918, 10314288, 10118]] [317984034642.0, [95907291.0, 383626383, 6138012243, 5340891, 6138012243, 7110363]] [11175664720.0, [3377979.0, 13498604, 215891136, 256724, 209089728, 300512]]
Model_cost: [9971694198.0, [8894.0, 12767937, 204263608, 254913, 49400505, 3080738]] [4289711652.0, [117711.0, 5333103, 85328676, 86895, 77870628, 4866975]] [314774280.0, [100.0, 390450, 6247200, 13170, 6247200, 390410]] [5327986664.0, [39851.0, 6635394, 106002464, 38794, 103509152, 486182492]] [434723448.0, [1416.0, 542918, 8678448, 4918, 7767792, 483986]] [308776677450.0, [15831.0, 383626383, 6138012243, 5340891, 6137123727, 383570187]] [1324961168.0, [1077.0, 1647980, 26356864, 33172, 25506688, 1593424]]
Arch_Param: [32, 16384, 1024, 32, 512, 64]
SK_cost: [11832584672.0, [3617865.0, 7236196, 231526584, 254884, 163368120, 186529]] [4410663972.0, [1333359.0, 2666607, 85328676, 86895, 85328676, 105327]] [323968440, [104020, 195230, 6247200, 13150, 6247200, 13130]] [5873008600, [1783016, 3553222, 113702944, 38734, 113702944, 120604]] [571067704, [174086, 347142, 11083824, 4918, 10314288, 10118]] [317216783730.0, [95907291.0, 191813655, 6138012243, 5340891, 6138012243, 7110363]] [11148659960.0, [3377979.0, 6749302, 215891136, 256606, 209089728, 300512]]
Model_cost: [9946157506.0, [8894.0, 6384228, 204263608, 254884, 49400505, 1533730]] [4279045668.0, [117711.0, 2666607, 85328676, 86895, 77870628, 2433543]] [313992120.0, [100.0, 195230, 6247200, 13150, 6247200, 195210]] [5314753016.0, [39851.0, 3327942, 106002464, 38734, 103509152, 485984056]] [433649272.0, [1416.0, 272070, 8678448, 5062, 7767792, 241746]] [308009426538.0, [15831.0, 191813655, 6138012243, 5340891, 6137123727, 191785179]] [1321657656.0, [1077.0, 823990, 26356864, 33054, 25506688, 796752]]
Arch_Param: [32, 16384, 1024, 32, 512, 128]
SK_cost: [11832584672.0, [3617865.0, 7236196, 231526584, 254884, 163368120, 186529]] [4410663972.0, [1333359.0, 2666607, 85328676, 86895, 85328676, 105327]] [323968440, [104020, 195230, 6247200, 13150, 6247200, 13130]] [5873008600, [1783016, 3553222, 113702944, 38734, 113702944, 120604]] [571067704, [174086, 347142, 11083824, 4918, 10314288, 10118]] [317216783730.0, [95907291.0, 191813655, 6138012243, 5340891, 6138012243, 7110363]] [11148659960.0, [3377979.0, 6749302, 215891136, 256606, 209089728, 300512]]
Model_cost: [9946157506.0, [8894.0, 6384228, 204263608, 254884, 49400505, 1533730]] [4279045668.0, [117711.0, 2666607, 85328676, 86895, 77870628, 2433543]] [313992120.0, [100.0, 195230, 6247200, 13150, 6247200, 195210]] [5314753016.0, [39851.0, 3327942, 106002464, 38734, 103509152, 485984056]] [433649272.0, [1416.0, 272070, 8678448, 5062, 7767792, 241746]] [308009426538.0, [15831.0, 191813655, 6138012243, 5340891, 6137123727, 191785179]] [1321657656.0, [1077.0, 823990, 26356864, 33054, 25506688, 796752]]
Arch_Param: [32, 16384, 1024, 32, 512, 256]
SK_cost: [11832584672.0, [3617865.0, 7236196, 231526584, 254884, 163368120, 186529]] [4410663972.0, [1333359.0, 2666607, 85328676, 86895, 85328676, 105327]] [323968440, [104020, 195230, 6247200, 13150, 6247200, 13130]] [5873008600, [1783016, 3553222, 113702944, 38734, 113702944, 120604]] [571067704, [174086, 347142, 11083824, 4918, 10314288, 10118]] [317216783730.0, [95907291.0, 191813655, 6138012243, 5340891, 6138012243, 7110363]] [11148659960.0, [3377979.0, 6749302, 215891136, 256606, 209089728, 300512]]
Model_cost: [9946157506.0, [8894.0, 6384228, 204263608, 254884, 49400505, 1540514]] [4279045668.0, [117711.0, 2666607, 85328676, 86895, 77870628, 2433543]] [313992120.0, [100.0, 195230, 6247200, 13150, 6247200, 195210]] [5314753016.0, [39851.0, 3327942, 106002464, 38734, 103509152, 485984056]] [433639672.0, [1416.0, 271974, 8678448, 4918, 7767792, 242028]] [308009426538.0, [15831.0, 191813655, 6138012243, 5340891, 6137123727, 191785179]] [1321657656.0, [1077.0, 823990, 26356864, 33054, 25506688, 796752]]
Arch_Param: [32, 16384, 1024, 32, 512, 512]
SK_cost: [11832584672.0, [3617865.0, 7236196, 231526584, 254884, 163368120, 186529]] [4410663972.0, [1333359.0, 2666607, 85328676, 86895, 85328676, 105327]] [323968440, [104020, 195230, 6247200, 13150, 6247200, 13130]] [5873008600, [1783016, 3553222, 113702944, 38734, 113702944, 120604]] [571067704, [174086, 347142, 11083824, 4918, 10314288, 10118]] [317216783730.0, [95907291.0, 191813655, 6138012243, 5340891, 6138012243, 7110363]] [11148659960.0, [3377979.0, 6749302, 215891136, 256606, 209089728, 300512]]
Model_cost: [9946157506.0, [8894.0, 6384228, 204263608, 254884, 49400505, 1540514]] [4279045668.0, [117711.0, 2666607, 85328676, 86895, 77870628, 2433543]] [313992120.0, [100.0, 195230, 6247200, 13150, 6247200, 195210]] [5314753016.0, [39851.0, 3327942, 106002464, 38734, 103509152, 485984056]] [433639672.0, [1416.0, 271974, 8678448, 4918, 7767792, 242028]] [308009426538.0, [15831.0, 191813655, 6138012243, 5340891, 6137123727, 191785179]] [1321657656.0, [1077.0, 823990, 26356864, 33054, 25506688, 796752]]
Arch_Param: [32, 16384, 1024, 32, 1024, 64]
SK_cost: [11818119444.0, [3617865.0, 3619937, 231526584, 254881, 163368120, 186529]] [4405330980.0, [1333359.0, 1333359, 85328676, 86895, 85328676, 105327]] [323602960, [104020, 104020, 6247200, 13140, 6247200, 13130]] [5865925856, [1783016, 1783016, 113702944, 38704, 113702944, 120604]] [570375480, [174086, 174086, 11083824, 4918, 10314288, 10118]] [316833158274.0, [95907291.0, 95907291, 6138012243, 5340891, 6138012243, 7110363]] [11135170892.0, [3377979.0, 3377979, 215891136, 256547, 209089728, 300512]]
Model_cost: [9933396214.0, [8894.0, 3193953, 204263608, 254881, 49400505, 767778]] [4273712676.0, [117711.0, 1333359, 85328676, 86895, 77870628, 1216827]] [313627120.0, [105.0, 104020, 6247200, 13140, 6247200, 27210]] [5308162272.0, [39856.0, 1680616, 106002464, 38704, 103509152, 485814438]] [433107576.0, [1416.0, 136646, 8678448, 5062, 7767792, 120914]] [307625801082.0, [15831.0, 95907291, 6138012243, 5340891, 6137123727, 95892675]] [1320007564.0, [1077.0, 412411, 26356864, 32995, 25506688, 398416]]
Arch_Param: [32, 16384, 1024, 32, 1024, 128]
SK_cost: [11818119444.0, [3617865.0, 3619937, 231526584, 254881, 163368120, 186529]] [4405330980.0, [1333359.0, 1333359, 85328676, 86895, 85328676, 105327]] [323602960, [104020, 104020, 6247200, 13140, 6247200, 13130]] [5865925856, [1783016, 1783016, 113702944, 38704, 113702944, 120604]] [570375480, [174086, 174086, 11083824, 4918, 10314288, 10118]] [316833158274.0, [95907291.0, 95907291, 6138012243, 5340891, 6138012243, 7110363]] [11135170892.0, [3377979.0, 3377979, 215891136, 256547, 209089728, 300512]]
Model_cost: [9933396214.0, [8894.0, 3193953, 204263608, 254881, 49400505, 767778]] [4273712676.0, [117711.0, 1333359, 85328676, 86895, 77870628, 1216827]] [313627120.0, [105.0, 104020, 6247200, 13140, 6247200, 27210]] [5308162272.0, [39856.0, 1680616, 106002464, 38704, 103509152, 485814438]] [433107576.0, [1416.0, 136646, 8678448, 5062, 7767792, 120914]] [307625801082.0, [15831.0, 95907291, 6138012243, 5340891, 6137123727, 95892675]] [1320007564.0, [1077.0, 412411, 26356864, 32995, 25506688, 398416]]
Arch_Param: [32, 16384, 1024, 32, 1024, 256]
SK_cost: [11818119444.0, [3617865.0, 3619937, 231526584, 254881, 163368120, 186529]] [4405330980.0, [1333359.0, 1333359, 85328676, 86895, 85328676, 105327]] [323602960, [104020, 104020, 6247200, 13140, 6247200, 13130]] [5865925856, [1783016, 1783016, 113702944, 38704, 113702944, 120604]] [570375480, [174086, 174086, 11083824, 4918, 10314288, 10118]] [316833158274.0, [95907291.0, 95907291, 6138012243, 5340891, 6138012243, 7110363]] [11135170892.0, [3377979.0, 3377979, 215891136, 256547, 209089728, 300512]]
Model_cost: [9933396214.0, [8894.0, 3193953, 204263608, 254881, 49400505, 770402]] [4273712676.0, [117711.0, 1333359, 85328676, 86895, 77870628, 1216827]] [313627120.0, [105.0, 104020, 6247200, 13140, 6247200, 27210]] [5308162272.0, [39856.0, 1680616, 106002464, 38704, 103509152, 485814438]] [433097784.0, [1416.0, 136502, 8678448, 4918, 7767792, 121049]] [307625801082.0, [15831.0, 95907291, 6138012243, 5340891, 6137123727, 95892675]] [1320007564.0, [1077.0, 412411, 26356864, 32995, 25506688, 398416]]
Arch_Param: [32, 16384, 1024, 32, 1024, 512]
SK_cost: [11818119444.0, [3617865.0, 3619937, 231526584, 254881, 163368120, 186529]] [4405330980.0, [1333359.0, 1333359, 85328676, 86895, 85328676, 105327]] [323602960, [104020, 104020, 6247200, 13140, 6247200, 13130]] [5865925856, [1783016, 1783016, 113702944, 38704, 113702944, 120604]] [570375480, [174086, 174086, 11083824, 4918, 10314288, 10118]] [316833158274.0, [95907291.0, 95907291, 6138012243, 5340891, 6138012243, 7110363]] [11135170892.0, [3377979.0, 3377979, 215891136, 256547, 209089728, 300512]]
Model_cost: [9933396214.0, [8894.0, 3193953, 204263608, 254881, 49400505, 770402]] [4273712676.0, [117711.0, 1333359, 85328676, 86895, 77870628, 1216827]] [313627120.0, [105.0, 104020, 6247200, 13140, 6247200, 27210]] [5308162272.0, [39856.0, 1680616, 106002464, 38704, 103509152, 485814438]] [433097784.0, [1416.0, 136502, 8678448, 4918, 7767792, 121049]] [307625801082.0, [15831.0, 95907291, 6138012243, 5340891, 6137123727, 95892675]] [1320007564.0, [1077.0, 412411, 26356864, 32995, 25506688, 398416]]
