[[0, 0, 0, 0, 0, 0, 0, 0, 0, 0, 0], [0, 0, 0, 0, 0, 0, 0, 0, 0, 0, 0], [0, 0, 0, 0, 0, 0, 0, 0, 0, 0, 0], [0, 0, 0, 0, 0, 0, 0, 0, 0, 0, 0]]
Arch_Param: [32, 8192, 32768, 4, 256, 64]
SK_cost: [72921209556.95999, [717444.3433333333, 91214401, 1459298552, 1634145, 1168280760, 2312820257]] [8238904356.0, [97263.0, 10223727, 163578660, 164463, 163185444, 325586799]] [315077960.0, [3263.333333333285, 390450, 6247200, 13170, 6247200, 13130]] [5721408264.0, [55755.33333333302, 7106434, 113702944, 38794, 113702944, 210388252]] [4456003486.4, [43372.399999999994, 5545990, 88670256, 39302, 85484080, 170917958]] [618205796499.6028, [7107148.350000086, 767215743, 12275433555, 10680855, 12275130963, 24549657819]] [20893479058.46154, [206235.69230769158, 26148076, 417716928, 820436, 333083840, 568569872]]
Model_cost: [62499536640.64, [1882.1108333333334, 80564801, 1288904952, 3294657, 49400505, 136610]] [8059321956.0, [4005.0, 10223727, 163578660, 164463, 77870628, 4866975]] [314765880.0, [12.5, 390450, 6247200, 13170, 6247200, 390410]] [5324282951.0, [1270.65625, 6635394, 106002464, 38794, 103509152, 971968092]] [3376634315.1999993, [366.19999999999993, 4343302, 69427248, 174726, 7767792, 19803]] [605247573747.6, [812.1000000000001, 767215743, 12275433555, 10680855, 6137123727, 383570187]] [2357697440.635165, [117.17328296703297, 2983404, 47652928, 115604, 25506688, 1502608]]
Arch_Param: [32, 8192, 32768, 4, 256, 128]
SK_cost: [72921209556.95999, [717444.3433333333, 91214401, 1459298552, 1634145, 1168280760, 2312820257]] [8238904356.0, [97263.0, 10223727, 163578660, 164463, 163185444, 325586799]] [315077960.0, [3263.333333333285, 390450, 6247200, 13170, 6247200, 13130]] [5721408264.0, [55755.33333333302, 7106434, 113702944, 38794, 113702944, 210388252]] [4456003486.4, [43372.399999999994, 5545990, 88670256, 39302, 85484080, 170917958]] [618205796499.6028, [7107148.350000086, 767215743, 12275433555, 10680855, 12275130963, 24549657819]] [20893479058.46154, [206235.69230769158, 26148076, 417716928, 820436, 333083840, 568569872]]
Model_cost: [62499536640.64, [1882.1108333333334, 80564801, 1288904952, 3294657, 49400505, 136610]] [8059321956.0, [4005.0, 10223727, 163578660, 164463, 77870628, 4866975]] [314765880.0, [12.5, 390450, 6247200, 13170, 6247200, 390410]] [5324282951.0, [1270.65625, 6635394, 106002464, 38794, 103509152, 971968092]] [3368376088.0, [359.0, 4343302, 69427248, 45702, 7767792, 475483]] [605247573747.6, [812.1000000000001, 767215743, 12275433555, 10680855, 6137123727, 383570187]] [2357238587.835165, [116.12328296703296, 2983404, 47652928, 108436, 25506688, 1579792]]
Arch_Param: [32, 8192, 32768, 4, 256, 256]
SK_cost: [72921209556.95999, [717444.3433333333, 91214401, 1459298552, 1634145, 1168280760, 2312820257]] [8238904356.0, [97263.0, 10223727, 163578660, 164463, 163185444, 325586799]] [315077960.0, [3263.333333333285, 390450, 6247200, 13170, 6247200, 13130]] [5721408264.0, [55755.33333333302, 7106434, 113702944, 38794, 113702944, 210388252]] [4456003486.4, [43372.399999999994, 5545990, 88670256, 39302, 85484080, 170917958]] [618205796499.6028, [7107148.350000086, 767215743, 12275433555, 10680855, 12275130963, 24549657819]] [20893479058.46154, [206235.69230769158, 26148076, 417716928, 820436, 333083840, 568569872]]
Model_cost: [62499536640.64, [1882.1108333333334, 80564801, 1288904952, 3294657, 49400505, 136610]] [8059321956.0, [4005.0, 10223727, 163578660, 164463, 77870628, 4866975]] [314765880.0, [12.5, 390450, 6247200, 13170, 6247200, 390410]] [5324282951.0, [1270.65625, 6635394, 106002464, 38794, 103509152, 971968092]] [3368360344.0, [359.0, 4343302, 69427248, 43398, 7833648, 480166]] [605247573747.6, [812.1000000000001, 767215743, 12275433555, 10680855, 6137123727, 383570187]] [2357238587.835165, [116.12328296703296, 2983404, 47652928, 108436, 25506688, 1579792]]
Arch_Param: [32, 8192, 32768, 4, 512, 64]
SK_cost: [72738779936.95999, [717444.3433333333, 45607460, 1459298552, 1634116, 1168280760, 2312820257]] [8218457124.0, [97263.0, 5111919, 163578660, 164463, 163185444, 325586799]] [314295800.0, [3263.333333333285, 195230, 6247200, 13150, 6247200, 13130]] [5707191576.0, [55755.33333333302, 3553222, 113702944, 38734, 113702944, 210388252]] [4444927902.4, [43372.399999999994, 2777094, 88670256, 39302, 85484080, 170917958]] [616671368403.6028, [7107148.350000086, 383608719, 12275433555, 10680855, 12275130963, 24549657819]] [20841175354.46154, [206235.69230769158, 13074038, 417716928, 820318, 333083840, 568569872]]
Model_cost: [62338406220.64, [1882.1108333333334, 40282660, 1288904952, 3294628, 49400505, 128418]] [8038874724.0, [4005.0, 5111919, 163578660, 164463, 77870628, 2433543]] [313983720.0, [12.5, 195230, 6247200, 13150, 6247200, 195210]] [5311049303.0, [1270.65625, 3327942, 106002464, 38734, 103509152, 971769656]] [3367964107.1999993, [366.19999999999993, 2175750, 69427248, 174726, 7767792, 19803]] [603713145651.6, [812.1000000000001, 383608719, 12275433555, 10680855, 6137123727, 191785179]] [2351723080.635165, [117.17328296703297, 1491702, 47652928, 115486, 25506688, 754576]]
Arch_Param: [32, 8192, 32768, 4, 512, 128]
SK_cost: [72738779936.95999, [717444.3433333333, 45607460, 1459298552, 1634116, 1168280760, 2312820257]] [8218457124.0, [97263.0, 5111919, 163578660, 164463, 163185444, 325586799]] [314295800.0, [3263.333333333285, 195230, 6247200, 13150, 6247200, 13130]] [5707191576.0, [55755.33333333302, 3553222, 113702944, 38734, 113702944, 210388252]] [4444927902.4, [43372.399999999994, 2777094, 88670256, 39302, 85484080, 170917958]] [616671368403.6028, [7107148.350000086, 383608719, 12275433555, 10680855, 12275130963, 24549657819]] [20841175354.46154, [206235.69230769158, 13074038, 417716928, 820318, 333083840, 568569872]]
Model_cost: [62338406220.64, [1882.1108333333334, 40282660, 1288904952, 3294628, 49400505, 128418]] [8038874724.0, [4005.0, 5111919, 163578660, 164463, 77870628, 2433543]] [313983720.0, [12.5, 195230, 6247200, 13150, 6247200, 195210]] [5311049303.0, [1270.65625, 3327942, 106002464, 38734, 103509152, 971769656]] [3359705880.0, [359.0, 2175750, 69427248, 45702, 7767792, 237915]] [603713145651.6, [812.1000000000001, 383608719, 12275433555, 10680855, 6137123727, 191785179]] [2351264227.835165, [116.12328296703296, 1491702, 47652928, 108318, 25506688, 790800]]
Arch_Param: [32, 8192, 32768, 4, 512, 256]
SK_cost: [72738779936.95999, [717444.3433333333, 45607460, 1459298552, 1634116, 1168280760, 2312820257]] [8218457124.0, [97263.0, 5111919, 163578660, 164463, 163185444, 325586799]] [314295800.0, [3263.333333333285, 195230, 6247200, 13150, 6247200, 13130]] [5707191576.0, [55755.33333333302, 3553222, 113702944, 38734, 113702944, 210388252]] [4444927902.4, [43372.399999999994, 2777094, 88670256, 39302, 85484080, 170917958]] [616671368403.6028, [7107148.350000086, 383608719, 12275433555, 10680855, 12275130963, 24549657819]] [20841175354.46154, [206235.69230769158, 13074038, 417716928, 820318, 333083840, 568569872]]
Model_cost: [62338406220.64, [1882.1108333333334, 40282660, 1288904952, 3294628, 49400505, 128418]] [8038874724.0, [4005.0, 5111919, 163578660, 164463, 77870628, 2433543]] [313983720.0, [12.5, 195230, 6247200, 13150, 6247200, 195210]] [5311049303.0, [1270.65625, 3327942, 106002464, 38734, 103509152, 971769656]] [3359690136.0, [359.0, 2175750, 69427248, 43398, 7833648, 240246]] [603713145651.6, [812.1000000000001, 383608719, 12275433555, 10680855, 6137123727, 191785179]] [2351264227.835165, [116.12328296703296, 1491702, 47652928, 108318, 25506688, 790800]]
Arch_Param: [32, 8192, 32768, 4, 512, 512]
SK_cost: [72738779936.95999, [717444.3433333333, 45607460, 1459298552, 1634116, 1168280760, 2312820257]] [8218457124.0, [97263.0, 5111919, 163578660, 164463, 163185444, 325586799]] [314295800.0, [3263.333333333285, 195230, 6247200, 13150, 6247200, 13130]] [5707191576.0, [55755.33333333302, 3553222, 113702944, 38734, 113702944, 210388252]] [4444927902.4, [43372.399999999994, 2777094, 88670256, 39302, 85484080, 170917958]] [616671368403.6028, [7107148.350000086, 383608719, 12275433555, 10680855, 12275130963, 24549657819]] [20841175354.46154, [206235.69230769158, 13074038, 417716928, 820318, 333083840, 568569872]]
Model_cost: [62238100920.64, [1835.2358333333334, 40282660, 1288904952, 1727428, 49400505, 1534114]] [8038874724.0, [4005.0, 5111919, 163578660, 164463, 77870628, 2433543]] [313983720.0, [12.5, 195230, 6247200, 13150, 6247200, 195210]] [5311049303.0, [1270.65625, 3327942, 106002464, 38734, 103509152, 971769656]] [3359352728.0, [359.0, 2175750, 69427248, 39302, 7796016, 242910]] [603713145651.6, [812.1000000000001, 383608719, 12275433555, 10680855, 6137123727, 191785179]] [2350956995.6923075, [115.78846153846155, 1491702, 47652928, 103518, 25506688, 796752]]
Arch_Param: [32, 8192, 32768, 4, 1024, 64]
SK_cost: [72647615572.95999, [717444.3433333333, 22816417, 1459298552, 1634113, 1168280760, 2312820257]] [8208233508.0, [97263.0, 2556015, 163578660, 164463, 163185444, 325586799]] [313930320.0, [3263.333333333285, 104020, 6247200, 13140, 6247200, 13130]] [5700108832.0, [55755.33333333302, 1783016, 113702944, 38704, 113702944, 210388252]] [4439390110.4, [43372.399999999994, 1392646, 88670256, 39302, 85484080, 170917958]] [615904154355.6028, [7107148.350000086, 191805207, 12275433555, 10680855, 12275130963, 24549657819]] [20815123854.46154, [206235.69230769158, 6562107, 417716928, 820259, 333083840, 568569872]]
Model_cost: [62258264704.64, [1882.1108333333334, 20247329, 1288904952, 3294625, 49400505, 124322]] [8028651108.0, [4005.0, 2556015, 163578660, 164463, 77870628, 1216827]] [313618255.0, [12.65625, 104020, 6247200, 13140, 6247200, 27210]] [5304458094.0, [1270.8125, 1680616, 106002464, 38704, 103509152, 971600038]] [3363629003.1999993, [366.19999999999993, 1091974, 69427248, 174726, 7767792, 19803]] [602945931603.6, [812.1000000000001, 191805207, 12275433555, 10680855, 6137123727, 95892675]] [2348767644.635165, [117.17328296703297, 753787, 47652928, 115427, 25506688, 380560]]
Arch_Param: [32, 8192, 32768, 4, 1024, 128]
SK_cost: [72647615572.95999, [717444.3433333333, 22816417, 1459298552, 1634113, 1168280760, 2312820257]] [8208233508.0, [97263.0, 2556015, 163578660, 164463, 163185444, 325586799]] [313930320.0, [3263.333333333285, 104020, 6247200, 13140, 6247200, 13130]] [5700108832.0, [55755.33333333302, 1783016, 113702944, 38704, 113702944, 210388252]] [4439390110.4, [43372.399999999994, 1392646, 88670256, 39302, 85484080, 170917958]] [615904154355.6028, [7107148.350000086, 191805207, 12275433555, 10680855, 12275130963, 24549657819]] [20815123854.46154, [206235.69230769158, 6562107, 417716928, 820259, 333083840, 568569872]]
Model_cost: [62258264704.64, [1882.1108333333334, 20247329, 1288904952, 3294625, 49400505, 124322]] [8028651108.0, [4005.0, 2556015, 163578660, 164463, 77870628, 1216827]] [313618255.0, [12.65625, 104020, 6247200, 13140, 6247200, 27210]] [5304458094.0, [1270.8125, 1680616, 106002464, 38704, 103509152, 971600038]] [3355370776.0, [359.0, 1091974, 69427248, 45702, 7767792, 119131]] [602945931603.6, [812.1000000000001, 191805207, 12275433555, 10680855, 6137123727, 95892675]] [2348308791.835165, [116.12328296703296, 753787, 47652928, 108259, 25506688, 396304]]
Arch_Param: [32, 8192, 32768, 4, 1024, 256]
SK_cost: [72647615572.95999, [717444.3433333333, 22816417, 1459298552, 1634113, 1168280760, 2312820257]] [8208233508.0, [97263.0, 2556015, 163578660, 164463, 163185444, 325586799]] [313930320.0, [3263.333333333285, 104020, 6247200, 13140, 6247200, 13130]] [5700108832.0, [55755.33333333302, 1783016, 113702944, 38704, 113702944, 210388252]] [4439390110.4, [43372.399999999994, 1392646, 88670256, 39302, 85484080, 170917958]] [615904154355.6028, [7107148.350000086, 191805207, 12275433555, 10680855, 12275130963, 24549657819]] [20815123854.46154, [206235.69230769158, 6562107, 417716928, 820259, 333083840, 568569872]]
Model_cost: [62258264704.64, [1882.1108333333334, 20247329, 1288904952, 3294625, 49400505, 124322]] [8028651108.0, [4005.0, 2556015, 163578660, 164463, 77870628, 1216827]] [313618255.0, [12.65625, 104020, 6247200, 13140, 6247200, 27210]] [5304458094.0, [1270.8125, 1680616, 106002464, 38704, 103509152, 971600038]] [3355355032.0, [359.0, 1091974, 69427248, 43398, 7833648, 120286]] [602945931603.6, [812.1000000000001, 191805207, 12275433555, 10680855, 6137123727, 95892675]] [2348308791.835165, [116.12328296703296, 753787, 47652928, 108259, 25506688, 396304]]
Arch_Param: [32, 8192, 32768, 4, 1024, 512]
SK_cost: [72647615572.95999, [717444.3433333333, 22816417, 1459298552, 1634113, 1168280760, 2312820257]] [8208233508.0, [97263.0, 2556015, 163578660, 164463, 163185444, 325586799]] [313930320.0, [3263.333333333285, 104020, 6247200, 13140, 6247200, 13130]] [5700108832.0, [55755.33333333302, 1783016, 113702944, 38704, 113702944, 210388252]] [4439390110.4, [43372.399999999994, 1392646, 88670256, 39302, 85484080, 170917958]] [615904154355.6028, [7107148.350000086, 191805207, 12275433555, 10680855, 12275130963, 24549657819]] [20815123854.46154, [206235.69230769158, 6562107, 417716928, 820259, 333083840, 568569872]]
Model_cost: [62157959404.64, [1835.2358333333334, 20247329, 1288904952, 1727425, 49400505, 768162]] [8028651108.0, [4005.0, 2556015, 163578660, 164463, 77870628, 1216827]] [313618255.0, [12.65625, 104020, 6247200, 13140, 6247200, 27210]] [5304458094.0, [1270.8125, 1680616, 106002464, 38704, 103509152, 971600038]] [3355017624.0, [359.0, 1091974, 69427248, 39302, 7796016, 121490]] [602945931603.6, [812.1000000000001, 191805207, 12275433555, 10680855, 6137123727, 95892675]] [2347982359.6923075, [115.78846153846155, 748987, 47652928, 103459, 25506688, 398416]]
Arch_Param: [32, 8192, 32768, 8, 256, 64]
SK_cost: [37866813504.479996, [372370.79666666663, 47352385, 757568376, 845281, 612138168, 1200535073]] [4298222628.0, [50991.0, 5333103, 85328676, 86895, 85328676, 169873263]] [315077960.0, [3263.333333333285, 390450, 6247200, 13170, 6247200, 13130]] [5721408264.0, [55755.33333333302, 7106434, 113702944, 38794, 113702944, 210388252]] [2228028523.2, [21689.199999999997, 2772998, 44335152, 19654, 42754608, 85459014]] [309118103890.8014, [3553845.675000043, 383626383, 6138012243, 5340891, 6138012243, 12275420379]] [13983696097.23077, [137297.84615384653, 17443052, 278762688, 474836, 244872384, 392146960]]
Model_cost: [32485652433.605717, [988.28755952381, 41814593, 668963704, 1706881, 49400505, 136610]] [4278774852.0, [3786.0, 5333103, 85328676, 86895, 77870628, 4866975]] [314765880.0, [12.5, 390450, 6247200, 13170, 6247200, 390410]] [5324282951.0, [1270.65625, 6635394, 106002464, 38794, 103509152, 971968092]] [1691957508.8, [182.8, 2171654, 34713648, 22854, 7767792, 475483]] [308775218110.8, [629.5500000000001, 383626383, 6138012243, 5340891, 6137123727, 383570187]] [1639566710.5604396, [74.06833791208791, 2055020, 32839552, 62932, 25506688, 1579792]]
Arch_Param: [32, 8192, 32768, 8, 256, 128]
SK_cost: [37866813504.479996, [372370.79666666663, 47352385, 757568376, 845281, 612138168, 1200535073]] [4298222628.0, [50991.0, 5333103, 85328676, 86895, 85328676, 169873263]] [315077960.0, [3263.333333333285, 390450, 6247200, 13170, 6247200, 13130]] [5721408264.0, [55755.33333333302, 7106434, 113702944, 38794, 113702944, 210388252]] [2228028523.2, [21689.199999999997, 2772998, 44335152, 19654, 42754608, 85459014]] [309118103890.8014, [3553845.675000043, 383626383, 6138012243, 5340891, 6138012243, 12275420379]] [13983696097.23077, [137297.84615384653, 17443052, 278762688, 474836, 244872384, 392146960]]
Model_cost: [32485652433.605717, [988.28755952381, 41814593, 668963704, 1706881, 49400505, 136610]] [4278774852.0, [3786.0, 5333103, 85328676, 86895, 77870628, 4866975]] [314765880.0, [12.5, 390450, 6247200, 13170, 6247200, 390410]] [5324282951.0, [1270.65625, 6635394, 106002464, 38794, 103509152, 971968092]] [1691957508.8, [182.8, 2171654, 34713648, 22854, 7767792, 475483]] [308775218110.8, [629.5500000000001, 383626383, 6138012243, 5340891, 6137123727, 383570187]] [1639566710.5604396, [74.06833791208791, 2055020, 32839552, 62932, 25506688, 1579792]]
Arch_Param: [32, 8192, 32768, 8, 256, 256]
SK_cost: [37866813504.479996, [372370.79666666663, 47352385, 757568376, 845281, 612138168, 1200535073]] [4298222628.0, [50991.0, 5333103, 85328676, 86895, 85328676, 169873263]] [315077960.0, [3263.333333333285, 390450, 6247200, 13170, 6247200, 13130]] [5721408264.0, [55755.33333333302, 7106434, 113702944, 38794, 113702944, 210388252]] [2228028523.2, [21689.199999999997, 2772998, 44335152, 19654, 42754608, 85459014]] [309118103890.8014, [3553845.675000043, 383626383, 6138012243, 5340891, 6138012243, 12275420379]] [13983696097.23077, [137297.84615384653, 17443052, 278762688, 474836, 244872384, 392146960]]
Model_cost: [32433493677.605713, [963.9125595238095, 41814593, 668963704, 891937, 49400505, 3066018]] [4278774852.0, [3786.0, 5333103, 85328676, 86895, 77870628, 4866975]] [314765880.0, [12.5, 390450, 6247200, 13170, 6247200, 390410]] [5324282951.0, [1270.65625, 6635394, 106002464, 38794, 103509152, 971968092]] [1691809156.8, [182.8, 2171654, 34713648, 19654, 7796016, 485750]] [308775218110.8, [629.5500000000001, 383626383, 6138012243, 5340891, 6137123727, 383570187]] [1639406949.8461537, [73.89423076923077, 2055020, 32839552, 60436, 25506688, 1593424]]
Arch_Param: [32, 8192, 32768, 8, 512, 64]
SK_cost: [37772107916.479996, [372370.79666666663, 23676452, 757568376, 845252, 612138168, 1200535073]] [4287556644.0, [50991.0, 2666607, 85328676, 86895, 85328676, 169873263]] [314295800.0, [3263.333333333285, 195230, 6247200, 13150, 6247200, 13130]] [5707191576.0, [55755.33333333302, 3553222, 113702944, 38734, 113702944, 210388252]] [2222490731.2, [21689.199999999997, 1388550, 44335152, 19654, 42754608, 85459014]] [308350852978.8014, [3553845.675000043, 191813655, 6138012243, 5340891, 6138012243, 12275420379]] [13948802441.23077, [137297.84615384653, 8721526, 278762688, 474718, 244872384, 392146960]]
Model_cost: [32402022429.605717, [988.28755952381, 20907556, 668963704, 1706852, 49400505, 128418]] [4268108868.0, [3786.0, 2666607, 85328676, 86895, 77870628, 2433543]] [313983720.0, [12.5, 195230, 6247200, 13150, 6247200, 195210]] [5311049303.0, [1270.65625, 3327942, 106002464, 38734, 103509152, 971769656]] [1687622404.8, [182.8, 1087878, 34713648, 22854, 7767792, 237915]] [308007967198.8, [629.5500000000001, 191813655, 6138012243, 5340891, 6137123727, 191785179]] [1635449118.5604396, [74.06833791208791, 1027510, 32839552, 62814, 25506688, 790800]]
Arch_Param: [32, 8192, 32768, 8, 512, 128]
SK_cost: [37772107916.479996, [372370.79666666663, 23676452, 757568376, 845252, 612138168, 1200535073]] [4287556644.0, [50991.0, 2666607, 85328676, 86895, 85328676, 169873263]] [314295800.0, [3263.333333333285, 195230, 6247200, 13150, 6247200, 13130]] [5707191576.0, [55755.33333333302, 3553222, 113702944, 38734, 113702944, 210388252]] [2222490731.2, [21689.199999999997, 1388550, 44335152, 19654, 42754608, 85459014]] [308350852978.8014, [3553845.675000043, 191813655, 6138012243, 5340891, 6138012243, 12275420379]] [13948802441.23077, [137297.84615384653, 8721526, 278762688, 474718, 244872384, 392146960]]
Model_cost: [32402022429.605717, [988.28755952381, 20907556, 668963704, 1706852, 49400505, 128418]] [4268108868.0, [3786.0, 2666607, 85328676, 86895, 77870628, 2433543]] [313983720.0, [12.5, 195230, 6247200, 13150, 6247200, 195210]] [5311049303.0, [1270.65625, 3327942, 106002464, 38734, 103509152, 971769656]] [1687622404.8, [182.8, 1087878, 34713648, 22854, 7767792, 237915]] [308007967198.8, [629.5500000000001, 191813655, 6138012243, 5340891, 6137123727, 191785179]] [1635449118.5604396, [74.06833791208791, 1027510, 32839552, 62814, 25506688, 790800]]
Arch_Param: [32, 8192, 32768, 8, 512, 256]
SK_cost: [37772107916.479996, [372370.79666666663, 23676452, 757568376, 845252, 612138168, 1200535073]] [4287556644.0, [50991.0, 2666607, 85328676, 86895, 85328676, 169873263]] [314295800.0, [3263.333333333285, 195230, 6247200, 13150, 6247200, 13130]] [5707191576.0, [55755.33333333302, 3553222, 113702944, 38734, 113702944, 210388252]] [2222490731.2, [21689.199999999997, 1388550, 44335152, 19654, 42754608, 85459014]] [308350852978.8014, [3553845.675000043, 191813655, 6138012243, 5340891, 6138012243, 12275420379]] [13948802441.23077, [137297.84615384653, 8721526, 278762688, 474718, 244872384, 392146960]]
Model_cost: [32349863673.605713, [963.9125595238095, 20907556, 668963704, 891908, 49400505, 1534114]] [4268108868.0, [3786.0, 2666607, 85328676, 86895, 77870628, 2433543]] [313983720.0, [12.5, 195230, 6247200, 13150, 6247200, 195210]] [5311049303.0, [1270.65625, 3327942, 106002464, 38734, 103509152, 971769656]] [1687474052.8, [182.8, 1087878, 34713648, 19654, 7796016, 242910]] [308007967198.8, [629.5500000000001, 191813655, 6138012243, 5340891, 6137123727, 191785179]] [1635289357.8461537, [73.89423076923077, 1027510, 32839552, 60318, 25506688, 796752]]
Arch_Param: [32, 8192, 32768, 8, 512, 512]
SK_cost: [37772107916.479996, [372370.79666666663, 23676452, 757568376, 845252, 612138168, 1200535073]] [4287556644.0, [50991.0, 2666607, 85328676, 86895, 85328676, 169873263]] [314295800.0, [3263.333333333285, 195230, 6247200, 13150, 6247200, 13130]] [5707191576.0, [55755.33333333302, 3553222, 113702944, 38734, 113702944, 210388252]] [2222490731.2, [21689.199999999997, 1388550, 44335152, 19654, 42754608, 85459014]] [308350852978.8014, [3553845.675000043, 191813655, 6138012243, 5340891, 6138012243, 12275420379]] [13948802441.23077, [137297.84615384653, 8721526, 278762688, 474718, 244872384, 392146960]]
Model_cost: [32349863673.605713, [963.9125595238095, 20907556, 668963704, 891908, 49400505, 1534114]] [4268108868.0, [3786.0, 2666607, 85328676, 86895, 77870628, 2433543]] [313983720.0, [12.5, 195230, 6247200, 13150, 6247200, 195210]] [5311049303.0, [1270.65625, 3327942, 106002464, 38734, 103509152, 971769656]] [1687436420.8, [182.8, 1087878, 34713648, 19654, 7777200, 242322]] [308007967198.8, [629.5500000000001, 191813655, 6138012243, 5340891, 6137123727, 191785179]] [1635289357.8461537, [73.89423076923077, 1027510, 32839552, 60318, 25506688, 796752]]
Arch_Param: [32, 8192, 32768, 8, 1024, 64]
SK_cost: [37724780736.479996, [372370.79666666663, 11844705, 757568376, 845249, 612138168, 1200535073]] [4282223652.0, [50991.0, 1333359, 85328676, 86895, 85328676, 169873263]] [313930320.0, [3263.333333333285, 104020, 6247200, 13140, 6247200, 13130]] [5700108832.0, [55755.33333333302, 1783016, 113702944, 38704, 113702944, 210388252]] [2219721835.2, [21689.199999999997, 696326, 44335152, 19654, 42754608, 85459014]] [307967227522.8014, [3553845.675000043, 95907291, 6138012243, 5340891, 6138012243, 12275420379]] [13931405789.23077, [137297.84615384653, 4373307, 278762688, 474659, 244872384, 392146960]]
Model_cost: [32360419665.605717, [988.28755952381, 10506913, 668963704, 1706849, 49400505, 124322]] [4262775876.0, [3786.0, 1333359, 85328676, 86895, 77870628, 1216827]] [313618255.0, [12.65625, 104020, 6247200, 13140, 6247200, 27210]] [5304458094.0, [1270.8125, 1680616, 106002464, 38704, 103509152, 971600038]] [1685454852.8, [182.8, 545990, 34713648, 22854, 7767792, 119131]] [307624341742.8, [629.5500000000001, 95907291, 6138012243, 5340891, 6137123727, 95892675]] [1633406578.5604396, [74.06833791208791, 517819, 32839552, 62755, 25506688, 396304]]
Arch_Param: [32, 8192, 32768, 8, 1024, 128]
SK_cost: [37724780736.479996, [372370.79666666663, 11844705, 757568376, 845249, 612138168, 1200535073]] [4282223652.0, [50991.0, 1333359, 85328676, 86895, 85328676, 169873263]] [313930320.0, [3263.333333333285, 104020, 6247200, 13140, 6247200, 13130]] [5700108832.0, [55755.33333333302, 1783016, 113702944, 38704, 113702944, 210388252]] [2219721835.2, [21689.199999999997, 696326, 44335152, 19654, 42754608, 85459014]] [307967227522.8014, [3553845.675000043, 95907291, 6138012243, 5340891, 6138012243, 12275420379]] [13931405789.23077, [137297.84615384653, 4373307, 278762688, 474659, 244872384, 392146960]]
Model_cost: [32360419665.605717, [988.28755952381, 10506913, 668963704, 1706849, 49400505, 124322]] [4262775876.0, [3786.0, 1333359, 85328676, 86895, 77870628, 1216827]] [313618255.0, [12.65625, 104020, 6247200, 13140, 6247200, 27210]] [5304458094.0, [1270.8125, 1680616, 106002464, 38704, 103509152, 971600038]] [1685454852.8, [182.8, 545990, 34713648, 22854, 7767792, 119131]] [307624341742.8, [629.5500000000001, 95907291, 6138012243, 5340891, 6137123727, 95892675]] [1633406578.5604396, [74.06833791208791, 517819, 32839552, 62755, 25506688, 396304]]
Arch_Param: [32, 8192, 32768, 8, 1024, 256]
SK_cost: [37724780736.479996, [372370.79666666663, 11844705, 757568376, 845249, 612138168, 1200535073]] [4282223652.0, [50991.0, 1333359, 85328676, 86895, 85328676, 169873263]] [313930320.0, [3263.333333333285, 104020, 6247200, 13140, 6247200, 13130]] [5700108832.0, [55755.33333333302, 1783016, 113702944, 38704, 113702944, 210388252]] [2219721835.2, [21689.199999999997, 696326, 44335152, 19654, 42754608, 85459014]] [307967227522.8014, [3553845.675000043, 95907291, 6138012243, 5340891, 6138012243, 12275420379]] [13931405789.23077, [137297.84615384653, 4373307, 278762688, 474659, 244872384, 392146960]]
Model_cost: [32308260909.605713, [963.9125595238095, 10506913, 668963704, 891905, 49400505, 768162]] [4262775876.0, [3786.0, 1333359, 85328676, 86895, 77870628, 1216827]] [313618255.0, [12.65625, 104020, 6247200, 13140, 6247200, 27210]] [5304458094.0, [1270.8125, 1680616, 106002464, 38704, 103509152, 971600038]] [1685306500.8, [182.8, 545990, 34713648, 19654, 7796016, 121490]] [307624341742.8, [629.5500000000001, 95907291, 6138012243, 5340891, 6137123727, 95892675]] [1633236833.8461537, [73.89423076923077, 515323, 32839552, 60259, 25506688, 398416]]
Arch_Param: [32, 8192, 32768, 8, 1024, 512]
SK_cost: [37724780736.479996, [372370.79666666663, 11844705, 757568376, 845249, 612138168, 1200535073]] [4282223652.0, [50991.0, 1333359, 85328676, 86895, 85328676, 169873263]] [313930320.0, [3263.333333333285, 104020, 6247200, 13140, 6247200, 13130]] [5700108832.0, [55755.33333333302, 1783016, 113702944, 38704, 113702944, 210388252]] [2219721835.2, [21689.199999999997, 696326, 44335152, 19654, 42754608, 85459014]] [307967227522.8014, [3553845.675000043, 95907291, 6138012243, 5340891, 6138012243, 12275420379]] [13931405789.23077, [137297.84615384653, 4373307, 278762688, 474659, 244872384, 392146960]]
Model_cost: [32308260909.605713, [963.9125595238095, 10506913, 668963704, 891905, 49400505, 768162]] [4262775876.0, [3786.0, 1333359, 85328676, 86895, 77870628, 1216827]] [313618255.0, [12.65625, 104020, 6247200, 13140, 6247200, 27210]] [5304458094.0, [1270.8125, 1680616, 106002464, 38704, 103509152, 971600038]] [1685268868.8, [182.8, 545990, 34713648, 19654, 7777200, 121196]] [307624341742.8, [629.5500000000001, 95907291, 6138012243, 5340891, 6137123727, 95892675]] [1633236833.8461537, [73.89423076923077, 515323, 32839552, 60259, 25506688, 398416]]
Arch_Param: [32, 8192, 32768, 16, 256, 64]
SK_cost: [20346204982.239998, [199904.02333333332, 25429697, 406836408, 451617, 334122168, 644503073]] [4298222628.0, [50991.0, 5333103, 85328676, 86895, 85328676, 169873263]] [315077960.0, [3263.333333333285, 390450, 6247200, 13170, 6247200, 13130]] [5721408264.0, [55755.33333333302, 7106434, 113702944, 38794, 113702944, 210388252]] [1114041041.6, [10847.599999999999, 1386502, 22167600, 9830, 21389872, 42729542]] [309118103890.8014, [3553845.675000043, 383626383, 6138012243, 5340891, 6138012243, 12275420379]] [11905793643.076923, [116288.61538461514, 14813420, 236848320, 329428, 222786752, 347975696]]
Model_cost: [17485188653.44571, [541.244226190476, 22447809, 359126200, 913857, 49400505, 136610]] [4278774852.0, [3786.0, 5333103, 85328676, 86895, 77870628, 4866975]] [314765880.0, [12.5, 390450, 6247200, 13170, 6247200, 390410]] [5324282951.0, [1270.65625, 6635394, 106002464, 38794, 103509152, 971968092]] [853748190.4, [94.4, 1085830, 17356848, 11430, 7767792, 475483]] [308775218110.8, [629.5500000000001, 383626383, 6138012243, 5340891, 6137123727, 383570187]] [1429796589.6153846, [56.64182692307692, 1783660, 28517760, 43604, 25506688, 1579792]]
Arch_Param: [32, 8192, 32768, 16, 256, 128]
SK_cost: [20346204982.239998, [199904.02333333332, 25429697, 406836408, 451617, 334122168, 644503073]] [4298222628.0, [50991.0, 5333103, 85328676, 86895, 85328676, 169873263]] [315077960.0, [3263.333333333285, 390450, 6247200, 13170, 6247200, 13130]] [5721408264.0, [55755.33333333302, 7106434, 113702944, 38794, 113702944, 210388252]] [1114041041.6, [10847.599999999999, 1386502, 22167600, 9830, 21389872, 42729542]] [309118103890.8014, [3553845.675000043, 383626383, 6138012243, 5340891, 6138012243, 12275420379]] [11905793643.076923, [116288.61538461514, 14813420, 236848320, 329428, 222786752, 347975696]]
Model_cost: [17457103169.445717, [528.1192261904762, 22447809, 359126200, 475041, 49400505, 3066018]] [4278774852.0, [3786.0, 5333103, 85328676, 86895, 77870628, 4866975]] [314765880.0, [12.5, 390450, 6247200, 13170, 6247200, 390410]] [5324282951.0, [1270.65625, 6635394, 106002464, 38794, 103509152, 971968092]] [853682654.4, [94.4, 1085830, 17356848, 10406, 7767792, 483419]] [308775218110.8, [629.5500000000001, 383626383, 6138012243, 5340891, 6137123727, 383570187]] [1429710564.6153846, [56.54807692307692, 1783660, 28517760, 42260, 25506688, 1593424]]
Arch_Param: [32, 8192, 32768, 16, 256, 256]
SK_cost: [20346204982.239998, [199904.02333333332, 25429697, 406836408, 451617, 334122168, 644503073]] [4298222628.0, [50991.0, 5333103, 85328676, 86895, 85328676, 169873263]] [315077960.0, [3263.333333333285, 390450, 6247200, 13170, 6247200, 13130]] [5721408264.0, [55755.33333333302, 7106434, 113702944, 38794, 113702944, 210388252]] [1114041041.6, [10847.599999999999, 1386502, 22167600, 9830, 21389872, 42729542]] [309118103890.8014, [3553845.675000043, 383626383, 6138012243, 5340891, 6138012243, 12275420379]] [11905793643.076923, [116288.61538461514, 14813420, 236848320, 329428, 222786752, 347975696]]
Model_cost: [17457103169.445717, [528.1192261904762, 22447809, 359126200, 475041, 49400505, 3066018]] [4278774852.0, [3786.0, 5333103, 85328676, 86895, 77870628, 4866975]] [314765880.0, [12.5, 390450, 6247200, 13170, 6247200, 390410]] [5324282951.0, [1270.65625, 6635394, 106002464, 38794, 103509152, 971968092]] [853664606.4, [94.4, 1085830, 17356848, 9830, 7777200, 484574]] [308775218110.8, [629.5500000000001, 383626383, 6138012243, 5340891, 6137123727, 383570187]] [1429710564.6153846, [56.54807692307692, 1783660, 28517760, 42260, 25506688, 1593424]]
Arch_Param: [32, 8192, 32768, 16, 512, 64]
SK_cost: [20295344770.239998, [199904.02333333332, 12715108, 406836408, 451588, 334122168, 644503073]] [4287556644.0, [50991.0, 2666607, 85328676, 86895, 85328676, 169873263]] [314295800.0, [3263.333333333285, 195230, 6247200, 13150, 6247200, 13130]] [5707191576.0, [55755.33333333302, 3553222, 113702944, 38734, 113702944, 210388252]] [1111272145.6, [10847.599999999999, 694278, 22167600, 9830, 21389872, 42729542]] [308350852978.8014, [3553845.675000043, 191813655, 6138012243, 5340891, 6138012243, 12275420379]] [11876159251.076923, [116288.61538461514, 7406710, 236848320, 329310, 222786752, 347975696]]
Model_cost: [17440292217.44571, [541.244226190476, 11224164, 359126200, 913828, 49400505, 128418]] [4268108868.0, [3786.0, 2666607, 85328676, 86895, 77870628, 2433543]] [313983720.0, [12.5, 195230, 6247200, 13150, 6247200, 195210]] [5311049303.0, [1270.65625, 3327942, 106002464, 38734, 103509152, 971769656]] [851580638.4, [94.4, 543942, 17356848, 11430, 7767792, 237915]] [308007967198.8, [629.5500000000001, 191813655, 6138012243, 5340891, 6137123727, 191785179]] [1426221717.6153846, [56.64182692307692, 891830, 28517760, 43486, 25506688, 790800]]
Arch_Param: [32, 8192, 32768, 16, 512, 128]
SK_cost: [20295344770.239998, [199904.02333333332, 12715108, 406836408, 451588, 334122168, 644503073]] [4287556644.0, [50991.0, 2666607, 85328676, 86895, 85328676, 169873263]] [314295800.0, [3263.333333333285, 195230, 6247200, 13150, 6247200, 13130]] [5707191576.0, [55755.33333333302, 3553222, 113702944, 38734, 113702944, 210388252]] [1111272145.6, [10847.599999999999, 694278, 22167600, 9830, 21389872, 42729542]] [308350852978.8014, [3553845.675000043, 191813655, 6138012243, 5340891, 6138012243, 12275420379]] [11876159251.076923, [116288.61538461514, 7406710, 236848320, 329310, 222786752, 347975696]]
Model_cost: [17412206733.445717, [528.1192261904762, 11224164, 359126200, 475012, 49400505, 1534114]] [4268108868.0, [3786.0, 2666607, 85328676, 86895, 77870628, 2433543]] [313983720.0, [12.5, 195230, 6247200, 13150, 6247200, 195210]] [5311049303.0, [1270.65625, 3327942, 106002464, 38734, 103509152, 971769656]] [851515102.4, [94.4, 543942, 17356848, 10406, 7767792, 241755]] [308007967198.8, [629.5500000000001, 191813655, 6138012243, 5340891, 6137123727, 191785179]] [1426135692.6153846, [56.54807692307692, 891830, 28517760, 42142, 25506688, 796752]]
Arch_Param: [32, 8192, 32768, 16, 512, 256]
SK_cost: [20295344770.239998, [199904.02333333332, 12715108, 406836408, 451588, 334122168, 644503073]] [4287556644.0, [50991.0, 2666607, 85328676, 86895, 85328676, 169873263]] [314295800.0, [3263.333333333285, 195230, 6247200, 13150, 6247200, 13130]] [5707191576.0, [55755.33333333302, 3553222, 113702944, 38734, 113702944, 210388252]] [1111272145.6, [10847.599999999999, 694278, 22167600, 9830, 21389872, 42729542]] [308350852978.8014, [3553845.675000043, 191813655, 6138012243, 5340891, 6138012243, 12275420379]] [11876159251.076923, [116288.61538461514, 7406710, 236848320, 329310, 222786752, 347975696]]
Model_cost: [17412206733.445717, [528.1192261904762, 11224164, 359126200, 475012, 49400505, 1534114]] [4268108868.0, [3786.0, 2666607, 85328676, 86895, 77870628, 2433543]] [313983720.0, [12.5, 195230, 6247200, 13150, 6247200, 195210]] [5311049303.0, [1270.65625, 3327942, 106002464, 38734, 103509152, 971769656]] [851497054.4, [94.4, 543942, 17356848, 9830, 7777200, 242322]] [308007967198.8, [629.5500000000001, 191813655, 6138012243, 5340891, 6137123727, 191785179]] [1426135692.6153846, [56.54807692307692, 891830, 28517760, 42142, 25506688, 796752]]
Arch_Param: [32, 8192, 32768, 16, 512, 512]
SK_cost: [20295344770.239998, [199904.02333333332, 12715108, 406836408, 451588, 334122168, 644503073]] [4287556644.0, [50991.0, 2666607, 85328676, 86895, 85328676, 169873263]] [314295800.0, [3263.333333333285, 195230, 6247200, 13150, 6247200, 13130]] [5707191576.0, [55755.33333333302, 3553222, 113702944, 38734, 113702944, 210388252]] [1111272145.6, [10847.599999999999, 694278, 22167600, 9830, 21389872, 42729542]] [308350852978.8014, [3553845.675000043, 191813655, 6138012243, 5340891, 6138012243, 12275420379]] [11876159251.076923, [116288.61538461514, 7406710, 236848320, 329310, 222786752, 347975696]]
Model_cost: [17411899501.302856, [527.7844047619047, 11224164, 359126200, 470212, 49400505, 1540706]] [4268108868.0, [3786.0, 2666607, 85328676, 86895, 77870628, 2433543]] [313983720.0, [12.5, 195230, 6247200, 13150, 6247200, 195210]] [5311049303.0, [1270.65625, 3327942, 106002464, 38734, 103509152, 971769656]] [851478238.4, [94.4, 543942, 17356848, 9830, 7767792, 242028]] [308007967198.8, [629.5500000000001, 191813655, 6138012243, 5340891, 6137123727, 191785179]] [1426135692.6153846, [56.54807692307692, 891830, 28517760, 42142, 25506688, 796752]]
Arch_Param: [32, 8192, 32768, 16, 1024, 64]
SK_cost: [20269927862.239998, [199904.02333333332, 6360929, 406836408, 451585, 334122168, 644503073]] [4282223652.0, [50991.0, 1333359, 85328676, 86895, 85328676, 169873263]] [313930320.0, [3263.333333333285, 104020, 6247200, 13140, 6247200, 13130]] [5700108832.0, [55755.33333333302, 1783016, 113702944, 38704, 113702944, 210388252]] [1109887697.6, [10847.599999999999, 348166, 22167600, 9830, 21389872, 42729542]] [307967227522.8014, [3553845.675000043, 95907291, 6138012243, 5340891, 6138012243, 12275420379]] [11861367655.076923, [116288.61538461514, 3709755, 236848320, 329251, 222786752, 347975696]]
Model_cost: [17417950893.44571, [541.244226190476, 5638881, 359126200, 913825, 49400505, 124322]] [4262775876.0, [3786.0, 1333359, 85328676, 86895, 77870628, 1216827]] [313618255.0, [12.65625, 104020, 6247200, 13140, 6247200, 27210]] [5304458094.0, [1270.8125, 1680616, 106002464, 38704, 103509152, 971600038]] [850496862.4, [94.4, 272998, 17356848, 11430, 7767792, 119131]] [307624341742.8, [629.5500000000001, 95907291, 6138012243, 5340891, 6137123727, 95892675]] [1424442857.6153846, [56.64182692307692, 448059, 28517760, 43427, 25506688, 396304]]
Arch_Param: [32, 8192, 32768, 16, 1024, 128]
SK_cost: [20269927862.239998, [199904.02333333332, 6360929, 406836408, 451585, 334122168, 644503073]] [4282223652.0, [50991.0, 1333359, 85328676, 86895, 85328676, 169873263]] [313930320.0, [3263.333333333285, 104020, 6247200, 13140, 6247200, 13130]] [5700108832.0, [55755.33333333302, 1783016, 113702944, 38704, 113702944, 210388252]] [1109887697.6, [10847.599999999999, 348166, 22167600, 9830, 21389872, 42729542]] [307967227522.8014, [3553845.675000043, 95907291, 6138012243, 5340891, 6138012243, 12275420379]] [11861367655.076923, [116288.61538461514, 3709755, 236848320, 329251, 222786752, 347975696]]
Model_cost: [17389865409.445717, [528.1192261904762, 5638881, 359126200, 475009, 49400505, 768162]] [4262775876.0, [3786.0, 1333359, 85328676, 86895, 77870628, 1216827]] [313618255.0, [12.65625, 104020, 6247200, 13140, 6247200, 27210]] [5304458094.0, [1270.8125, 1680616, 106002464, 38704, 103509152, 971600038]] [850431326.4, [94.4, 272998, 17356848, 10406, 7767792, 120923]] [307624341742.8, [629.5500000000001, 95907291, 6138012243, 5340891, 6137123727, 95892675]] [1424351456.6153846, [56.54807692307692, 446715, 28517760, 42083, 25506688, 398416]]
Arch_Param: [32, 8192, 32768, 16, 1024, 256]
SK_cost: [20269927862.239998, [199904.02333333332, 6360929, 406836408, 451585, 334122168, 644503073]] [4282223652.0, [50991.0, 1333359, 85328676, 86895, 85328676, 169873263]] [313930320.0, [3263.333333333285, 104020, 6247200, 13140, 6247200, 13130]] [5700108832.0, [55755.33333333302, 1783016, 113702944, 38704, 113702944, 210388252]] [1109887697.6, [10847.599999999999, 348166, 22167600, 9830, 21389872, 42729542]] [307967227522.8014, [3553845.675000043, 95907291, 6138012243, 5340891, 6138012243, 12275420379]] [11861367655.076923, [116288.61538461514, 3709755, 236848320, 329251, 222786752, 347975696]]
Model_cost: [17389865409.445717, [528.1192261904762, 5638881, 359126200, 475009, 49400505, 768162]] [4262775876.0, [3786.0, 1333359, 85328676, 86895, 77870628, 1216827]] [313618255.0, [12.65625, 104020, 6247200, 13140, 6247200, 27210]] [5304458094.0, [1270.8125, 1680616, 106002464, 38704, 103509152, 971600038]] [850413278.4, [94.4, 272998, 17356848, 9830, 7777200, 121196]] [307624341742.8, [629.5500000000001, 95907291, 6138012243, 5340891, 6137123727, 95892675]] [1424351456.6153846, [56.54807692307692, 446715, 28517760, 42083, 25506688, 398416]]
Arch_Param: [32, 8192, 32768, 16, 1024, 512]
SK_cost: [20269927862.239998, [199904.02333333332, 6360929, 406836408, 451585, 334122168, 644503073]] [4282223652.0, [50991.0, 1333359, 85328676, 86895, 85328676, 169873263]] [313930320.0, [3263.333333333285, 104020, 6247200, 13140, 6247200, 13130]] [5700108832.0, [55755.33333333302, 1783016, 113702944, 38704, 113702944, 210388252]] [1109887697.6, [10847.599999999999, 348166, 22167600, 9830, 21389872, 42729542]] [307967227522.8014, [3553845.675000043, 95907291, 6138012243, 5340891, 6138012243, 12275420379]] [11861367655.076923, [116288.61538461514, 3709755, 236848320, 329251, 222786752, 347975696]]
Model_cost: [17389538977.302856, [527.7844047619047, 5634081, 359126200, 470209, 49400505, 770594]] [4262775876.0, [3786.0, 1333359, 85328676, 86895, 77870628, 1216827]] [313618255.0, [12.65625, 104020, 6247200, 13140, 6247200, 27210]] [5304458094.0, [1270.8125, 1680616, 106002464, 38704, 103509152, 971600038]] [850394462.4, [94.4, 272998, 17356848, 9830, 7767792, 121049]] [307624341742.8, [629.5500000000001, 95907291, 6138012243, 5340891, 6137123727, 95892675]] [1424351456.6153846, [56.54807692307692, 446715, 28517760, 42083, 25506688, 398416]]
Arch_Param: [32, 8192, 32768, 32, 256, 64]
SK_cost: [11588732378.08, [113703.06333333332, 14471873, 231526584, 254913, 195169464, 366597665]] [4298222628.0, [50991.0, 5333103, 85328676, 86895, 85328676, 169873263]] [315077960.0, [3263.333333333285, 390450, 6247200, 13170, 6247200, 13130]] [5721408264.0, [55755.33333333302, 7106434, 113702944, 38794, 113702944, 210388252]] [557047300.8, [5426.799999999999, 693254, 11083824, 4918, 10707504, 21364806]] [309118103890.8014, [3553845.675000043, 383626383, 6138012243, 5340891, 6138012243, 12275420379]] [10866842416.0, [105784.00000000015, 13498604, 215891136, 256724, 211743936, 325890064]]
Model_cost: [9971632039.434286, [310.5149404761905, 12767937, 204263608, 266817, 49400505, 3066018]] [4278774852.0, [3786.0, 5333103, 85328676, 86895, 77870628, 4866975]] [314765880.0, [12.5, 390450, 6247200, 13170, 6247200, 390410]] [5324282951.0, [1270.65625, 6635394, 106002464, 38794, 103509152, 971968092]] [434611099.2, [53.7, 542918, 8678448, 5206, 7767792, 483419]] [308775218110.8, [629.5500000000001, 383626383, 6138012243, 5340891, 6137123727, 383570187]] [1324862372.0, [47.875, 1647980, 26356864, 33172, 25506688, 1593424]]
Arch_Param: [32, 8192, 32768, 32, 256, 128]
SK_cost: [11588732378.08, [113703.06333333332, 14471873, 231526584, 254913, 195169464, 366597665]] [4298222628.0, [50991.0, 5333103, 85328676, 86895, 85328676, 169873263]] [315077960.0, [3263.333333333285, 390450, 6247200, 13170, 6247200, 13130]] [5721408264.0, [55755.33333333302, 7106434, 113702944, 38794, 113702944, 210388252]] [557047300.8, [5426.799999999999, 693254, 11083824, 4918, 10707504, 21364806]] [309118103890.8014, [3553845.675000043, 383626383, 6138012243, 5340891, 6138012243, 12275420379]] [10866842416.0, [105784.00000000015, 13498604, 215891136, 256724, 211743936, 325890064]]
Model_cost: [9971632039.434286, [310.5149404761905, 12767937, 204263608, 266817, 49400505, 3066018]] [4278774852.0, [3786.0, 5333103, 85328676, 86895, 77870628, 4866975]] [314765880.0, [12.5, 390450, 6247200, 13170, 6247200, 390410]] [5324282951.0, [1270.65625, 6635394, 106002464, 38794, 103509152, 971968092]] [434611099.2, [53.7, 542918, 8678448, 5206, 7767792, 483419]] [308775218110.8, [629.5500000000001, 383626383, 6138012243, 5340891, 6137123727, 383570187]] [1324862372.0, [47.875, 1647980, 26356864, 33172, 25506688, 1593424]]
Arch_Param: [32, 8192, 32768, 32, 256, 256]
SK_cost: [11588732378.08, [113703.06333333332, 14471873, 231526584, 254913, 195169464, 366597665]] [4298222628.0, [50991.0, 5333103, 85328676, 86895, 85328676, 169873263]] [315077960.0, [3263.333333333285, 390450, 6247200, 13170, 6247200, 13130]] [5721408264.0, [55755.33333333302, 7106434, 113702944, 38794, 113702944, 210388252]] [557047300.8, [5426.799999999999, 693254, 11083824, 4918, 10707504, 21364806]] [309118103890.8014, [3553845.675000043, 383626383, 6138012243, 5340891, 6138012243, 12275420379]] [10866842416.0, [105784.00000000015, 13498604, 215891136, 256724, 211743936, 325890064]]
Model_cost: [9971472278.720001, [310.3408333333333, 12767937, 204263608, 264321, 49400505, 3080930]] [4278774852.0, [3786.0, 5333103, 85328676, 86895, 77870628, 4866975]] [314765880.0, [12.5, 390450, 6247200, 13170, 6247200, 390410]] [5324282951.0, [1270.65625, 6635394, 106002464, 38794, 103509152, 971968092]] [434592331.2, [50.2, 542918, 8678448, 4918, 7767792, 483986]] [308775218110.8, [629.5500000000001, 383626383, 6138012243, 5340891, 6137123727, 383570187]] [1324862372.0, [47.875, 1647980, 26356864, 33172, 25506688, 1593424]]
Arch_Param: [32, 8192, 32768, 32, 512, 64]
SK_cost: [11559787814.08, [113703.06333333332, 7236196, 231526584, 254884, 195169464, 366597665]] [4287556644.0, [50991.0, 2666607, 85328676, 86895, 85328676, 169873263]] [314295800.0, [3263.333333333285, 195230, 6247200, 13150, 6247200, 13130]] [5707191576.0, [55755.33333333302, 3553222, 113702944, 38734, 113702944, 210388252]] [555662852.8, [5426.799999999999, 347142, 11083824, 4918, 10707504, 21364806]] [308350852978.8014, [3553845.675000043, 191813655, 6138012243, 5340891, 6138012243, 12275420379]] [10839837656.0, [105784.00000000015, 6749302, 215891136, 256606, 211743936, 325890064]]
Model_cost: [9946095347.434286, [310.5149404761905, 6384228, 204263608, 266788, 49400505, 1534114]] [4268108868.0, [3786.0, 2666607, 85328676, 86895, 77870628, 2433543]] [313983720.0, [12.5, 195230, 6247200, 13150, 6247200, 195210]] [5311049303.0, [1270.65625, 3327942, 106002464, 38734, 103509152, 971769656]] [433527323.2, [53.7, 271974, 8678448, 5206, 7767792, 241755]] [308007967198.8, [629.5500000000001, 191813655, 6138012243, 5340891, 6137123727, 191785179]] [1321558860.0, [47.875, 823990, 26356864, 33054, 25506688, 796752]]
Arch_Param: [32, 8192, 32768, 32, 512, 128]
SK_cost: [11559787814.08, [113703.06333333332, 7236196, 231526584, 254884, 195169464, 366597665]] [4287556644.0, [50991.0, 2666607, 85328676, 86895, 85328676, 169873263]] [314295800.0, [3263.333333333285, 195230, 6247200, 13150, 6247200, 13130]] [5707191576.0, [55755.33333333302, 3553222, 113702944, 38734, 113702944, 210388252]] [555662852.8, [5426.799999999999, 347142, 11083824, 4918, 10707504, 21364806]] [308350852978.8014, [3553845.675000043, 191813655, 6138012243, 5340891, 6138012243, 12275420379]] [10839837656.0, [105784.00000000015, 6749302, 215891136, 256606, 211743936, 325890064]]
Model_cost: [9946095347.434286, [310.5149404761905, 6384228, 204263608, 266788, 49400505, 1534114]] [4268108868.0, [3786.0, 2666607, 85328676, 86895, 77870628, 2433543]] [313983720.0, [12.5, 195230, 6247200, 13150, 6247200, 195210]] [5311049303.0, [1270.65625, 3327942, 106002464, 38734, 103509152, 971769656]] [433527323.2, [53.7, 271974, 8678448, 5206, 7767792, 241755]] [308007967198.8, [629.5500000000001, 191813655, 6138012243, 5340891, 6137123727, 191785179]] [1321558860.0, [47.875, 823990, 26356864, 33054, 25506688, 796752]]
Arch_Param: [32, 8192, 32768, 32, 512, 256]
SK_cost: [11559787814.08, [113703.06333333332, 7236196, 231526584, 254884, 195169464, 366597665]] [4287556644.0, [50991.0, 2666607, 85328676, 86895, 85328676, 169873263]] [314295800.0, [3263.333333333285, 195230, 6247200, 13150, 6247200, 13130]] [5707191576.0, [55755.33333333302, 3553222, 113702944, 38734, 113702944, 210388252]] [555662852.8, [5426.799999999999, 347142, 11083824, 4918, 10707504, 21364806]] [308350852978.8014, [3553845.675000043, 191813655, 6138012243, 5340891, 6138012243, 12275420379]] [10839837656.0, [105784.00000000015, 6749302, 215891136, 256606, 211743936, 325890064]]
Model_cost: [9945935586.720001, [310.3408333333333, 6384228, 204263608, 264292, 49400505, 1540706]] [4268108868.0, [3786.0, 2666607, 85328676, 86895, 77870628, 2433543]] [313983720.0, [12.5, 195230, 6247200, 13150, 6247200, 195210]] [5311049303.0, [1270.65625, 3327942, 106002464, 38734, 103509152, 971769656]] [433508555.2, [50.2, 271974, 8678448, 4918, 7767792, 242028]] [308007967198.8, [629.5500000000001, 191813655, 6138012243, 5340891, 6137123727, 191785179]] [1321558860.0, [47.875, 823990, 26356864, 33054, 25506688, 796752]]
Arch_Param: [32, 8192, 32768, 32, 512, 512]
SK_cost: [11559787814.08, [113703.06333333332, 7236196, 231526584, 254884, 195169464, 366597665]] [4287556644.0, [50991.0, 2666607, 85328676, 86895, 85328676, 169873263]] [314295800.0, [3263.333333333285, 195230, 6247200, 13150, 6247200, 13130]] [5707191576.0, [55755.33333333302, 3553222, 113702944, 38734, 113702944, 210388252]] [555662852.8, [5426.799999999999, 347142, 11083824, 4918, 10707504, 21364806]] [308350852978.8014, [3553845.675000043, 191813655, 6138012243, 5340891, 6138012243, 12275420379]] [10839837656.0, [105784.00000000015, 6749302, 215891136, 256606, 211743936, 325890064]]
Model_cost: [9945935586.720001, [310.3408333333333, 6384228, 204263608, 264292, 49400505, 1540706]] [4268108868.0, [3786.0, 2666607, 85328676, 86895, 77870628, 2433543]] [313983720.0, [12.5, 195230, 6247200, 13150, 6247200, 195210]] [5311049303.0, [1270.65625, 3327942, 106002464, 38734, 103509152, 971769656]] [433508555.2, [50.2, 271974, 8678448, 4918, 7767792, 242028]] [308007967198.8, [629.5500000000001, 191813655, 6138012243, 5340891, 6137123727, 191785179]] [1321558860.0, [47.875, 823990, 26356864, 33054, 25506688, 796752]]
Arch_Param: [32, 8192, 32768, 32, 1024, 64]
SK_cost: [11545322586.08, [113703.06333333332, 3619937, 231526584, 254881, 195169464, 366597665]] [4282223652.0, [50991.0, 1333359, 85328676, 86895, 85328676, 169873263]] [313930320.0, [3263.333333333285, 104020, 6247200, 13140, 6247200, 13130]] [5700108832.0, [55755.33333333302, 1783016, 113702944, 38704, 113702944, 210388252]] [554970628.8, [5426.799999999999, 174086, 11083824, 4918, 10707504, 21364806]] [307967227522.8014, [3553845.675000043, 95907291, 6138012243, 5340891, 6138012243, 12275420379]] [10826348588.0, [105784.00000000015, 3377979, 215891136, 256547, 211743936, 325890064]]
Model_cost: [9933381671.434286, [310.5149404761905, 3205857, 204263608, 266785, 49400505, 768162]] [4262775876.0, [3786.0, 1333359, 85328676, 86895, 77870628, 1216827]] [313618255.0, [12.65625, 104020, 6247200, 13140, 6247200, 27210]] [5304458094.0, [1270.8125, 1680616, 106002464, 38704, 103509152, 971600038]] [432985435.2, [53.7, 136502, 8678448, 5206, 7767792, 120923]] [307624341742.8, [629.5500000000001, 95907291, 6138012243, 5340891, 6137123727, 95892675]] [1319908768.0, [47.875, 412411, 26356864, 32995, 25506688, 398416]]
Arch_Param: [32, 8192, 32768, 32, 1024, 128]
SK_cost: [11545322586.08, [113703.06333333332, 3619937, 231526584, 254881, 195169464, 366597665]] [4282223652.0, [50991.0, 1333359, 85328676, 86895, 85328676, 169873263]] [313930320.0, [3263.333333333285, 104020, 6247200, 13140, 6247200, 13130]] [5700108832.0, [55755.33333333302, 1783016, 113702944, 38704, 113702944, 210388252]] [554970628.8, [5426.799999999999, 174086, 11083824, 4918, 10707504, 21364806]] [307967227522.8014, [3553845.675000043, 95907291, 6138012243, 5340891, 6138012243, 12275420379]] [10826348588.0, [105784.00000000015, 3377979, 215891136, 256547, 211743936, 325890064]]
Model_cost: [9933381671.434286, [310.5149404761905, 3205857, 204263608, 266785, 49400505, 768162]] [4262775876.0, [3786.0, 1333359, 85328676, 86895, 77870628, 1216827]] [313618255.0, [12.65625, 104020, 6247200, 13140, 6247200, 27210]] [5304458094.0, [1270.8125, 1680616, 106002464, 38704, 103509152, 971600038]] [432985435.2, [53.7, 136502, 8678448, 5206, 7767792, 120923]] [307624341742.8, [629.5500000000001, 95907291, 6138012243, 5340891, 6137123727, 95892675]] [1319908768.0, [47.875, 412411, 26356864, 32995, 25506688, 398416]]
Arch_Param: [32, 8192, 32768, 32, 1024, 256]
SK_cost: [11545322586.08, [113703.06333333332, 3619937, 231526584, 254881, 195169464, 366597665]] [4282223652.0, [50991.0, 1333359, 85328676, 86895, 85328676, 169873263]] [313930320.0, [3263.333333333285, 104020, 6247200, 13140, 6247200, 13130]] [5700108832.0, [55755.33333333302, 1783016, 113702944, 38704, 113702944, 210388252]] [554970628.8, [5426.799999999999, 174086, 11083824, 4918, 10707504, 21364806]] [307967227522.8014, [3553845.675000043, 95907291, 6138012243, 5340891, 6138012243, 12275420379]] [10826348588.0, [105784.00000000015, 3377979, 215891136, 256547, 211743936, 325890064]]
Model_cost: [9933211926.720001, [310.3408333333333, 3203361, 204263608, 264289, 49400505, 770594]] [4262775876.0, [3786.0, 1333359, 85328676, 86895, 77870628, 1216827]] [313618255.0, [12.65625, 104020, 6247200, 13140, 6247200, 27210]] [5304458094.0, [1270.8125, 1680616, 106002464, 38704, 103509152, 971600038]] [432966667.2, [50.2, 136502, 8678448, 4918, 7767792, 121049]] [307624341742.8, [629.5500000000001, 95907291, 6138012243, 5340891, 6137123727, 95892675]] [1319908768.0, [47.875, 412411, 26356864, 32995, 25506688, 398416]]
Arch_Param: [32, 8192, 32768, 32, 1024, 512]
SK_cost: [11545322586.08, [113703.06333333332, 3619937, 231526584, 254881, 195169464, 366597665]] [4282223652.0, [50991.0, 1333359, 85328676, 86895, 85328676, 169873263]] [313930320.0, [3263.333333333285, 104020, 6247200, 13140, 6247200, 13130]] [5700108832.0, [55755.33333333302, 1783016, 113702944, 38704, 113702944, 210388252]] [554970628.8, [5426.799999999999, 174086, 11083824, 4918, 10707504, 21364806]] [307967227522.8014, [3553845.675000043, 95907291, 6138012243, 5340891, 6138012243, 12275420379]] [10826348588.0, [105784.00000000015, 3377979, 215891136, 256547, 211743936, 325890064]]
Model_cost: [9933211926.720001, [310.3408333333333, 3203361, 204263608, 264289, 49400505, 770594]] [4262775876.0, [3786.0, 1333359, 85328676, 86895, 77870628, 1216827]] [313618255.0, [12.65625, 104020, 6247200, 13140, 6247200, 27210]] [5304458094.0, [1270.8125, 1680616, 106002464, 38704, 103509152, 971600038]] [432966667.2, [50.2, 136502, 8678448, 4918, 7767792, 121049]] [307624341742.8, [629.5500000000001, 95907291, 6138012243, 5340891, 6137123727, 95892675]] [1319908768.0, [47.875, 412411, 26356864, 32995, 25506688, 398416]]
Arch_Param: [32, 8192, 16384, 4, 256, 64]
SK_cost: [72993067888.97298, [1465968.6351351351, 91214401, 1459298552, 1634145, 1168280760, 2312820257]] [8248230948.0, [194415.0, 10223727, 163578660, 164463, 163185444, 325586799]] [315390280.0, [6516.66666666657, 390450, 6247200, 13170, 6247200, 13130]] [5726775240.0, [111661.33333333023, 7106434, 113702944, 38794, 113702944, 210388252]] [4460245304.0, [87558.0, 5545990, 88670256, 39302, 85484080, 170917958]] [618888067477.2079, [14214137.700000172, 767215743, 12275433555, 10680855, 12275130963, 24549657819]] [20914566704.0, [425898.6666666666, 26148076, 417716928, 820436, 333083840, 568569872]]
Model_cost: [62499714168.7027, [3731.3614864864867, 80564801, 1288904952, 3294657, 49400505, 136610]] [8059695780.0, [7899.0, 10223727, 163578660, 164463, 77870628, 4866975]] [314766120.0, [15.0, 390450, 6247200, 13170, 6247200, 390410]] [5324402054.0, [2511.3125, 6635394, 106002464, 38794, 103509152, 971968092]] [3376667416.0, [711.0, 4343302, 69427248, 174726, 7767792, 19803]] [605247636445.1998, [1465.2000000000003, 767215743, 12275433555, 10680855, 6137123727, 383570187]] [2357707870.0, [225.8125, 2983404, 47652928, 115604, 25506688, 1502608]]
Arch_Param: [32, 8192, 16384, 4, 256, 128]
SK_cost: [72993067888.97298, [1465968.6351351351, 91214401, 1459298552, 1634145, 1168280760, 2312820257]] [8248230948.0, [194415.0, 10223727, 163578660, 164463, 163185444, 325586799]] [315390280.0, [6516.66666666657, 390450, 6247200, 13170, 6247200, 13130]] [5726775240.0, [111661.33333333023, 7106434, 113702944, 38794, 113702944, 210388252]] [4460245304.0, [87558.0, 5545990, 88670256, 39302, 85484080, 170917958]] [618888067477.2079, [14214137.700000172, 767215743, 12275433555, 10680855, 12275130963, 24549657819]] [20914566704.0, [425898.6666666666, 26148076, 417716928, 820436, 333083840, 568569872]]
Model_cost: [62499714168.7027, [3731.3614864864867, 80564801, 1288904952, 3294657, 49400505, 136610]] [8059695780.0, [7899.0, 10223727, 163578660, 164463, 77870628, 4866975]] [314766120.0, [15.0, 390450, 6247200, 13170, 6247200, 390410]] [5324402054.0, [2511.3125, 6635394, 106002464, 38794, 103509152, 971968092]] [3368409880.0, [711.0, 4343302, 69427248, 45702, 7767792, 475483]] [605247636445.1998, [1465.2000000000003, 767215743, 12275433555, 10680855, 6137123727, 383570187]] [2357248686.0, [221.3125, 2983404, 47652928, 108436, 25506688, 1579792]]
Arch_Param: [32, 8192, 16384, 4, 256, 256]
SK_cost: [72993067888.97298, [1465968.6351351351, 91214401, 1459298552, 1634145, 1168280760, 2312820257]] [8248230948.0, [194415.0, 10223727, 163578660, 164463, 163185444, 325586799]] [315390280.0, [6516.66666666657, 390450, 6247200, 13170, 6247200, 13130]] [5726775240.0, [111661.33333333023, 7106434, 113702944, 38794, 113702944, 210388252]] [4460245304.0, [87558.0, 5545990, 88670256, 39302, 85484080, 170917958]] [618888067477.2079, [14214137.700000172, 767215743, 12275433555, 10680855, 12275130963, 24549657819]] [20914566704.0, [425898.6666666666, 26148076, 417716928, 820436, 333083840, 568569872]]
Model_cost: [62499714168.7027, [3731.3614864864867, 80564801, 1288904952, 3294657, 49400505, 136610]] [8059695780.0, [7899.0, 10223727, 163578660, 164463, 77870628, 4866975]] [314766120.0, [15.0, 390450, 6247200, 13170, 6247200, 390410]] [5324402054.0, [2511.3125, 6635394, 106002464, 38794, 103509152, 971968092]] [3368394136.0, [711.0, 4343302, 69427248, 43398, 7833648, 480166]] [605247636445.1998, [1465.2000000000003, 767215743, 12275433555, 10680855, 6137123727, 383570187]] [2357248686.0, [221.3125, 2983404, 47652928, 108436, 25506688, 1579792]]
Arch_Param: [32, 8192, 16384, 4, 512, 64]
SK_cost: [72810638268.97298, [1465968.6351351351, 45607460, 1459298552, 1634116, 1168280760, 2312820257]] [8227783716.0, [194415.0, 5111919, 163578660, 164463, 163185444, 325586799]] [314608120.0, [6516.66666666657, 195230, 6247200, 13150, 6247200, 13130]] [5712558552.0, [111661.33333333023, 3553222, 113702944, 38734, 113702944, 210388252]] [4449169720.0, [87558.0, 2777094, 88670256, 39302, 85484080, 170917958]] [617353639381.2079, [14214137.700000172, 383608719, 12275433555, 10680855, 12275130963, 24549657819]] [20862263000.0, [425898.6666666666, 13074038, 417716928, 820318, 333083840, 568569872]]
Model_cost: [62338583748.7027, [3731.3614864864867, 40282660, 1288904952, 3294628, 49400505, 128418]] [8039248548.0, [7899.0, 5111919, 163578660, 164463, 77870628, 2433543]] [313983960.0, [15.0, 195230, 6247200, 13150, 6247200, 195210]] [5311168406.0, [2511.3125, 3327942, 106002464, 38734, 103509152, 971769656]] [3367997208.0, [711.0, 2175750, 69427248, 174726, 7767792, 19803]] [603713208349.1998, [1465.2000000000003, 383608719, 12275433555, 10680855, 6137123727, 191785179]] [2351733510.0, [225.8125, 1491702, 47652928, 115486, 25506688, 754576]]
Arch_Param: [32, 8192, 16384, 4, 512, 128]
SK_cost: [72810638268.97298, [1465968.6351351351, 45607460, 1459298552, 1634116, 1168280760, 2312820257]] [8227783716.0, [194415.0, 5111919, 163578660, 164463, 163185444, 325586799]] [314608120.0, [6516.66666666657, 195230, 6247200, 13150, 6247200, 13130]] [5712558552.0, [111661.33333333023, 3553222, 113702944, 38734, 113702944, 210388252]] [4449169720.0, [87558.0, 2777094, 88670256, 39302, 85484080, 170917958]] [617353639381.2079, [14214137.700000172, 383608719, 12275433555, 10680855, 12275130963, 24549657819]] [20862263000.0, [425898.6666666666, 13074038, 417716928, 820318, 333083840, 568569872]]
Model_cost: [62338583748.7027, [3731.3614864864867, 40282660, 1288904952, 3294628, 49400505, 128418]] [8039248548.0, [7899.0, 5111919, 163578660, 164463, 77870628, 2433543]] [313983960.0, [15.0, 195230, 6247200, 13150, 6247200, 195210]] [5311168406.0, [2511.3125, 3327942, 106002464, 38734, 103509152, 971769656]] [3359739672.0, [711.0, 2175750, 69427248, 45702, 7767792, 237915]] [603713208349.1998, [1465.2000000000003, 383608719, 12275433555, 10680855, 6137123727, 191785179]] [2351274326.0, [221.3125, 1491702, 47652928, 108318, 25506688, 790800]]
Arch_Param: [32, 8192, 16384, 4, 512, 256]
SK_cost: [72810638268.97298, [1465968.6351351351, 45607460, 1459298552, 1634116, 1168280760, 2312820257]] [8227783716.0, [194415.0, 5111919, 163578660, 164463, 163185444, 325586799]] [314608120.0, [6516.66666666657, 195230, 6247200, 13150, 6247200, 13130]] [5712558552.0, [111661.33333333023, 3553222, 113702944, 38734, 113702944, 210388252]] [4449169720.0, [87558.0, 2777094, 88670256, 39302, 85484080, 170917958]] [617353639381.2079, [14214137.700000172, 383608719, 12275433555, 10680855, 12275130963, 24549657819]] [20862263000.0, [425898.6666666666, 13074038, 417716928, 820318, 333083840, 568569872]]
Model_cost: [62338583748.7027, [3731.3614864864867, 40282660, 1288904952, 3294628, 49400505, 128418]] [8039248548.0, [7899.0, 5111919, 163578660, 164463, 77870628, 2433543]] [313983960.0, [15.0, 195230, 6247200, 13150, 6247200, 195210]] [5311168406.0, [2511.3125, 3327942, 106002464, 38734, 103509152, 971769656]] [3359723928.0, [711.0, 2175750, 69427248, 43398, 7833648, 240246]] [603713208349.1998, [1465.2000000000003, 383608719, 12275433555, 10680855, 6137123727, 191785179]] [2351274326.0, [221.3125, 1491702, 47652928, 108318, 25506688, 790800]]
Arch_Param: [32, 8192, 16384, 4, 512, 512]
SK_cost: [72810638268.97298, [1465968.6351351351, 45607460, 1459298552, 1634116, 1168280760, 2312820257]] [8227783716.0, [194415.0, 5111919, 163578660, 164463, 163185444, 325586799]] [314608120.0, [6516.66666666657, 195230, 6247200, 13150, 6247200, 13130]] [5712558552.0, [111661.33333333023, 3553222, 113702944, 38734, 113702944, 210388252]] [4449169720.0, [87558.0, 2777094, 88670256, 39302, 85484080, 170917958]] [617353639381.2079, [14214137.700000172, 383608719, 12275433555, 10680855, 12275130963, 24549657819]] [20862263000.0, [425898.6666666666, 13074038, 417716928, 820318, 333083840, 568569872]]
Model_cost: [62238273948.7027, [3637.6114864864867, 40282660, 1288904952, 1727428, 49400505, 1534114]] [8039248548.0, [7899.0, 5111919, 163578660, 164463, 77870628, 2433543]] [313983960.0, [15.0, 195230, 6247200, 13150, 6247200, 195210]] [5311168406.0, [2511.3125, 3327942, 106002464, 38734, 103509152, 971769656]] [3359386520.0, [711.0, 2175750, 69427248, 39302, 7796016, 242910]] [603713208349.1998, [1465.2000000000003, 383608719, 12275433555, 10680855, 6137123727, 191785179]] [2350966568.0, [215.5, 1491702, 47652928, 103518, 25506688, 796752]]
Arch_Param: [32, 8192, 16384, 4, 1024, 64]
SK_cost: [72719473904.97298, [1465968.6351351351, 22816417, 1459298552, 1634113, 1168280760, 2312820257]] [8217560100.0, [194415.0, 2556015, 163578660, 164463, 163185444, 325586799]] [314242640.0, [6516.66666666657, 104020, 6247200, 13140, 6247200, 13130]] [5705475808.0, [111661.33333333023, 1783016, 113702944, 38704, 113702944, 210388252]] [4443631928.0, [87558.0, 1392646, 88670256, 39302, 85484080, 170917958]] [616586425333.2079, [14214137.700000172, 191805207, 12275433555, 10680855, 12275130963, 24549657819]] [20836211500.0, [425898.6666666666, 6562107, 417716928, 820259, 333083840, 568569872]]
Model_cost: [62258442232.7027, [3731.3614864864867, 20247329, 1288904952, 3294625, 49400505, 124322]] [8029024932.0, [7899.0, 2556015, 163578660, 164463, 77870628, 1216827]] [313618510.0, [15.3125, 104020, 6247200, 13140, 6247200, 27210]] [5304577212.0, [2511.625, 1680616, 106002464, 38704, 103509152, 971600038]] [3363662104.0, [711.0, 1091974, 69427248, 174726, 7767792, 19803]] [602945994301.1998, [1465.2000000000003, 191805207, 12275433555, 10680855, 6137123727, 95892675]] [2348778074.0, [225.8125, 753787, 47652928, 115427, 25506688, 380560]]
Arch_Param: [32, 8192, 16384, 4, 1024, 128]
SK_cost: [72719473904.97298, [1465968.6351351351, 22816417, 1459298552, 1634113, 1168280760, 2312820257]] [8217560100.0, [194415.0, 2556015, 163578660, 164463, 163185444, 325586799]] [314242640.0, [6516.66666666657, 104020, 6247200, 13140, 6247200, 13130]] [5705475808.0, [111661.33333333023, 1783016, 113702944, 38704, 113702944, 210388252]] [4443631928.0, [87558.0, 1392646, 88670256, 39302, 85484080, 170917958]] [616586425333.2079, [14214137.700000172, 191805207, 12275433555, 10680855, 12275130963, 24549657819]] [20836211500.0, [425898.6666666666, 6562107, 417716928, 820259, 333083840, 568569872]]
Model_cost: [62258442232.7027, [3731.3614864864867, 20247329, 1288904952, 3294625, 49400505, 124322]] [8029024932.0, [7899.0, 2556015, 163578660, 164463, 77870628, 1216827]] [313618510.0, [15.3125, 104020, 6247200, 13140, 6247200, 27210]] [5304577212.0, [2511.625, 1680616, 106002464, 38704, 103509152, 971600038]] [3355404568.0, [711.0, 1091974, 69427248, 45702, 7767792, 119131]] [602945994301.1998, [1465.2000000000003, 191805207, 12275433555, 10680855, 6137123727, 95892675]] [2348318890.0, [221.3125, 753787, 47652928, 108259, 25506688, 396304]]
Arch_Param: [32, 8192, 16384, 4, 1024, 256]
SK_cost: [72719473904.97298, [1465968.6351351351, 22816417, 1459298552, 1634113, 1168280760, 2312820257]] [8217560100.0, [194415.0, 2556015, 163578660, 164463, 163185444, 325586799]] [314242640.0, [6516.66666666657, 104020, 6247200, 13140, 6247200, 13130]] [5705475808.0, [111661.33333333023, 1783016, 113702944, 38704, 113702944, 210388252]] [4443631928.0, [87558.0, 1392646, 88670256, 39302, 85484080, 170917958]] [616586425333.2079, [14214137.700000172, 191805207, 12275433555, 10680855, 12275130963, 24549657819]] [20836211500.0, [425898.6666666666, 6562107, 417716928, 820259, 333083840, 568569872]]
Model_cost: [62258442232.7027, [3731.3614864864867, 20247329, 1288904952, 3294625, 49400505, 124322]] [8029024932.0, [7899.0, 2556015, 163578660, 164463, 77870628, 1216827]] [313618510.0, [15.3125, 104020, 6247200, 13140, 6247200, 27210]] [5304577212.0, [2511.625, 1680616, 106002464, 38704, 103509152, 971600038]] [3355388824.0, [711.0, 1091974, 69427248, 43398, 7833648, 120286]] [602945994301.1998, [1465.2000000000003, 191805207, 12275433555, 10680855, 6137123727, 95892675]] [2348318890.0, [221.3125, 753787, 47652928, 108259, 25506688, 396304]]
Arch_Param: [32, 8192, 16384, 4, 1024, 512]
SK_cost: [72719473904.97298, [1465968.6351351351, 22816417, 1459298552, 1634113, 1168280760, 2312820257]] [8217560100.0, [194415.0, 2556015, 163578660, 164463, 163185444, 325586799]] [314242640.0, [6516.66666666657, 104020, 6247200, 13140, 6247200, 13130]] [5705475808.0, [111661.33333333023, 1783016, 113702944, 38704, 113702944, 210388252]] [4443631928.0, [87558.0, 1392646, 88670256, 39302, 85484080, 170917958]] [616586425333.2079, [14214137.700000172, 191805207, 12275433555, 10680855, 12275130963, 24549657819]] [20836211500.0, [425898.6666666666, 6562107, 417716928, 820259, 333083840, 568569872]]
Model_cost: [62158132432.7027, [3637.6114864864867, 20247329, 1288904952, 1727425, 49400505, 768162]] [8029024932.0, [7899.0, 2556015, 163578660, 164463, 77870628, 1216827]] [313618510.0, [15.3125, 104020, 6247200, 13140, 6247200, 27210]] [5304577212.0, [2511.625, 1680616, 106002464, 38704, 103509152, 971600038]] [3355051416.0, [711.0, 1091974, 69427248, 39302, 7796016, 121490]] [602945994301.1998, [1465.2000000000003, 191805207, 12275433555, 10680855, 6137123727, 95892675]] [2347991932.0, [215.5, 748987, 47652928, 103459, 25506688, 398416]]
Arch_Param: [32, 8192, 16384, 8, 256, 64]
SK_cost: [37904051354.48649, [760265.0675675676, 47352385, 757568376, 845281, 612138168, 1200535073]] [4303107108.0, [101871.0, 5333103, 85328676, 86895, 85328676, 169873263]] [315390280.0, [6516.66666666657, 390450, 6247200, 13170, 6247200, 13130]] [5726775240.0, [111661.33333333023, 7106434, 113702944, 38794, 113702944, 210388252]] [2230149432.0, [43782.0, 2772998, 44335152, 19654, 42754608, 85459014]] [309459257811.60394, [7107532.350000086, 383626383, 6138012243, 5340891, 6138012243, 12275420379]] [13997545008.0, [281557.3333333333, 17443052, 278762688, 474836, 244872384, 392146960]]
Model_cost: [32485741103.35135, [1911.9307432432433, 41814593, 668963704, 1706881, 49400505, 136610]] [4279127652.0, [7461.0, 5333103, 85328676, 86895, 77870628, 4866975]] [314766120.0, [15.0, 390450, 6247200, 13170, 6247200, 390410]] [5324402054.0, [2511.3125, 6635394, 106002464, 38794, 103509152, 971968092]] [1691974424.0, [359.0, 2171654, 34713648, 22854, 7767792, 475483]] [308775263283.5999, [1100.1000000000001, 383626383, 6138012243, 5340891, 6137123727, 383570187]] [1639572494.0, [134.3125, 2055020, 32839552, 62932, 25506688, 1579792]]
Arch_Param: [32, 8192, 16384, 8, 256, 128]
SK_cost: [37904051354.48649, [760265.0675675676, 47352385, 757568376, 845281, 612138168, 1200535073]] [4303107108.0, [101871.0, 5333103, 85328676, 86895, 85328676, 169873263]] [315390280.0, [6516.66666666657, 390450, 6247200, 13170, 6247200, 13130]] [5726775240.0, [111661.33333333023, 7106434, 113702944, 38794, 113702944, 210388252]] [2230149432.0, [43782.0, 2772998, 44335152, 19654, 42754608, 85459014]] [309459257811.60394, [7107532.350000086, 383626383, 6138012243, 5340891, 6138012243, 12275420379]] [13997545008.0, [281557.3333333333, 17443052, 278762688, 474836, 244872384, 392146960]]
Model_cost: [32485741103.35135, [1911.9307432432433, 41814593, 668963704, 1706881, 49400505, 136610]] [4279127652.0, [7461.0, 5333103, 85328676, 86895, 77870628, 4866975]] [314766120.0, [15.0, 390450, 6247200, 13170, 6247200, 390410]] [5324402054.0, [2511.3125, 6635394, 106002464, 38794, 103509152, 971968092]] [1691974424.0, [359.0, 2171654, 34713648, 22854, 7767792, 475483]] [308775263283.5999, [1100.1000000000001, 383626383, 6138012243, 5340891, 6137123727, 383570187]] [1639572494.0, [134.3125, 2055020, 32839552, 62932, 25506688, 1579792]]
Arch_Param: [32, 8192, 16384, 8, 256, 256]
SK_cost: [37904051354.48649, [760265.0675675676, 47352385, 757568376, 845281, 612138168, 1200535073]] [4303107108.0, [101871.0, 5333103, 85328676, 86895, 85328676, 169873263]] [315390280.0, [6516.66666666657, 390450, 6247200, 13170, 6247200, 13130]] [5726775240.0, [111661.33333333023, 7106434, 113702944, 38794, 113702944, 210388252]] [2230149432.0, [43782.0, 2772998, 44335152, 19654, 42754608, 85459014]] [309459257811.60394, [7107532.350000086, 383626383, 6138012243, 5340891, 6138012243, 12275420379]] [13997545008.0, [281557.3333333333, 17443052, 278762688, 474836, 244872384, 392146960]]
Model_cost: [32433582887.35135, [1893.1807432432433, 41814593, 668963704, 891937, 49400505, 3066018]] [4279127652.0, [7461.0, 5333103, 85328676, 86895, 77870628, 4866975]] [314766120.0, [15.0, 390450, 6247200, 13170, 6247200, 390410]] [5324402054.0, [2511.3125, 6635394, 106002464, 38794, 103509152, 971968092]] [1691826072.0, [359.0, 2171654, 34713648, 19654, 7796016, 485750]] [308775263283.5999, [1100.1000000000001, 383626383, 6138012243, 5340891, 6137123727, 383570187]] [1639412552.0, [132.25, 2055020, 32839552, 60436, 25506688, 1593424]]
Arch_Param: [32, 8192, 16384, 8, 512, 64]
SK_cost: [37809345766.48649, [760265.0675675676, 23676452, 757568376, 845252, 612138168, 1200535073]] [4292441124.0, [101871.0, 2666607, 85328676, 86895, 85328676, 169873263]] [314608120.0, [6516.66666666657, 195230, 6247200, 13150, 6247200, 13130]] [5712558552.0, [111661.33333333023, 3553222, 113702944, 38734, 113702944, 210388252]] [2224611640.0, [43782.0, 1388550, 44335152, 19654, 42754608, 85459014]] [308692006899.60394, [7107532.350000086, 191813655, 6138012243, 5340891, 6138012243, 12275420379]] [13962651352.0, [281557.3333333333, 8721526, 278762688, 474718, 244872384, 392146960]]
Model_cost: [32402111099.35135, [1911.9307432432433, 20907556, 668963704, 1706852, 49400505, 128418]] [4268461668.0, [7461.0, 2666607, 85328676, 86895, 77870628, 2433543]] [313983960.0, [15.0, 195230, 6247200, 13150, 6247200, 195210]] [5311168406.0, [2511.3125, 3327942, 106002464, 38734, 103509152, 971769656]] [1687639320.0, [359.0, 1087878, 34713648, 22854, 7767792, 237915]] [308008012371.5999, [1100.1000000000001, 191813655, 6138012243, 5340891, 6137123727, 191785179]] [1635454902.0, [134.3125, 1027510, 32839552, 62814, 25506688, 790800]]
Arch_Param: [32, 8192, 16384, 8, 512, 128]
SK_cost: [37809345766.48649, [760265.0675675676, 23676452, 757568376, 845252, 612138168, 1200535073]] [4292441124.0, [101871.0, 2666607, 85328676, 86895, 85328676, 169873263]] [314608120.0, [6516.66666666657, 195230, 6247200, 13150, 6247200, 13130]] [5712558552.0, [111661.33333333023, 3553222, 113702944, 38734, 113702944, 210388252]] [2224611640.0, [43782.0, 1388550, 44335152, 19654, 42754608, 85459014]] [308692006899.60394, [7107532.350000086, 191813655, 6138012243, 5340891, 6138012243, 12275420379]] [13962651352.0, [281557.3333333333, 8721526, 278762688, 474718, 244872384, 392146960]]
Model_cost: [32402111099.35135, [1911.9307432432433, 20907556, 668963704, 1706852, 49400505, 128418]] [4268461668.0, [7461.0, 2666607, 85328676, 86895, 77870628, 2433543]] [313983960.0, [15.0, 195230, 6247200, 13150, 6247200, 195210]] [5311168406.0, [2511.3125, 3327942, 106002464, 38734, 103509152, 971769656]] [1687639320.0, [359.0, 1087878, 34713648, 22854, 7767792, 237915]] [308008012371.5999, [1100.1000000000001, 191813655, 6138012243, 5340891, 6137123727, 191785179]] [1635454902.0, [134.3125, 1027510, 32839552, 62814, 25506688, 790800]]
Arch_Param: [32, 8192, 16384, 8, 512, 256]
SK_cost: [37809345766.48649, [760265.0675675676, 23676452, 757568376, 845252, 612138168, 1200535073]] [4292441124.0, [101871.0, 2666607, 85328676, 86895, 85328676, 169873263]] [314608120.0, [6516.66666666657, 195230, 6247200, 13150, 6247200, 13130]] [5712558552.0, [111661.33333333023, 3553222, 113702944, 38734, 113702944, 210388252]] [2224611640.0, [43782.0, 1388550, 44335152, 19654, 42754608, 85459014]] [308692006899.60394, [7107532.350000086, 191813655, 6138012243, 5340891, 6138012243, 12275420379]] [13962651352.0, [281557.3333333333, 8721526, 278762688, 474718, 244872384, 392146960]]
Model_cost: [32349952883.35135, [1893.1807432432433, 20907556, 668963704, 891908, 49400505, 1534114]] [4268461668.0, [7461.0, 2666607, 85328676, 86895, 77870628, 2433543]] [313983960.0, [15.0, 195230, 6247200, 13150, 6247200, 195210]] [5311168406.0, [2511.3125, 3327942, 106002464, 38734, 103509152, 971769656]] [1687490968.0, [359.0, 1087878, 34713648, 19654, 7796016, 242910]] [308008012371.5999, [1100.1000000000001, 191813655, 6138012243, 5340891, 6137123727, 191785179]] [1635294960.0, [132.25, 1027510, 32839552, 60318, 25506688, 796752]]
Arch_Param: [32, 8192, 16384, 8, 512, 512]
SK_cost: [37809345766.48649, [760265.0675675676, 23676452, 757568376, 845252, 612138168, 1200535073]] [4292441124.0, [101871.0, 2666607, 85328676, 86895, 85328676, 169873263]] [314608120.0, [6516.66666666657, 195230, 6247200, 13150, 6247200, 13130]] [5712558552.0, [111661.33333333023, 3553222, 113702944, 38734, 113702944, 210388252]] [2224611640.0, [43782.0, 1388550, 44335152, 19654, 42754608, 85459014]] [308692006899.60394, [7107532.350000086, 191813655, 6138012243, 5340891, 6138012243, 12275420379]] [13962651352.0, [281557.3333333333, 8721526, 278762688, 474718, 244872384, 392146960]]
Model_cost: [32349952883.35135, [1893.1807432432433, 20907556, 668963704, 891908, 49400505, 1534114]] [4268461668.0, [7461.0, 2666607, 85328676, 86895, 77870628, 2433543]] [313983960.0, [15.0, 195230, 6247200, 13150, 6247200, 195210]] [5311168406.0, [2511.3125, 3327942, 106002464, 38734, 103509152, 971769656]] [1687453336.0, [359.0, 1087878, 34713648, 19654, 7777200, 242322]] [308008012371.5999, [1100.1000000000001, 191813655, 6138012243, 5340891, 6137123727, 191785179]] [1635294960.0, [132.25, 1027510, 32839552, 60318, 25506688, 796752]]
Arch_Param: [32, 8192, 16384, 8, 1024, 64]
SK_cost: [37762018586.48649, [760265.0675675676, 11844705, 757568376, 845249, 612138168, 1200535073]] [4287108132.0, [101871.0, 1333359, 85328676, 86895, 85328676, 169873263]] [314242640.0, [6516.66666666657, 104020, 6247200, 13140, 6247200, 13130]] [5705475808.0, [111661.33333333023, 1783016, 113702944, 38704, 113702944, 210388252]] [2221842744.0, [43782.0, 696326, 44335152, 19654, 42754608, 85459014]] [308308381443.60394, [7107532.350000086, 95907291, 6138012243, 5340891, 6138012243, 12275420379]] [13945254700.0, [281557.3333333333, 4373307, 278762688, 474659, 244872384, 392146960]]
Model_cost: [32360508335.35135, [1911.9307432432433, 10506913, 668963704, 1706849, 49400505, 124322]] [4263128676.0, [7461.0, 1333359, 85328676, 86895, 77870628, 1216827]] [313618510.0, [15.3125, 104020, 6247200, 13140, 6247200, 27210]] [5304577212.0, [2511.625, 1680616, 106002464, 38704, 103509152, 971600038]] [1685471768.0, [359.0, 545990, 34713648, 22854, 7767792, 119131]] [307624386915.5999, [1100.1000000000001, 95907291, 6138012243, 5340891, 6137123727, 95892675]] [1633412362.0, [134.3125, 517819, 32839552, 62755, 25506688, 396304]]
Arch_Param: [32, 8192, 16384, 8, 1024, 128]
SK_cost: [37762018586.48649, [760265.0675675676, 11844705, 757568376, 845249, 612138168, 1200535073]] [4287108132.0, [101871.0, 1333359, 85328676, 86895, 85328676, 169873263]] [314242640.0, [6516.66666666657, 104020, 6247200, 13140, 6247200, 13130]] [5705475808.0, [111661.33333333023, 1783016, 113702944, 38704, 113702944, 210388252]] [2221842744.0, [43782.0, 696326, 44335152, 19654, 42754608, 85459014]] [308308381443.60394, [7107532.350000086, 95907291, 6138012243, 5340891, 6138012243, 12275420379]] [13945254700.0, [281557.3333333333, 4373307, 278762688, 474659, 244872384, 392146960]]
Model_cost: [32360508335.35135, [1911.9307432432433, 10506913, 668963704, 1706849, 49400505, 124322]] [4263128676.0, [7461.0, 1333359, 85328676, 86895, 77870628, 1216827]] [313618510.0, [15.3125, 104020, 6247200, 13140, 6247200, 27210]] [5304577212.0, [2511.625, 1680616, 106002464, 38704, 103509152, 971600038]] [1685471768.0, [359.0, 545990, 34713648, 22854, 7767792, 119131]] [307624386915.5999, [1100.1000000000001, 95907291, 6138012243, 5340891, 6137123727, 95892675]] [1633412362.0, [134.3125, 517819, 32839552, 62755, 25506688, 396304]]
Arch_Param: [32, 8192, 16384, 8, 1024, 256]
SK_cost: [37762018586.48649, [760265.0675675676, 11844705, 757568376, 845249, 612138168, 1200535073]] [4287108132.0, [101871.0, 1333359, 85328676, 86895, 85328676, 169873263]] [314242640.0, [6516.66666666657, 104020, 6247200, 13140, 6247200, 13130]] [5705475808.0, [111661.33333333023, 1783016, 113702944, 38704, 113702944, 210388252]] [2221842744.0, [43782.0, 696326, 44335152, 19654, 42754608, 85459014]] [308308381443.60394, [7107532.350000086, 95907291, 6138012243, 5340891, 6138012243, 12275420379]] [13945254700.0, [281557.3333333333, 4373307, 278762688, 474659, 244872384, 392146960]]
Model_cost: [32308350119.35135, [1893.1807432432433, 10506913, 668963704, 891905, 49400505, 768162]] [4263128676.0, [7461.0, 1333359, 85328676, 86895, 77870628, 1216827]] [313618510.0, [15.3125, 104020, 6247200, 13140, 6247200, 27210]] [5304577212.0, [2511.625, 1680616, 106002464, 38704, 103509152, 971600038]] [1685323416.0, [359.0, 545990, 34713648, 19654, 7796016, 121490]] [307624386915.5999, [1100.1000000000001, 95907291, 6138012243, 5340891, 6137123727, 95892675]] [1633242436.0, [132.25, 515323, 32839552, 60259, 25506688, 398416]]
Arch_Param: [32, 8192, 16384, 8, 1024, 512]
SK_cost: [37762018586.48649, [760265.0675675676, 11844705, 757568376, 845249, 612138168, 1200535073]] [4287108132.0, [101871.0, 1333359, 85328676, 86895, 85328676, 169873263]] [314242640.0, [6516.66666666657, 104020, 6247200, 13140, 6247200, 13130]] [5705475808.0, [111661.33333333023, 1783016, 113702944, 38704, 113702944, 210388252]] [2221842744.0, [43782.0, 696326, 44335152, 19654, 42754608, 85459014]] [308308381443.60394, [7107532.350000086, 95907291, 6138012243, 5340891, 6138012243, 12275420379]] [13945254700.0, [281557.3333333333, 4373307, 278762688, 474659, 244872384, 392146960]]
Model_cost: [32308350119.35135, [1893.1807432432433, 10506913, 668963704, 891905, 49400505, 768162]] [4263128676.0, [7461.0, 1333359, 85328676, 86895, 77870628, 1216827]] [313618510.0, [15.3125, 104020, 6247200, 13140, 6247200, 27210]] [5304577212.0, [2511.625, 1680616, 106002464, 38704, 103509152, 971600038]] [1685285784.0, [359.0, 545990, 34713648, 19654, 7777200, 121196]] [307624386915.5999, [1100.1000000000001, 95907291, 6138012243, 5340891, 6137123727, 95892675]] [1633242436.0, [132.25, 515323, 32839552, 60259, 25506688, 398416]]
Arch_Param: [32, 8192, 16384, 16, 256, 64]
SK_cost: [20366142383.243244, [407585.2837837838, 25429697, 406836408, 451617, 334122168, 644503073]] [4303107108.0, [101871.0, 5333103, 85328676, 86895, 85328676, 169873263]] [315390280.0, [6516.66666666657, 390450, 6247200, 13170, 6247200, 13130]] [5726775240.0, [111661.33333333023, 7106434, 113702944, 38794, 113702944, 210388252]] [1115101496.0, [21894.0, 1386502, 22167600, 9830, 21389872, 42729542]] [309459257811.60394, [7107532.350000086, 383626383, 6138012243, 5340891, 6138012243, 12275420379]] [11917315632.0, [236309.33333333334, 14813420, 236848320, 329428, 222786752, 347975696]]
Model_cost: [17485240931.675674, [1085.8091216216217, 22447809, 359126200, 913857, 49400505, 136610]] [4279127652.0, [7461.0, 5333103, 85328676, 86895, 77870628, 4866975]] [314766120.0, [15.0, 390450, 6247200, 13170, 6247200, 390410]] [5324402054.0, [2511.3125, 6635394, 106002464, 38794, 103509152, 971968092]] [853756696.0, [183.0, 1085830, 17356848, 11430, 7767792, 475483]] [308775263283.5999, [1100.1000000000001, 383626383, 6138012243, 5340891, 6137123727, 383570187]] [1429800506.0, [97.4375, 1783660, 28517760, 43604, 25506688, 1579792]]
Arch_Param: [32, 8192, 16384, 16, 256, 128]
SK_cost: [20366142383.243244, [407585.2837837838, 25429697, 406836408, 451617, 334122168, 644503073]] [4303107108.0, [101871.0, 5333103, 85328676, 86895, 85328676, 169873263]] [315390280.0, [6516.66666666657, 390450, 6247200, 13170, 6247200, 13130]] [5726775240.0, [111661.33333333023, 7106434, 113702944, 38794, 113702944, 210388252]] [1115101496.0, [21894.0, 1386502, 22167600, 9830, 21389872, 42729542]] [309459257811.60394, [7107532.350000086, 383626383, 6138012243, 5340891, 6138012243, 12275420379]] [11917315632.0, [236309.33333333334, 14813420, 236848320, 329428, 222786752, 347975696]]
Model_cost: [17457151307.675674, [1029.5591216216217, 22447809, 359126200, 475041, 49400505, 3066018]] [4279127652.0, [7461.0, 5333103, 85328676, 86895, 77870628, 4866975]] [314766120.0, [15.0, 390450, 6247200, 13170, 6247200, 390410]] [5324402054.0, [2511.3125, 6635394, 106002464, 38794, 103509152, 971968092]] [853691160.0, [183.0, 1085830, 17356848, 10406, 7767792, 483419]] [308775263283.5999, [1100.1000000000001, 383626383, 6138012243, 5340891, 6137123727, 383570187]] [1429714472.0, [97.25, 1783660, 28517760, 42260, 25506688, 1593424]]
Arch_Param: [32, 8192, 16384, 16, 256, 256]
SK_cost: [20366142383.243244, [407585.2837837838, 25429697, 406836408, 451617, 334122168, 644503073]] [4303107108.0, [101871.0, 5333103, 85328676, 86895, 85328676, 169873263]] [315390280.0, [6516.66666666657, 390450, 6247200, 13170, 6247200, 13130]] [5726775240.0, [111661.33333333023, 7106434, 113702944, 38794, 113702944, 210388252]] [1115101496.0, [21894.0, 1386502, 22167600, 9830, 21389872, 42729542]] [309459257811.60394, [7107532.350000086, 383626383, 6138012243, 5340891, 6138012243, 12275420379]] [11917315632.0, [236309.33333333334, 14813420, 236848320, 329428, 222786752, 347975696]]
Model_cost: [17457151307.675674, [1029.5591216216217, 22447809, 359126200, 475041, 49400505, 3066018]] [4279127652.0, [7461.0, 5333103, 85328676, 86895, 77870628, 4866975]] [314766120.0, [15.0, 390450, 6247200, 13170, 6247200, 390410]] [5324402054.0, [2511.3125, 6635394, 106002464, 38794, 103509152, 971968092]] [853673112.0, [183.0, 1085830, 17356848, 9830, 7777200, 484574]] [308775263283.5999, [1100.1000000000001, 383626383, 6138012243, 5340891, 6137123727, 383570187]] [1429714472.0, [97.25, 1783660, 28517760, 42260, 25506688, 1593424]]
Arch_Param: [32, 8192, 16384, 16, 512, 64]
SK_cost: [20315282171.243244, [407585.2837837838, 12715108, 406836408, 451588, 334122168, 644503073]] [4292441124.0, [101871.0, 2666607, 85328676, 86895, 85328676, 169873263]] [314608120.0, [6516.66666666657, 195230, 6247200, 13150, 6247200, 13130]] [5712558552.0, [111661.33333333023, 3553222, 113702944, 38734, 113702944, 210388252]] [1112332600.0, [21894.0, 694278, 22167600, 9830, 21389872, 42729542]] [308692006899.60394, [7107532.350000086, 191813655, 6138012243, 5340891, 6138012243, 12275420379]] [11887681240.0, [236309.33333333334, 7406710, 236848320, 329310, 222786752, 347975696]]
Model_cost: [17440344495.675674, [1085.8091216216217, 11224164, 359126200, 913828, 49400505, 128418]] [4268461668.0, [7461.0, 2666607, 85328676, 86895, 77870628, 2433543]] [313983960.0, [15.0, 195230, 6247200, 13150, 6247200, 195210]] [5311168406.0, [2511.3125, 3327942, 106002464, 38734, 103509152, 971769656]] [851589144.0, [183.0, 543942, 17356848, 11430, 7767792, 237915]] [308008012371.5999, [1100.1000000000001, 191813655, 6138012243, 5340891, 6137123727, 191785179]] [1426225634.0, [97.4375, 891830, 28517760, 43486, 25506688, 790800]]
Arch_Param: [32, 8192, 16384, 16, 512, 128]
SK_cost: [20315282171.243244, [407585.2837837838, 12715108, 406836408, 451588, 334122168, 644503073]] [4292441124.0, [101871.0, 2666607, 85328676, 86895, 85328676, 169873263]] [314608120.0, [6516.66666666657, 195230, 6247200, 13150, 6247200, 13130]] [5712558552.0, [111661.33333333023, 3553222, 113702944, 38734, 113702944, 210388252]] [1112332600.0, [21894.0, 694278, 22167600, 9830, 21389872, 42729542]] [308692006899.60394, [7107532.350000086, 191813655, 6138012243, 5340891, 6138012243, 12275420379]] [11887681240.0, [236309.33333333334, 7406710, 236848320, 329310, 222786752, 347975696]]
Model_cost: [17412254871.675674, [1029.5591216216217, 11224164, 359126200, 475012, 49400505, 1534114]] [4268461668.0, [7461.0, 2666607, 85328676, 86895, 77870628, 2433543]] [313983960.0, [15.0, 195230, 6247200, 13150, 6247200, 195210]] [5311168406.0, [2511.3125, 3327942, 106002464, 38734, 103509152, 971769656]] [851523608.0, [183.0, 543942, 17356848, 10406, 7767792, 241755]] [308008012371.5999, [1100.1000000000001, 191813655, 6138012243, 5340891, 6137123727, 191785179]] [1426139600.0, [97.25, 891830, 28517760, 42142, 25506688, 796752]]
Arch_Param: [32, 8192, 16384, 16, 512, 256]
SK_cost: [20315282171.243244, [407585.2837837838, 12715108, 406836408, 451588, 334122168, 644503073]] [4292441124.0, [101871.0, 2666607, 85328676, 86895, 85328676, 169873263]] [314608120.0, [6516.66666666657, 195230, 6247200, 13150, 6247200, 13130]] [5712558552.0, [111661.33333333023, 3553222, 113702944, 38734, 113702944, 210388252]] [1112332600.0, [21894.0, 694278, 22167600, 9830, 21389872, 42729542]] [308692006899.60394, [7107532.350000086, 191813655, 6138012243, 5340891, 6138012243, 12275420379]] [11887681240.0, [236309.33333333334, 7406710, 236848320, 329310, 222786752, 347975696]]
Model_cost: [17412254871.675674, [1029.5591216216217, 11224164, 359126200, 475012, 49400505, 1534114]] [4268461668.0, [7461.0, 2666607, 85328676, 86895, 77870628, 2433543]] [313983960.0, [15.0, 195230, 6247200, 13150, 6247200, 195210]] [5311168406.0, [2511.3125, 3327942, 106002464, 38734, 103509152, 971769656]] [851505560.0, [183.0, 543942, 17356848, 9830, 7777200, 242322]] [308008012371.5999, [1100.1000000000001, 191813655, 6138012243, 5340891, 6137123727, 191785179]] [1426139600.0, [97.25, 891830, 28517760, 42142, 25506688, 796752]]
Arch_Param: [32, 8192, 16384, 16, 512, 512]
SK_cost: [20315282171.243244, [407585.2837837838, 12715108, 406836408, 451588, 334122168, 644503073]] [4292441124.0, [101871.0, 2666607, 85328676, 86895, 85328676, 169873263]] [314608120.0, [6516.66666666657, 195230, 6247200, 13150, 6247200, 13130]] [5712558552.0, [111661.33333333023, 3553222, 113702944, 38734, 113702944, 210388252]] [1112332600.0, [21894.0, 694278, 22167600, 9830, 21389872, 42729542]] [308692006899.60394, [7107532.350000086, 191813655, 6138012243, 5340891, 6138012243, 12275420379]] [11887681240.0, [236309.33333333334, 7406710, 236848320, 329310, 222786752, 347975696]]
Model_cost: [17411947113.675674, [1023.7466216216217, 11224164, 359126200, 470212, 49400505, 1540706]] [4268461668.0, [7461.0, 2666607, 85328676, 86895, 77870628, 2433543]] [313983960.0, [15.0, 195230, 6247200, 13150, 6247200, 195210]] [5311168406.0, [2511.3125, 3327942, 106002464, 38734, 103509152, 971769656]] [851486744.0, [183.0, 543942, 17356848, 9830, 7767792, 242028]] [308008012371.5999, [1100.1000000000001, 191813655, 6138012243, 5340891, 6137123727, 191785179]] [1426139600.0, [97.25, 891830, 28517760, 42142, 25506688, 796752]]
Arch_Param: [32, 8192, 16384, 16, 1024, 64]
SK_cost: [20289865263.243244, [407585.2837837838, 6360929, 406836408, 451585, 334122168, 644503073]] [4287108132.0, [101871.0, 1333359, 85328676, 86895, 85328676, 169873263]] [314242640.0, [6516.66666666657, 104020, 6247200, 13140, 6247200, 13130]] [5705475808.0, [111661.33333333023, 1783016, 113702944, 38704, 113702944, 210388252]] [1110948152.0, [21894.0, 348166, 22167600, 9830, 21389872, 42729542]] [308308381443.60394, [7107532.350000086, 95907291, 6138012243, 5340891, 6138012243, 12275420379]] [11872889644.0, [236309.33333333334, 3709755, 236848320, 329251, 222786752, 347975696]]
Model_cost: [17418003171.675674, [1085.8091216216217, 5638881, 359126200, 913825, 49400505, 124322]] [4263128676.0, [7461.0, 1333359, 85328676, 86895, 77870628, 1216827]] [313618510.0, [15.3125, 104020, 6247200, 13140, 6247200, 27210]] [5304577212.0, [2511.625, 1680616, 106002464, 38704, 103509152, 971600038]] [850505368.0, [183.0, 272998, 17356848, 11430, 7767792, 119131]] [307624386915.5999, [1100.1000000000001, 95907291, 6138012243, 5340891, 6137123727, 95892675]] [1424446774.0, [97.4375, 448059, 28517760, 43427, 25506688, 396304]]
Arch_Param: [32, 8192, 16384, 16, 1024, 128]
SK_cost: [20289865263.243244, [407585.2837837838, 6360929, 406836408, 451585, 334122168, 644503073]] [4287108132.0, [101871.0, 1333359, 85328676, 86895, 85328676, 169873263]] [314242640.0, [6516.66666666657, 104020, 6247200, 13140, 6247200, 13130]] [5705475808.0, [111661.33333333023, 1783016, 113702944, 38704, 113702944, 210388252]] [1110948152.0, [21894.0, 348166, 22167600, 9830, 21389872, 42729542]] [308308381443.60394, [7107532.350000086, 95907291, 6138012243, 5340891, 6138012243, 12275420379]] [11872889644.0, [236309.33333333334, 3709755, 236848320, 329251, 222786752, 347975696]]
Model_cost: [17389913547.675674, [1029.5591216216217, 5638881, 359126200, 475009, 49400505, 768162]] [4263128676.0, [7461.0, 1333359, 85328676, 86895, 77870628, 1216827]] [313618510.0, [15.3125, 104020, 6247200, 13140, 6247200, 27210]] [5304577212.0, [2511.625, 1680616, 106002464, 38704, 103509152, 971600038]] [850439832.0, [183.0, 272998, 17356848, 10406, 7767792, 120923]] [307624386915.5999, [1100.1000000000001, 95907291, 6138012243, 5340891, 6137123727, 95892675]] [1424355364.0, [97.25, 446715, 28517760, 42083, 25506688, 398416]]
Arch_Param: [32, 8192, 16384, 16, 1024, 256]
SK_cost: [20289865263.243244, [407585.2837837838, 6360929, 406836408, 451585, 334122168, 644503073]] [4287108132.0, [101871.0, 1333359, 85328676, 86895, 85328676, 169873263]] [314242640.0, [6516.66666666657, 104020, 6247200, 13140, 6247200, 13130]] [5705475808.0, [111661.33333333023, 1783016, 113702944, 38704, 113702944, 210388252]] [1110948152.0, [21894.0, 348166, 22167600, 9830, 21389872, 42729542]] [308308381443.60394, [7107532.350000086, 95907291, 6138012243, 5340891, 6138012243, 12275420379]] [11872889644.0, [236309.33333333334, 3709755, 236848320, 329251, 222786752, 347975696]]
Model_cost: [17389913547.675674, [1029.5591216216217, 5638881, 359126200, 475009, 49400505, 768162]] [4263128676.0, [7461.0, 1333359, 85328676, 86895, 77870628, 1216827]] [313618510.0, [15.3125, 104020, 6247200, 13140, 6247200, 27210]] [5304577212.0, [2511.625, 1680616, 106002464, 38704, 103509152, 971600038]] [850421784.0, [183.0, 272998, 17356848, 9830, 7777200, 121196]] [307624386915.5999, [1100.1000000000001, 95907291, 6138012243, 5340891, 6137123727, 95892675]] [1424355364.0, [97.25, 446715, 28517760, 42083, 25506688, 398416]]
Arch_Param: [32, 8192, 16384, 16, 1024, 512]
SK_cost: [20289865263.243244, [407585.2837837838, 6360929, 406836408, 451585, 334122168, 644503073]] [4287108132.0, [101871.0, 1333359, 85328676, 86895, 85328676, 169873263]] [314242640.0, [6516.66666666657, 104020, 6247200, 13140, 6247200, 13130]] [5705475808.0, [111661.33333333023, 1783016, 113702944, 38704, 113702944, 210388252]] [1110948152.0, [21894.0, 348166, 22167600, 9830, 21389872, 42729542]] [308308381443.60394, [7107532.350000086, 95907291, 6138012243, 5340891, 6138012243, 12275420379]] [11872889644.0, [236309.33333333334, 3709755, 236848320, 329251, 222786752, 347975696]]
Model_cost: [17389586589.675674, [1023.7466216216217, 5634081, 359126200, 470209, 49400505, 770594]] [4263128676.0, [7461.0, 1333359, 85328676, 86895, 77870628, 1216827]] [313618510.0, [15.3125, 104020, 6247200, 13140, 6247200, 27210]] [5304577212.0, [2511.625, 1680616, 106002464, 38704, 103509152, 971600038]] [850402968.0, [183.0, 272998, 17356848, 9830, 7767792, 121049]] [307624386915.5999, [1100.1000000000001, 95907291, 6138012243, 5340891, 6137123727, 95892675]] [1424355364.0, [97.25, 446715, 28517760, 42083, 25506688, 398416]]
Arch_Param: [32, 8192, 16384, 32, 256, 64]
SK_cost: [11600025740.64865, [231342.25675675675, 14471873, 231526584, 254913, 195169464, 366597665]] [4303107108.0, [101871.0, 5333103, 85328676, 86895, 85328676, 169873263]] [315390280.0, [6516.66666666657, 390450, 6247200, 13170, 6247200, 13130]] [5726775240.0, [111661.33333333023, 7106434, 113702944, 38794, 113702944, 210388252]] [557577528.0, [10950.0, 693254, 11083824, 4918, 10707504, 21364806]] [309459257811.60394, [7107532.350000086, 383626383, 6138012243, 5340891, 6138012243, 12275420379]] [10877200944.0, [213685.3333333333, 13498604, 215891136, 256724, 211743936, 325890064]]
Model_cost: [9971658847.135136, [589.7618243243244, 12767937, 204263608, 266817, 49400505, 3066018]] [4279127652.0, [7461.0, 5333103, 85328676, 86895, 77870628, 4866975]] [314766120.0, [15.0, 390450, 6247200, 13170, 6247200, 390410]] [5324402054.0, [2511.3125, 6635394, 106002464, 38794, 103509152, 971968092]] [434615064.0, [95.0, 542918, 8678448, 5206, 7767792, 483419]] [308775263283.5999, [1100.1000000000001, 383626383, 6138012243, 5340891, 6137123727, 383570187]] [1324865432.0, [79.75, 1647980, 26356864, 33172, 25506688, 1593424]]
Arch_Param: [32, 8192, 16384, 32, 256, 128]
SK_cost: [11600025740.64865, [231342.25675675675, 14471873, 231526584, 254913, 195169464, 366597665]] [4303107108.0, [101871.0, 5333103, 85328676, 86895, 85328676, 169873263]] [315390280.0, [6516.66666666657, 390450, 6247200, 13170, 6247200, 13130]] [5726775240.0, [111661.33333333023, 7106434, 113702944, 38794, 113702944, 210388252]] [557577528.0, [10950.0, 693254, 11083824, 4918, 10707504, 21364806]] [309459257811.60394, [7107532.350000086, 383626383, 6138012243, 5340891, 6138012243, 12275420379]] [10877200944.0, [213685.3333333333, 13498604, 215891136, 256724, 211743936, 325890064]]
Model_cost: [9971658847.135136, [589.7618243243244, 12767937, 204263608, 266817, 49400505, 3066018]] [4279127652.0, [7461.0, 5333103, 85328676, 86895, 77870628, 4866975]] [314766120.0, [15.0, 390450, 6247200, 13170, 6247200, 390410]] [5324402054.0, [2511.3125, 6635394, 106002464, 38794, 103509152, 971968092]] [434615064.0, [95.0, 542918, 8678448, 5206, 7767792, 483419]] [308775263283.5999, [1100.1000000000001, 383626383, 6138012243, 5340891, 6137123727, 383570187]] [1324865432.0, [79.75, 1647980, 26356864, 33172, 25506688, 1593424]]
Arch_Param: [32, 8192, 16384, 32, 256, 256]
SK_cost: [11600025740.64865, [231342.25675675675, 14471873, 231526584, 254913, 195169464, 366597665]] [4303107108.0, [101871.0, 5333103, 85328676, 86895, 85328676, 169873263]] [315390280.0, [6516.66666666657, 390450, 6247200, 13170, 6247200, 13130]] [5726775240.0, [111661.33333333023, 7106434, 113702944, 38794, 113702944, 210388252]] [557577528.0, [10950.0, 693254, 11083824, 4918, 10707504, 21364806]] [309459257811.60394, [7107532.350000086, 383626383, 6138012243, 5340891, 6138012243, 12275420379]] [10877200944.0, [213685.3333333333, 13498604, 215891136, 256724, 211743936, 325890064]]
Model_cost: [9971498905.135136, [587.6993243243244, 12767937, 204263608, 264321, 49400505, 3080930]] [4279127652.0, [7461.0, 5333103, 85328676, 86895, 77870628, 4866975]] [314766120.0, [15.0, 390450, 6247200, 13170, 6247200, 390410]] [5324402054.0, [2511.3125, 6635394, 106002464, 38794, 103509152, 971968092]] [434596632.0, [95.0, 542918, 8678448, 4918, 7767792, 483986]] [308775263283.5999, [1100.1000000000001, 383626383, 6138012243, 5340891, 6137123727, 383570187]] [1324865432.0, [79.75, 1647980, 26356864, 33172, 25506688, 1593424]]
Arch_Param: [32, 8192, 16384, 32, 512, 64]
SK_cost: [11571081176.64865, [231342.25675675675, 7236196, 231526584, 254884, 195169464, 366597665]] [4292441124.0, [101871.0, 2666607, 85328676, 86895, 85328676, 169873263]] [314608120.0, [6516.66666666657, 195230, 6247200, 13150, 6247200, 13130]] [5712558552.0, [111661.33333333023, 3553222, 113702944, 38734, 113702944, 210388252]] [556193080.0, [10950.0, 347142, 11083824, 4918, 10707504, 21364806]] [308692006899.60394, [7107532.350000086, 191813655, 6138012243, 5340891, 6138012243, 12275420379]] [10850196184.0, [213685.3333333333, 6749302, 215891136, 256606, 211743936, 325890064]]
Model_cost: [9946122155.135136, [589.7618243243244, 6384228, 204263608, 266788, 49400505, 1534114]] [4268461668.0, [7461.0, 2666607, 85328676, 86895, 77870628, 2433543]] [313983960.0, [15.0, 195230, 6247200, 13150, 6247200, 195210]] [5311168406.0, [2511.3125, 3327942, 106002464, 38734, 103509152, 971769656]] [433531288.0, [95.0, 271974, 8678448, 5206, 7767792, 241755]] [308008012371.5999, [1100.1000000000001, 191813655, 6138012243, 5340891, 6137123727, 191785179]] [1321561920.0, [79.75, 823990, 26356864, 33054, 25506688, 796752]]
Arch_Param: [32, 8192, 16384, 32, 512, 128]
SK_cost: [11571081176.64865, [231342.25675675675, 7236196, 231526584, 254884, 195169464, 366597665]] [4292441124.0, [101871.0, 2666607, 85328676, 86895, 85328676, 169873263]] [314608120.0, [6516.66666666657, 195230, 6247200, 13150, 6247200, 13130]] [5712558552.0, [111661.33333333023, 3553222, 113702944, 38734, 113702944, 210388252]] [556193080.0, [10950.0, 347142, 11083824, 4918, 10707504, 21364806]] [308692006899.60394, [7107532.350000086, 191813655, 6138012243, 5340891, 6138012243, 12275420379]] [10850196184.0, [213685.3333333333, 6749302, 215891136, 256606, 211743936, 325890064]]
Model_cost: [9946122155.135136, [589.7618243243244, 6384228, 204263608, 266788, 49400505, 1534114]] [4268461668.0, [7461.0, 2666607, 85328676, 86895, 77870628, 2433543]] [313983960.0, [15.0, 195230, 6247200, 13150, 6247200, 195210]] [5311168406.0, [2511.3125, 3327942, 106002464, 38734, 103509152, 971769656]] [433531288.0, [95.0, 271974, 8678448, 5206, 7767792, 241755]] [308008012371.5999, [1100.1000000000001, 191813655, 6138012243, 5340891, 6137123727, 191785179]] [1321561920.0, [79.75, 823990, 26356864, 33054, 25506688, 796752]]
Arch_Param: [32, 8192, 16384, 32, 512, 256]
SK_cost: [11571081176.64865, [231342.25675675675, 7236196, 231526584, 254884, 195169464, 366597665]] [4292441124.0, [101871.0, 2666607, 85328676, 86895, 85328676, 169873263]] [314608120.0, [6516.66666666657, 195230, 6247200, 13150, 6247200, 13130]] [5712558552.0, [111661.33333333023, 3553222, 113702944, 38734, 113702944, 210388252]] [556193080.0, [10950.0, 347142, 11083824, 4918, 10707504, 21364806]] [308692006899.60394, [7107532.350000086, 191813655, 6138012243, 5340891, 6138012243, 12275420379]] [10850196184.0, [213685.3333333333, 6749302, 215891136, 256606, 211743936, 325890064]]
Model_cost: [9945962213.135136, [587.6993243243244, 6384228, 204263608, 264292, 49400505, 1540706]] [4268461668.0, [7461.0, 2666607, 85328676, 86895, 77870628, 2433543]] [313983960.0, [15.0, 195230, 6247200, 13150, 6247200, 195210]] [5311168406.0, [2511.3125, 3327942, 106002464, 38734, 103509152, 971769656]] [433512856.0, [95.0, 271974, 8678448, 4918, 7767792, 242028]] [308008012371.5999, [1100.1000000000001, 191813655, 6138012243, 5340891, 6137123727, 191785179]] [1321561920.0, [79.75, 823990, 26356864, 33054, 25506688, 796752]]
Arch_Param: [32, 8192, 16384, 32, 512, 512]
SK_cost: [11571081176.64865, [231342.25675675675, 7236196, 231526584, 254884, 195169464, 366597665]] [4292441124.0, [101871.0, 2666607, 85328676, 86895, 85328676, 169873263]] [314608120.0, [6516.66666666657, 195230, 6247200, 13150, 6247200, 13130]] [5712558552.0, [111661.33333333023, 3553222, 113702944, 38734, 113702944, 210388252]] [556193080.0, [10950.0, 347142, 11083824, 4918, 10707504, 21364806]] [308692006899.60394, [7107532.350000086, 191813655, 6138012243, 5340891, 6138012243, 12275420379]] [10850196184.0, [213685.3333333333, 6749302, 215891136, 256606, 211743936, 325890064]]
Model_cost: [9945962213.135136, [587.6993243243244, 6384228, 204263608, 264292, 49400505, 1540706]] [4268461668.0, [7461.0, 2666607, 85328676, 86895, 77870628, 2433543]] [313983960.0, [15.0, 195230, 6247200, 13150, 6247200, 195210]] [5311168406.0, [2511.3125, 3327942, 106002464, 38734, 103509152, 971769656]] [433512856.0, [95.0, 271974, 8678448, 4918, 7767792, 242028]] [308008012371.5999, [1100.1000000000001, 191813655, 6138012243, 5340891, 6137123727, 191785179]] [1321561920.0, [79.75, 823990, 26356864, 33054, 25506688, 796752]]
Arch_Param: [32, 8192, 16384, 32, 1024, 64]
SK_cost: [11556615948.64865, [231342.25675675675, 3619937, 231526584, 254881, 195169464, 366597665]] [4287108132.0, [101871.0, 1333359, 85328676, 86895, 85328676, 169873263]] [314242640.0, [6516.66666666657, 104020, 6247200, 13140, 6247200, 13130]] [5705475808.0, [111661.33333333023, 1783016, 113702944, 38704, 113702944, 210388252]] [555500856.0, [10950.0, 174086, 11083824, 4918, 10707504, 21364806]] [308308381443.60394, [7107532.350000086, 95907291, 6138012243, 5340891, 6138012243, 12275420379]] [10836707116.0, [213685.3333333333, 3377979, 215891136, 256547, 211743936, 325890064]]
Model_cost: [9933408479.135136, [589.7618243243244, 3205857, 204263608, 266785, 49400505, 768162]] [4263128676.0, [7461.0, 1333359, 85328676, 86895, 77870628, 1216827]] [313618510.0, [15.3125, 104020, 6247200, 13140, 6247200, 27210]] [5304577212.0, [2511.625, 1680616, 106002464, 38704, 103509152, 971600038]] [432989400.0, [95.0, 136502, 8678448, 5206, 7767792, 120923]] [307624386915.5999, [1100.1000000000001, 95907291, 6138012243, 5340891, 6137123727, 95892675]] [1319911828.0, [79.75, 412411, 26356864, 32995, 25506688, 398416]]
Arch_Param: [32, 8192, 16384, 32, 1024, 128]
SK_cost: [11556615948.64865, [231342.25675675675, 3619937, 231526584, 254881, 195169464, 366597665]] [4287108132.0, [101871.0, 1333359, 85328676, 86895, 85328676, 169873263]] [314242640.0, [6516.66666666657, 104020, 6247200, 13140, 6247200, 13130]] [5705475808.0, [111661.33333333023, 1783016, 113702944, 38704, 113702944, 210388252]] [555500856.0, [10950.0, 174086, 11083824, 4918, 10707504, 21364806]] [308308381443.60394, [7107532.350000086, 95907291, 6138012243, 5340891, 6138012243, 12275420379]] [10836707116.0, [213685.3333333333, 3377979, 215891136, 256547, 211743936, 325890064]]
Model_cost: [9933408479.135136, [589.7618243243244, 3205857, 204263608, 266785, 49400505, 768162]] [4263128676.0, [7461.0, 1333359, 85328676, 86895, 77870628, 1216827]] [313618510.0, [15.3125, 104020, 6247200, 13140, 6247200, 27210]] [5304577212.0, [2511.625, 1680616, 106002464, 38704, 103509152, 971600038]] [432989400.0, [95.0, 136502, 8678448, 5206, 7767792, 120923]] [307624386915.5999, [1100.1000000000001, 95907291, 6138012243, 5340891, 6137123727, 95892675]] [1319911828.0, [79.75, 412411, 26356864, 32995, 25506688, 398416]]
Arch_Param: [32, 8192, 16384, 32, 1024, 256]
SK_cost: [11556615948.64865, [231342.25675675675, 3619937, 231526584, 254881, 195169464, 366597665]] [4287108132.0, [101871.0, 1333359, 85328676, 86895, 85328676, 169873263]] [314242640.0, [6516.66666666657, 104020, 6247200, 13140, 6247200, 13130]] [5705475808.0, [111661.33333333023, 1783016, 113702944, 38704, 113702944, 210388252]] [555500856.0, [10950.0, 174086, 11083824, 4918, 10707504, 21364806]] [308308381443.60394, [7107532.350000086, 95907291, 6138012243, 5340891, 6138012243, 12275420379]] [10836707116.0, [213685.3333333333, 3377979, 215891136, 256547, 211743936, 325890064]]
Model_cost: [9933238553.135136, [587.6993243243244, 3203361, 204263608, 264289, 49400505, 770594]] [4263128676.0, [7461.0, 1333359, 85328676, 86895, 77870628, 1216827]] [313618510.0, [15.3125, 104020, 6247200, 13140, 6247200, 27210]] [5304577212.0, [2511.625, 1680616, 106002464, 38704, 103509152, 971600038]] [432970968.0, [95.0, 136502, 8678448, 4918, 7767792, 121049]] [307624386915.5999, [1100.1000000000001, 95907291, 6138012243, 5340891, 6137123727, 95892675]] [1319911828.0, [79.75, 412411, 26356864, 32995, 25506688, 398416]]
Arch_Param: [32, 8192, 16384, 32, 1024, 512]
SK_cost: [11556615948.64865, [231342.25675675675, 3619937, 231526584, 254881, 195169464, 366597665]] [4287108132.0, [101871.0, 1333359, 85328676, 86895, 85328676, 169873263]] [314242640.0, [6516.66666666657, 104020, 6247200, 13140, 6247200, 13130]] [5705475808.0, [111661.33333333023, 1783016, 113702944, 38704, 113702944, 210388252]] [555500856.0, [10950.0, 174086, 11083824, 4918, 10707504, 21364806]] [308308381443.60394, [7107532.350000086, 95907291, 6138012243, 5340891, 6138012243, 12275420379]] [10836707116.0, [213685.3333333333, 3377979, 215891136, 256547, 211743936, 325890064]]
Model_cost: [9933238553.135136, [587.6993243243244, 3203361, 204263608, 264289, 49400505, 770594]] [4263128676.0, [7461.0, 1333359, 85328676, 86895, 77870628, 1216827]] [313618510.0, [15.3125, 104020, 6247200, 13140, 6247200, 27210]] [5304577212.0, [2511.625, 1680616, 106002464, 38704, 103509152, 971600038]] [432970968.0, [95.0, 136502, 8678448, 4918, 7767792, 121049]] [307624386915.5999, [1100.1000000000001, 95907291, 6138012243, 5340891, 6137123727, 95892675]] [1319911828.0, [79.75, 412411, 26356864, 32995, 25506688, 398416]]
Arch_Param: [32, 8192, 8192, 4, 256, 64]
SK_cost: [73133801289.33333, [2931941.5555555555, 91214401, 1459298552, 1634145, 1168280760, 2312820257]] [8266884132.0, [388719.0, 10223727, 163578660, 164463, 163185444, 325586799]] [316025160.0, [13130.0, 390450, 6247200, 13170, 6247200, 13130]] [5737513288.0, [223516.0, 7106434, 113702944, 38794, 113702944, 210388252]] [4468650296.0, [175110.0, 5545990, 88670256, 39302, 85484080, 170917958]] [620252624178.0, [28428270.0, 767215743, 12275433555, 10680855, 12275130963, 24549657819]] [20955451440.0, [851781.3333333333, 26148076, 417716928, 820436, 333083840, 568569872]]
Model_cost: [62500054430.0, [7275.75, 80564801, 1288904952, 3294657, 49400505, 136610]] [8060443428.0, [15687.0, 10223727, 163578660, 164463, 77870628, 4866975]] [314766600.0, [20.0, 390450, 6247200, 13170, 6247200, 390410]] [5324641220.0, [5002.625, 6635394, 106002464, 38794, 103509152, 971968092]] [3376735096.0, [1416.0, 4343302, 69427248, 174726, 7767792, 19803]] [605247776586.0, [2925.0, 767215743, 12275433555, 10680855, 6137123727, 383570187]] [2357727340.0, [428.625, 2983404, 47652928, 115604, 25506688, 1502608]]
Arch_Param: [32, 8192, 8192, 4, 256, 128]
SK_cost: [73133801289.33333, [2931941.5555555555, 91214401, 1459298552, 1634145, 1168280760, 2312820257]] [8266884132.0, [388719.0, 10223727, 163578660, 164463, 163185444, 325586799]] [316025160.0, [13130.0, 390450, 6247200, 13170, 6247200, 13130]] [5737513288.0, [223516.0, 7106434, 113702944, 38794, 113702944, 210388252]] [4468650296.0, [175110.0, 5545990, 88670256, 39302, 85484080, 170917958]] [620252624178.0, [28428270.0, 767215743, 12275433555, 10680855, 12275130963, 24549657819]] [20955451440.0, [851781.3333333333, 26148076, 417716928, 820436, 333083840, 568569872]]
Model_cost: [62500054430.0, [7275.75, 80564801, 1288904952, 3294657, 49400505, 136610]] [8060443428.0, [15687.0, 10223727, 163578660, 164463, 77870628, 4866975]] [314766600.0, [20.0, 390450, 6247200, 13170, 6247200, 390410]] [5324641220.0, [5002.625, 6635394, 106002464, 38794, 103509152, 971968092]] [3368477560.0, [1416.0, 4343302, 69427248, 45702, 7767792, 475483]] [605247776586.0, [2925.0, 767215743, 12275433555, 10680855, 6137123727, 383570187]] [2357267724.0, [419.625, 2983404, 47652928, 108436, 25506688, 1579792]]
Arch_Param: [32, 8192, 8192, 4, 256, 256]
SK_cost: [73133801289.33333, [2931941.5555555555, 91214401, 1459298552, 1634145, 1168280760, 2312820257]] [8266884132.0, [388719.0, 10223727, 163578660, 164463, 163185444, 325586799]] [316025160.0, [13130.0, 390450, 6247200, 13170, 6247200, 13130]] [5737513288.0, [223516.0, 7106434, 113702944, 38794, 113702944, 210388252]] [4468650296.0, [175110.0, 5545990, 88670256, 39302, 85484080, 170917958]] [620252624178.0, [28428270.0, 767215743, 12275433555, 10680855, 12275130963, 24549657819]] [20955451440.0, [851781.3333333333, 26148076, 417716928, 820436, 333083840, 568569872]]
Model_cost: [62500054430.0, [7275.75, 80564801, 1288904952, 3294657, 49400505, 136610]] [8060443428.0, [15687.0, 10223727, 163578660, 164463, 77870628, 4866975]] [314766600.0, [20.0, 390450, 6247200, 13170, 6247200, 390410]] [5324641220.0, [5002.625, 6635394, 106002464, 38794, 103509152, 971968092]] [3368461816.0, [1416.0, 4343302, 69427248, 43398, 7833648, 480166]] [605247776586.0, [2925.0, 767215743, 12275433555, 10680855, 6137123727, 383570187]] [2357267724.0, [419.625, 2983404, 47652928, 108436, 25506688, 1579792]]
Arch_Param: [32, 8192, 8192, 4, 512, 64]
SK_cost: [72951371669.33333, [2931941.5555555555, 45607460, 1459298552, 1634116, 1168280760, 2312820257]] [8246436900.0, [388719.0, 5111919, 163578660, 164463, 163185444, 325586799]] [315243000.0, [13130.0, 195230, 6247200, 13150, 6247200, 13130]] [5723296600.0, [223516.0, 3553222, 113702944, 38734, 113702944, 210388252]] [4457574712.0, [175110.0, 2777094, 88670256, 39302, 85484080, 170917958]] [618718196082.0, [28428270.0, 383608719, 12275433555, 10680855, 12275130963, 24549657819]] [20903147736.0, [851781.3333333333, 13074038, 417716928, 820318, 333083840, 568569872]]
Model_cost: [62338924010.0, [7275.75, 40282660, 1288904952, 3294628, 49400505, 128418]] [8039996196.0, [15687.0, 5111919, 163578660, 164463, 77870628, 2433543]] [313984440.0, [20.0, 195230, 6247200, 13150, 6247200, 195210]] [5311407572.0, [5002.625, 3327942, 106002464, 38734, 103509152, 971769656]] [3368064888.0, [1416.0, 2175750, 69427248, 174726, 7767792, 19803]] [603713348490.0, [2925.0, 383608719, 12275433555, 10680855, 6137123727, 191785179]] [2351752980.0, [428.625, 1491702, 47652928, 115486, 25506688, 754576]]
Arch_Param: [32, 8192, 8192, 4, 512, 128]
SK_cost: [72951371669.33333, [2931941.5555555555, 45607460, 1459298552, 1634116, 1168280760, 2312820257]] [8246436900.0, [388719.0, 5111919, 163578660, 164463, 163185444, 325586799]] [315243000.0, [13130.0, 195230, 6247200, 13150, 6247200, 13130]] [5723296600.0, [223516.0, 3553222, 113702944, 38734, 113702944, 210388252]] [4457574712.0, [175110.0, 2777094, 88670256, 39302, 85484080, 170917958]] [618718196082.0, [28428270.0, 383608719, 12275433555, 10680855, 12275130963, 24549657819]] [20903147736.0, [851781.3333333333, 13074038, 417716928, 820318, 333083840, 568569872]]
Model_cost: [62338924010.0, [7275.75, 40282660, 1288904952, 3294628, 49400505, 128418]] [8039996196.0, [15687.0, 5111919, 163578660, 164463, 77870628, 2433543]] [313984440.0, [20.0, 195230, 6247200, 13150, 6247200, 195210]] [5311407572.0, [5002.625, 3327942, 106002464, 38734, 103509152, 971769656]] [3359807352.0, [1416.0, 2175750, 69427248, 45702, 7767792, 237915]] [603713348490.0, [2925.0, 383608719, 12275433555, 10680855, 6137123727, 191785179]] [2351293364.0, [419.625, 1491702, 47652928, 108318, 25506688, 790800]]
Arch_Param: [32, 8192, 8192, 4, 512, 256]
SK_cost: [72951371669.33333, [2931941.5555555555, 45607460, 1459298552, 1634116, 1168280760, 2312820257]] [8246436900.0, [388719.0, 5111919, 163578660, 164463, 163185444, 325586799]] [315243000.0, [13130.0, 195230, 6247200, 13150, 6247200, 13130]] [5723296600.0, [223516.0, 3553222, 113702944, 38734, 113702944, 210388252]] [4457574712.0, [175110.0, 2777094, 88670256, 39302, 85484080, 170917958]] [618718196082.0, [28428270.0, 383608719, 12275433555, 10680855, 12275130963, 24549657819]] [20903147736.0, [851781.3333333333, 13074038, 417716928, 820318, 333083840, 568569872]]
Model_cost: [62338924010.0, [7275.75, 40282660, 1288904952, 3294628, 49400505, 128418]] [8039996196.0, [15687.0, 5111919, 163578660, 164463, 77870628, 2433543]] [313984440.0, [20.0, 195230, 6247200, 13150, 6247200, 195210]] [5311407572.0, [5002.625, 3327942, 106002464, 38734, 103509152, 971769656]] [3359791608.0, [1416.0, 2175750, 69427248, 43398, 7833648, 240246]] [603713348490.0, [2925.0, 383608719, 12275433555, 10680855, 6137123727, 191785179]] [2351293364.0, [419.625, 1491702, 47652928, 108318, 25506688, 790800]]
Arch_Param: [32, 8192, 8192, 4, 512, 512]
SK_cost: [72951371669.33333, [2931941.5555555555, 45607460, 1459298552, 1634116, 1168280760, 2312820257]] [8246436900.0, [388719.0, 5111919, 163578660, 164463, 163185444, 325586799]] [315243000.0, [13130.0, 195230, 6247200, 13150, 6247200, 13130]] [5723296600.0, [223516.0, 3553222, 113702944, 38734, 113702944, 210388252]] [4457574712.0, [175110.0, 2777094, 88670256, 39302, 85484080, 170917958]] [618718196082.0, [28428270.0, 383608719, 12275433555, 10680855, 12275130963, 24549657819]] [20903147736.0, [851781.3333333333, 13074038, 417716928, 820318, 333083840, 568569872]]
Model_cost: [62238619610.0, [7238.25, 40282660, 1288904952, 1727428, 49400505, 1534114]] [8039996196.0, [15687.0, 5111919, 163578660, 164463, 77870628, 2433543]] [313984440.0, [20.0, 195230, 6247200, 13150, 6247200, 195210]] [5311407572.0, [5002.625, 3327942, 106002464, 38734, 103509152, 971769656]] [3359454200.0, [1416.0, 2175750, 69427248, 39302, 7796016, 242910]] [603713348490.0, [2925.0, 383608719, 12275433555, 10680855, 6137123727, 191785179]] [2350985624.0, [414.0, 1491702, 47652928, 103518, 25506688, 796752]]
Arch_Param: [32, 8192, 8192, 4, 1024, 64]
SK_cost: [72860207305.33333, [2931941.5555555555, 22816417, 1459298552, 1634113, 1168280760, 2312820257]] [8236213284.0, [388719.0, 2556015, 163578660, 164463, 163185444, 325586799]] [314877520.0, [13130.0, 104020, 6247200, 13140, 6247200, 13130]] [5716213856.0, [223516.0, 1783016, 113702944, 38704, 113702944, 210388252]] [4452036920.0, [175110.0, 1392646, 88670256, 39302, 85484080, 170917958]] [617950982034.0, [28428270.0, 191805207, 12275433555, 10680855, 12275130963, 24549657819]] [20877096236.0, [851781.3333333333, 6562107, 417716928, 820259, 333083840, 568569872]]
Model_cost: [62258782494.0, [7275.75, 20247329, 1288904952, 3294625, 49400505, 124322]] [8029772580.0, [15687.0, 2556015, 163578660, 164463, 77870628, 1216827]] [313619020.0, [20.625, 104020, 6247200, 13140, 6247200, 27210]] [5304816408.0, [5003.25, 1680616, 106002464, 38704, 103509152, 971600038]] [3363729784.0, [1416.0, 1091974, 69427248, 174726, 7767792, 19803]] [602946134442.0, [2925.0, 191805207, 12275433555, 10680855, 6137123727, 95892675]] [2348797544.0, [428.625, 753787, 47652928, 115427, 25506688, 380560]]
Arch_Param: [32, 8192, 8192, 4, 1024, 128]
SK_cost: [72860207305.33333, [2931941.5555555555, 22816417, 1459298552, 1634113, 1168280760, 2312820257]] [8236213284.0, [388719.0, 2556015, 163578660, 164463, 163185444, 325586799]] [314877520.0, [13130.0, 104020, 6247200, 13140, 6247200, 13130]] [5716213856.0, [223516.0, 1783016, 113702944, 38704, 113702944, 210388252]] [4452036920.0, [175110.0, 1392646, 88670256, 39302, 85484080, 170917958]] [617950982034.0, [28428270.0, 191805207, 12275433555, 10680855, 12275130963, 24549657819]] [20877096236.0, [851781.3333333333, 6562107, 417716928, 820259, 333083840, 568569872]]
Model_cost: [62258782494.0, [7275.75, 20247329, 1288904952, 3294625, 49400505, 124322]] [8029772580.0, [15687.0, 2556015, 163578660, 164463, 77870628, 1216827]] [313619020.0, [20.625, 104020, 6247200, 13140, 6247200, 27210]] [5304816408.0, [5003.25, 1680616, 106002464, 38704, 103509152, 971600038]] [3355472248.0, [1416.0, 1091974, 69427248, 45702, 7767792, 119131]] [602946134442.0, [2925.0, 191805207, 12275433555, 10680855, 6137123727, 95892675]] [2348337928.0, [419.625, 753787, 47652928, 108259, 25506688, 396304]]
Arch_Param: [32, 8192, 8192, 4, 1024, 256]
SK_cost: [72860207305.33333, [2931941.5555555555, 22816417, 1459298552, 1634113, 1168280760, 2312820257]] [8236213284.0, [388719.0, 2556015, 163578660, 164463, 163185444, 325586799]] [314877520.0, [13130.0, 104020, 6247200, 13140, 6247200, 13130]] [5716213856.0, [223516.0, 1783016, 113702944, 38704, 113702944, 210388252]] [4452036920.0, [175110.0, 1392646, 88670256, 39302, 85484080, 170917958]] [617950982034.0, [28428270.0, 191805207, 12275433555, 10680855, 12275130963, 24549657819]] [20877096236.0, [851781.3333333333, 6562107, 417716928, 820259, 333083840, 568569872]]
Model_cost: [62258782494.0, [7275.75, 20247329, 1288904952, 3294625, 49400505, 124322]] [8029772580.0, [15687.0, 2556015, 163578660, 164463, 77870628, 1216827]] [313619020.0, [20.625, 104020, 6247200, 13140, 6247200, 27210]] [5304816408.0, [5003.25, 1680616, 106002464, 38704, 103509152, 971600038]] [3355456504.0, [1416.0, 1091974, 69427248, 43398, 7833648, 120286]] [602946134442.0, [2925.0, 191805207, 12275433555, 10680855, 6137123727, 95892675]] [2348337928.0, [419.625, 753787, 47652928, 108259, 25506688, 396304]]
Arch_Param: [32, 8192, 8192, 4, 1024, 512]
SK_cost: [72860207305.33333, [2931941.5555555555, 22816417, 1459298552, 1634113, 1168280760, 2312820257]] [8236213284.0, [388719.0, 2556015, 163578660, 164463, 163185444, 325586799]] [314877520.0, [13130.0, 104020, 6247200, 13140, 6247200, 13130]] [5716213856.0, [223516.0, 1783016, 113702944, 38704, 113702944, 210388252]] [4452036920.0, [175110.0, 1392646, 88670256, 39302, 85484080, 170917958]] [617950982034.0, [28428270.0, 191805207, 12275433555, 10680855, 12275130963, 24549657819]] [20877096236.0, [851781.3333333333, 6562107, 417716928, 820259, 333083840, 568569872]]
Model_cost: [62158478094.0, [7238.25, 20247329, 1288904952, 1727425, 49400505, 768162]] [8029772580.0, [15687.0, 2556015, 163578660, 164463, 77870628, 1216827]] [313619020.0, [20.625, 104020, 6247200, 13140, 6247200, 27210]] [5304816408.0, [5003.25, 1680616, 106002464, 38704, 103509152, 971600038]] [3355119096.0, [1416.0, 1091974, 69427248, 39302, 7796016, 121490]] [602946134442.0, [2925.0, 191805207, 12275433555, 10680855, 6137123727, 95892675]] [2348010988.0, [414.0, 748987, 47652928, 103459, 25506688, 398416]]
Arch_Param: [32, 8192, 8192, 8, 256, 64]
SK_cost: [37977035422.666664, [1520515.7777777778, 47352385, 757568376, 845281, 612138168, 1200535073]] [4312876068.0, [203631.0, 5333103, 85328676, 86895, 85328676, 169873263]] [316025160.0, [13130.0, 390450, 6247200, 13170, 6247200, 13130]] [5737513288.0, [223516.0, 7106434, 113702944, 38794, 113702944, 210388252]] [2234351928.0, [87558.0, 2772998, 44335152, 19654, 42754608, 85459014]] [310141573026.0, [14214982.5, 383626383, 6138012243, 5340891, 6138012243, 12275420379]] [14024572976.0, [563098.6666666666, 17443052, 278762688, 474836, 244872384, 392146960]]
Model_cost: [32485921508.666668, [3791.152777777778, 41814593, 668963704, 1706881, 49400505, 136610]] [4279833252.0, [14811.0, 5333103, 85328676, 86895, 77870628, 4866975]] [314766600.0, [20.0, 390450, 6247200, 13170, 6247200, 390410]] [5324641220.0, [5002.625, 6635394, 106002464, 38794, 103509152, 971968092]] [1692008216.0, [711.0, 2171654, 34713648, 22854, 7767792, 475483]] [308775361002.0, [2118.0, 383626383, 6138012243, 5340891, 6137123727, 383570187]] [1639583756.0, [251.625, 2055020, 32839552, 62932, 25506688, 1579792]]
Arch_Param: [32, 8192, 8192, 8, 256, 128]
SK_cost: [37977035422.666664, [1520515.7777777778, 47352385, 757568376, 845281, 612138168, 1200535073]] [4312876068.0, [203631.0, 5333103, 85328676, 86895, 85328676, 169873263]] [316025160.0, [13130.0, 390450, 6247200, 13170, 6247200, 13130]] [5737513288.0, [223516.0, 7106434, 113702944, 38794, 113702944, 210388252]] [2234351928.0, [87558.0, 2772998, 44335152, 19654, 42754608, 85459014]] [310141573026.0, [14214982.5, 383626383, 6138012243, 5340891, 6138012243, 12275420379]] [14024572976.0, [563098.6666666666, 17443052, 278762688, 474836, 244872384, 392146960]]
Model_cost: [32485921508.666668, [3791.152777777778, 41814593, 668963704, 1706881, 49400505, 136610]] [4279833252.0, [14811.0, 5333103, 85328676, 86895, 77870628, 4866975]] [314766600.0, [20.0, 390450, 6247200, 13170, 6247200, 390410]] [5324641220.0, [5002.625, 6635394, 106002464, 38794, 103509152, 971968092]] [1692008216.0, [711.0, 2171654, 34713648, 22854, 7767792, 475483]] [308775361002.0, [2118.0, 383626383, 6138012243, 5340891, 6137123727, 383570187]] [1639583756.0, [251.625, 2055020, 32839552, 62932, 25506688, 1579792]]
Arch_Param: [32, 8192, 8192, 8, 256, 256]
SK_cost: [37977035422.666664, [1520515.7777777778, 47352385, 757568376, 845281, 612138168, 1200535073]] [4312876068.0, [203631.0, 5333103, 85328676, 86895, 85328676, 169873263]] [316025160.0, [13130.0, 390450, 6247200, 13170, 6247200, 13130]] [5737513288.0, [223516.0, 7106434, 113702944, 38794, 113702944, 210388252]] [2234351928.0, [87558.0, 2772998, 44335152, 19654, 42754608, 85459014]] [310141573026.0, [14214982.5, 383626383, 6138012243, 5340891, 6138012243, 12275420379]] [14024572976.0, [563098.6666666666, 17443052, 278762688, 474836, 244872384, 392146960]]
Model_cost: [32433761492.666668, [3753.652777777778, 41814593, 668963704, 891937, 49400505, 3066018]] [4279833252.0, [14811.0, 5333103, 85328676, 86895, 77870628, 4866975]] [314766600.0, [20.0, 390450, 6247200, 13170, 6247200, 390410]] [5324641220.0, [5002.625, 6635394, 106002464, 38794, 103509152, 971968092]] [1691859864.0, [711.0, 2171654, 34713648, 19654, 7796016, 485750]] [308775361002.0, [2118.0, 383626383, 6138012243, 5340891, 6137123727, 383570187]] [1639423616.0, [247.5, 2055020, 32839552, 60436, 25506688, 1593424]]
Arch_Param: [32, 8192, 8192, 8, 512, 64]
SK_cost: [37882329834.666664, [1520515.7777777778, 23676452, 757568376, 845252, 612138168, 1200535073]] [4302210084.0, [203631.0, 2666607, 85328676, 86895, 85328676, 169873263]] [315243000.0, [13130.0, 195230, 6247200, 13150, 6247200, 13130]] [5723296600.0, [223516.0, 3553222, 113702944, 38734, 113702944, 210388252]] [2228814136.0, [87558.0, 1388550, 44335152, 19654, 42754608, 85459014]] [309374322114.0, [14214982.5, 191813655, 6138012243, 5340891, 6138012243, 12275420379]] [13989679320.0, [563098.6666666666, 8721526, 278762688, 474718, 244872384, 392146960]]
Model_cost: [32402291504.666668, [3791.152777777778, 20907556, 668963704, 1706852, 49400505, 128418]] [4269167268.0, [14811.0, 2666607, 85328676, 86895, 77870628, 2433543]] [313984440.0, [20.0, 195230, 6247200, 13150, 6247200, 195210]] [5311407572.0, [5002.625, 3327942, 106002464, 38734, 103509152, 971769656]] [1687673112.0, [711.0, 1087878, 34713648, 22854, 7767792, 237915]] [308008110090.0, [2118.0, 191813655, 6138012243, 5340891, 6137123727, 191785179]] [1635466164.0, [251.625, 1027510, 32839552, 62814, 25506688, 790800]]
Arch_Param: [32, 8192, 8192, 8, 512, 128]
SK_cost: [37882329834.666664, [1520515.7777777778, 23676452, 757568376, 845252, 612138168, 1200535073]] [4302210084.0, [203631.0, 2666607, 85328676, 86895, 85328676, 169873263]] [315243000.0, [13130.0, 195230, 6247200, 13150, 6247200, 13130]] [5723296600.0, [223516.0, 3553222, 113702944, 38734, 113702944, 210388252]] [2228814136.0, [87558.0, 1388550, 44335152, 19654, 42754608, 85459014]] [309374322114.0, [14214982.5, 191813655, 6138012243, 5340891, 6138012243, 12275420379]] [13989679320.0, [563098.6666666666, 8721526, 278762688, 474718, 244872384, 392146960]]
Model_cost: [32402291504.666668, [3791.152777777778, 20907556, 668963704, 1706852, 49400505, 128418]] [4269167268.0, [14811.0, 2666607, 85328676, 86895, 77870628, 2433543]] [313984440.0, [20.0, 195230, 6247200, 13150, 6247200, 195210]] [5311407572.0, [5002.625, 3327942, 106002464, 38734, 103509152, 971769656]] [1687673112.0, [711.0, 1087878, 34713648, 22854, 7767792, 237915]] [308008110090.0, [2118.0, 191813655, 6138012243, 5340891, 6137123727, 191785179]] [1635466164.0, [251.625, 1027510, 32839552, 62814, 25506688, 790800]]
Arch_Param: [32, 8192, 8192, 8, 512, 256]
SK_cost: [37882329834.666664, [1520515.7777777778, 23676452, 757568376, 845252, 612138168, 1200535073]] [4302210084.0, [203631.0, 2666607, 85328676, 86895, 85328676, 169873263]] [315243000.0, [13130.0, 195230, 6247200, 13150, 6247200, 13130]] [5723296600.0, [223516.0, 3553222, 113702944, 38734, 113702944, 210388252]] [2228814136.0, [87558.0, 1388550, 44335152, 19654, 42754608, 85459014]] [309374322114.0, [14214982.5, 191813655, 6138012243, 5340891, 6138012243, 12275420379]] [13989679320.0, [563098.6666666666, 8721526, 278762688, 474718, 244872384, 392146960]]
Model_cost: [32350131488.666668, [3753.652777777778, 20907556, 668963704, 891908, 49400505, 1534114]] [4269167268.0, [14811.0, 2666607, 85328676, 86895, 77870628, 2433543]] [313984440.0, [20.0, 195230, 6247200, 13150, 6247200, 195210]] [5311407572.0, [5002.625, 3327942, 106002464, 38734, 103509152, 971769656]] [1687524760.0, [711.0, 1087878, 34713648, 19654, 7796016, 242910]] [308008110090.0, [2118.0, 191813655, 6138012243, 5340891, 6137123727, 191785179]] [1635306024.0, [247.5, 1027510, 32839552, 60318, 25506688, 796752]]
Arch_Param: [32, 8192, 8192, 8, 512, 512]
SK_cost: [37882329834.666664, [1520515.7777777778, 23676452, 757568376, 845252, 612138168, 1200535073]] [4302210084.0, [203631.0, 2666607, 85328676, 86895, 85328676, 169873263]] [315243000.0, [13130.0, 195230, 6247200, 13150, 6247200, 13130]] [5723296600.0, [223516.0, 3553222, 113702944, 38734, 113702944, 210388252]] [2228814136.0, [87558.0, 1388550, 44335152, 19654, 42754608, 85459014]] [309374322114.0, [14214982.5, 191813655, 6138012243, 5340891, 6138012243, 12275420379]] [13989679320.0, [563098.6666666666, 8721526, 278762688, 474718, 244872384, 392146960]]
Model_cost: [32350131488.666668, [3753.652777777778, 20907556, 668963704, 891908, 49400505, 1534114]] [4269167268.0, [14811.0, 2666607, 85328676, 86895, 77870628, 2433543]] [313984440.0, [20.0, 195230, 6247200, 13150, 6247200, 195210]] [5311407572.0, [5002.625, 3327942, 106002464, 38734, 103509152, 971769656]] [1687487128.0, [711.0, 1087878, 34713648, 19654, 7777200, 242322]] [308008110090.0, [2118.0, 191813655, 6138012243, 5340891, 6137123727, 191785179]] [1635306024.0, [247.5, 1027510, 32839552, 60318, 25506688, 796752]]
Arch_Param: [32, 8192, 8192, 8, 1024, 64]
SK_cost: [37835002654.666664, [1520515.7777777778, 11844705, 757568376, 845249, 612138168, 1200535073]] [4296877092.0, [203631.0, 1333359, 85328676, 86895, 85328676, 169873263]] [314877520.0, [13130.0, 104020, 6247200, 13140, 6247200, 13130]] [5716213856.0, [223516.0, 1783016, 113702944, 38704, 113702944, 210388252]] [2226045240.0, [87558.0, 696326, 44335152, 19654, 42754608, 85459014]] [308990696658.0, [14214982.5, 95907291, 6138012243, 5340891, 6138012243, 12275420379]] [13972282668.0, [563098.6666666666, 4373307, 278762688, 474659, 244872384, 392146960]]
Model_cost: [32360688740.666668, [3791.152777777778, 10506913, 668963704, 1706849, 49400505, 124322]] [4263834276.0, [14811.0, 1333359, 85328676, 86895, 77870628, 1216827]] [313619020.0, [20.625, 104020, 6247200, 13140, 6247200, 27210]] [5304816408.0, [5003.25, 1680616, 106002464, 38704, 103509152, 971600038]] [1685505560.0, [711.0, 545990, 34713648, 22854, 7767792, 119131]] [307624484634.0, [2118.0, 95907291, 6138012243, 5340891, 6137123727, 95892675]] [1633423624.0, [251.625, 517819, 32839552, 62755, 25506688, 396304]]
Arch_Param: [32, 8192, 8192, 8, 1024, 128]
SK_cost: [37835002654.666664, [1520515.7777777778, 11844705, 757568376, 845249, 612138168, 1200535073]] [4296877092.0, [203631.0, 1333359, 85328676, 86895, 85328676, 169873263]] [314877520.0, [13130.0, 104020, 6247200, 13140, 6247200, 13130]] [5716213856.0, [223516.0, 1783016, 113702944, 38704, 113702944, 210388252]] [2226045240.0, [87558.0, 696326, 44335152, 19654, 42754608, 85459014]] [308990696658.0, [14214982.5, 95907291, 6138012243, 5340891, 6138012243, 12275420379]] [13972282668.0, [563098.6666666666, 4373307, 278762688, 474659, 244872384, 392146960]]
Model_cost: [32360688740.666668, [3791.152777777778, 10506913, 668963704, 1706849, 49400505, 124322]] [4263834276.0, [14811.0, 1333359, 85328676, 86895, 77870628, 1216827]] [313619020.0, [20.625, 104020, 6247200, 13140, 6247200, 27210]] [5304816408.0, [5003.25, 1680616, 106002464, 38704, 103509152, 971600038]] [1685505560.0, [711.0, 545990, 34713648, 22854, 7767792, 119131]] [307624484634.0, [2118.0, 95907291, 6138012243, 5340891, 6137123727, 95892675]] [1633423624.0, [251.625, 517819, 32839552, 62755, 25506688, 396304]]
Arch_Param: [32, 8192, 8192, 8, 1024, 256]
SK_cost: [37835002654.666664, [1520515.7777777778, 11844705, 757568376, 845249, 612138168, 1200535073]] [4296877092.0, [203631.0, 1333359, 85328676, 86895, 85328676, 169873263]] [314877520.0, [13130.0, 104020, 6247200, 13140, 6247200, 13130]] [5716213856.0, [223516.0, 1783016, 113702944, 38704, 113702944, 210388252]] [2226045240.0, [87558.0, 696326, 44335152, 19654, 42754608, 85459014]] [308990696658.0, [14214982.5, 95907291, 6138012243, 5340891, 6138012243, 12275420379]] [13972282668.0, [563098.6666666666, 4373307, 278762688, 474659, 244872384, 392146960]]
Model_cost: [32308528724.666668, [3753.652777777778, 10506913, 668963704, 891905, 49400505, 768162]] [4263834276.0, [14811.0, 1333359, 85328676, 86895, 77870628, 1216827]] [313619020.0, [20.625, 104020, 6247200, 13140, 6247200, 27210]] [5304816408.0, [5003.25, 1680616, 106002464, 38704, 103509152, 971600038]] [1685357208.0, [711.0, 545990, 34713648, 19654, 7796016, 121490]] [307624484634.0, [2118.0, 95907291, 6138012243, 5340891, 6137123727, 95892675]] [1633253500.0, [247.5, 515323, 32839552, 60259, 25506688, 398416]]
Arch_Param: [32, 8192, 8192, 8, 1024, 512]
SK_cost: [37835002654.666664, [1520515.7777777778, 11844705, 757568376, 845249, 612138168, 1200535073]] [4296877092.0, [203631.0, 1333359, 85328676, 86895, 85328676, 169873263]] [314877520.0, [13130.0, 104020, 6247200, 13140, 6247200, 13130]] [5716213856.0, [223516.0, 1783016, 113702944, 38704, 113702944, 210388252]] [2226045240.0, [87558.0, 696326, 44335152, 19654, 42754608, 85459014]] [308990696658.0, [14214982.5, 95907291, 6138012243, 5340891, 6138012243, 12275420379]] [13972282668.0, [563098.6666666666, 4373307, 278762688, 474659, 244872384, 392146960]]
Model_cost: [32308528724.666668, [3753.652777777778, 10506913, 668963704, 891905, 49400505, 768162]] [4263834276.0, [14811.0, 1333359, 85328676, 86895, 77870628, 1216827]] [313619020.0, [20.625, 104020, 6247200, 13140, 6247200, 27210]] [5304816408.0, [5003.25, 1680616, 106002464, 38704, 103509152, 971600038]] [1685319576.0, [711.0, 545990, 34713648, 19654, 7777200, 121196]] [307624484634.0, [2118.0, 95907291, 6138012243, 5340891, 6137123727, 95892675]] [1633253500.0, [247.5, 515323, 32839552, 60259, 25506688, 398416]]
Arch_Param: [32, 8192, 8192, 16, 256, 64]
SK_cost: [20405268297.333332, [815146.8888888889, 25429697, 406836408, 451617, 334122168, 644503073]] [4312876068.0, [203631.0, 5333103, 85328676, 86895, 85328676, 169873263]] [316025160.0, [13130.0, 390450, 6247200, 13170, 6247200, 13130]] [5737513288.0, [223516.0, 7106434, 113702944, 38794, 113702944, 210388252]] [1117202744.0, [43782.0, 1386502, 22167600, 9830, 21389872, 42729542]] [310141573026.0, [14214982.5, 383626383, 6138012243, 5340891, 6138012243, 12275420379]] [11939999792.0, [472602.6666666667, 14813420, 236848320, 329428, 222786752, 347975696]]
Model_cost: [17485341055.333336, [2128.7638888888887, 22447809, 359126200, 913857, 49400505, 136610]] [4279833252.0, [14811.0, 5333103, 85328676, 86895, 77870628, 4866975]] [314766600.0, [20.0, 390450, 6247200, 13170, 6247200, 390410]] [5324641220.0, [5002.625, 6635394, 106002464, 38794, 103509152, 971968092]] [853773592.0, [359.0, 1085830, 17356848, 11430, 7767792, 475483]] [308775361002.0, [2118.0, 383626383, 6138012243, 5340891, 6137123727, 383570187]] [1429808324.0, [178.875, 1783660, 28517760, 43604, 25506688, 1579792]]
Arch_Param: [32, 8192, 8192, 16, 256, 128]
SK_cost: [20405268297.333332, [815146.8888888889, 25429697, 406836408, 451617, 334122168, 644503073]] [4312876068.0, [203631.0, 5333103, 85328676, 86895, 85328676, 169873263]] [316025160.0, [13130.0, 390450, 6247200, 13170, 6247200, 13130]] [5737513288.0, [223516.0, 7106434, 113702944, 38794, 113702944, 210388252]] [1117202744.0, [43782.0, 1386502, 22167600, 9830, 21389872, 42729542]] [310141573026.0, [14214982.5, 383626383, 6138012243, 5340891, 6138012243, 12275420379]] [11939999792.0, [472602.6666666667, 14813420, 236848320, 329428, 222786752, 347975696]]
Model_cost: [17457246031.333336, [2016.263888888889, 22447809, 359126200, 475041, 49400505, 3066018]] [4279833252.0, [14811.0, 5333103, 85328676, 86895, 77870628, 4866975]] [314766600.0, [20.0, 390450, 6247200, 13170, 6247200, 390410]] [5324641220.0, [5002.625, 6635394, 106002464, 38794, 103509152, 971968092]] [853708056.0, [359.0, 1085830, 17356848, 10406, 7767792, 483419]] [308775361002.0, [2118.0, 383626383, 6138012243, 5340891, 6137123727, 383570187]] [1429722272.0, [178.5, 1783660, 28517760, 42260, 25506688, 1593424]]
Arch_Param: [32, 8192, 8192, 16, 256, 256]
SK_cost: [20405268297.333332, [815146.8888888889, 25429697, 406836408, 451617, 334122168, 644503073]] [4312876068.0, [203631.0, 5333103, 85328676, 86895, 85328676, 169873263]] [316025160.0, [13130.0, 390450, 6247200, 13170, 6247200, 13130]] [5737513288.0, [223516.0, 7106434, 113702944, 38794, 113702944, 210388252]] [1117202744.0, [43782.0, 1386502, 22167600, 9830, 21389872, 42729542]] [310141573026.0, [14214982.5, 383626383, 6138012243, 5340891, 6138012243, 12275420379]] [11939999792.0, [472602.6666666667, 14813420, 236848320, 329428, 222786752, 347975696]]
Model_cost: [17457246031.333336, [2016.263888888889, 22447809, 359126200, 475041, 49400505, 3066018]] [4279833252.0, [14811.0, 5333103, 85328676, 86895, 77870628, 4866975]] [314766600.0, [20.0, 390450, 6247200, 13170, 6247200, 390410]] [5324641220.0, [5002.625, 6635394, 106002464, 38794, 103509152, 971968092]] [853690008.0, [359.0, 1085830, 17356848, 9830, 7777200, 484574]] [308775361002.0, [2118.0, 383626383, 6138012243, 5340891, 6137123727, 383570187]] [1429722272.0, [178.5, 1783660, 28517760, 42260, 25506688, 1593424]]
Arch_Param: [32, 8192, 8192, 16, 512, 64]
SK_cost: [20354408085.333332, [815146.8888888889, 12715108, 406836408, 451588, 334122168, 644503073]] [4302210084.0, [203631.0, 2666607, 85328676, 86895, 85328676, 169873263]] [315243000.0, [13130.0, 195230, 6247200, 13150, 6247200, 13130]] [5723296600.0, [223516.0, 3553222, 113702944, 38734, 113702944, 210388252]] [1114433848.0, [43782.0, 694278, 22167600, 9830, 21389872, 42729542]] [309374322114.0, [14214982.5, 191813655, 6138012243, 5340891, 6138012243, 12275420379]] [11910365400.0, [472602.6666666667, 7406710, 236848320, 329310, 222786752, 347975696]]
Model_cost: [17440444619.333336, [2128.7638888888887, 11224164, 359126200, 913828, 49400505, 128418]] [4269167268.0, [14811.0, 2666607, 85328676, 86895, 77870628, 2433543]] [313984440.0, [20.0, 195230, 6247200, 13150, 6247200, 195210]] [5311407572.0, [5002.625, 3327942, 106002464, 38734, 103509152, 971769656]] [851606040.0, [359.0, 543942, 17356848, 11430, 7767792, 237915]] [308008110090.0, [2118.0, 191813655, 6138012243, 5340891, 6137123727, 191785179]] [1426233452.0, [178.875, 891830, 28517760, 43486, 25506688, 790800]]
Arch_Param: [32, 8192, 8192, 16, 512, 128]
SK_cost: [20354408085.333332, [815146.8888888889, 12715108, 406836408, 451588, 334122168, 644503073]] [4302210084.0, [203631.0, 2666607, 85328676, 86895, 85328676, 169873263]] [315243000.0, [13130.0, 195230, 6247200, 13150, 6247200, 13130]] [5723296600.0, [223516.0, 3553222, 113702944, 38734, 113702944, 210388252]] [1114433848.0, [43782.0, 694278, 22167600, 9830, 21389872, 42729542]] [309374322114.0, [14214982.5, 191813655, 6138012243, 5340891, 6138012243, 12275420379]] [11910365400.0, [472602.6666666667, 7406710, 236848320, 329310, 222786752, 347975696]]
Model_cost: [17412349595.333336, [2016.263888888889, 11224164, 359126200, 475012, 49400505, 1534114]] [4269167268.0, [14811.0, 2666607, 85328676, 86895, 77870628, 2433543]] [313984440.0, [20.0, 195230, 6247200, 13150, 6247200, 195210]] [5311407572.0, [5002.625, 3327942, 106002464, 38734, 103509152, 971769656]] [851540504.0, [359.0, 543942, 17356848, 10406, 7767792, 241755]] [308008110090.0, [2118.0, 191813655, 6138012243, 5340891, 6137123727, 191785179]] [1426147400.0, [178.5, 891830, 28517760, 42142, 25506688, 796752]]
Arch_Param: [32, 8192, 8192, 16, 512, 256]
SK_cost: [20354408085.333332, [815146.8888888889, 12715108, 406836408, 451588, 334122168, 644503073]] [4302210084.0, [203631.0, 2666607, 85328676, 86895, 85328676, 169873263]] [315243000.0, [13130.0, 195230, 6247200, 13150, 6247200, 13130]] [5723296600.0, [223516.0, 3553222, 113702944, 38734, 113702944, 210388252]] [1114433848.0, [43782.0, 694278, 22167600, 9830, 21389872, 42729542]] [309374322114.0, [14214982.5, 191813655, 6138012243, 5340891, 6138012243, 12275420379]] [11910365400.0, [472602.6666666667, 7406710, 236848320, 329310, 222786752, 347975696]]
Model_cost: [17412349595.333336, [2016.263888888889, 11224164, 359126200, 475012, 49400505, 1534114]] [4269167268.0, [14811.0, 2666607, 85328676, 86895, 77870628, 2433543]] [313984440.0, [20.0, 195230, 6247200, 13150, 6247200, 195210]] [5311407572.0, [5002.625, 3327942, 106002464, 38734, 103509152, 971769656]] [851522456.0, [359.0, 543942, 17356848, 9830, 7777200, 242322]] [308008110090.0, [2118.0, 191813655, 6138012243, 5340891, 6137123727, 191785179]] [1426147400.0, [178.5, 891830, 28517760, 42142, 25506688, 796752]]
Arch_Param: [32, 8192, 8192, 16, 512, 512]
SK_cost: [20354408085.333332, [815146.8888888889, 12715108, 406836408, 451588, 334122168, 644503073]] [4302210084.0, [203631.0, 2666607, 85328676, 86895, 85328676, 169873263]] [315243000.0, [13130.0, 195230, 6247200, 13150, 6247200, 13130]] [5723296600.0, [223516.0, 3553222, 113702944, 38734, 113702944, 210388252]] [1114433848.0, [43782.0, 694278, 22167600, 9830, 21389872, 42729542]] [309374322114.0, [14214982.5, 191813655, 6138012243, 5340891, 6138012243, 12275420379]] [11910365400.0, [472602.6666666667, 7406710, 236848320, 329310, 222786752, 347975696]]
Model_cost: [17412041855.333336, [2010.638888888889, 11224164, 359126200, 470212, 49400505, 1540706]] [4269167268.0, [14811.0, 2666607, 85328676, 86895, 77870628, 2433543]] [313984440.0, [20.0, 195230, 6247200, 13150, 6247200, 195210]] [5311407572.0, [5002.625, 3327942, 106002464, 38734, 103509152, 971769656]] [851503640.0, [359.0, 543942, 17356848, 9830, 7767792, 242028]] [308008110090.0, [2118.0, 191813655, 6138012243, 5340891, 6137123727, 191785179]] [1426147400.0, [178.5, 891830, 28517760, 42142, 25506688, 796752]]
Arch_Param: [32, 8192, 8192, 16, 1024, 64]
SK_cost: [20328991177.333332, [815146.8888888889, 6360929, 406836408, 451585, 334122168, 644503073]] [4296877092.0, [203631.0, 1333359, 85328676, 86895, 85328676, 169873263]] [314877520.0, [13130.0, 104020, 6247200, 13140, 6247200, 13130]] [5716213856.0, [223516.0, 1783016, 113702944, 38704, 113702944, 210388252]] [1113049400.0, [43782.0, 348166, 22167600, 9830, 21389872, 42729542]] [308990696658.0, [14214982.5, 95907291, 6138012243, 5340891, 6138012243, 12275420379]] [11895573804.0, [472602.6666666667, 3709755, 236848320, 329251, 222786752, 347975696]]
Model_cost: [17418103295.333336, [2128.7638888888887, 5638881, 359126200, 913825, 49400505, 124322]] [4263834276.0, [14811.0, 1333359, 85328676, 86895, 77870628, 1216827]] [313619020.0, [20.625, 104020, 6247200, 13140, 6247200, 27210]] [5304816408.0, [5003.25, 1680616, 106002464, 38704, 103509152, 971600038]] [850522264.0, [359.0, 272998, 17356848, 11430, 7767792, 119131]] [307624484634.0, [2118.0, 95907291, 6138012243, 5340891, 6137123727, 95892675]] [1424454592.0, [178.875, 448059, 28517760, 43427, 25506688, 396304]]
Arch_Param: [32, 8192, 8192, 16, 1024, 128]
SK_cost: [20328991177.333332, [815146.8888888889, 6360929, 406836408, 451585, 334122168, 644503073]] [4296877092.0, [203631.0, 1333359, 85328676, 86895, 85328676, 169873263]] [314877520.0, [13130.0, 104020, 6247200, 13140, 6247200, 13130]] [5716213856.0, [223516.0, 1783016, 113702944, 38704, 113702944, 210388252]] [1113049400.0, [43782.0, 348166, 22167600, 9830, 21389872, 42729542]] [308990696658.0, [14214982.5, 95907291, 6138012243, 5340891, 6138012243, 12275420379]] [11895573804.0, [472602.6666666667, 3709755, 236848320, 329251, 222786752, 347975696]]
Model_cost: [17390008271.333336, [2016.263888888889, 5638881, 359126200, 475009, 49400505, 768162]] [4263834276.0, [14811.0, 1333359, 85328676, 86895, 77870628, 1216827]] [313619020.0, [20.625, 104020, 6247200, 13140, 6247200, 27210]] [5304816408.0, [5003.25, 1680616, 106002464, 38704, 103509152, 971600038]] [850456728.0, [359.0, 272998, 17356848, 10406, 7767792, 120923]] [307624484634.0, [2118.0, 95907291, 6138012243, 5340891, 6137123727, 95892675]] [1424363164.0, [178.5, 446715, 28517760, 42083, 25506688, 398416]]
Arch_Param: [32, 8192, 8192, 16, 1024, 256]
SK_cost: [20328991177.333332, [815146.8888888889, 6360929, 406836408, 451585, 334122168, 644503073]] [4296877092.0, [203631.0, 1333359, 85328676, 86895, 85328676, 169873263]] [314877520.0, [13130.0, 104020, 6247200, 13140, 6247200, 13130]] [5716213856.0, [223516.0, 1783016, 113702944, 38704, 113702944, 210388252]] [1113049400.0, [43782.0, 348166, 22167600, 9830, 21389872, 42729542]] [308990696658.0, [14214982.5, 95907291, 6138012243, 5340891, 6138012243, 12275420379]] [11895573804.0, [472602.6666666667, 3709755, 236848320, 329251, 222786752, 347975696]]
Model_cost: [17390008271.333336, [2016.263888888889, 5638881, 359126200, 475009, 49400505, 768162]] [4263834276.0, [14811.0, 1333359, 85328676, 86895, 77870628, 1216827]] [313619020.0, [20.625, 104020, 6247200, 13140, 6247200, 27210]] [5304816408.0, [5003.25, 1680616, 106002464, 38704, 103509152, 971600038]] [850438680.0, [359.0, 272998, 17356848, 9830, 7777200, 121196]] [307624484634.0, [2118.0, 95907291, 6138012243, 5340891, 6137123727, 95892675]] [1424363164.0, [178.5, 446715, 28517760, 42083, 25506688, 398416]]
Arch_Param: [32, 8192, 8192, 16, 1024, 512]
SK_cost: [20328991177.333332, [815146.8888888889, 6360929, 406836408, 451585, 334122168, 644503073]] [4296877092.0, [203631.0, 1333359, 85328676, 86895, 85328676, 169873263]] [314877520.0, [13130.0, 104020, 6247200, 13140, 6247200, 13130]] [5716213856.0, [223516.0, 1783016, 113702944, 38704, 113702944, 210388252]] [1113049400.0, [43782.0, 348166, 22167600, 9830, 21389872, 42729542]] [308990696658.0, [14214982.5, 95907291, 6138012243, 5340891, 6138012243, 12275420379]] [11895573804.0, [472602.6666666667, 3709755, 236848320, 329251, 222786752, 347975696]]
Model_cost: [17389681331.333336, [2010.638888888889, 5634081, 359126200, 470209, 49400505, 770594]] [4263834276.0, [14811.0, 1333359, 85328676, 86895, 77870628, 1216827]] [313619020.0, [20.625, 104020, 6247200, 13140, 6247200, 27210]] [5304816408.0, [5003.25, 1680616, 106002464, 38704, 103509152, 971600038]] [850419864.0, [359.0, 272998, 17356848, 9830, 7767792, 121049]] [307624484634.0, [2118.0, 95907291, 6138012243, 5340891, 6137123727, 95892675]] [1424363164.0, [178.5, 446715, 28517760, 42083, 25506688, 398416]]
Arch_Param: [32, 8192, 8192, 32, 256, 64]
SK_cost: [11622231881.333334, [462656.22222222225, 14471873, 231526584, 254913, 195169464, 366597665]] [4312876068.0, [203631.0, 5333103, 85328676, 86895, 85328676, 169873263]] [316025160.0, [13130.0, 390450, 6247200, 13170, 6247200, 13130]] [5737513288.0, [223516.0, 7106434, 113702944, 38794, 113702944, 210388252]] [558628152.0, [21894.0, 693254, 11083824, 4918, 10707504, 21364806]] [310141573026.0, [14214982.5, 383626383, 6138012243, 5340891, 6138012243, 12275420379]] [10897713200.0, [427354.6666666666, 13498604, 215891136, 256724, 211743936, 325890064]]
Model_cost: [9971712303.333332, [1146.5972222222222, 12767937, 204263608, 266817, 49400505, 3066018]] [4279833252.0, [14811.0, 5333103, 85328676, 86895, 77870628, 4866975]] [314766600.0, [20.0, 390450, 6247200, 13170, 6247200, 390410]] [5324641220.0, [5002.625, 6635394, 106002464, 38794, 103509152, 971968092]] [434623512.0, [183.0, 542918, 8678448, 5206, 7767792, 483419]] [308775361002.0, [2118.0, 383626383, 6138012243, 5340891, 6137123727, 383570187]] [1324871552.0, [143.5, 1647980, 26356864, 33172, 25506688, 1593424]]
Arch_Param: [32, 8192, 8192, 32, 256, 128]
SK_cost: [11622231881.333334, [462656.22222222225, 14471873, 231526584, 254913, 195169464, 366597665]] [4312876068.0, [203631.0, 5333103, 85328676, 86895, 85328676, 169873263]] [316025160.0, [13130.0, 390450, 6247200, 13170, 6247200, 13130]] [5737513288.0, [223516.0, 7106434, 113702944, 38794, 113702944, 210388252]] [558628152.0, [21894.0, 693254, 11083824, 4918, 10707504, 21364806]] [310141573026.0, [14214982.5, 383626383, 6138012243, 5340891, 6138012243, 12275420379]] [10897713200.0, [427354.6666666666, 13498604, 215891136, 256724, 211743936, 325890064]]
Model_cost: [9971712303.333332, [1146.5972222222222, 12767937, 204263608, 266817, 49400505, 3066018]] [4279833252.0, [14811.0, 5333103, 85328676, 86895, 77870628, 4866975]] [314766600.0, [20.0, 390450, 6247200, 13170, 6247200, 390410]] [5324641220.0, [5002.625, 6635394, 106002464, 38794, 103509152, 971968092]] [434623512.0, [183.0, 542918, 8678448, 5206, 7767792, 483419]] [308775361002.0, [2118.0, 383626383, 6138012243, 5340891, 6137123727, 383570187]] [1324871552.0, [143.5, 1647980, 26356864, 33172, 25506688, 1593424]]
Arch_Param: [32, 8192, 8192, 32, 256, 256]
SK_cost: [11622231881.333334, [462656.22222222225, 14471873, 231526584, 254913, 195169464, 366597665]] [4312876068.0, [203631.0, 5333103, 85328676, 86895, 85328676, 169873263]] [316025160.0, [13130.0, 390450, 6247200, 13170, 6247200, 13130]] [5737513288.0, [223516.0, 7106434, 113702944, 38794, 113702944, 210388252]] [558628152.0, [21894.0, 693254, 11083824, 4918, 10707504, 21364806]] [310141573026.0, [14214982.5, 383626383, 6138012243, 5340891, 6138012243, 12275420379]] [10897713200.0, [427354.6666666666, 13498604, 215891136, 256724, 211743936, 325890064]]
Model_cost: [9971552163.333332, [1142.4722222222222, 12767937, 204263608, 264321, 49400505, 3080930]] [4279833252.0, [14811.0, 5333103, 85328676, 86895, 77870628, 4866975]] [314766600.0, [20.0, 390450, 6247200, 13170, 6247200, 390410]] [5324641220.0, [5002.625, 6635394, 106002464, 38794, 103509152, 971968092]] [434605080.0, [183.0, 542918, 8678448, 4918, 7767792, 483986]] [308775361002.0, [2118.0, 383626383, 6138012243, 5340891, 6137123727, 383570187]] [1324871552.0, [143.5, 1647980, 26356864, 33172, 25506688, 1593424]]
Arch_Param: [32, 8192, 8192, 32, 512, 64]
SK_cost: [11593287317.333334, [462656.22222222225, 7236196, 231526584, 254884, 195169464, 366597665]] [4302210084.0, [203631.0, 2666607, 85328676, 86895, 85328676, 169873263]] [315243000.0, [13130.0, 195230, 6247200, 13150, 6247200, 13130]] [5723296600.0, [223516.0, 3553222, 113702944, 38734, 113702944, 210388252]] [557243704.0, [21894.0, 347142, 11083824, 4918, 10707504, 21364806]] [309374322114.0, [14214982.5, 191813655, 6138012243, 5340891, 6138012243, 12275420379]] [10870708440.0, [427354.6666666666, 6749302, 215891136, 256606, 211743936, 325890064]]
Model_cost: [9946175611.333332, [1146.5972222222222, 6384228, 204263608, 266788, 49400505, 1534114]] [4269167268.0, [14811.0, 2666607, 85328676, 86895, 77870628, 2433543]] [313984440.0, [20.0, 195230, 6247200, 13150, 6247200, 195210]] [5311407572.0, [5002.625, 3327942, 106002464, 38734, 103509152, 971769656]] [433539736.0, [183.0, 271974, 8678448, 5206, 7767792, 241755]] [308008110090.0, [2118.0, 191813655, 6138012243, 5340891, 6137123727, 191785179]] [1321568040.0, [143.5, 823990, 26356864, 33054, 25506688, 796752]]
Arch_Param: [32, 8192, 8192, 32, 512, 128]
SK_cost: [11593287317.333334, [462656.22222222225, 7236196, 231526584, 254884, 195169464, 366597665]] [4302210084.0, [203631.0, 2666607, 85328676, 86895, 85328676, 169873263]] [315243000.0, [13130.0, 195230, 6247200, 13150, 6247200, 13130]] [5723296600.0, [223516.0, 3553222, 113702944, 38734, 113702944, 210388252]] [557243704.0, [21894.0, 347142, 11083824, 4918, 10707504, 21364806]] [309374322114.0, [14214982.5, 191813655, 6138012243, 5340891, 6138012243, 12275420379]] [10870708440.0, [427354.6666666666, 6749302, 215891136, 256606, 211743936, 325890064]]
Model_cost: [9946175611.333332, [1146.5972222222222, 6384228, 204263608, 266788, 49400505, 1534114]] [4269167268.0, [14811.0, 2666607, 85328676, 86895, 77870628, 2433543]] [313984440.0, [20.0, 195230, 6247200, 13150, 6247200, 195210]] [5311407572.0, [5002.625, 3327942, 106002464, 38734, 103509152, 971769656]] [433539736.0, [183.0, 271974, 8678448, 5206, 7767792, 241755]] [308008110090.0, [2118.0, 191813655, 6138012243, 5340891, 6137123727, 191785179]] [1321568040.0, [143.5, 823990, 26356864, 33054, 25506688, 796752]]
Arch_Param: [32, 8192, 8192, 32, 512, 256]
SK_cost: [11593287317.333334, [462656.22222222225, 7236196, 231526584, 254884, 195169464, 366597665]] [4302210084.0, [203631.0, 2666607, 85328676, 86895, 85328676, 169873263]] [315243000.0, [13130.0, 195230, 6247200, 13150, 6247200, 13130]] [5723296600.0, [223516.0, 3553222, 113702944, 38734, 113702944, 210388252]] [557243704.0, [21894.0, 347142, 11083824, 4918, 10707504, 21364806]] [309374322114.0, [14214982.5, 191813655, 6138012243, 5340891, 6138012243, 12275420379]] [10870708440.0, [427354.6666666666, 6749302, 215891136, 256606, 211743936, 325890064]]
Model_cost: [9946015471.333332, [1142.4722222222222, 6384228, 204263608, 264292, 49400505, 1540706]] [4269167268.0, [14811.0, 2666607, 85328676, 86895, 77870628, 2433543]] [313984440.0, [20.0, 195230, 6247200, 13150, 6247200, 195210]] [5311407572.0, [5002.625, 3327942, 106002464, 38734, 103509152, 971769656]] [433521304.0, [183.0, 271974, 8678448, 4918, 7767792, 242028]] [308008110090.0, [2118.0, 191813655, 6138012243, 5340891, 6137123727, 191785179]] [1321568040.0, [143.5, 823990, 26356864, 33054, 25506688, 796752]]
Arch_Param: [32, 8192, 8192, 32, 512, 512]
SK_cost: [11593287317.333334, [462656.22222222225, 7236196, 231526584, 254884, 195169464, 366597665]] [4302210084.0, [203631.0, 2666607, 85328676, 86895, 85328676, 169873263]] [315243000.0, [13130.0, 195230, 6247200, 13150, 6247200, 13130]] [5723296600.0, [223516.0, 3553222, 113702944, 38734, 113702944, 210388252]] [557243704.0, [21894.0, 347142, 11083824, 4918, 10707504, 21364806]] [309374322114.0, [14214982.5, 191813655, 6138012243, 5340891, 6138012243, 12275420379]] [10870708440.0, [427354.6666666666, 6749302, 215891136, 256606, 211743936, 325890064]]
Model_cost: [9946015471.333332, [1142.4722222222222, 6384228, 204263608, 264292, 49400505, 1540706]] [4269167268.0, [14811.0, 2666607, 85328676, 86895, 77870628, 2433543]] [313984440.0, [20.0, 195230, 6247200, 13150, 6247200, 195210]] [5311407572.0, [5002.625, 3327942, 106002464, 38734, 103509152, 971769656]] [433521304.0, [183.0, 271974, 8678448, 4918, 7767792, 242028]] [308008110090.0, [2118.0, 191813655, 6138012243, 5340891, 6137123727, 191785179]] [1321568040.0, [143.5, 823990, 26356864, 33054, 25506688, 796752]]
Arch_Param: [32, 8192, 8192, 32, 1024, 64]
SK_cost: [11578822089.333334, [462656.22222222225, 3619937, 231526584, 254881, 195169464, 366597665]] [4296877092.0, [203631.0, 1333359, 85328676, 86895, 85328676, 169873263]] [314877520.0, [13130.0, 104020, 6247200, 13140, 6247200, 13130]] [5716213856.0, [223516.0, 1783016, 113702944, 38704, 113702944, 210388252]] [556551480.0, [21894.0, 174086, 11083824, 4918, 10707504, 21364806]] [308990696658.0, [14214982.5, 95907291, 6138012243, 5340891, 6138012243, 12275420379]] [10857219372.0, [427354.6666666666, 3377979, 215891136, 256547, 211743936, 325890064]]
Model_cost: [9933461935.333332, [1146.5972222222222, 3205857, 204263608, 266785, 49400505, 768162]] [4263834276.0, [14811.0, 1333359, 85328676, 86895, 77870628, 1216827]] [313619020.0, [20.625, 104020, 6247200, 13140, 6247200, 27210]] [5304816408.0, [5003.25, 1680616, 106002464, 38704, 103509152, 971600038]] [432997848.0, [183.0, 136502, 8678448, 5206, 7767792, 120923]] [307624484634.0, [2118.0, 95907291, 6138012243, 5340891, 6137123727, 95892675]] [1319917948.0, [143.5, 412411, 26356864, 32995, 25506688, 398416]]
Arch_Param: [32, 8192, 8192, 32, 1024, 128]
SK_cost: [11578822089.333334, [462656.22222222225, 3619937, 231526584, 254881, 195169464, 366597665]] [4296877092.0, [203631.0, 1333359, 85328676, 86895, 85328676, 169873263]] [314877520.0, [13130.0, 104020, 6247200, 13140, 6247200, 13130]] [5716213856.0, [223516.0, 1783016, 113702944, 38704, 113702944, 210388252]] [556551480.0, [21894.0, 174086, 11083824, 4918, 10707504, 21364806]] [308990696658.0, [14214982.5, 95907291, 6138012243, 5340891, 6138012243, 12275420379]] [10857219372.0, [427354.6666666666, 3377979, 215891136, 256547, 211743936, 325890064]]
Model_cost: [9933461935.333332, [1146.5972222222222, 3205857, 204263608, 266785, 49400505, 768162]] [4263834276.0, [14811.0, 1333359, 85328676, 86895, 77870628, 1216827]] [313619020.0, [20.625, 104020, 6247200, 13140, 6247200, 27210]] [5304816408.0, [5003.25, 1680616, 106002464, 38704, 103509152, 971600038]] [432997848.0, [183.0, 136502, 8678448, 5206, 7767792, 120923]] [307624484634.0, [2118.0, 95907291, 6138012243, 5340891, 6137123727, 95892675]] [1319917948.0, [143.5, 412411, 26356864, 32995, 25506688, 398416]]
Arch_Param: [32, 8192, 8192, 32, 1024, 256]
SK_cost: [11578822089.333334, [462656.22222222225, 3619937, 231526584, 254881, 195169464, 366597665]] [4296877092.0, [203631.0, 1333359, 85328676, 86895, 85328676, 169873263]] [314877520.0, [13130.0, 104020, 6247200, 13140, 6247200, 13130]] [5716213856.0, [223516.0, 1783016, 113702944, 38704, 113702944, 210388252]] [556551480.0, [21894.0, 174086, 11083824, 4918, 10707504, 21364806]] [308990696658.0, [14214982.5, 95907291, 6138012243, 5340891, 6138012243, 12275420379]] [10857219372.0, [427354.6666666666, 3377979, 215891136, 256547, 211743936, 325890064]]
Model_cost: [9933291811.333332, [1142.4722222222222, 3203361, 204263608, 264289, 49400505, 770594]] [4263834276.0, [14811.0, 1333359, 85328676, 86895, 77870628, 1216827]] [313619020.0, [20.625, 104020, 6247200, 13140, 6247200, 27210]] [5304816408.0, [5003.25, 1680616, 106002464, 38704, 103509152, 971600038]] [432979416.0, [183.0, 136502, 8678448, 4918, 7767792, 121049]] [307624484634.0, [2118.0, 95907291, 6138012243, 5340891, 6137123727, 95892675]] [1319917948.0, [143.5, 412411, 26356864, 32995, 25506688, 398416]]
Arch_Param: [32, 8192, 8192, 32, 1024, 512]
SK_cost: [11578822089.333334, [462656.22222222225, 3619937, 231526584, 254881, 195169464, 366597665]] [4296877092.0, [203631.0, 1333359, 85328676, 86895, 85328676, 169873263]] [314877520.0, [13130.0, 104020, 6247200, 13140, 6247200, 13130]] [5716213856.0, [223516.0, 1783016, 113702944, 38704, 113702944, 210388252]] [556551480.0, [21894.0, 174086, 11083824, 4918, 10707504, 21364806]] [308990696658.0, [14214982.5, 95907291, 6138012243, 5340891, 6138012243, 12275420379]] [10857219372.0, [427354.6666666666, 3377979, 215891136, 256547, 211743936, 325890064]]
Model_cost: [9933291811.333332, [1142.4722222222222, 3203361, 204263608, 264289, 49400505, 770594]] [4263834276.0, [14811.0, 1333359, 85328676, 86895, 77870628, 1216827]] [313619020.0, [20.625, 104020, 6247200, 13140, 6247200, 27210]] [5304816408.0, [5003.25, 1680616, 106002464, 38704, 103509152, 971600038]] [432979416.0, [183.0, 136502, 8678448, 4918, 7767792, 121049]] [307624484634.0, [2118.0, 95907291, 6138012243, 5340891, 6137123727, 95892675]] [1319917948.0, [143.5, 412411, 26356864, 32995, 25506688, 398416]]
Arch_Param: [32, 8192, 4096, 4, 256, 64]
SK_cost: [73406306558.66667, [5770538.111111111, 91214401, 1459298552, 1634145, 1168280760, 2312820257]] [8290919460.0, [639087.0, 10223727, 163578660, 164463, 163185444, 325586799]] [317284680, [26250, 390450, 6247200, 13170, 6247200, 13130]] [5758919752, [446500, 7106434, 113702944, 38794, 113702944, 210388252]] [4485460280, [350214, 5545990, 88670256, 39302, 85484080, 170917958]] [622126846674.0, [47951421.0, 767215743, 12275433555, 10680855, 12275130963, 24549657819]] [21035140432.0, [1681875.0, 26148076, 417716928, 820436, 333083840, 568569872]]
Model_cost: [62500748678.0, [14507.5, 80564801, 1288904952, 3294657, 49400505, 136610]] [8061938724.0, [31263.0, 10223727, 163578660, 164463, 77870628, 4866975]] [314767560.0, [30.0, 390450, 6247200, 13170, 6247200, 390410]] [5325118592.0, [9975.25, 6635394, 106002464, 38794, 103509152, 971968092]] [3376870456, [2826, 4343302, 69427248, 174726, 7767792, 19803]] [605248042122.0, [5691.0, 767215743, 12275433555, 10680855, 6137123727, 383570187]] [2357765416.0, [825.25, 2983404, 47652928, 115604, 25506688, 1502608]]
Arch_Param: [32, 8192, 4096, 4, 256, 128]
SK_cost: [73406306558.66667, [5770538.111111111, 91214401, 1459298552, 1634145, 1168280760, 2312820257]] [8290919460.0, [639087.0, 10223727, 163578660, 164463, 163185444, 325586799]] [317284680, [26250, 390450, 6247200, 13170, 6247200, 13130]] [5758919752, [446500, 7106434, 113702944, 38794, 113702944, 210388252]] [4485460280, [350214, 5545990, 88670256, 39302, 85484080, 170917958]] [622126846674.0, [47951421.0, 767215743, 12275433555, 10680855, 12275130963, 24549657819]] [21035140432.0, [1681875.0, 26148076, 417716928, 820436, 333083840, 568569872]]
Model_cost: [62500748678.0, [14507.5, 80564801, 1288904952, 3294657, 49400505, 136610]] [8061938724.0, [31263.0, 10223727, 163578660, 164463, 77870628, 4866975]] [314767560.0, [30.0, 390450, 6247200, 13170, 6247200, 390410]] [5325118592.0, [9975.25, 6635394, 106002464, 38794, 103509152, 971968092]] [3368612920.0, [2826.0, 4343302, 69427248, 45702, 7767792, 475483]] [605248042122.0, [5691.0, 767215743, 12275433555, 10680855, 6137123727, 383570187]] [2357306088.0, [819.25, 2983404, 47652928, 108436, 25506688, 1579792]]
Arch_Param: [32, 8192, 4096, 4, 256, 256]
SK_cost: [73406306558.66667, [5770538.111111111, 91214401, 1459298552, 1634145, 1168280760, 2312820257]] [8290919460.0, [639087.0, 10223727, 163578660, 164463, 163185444, 325586799]] [317284680, [26250, 390450, 6247200, 13170, 6247200, 13130]] [5758919752, [446500, 7106434, 113702944, 38794, 113702944, 210388252]] [4485460280, [350214, 5545990, 88670256, 39302, 85484080, 170917958]] [622126846674.0, [47951421.0, 767215743, 12275433555, 10680855, 12275130963, 24549657819]] [21035140432.0, [1681875.0, 26148076, 417716928, 820436, 333083840, 568569872]]
Model_cost: [62500748678.0, [14507.5, 80564801, 1288904952, 3294657, 49400505, 136610]] [8061938724.0, [31263.0, 10223727, 163578660, 164463, 77870628, 4866975]] [314767560.0, [30.0, 390450, 6247200, 13170, 6247200, 390410]] [5325118592.0, [9975.25, 6635394, 106002464, 38794, 103509152, 971968092]] [3368597176.0, [2826.0, 4343302, 69427248, 43398, 7833648, 480166]] [605248042122.0, [5691.0, 767215743, 12275433555, 10680855, 6137123727, 383570187]] [2357306088.0, [819.25, 2983404, 47652928, 108436, 25506688, 1579792]]
Arch_Param: [32, 8192, 4096, 4, 512, 64]
SK_cost: [73223876938.66667, [5770538.111111111, 45607460, 1459298552, 1634116, 1168280760, 2312820257]] [8270472228.0, [639087.0, 5111919, 163578660, 164463, 163185444, 325586799]] [316502520, [26250, 195230, 6247200, 13150, 6247200, 13130]] [5744703064, [446500, 3553222, 113702944, 38734, 113702944, 210388252]] [4474384696, [350214, 2777094, 88670256, 39302, 85484080, 170917958]] [620592418578.0, [47951421.0, 383608719, 12275433555, 10680855, 12275130963, 24549657819]] [20982836728.0, [1681875.0, 13074038, 417716928, 820318, 333083840, 568569872]]
Model_cost: [62339618258.0, [14507.5, 40282660, 1288904952, 3294628, 49400505, 128418]] [8041491492.0, [31263.0, 5111919, 163578660, 164463, 77870628, 2433543]] [313985400.0, [30.0, 195230, 6247200, 13150, 6247200, 195210]] [5311884944.0, [9975.25, 3327942, 106002464, 38734, 103509152, 971769656]] [3368200248, [2826, 2175750, 69427248, 174726, 7767792, 19803]] [603713614026.0, [5691.0, 383608719, 12275433555, 10680855, 6137123727, 191785179]] [2351791056.0, [825.25, 1491702, 47652928, 115486, 25506688, 754576]]
Arch_Param: [32, 8192, 4096, 4, 512, 128]
SK_cost: [73223876938.66667, [5770538.111111111, 45607460, 1459298552, 1634116, 1168280760, 2312820257]] [8270472228.0, [639087.0, 5111919, 163578660, 164463, 163185444, 325586799]] [316502520, [26250, 195230, 6247200, 13150, 6247200, 13130]] [5744703064, [446500, 3553222, 113702944, 38734, 113702944, 210388252]] [4474384696, [350214, 2777094, 88670256, 39302, 85484080, 170917958]] [620592418578.0, [47951421.0, 383608719, 12275433555, 10680855, 12275130963, 24549657819]] [20982836728.0, [1681875.0, 13074038, 417716928, 820318, 333083840, 568569872]]
Model_cost: [62339618258.0, [14507.5, 40282660, 1288904952, 3294628, 49400505, 128418]] [8041491492.0, [31263.0, 5111919, 163578660, 164463, 77870628, 2433543]] [313985400.0, [30.0, 195230, 6247200, 13150, 6247200, 195210]] [5311884944.0, [9975.25, 3327942, 106002464, 38734, 103509152, 971769656]] [3359942712.0, [2826.0, 2175750, 69427248, 45702, 7767792, 237915]] [603713614026.0, [5691.0, 383608719, 12275433555, 10680855, 6137123727, 191785179]] [2351331728.0, [819.25, 1491702, 47652928, 108318, 25506688, 790800]]
Arch_Param: [32, 8192, 4096, 4, 512, 256]
SK_cost: [73223876938.66667, [5770538.111111111, 45607460, 1459298552, 1634116, 1168280760, 2312820257]] [8270472228.0, [639087.0, 5111919, 163578660, 164463, 163185444, 325586799]] [316502520, [26250, 195230, 6247200, 13150, 6247200, 13130]] [5744703064, [446500, 3553222, 113702944, 38734, 113702944, 210388252]] [4474384696, [350214, 2777094, 88670256, 39302, 85484080, 170917958]] [620592418578.0, [47951421.0, 383608719, 12275433555, 10680855, 12275130963, 24549657819]] [20982836728.0, [1681875.0, 13074038, 417716928, 820318, 333083840, 568569872]]
Model_cost: [62339618258.0, [14507.5, 40282660, 1288904952, 3294628, 49400505, 128418]] [8041491492.0, [31263.0, 5111919, 163578660, 164463, 77870628, 2433543]] [313985400.0, [30.0, 195230, 6247200, 13150, 6247200, 195210]] [5311884944.0, [9975.25, 3327942, 106002464, 38734, 103509152, 971769656]] [3359926968.0, [2826.0, 2175750, 69427248, 43398, 7833648, 240246]] [603713614026.0, [5691.0, 383608719, 12275433555, 10680855, 6137123727, 191785179]] [2351331728.0, [819.25, 1491702, 47652928, 108318, 25506688, 790800]]
Arch_Param: [32, 8192, 4096, 4, 512, 512]
SK_cost: [73223876938.66667, [5770538.111111111, 45607460, 1459298552, 1634116, 1168280760, 2312820257]] [8270472228.0, [639087.0, 5111919, 163578660, 164463, 163185444, 325586799]] [316502520, [26250, 195230, 6247200, 13150, 6247200, 13130]] [5744703064, [446500, 3553222, 113702944, 38734, 113702944, 210388252]] [4474384696, [350214, 2777094, 88670256, 39302, 85484080, 170917958]] [620592418578.0, [47951421.0, 383608719, 12275433555, 10680855, 12275130963, 24549657819]] [20982836728.0, [1681875.0, 13074038, 417716928, 820318, 333083840, 568569872]]
Model_cost: [62239310258.0, [14432.5, 40282660, 1288904952, 1727428, 49400505, 1534114]] [8041491492.0, [31263.0, 5111919, 163578660, 164463, 77870628, 2433543]] [313985400.0, [30.0, 195230, 6247200, 13150, 6247200, 195210]] [5311884944.0, [9975.25, 3327942, 106002464, 38734, 103509152, 971769656]] [3359589560.0, [2826.0, 2175750, 69427248, 39302, 7796016, 242910]] [603713614026.0, [5691.0, 383608719, 12275433555, 10680855, 6137123727, 191785179]] [2351024024.0, [814.0, 1491702, 47652928, 103518, 25506688, 796752]]
Arch_Param: [32, 8192, 4096, 4, 1024, 64]
SK_cost: [73132712574.66667, [5770538.111111111, 22816417, 1459298552, 1634113, 1168280760, 2312820257]] [8260248612.0, [639087.0, 2556015, 163578660, 164463, 163185444, 325586799]] [316137040, [26250, 104020, 6247200, 13140, 6247200, 13130]] [5737620320, [446500, 1783016, 113702944, 38704, 113702944, 210388252]] [4468846904, [350214, 1392646, 88670256, 39302, 85484080, 170917958]] [619825204530.0, [47951421.0, 191805207, 12275433555, 10680855, 12275130963, 24549657819]] [20956785228.0, [1681875.0, 6562107, 417716928, 820259, 333083840, 568569872]]
Model_cost: [62259476742.0, [14507.5, 20247329, 1288904952, 3294625, 49400505, 124322]] [8031267876.0, [31263.0, 2556015, 163578660, 164463, 77870628, 1216827]] [313620040.0, [31.25, 104020, 6247200, 13140, 6247200, 27210]] [5305293840.0, [9976.5, 1680616, 106002464, 38704, 103509152, 971600038]] [3363865144, [2826, 1091974, 69427248, 174726, 7767792, 19803]] [602946399978.0, [5691.0, 191805207, 12275433555, 10680855, 6137123727, 95892675]] [2348835620.0, [825.25, 753787, 47652928, 115427, 25506688, 380560]]
Arch_Param: [32, 8192, 4096, 4, 1024, 128]
SK_cost: [73132712574.66667, [5770538.111111111, 22816417, 1459298552, 1634113, 1168280760, 2312820257]] [8260248612.0, [639087.0, 2556015, 163578660, 164463, 163185444, 325586799]] [316137040, [26250, 104020, 6247200, 13140, 6247200, 13130]] [5737620320, [446500, 1783016, 113702944, 38704, 113702944, 210388252]] [4468846904, [350214, 1392646, 88670256, 39302, 85484080, 170917958]] [619825204530.0, [47951421.0, 191805207, 12275433555, 10680855, 12275130963, 24549657819]] [20956785228.0, [1681875.0, 6562107, 417716928, 820259, 333083840, 568569872]]
Model_cost: [62259476742.0, [14507.5, 20247329, 1288904952, 3294625, 49400505, 124322]] [8031267876.0, [31263.0, 2556015, 163578660, 164463, 77870628, 1216827]] [313620040.0, [31.25, 104020, 6247200, 13140, 6247200, 27210]] [5305293840.0, [9976.5, 1680616, 106002464, 38704, 103509152, 971600038]] [3355607608.0, [2826.0, 1091974, 69427248, 45702, 7767792, 119131]] [602946399978.0, [5691.0, 191805207, 12275433555, 10680855, 6137123727, 95892675]] [2348376292.0, [819.25, 753787, 47652928, 108259, 25506688, 396304]]
Arch_Param: [32, 8192, 4096, 4, 1024, 256]
SK_cost: [73132712574.66667, [5770538.111111111, 22816417, 1459298552, 1634113, 1168280760, 2312820257]] [8260248612.0, [639087.0, 2556015, 163578660, 164463, 163185444, 325586799]] [316137040, [26250, 104020, 6247200, 13140, 6247200, 13130]] [5737620320, [446500, 1783016, 113702944, 38704, 113702944, 210388252]] [4468846904, [350214, 1392646, 88670256, 39302, 85484080, 170917958]] [619825204530.0, [47951421.0, 191805207, 12275433555, 10680855, 12275130963, 24549657819]] [20956785228.0, [1681875.0, 6562107, 417716928, 820259, 333083840, 568569872]]
Model_cost: [62259476742.0, [14507.5, 20247329, 1288904952, 3294625, 49400505, 124322]] [8031267876.0, [31263.0, 2556015, 163578660, 164463, 77870628, 1216827]] [313620040.0, [31.25, 104020, 6247200, 13140, 6247200, 27210]] [5305293840.0, [9976.5, 1680616, 106002464, 38704, 103509152, 971600038]] [3355591864.0, [2826.0, 1091974, 69427248, 43398, 7833648, 120286]] [602946399978.0, [5691.0, 191805207, 12275433555, 10680855, 6137123727, 95892675]] [2348376292.0, [819.25, 753787, 47652928, 108259, 25506688, 396304]]
Arch_Param: [32, 8192, 4096, 4, 1024, 512]
SK_cost: [73132712574.66667, [5770538.111111111, 22816417, 1459298552, 1634113, 1168280760, 2312820257]] [8260248612.0, [639087.0, 2556015, 163578660, 164463, 163185444, 325586799]] [316137040, [26250, 104020, 6247200, 13140, 6247200, 13130]] [5737620320, [446500, 1783016, 113702944, 38704, 113702944, 210388252]] [4468846904, [350214, 1392646, 88670256, 39302, 85484080, 170917958]] [619825204530.0, [47951421.0, 191805207, 12275433555, 10680855, 12275130963, 24549657819]] [20956785228.0, [1681875.0, 6562107, 417716928, 820259, 333083840, 568569872]]
Model_cost: [62159168742.0, [14432.5, 20247329, 1288904952, 1727425, 49400505, 768162]] [8031267876.0, [31263.0, 2556015, 163578660, 164463, 77870628, 1216827]] [313620040.0, [31.25, 104020, 6247200, 13140, 6247200, 27210]] [5305293840.0, [9976.5, 1680616, 106002464, 38704, 103509152, 971600038]] [3355254456.0, [2826.0, 1091974, 69427248, 39302, 7796016, 121490]] [602946399978.0, [5691.0, 191805207, 12275433555, 10680855, 6137123727, 95892675]] [2348049388.0, [814.0, 748987, 47652928, 103459, 25506688, 398416]]
Arch_Param: [32, 8192, 4096, 8, 256, 64]
SK_cost: [38118522793.333336, [2994342.5555555555, 47352385, 757568376, 845281, 612138168, 1200535073]] [4325336100.0, [333423.0, 5333103, 85328676, 86895, 85328676, 169873263]] [317284680, [26250, 390450, 6247200, 13170, 6247200, 13130]] [5758919752, [446500, 7106434, 113702944, 38794, 113702944, 210388252]] [2242756920, [175110, 2772998, 44335152, 19654, 42754608, 85459014]] [311078721138.0, [23976942.0, 383626383, 6138012243, 5340891, 6138012243, 12275420379]] [14077515088.0, [1114579.0, 17443052, 278762688, 474836, 244872384, 392146960]]
Model_cost: [32486281854.0, [7544.75, 41814593, 668963704, 1706881, 49400505, 136610]] [4281244452.0, [29511.0, 5333103, 85328676, 86895, 77870628, 4866975]] [314767560.0, [30.0, 390450, 6247200, 13170, 6247200, 390410]] [5325118592.0, [9975.25, 6635394, 106002464, 38794, 103509152, 971968092]] [1692075896.0, [1416.0, 2171654, 34713648, 22854, 7767792, 475483]] [308775549066.0, [4077.0, 383626383, 6138012243, 5340891, 6137123727, 383570187]] [1639605992.0, [483.25, 2055020, 32839552, 62932, 25506688, 1579792]]
Arch_Param: [32, 8192, 4096, 8, 256, 128]
SK_cost: [38118522793.333336, [2994342.5555555555, 47352385, 757568376, 845281, 612138168, 1200535073]] [4325336100.0, [333423.0, 5333103, 85328676, 86895, 85328676, 169873263]] [317284680, [26250, 390450, 6247200, 13170, 6247200, 13130]] [5758919752, [446500, 7106434, 113702944, 38794, 113702944, 210388252]] [2242756920, [175110, 2772998, 44335152, 19654, 42754608, 85459014]] [311078721138.0, [23976942.0, 383626383, 6138012243, 5340891, 6138012243, 12275420379]] [14077515088.0, [1114579.0, 17443052, 278762688, 474836, 244872384, 392146960]]
Model_cost: [32486281854.0, [7544.75, 41814593, 668963704, 1706881, 49400505, 136610]] [4281244452.0, [29511.0, 5333103, 85328676, 86895, 77870628, 4866975]] [314767560.0, [30.0, 390450, 6247200, 13170, 6247200, 390410]] [5325118592.0, [9975.25, 6635394, 106002464, 38794, 103509152, 971968092]] [1692075896.0, [1416.0, 2171654, 34713648, 22854, 7767792, 475483]] [308775549066.0, [4077.0, 383626383, 6138012243, 5340891, 6137123727, 383570187]] [1639605992.0, [483.25, 2055020, 32839552, 62932, 25506688, 1579792]]
Arch_Param: [32, 8192, 4096, 8, 256, 256]
SK_cost: [38118522793.333336, [2994342.5555555555, 47352385, 757568376, 845281, 612138168, 1200535073]] [4325336100.0, [333423.0, 5333103, 85328676, 86895, 85328676, 169873263]] [317284680, [26250, 390450, 6247200, 13170, 6247200, 13130]] [5758919752, [446500, 7106434, 113702944, 38794, 113702944, 210388252]] [2242756920, [175110, 2772998, 44335152, 19654, 42754608, 85459014]] [311078721138.0, [23976942.0, 383626383, 6138012243, 5340891, 6138012243, 12275420379]] [14077515088.0, [1114579.0, 17443052, 278762688, 474836, 244872384, 392146960]]
Model_cost: [32434118238.0, [7469.75, 41814593, 668963704, 891937, 49400505, 3066018]] [4281244452.0, [29511.0, 5333103, 85328676, 86895, 77870628, 4866975]] [314767560.0, [30.0, 390450, 6247200, 13170, 6247200, 390410]] [5325118592.0, [9975.25, 6635394, 106002464, 38794, 103509152, 971968092]] [1691927544.0, [1416.0, 2171654, 34713648, 19654, 7796016, 485750]] [308775549066.0, [4077.0, 383626383, 6138012243, 5340891, 6137123727, 383570187]] [1639446032.0, [481.0, 2055020, 32839552, 60436, 25506688, 1593424]]
Arch_Param: [32, 8192, 4096, 8, 512, 64]
SK_cost: [38023817205.333336, [2994342.5555555555, 23676452, 757568376, 845252, 612138168, 1200535073]] [4314670116.0, [333423.0, 2666607, 85328676, 86895, 85328676, 169873263]] [316502520, [26250, 195230, 6247200, 13150, 6247200, 13130]] [5744703064, [446500, 3553222, 113702944, 38734, 113702944, 210388252]] [2237219128, [175110, 1388550, 44335152, 19654, 42754608, 85459014]] [310311470226.0, [23976942.0, 191813655, 6138012243, 5340891, 6138012243, 12275420379]] [14042621432.0, [1114579.0, 8721526, 278762688, 474718, 244872384, 392146960]]
Model_cost: [32402651850.0, [7544.75, 20907556, 668963704, 1706852, 49400505, 128418]] [4270578468.0, [29511.0, 2666607, 85328676, 86895, 77870628, 2433543]] [313985400.0, [30.0, 195230, 6247200, 13150, 6247200, 195210]] [5311884944.0, [9975.25, 3327942, 106002464, 38734, 103509152, 971769656]] [1687740792.0, [1416.0, 1087878, 34713648, 22854, 7767792, 237915]] [308008298154.0, [4077.0, 191813655, 6138012243, 5340891, 6137123727, 191785179]] [1635488400.0, [483.25, 1027510, 32839552, 62814, 25506688, 790800]]
Arch_Param: [32, 8192, 4096, 8, 512, 128]
SK_cost: [38023817205.333336, [2994342.5555555555, 23676452, 757568376, 845252, 612138168, 1200535073]] [4314670116.0, [333423.0, 2666607, 85328676, 86895, 85328676, 169873263]] [316502520, [26250, 195230, 6247200, 13150, 6247200, 13130]] [5744703064, [446500, 3553222, 113702944, 38734, 113702944, 210388252]] [2237219128, [175110, 1388550, 44335152, 19654, 42754608, 85459014]] [310311470226.0, [23976942.0, 191813655, 6138012243, 5340891, 6138012243, 12275420379]] [14042621432.0, [1114579.0, 8721526, 278762688, 474718, 244872384, 392146960]]
Model_cost: [32402651850.0, [7544.75, 20907556, 668963704, 1706852, 49400505, 128418]] [4270578468.0, [29511.0, 2666607, 85328676, 86895, 77870628, 2433543]] [313985400.0, [30.0, 195230, 6247200, 13150, 6247200, 195210]] [5311884944.0, [9975.25, 3327942, 106002464, 38734, 103509152, 971769656]] [1687740792.0, [1416.0, 1087878, 34713648, 22854, 7767792, 237915]] [308008298154.0, [4077.0, 191813655, 6138012243, 5340891, 6137123727, 191785179]] [1635488400.0, [483.25, 1027510, 32839552, 62814, 25506688, 790800]]
Arch_Param: [32, 8192, 4096, 8, 512, 256]
SK_cost: [38023817205.333336, [2994342.5555555555, 23676452, 757568376, 845252, 612138168, 1200535073]] [4314670116.0, [333423.0, 2666607, 85328676, 86895, 85328676, 169873263]] [316502520, [26250, 195230, 6247200, 13150, 6247200, 13130]] [5744703064, [446500, 3553222, 113702944, 38734, 113702944, 210388252]] [2237219128, [175110, 1388550, 44335152, 19654, 42754608, 85459014]] [310311470226.0, [23976942.0, 191813655, 6138012243, 5340891, 6138012243, 12275420379]] [14042621432.0, [1114579.0, 8721526, 278762688, 474718, 244872384, 392146960]]
Model_cost: [32350488234.0, [7469.75, 20907556, 668963704, 891908, 49400505, 1534114]] [4270578468.0, [29511.0, 2666607, 85328676, 86895, 77870628, 2433543]] [313985400.0, [30.0, 195230, 6247200, 13150, 6247200, 195210]] [5311884944.0, [9975.25, 3327942, 106002464, 38734, 103509152, 971769656]] [1687592440.0, [1416.0, 1087878, 34713648, 19654, 7796016, 242910]] [308008298154.0, [4077.0, 191813655, 6138012243, 5340891, 6137123727, 191785179]] [1635328440.0, [481.0, 1027510, 32839552, 60318, 25506688, 796752]]
Arch_Param: [32, 8192, 4096, 8, 512, 512]
SK_cost: [38023817205.333336, [2994342.5555555555, 23676452, 757568376, 845252, 612138168, 1200535073]] [4314670116.0, [333423.0, 2666607, 85328676, 86895, 85328676, 169873263]] [316502520, [26250, 195230, 6247200, 13150, 6247200, 13130]] [5744703064, [446500, 3553222, 113702944, 38734, 113702944, 210388252]] [2237219128, [175110, 1388550, 44335152, 19654, 42754608, 85459014]] [310311470226.0, [23976942.0, 191813655, 6138012243, 5340891, 6138012243, 12275420379]] [14042621432.0, [1114579.0, 8721526, 278762688, 474718, 244872384, 392146960]]
Model_cost: [32350488234.0, [7469.75, 20907556, 668963704, 891908, 49400505, 1534114]] [4270578468.0, [29511.0, 2666607, 85328676, 86895, 77870628, 2433543]] [313985400.0, [30.0, 195230, 6247200, 13150, 6247200, 195210]] [5311884944.0, [9975.25, 3327942, 106002464, 38734, 103509152, 971769656]] [1687554808.0, [1416.0, 1087878, 34713648, 19654, 7777200, 242322]] [308008298154.0, [4077.0, 191813655, 6138012243, 5340891, 6137123727, 191785179]] [1635328440.0, [481.0, 1027510, 32839552, 60318, 25506688, 796752]]
Arch_Param: [32, 8192, 4096, 8, 1024, 64]
SK_cost: [37976490025.333336, [2994342.5555555555, 11844705, 757568376, 845249, 612138168, 1200535073]] [4309337124.0, [333423.0, 1333359, 85328676, 86895, 85328676, 169873263]] [316137040, [26250, 104020, 6247200, 13140, 6247200, 13130]] [5737620320, [446500, 1783016, 113702944, 38704, 113702944, 210388252]] [2234450232, [175110, 696326, 44335152, 19654, 42754608, 85459014]] [309927844770.0, [23976942.0, 95907291, 6138012243, 5340891, 6138012243, 12275420379]] [14025224780.0, [1114579.0, 4373307, 278762688, 474659, 244872384, 392146960]]
Model_cost: [32361049086.0, [7544.75, 10506913, 668963704, 1706849, 49400505, 124322]] [4265245476.0, [29511.0, 1333359, 85328676, 86895, 77870628, 1216827]] [313620040.0, [31.25, 104020, 6247200, 13140, 6247200, 27210]] [5305293840.0, [9976.5, 1680616, 106002464, 38704, 103509152, 971600038]] [1685573240.0, [1416.0, 545990, 34713648, 22854, 7767792, 119131]] [307624672698.0, [4077.0, 95907291, 6138012243, 5340891, 6137123727, 95892675]] [1633445860.0, [483.25, 517819, 32839552, 62755, 25506688, 396304]]
Arch_Param: [32, 8192, 4096, 8, 1024, 128]
SK_cost: [37976490025.333336, [2994342.5555555555, 11844705, 757568376, 845249, 612138168, 1200535073]] [4309337124.0, [333423.0, 1333359, 85328676, 86895, 85328676, 169873263]] [316137040, [26250, 104020, 6247200, 13140, 6247200, 13130]] [5737620320, [446500, 1783016, 113702944, 38704, 113702944, 210388252]] [2234450232, [175110, 696326, 44335152, 19654, 42754608, 85459014]] [309927844770.0, [23976942.0, 95907291, 6138012243, 5340891, 6138012243, 12275420379]] [14025224780.0, [1114579.0, 4373307, 278762688, 474659, 244872384, 392146960]]
Model_cost: [32361049086.0, [7544.75, 10506913, 668963704, 1706849, 49400505, 124322]] [4265245476.0, [29511.0, 1333359, 85328676, 86895, 77870628, 1216827]] [313620040.0, [31.25, 104020, 6247200, 13140, 6247200, 27210]] [5305293840.0, [9976.5, 1680616, 106002464, 38704, 103509152, 971600038]] [1685573240.0, [1416.0, 545990, 34713648, 22854, 7767792, 119131]] [307624672698.0, [4077.0, 95907291, 6138012243, 5340891, 6137123727, 95892675]] [1633445860.0, [483.25, 517819, 32839552, 62755, 25506688, 396304]]
Arch_Param: [32, 8192, 4096, 8, 1024, 256]
SK_cost: [37976490025.333336, [2994342.5555555555, 11844705, 757568376, 845249, 612138168, 1200535073]] [4309337124.0, [333423.0, 1333359, 85328676, 86895, 85328676, 169873263]] [316137040, [26250, 104020, 6247200, 13140, 6247200, 13130]] [5737620320, [446500, 1783016, 113702944, 38704, 113702944, 210388252]] [2234450232, [175110, 696326, 44335152, 19654, 42754608, 85459014]] [309927844770.0, [23976942.0, 95907291, 6138012243, 5340891, 6138012243, 12275420379]] [14025224780.0, [1114579.0, 4373307, 278762688, 474659, 244872384, 392146960]]
Model_cost: [32308885470.0, [7469.75, 10506913, 668963704, 891905, 49400505, 768162]] [4265245476.0, [29511.0, 1333359, 85328676, 86895, 77870628, 1216827]] [313620040.0, [31.25, 104020, 6247200, 13140, 6247200, 27210]] [5305293840.0, [9976.5, 1680616, 106002464, 38704, 103509152, 971600038]] [1685424888.0, [1416.0, 545990, 34713648, 19654, 7796016, 121490]] [307624672698.0, [4077.0, 95907291, 6138012243, 5340891, 6137123727, 95892675]] [1633275916.0, [481.0, 515323, 32839552, 60259, 25506688, 398416]]
Arch_Param: [32, 8192, 4096, 8, 1024, 512]
SK_cost: [37976490025.333336, [2994342.5555555555, 11844705, 757568376, 845249, 612138168, 1200535073]] [4309337124.0, [333423.0, 1333359, 85328676, 86895, 85328676, 169873263]] [316137040, [26250, 104020, 6247200, 13140, 6247200, 13130]] [5737620320, [446500, 1783016, 113702944, 38704, 113702944, 210388252]] [2234450232, [175110, 696326, 44335152, 19654, 42754608, 85459014]] [309927844770.0, [23976942.0, 95907291, 6138012243, 5340891, 6138012243, 12275420379]] [14025224780.0, [1114579.0, 4373307, 278762688, 474659, 244872384, 392146960]]
Model_cost: [32308885470.0, [7469.75, 10506913, 668963704, 891905, 49400505, 768162]] [4265245476.0, [29511.0, 1333359, 85328676, 86895, 77870628, 1216827]] [313620040.0, [31.25, 104020, 6247200, 13140, 6247200, 27210]] [5305293840.0, [9976.5, 1680616, 106002464, 38704, 103509152, 971600038]] [1685387256.0, [1416.0, 545990, 34713648, 19654, 7777200, 121196]] [307624672698.0, [4077.0, 95907291, 6138012243, 5340891, 6137123727, 95892675]] [1633275916.0, [481.0, 515323, 32839552, 60259, 25506688, 398416]]
Arch_Param: [32, 8192, 4096, 16, 256, 64]
SK_cost: [20481270526.666668, [1606836.7777777778, 25429697, 406836408, 451617, 334122168, 644503073]] [4325336100.0, [333423.0, 5333103, 85328676, 86895, 85328676, 169873263]] [317284680, [26250, 390450, 6247200, 13170, 6247200, 13130]] [5758919752, [446500, 7106434, 113702944, 38794, 113702944, 210388252]] [1121405240, [87558, 1386502, 22167600, 9830, 21389872, 42729542]] [311078721138.0, [23976942.0, 383626383, 6138012243, 5340891, 6138012243, 12275420379]] [11984745808.0, [938707.0, 14813420, 236848320, 329428, 222786752, 347975696]]
Model_cost: [17485527272.666664, [4068.527777777778, 22447809, 359126200, 913857, 49400505, 136610]] [4281244452.0, [29511.0, 5333103, 85328676, 86895, 77870628, 4866975]] [314767560.0, [30.0, 390450, 6247200, 13170, 6247200, 390410]] [5325118592.0, [9975.25, 6635394, 106002464, 38794, 103509152, 971968092]] [853807384.0, [711.0, 1085830, 17356848, 11430, 7767792, 475483]] [308775549066.0, [4077.0, 383626383, 6138012243, 5340891, 6137123727, 383570187]] [1429824152.0, [343.75, 1783660, 28517760, 43604, 25506688, 1579792]]
Arch_Param: [32, 8192, 4096, 16, 256, 128]
SK_cost: [20481270526.666668, [1606836.7777777778, 25429697, 406836408, 451617, 334122168, 644503073]] [4325336100.0, [333423.0, 5333103, 85328676, 86895, 85328676, 169873263]] [317284680, [26250, 390450, 6247200, 13170, 6247200, 13130]] [5758919752, [446500, 7106434, 113702944, 38794, 113702944, 210388252]] [1121405240, [87558, 1386502, 22167600, 9830, 21389872, 42729542]] [311078721138.0, [23976942.0, 383626383, 6138012243, 5340891, 6138012243, 12275420379]] [11984745808.0, [938707.0, 14813420, 236848320, 329428, 222786752, 347975696]]
Model_cost: [17457435848.666664, [3993.527777777778, 22447809, 359126200, 475041, 49400505, 3066018]] [4281244452.0, [29511.0, 5333103, 85328676, 86895, 77870628, 4866975]] [314767560.0, [30.0, 390450, 6247200, 13170, 6247200, 390410]] [5325118592.0, [9975.25, 6635394, 106002464, 38794, 103509152, 971968092]] [853741848.0, [711.0, 1085830, 17356848, 10406, 7767792, 483419]] [308775549066.0, [4077.0, 383626383, 6138012243, 5340891, 6137123727, 383570187]] [1429738064.0, [343.0, 1783660, 28517760, 42260, 25506688, 1593424]]
Arch_Param: [32, 8192, 4096, 16, 256, 256]
SK_cost: [20481270526.666668, [1606836.7777777778, 25429697, 406836408, 451617, 334122168, 644503073]] [4325336100.0, [333423.0, 5333103, 85328676, 86895, 85328676, 169873263]] [317284680, [26250, 390450, 6247200, 13170, 6247200, 13130]] [5758919752, [446500, 7106434, 113702944, 38794, 113702944, 210388252]] [1121405240, [87558, 1386502, 22167600, 9830, 21389872, 42729542]] [311078721138.0, [23976942.0, 383626383, 6138012243, 5340891, 6138012243, 12275420379]] [11984745808.0, [938707.0, 14813420, 236848320, 329428, 222786752, 347975696]]
Model_cost: [17457435848.666664, [3993.527777777778, 22447809, 359126200, 475041, 49400505, 3066018]] [4281244452.0, [29511.0, 5333103, 85328676, 86895, 77870628, 4866975]] [314767560.0, [30.0, 390450, 6247200, 13170, 6247200, 390410]] [5325118592.0, [9975.25, 6635394, 106002464, 38794, 103509152, 971968092]] [853723800.0, [711.0, 1085830, 17356848, 9830, 7777200, 484574]] [308775549066.0, [4077.0, 383626383, 6138012243, 5340891, 6137123727, 383570187]] [1429738064.0, [343.0, 1783660, 28517760, 42260, 25506688, 1593424]]
Arch_Param: [32, 8192, 4096, 16, 512, 64]
SK_cost: [20430410314.666668, [1606836.7777777778, 12715108, 406836408, 451588, 334122168, 644503073]] [4314670116.0, [333423.0, 2666607, 85328676, 86895, 85328676, 169873263]] [316502520, [26250, 195230, 6247200, 13150, 6247200, 13130]] [5744703064, [446500, 3553222, 113702944, 38734, 113702944, 210388252]] [1118636344, [87558, 694278, 22167600, 9830, 21389872, 42729542]] [310311470226.0, [23976942.0, 191813655, 6138012243, 5340891, 6138012243, 12275420379]] [11955111416.0, [938707.0, 7406710, 236848320, 329310, 222786752, 347975696]]
Model_cost: [17440630836.666664, [4068.527777777778, 11224164, 359126200, 913828, 49400505, 128418]] [4270578468.0, [29511.0, 2666607, 85328676, 86895, 77870628, 2433543]] [313985400.0, [30.0, 195230, 6247200, 13150, 6247200, 195210]] [5311884944.0, [9975.25, 3327942, 106002464, 38734, 103509152, 971769656]] [851639832.0, [711.0, 543942, 17356848, 11430, 7767792, 237915]] [308008298154.0, [4077.0, 191813655, 6138012243, 5340891, 6137123727, 191785179]] [1426249280.0, [343.75, 891830, 28517760, 43486, 25506688, 790800]]
Arch_Param: [32, 8192, 4096, 16, 512, 128]
SK_cost: [20430410314.666668, [1606836.7777777778, 12715108, 406836408, 451588, 334122168, 644503073]] [4314670116.0, [333423.0, 2666607, 85328676, 86895, 85328676, 169873263]] [316502520, [26250, 195230, 6247200, 13150, 6247200, 13130]] [5744703064, [446500, 3553222, 113702944, 38734, 113702944, 210388252]] [1118636344, [87558, 694278, 22167600, 9830, 21389872, 42729542]] [310311470226.0, [23976942.0, 191813655, 6138012243, 5340891, 6138012243, 12275420379]] [11955111416.0, [938707.0, 7406710, 236848320, 329310, 222786752, 347975696]]
Model_cost: [17412539412.666664, [3993.527777777778, 11224164, 359126200, 475012, 49400505, 1534114]] [4270578468.0, [29511.0, 2666607, 85328676, 86895, 77870628, 2433543]] [313985400.0, [30.0, 195230, 6247200, 13150, 6247200, 195210]] [5311884944.0, [9975.25, 3327942, 106002464, 38734, 103509152, 971769656]] [851574296.0, [711.0, 543942, 17356848, 10406, 7767792, 241755]] [308008298154.0, [4077.0, 191813655, 6138012243, 5340891, 6137123727, 191785179]] [1426163192.0, [343.0, 891830, 28517760, 42142, 25506688, 796752]]
Arch_Param: [32, 8192, 4096, 16, 512, 256]
SK_cost: [20430410314.666668, [1606836.7777777778, 12715108, 406836408, 451588, 334122168, 644503073]] [4314670116.0, [333423.0, 2666607, 85328676, 86895, 85328676, 169873263]] [316502520, [26250, 195230, 6247200, 13150, 6247200, 13130]] [5744703064, [446500, 3553222, 113702944, 38734, 113702944, 210388252]] [1118636344, [87558, 694278, 22167600, 9830, 21389872, 42729542]] [310311470226.0, [23976942.0, 191813655, 6138012243, 5340891, 6138012243, 12275420379]] [11955111416.0, [938707.0, 7406710, 236848320, 329310, 222786752, 347975696]]
Model_cost: [17412539412.666664, [3993.527777777778, 11224164, 359126200, 475012, 49400505, 1534114]] [4270578468.0, [29511.0, 2666607, 85328676, 86895, 77870628, 2433543]] [313985400.0, [30.0, 195230, 6247200, 13150, 6247200, 195210]] [5311884944.0, [9975.25, 3327942, 106002464, 38734, 103509152, 971769656]] [851556248.0, [711.0, 543942, 17356848, 9830, 7777200, 242322]] [308008298154.0, [4077.0, 191813655, 6138012243, 5340891, 6137123727, 191785179]] [1426163192.0, [343.0, 891830, 28517760, 42142, 25506688, 796752]]
Arch_Param: [32, 8192, 4096, 16, 512, 512]
SK_cost: [20430410314.666668, [1606836.7777777778, 12715108, 406836408, 451588, 334122168, 644503073]] [4314670116.0, [333423.0, 2666607, 85328676, 86895, 85328676, 169873263]] [316502520, [26250, 195230, 6247200, 13150, 6247200, 13130]] [5744703064, [446500, 3553222, 113702944, 38734, 113702944, 210388252]] [1118636344, [87558, 694278, 22167600, 9830, 21389872, 42729542]] [310311470226.0, [23976942.0, 191813655, 6138012243, 5340891, 6138012243, 12275420379]] [11955111416.0, [938707.0, 7406710, 236848320, 329310, 222786752, 347975696]]
Model_cost: [17412231708.666664, [3988.277777777778, 11224164, 359126200, 470212, 49400505, 1540706]] [4270578468.0, [29511.0, 2666607, 85328676, 86895, 77870628, 2433543]] [313985400.0, [30.0, 195230, 6247200, 13150, 6247200, 195210]] [5311884944.0, [9975.25, 3327942, 106002464, 38734, 103509152, 971769656]] [851537432.0, [711.0, 543942, 17356848, 9830, 7767792, 242028]] [308008298154.0, [4077.0, 191813655, 6138012243, 5340891, 6137123727, 191785179]] [1426163192.0, [343.0, 891830, 28517760, 42142, 25506688, 796752]]
Arch_Param: [32, 8192, 4096, 16, 1024, 64]
SK_cost: [20404993406.666668, [1606836.7777777778, 6360929, 406836408, 451585, 334122168, 644503073]] [4309337124.0, [333423.0, 1333359, 85328676, 86895, 85328676, 169873263]] [316137040, [26250, 104020, 6247200, 13140, 6247200, 13130]] [5737620320, [446500, 1783016, 113702944, 38704, 113702944, 210388252]] [1117251896, [87558, 348166, 22167600, 9830, 21389872, 42729542]] [309927844770.0, [23976942.0, 95907291, 6138012243, 5340891, 6138012243, 12275420379]] [11940319820.0, [938707.0, 3709755, 236848320, 329251, 222786752, 347975696]]
Model_cost: [17418289512.666664, [4068.527777777778, 5638881, 359126200, 913825, 49400505, 124322]] [4265245476.0, [29511.0, 1333359, 85328676, 86895, 77870628, 1216827]] [313620040.0, [31.25, 104020, 6247200, 13140, 6247200, 27210]] [5305293840.0, [9976.5, 1680616, 106002464, 38704, 103509152, 971600038]] [850556056.0, [711.0, 272998, 17356848, 11430, 7767792, 119131]] [307624672698.0, [4077.0, 95907291, 6138012243, 5340891, 6137123727, 95892675]] [1424470420.0, [343.75, 448059, 28517760, 43427, 25506688, 396304]]
Arch_Param: [32, 8192, 4096, 16, 1024, 128]
SK_cost: [20404993406.666668, [1606836.7777777778, 6360929, 406836408, 451585, 334122168, 644503073]] [4309337124.0, [333423.0, 1333359, 85328676, 86895, 85328676, 169873263]] [316137040, [26250, 104020, 6247200, 13140, 6247200, 13130]] [5737620320, [446500, 1783016, 113702944, 38704, 113702944, 210388252]] [1117251896, [87558, 348166, 22167600, 9830, 21389872, 42729542]] [309927844770.0, [23976942.0, 95907291, 6138012243, 5340891, 6138012243, 12275420379]] [11940319820.0, [938707.0, 3709755, 236848320, 329251, 222786752, 347975696]]
Model_cost: [17390198088.666664, [3993.527777777778, 5638881, 359126200, 475009, 49400505, 768162]] [4265245476.0, [29511.0, 1333359, 85328676, 86895, 77870628, 1216827]] [313620040.0, [31.25, 104020, 6247200, 13140, 6247200, 27210]] [5305293840.0, [9976.5, 1680616, 106002464, 38704, 103509152, 971600038]] [850490520.0, [711.0, 272998, 17356848, 10406, 7767792, 120923]] [307624672698.0, [4077.0, 95907291, 6138012243, 5340891, 6137123727, 95892675]] [1424378956.0, [343.0, 446715, 28517760, 42083, 25506688, 398416]]
Arch_Param: [32, 8192, 4096, 16, 1024, 256]
SK_cost: [20404993406.666668, [1606836.7777777778, 6360929, 406836408, 451585, 334122168, 644503073]] [4309337124.0, [333423.0, 1333359, 85328676, 86895, 85328676, 169873263]] [316137040, [26250, 104020, 6247200, 13140, 6247200, 13130]] [5737620320, [446500, 1783016, 113702944, 38704, 113702944, 210388252]] [1117251896, [87558, 348166, 22167600, 9830, 21389872, 42729542]] [309927844770.0, [23976942.0, 95907291, 6138012243, 5340891, 6138012243, 12275420379]] [11940319820.0, [938707.0, 3709755, 236848320, 329251, 222786752, 347975696]]
Model_cost: [17390198088.666664, [3993.527777777778, 5638881, 359126200, 475009, 49400505, 768162]] [4265245476.0, [29511.0, 1333359, 85328676, 86895, 77870628, 1216827]] [313620040.0, [31.25, 104020, 6247200, 13140, 6247200, 27210]] [5305293840.0, [9976.5, 1680616, 106002464, 38704, 103509152, 971600038]] [850472472.0, [711.0, 272998, 17356848, 9830, 7777200, 121196]] [307624672698.0, [4077.0, 95907291, 6138012243, 5340891, 6137123727, 95892675]] [1424378956.0, [343.0, 446715, 28517760, 42083, 25506688, 398416]]
Arch_Param: [32, 8192, 4096, 16, 1024, 512]
SK_cost: [20404993406.666668, [1606836.7777777778, 6360929, 406836408, 451585, 334122168, 644503073]] [4309337124.0, [333423.0, 1333359, 85328676, 86895, 85328676, 169873263]] [316137040, [26250, 104020, 6247200, 13140, 6247200, 13130]] [5737620320, [446500, 1783016, 113702944, 38704, 113702944, 210388252]] [1117251896, [87558, 348166, 22167600, 9830, 21389872, 42729542]] [309927844770.0, [23976942.0, 95907291, 6138012243, 5340891, 6138012243, 12275420379]] [11940319820.0, [938707.0, 3709755, 236848320, 329251, 222786752, 347975696]]
Model_cost: [17389871184.666664, [3988.277777777778, 5634081, 359126200, 470209, 49400505, 770594]] [4265245476.0, [29511.0, 1333359, 85328676, 86895, 77870628, 1216827]] [313620040.0, [31.25, 104020, 6247200, 13140, 6247200, 27210]] [5305293840.0, [9976.5, 1680616, 106002464, 38704, 103509152, 971600038]] [850453656.0, [711.0, 272998, 17356848, 9830, 7767792, 121049]] [307624672698.0, [4077.0, 95907291, 6138012243, 5340891, 6137123727, 95892675]] [1424378956.0, [343.0, 446715, 28517760, 42083, 25506688, 398416]]
Arch_Param: [32, 8192, 4096, 32, 256, 64]
SK_cost: [11665500926.666666, [913375.4444444445, 14471873, 231526584, 254913, 195169464, 366597665]] [4325336100.0, [333423.0, 5333103, 85328676, 86895, 85328676, 169873263]] [317284680, [26250, 390450, 6247200, 13170, 6247200, 13130]] [5758919752, [446500, 7106434, 113702944, 38794, 113702944, 210388252]] [560729400, [43782, 693254, 11083824, 4918, 10707504, 21364806]] [311078721138.0, [23976942.0, 383626383, 6138012243, 5340891, 6138012243, 12275420379]] [10938361168.0, [850771.0, 13498604, 215891136, 256724, 211743936, 325890064]]
Model_cost: [9971818632.666668, [2254.1944444444443, 12767937, 204263608, 266817, 49400505, 3066018]] [4281244452.0, [29511.0, 5333103, 85328676, 86895, 77870628, 4866975]] [314767560.0, [30.0, 390450, 6247200, 13170, 6247200, 390410]] [5325118592.0, [9975.25, 6635394, 106002464, 38794, 103509152, 971968092]] [434640408.0, [359.0, 542918, 8678448, 5206, 7767792, 483419]] [308775549066.0, [4077.0, 383626383, 6138012243, 5340891, 6137123727, 383570187]] [1324884080.0, [274.0, 1647980, 26356864, 33172, 25506688, 1593424]]
Arch_Param: [32, 8192, 4096, 32, 256, 128]
SK_cost: [11665500926.666666, [913375.4444444445, 14471873, 231526584, 254913, 195169464, 366597665]] [4325336100.0, [333423.0, 5333103, 85328676, 86895, 85328676, 169873263]] [317284680, [26250, 390450, 6247200, 13170, 6247200, 13130]] [5758919752, [446500, 7106434, 113702944, 38794, 113702944, 210388252]] [560729400, [43782, 693254, 11083824, 4918, 10707504, 21364806]] [311078721138.0, [23976942.0, 383626383, 6138012243, 5340891, 6138012243, 12275420379]] [10938361168.0, [850771.0, 13498604, 215891136, 256724, 211743936, 325890064]]
Model_cost: [9971818632.666668, [2254.1944444444443, 12767937, 204263608, 266817, 49400505, 3066018]] [4281244452.0, [29511.0, 5333103, 85328676, 86895, 77870628, 4866975]] [314767560.0, [30.0, 390450, 6247200, 13170, 6247200, 390410]] [5325118592.0, [9975.25, 6635394, 106002464, 38794, 103509152, 971968092]] [434640408.0, [359.0, 542918, 8678448, 5206, 7767792, 483419]] [308775549066.0, [4077.0, 383626383, 6138012243, 5340891, 6137123727, 383570187]] [1324884080.0, [274.0, 1647980, 26356864, 33172, 25506688, 1593424]]
Arch_Param: [32, 8192, 4096, 32, 256, 256]
SK_cost: [11665500926.666666, [913375.4444444445, 14471873, 231526584, 254913, 195169464, 366597665]] [4325336100.0, [333423.0, 5333103, 85328676, 86895, 85328676, 169873263]] [317284680, [26250, 390450, 6247200, 13170, 6247200, 13130]] [5758919752, [446500, 7106434, 113702944, 38794, 113702944, 210388252]] [560729400, [43782, 693254, 11083824, 4918, 10707504, 21364806]] [311078721138.0, [23976942.0, 383626383, 6138012243, 5340891, 6138012243, 12275420379]] [10938361168.0, [850771.0, 13498604, 215891136, 256724, 211743936, 325890064]]
Model_cost: [9971658672.666668, [2251.9444444444443, 12767937, 204263608, 264321, 49400505, 3080930]] [4281244452.0, [29511.0, 5333103, 85328676, 86895, 77870628, 4866975]] [314767560.0, [30.0, 390450, 6247200, 13170, 6247200, 390410]] [5325118592.0, [9975.25, 6635394, 106002464, 38794, 103509152, 971968092]] [434621976.0, [359.0, 542918, 8678448, 4918, 7767792, 483986]] [308775549066.0, [4077.0, 383626383, 6138012243, 5340891, 6137123727, 383570187]] [1324884080.0, [274.0, 1647980, 26356864, 33172, 25506688, 1593424]]
Arch_Param: [32, 8192, 4096, 32, 512, 64]
SK_cost: [11636556362.666666, [913375.4444444445, 7236196, 231526584, 254884, 195169464, 366597665]] [4314670116.0, [333423.0, 2666607, 85328676, 86895, 85328676, 169873263]] [316502520, [26250, 195230, 6247200, 13150, 6247200, 13130]] [5744703064, [446500, 3553222, 113702944, 38734, 113702944, 210388252]] [559344952, [43782, 347142, 11083824, 4918, 10707504, 21364806]] [310311470226.0, [23976942.0, 191813655, 6138012243, 5340891, 6138012243, 12275420379]] [10911356408.0, [850771.0, 6749302, 215891136, 256606, 211743936, 325890064]]
Model_cost: [9946281940.666668, [2254.1944444444443, 6384228, 204263608, 266788, 49400505, 1534114]] [4270578468.0, [29511.0, 2666607, 85328676, 86895, 77870628, 2433543]] [313985400.0, [30.0, 195230, 6247200, 13150, 6247200, 195210]] [5311884944.0, [9975.25, 3327942, 106002464, 38734, 103509152, 971769656]] [433556632.0, [359.0, 271974, 8678448, 5206, 7767792, 241755]] [308008298154.0, [4077.0, 191813655, 6138012243, 5340891, 6137123727, 191785179]] [1321580568.0, [274.0, 823990, 26356864, 33054, 25506688, 796752]]
Arch_Param: [32, 8192, 4096, 32, 512, 128]
SK_cost: [11636556362.666666, [913375.4444444445, 7236196, 231526584, 254884, 195169464, 366597665]] [4314670116.0, [333423.0, 2666607, 85328676, 86895, 85328676, 169873263]] [316502520, [26250, 195230, 6247200, 13150, 6247200, 13130]] [5744703064, [446500, 3553222, 113702944, 38734, 113702944, 210388252]] [559344952, [43782, 347142, 11083824, 4918, 10707504, 21364806]] [310311470226.0, [23976942.0, 191813655, 6138012243, 5340891, 6138012243, 12275420379]] [10911356408.0, [850771.0, 6749302, 215891136, 256606, 211743936, 325890064]]
Model_cost: [9946281940.666668, [2254.1944444444443, 6384228, 204263608, 266788, 49400505, 1534114]] [4270578468.0, [29511.0, 2666607, 85328676, 86895, 77870628, 2433543]] [313985400.0, [30.0, 195230, 6247200, 13150, 6247200, 195210]] [5311884944.0, [9975.25, 3327942, 106002464, 38734, 103509152, 971769656]] [433556632.0, [359.0, 271974, 8678448, 5206, 7767792, 241755]] [308008298154.0, [4077.0, 191813655, 6138012243, 5340891, 6137123727, 191785179]] [1321580568.0, [274.0, 823990, 26356864, 33054, 25506688, 796752]]
Arch_Param: [32, 8192, 4096, 32, 512, 256]
SK_cost: [11636556362.666666, [913375.4444444445, 7236196, 231526584, 254884, 195169464, 366597665]] [4314670116.0, [333423.0, 2666607, 85328676, 86895, 85328676, 169873263]] [316502520, [26250, 195230, 6247200, 13150, 6247200, 13130]] [5744703064, [446500, 3553222, 113702944, 38734, 113702944, 210388252]] [559344952, [43782, 347142, 11083824, 4918, 10707504, 21364806]] [310311470226.0, [23976942.0, 191813655, 6138012243, 5340891, 6138012243, 12275420379]] [10911356408.0, [850771.0, 6749302, 215891136, 256606, 211743936, 325890064]]
Model_cost: [9946121980.666668, [2251.9444444444443, 6384228, 204263608, 264292, 49400505, 1540706]] [4270578468.0, [29511.0, 2666607, 85328676, 86895, 77870628, 2433543]] [313985400.0, [30.0, 195230, 6247200, 13150, 6247200, 195210]] [5311884944.0, [9975.25, 3327942, 106002464, 38734, 103509152, 971769656]] [433538200.0, [359.0, 271974, 8678448, 4918, 7767792, 242028]] [308008298154.0, [4077.0, 191813655, 6138012243, 5340891, 6137123727, 191785179]] [1321580568.0, [274.0, 823990, 26356864, 33054, 25506688, 796752]]
Arch_Param: [32, 8192, 4096, 32, 512, 512]
SK_cost: [11636556362.666666, [913375.4444444445, 7236196, 231526584, 254884, 195169464, 366597665]] [4314670116.0, [333423.0, 2666607, 85328676, 86895, 85328676, 169873263]] [316502520, [26250, 195230, 6247200, 13150, 6247200, 13130]] [5744703064, [446500, 3553222, 113702944, 38734, 113702944, 210388252]] [559344952, [43782, 347142, 11083824, 4918, 10707504, 21364806]] [310311470226.0, [23976942.0, 191813655, 6138012243, 5340891, 6138012243, 12275420379]] [10911356408.0, [850771.0, 6749302, 215891136, 256606, 211743936, 325890064]]
Model_cost: [9946121980.666668, [2251.9444444444443, 6384228, 204263608, 264292, 49400505, 1540706]] [4270578468.0, [29511.0, 2666607, 85328676, 86895, 77870628, 2433543]] [313985400.0, [30.0, 195230, 6247200, 13150, 6247200, 195210]] [5311884944.0, [9975.25, 3327942, 106002464, 38734, 103509152, 971769656]] [433538200.0, [359.0, 271974, 8678448, 4918, 7767792, 242028]] [308008298154.0, [4077.0, 191813655, 6138012243, 5340891, 6137123727, 191785179]] [1321580568.0, [274.0, 823990, 26356864, 33054, 25506688, 796752]]
Arch_Param: [32, 8192, 4096, 32, 1024, 64]
SK_cost: [11622091134.666666, [913375.4444444445, 3619937, 231526584, 254881, 195169464, 366597665]] [4309337124.0, [333423.0, 1333359, 85328676, 86895, 85328676, 169873263]] [316137040, [26250, 104020, 6247200, 13140, 6247200, 13130]] [5737620320, [446500, 1783016, 113702944, 38704, 113702944, 210388252]] [558652728, [43782, 174086, 11083824, 4918, 10707504, 21364806]] [309927844770.0, [23976942.0, 95907291, 6138012243, 5340891, 6138012243, 12275420379]] [10897867340.0, [850771.0, 3377979, 215891136, 256547, 211743936, 325890064]]
Model_cost: [9933568264.666668, [2254.1944444444443, 3205857, 204263608, 266785, 49400505, 768162]] [4265245476.0, [29511.0, 1333359, 85328676, 86895, 77870628, 1216827]] [313620040.0, [31.25, 104020, 6247200, 13140, 6247200, 27210]] [5305293840.0, [9976.5, 1680616, 106002464, 38704, 103509152, 971600038]] [433014744.0, [359.0, 136502, 8678448, 5206, 7767792, 120923]] [307624672698.0, [4077.0, 95907291, 6138012243, 5340891, 6137123727, 95892675]] [1319930476.0, [274.0, 412411, 26356864, 32995, 25506688, 398416]]
Arch_Param: [32, 8192, 4096, 32, 1024, 128]
SK_cost: [11622091134.666666, [913375.4444444445, 3619937, 231526584, 254881, 195169464, 366597665]] [4309337124.0, [333423.0, 1333359, 85328676, 86895, 85328676, 169873263]] [316137040, [26250, 104020, 6247200, 13140, 6247200, 13130]] [5737620320, [446500, 1783016, 113702944, 38704, 113702944, 210388252]] [558652728, [43782, 174086, 11083824, 4918, 10707504, 21364806]] [309927844770.0, [23976942.0, 95907291, 6138012243, 5340891, 6138012243, 12275420379]] [10897867340.0, [850771.0, 3377979, 215891136, 256547, 211743936, 325890064]]
Model_cost: [9933568264.666668, [2254.1944444444443, 3205857, 204263608, 266785, 49400505, 768162]] [4265245476.0, [29511.0, 1333359, 85328676, 86895, 77870628, 1216827]] [313620040.0, [31.25, 104020, 6247200, 13140, 6247200, 27210]] [5305293840.0, [9976.5, 1680616, 106002464, 38704, 103509152, 971600038]] [433014744.0, [359.0, 136502, 8678448, 5206, 7767792, 120923]] [307624672698.0, [4077.0, 95907291, 6138012243, 5340891, 6137123727, 95892675]] [1319930476.0, [274.0, 412411, 26356864, 32995, 25506688, 398416]]
Arch_Param: [32, 8192, 4096, 32, 1024, 256]
SK_cost: [11622091134.666666, [913375.4444444445, 3619937, 231526584, 254881, 195169464, 366597665]] [4309337124.0, [333423.0, 1333359, 85328676, 86895, 85328676, 169873263]] [316137040, [26250, 104020, 6247200, 13140, 6247200, 13130]] [5737620320, [446500, 1783016, 113702944, 38704, 113702944, 210388252]] [558652728, [43782, 174086, 11083824, 4918, 10707504, 21364806]] [309927844770.0, [23976942.0, 95907291, 6138012243, 5340891, 6138012243, 12275420379]] [10897867340.0, [850771.0, 3377979, 215891136, 256547, 211743936, 325890064]]
Model_cost: [9933398320.666668, [2251.9444444444443, 3203361, 204263608, 264289, 49400505, 770594]] [4265245476.0, [29511.0, 1333359, 85328676, 86895, 77870628, 1216827]] [313620040.0, [31.25, 104020, 6247200, 13140, 6247200, 27210]] [5305293840.0, [9976.5, 1680616, 106002464, 38704, 103509152, 971600038]] [432996312.0, [359.0, 136502, 8678448, 4918, 7767792, 121049]] [307624672698.0, [4077.0, 95907291, 6138012243, 5340891, 6137123727, 95892675]] [1319930476.0, [274.0, 412411, 26356864, 32995, 25506688, 398416]]
Arch_Param: [32, 8192, 4096, 32, 1024, 512]
SK_cost: [11622091134.666666, [913375.4444444445, 3619937, 231526584, 254881, 195169464, 366597665]] [4309337124.0, [333423.0, 1333359, 85328676, 86895, 85328676, 169873263]] [316137040, [26250, 104020, 6247200, 13140, 6247200, 13130]] [5737620320, [446500, 1783016, 113702944, 38704, 113702944, 210388252]] [558652728, [43782, 174086, 11083824, 4918, 10707504, 21364806]] [309927844770.0, [23976942.0, 95907291, 6138012243, 5340891, 6138012243, 12275420379]] [10897867340.0, [850771.0, 3377979, 215891136, 256547, 211743936, 325890064]]
Model_cost: [9933398320.666668, [2251.9444444444443, 3203361, 204263608, 264289, 49400505, 770594]] [4265245476.0, [29511.0, 1333359, 85328676, 86895, 77870628, 1216827]] [313620040.0, [31.25, 104020, 6247200, 13140, 6247200, 27210]] [5305293840.0, [9976.5, 1680616, 106002464, 38704, 103509152, 971600038]] [432996312.0, [359.0, 136502, 8678448, 4918, 7767792, 121049]] [307624672698.0, [4077.0, 95907291, 6138012243, 5340891, 6137123727, 95892675]] [1319930476.0, [274.0, 412411, 26356864, 32995, 25506688, 398416]]
Arch_Param: [32, 8192, 2048, 4, 256, 64]
SK_cost: [73951383316.0, [11448421.0, 91214401, 1459298552, 1634145, 1168280760, 2312820257]] [8352261156.0, [1278063.0, 10223727, 163578660, 164463, 163185444, 325586799]] [319773000, [52170, 390450, 6247200, 13170, 6247200, 13130]] [5801671240, [891828, 7106434, 113702944, 38794, 113702944, 210388252]] [4519080248, [700422, 5545990, 88670256, 39302, 85484080, 170917958]] [626730167826.0, [95902683.0, 767215743, 12275433555, 10680855, 12275130963, 24549657819]] [21192913360.0, [3325343.0, 26148076, 417716928, 820436, 333083840, 568569872]]
Model_cost: [62502122870.0, [28822.0, 80564801, 1288904952, 3294657, 49400505, 136610]] [8064929316.0, [62415.0, 10223727, 163578660, 164463, 77870628, 4866975]] [314769480.0, [50.0, 390450, 6247200, 13170, 6247200, 390410]] [5326074296.0, [19930.5, 6635394, 106002464, 38794, 103509152, 971968092]] [3377141176, [5646, 4343302, 69427248, 174726, 7767792, 19803]] [605248573194.0, [11223.0, 767215743, 12275433555, 10680855, 6137123727, 383570187]] [2357842144.0, [1624.5, 2983404, 47652928, 115604, 25506688, 1502608]]
Arch_Param: [32, 8192, 2048, 4, 256, 128]
SK_cost: [73951383316.0, [11448421.0, 91214401, 1459298552, 1634145, 1168280760, 2312820257]] [8352261156.0, [1278063.0, 10223727, 163578660, 164463, 163185444, 325586799]] [319773000, [52170, 390450, 6247200, 13170, 6247200, 13130]] [5801671240, [891828, 7106434, 113702944, 38794, 113702944, 210388252]] [4519080248, [700422, 5545990, 88670256, 39302, 85484080, 170917958]] [626730167826.0, [95902683.0, 767215743, 12275433555, 10680855, 12275130963, 24549657819]] [21192913360.0, [3325343.0, 26148076, 417716928, 820436, 333083840, 568569872]]
Model_cost: [62502122870.0, [28822.0, 80564801, 1288904952, 3294657, 49400505, 136610]] [8064929316.0, [62415.0, 10223727, 163578660, 164463, 77870628, 4866975]] [314769480.0, [50.0, 390450, 6247200, 13170, 6247200, 390410]] [5326074296.0, [19930.5, 6635394, 106002464, 38794, 103509152, 971968092]] [3368883640.0, [5646.0, 4343302, 69427248, 45702, 7767792, 475483]] [605248573194.0, [11223.0, 767215743, 12275433555, 10680855, 6137123727, 383570187]] [2357383392.0, [1624.5, 2983404, 47652928, 108436, 25506688, 1579792]]
Arch_Param: [32, 8192, 2048, 4, 256, 256]
SK_cost: [73951383316.0, [11448421.0, 91214401, 1459298552, 1634145, 1168280760, 2312820257]] [8352261156.0, [1278063.0, 10223727, 163578660, 164463, 163185444, 325586799]] [319773000, [52170, 390450, 6247200, 13170, 6247200, 13130]] [5801671240, [891828, 7106434, 113702944, 38794, 113702944, 210388252]] [4519080248, [700422, 5545990, 88670256, 39302, 85484080, 170917958]] [626730167826.0, [95902683.0, 767215743, 12275433555, 10680855, 12275130963, 24549657819]] [21192913360.0, [3325343.0, 26148076, 417716928, 820436, 333083840, 568569872]]
Model_cost: [62502122870.0, [28822.0, 80564801, 1288904952, 3294657, 49400505, 136610]] [8064929316.0, [62415.0, 10223727, 163578660, 164463, 77870628, 4866975]] [314769480.0, [50.0, 390450, 6247200, 13170, 6247200, 390410]] [5326074296.0, [19930.5, 6635394, 106002464, 38794, 103509152, 971968092]] [3368867896.0, [5646.0, 4343302, 69427248, 43398, 7833648, 480166]] [605248573194.0, [11223.0, 767215743, 12275433555, 10680855, 6137123727, 383570187]] [2357383392.0, [1624.5, 2983404, 47652928, 108436, 25506688, 1579792]]
Arch_Param: [32, 8192, 2048, 4, 512, 64]
SK_cost: [73768953696.0, [11448421.0, 45607460, 1459298552, 1634116, 1168280760, 2312820257]] [8331813924.0, [1278063.0, 5111919, 163578660, 164463, 163185444, 325586799]] [318990840, [52170, 195230, 6247200, 13150, 6247200, 13130]] [5787454552, [891828, 3553222, 113702944, 38734, 113702944, 210388252]] [4508004664, [700422, 2777094, 88670256, 39302, 85484080, 170917958]] [625195739730.0, [95902683.0, 383608719, 12275433555, 10680855, 12275130963, 24549657819]] [21140609656.0, [3325343.0, 13074038, 417716928, 820318, 333083840, 568569872]]
Model_cost: [62340992450.0, [28822.0, 40282660, 1288904952, 3294628, 49400505, 128418]] [8044482084.0, [62415.0, 5111919, 163578660, 164463, 77870628, 2433543]] [313987320.0, [50.0, 195230, 6247200, 13150, 6247200, 195210]] [5312840648.0, [19930.5, 3327942, 106002464, 38734, 103509152, 971769656]] [3368470968, [5646, 2175750, 69427248, 174726, 7767792, 19803]] [603714145098.0, [11223.0, 383608719, 12275433555, 10680855, 6137123727, 191785179]] [2351867784.0, [1624.5, 1491702, 47652928, 115486, 25506688, 754576]]
Arch_Param: [32, 8192, 2048, 4, 512, 128]
SK_cost: [73768953696.0, [11448421.0, 45607460, 1459298552, 1634116, 1168280760, 2312820257]] [8331813924.0, [1278063.0, 5111919, 163578660, 164463, 163185444, 325586799]] [318990840, [52170, 195230, 6247200, 13150, 6247200, 13130]] [5787454552, [891828, 3553222, 113702944, 38734, 113702944, 210388252]] [4508004664, [700422, 2777094, 88670256, 39302, 85484080, 170917958]] [625195739730.0, [95902683.0, 383608719, 12275433555, 10680855, 12275130963, 24549657819]] [21140609656.0, [3325343.0, 13074038, 417716928, 820318, 333083840, 568569872]]
Model_cost: [62340992450.0, [28822.0, 40282660, 1288904952, 3294628, 49400505, 128418]] [8044482084.0, [62415.0, 5111919, 163578660, 164463, 77870628, 2433543]] [313987320.0, [50.0, 195230, 6247200, 13150, 6247200, 195210]] [5312840648.0, [19930.5, 3327942, 106002464, 38734, 103509152, 971769656]] [3360213432.0, [5646.0, 2175750, 69427248, 45702, 7767792, 237915]] [603714145098.0, [11223.0, 383608719, 12275433555, 10680855, 6137123727, 191785179]] [2351409032.0, [1624.5, 1491702, 47652928, 108318, 25506688, 790800]]
Arch_Param: [32, 8192, 2048, 4, 512, 256]
SK_cost: [73768953696.0, [11448421.0, 45607460, 1459298552, 1634116, 1168280760, 2312820257]] [8331813924.0, [1278063.0, 5111919, 163578660, 164463, 163185444, 325586799]] [318990840, [52170, 195230, 6247200, 13150, 6247200, 13130]] [5787454552, [891828, 3553222, 113702944, 38734, 113702944, 210388252]] [4508004664, [700422, 2777094, 88670256, 39302, 85484080, 170917958]] [625195739730.0, [95902683.0, 383608719, 12275433555, 10680855, 12275130963, 24549657819]] [21140609656.0, [3325343.0, 13074038, 417716928, 820318, 333083840, 568569872]]
Model_cost: [62340992450.0, [28822.0, 40282660, 1288904952, 3294628, 49400505, 128418]] [8044482084.0, [62415.0, 5111919, 163578660, 164463, 77870628, 2433543]] [313987320.0, [50.0, 195230, 6247200, 13150, 6247200, 195210]] [5312840648.0, [19930.5, 3327942, 106002464, 38734, 103509152, 971769656]] [3360197688.0, [5646.0, 2175750, 69427248, 43398, 7833648, 240246]] [603714145098.0, [11223.0, 383608719, 12275433555, 10680855, 6137123727, 191785179]] [2351409032.0, [1624.5, 1491702, 47652928, 108318, 25506688, 790800]]
Arch_Param: [32, 8192, 2048, 4, 512, 512]
SK_cost: [73768953696.0, [11448421.0, 45607460, 1459298552, 1634116, 1168280760, 2312820257]] [8331813924.0, [1278063.0, 5111919, 163578660, 164463, 163185444, 325586799]] [318990840, [52170, 195230, 6247200, 13150, 6247200, 13130]] [5787454552, [891828, 3553222, 113702944, 38734, 113702944, 210388252]] [4508004664, [700422, 2777094, 88670256, 39302, 85484080, 170917958]] [625195739730.0, [95902683.0, 383608719, 12275433555, 10680855, 12275130963, 24549657819]] [21140609656.0, [3325343.0, 13074038, 417716928, 820318, 333083840, 568569872]]
Model_cost: [62240691650.0, [28822.0, 40282660, 1288904952, 1727428, 49400505, 1534114]] [8044482084.0, [62415.0, 5111919, 163578660, 164463, 77870628, 2433543]] [313987320.0, [50.0, 195230, 6247200, 13150, 6247200, 195210]] [5312840648.0, [19930.5, 3327942, 106002464, 38734, 103509152, 971769656]] [3359860280.0, [5646.0, 2175750, 69427248, 39302, 7796016, 242910]] [603714145098.0, [11223.0, 383608719, 12275433555, 10680855, 6137123727, 191785179]] [2351101400.0, [1620.0, 1491702, 47652928, 103518, 25506688, 796752]]
Arch_Param: [32, 8192, 2048, 4, 1024, 64]
SK_cost: [73677789332.0, [11448421.0, 22816417, 1459298552, 1634113, 1168280760, 2312820257]] [8321590308.0, [1278063.0, 2556015, 163578660, 164463, 163185444, 325586799]] [318625360, [52170, 104020, 6247200, 13140, 6247200, 13130]] [5780371808, [891828, 1783016, 113702944, 38704, 113702944, 210388252]] [4502466872, [700422, 1392646, 88670256, 39302, 85484080, 170917958]] [624428525682.0, [95902683.0, 191805207, 12275433555, 10680855, 12275130963, 24549657819]] [21114558156.0, [3325343.0, 6562107, 417716928, 820259, 333083840, 568569872]]
Model_cost: [62260850934.0, [28822.0, 20247329, 1288904952, 3294625, 49400505, 124322]] [8034258468.0, [62415.0, 2556015, 163578660, 164463, 77870628, 1216827]] [313622080.0, [52.5, 104020, 6247200, 13140, 6247200, 27210]] [5306249664.0, [19933.0, 1680616, 106002464, 38704, 103509152, 971600038]] [3364135864, [5646, 1091974, 69427248, 174726, 7767792, 19803]] [602946931050.0, [11223.0, 191805207, 12275433555, 10680855, 6137123727, 95892675]] [2348912348.0, [1624.5, 753787, 47652928, 115427, 25506688, 380560]]
Arch_Param: [32, 8192, 2048, 4, 1024, 128]
SK_cost: [73677789332.0, [11448421.0, 22816417, 1459298552, 1634113, 1168280760, 2312820257]] [8321590308.0, [1278063.0, 2556015, 163578660, 164463, 163185444, 325586799]] [318625360, [52170, 104020, 6247200, 13140, 6247200, 13130]] [5780371808, [891828, 1783016, 113702944, 38704, 113702944, 210388252]] [4502466872, [700422, 1392646, 88670256, 39302, 85484080, 170917958]] [624428525682.0, [95902683.0, 191805207, 12275433555, 10680855, 12275130963, 24549657819]] [21114558156.0, [3325343.0, 6562107, 417716928, 820259, 333083840, 568569872]]
Model_cost: [62260850934.0, [28822.0, 20247329, 1288904952, 3294625, 49400505, 124322]] [8034258468.0, [62415.0, 2556015, 163578660, 164463, 77870628, 1216827]] [313622080.0, [52.5, 104020, 6247200, 13140, 6247200, 27210]] [5306249664.0, [19933.0, 1680616, 106002464, 38704, 103509152, 971600038]] [3355878328.0, [5646.0, 1091974, 69427248, 45702, 7767792, 119131]] [602946931050.0, [11223.0, 191805207, 12275433555, 10680855, 6137123727, 95892675]] [2348453596.0, [1624.5, 753787, 47652928, 108259, 25506688, 396304]]
Arch_Param: [32, 8192, 2048, 4, 1024, 256]
SK_cost: [73677789332.0, [11448421.0, 22816417, 1459298552, 1634113, 1168280760, 2312820257]] [8321590308.0, [1278063.0, 2556015, 163578660, 164463, 163185444, 325586799]] [318625360, [52170, 104020, 6247200, 13140, 6247200, 13130]] [5780371808, [891828, 1783016, 113702944, 38704, 113702944, 210388252]] [4502466872, [700422, 1392646, 88670256, 39302, 85484080, 170917958]] [624428525682.0, [95902683.0, 191805207, 12275433555, 10680855, 12275130963, 24549657819]] [21114558156.0, [3325343.0, 6562107, 417716928, 820259, 333083840, 568569872]]
Model_cost: [62260850934.0, [28822.0, 20247329, 1288904952, 3294625, 49400505, 124322]] [8034258468.0, [62415.0, 2556015, 163578660, 164463, 77870628, 1216827]] [313622080.0, [52.5, 104020, 6247200, 13140, 6247200, 27210]] [5306249664.0, [19933.0, 1680616, 106002464, 38704, 103509152, 971600038]] [3355862584.0, [5646.0, 1091974, 69427248, 43398, 7833648, 120286]] [602946931050.0, [11223.0, 191805207, 12275433555, 10680855, 6137123727, 95892675]] [2348453596.0, [1624.5, 753787, 47652928, 108259, 25506688, 396304]]
Arch_Param: [32, 8192, 2048, 4, 1024, 512]
SK_cost: [73677789332.0, [11448421.0, 22816417, 1459298552, 1634113, 1168280760, 2312820257]] [8321590308.0, [1278063.0, 2556015, 163578660, 164463, 163185444, 325586799]] [318625360, [52170, 104020, 6247200, 13140, 6247200, 13130]] [5780371808, [891828, 1783016, 113702944, 38704, 113702944, 210388252]] [4502466872, [700422, 1392646, 88670256, 39302, 85484080, 170917958]] [624428525682.0, [95902683.0, 191805207, 12275433555, 10680855, 12275130963, 24549657819]] [21114558156.0, [3325343.0, 6562107, 417716928, 820259, 333083840, 568569872]]
Model_cost: [62160550134.0, [28822.0, 20247329, 1288904952, 1727425, 49400505, 768162]] [8034258468.0, [62415.0, 2556015, 163578660, 164463, 77870628, 1216827]] [313622080.0, [52.5, 104020, 6247200, 13140, 6247200, 27210]] [5306249664.0, [19933.0, 1680616, 106002464, 38704, 103509152, 971600038]] [3355525176.0, [5646.0, 1091974, 69427248, 39302, 7796016, 121490]] [602946931050.0, [11223.0, 191805207, 12275433555, 10680855, 6137123727, 95892675]] [2348126764.0, [1620.0, 748987, 47652928, 103459, 25506688, 398416]]
Arch_Param: [32, 8192, 2048, 8, 256, 64]
SK_cost: [38401530644.0, [5942341.0, 47352385, 757568376, 845281, 612138168, 1200535073]] [4357334052.0, [666735.0, 5333103, 85328676, 86895, 85328676, 169873263]] [319773000, [52170, 390450, 6247200, 13170, 6247200, 13130]] [5801671240, [891828, 7106434, 113702944, 38794, 113702944, 210388252]] [2259566904, [350214, 2772998, 44335152, 19654, 42754608, 85459014]] [313380492306.0, [47953725.0, 383626383, 6138012243, 5340891, 6138012243, 12275420379]] [14182597072.0, [2209183.0, 17443052, 278762688, 474836, 244872384, 392146960]]
Model_cost: [32486987526.0, [14895.5, 41814593, 668963704, 1706881, 49400505, 136610]] [4284066852.0, [58911.0, 5333103, 85328676, 86895, 77870628, 4866975]] [314769480.0, [50.0, 390450, 6247200, 13170, 6247200, 390410]] [5326074296.0, [19930.5, 6635394, 106002464, 38794, 103509152, 971968092]] [1692211256.0, [2826.0, 2171654, 34713648, 22854, 7767792, 475483]] [308775925194.0, [7995.0, 383626383, 6138012243, 5340891, 6137123727, 383570187]] [1639651616.0, [958.5, 2055020, 32839552, 62932, 25506688, 1579792]]
Arch_Param: [32, 8192, 2048, 8, 256, 128]
SK_cost: [38401530644.0, [5942341.0, 47352385, 757568376, 845281, 612138168, 1200535073]] [4357334052.0, [666735.0, 5333103, 85328676, 86895, 85328676, 169873263]] [319773000, [52170, 390450, 6247200, 13170, 6247200, 13130]] [5801671240, [891828, 7106434, 113702944, 38794, 113702944, 210388252]] [2259566904, [350214, 2772998, 44335152, 19654, 42754608, 85459014]] [313380492306.0, [47953725.0, 383626383, 6138012243, 5340891, 6138012243, 12275420379]] [14182597072.0, [2209183.0, 17443052, 278762688, 474836, 244872384, 392146960]]
Model_cost: [32486987526.0, [14895.5, 41814593, 668963704, 1706881, 49400505, 136610]] [4284066852.0, [58911.0, 5333103, 85328676, 86895, 77870628, 4866975]] [314769480.0, [50.0, 390450, 6247200, 13170, 6247200, 390410]] [5326074296.0, [19930.5, 6635394, 106002464, 38794, 103509152, 971968092]] [1692211256.0, [2826.0, 2171654, 34713648, 22854, 7767792, 475483]] [308775925194.0, [7995.0, 383626383, 6138012243, 5340891, 6137123727, 383570187]] [1639651616.0, [958.5, 2055020, 32839552, 62932, 25506688, 1579792]]
Arch_Param: [32, 8192, 2048, 8, 256, 256]
SK_cost: [38401530644.0, [5942341.0, 47352385, 757568376, 845281, 612138168, 1200535073]] [4357334052.0, [666735.0, 5333103, 85328676, 86895, 85328676, 169873263]] [319773000, [52170, 390450, 6247200, 13170, 6247200, 13130]] [5801671240, [891828, 7106434, 113702944, 38794, 113702944, 210388252]] [2259566904, [350214, 2772998, 44335152, 19654, 42754608, 85459014]] [313380492306.0, [47953725.0, 383626383, 6138012243, 5340891, 6138012243, 12275420379]] [14182597072.0, [2209183.0, 17443052, 278762688, 474836, 244872384, 392146960]]
Model_cost: [32434831110.0, [14895.5, 41814593, 668963704, 891937, 49400505, 3066018]] [4284066852.0, [58911.0, 5333103, 85328676, 86895, 77870628, 4866975]] [314769480.0, [50.0, 390450, 6247200, 13170, 6247200, 390410]] [5326074296.0, [19930.5, 6635394, 106002464, 38794, 103509152, 971968092]] [1692062904.0, [2826.0, 2171654, 34713648, 19654, 7796016, 485750]] [308775925194.0, [7995.0, 383626383, 6138012243, 5340891, 6137123727, 383570187]] [1639491440.0, [954.0, 2055020, 32839552, 60436, 25506688, 1593424]]
Arch_Param: [32, 8192, 2048, 8, 512, 64]
SK_cost: [38306825056.0, [5942341.0, 23676452, 757568376, 845252, 612138168, 1200535073]] [4346668068.0, [666735.0, 2666607, 85328676, 86895, 85328676, 169873263]] [318990840, [52170, 195230, 6247200, 13150, 6247200, 13130]] [5787454552, [891828, 3553222, 113702944, 38734, 113702944, 210388252]] [2254029112, [350214, 1388550, 44335152, 19654, 42754608, 85459014]] [312613241394.0, [47953725.0, 191813655, 6138012243, 5340891, 6138012243, 12275420379]] [14147703416.0, [2209183.0, 8721526, 278762688, 474718, 244872384, 392146960]]
Model_cost: [32403357522.0, [14895.5, 20907556, 668963704, 1706852, 49400505, 128418]] [4273400868.0, [58911.0, 2666607, 85328676, 86895, 77870628, 2433543]] [313987320.0, [50.0, 195230, 6247200, 13150, 6247200, 195210]] [5312840648.0, [19930.5, 3327942, 106002464, 38734, 103509152, 971769656]] [1687876152.0, [2826.0, 1087878, 34713648, 22854, 7767792, 237915]] [308008674282.0, [7995.0, 191813655, 6138012243, 5340891, 6137123727, 191785179]] [1635534024.0, [958.5, 1027510, 32839552, 62814, 25506688, 790800]]
Arch_Param: [32, 8192, 2048, 8, 512, 128]
SK_cost: [38306825056.0, [5942341.0, 23676452, 757568376, 845252, 612138168, 1200535073]] [4346668068.0, [666735.0, 2666607, 85328676, 86895, 85328676, 169873263]] [318990840, [52170, 195230, 6247200, 13150, 6247200, 13130]] [5787454552, [891828, 3553222, 113702944, 38734, 113702944, 210388252]] [2254029112, [350214, 1388550, 44335152, 19654, 42754608, 85459014]] [312613241394.0, [47953725.0, 191813655, 6138012243, 5340891, 6138012243, 12275420379]] [14147703416.0, [2209183.0, 8721526, 278762688, 474718, 244872384, 392146960]]
Model_cost: [32403357522.0, [14895.5, 20907556, 668963704, 1706852, 49400505, 128418]] [4273400868.0, [58911.0, 2666607, 85328676, 86895, 77870628, 2433543]] [313987320.0, [50.0, 195230, 6247200, 13150, 6247200, 195210]] [5312840648.0, [19930.5, 3327942, 106002464, 38734, 103509152, 971769656]] [1687876152.0, [2826.0, 1087878, 34713648, 22854, 7767792, 237915]] [308008674282.0, [7995.0, 191813655, 6138012243, 5340891, 6137123727, 191785179]] [1635534024.0, [958.5, 1027510, 32839552, 62814, 25506688, 790800]]
Arch_Param: [32, 8192, 2048, 8, 512, 256]
SK_cost: [38306825056.0, [5942341.0, 23676452, 757568376, 845252, 612138168, 1200535073]] [4346668068.0, [666735.0, 2666607, 85328676, 86895, 85328676, 169873263]] [318990840, [52170, 195230, 6247200, 13150, 6247200, 13130]] [5787454552, [891828, 3553222, 113702944, 38734, 113702944, 210388252]] [2254029112, [350214, 1388550, 44335152, 19654, 42754608, 85459014]] [312613241394.0, [47953725.0, 191813655, 6138012243, 5340891, 6138012243, 12275420379]] [14147703416.0, [2209183.0, 8721526, 278762688, 474718, 244872384, 392146960]]
Model_cost: [32351201106.0, [14895.5, 20907556, 668963704, 891908, 49400505, 1534114]] [4273400868.0, [58911.0, 2666607, 85328676, 86895, 77870628, 2433543]] [313987320.0, [50.0, 195230, 6247200, 13150, 6247200, 195210]] [5312840648.0, [19930.5, 3327942, 106002464, 38734, 103509152, 971769656]] [1687727800.0, [2826.0, 1087878, 34713648, 19654, 7796016, 242910]] [308008674282.0, [7995.0, 191813655, 6138012243, 5340891, 6137123727, 191785179]] [1635373848.0, [954.0, 1027510, 32839552, 60318, 25506688, 796752]]
Arch_Param: [32, 8192, 2048, 8, 512, 512]
SK_cost: [38306825056.0, [5942341.0, 23676452, 757568376, 845252, 612138168, 1200535073]] [4346668068.0, [666735.0, 2666607, 85328676, 86895, 85328676, 169873263]] [318990840, [52170, 195230, 6247200, 13150, 6247200, 13130]] [5787454552, [891828, 3553222, 113702944, 38734, 113702944, 210388252]] [2254029112, [350214, 1388550, 44335152, 19654, 42754608, 85459014]] [312613241394.0, [47953725.0, 191813655, 6138012243, 5340891, 6138012243, 12275420379]] [14147703416.0, [2209183.0, 8721526, 278762688, 474718, 244872384, 392146960]]
Model_cost: [32351201106.0, [14895.5, 20907556, 668963704, 891908, 49400505, 1534114]] [4273400868.0, [58911.0, 2666607, 85328676, 86895, 77870628, 2433543]] [313987320.0, [50.0, 195230, 6247200, 13150, 6247200, 195210]] [5312840648.0, [19930.5, 3327942, 106002464, 38734, 103509152, 971769656]] [1687690168.0, [2826.0, 1087878, 34713648, 19654, 7777200, 242322]] [308008674282.0, [7995.0, 191813655, 6138012243, 5340891, 6137123727, 191785179]] [1635373848.0, [954.0, 1027510, 32839552, 60318, 25506688, 796752]]
Arch_Param: [32, 8192, 2048, 8, 1024, 64]
SK_cost: [38259497876.0, [5942341.0, 11844705, 757568376, 845249, 612138168, 1200535073]] [4341335076.0, [666735.0, 1333359, 85328676, 86895, 85328676, 169873263]] [318625360, [52170, 104020, 6247200, 13140, 6247200, 13130]] [5780371808, [891828, 1783016, 113702944, 38704, 113702944, 210388252]] [2251260216, [350214, 696326, 44335152, 19654, 42754608, 85459014]] [312229615938.0, [47953725.0, 95907291, 6138012243, 5340891, 6138012243, 12275420379]] [14130306764.0, [2209183.0, 4373307, 278762688, 474659, 244872384, 392146960]]
Model_cost: [32361754758.0, [14895.5, 10506913, 668963704, 1706849, 49400505, 124322]] [4268067876.0, [58911.0, 1333359, 85328676, 86895, 77870628, 1216827]] [313622080.0, [52.5, 104020, 6247200, 13140, 6247200, 27210]] [5306249664.0, [19933.0, 1680616, 106002464, 38704, 103509152, 971600038]] [1685708600.0, [2826.0, 545990, 34713648, 22854, 7767792, 119131]] [307625048826.0, [7995.0, 95907291, 6138012243, 5340891, 6137123727, 95892675]] [1633491484.0, [958.5, 517819, 32839552, 62755, 25506688, 396304]]
Arch_Param: [32, 8192, 2048, 8, 1024, 128]
SK_cost: [38259497876.0, [5942341.0, 11844705, 757568376, 845249, 612138168, 1200535073]] [4341335076.0, [666735.0, 1333359, 85328676, 86895, 85328676, 169873263]] [318625360, [52170, 104020, 6247200, 13140, 6247200, 13130]] [5780371808, [891828, 1783016, 113702944, 38704, 113702944, 210388252]] [2251260216, [350214, 696326, 44335152, 19654, 42754608, 85459014]] [312229615938.0, [47953725.0, 95907291, 6138012243, 5340891, 6138012243, 12275420379]] [14130306764.0, [2209183.0, 4373307, 278762688, 474659, 244872384, 392146960]]
Model_cost: [32361754758.0, [14895.5, 10506913, 668963704, 1706849, 49400505, 124322]] [4268067876.0, [58911.0, 1333359, 85328676, 86895, 77870628, 1216827]] [313622080.0, [52.5, 104020, 6247200, 13140, 6247200, 27210]] [5306249664.0, [19933.0, 1680616, 106002464, 38704, 103509152, 971600038]] [1685708600.0, [2826.0, 545990, 34713648, 22854, 7767792, 119131]] [307625048826.0, [7995.0, 95907291, 6138012243, 5340891, 6137123727, 95892675]] [1633491484.0, [958.5, 517819, 32839552, 62755, 25506688, 396304]]
Arch_Param: [32, 8192, 2048, 8, 1024, 256]
SK_cost: [38259497876.0, [5942341.0, 11844705, 757568376, 845249, 612138168, 1200535073]] [4341335076.0, [666735.0, 1333359, 85328676, 86895, 85328676, 169873263]] [318625360, [52170, 104020, 6247200, 13140, 6247200, 13130]] [5780371808, [891828, 1783016, 113702944, 38704, 113702944, 210388252]] [2251260216, [350214, 696326, 44335152, 19654, 42754608, 85459014]] [312229615938.0, [47953725.0, 95907291, 6138012243, 5340891, 6138012243, 12275420379]] [14130306764.0, [2209183.0, 4373307, 278762688, 474659, 244872384, 392146960]]
Model_cost: [32309598342.0, [14895.5, 10506913, 668963704, 891905, 49400505, 768162]] [4268067876.0, [58911.0, 1333359, 85328676, 86895, 77870628, 1216827]] [313622080.0, [52.5, 104020, 6247200, 13140, 6247200, 27210]] [5306249664.0, [19933.0, 1680616, 106002464, 38704, 103509152, 971600038]] [1685560248.0, [2826.0, 545990, 34713648, 19654, 7796016, 121490]] [307625048826.0, [7995.0, 95907291, 6138012243, 5340891, 6137123727, 95892675]] [1633321324.0, [954.0, 515323, 32839552, 60259, 25506688, 398416]]
Arch_Param: [32, 8192, 2048, 8, 1024, 512]
SK_cost: [38259497876.0, [5942341.0, 11844705, 757568376, 845249, 612138168, 1200535073]] [4341335076.0, [666735.0, 1333359, 85328676, 86895, 85328676, 169873263]] [318625360, [52170, 104020, 6247200, 13140, 6247200, 13130]] [5780371808, [891828, 1783016, 113702944, 38704, 113702944, 210388252]] [2251260216, [350214, 696326, 44335152, 19654, 42754608, 85459014]] [312229615938.0, [47953725.0, 95907291, 6138012243, 5340891, 6138012243, 12275420379]] [14130306764.0, [2209183.0, 4373307, 278762688, 474659, 244872384, 392146960]]
Model_cost: [32309598342.0, [14895.5, 10506913, 668963704, 891905, 49400505, 768162]] [4268067876.0, [58911.0, 1333359, 85328676, 86895, 77870628, 1216827]] [313622080.0, [52.5, 104020, 6247200, 13140, 6247200, 27210]] [5306249664.0, [19933.0, 1680616, 106002464, 38704, 103509152, 971600038]] [1685522616.0, [2826.0, 545990, 34713648, 19654, 7777200, 121196]] [307625048826.0, [7995.0, 95907291, 6138012243, 5340891, 6137123727, 95892675]] [1633321324.0, [954.0, 515323, 32839552, 60259, 25506688, 398416]]
Arch_Param: [32, 8192, 2048, 16, 256, 64]
SK_cost: [20633291540.0, [3190389.0, 25429697, 406836408, 451617, 334122168, 644503073]] [4357334052.0, [666735.0, 5333103, 85328676, 86895, 85328676, 169873263]] [319773000, [52170, 390450, 6247200, 13170, 6247200, 13130]] [5801671240, [891828, 7106434, 113702944, 38794, 113702944, 210388252]] [1129810232, [175110, 1386502, 22167600, 9830, 21389872, 42729542]] [313380492306.0, [47953725.0, 383626383, 6138012243, 5340891, 6138012243, 12275420379]] [12073828816.0, [1866655.0, 14813420, 236848320, 329428, 222786752, 347975696]]
Model_cost: [17485899270.0, [7943.5, 22447809, 359126200, 913857, 49400505, 136610]] [4284066852.0, [58911.0, 5333103, 85328676, 86895, 77870628, 4866975]] [314769480.0, [50.0, 390450, 6247200, 13170, 6247200, 390410]] [5326074296.0, [19930.5, 6635394, 106002464, 38794, 103509152, 971968092]] [853875064.0, [1416.0, 1085830, 17356848, 11430, 7767792, 475483]] [308775925194.0, [7995.0, 383626383, 6138012243, 5340891, 6137123727, 383570187]] [1429856384.0, [679.5, 1783660, 28517760, 43604, 25506688, 1579792]]
Arch_Param: [32, 8192, 2048, 16, 256, 128]
SK_cost: [20633291540.0, [3190389.0, 25429697, 406836408, 451617, 334122168, 644503073]] [4357334052.0, [666735.0, 5333103, 85328676, 86895, 85328676, 169873263]] [319773000, [52170, 390450, 6247200, 13170, 6247200, 13130]] [5801671240, [891828, 7106434, 113702944, 38794, 113702944, 210388252]] [1129810232, [175110, 1386502, 22167600, 9830, 21389872, 42729542]] [313380492306.0, [47953725.0, 383626383, 6138012243, 5340891, 6138012243, 12275420379]] [12073828816.0, [1866655.0, 14813420, 236848320, 329428, 222786752, 347975696]]
Model_cost: [17457815046.0, [7943.5, 22447809, 359126200, 475041, 49400505, 3066018]] [4284066852.0, [58911.0, 5333103, 85328676, 86895, 77870628, 4866975]] [314769480.0, [50.0, 390450, 6247200, 13170, 6247200, 390410]] [5326074296.0, [19930.5, 6635394, 106002464, 38794, 103509152, 971968092]] [853809528.0, [1416.0, 1085830, 17356848, 10406, 7767792, 483419]] [308775925194.0, [7995.0, 383626383, 6138012243, 5340891, 6137123727, 383570187]] [1429770224.0, [678.0, 1783660, 28517760, 42260, 25506688, 1593424]]
Arch_Param: [32, 8192, 2048, 16, 256, 256]
SK_cost: [20633291540.0, [3190389.0, 25429697, 406836408, 451617, 334122168, 644503073]] [4357334052.0, [666735.0, 5333103, 85328676, 86895, 85328676, 169873263]] [319773000, [52170, 390450, 6247200, 13170, 6247200, 13130]] [5801671240, [891828, 7106434, 113702944, 38794, 113702944, 210388252]] [1129810232, [175110, 1386502, 22167600, 9830, 21389872, 42729542]] [313380492306.0, [47953725.0, 383626383, 6138012243, 5340891, 6138012243, 12275420379]] [12073828816.0, [1866655.0, 14813420, 236848320, 329428, 222786752, 347975696]]
Model_cost: [17457815046.0, [7943.5, 22447809, 359126200, 475041, 49400505, 3066018]] [4284066852.0, [58911.0, 5333103, 85328676, 86895, 77870628, 4866975]] [314769480.0, [50.0, 390450, 6247200, 13170, 6247200, 390410]] [5326074296.0, [19930.5, 6635394, 106002464, 38794, 103509152, 971968092]] [853791480.0, [1416.0, 1085830, 17356848, 9830, 7777200, 484574]] [308775925194.0, [7995.0, 383626383, 6138012243, 5340891, 6137123727, 383570187]] [1429770224.0, [678.0, 1783660, 28517760, 42260, 25506688, 1593424]]
Arch_Param: [32, 8192, 2048, 16, 512, 64]
SK_cost: [20582431328.0, [3190389.0, 12715108, 406836408, 451588, 334122168, 644503073]] [4346668068.0, [666735.0, 2666607, 85328676, 86895, 85328676, 169873263]] [318990840, [52170, 195230, 6247200, 13150, 6247200, 13130]] [5787454552, [891828, 3553222, 113702944, 38734, 113702944, 210388252]] [1127041336, [175110, 694278, 22167600, 9830, 21389872, 42729542]] [312613241394.0, [47953725.0, 191813655, 6138012243, 5340891, 6138012243, 12275420379]] [12044194424.0, [1866655.0, 7406710, 236848320, 329310, 222786752, 347975696]]
Model_cost: [17441002834.0, [7943.5, 11224164, 359126200, 913828, 49400505, 128418]] [4273400868.0, [58911.0, 2666607, 85328676, 86895, 77870628, 2433543]] [313987320.0, [50.0, 195230, 6247200, 13150, 6247200, 195210]] [5312840648.0, [19930.5, 3327942, 106002464, 38734, 103509152, 971769656]] [851707512.0, [1416.0, 543942, 17356848, 11430, 7767792, 237915]] [308008674282.0, [7995.0, 191813655, 6138012243, 5340891, 6137123727, 191785179]] [1426281512.0, [679.5, 891830, 28517760, 43486, 25506688, 790800]]
Arch_Param: [32, 8192, 2048, 16, 512, 128]
SK_cost: [20582431328.0, [3190389.0, 12715108, 406836408, 451588, 334122168, 644503073]] [4346668068.0, [666735.0, 2666607, 85328676, 86895, 85328676, 169873263]] [318990840, [52170, 195230, 6247200, 13150, 6247200, 13130]] [5787454552, [891828, 3553222, 113702944, 38734, 113702944, 210388252]] [1127041336, [175110, 694278, 22167600, 9830, 21389872, 42729542]] [312613241394.0, [47953725.0, 191813655, 6138012243, 5340891, 6138012243, 12275420379]] [12044194424.0, [1866655.0, 7406710, 236848320, 329310, 222786752, 347975696]]
Model_cost: [17412918610.0, [7943.5, 11224164, 359126200, 475012, 49400505, 1534114]] [4273400868.0, [58911.0, 2666607, 85328676, 86895, 77870628, 2433543]] [313987320.0, [50.0, 195230, 6247200, 13150, 6247200, 195210]] [5312840648.0, [19930.5, 3327942, 106002464, 38734, 103509152, 971769656]] [851641976.0, [1416.0, 543942, 17356848, 10406, 7767792, 241755]] [308008674282.0, [7995.0, 191813655, 6138012243, 5340891, 6137123727, 191785179]] [1426195352.0, [678.0, 891830, 28517760, 42142, 25506688, 796752]]
Arch_Param: [32, 8192, 2048, 16, 512, 256]
SK_cost: [20582431328.0, [3190389.0, 12715108, 406836408, 451588, 334122168, 644503073]] [4346668068.0, [666735.0, 2666607, 85328676, 86895, 85328676, 169873263]] [318990840, [52170, 195230, 6247200, 13150, 6247200, 13130]] [5787454552, [891828, 3553222, 113702944, 38734, 113702944, 210388252]] [1127041336, [175110, 694278, 22167600, 9830, 21389872, 42729542]] [312613241394.0, [47953725.0, 191813655, 6138012243, 5340891, 6138012243, 12275420379]] [12044194424.0, [1866655.0, 7406710, 236848320, 329310, 222786752, 347975696]]
Model_cost: [17412918610.0, [7943.5, 11224164, 359126200, 475012, 49400505, 1534114]] [4273400868.0, [58911.0, 2666607, 85328676, 86895, 77870628, 2433543]] [313987320.0, [50.0, 195230, 6247200, 13150, 6247200, 195210]] [5312840648.0, [19930.5, 3327942, 106002464, 38734, 103509152, 971769656]] [851623928.0, [1416.0, 543942, 17356848, 9830, 7777200, 242322]] [308008674282.0, [7995.0, 191813655, 6138012243, 5340891, 6137123727, 191785179]] [1426195352.0, [678.0, 891830, 28517760, 42142, 25506688, 796752]]
Arch_Param: [32, 8192, 2048, 16, 512, 512]
SK_cost: [20582431328.0, [3190389.0, 12715108, 406836408, 451588, 334122168, 644503073]] [4346668068.0, [666735.0, 2666607, 85328676, 86895, 85328676, 169873263]] [318990840, [52170, 195230, 6247200, 13150, 6247200, 13130]] [5787454552, [891828, 3553222, 113702944, 38734, 113702944, 210388252]] [1127041336, [175110, 694278, 22167600, 9830, 21389872, 42729542]] [312613241394.0, [47953725.0, 191813655, 6138012243, 5340891, 6138012243, 12275420379]] [12044194424.0, [1866655.0, 7406710, 236848320, 329310, 222786752, 347975696]]
Model_cost: [17412610978.0, [7939.0, 11224164, 359126200, 470212, 49400505, 1540706]] [4273400868.0, [58911.0, 2666607, 85328676, 86895, 77870628, 2433543]] [313987320.0, [50.0, 195230, 6247200, 13150, 6247200, 195210]] [5312840648.0, [19930.5, 3327942, 106002464, 38734, 103509152, 971769656]] [851605112.0, [1416.0, 543942, 17356848, 9830, 7767792, 242028]] [308008674282.0, [7995.0, 191813655, 6138012243, 5340891, 6137123727, 191785179]] [1426195352.0, [678.0, 891830, 28517760, 42142, 25506688, 796752]]
Arch_Param: [32, 8192, 2048, 16, 1024, 64]
SK_cost: [20557014420.0, [3190389.0, 6360929, 406836408, 451585, 334122168, 644503073]] [4341335076.0, [666735.0, 1333359, 85328676, 86895, 85328676, 169873263]] [318625360, [52170, 104020, 6247200, 13140, 6247200, 13130]] [5780371808, [891828, 1783016, 113702944, 38704, 113702944, 210388252]] [1125656888, [175110, 348166, 22167600, 9830, 21389872, 42729542]] [312229615938.0, [47953725.0, 95907291, 6138012243, 5340891, 6138012243, 12275420379]] [12029402828.0, [1866655.0, 3709755, 236848320, 329251, 222786752, 347975696]]
Model_cost: [17418661510.0, [7943.5, 5638881, 359126200, 913825, 49400505, 124322]] [4268067876.0, [58911.0, 1333359, 85328676, 86895, 77870628, 1216827]] [313622080.0, [52.5, 104020, 6247200, 13140, 6247200, 27210]] [5306249664.0, [19933.0, 1680616, 106002464, 38704, 103509152, 971600038]] [850623736.0, [1416.0, 272998, 17356848, 11430, 7767792, 119131]] [307625048826.0, [7995.0, 95907291, 6138012243, 5340891, 6137123727, 95892675]] [1424502652.0, [679.5, 448059, 28517760, 43427, 25506688, 396304]]
Arch_Param: [32, 8192, 2048, 16, 1024, 128]
SK_cost: [20557014420.0, [3190389.0, 6360929, 406836408, 451585, 334122168, 644503073]] [4341335076.0, [666735.0, 1333359, 85328676, 86895, 85328676, 169873263]] [318625360, [52170, 104020, 6247200, 13140, 6247200, 13130]] [5780371808, [891828, 1783016, 113702944, 38704, 113702944, 210388252]] [1125656888, [175110, 348166, 22167600, 9830, 21389872, 42729542]] [312229615938.0, [47953725.0, 95907291, 6138012243, 5340891, 6138012243, 12275420379]] [12029402828.0, [1866655.0, 3709755, 236848320, 329251, 222786752, 347975696]]
Model_cost: [17390577286.0, [7943.5, 5638881, 359126200, 475009, 49400505, 768162]] [4268067876.0, [58911.0, 1333359, 85328676, 86895, 77870628, 1216827]] [313622080.0, [52.5, 104020, 6247200, 13140, 6247200, 27210]] [5306249664.0, [19933.0, 1680616, 106002464, 38704, 103509152, 971600038]] [850558200.0, [1416.0, 272998, 17356848, 10406, 7767792, 120923]] [307625048826.0, [7995.0, 95907291, 6138012243, 5340891, 6137123727, 95892675]] [1424411116.0, [678.0, 446715, 28517760, 42083, 25506688, 398416]]
Arch_Param: [32, 8192, 2048, 16, 1024, 256]
SK_cost: [20557014420.0, [3190389.0, 6360929, 406836408, 451585, 334122168, 644503073]] [4341335076.0, [666735.0, 1333359, 85328676, 86895, 85328676, 169873263]] [318625360, [52170, 104020, 6247200, 13140, 6247200, 13130]] [5780371808, [891828, 1783016, 113702944, 38704, 113702944, 210388252]] [1125656888, [175110, 348166, 22167600, 9830, 21389872, 42729542]] [312229615938.0, [47953725.0, 95907291, 6138012243, 5340891, 6138012243, 12275420379]] [12029402828.0, [1866655.0, 3709755, 236848320, 329251, 222786752, 347975696]]
Model_cost: [17390577286.0, [7943.5, 5638881, 359126200, 475009, 49400505, 768162]] [4268067876.0, [58911.0, 1333359, 85328676, 86895, 77870628, 1216827]] [313622080.0, [52.5, 104020, 6247200, 13140, 6247200, 27210]] [5306249664.0, [19933.0, 1680616, 106002464, 38704, 103509152, 971600038]] [850540152.0, [1416.0, 272998, 17356848, 9830, 7777200, 121196]] [307625048826.0, [7995.0, 95907291, 6138012243, 5340891, 6137123727, 95892675]] [1424411116.0, [678.0, 446715, 28517760, 42083, 25506688, 398416]]
Arch_Param: [32, 8192, 2048, 16, 1024, 512]
SK_cost: [20557014420.0, [3190389.0, 6360929, 406836408, 451585, 334122168, 644503073]] [4341335076.0, [666735.0, 1333359, 85328676, 86895, 85328676, 169873263]] [318625360, [52170, 104020, 6247200, 13140, 6247200, 13130]] [5780371808, [891828, 1783016, 113702944, 38704, 113702944, 210388252]] [1125656888, [175110, 348166, 22167600, 9830, 21389872, 42729542]] [312229615938.0, [47953725.0, 95907291, 6138012243, 5340891, 6138012243, 12275420379]] [12029402828.0, [1866655.0, 3709755, 236848320, 329251, 222786752, 347975696]]
Model_cost: [17390250454.0, [7939.0, 5634081, 359126200, 470209, 49400505, 770594]] [4268067876.0, [58911.0, 1333359, 85328676, 86895, 77870628, 1216827]] [313622080.0, [52.5, 104020, 6247200, 13140, 6247200, 27210]] [5306249664.0, [19933.0, 1680616, 106002464, 38704, 103509152, 971600038]] [850521336.0, [1416.0, 272998, 17356848, 9830, 7767792, 121049]] [307625048826.0, [7995.0, 95907291, 6138012243, 5340891, 6137123727, 95892675]] [1424411116.0, [678.0, 446715, 28517760, 42083, 25506688, 398416]]
Arch_Param: [32, 8192, 2048, 32, 256, 64]
SK_cost: [11752047380.0, [1814901.0, 14471873, 231526584, 254913, 195169464, 366597665]] [4357334052.0, [666735.0, 5333103, 85328676, 86895, 85328676, 169873263]] [319773000, [52170, 390450, 6247200, 13170, 6247200, 13130]] [5801671240, [891828, 7106434, 113702944, 38794, 113702944, 210388252]] [564931896, [87558, 693254, 11083824, 4918, 10707504, 21364806]] [313380492306.0, [47953725.0, 383626383, 6138012243, 5340891, 6138012243, 12275420379]] [11019444688.0, [1695391.0, 13498604, 215891136, 256724, 211743936, 325890064]]
Model_cost: [9972031494.0, [4471.5, 12767937, 204263608, 266817, 49400505, 3066018]] [4284066852.0, [58911.0, 5333103, 85328676, 86895, 77870628, 4866975]] [314769480.0, [50.0, 390450, 6247200, 13170, 6247200, 390410]] [5326074296.0, [19930.5, 6635394, 106002464, 38794, 103509152, 971968092]] [434674200.0, [711.0, 542918, 8678448, 5206, 7767792, 483419]] [308775925194.0, [7995.0, 383626383, 6138012243, 5340891, 6137123727, 383570187]] [1324909616.0, [540.0, 1647980, 26356864, 33172, 25506688, 1593424]]
Arch_Param: [32, 8192, 2048, 32, 256, 128]
SK_cost: [11752047380.0, [1814901.0, 14471873, 231526584, 254913, 195169464, 366597665]] [4357334052.0, [666735.0, 5333103, 85328676, 86895, 85328676, 169873263]] [319773000, [52170, 390450, 6247200, 13170, 6247200, 13130]] [5801671240, [891828, 7106434, 113702944, 38794, 113702944, 210388252]] [564931896, [87558, 693254, 11083824, 4918, 10707504, 21364806]] [313380492306.0, [47953725.0, 383626383, 6138012243, 5340891, 6138012243, 12275420379]] [11019444688.0, [1695391.0, 13498604, 215891136, 256724, 211743936, 325890064]]
Model_cost: [9972031494.0, [4471.5, 12767937, 204263608, 266817, 49400505, 3066018]] [4284066852.0, [58911.0, 5333103, 85328676, 86895, 77870628, 4866975]] [314769480.0, [50.0, 390450, 6247200, 13170, 6247200, 390410]] [5326074296.0, [19930.5, 6635394, 106002464, 38794, 103509152, 971968092]] [434674200.0, [711.0, 542918, 8678448, 5206, 7767792, 483419]] [308775925194.0, [7995.0, 383626383, 6138012243, 5340891, 6137123727, 383570187]] [1324909616.0, [540.0, 1647980, 26356864, 33172, 25506688, 1593424]]
Arch_Param: [32, 8192, 2048, 32, 256, 256]
SK_cost: [11752047380.0, [1814901.0, 14471873, 231526584, 254913, 195169464, 366597665]] [4357334052.0, [666735.0, 5333103, 85328676, 86895, 85328676, 169873263]] [319773000, [52170, 390450, 6247200, 13170, 6247200, 13130]] [5801671240, [891828, 7106434, 113702944, 38794, 113702944, 210388252]] [564931896, [87558, 693254, 11083824, 4918, 10707504, 21364806]] [313380492306.0, [47953725.0, 383626383, 6138012243, 5340891, 6138012243, 12275420379]] [11019444688.0, [1695391.0, 13498604, 215891136, 256724, 211743936, 325890064]]
Model_cost: [9971871318.0, [4467.0, 12767937, 204263608, 264321, 49400505, 3080930]] [4284066852.0, [58911.0, 5333103, 85328676, 86895, 77870628, 4866975]] [314769480.0, [50.0, 390450, 6247200, 13170, 6247200, 390410]] [5326074296.0, [19930.5, 6635394, 106002464, 38794, 103509152, 971968092]] [434655768.0, [711.0, 542918, 8678448, 4918, 7767792, 483986]] [308775925194.0, [7995.0, 383626383, 6138012243, 5340891, 6137123727, 383570187]] [1324909616.0, [540.0, 1647980, 26356864, 33172, 25506688, 1593424]]
Arch_Param: [32, 8192, 2048, 32, 512, 64]
SK_cost: [11723102816.0, [1814901.0, 7236196, 231526584, 254884, 195169464, 366597665]] [4346668068.0, [666735.0, 2666607, 85328676, 86895, 85328676, 169873263]] [318990840, [52170, 195230, 6247200, 13150, 6247200, 13130]] [5787454552, [891828, 3553222, 113702944, 38734, 113702944, 210388252]] [563547448, [87558, 347142, 11083824, 4918, 10707504, 21364806]] [312613241394.0, [47953725.0, 191813655, 6138012243, 5340891, 6138012243, 12275420379]] [10992439928.0, [1695391.0, 6749302, 215891136, 256606, 211743936, 325890064]]
Model_cost: [9946494802.0, [4471.5, 6384228, 204263608, 266788, 49400505, 1534114]] [4273400868.0, [58911.0, 2666607, 85328676, 86895, 77870628, 2433543]] [313987320.0, [50.0, 195230, 6247200, 13150, 6247200, 195210]] [5312840648.0, [19930.5, 3327942, 106002464, 38734, 103509152, 971769656]] [433590424.0, [711.0, 271974, 8678448, 5206, 7767792, 241755]] [308008674282.0, [7995.0, 191813655, 6138012243, 5340891, 6137123727, 191785179]] [1321606104.0, [540.0, 823990, 26356864, 33054, 25506688, 796752]]
Arch_Param: [32, 8192, 2048, 32, 512, 128]
SK_cost: [11723102816.0, [1814901.0, 7236196, 231526584, 254884, 195169464, 366597665]] [4346668068.0, [666735.0, 2666607, 85328676, 86895, 85328676, 169873263]] [318990840, [52170, 195230, 6247200, 13150, 6247200, 13130]] [5787454552, [891828, 3553222, 113702944, 38734, 113702944, 210388252]] [563547448, [87558, 347142, 11083824, 4918, 10707504, 21364806]] [312613241394.0, [47953725.0, 191813655, 6138012243, 5340891, 6138012243, 12275420379]] [10992439928.0, [1695391.0, 6749302, 215891136, 256606, 211743936, 325890064]]
Model_cost: [9946494802.0, [4471.5, 6384228, 204263608, 266788, 49400505, 1534114]] [4273400868.0, [58911.0, 2666607, 85328676, 86895, 77870628, 2433543]] [313987320.0, [50.0, 195230, 6247200, 13150, 6247200, 195210]] [5312840648.0, [19930.5, 3327942, 106002464, 38734, 103509152, 971769656]] [433590424.0, [711.0, 271974, 8678448, 5206, 7767792, 241755]] [308008674282.0, [7995.0, 191813655, 6138012243, 5340891, 6137123727, 191785179]] [1321606104.0, [540.0, 823990, 26356864, 33054, 25506688, 796752]]
Arch_Param: [32, 8192, 2048, 32, 512, 256]
SK_cost: [11723102816.0, [1814901.0, 7236196, 231526584, 254884, 195169464, 366597665]] [4346668068.0, [666735.0, 2666607, 85328676, 86895, 85328676, 169873263]] [318990840, [52170, 195230, 6247200, 13150, 6247200, 13130]] [5787454552, [891828, 3553222, 113702944, 38734, 113702944, 210388252]] [563547448, [87558, 347142, 11083824, 4918, 10707504, 21364806]] [312613241394.0, [47953725.0, 191813655, 6138012243, 5340891, 6138012243, 12275420379]] [10992439928.0, [1695391.0, 6749302, 215891136, 256606, 211743936, 325890064]]
Model_cost: [9946334626.0, [4467.0, 6384228, 204263608, 264292, 49400505, 1540706]] [4273400868.0, [58911.0, 2666607, 85328676, 86895, 77870628, 2433543]] [313987320.0, [50.0, 195230, 6247200, 13150, 6247200, 195210]] [5312840648.0, [19930.5, 3327942, 106002464, 38734, 103509152, 971769656]] [433571992.0, [711.0, 271974, 8678448, 4918, 7767792, 242028]] [308008674282.0, [7995.0, 191813655, 6138012243, 5340891, 6137123727, 191785179]] [1321606104.0, [540.0, 823990, 26356864, 33054, 25506688, 796752]]
Arch_Param: [32, 8192, 2048, 32, 512, 512]
SK_cost: [11723102816.0, [1814901.0, 7236196, 231526584, 254884, 195169464, 366597665]] [4346668068.0, [666735.0, 2666607, 85328676, 86895, 85328676, 169873263]] [318990840, [52170, 195230, 6247200, 13150, 6247200, 13130]] [5787454552, [891828, 3553222, 113702944, 38734, 113702944, 210388252]] [563547448, [87558, 347142, 11083824, 4918, 10707504, 21364806]] [312613241394.0, [47953725.0, 191813655, 6138012243, 5340891, 6138012243, 12275420379]] [10992439928.0, [1695391.0, 6749302, 215891136, 256606, 211743936, 325890064]]
Model_cost: [9946334626.0, [4467.0, 6384228, 204263608, 264292, 49400505, 1540706]] [4273400868.0, [58911.0, 2666607, 85328676, 86895, 77870628, 2433543]] [313987320.0, [50.0, 195230, 6247200, 13150, 6247200, 195210]] [5312840648.0, [19930.5, 3327942, 106002464, 38734, 103509152, 971769656]] [433571992.0, [711.0, 271974, 8678448, 4918, 7767792, 242028]] [308008674282.0, [7995.0, 191813655, 6138012243, 5340891, 6137123727, 191785179]] [1321606104.0, [540.0, 823990, 26356864, 33054, 25506688, 796752]]
Arch_Param: [32, 8192, 2048, 32, 1024, 64]
SK_cost: [11708637588.0, [1814901.0, 3619937, 231526584, 254881, 195169464, 366597665]] [4341335076.0, [666735.0, 1333359, 85328676, 86895, 85328676, 169873263]] [318625360, [52170, 104020, 6247200, 13140, 6247200, 13130]] [5780371808, [891828, 1783016, 113702944, 38704, 113702944, 210388252]] [562855224, [87558, 174086, 11083824, 4918, 10707504, 21364806]] [312229615938.0, [47953725.0, 95907291, 6138012243, 5340891, 6138012243, 12275420379]] [10978950860.0, [1695391.0, 3377979, 215891136, 256547, 211743936, 325890064]]
Model_cost: [9933781126.0, [4471.5, 3205857, 204263608, 266785, 49400505, 768162]] [4268067876.0, [58911.0, 1333359, 85328676, 86895, 77870628, 1216827]] [313622080.0, [52.5, 104020, 6247200, 13140, 6247200, 27210]] [5306249664.0, [19933.0, 1680616, 106002464, 38704, 103509152, 971600038]] [433048536.0, [711.0, 136502, 8678448, 5206, 7767792, 120923]] [307625048826.0, [7995.0, 95907291, 6138012243, 5340891, 6137123727, 95892675]] [1319956012.0, [540.0, 412411, 26356864, 32995, 25506688, 398416]]
Arch_Param: [32, 8192, 2048, 32, 1024, 128]
SK_cost: [11708637588.0, [1814901.0, 3619937, 231526584, 254881, 195169464, 366597665]] [4341335076.0, [666735.0, 1333359, 85328676, 86895, 85328676, 169873263]] [318625360, [52170, 104020, 6247200, 13140, 6247200, 13130]] [5780371808, [891828, 1783016, 113702944, 38704, 113702944, 210388252]] [562855224, [87558, 174086, 11083824, 4918, 10707504, 21364806]] [312229615938.0, [47953725.0, 95907291, 6138012243, 5340891, 6138012243, 12275420379]] [10978950860.0, [1695391.0, 3377979, 215891136, 256547, 211743936, 325890064]]
Model_cost: [9933781126.0, [4471.5, 3205857, 204263608, 266785, 49400505, 768162]] [4268067876.0, [58911.0, 1333359, 85328676, 86895, 77870628, 1216827]] [313622080.0, [52.5, 104020, 6247200, 13140, 6247200, 27210]] [5306249664.0, [19933.0, 1680616, 106002464, 38704, 103509152, 971600038]] [433048536.0, [711.0, 136502, 8678448, 5206, 7767792, 120923]] [307625048826.0, [7995.0, 95907291, 6138012243, 5340891, 6137123727, 95892675]] [1319956012.0, [540.0, 412411, 26356864, 32995, 25506688, 398416]]
Arch_Param: [32, 8192, 2048, 32, 1024, 256]
SK_cost: [11708637588.0, [1814901.0, 3619937, 231526584, 254881, 195169464, 366597665]] [4341335076.0, [666735.0, 1333359, 85328676, 86895, 85328676, 169873263]] [318625360, [52170, 104020, 6247200, 13140, 6247200, 13130]] [5780371808, [891828, 1783016, 113702944, 38704, 113702944, 210388252]] [562855224, [87558, 174086, 11083824, 4918, 10707504, 21364806]] [312229615938.0, [47953725.0, 95907291, 6138012243, 5340891, 6138012243, 12275420379]] [10978950860.0, [1695391.0, 3377979, 215891136, 256547, 211743936, 325890064]]
Model_cost: [9933610966.0, [4467.0, 3203361, 204263608, 264289, 49400505, 770594]] [4268067876.0, [58911.0, 1333359, 85328676, 86895, 77870628, 1216827]] [313622080.0, [52.5, 104020, 6247200, 13140, 6247200, 27210]] [5306249664.0, [19933.0, 1680616, 106002464, 38704, 103509152, 971600038]] [433030104.0, [711.0, 136502, 8678448, 4918, 7767792, 121049]] [307625048826.0, [7995.0, 95907291, 6138012243, 5340891, 6137123727, 95892675]] [1319956012.0, [540.0, 412411, 26356864, 32995, 25506688, 398416]]
Arch_Param: [32, 8192, 2048, 32, 1024, 512]
SK_cost: [11708637588.0, [1814901.0, 3619937, 231526584, 254881, 195169464, 366597665]] [4341335076.0, [666735.0, 1333359, 85328676, 86895, 85328676, 169873263]] [318625360, [52170, 104020, 6247200, 13140, 6247200, 13130]] [5780371808, [891828, 1783016, 113702944, 38704, 113702944, 210388252]] [562855224, [87558, 174086, 11083824, 4918, 10707504, 21364806]] [312229615938.0, [47953725.0, 95907291, 6138012243, 5340891, 6138012243, 12275420379]] [10978950860.0, [1695391.0, 3377979, 215891136, 256547, 211743936, 325890064]]
Model_cost: [9933610966.0, [4467.0, 3203361, 204263608, 264289, 49400505, 770594]] [4268067876.0, [58911.0, 1333359, 85328676, 86895, 77870628, 1216827]] [313622080.0, [52.5, 104020, 6247200, 13140, 6247200, 27210]] [5306249664.0, [19933.0, 1680616, 106002464, 38704, 103509152, 971600038]] [433030104.0, [711.0, 136502, 8678448, 4918, 7767792, 121049]] [307625048826.0, [7995.0, 95907291, 6138012243, 5340891, 6137123727, 95892675]] [1319956012.0, [540.0, 412411, 26356864, 32995, 25506688, 398416]]
Arch_Param: [32, 8192, 1024, 4, 256, 64]
SK_cost: [75041470612.0, [22803497.0, 91214401, 1459298552, 1634145, 1168280760, 2312820257]] [8474944548.0, [2556015.0, 10223727, 163578660, 164463, 163185444, 325586799]] [324750600, [104020, 390450, 6247200, 13170, 6247200, 13130]] [5887225288, [1783016, 7106434, 113702944, 38794, 113702944, 210388252]] [4585533752, [1392646, 5545990, 88670256, 39302, 85484080, 170917958]] [635936810130.0, [191805207.0, 767215743, 12275433555, 10680855, 12275130963, 24549657819]] [21503642704.0, [6562107.0, 26148076, 417716928, 820436, 333083840, 568569872]]
Model_cost: [62504886038.0, [57605.0, 80564801, 1288904952, 3294657, 49400505, 136610]] [8070910500.0, [124719.0, 10223727, 163578660, 164463, 77870628, 4866975]] [314774280.0, [100.0, 390450, 6247200, 13170, 6247200, 390410]] [5327986664.0, [39851.0, 6635394, 106002464, 38794, 103509152, 971968092]] [3377682616, [11286, 4343302, 69427248, 174726, 7767792, 19803]] [605249561610.0, [21519.0, 767215743, 12275433555, 10680855, 6137123727, 383570187]] [2357997232.0, [3240.0, 2983404, 47652928, 115604, 25506688, 1502608]]
Arch_Param: [32, 8192, 1024, 4, 256, 128]
SK_cost: [75041470612.0, [22803497.0, 91214401, 1459298552, 1634145, 1168280760, 2312820257]] [8474944548.0, [2556015.0, 10223727, 163578660, 164463, 163185444, 325586799]] [324750600, [104020, 390450, 6247200, 13170, 6247200, 13130]] [5887225288, [1783016, 7106434, 113702944, 38794, 113702944, 210388252]] [4585533752, [1392646, 5545990, 88670256, 39302, 85484080, 170917958]] [635936810130.0, [191805207.0, 767215743, 12275433555, 10680855, 12275130963, 24549657819]] [21503642704.0, [6562107.0, 26148076, 417716928, 820436, 333083840, 568569872]]
Model_cost: [62504886038.0, [57605.0, 80564801, 1288904952, 3294657, 49400505, 136610]] [8070910500.0, [124719.0, 10223727, 163578660, 164463, 77870628, 4866975]] [314774280.0, [100.0, 390450, 6247200, 13170, 6247200, 390410]] [5327986664.0, [39851.0, 6635394, 106002464, 38794, 103509152, 971968092]] [3369425080.0, [11286.0, 4343302, 69427248, 45702, 7767792, 475483]] [605249561610.0, [21519.0, 767215743, 12275433555, 10680855, 6137123727, 383570187]] [2357538480.0, [3240.0, 2983404, 47652928, 108436, 25506688, 1579792]]
Arch_Param: [32, 8192, 1024, 4, 256, 256]
SK_cost: [75041470612.0, [22803497.0, 91214401, 1459298552, 1634145, 1168280760, 2312820257]] [8474944548.0, [2556015.0, 10223727, 163578660, 164463, 163185444, 325586799]] [324750600, [104020, 390450, 6247200, 13170, 6247200, 13130]] [5887225288, [1783016, 7106434, 113702944, 38794, 113702944, 210388252]] [4585533752, [1392646, 5545990, 88670256, 39302, 85484080, 170917958]] [635936810130.0, [191805207.0, 767215743, 12275433555, 10680855, 12275130963, 24549657819]] [21503642704.0, [6562107.0, 26148076, 417716928, 820436, 333083840, 568569872]]
Model_cost: [62504886038.0, [57605.0, 80564801, 1288904952, 3294657, 49400505, 136610]] [8070910500.0, [124719.0, 10223727, 163578660, 164463, 77870628, 4866975]] [314774280.0, [100.0, 390450, 6247200, 13170, 6247200, 390410]] [5327986664.0, [39851.0, 6635394, 106002464, 38794, 103509152, 971968092]] [3369409336.0, [11286.0, 4343302, 69427248, 43398, 7833648, 480166]] [605249561610.0, [21519.0, 767215743, 12275433555, 10680855, 6137123727, 383570187]] [2357538480.0, [3240.0, 2983404, 47652928, 108436, 25506688, 1579792]]
Arch_Param: [32, 8192, 1024, 4, 512, 64]
SK_cost: [74859040992.0, [22803497.0, 45607460, 1459298552, 1634116, 1168280760, 2312820257]] [8454497316.0, [2556015.0, 5111919, 163578660, 164463, 163185444, 325586799]] [323968440, [104020, 195230, 6247200, 13150, 6247200, 13130]] [5873008600, [1783016, 3553222, 113702944, 38734, 113702944, 210388252]] [4574458168, [1392646, 2777094, 88670256, 39302, 85484080, 170917958]] [634402382034.0, [191805207.0, 383608719, 12275433555, 10680855, 12275130963, 24549657819]] [21451339000.0, [6562107.0, 13074038, 417716928, 820318, 333083840, 568569872]]
Model_cost: [62343755618.0, [57605.0, 40282660, 1288904952, 3294628, 49400505, 128418]] [8050463268.0, [124719.0, 5111919, 163578660, 164463, 77870628, 2433543]] [313992120.0, [100.0, 195230, 6247200, 13150, 6247200, 195210]] [5314753016.0, [39851.0, 3327942, 106002464, 38734, 103509152, 971769656]] [3369012408, [11286, 2175750, 69427248, 174726, 7767792, 19803]] [603715133514.0, [21519.0, 383608719, 12275433555, 10680855, 6137123727, 191785179]] [2352022872.0, [3240.0, 1491702, 47652928, 115486, 25506688, 754576]]
Arch_Param: [32, 8192, 1024, 4, 512, 128]
SK_cost: [74859040992.0, [22803497.0, 45607460, 1459298552, 1634116, 1168280760, 2312820257]] [8454497316.0, [2556015.0, 5111919, 163578660, 164463, 163185444, 325586799]] [323968440, [104020, 195230, 6247200, 13150, 6247200, 13130]] [5873008600, [1783016, 3553222, 113702944, 38734, 113702944, 210388252]] [4574458168, [1392646, 2777094, 88670256, 39302, 85484080, 170917958]] [634402382034.0, [191805207.0, 383608719, 12275433555, 10680855, 12275130963, 24549657819]] [21451339000.0, [6562107.0, 13074038, 417716928, 820318, 333083840, 568569872]]
Model_cost: [62343755618.0, [57605.0, 40282660, 1288904952, 3294628, 49400505, 128418]] [8050463268.0, [124719.0, 5111919, 163578660, 164463, 77870628, 2433543]] [313992120.0, [100.0, 195230, 6247200, 13150, 6247200, 195210]] [5314753016.0, [39851.0, 3327942, 106002464, 38734, 103509152, 971769656]] [3360754872.0, [11286.0, 2175750, 69427248, 45702, 7767792, 237915]] [603715133514.0, [21519.0, 383608719, 12275433555, 10680855, 6137123727, 191785179]] [2351564120.0, [3240.0, 1491702, 47652928, 108318, 25506688, 790800]]
Arch_Param: [32, 8192, 1024, 4, 512, 256]
SK_cost: [74859040992.0, [22803497.0, 45607460, 1459298552, 1634116, 1168280760, 2312820257]] [8454497316.0, [2556015.0, 5111919, 163578660, 164463, 163185444, 325586799]] [323968440, [104020, 195230, 6247200, 13150, 6247200, 13130]] [5873008600, [1783016, 3553222, 113702944, 38734, 113702944, 210388252]] [4574458168, [1392646, 2777094, 88670256, 39302, 85484080, 170917958]] [634402382034.0, [191805207.0, 383608719, 12275433555, 10680855, 12275130963, 24549657819]] [21451339000.0, [6562107.0, 13074038, 417716928, 820318, 333083840, 568569872]]
Model_cost: [62343755618.0, [57605.0, 40282660, 1288904952, 3294628, 49400505, 128418]] [8050463268.0, [124719.0, 5111919, 163578660, 164463, 77870628, 2433543]] [313992120.0, [100.0, 195230, 6247200, 13150, 6247200, 195210]] [5314753016.0, [39851.0, 3327942, 106002464, 38734, 103509152, 971769656]] [3360739128.0, [11286.0, 2175750, 69427248, 43398, 7833648, 240246]] [603715133514.0, [21519.0, 383608719, 12275433555, 10680855, 6137123727, 191785179]] [2351564120.0, [3240.0, 1491702, 47652928, 108318, 25506688, 790800]]
Arch_Param: [32, 8192, 1024, 4, 512, 512]
SK_cost: [74859040992.0, [22803497.0, 45607460, 1459298552, 1634116, 1168280760, 2312820257]] [8454497316.0, [2556015.0, 5111919, 163578660, 164463, 163185444, 325586799]] [323968440, [104020, 195230, 6247200, 13150, 6247200, 13130]] [5873008600, [1783016, 3553222, 113702944, 38734, 113702944, 210388252]] [4574458168, [1392646, 2777094, 88670256, 39302, 85484080, 170917958]] [634402382034.0, [191805207.0, 383608719, 12275433555, 10680855, 12275130963, 24549657819]] [21451339000.0, [6562107.0, 13074038, 417716928, 820318, 333083840, 568569872]]
Model_cost: [62243454818.0, [57605.0, 40282660, 1288904952, 1727428, 49400505, 1534114]] [8050463268.0, [124719.0, 5111919, 163578660, 164463, 77870628, 2433543]] [313992120.0, [100.0, 195230, 6247200, 13150, 6247200, 195210]] [5314753016.0, [39851.0, 3327942, 106002464, 38734, 103509152, 971769656]] [3360401720.0, [11286.0, 2175750, 69427248, 39302, 7796016, 242910]] [603715133514.0, [21519.0, 383608719, 12275433555, 10680855, 6137123727, 191785179]] [2351256632.0, [3237.0, 1491702, 47652928, 103518, 25506688, 796752]]
Arch_Param: [32, 8192, 1024, 4, 1024, 64]
SK_cost: [74767876628.0, [22803497.0, 22816417, 1459298552, 1634113, 1168280760, 2312820257]] [8444273700.0, [2556015.0, 2556015, 163578660, 164463, 163185444, 325586799]] [323602960, [104020, 104020, 6247200, 13140, 6247200, 13130]] [5865925856, [1783016, 1783016, 113702944, 38704, 113702944, 210388252]] [4568920376, [1392646, 1392646, 88670256, 39302, 85484080, 170917958]] [633635167986.0, [191805207.0, 191805207, 12275433555, 10680855, 12275130963, 24549657819]] [21425287500.0, [6562107.0, 6562107, 417716928, 820259, 333083840, 568569872]]
Model_cost: [62263614102.0, [57605.0, 20247329, 1288904952, 3294625, 49400505, 124322]] [8040239652.0, [124719.0, 2556015, 163578660, 164463, 77870628, 1216827]] [313627120.0, [105.0, 104020, 6247200, 13140, 6247200, 27210]] [5308162272.0, [39856.0, 1680616, 106002464, 38704, 103509152, 971600038]] [3364677304, [11286, 1091974, 69427248, 174726, 7767792, 19803]] [602947919466.0, [21519.0, 191805207, 12275433555, 10680855, 6137123727, 95892675]] [2349067436.0, [3240.0, 753787, 47652928, 115427, 25506688, 380560]]
Arch_Param: [32, 8192, 1024, 4, 1024, 128]
SK_cost: [74767876628.0, [22803497.0, 22816417, 1459298552, 1634113, 1168280760, 2312820257]] [8444273700.0, [2556015.0, 2556015, 163578660, 164463, 163185444, 325586799]] [323602960, [104020, 104020, 6247200, 13140, 6247200, 13130]] [5865925856, [1783016, 1783016, 113702944, 38704, 113702944, 210388252]] [4568920376, [1392646, 1392646, 88670256, 39302, 85484080, 170917958]] [633635167986.0, [191805207.0, 191805207, 12275433555, 10680855, 12275130963, 24549657819]] [21425287500.0, [6562107.0, 6562107, 417716928, 820259, 333083840, 568569872]]
Model_cost: [62263614102.0, [57605.0, 20247329, 1288904952, 3294625, 49400505, 124322]] [8040239652.0, [124719.0, 2556015, 163578660, 164463, 77870628, 1216827]] [313627120.0, [105.0, 104020, 6247200, 13140, 6247200, 27210]] [5308162272.0, [39856.0, 1680616, 106002464, 38704, 103509152, 971600038]] [3356419768.0, [11286.0, 1091974, 69427248, 45702, 7767792, 119131]] [602947919466.0, [21519.0, 191805207, 12275433555, 10680855, 6137123727, 95892675]] [2348608684.0, [3240.0, 753787, 47652928, 108259, 25506688, 396304]]
Arch_Param: [32, 8192, 1024, 4, 1024, 256]
SK_cost: [74767876628.0, [22803497.0, 22816417, 1459298552, 1634113, 1168280760, 2312820257]] [8444273700.0, [2556015.0, 2556015, 163578660, 164463, 163185444, 325586799]] [323602960, [104020, 104020, 6247200, 13140, 6247200, 13130]] [5865925856, [1783016, 1783016, 113702944, 38704, 113702944, 210388252]] [4568920376, [1392646, 1392646, 88670256, 39302, 85484080, 170917958]] [633635167986.0, [191805207.0, 191805207, 12275433555, 10680855, 12275130963, 24549657819]] [21425287500.0, [6562107.0, 6562107, 417716928, 820259, 333083840, 568569872]]
Model_cost: [62263614102.0, [57605.0, 20247329, 1288904952, 3294625, 49400505, 124322]] [8040239652.0, [124719.0, 2556015, 163578660, 164463, 77870628, 1216827]] [313627120.0, [105.0, 104020, 6247200, 13140, 6247200, 27210]] [5308162272.0, [39856.0, 1680616, 106002464, 38704, 103509152, 971600038]] [3356404024.0, [11286.0, 1091974, 69427248, 43398, 7833648, 120286]] [602947919466.0, [21519.0, 191805207, 12275433555, 10680855, 6137123727, 95892675]] [2348608684.0, [3240.0, 753787, 47652928, 108259, 25506688, 396304]]
Arch_Param: [32, 8192, 1024, 4, 1024, 512]
SK_cost: [74767876628.0, [22803497.0, 22816417, 1459298552, 1634113, 1168280760, 2312820257]] [8444273700.0, [2556015.0, 2556015, 163578660, 164463, 163185444, 325586799]] [323602960, [104020, 104020, 6247200, 13140, 6247200, 13130]] [5865925856, [1783016, 1783016, 113702944, 38704, 113702944, 210388252]] [4568920376, [1392646, 1392646, 88670256, 39302, 85484080, 170917958]] [633635167986.0, [191805207.0, 191805207, 12275433555, 10680855, 12275130963, 24549657819]] [21425287500.0, [6562107.0, 6562107, 417716928, 820259, 333083840, 568569872]]
Model_cost: [62163313302.0, [57605.0, 20247329, 1288904952, 1727425, 49400505, 768162]] [8040239652.0, [124719.0, 2556015, 163578660, 164463, 77870628, 1216827]] [313627120.0, [105.0, 104020, 6247200, 13140, 6247200, 27210]] [5308162272.0, [39856.0, 1680616, 106002464, 38704, 103509152, 971600038]] [3356066616.0, [11286.0, 1091974, 69427248, 39302, 7796016, 121490]] [602947919466.0, [21519.0, 191805207, 12275433555, 10680855, 6137123727, 95892675]] [2348281996.0, [3237.0, 748987, 47652928, 103459, 25506688, 398416]]
Arch_Param: [32, 8192, 1024, 8, 256, 64]
SK_cost: [38967513236.0, [11837993.0, 47352385, 757568376, 845281, 612138168, 1200535073]] [4421329956.0, [1333359.0, 5333103, 85328676, 86895, 85328676, 169873263]] [324750600, [104020, 390450, 6247200, 13170, 6247200, 13130]] [5887225288, [1783016, 7106434, 113702944, 38794, 113702944, 210388252]] [2292793656, [696326, 2772998, 44335152, 19654, 42754608, 85459014]] [317984034642.0, [95907291.0, 383626383, 6138012243, 5340891, 6138012243, 12275420379]] [14390352976.0, [4373307.0, 17443052, 278762688, 474836, 244872384, 392146960]]
Model_cost: [32488413366.0, [29748.0, 41814593, 668963704, 1706881, 49400505, 136610]] [4289711652.0, [117711.0, 5333103, 85328676, 86895, 77870628, 4866975]] [314774280.0, [100.0, 390450, 6247200, 13170, 6247200, 390410]] [5327986664.0, [39851.0, 6635394, 106002464, 38794, 103509152, 971968092]] [1692481976.0, [5646.0, 2171654, 34713648, 22854, 7767792, 475483]] [308776677450.0, [15831.0, 383626383, 6138012243, 5340891, 6137123727, 383570187]] [1639742672.0, [1907.0, 2055020, 32839552, 62932, 25506688, 1579792]]
Arch_Param: [32, 8192, 1024, 8, 256, 128]
SK_cost: [38967513236.0, [11837993.0, 47352385, 757568376, 845281, 612138168, 1200535073]] [4421329956.0, [1333359.0, 5333103, 85328676, 86895, 85328676, 169873263]] [324750600, [104020, 390450, 6247200, 13170, 6247200, 13130]] [5887225288, [1783016, 7106434, 113702944, 38794, 113702944, 210388252]] [2292793656, [696326, 2772998, 44335152, 19654, 42754608, 85459014]] [317984034642.0, [95907291.0, 383626383, 6138012243, 5340891, 6138012243, 12275420379]] [14390352976.0, [4373307.0, 17443052, 278762688, 474836, 244872384, 392146960]]
Model_cost: [32488413366.0, [29748.0, 41814593, 668963704, 1706881, 49400505, 136610]] [4289711652.0, [117711.0, 5333103, 85328676, 86895, 77870628, 4866975]] [314774280.0, [100.0, 390450, 6247200, 13170, 6247200, 390410]] [5327986664.0, [39851.0, 6635394, 106002464, 38794, 103509152, 971968092]] [1692481976.0, [5646.0, 2171654, 34713648, 22854, 7767792, 475483]] [308776677450.0, [15831.0, 383626383, 6138012243, 5340891, 6137123727, 383570187]] [1639742672.0, [1907.0, 2055020, 32839552, 62932, 25506688, 1579792]]
Arch_Param: [32, 8192, 1024, 8, 256, 256]
SK_cost: [38967513236.0, [11837993.0, 47352385, 757568376, 845281, 612138168, 1200535073]] [4421329956.0, [1333359.0, 5333103, 85328676, 86895, 85328676, 169873263]] [324750600, [104020, 390450, 6247200, 13170, 6247200, 13130]] [5887225288, [1783016, 7106434, 113702944, 38794, 113702944, 210388252]] [2292793656, [696326, 2772998, 44335152, 19654, 42754608, 85459014]] [317984034642.0, [95907291.0, 383626383, 6138012243, 5340891, 6138012243, 12275420379]] [14390352976.0, [4373307.0, 17443052, 278762688, 474836, 244872384, 392146960]]
Model_cost: [32436256950.0, [29748.0, 41814593, 668963704, 891937, 49400505, 3066018]] [4289711652.0, [117711.0, 5333103, 85328676, 86895, 77870628, 4866975]] [314774280.0, [100.0, 390450, 6247200, 13170, 6247200, 390410]] [5327986664.0, [39851.0, 6635394, 106002464, 38794, 103509152, 971968092]] [1692333624.0, [5646.0, 2171654, 34713648, 19654, 7796016, 485750]] [308776677450.0, [15831.0, 383626383, 6138012243, 5340891, 6137123727, 383570187]] [1639582640.0, [1904.0, 2055020, 32839552, 60436, 25506688, 1593424]]
Arch_Param: [32, 8192, 1024, 8, 512, 64]
SK_cost: [38872807648.0, [11837993.0, 23676452, 757568376, 845252, 612138168, 1200535073]] [4410663972.0, [1333359.0, 2666607, 85328676, 86895, 85328676, 169873263]] [323968440, [104020, 195230, 6247200, 13150, 6247200, 13130]] [5873008600, [1783016, 3553222, 113702944, 38734, 113702944, 210388252]] [2287255864, [696326, 1388550, 44335152, 19654, 42754608, 85459014]] [317216783730.0, [95907291.0, 191813655, 6138012243, 5340891, 6138012243, 12275420379]] [14355459320.0, [4373307.0, 8721526, 278762688, 474718, 244872384, 392146960]]
Model_cost: [32404783362.0, [29748.0, 20907556, 668963704, 1706852, 49400505, 128418]] [4279045668.0, [117711.0, 2666607, 85328676, 86895, 77870628, 2433543]] [313992120.0, [100.0, 195230, 6247200, 13150, 6247200, 195210]] [5314753016.0, [39851.0, 3327942, 106002464, 38734, 103509152, 971769656]] [1688146872.0, [5646.0, 1087878, 34713648, 22854, 7767792, 237915]] [308009426538.0, [15831.0, 191813655, 6138012243, 5340891, 6137123727, 191785179]] [1635625080.0, [1907.0, 1027510, 32839552, 62814, 25506688, 790800]]
Arch_Param: [32, 8192, 1024, 8, 512, 128]
SK_cost: [38872807648.0, [11837993.0, 23676452, 757568376, 845252, 612138168, 1200535073]] [4410663972.0, [1333359.0, 2666607, 85328676, 86895, 85328676, 169873263]] [323968440, [104020, 195230, 6247200, 13150, 6247200, 13130]] [5873008600, [1783016, 3553222, 113702944, 38734, 113702944, 210388252]] [2287255864, [696326, 1388550, 44335152, 19654, 42754608, 85459014]] [317216783730.0, [95907291.0, 191813655, 6138012243, 5340891, 6138012243, 12275420379]] [14355459320.0, [4373307.0, 8721526, 278762688, 474718, 244872384, 392146960]]
Model_cost: [32404783362.0, [29748.0, 20907556, 668963704, 1706852, 49400505, 128418]] [4279045668.0, [117711.0, 2666607, 85328676, 86895, 77870628, 2433543]] [313992120.0, [100.0, 195230, 6247200, 13150, 6247200, 195210]] [5314753016.0, [39851.0, 3327942, 106002464, 38734, 103509152, 971769656]] [1688146872.0, [5646.0, 1087878, 34713648, 22854, 7767792, 237915]] [308009426538.0, [15831.0, 191813655, 6138012243, 5340891, 6137123727, 191785179]] [1635625080.0, [1907.0, 1027510, 32839552, 62814, 25506688, 790800]]
Arch_Param: [32, 8192, 1024, 8, 512, 256]
SK_cost: [38872807648.0, [11837993.0, 23676452, 757568376, 845252, 612138168, 1200535073]] [4410663972.0, [1333359.0, 2666607, 85328676, 86895, 85328676, 169873263]] [323968440, [104020, 195230, 6247200, 13150, 6247200, 13130]] [5873008600, [1783016, 3553222, 113702944, 38734, 113702944, 210388252]] [2287255864, [696326, 1388550, 44335152, 19654, 42754608, 85459014]] [317216783730.0, [95907291.0, 191813655, 6138012243, 5340891, 6138012243, 12275420379]] [14355459320.0, [4373307.0, 8721526, 278762688, 474718, 244872384, 392146960]]
Model_cost: [32352626946.0, [29748.0, 20907556, 668963704, 891908, 49400505, 1534114]] [4279045668.0, [117711.0, 2666607, 85328676, 86895, 77870628, 2433543]] [313992120.0, [100.0, 195230, 6247200, 13150, 6247200, 195210]] [5314753016.0, [39851.0, 3327942, 106002464, 38734, 103509152, 971769656]] [1687998520.0, [5646.0, 1087878, 34713648, 19654, 7796016, 242910]] [308009426538.0, [15831.0, 191813655, 6138012243, 5340891, 6137123727, 191785179]] [1635465048.0, [1904.0, 1027510, 32839552, 60318, 25506688, 796752]]
Arch_Param: [32, 8192, 1024, 8, 512, 512]
SK_cost: [38872807648.0, [11837993.0, 23676452, 757568376, 845252, 612138168, 1200535073]] [4410663972.0, [1333359.0, 2666607, 85328676, 86895, 85328676, 169873263]] [323968440, [104020, 195230, 6247200, 13150, 6247200, 13130]] [5873008600, [1783016, 3553222, 113702944, 38734, 113702944, 210388252]] [2287255864, [696326, 1388550, 44335152, 19654, 42754608, 85459014]] [317216783730.0, [95907291.0, 191813655, 6138012243, 5340891, 6138012243, 12275420379]] [14355459320.0, [4373307.0, 8721526, 278762688, 474718, 244872384, 392146960]]
Model_cost: [32352626946.0, [29748.0, 20907556, 668963704, 891908, 49400505, 1534114]] [4279045668.0, [117711.0, 2666607, 85328676, 86895, 77870628, 2433543]] [313992120.0, [100.0, 195230, 6247200, 13150, 6247200, 195210]] [5314753016.0, [39851.0, 3327942, 106002464, 38734, 103509152, 971769656]] [1687960888.0, [5646.0, 1087878, 34713648, 19654, 7777200, 242322]] [308009426538.0, [15831.0, 191813655, 6138012243, 5340891, 6137123727, 191785179]] [1635465048.0, [1904.0, 1027510, 32839552, 60318, 25506688, 796752]]
Arch_Param: [32, 8192, 1024, 8, 1024, 64]
SK_cost: [38825480468.0, [11837993.0, 11844705, 757568376, 845249, 612138168, 1200535073]] [4405330980.0, [1333359.0, 1333359, 85328676, 86895, 85328676, 169873263]] [323602960, [104020, 104020, 6247200, 13140, 6247200, 13130]] [5865925856, [1783016, 1783016, 113702944, 38704, 113702944, 210388252]] [2284486968, [696326, 696326, 44335152, 19654, 42754608, 85459014]] [316833158274.0, [95907291.0, 95907291, 6138012243, 5340891, 6138012243, 12275420379]] [14338062668.0, [4373307.0, 4373307, 278762688, 474659, 244872384, 392146960]]
Model_cost: [32363180598.0, [29748.0, 10506913, 668963704, 1706849, 49400505, 124322]] [4273712676.0, [117711.0, 1333359, 85328676, 86895, 77870628, 1216827]] [313627120.0, [105.0, 104020, 6247200, 13140, 6247200, 27210]] [5308162272.0, [39856.0, 1680616, 106002464, 38704, 103509152, 971600038]] [1685979320.0, [5646.0, 545990, 34713648, 22854, 7767792, 119131]] [307625801082.0, [15831.0, 95907291, 6138012243, 5340891, 6137123727, 95892675]] [1633582540.0, [1907.0, 517819, 32839552, 62755, 25506688, 396304]]
Arch_Param: [32, 8192, 1024, 8, 1024, 128]
SK_cost: [38825480468.0, [11837993.0, 11844705, 757568376, 845249, 612138168, 1200535073]] [4405330980.0, [1333359.0, 1333359, 85328676, 86895, 85328676, 169873263]] [323602960, [104020, 104020, 6247200, 13140, 6247200, 13130]] [5865925856, [1783016, 1783016, 113702944, 38704, 113702944, 210388252]] [2284486968, [696326, 696326, 44335152, 19654, 42754608, 85459014]] [316833158274.0, [95907291.0, 95907291, 6138012243, 5340891, 6138012243, 12275420379]] [14338062668.0, [4373307.0, 4373307, 278762688, 474659, 244872384, 392146960]]
Model_cost: [32363180598.0, [29748.0, 10506913, 668963704, 1706849, 49400505, 124322]] [4273712676.0, [117711.0, 1333359, 85328676, 86895, 77870628, 1216827]] [313627120.0, [105.0, 104020, 6247200, 13140, 6247200, 27210]] [5308162272.0, [39856.0, 1680616, 106002464, 38704, 103509152, 971600038]] [1685979320.0, [5646.0, 545990, 34713648, 22854, 7767792, 119131]] [307625801082.0, [15831.0, 95907291, 6138012243, 5340891, 6137123727, 95892675]] [1633582540.0, [1907.0, 517819, 32839552, 62755, 25506688, 396304]]
Arch_Param: [32, 8192, 1024, 8, 1024, 256]
SK_cost: [38825480468.0, [11837993.0, 11844705, 757568376, 845249, 612138168, 1200535073]] [4405330980.0, [1333359.0, 1333359, 85328676, 86895, 85328676, 169873263]] [323602960, [104020, 104020, 6247200, 13140, 6247200, 13130]] [5865925856, [1783016, 1783016, 113702944, 38704, 113702944, 210388252]] [2284486968, [696326, 696326, 44335152, 19654, 42754608, 85459014]] [316833158274.0, [95907291.0, 95907291, 6138012243, 5340891, 6138012243, 12275420379]] [14338062668.0, [4373307.0, 4373307, 278762688, 474659, 244872384, 392146960]]
Model_cost: [32311024182.0, [29748.0, 10506913, 668963704, 891905, 49400505, 768162]] [4273712676.0, [117711.0, 1333359, 85328676, 86895, 77870628, 1216827]] [313627120.0, [105.0, 104020, 6247200, 13140, 6247200, 27210]] [5308162272.0, [39856.0, 1680616, 106002464, 38704, 103509152, 971600038]] [1685830968.0, [5646.0, 545990, 34713648, 19654, 7796016, 121490]] [307625801082.0, [15831.0, 95907291, 6138012243, 5340891, 6137123727, 95892675]] [1633412524.0, [1904.0, 515323, 32839552, 60259, 25506688, 398416]]
Arch_Param: [32, 8192, 1024, 8, 1024, 512]
SK_cost: [38825480468.0, [11837993.0, 11844705, 757568376, 845249, 612138168, 1200535073]] [4405330980.0, [1333359.0, 1333359, 85328676, 86895, 85328676, 169873263]] [323602960, [104020, 104020, 6247200, 13140, 6247200, 13130]] [5865925856, [1783016, 1783016, 113702944, 38704, 113702944, 210388252]] [2284486968, [696326, 696326, 44335152, 19654, 42754608, 85459014]] [316833158274.0, [95907291.0, 95907291, 6138012243, 5340891, 6138012243, 12275420379]] [14338062668.0, [4373307.0, 4373307, 278762688, 474659, 244872384, 392146960]]
Model_cost: [32311024182.0, [29748.0, 10506913, 668963704, 891905, 49400505, 768162]] [4273712676.0, [117711.0, 1333359, 85328676, 86895, 77870628, 1216827]] [313627120.0, [105.0, 104020, 6247200, 13140, 6247200, 27210]] [5308162272.0, [39856.0, 1680616, 106002464, 38704, 103509152, 971600038]] [1685793336.0, [5646.0, 545990, 34713648, 19654, 7777200, 121196]] [307625801082.0, [15831.0, 95907291, 6138012243, 5340891, 6137123727, 95892675]] [1633412524.0, [1904.0, 515323, 32839552, 60259, 25506688, 398416]]
Arch_Param: [32, 8192, 1024, 16, 256, 64]
SK_cost: [20937317012.0, [6357321.0, 25429697, 406836408, 451617, 334122168, 644503073]] [4421329956.0, [1333359.0, 5333103, 85328676, 86895, 85328676, 169873263]] [324750600, [104020, 390450, 6247200, 13170, 6247200, 13130]] [5887225288, [1783016, 7106434, 113702944, 38794, 113702944, 210388252]] [1146423608, [348166, 1386502, 22167600, 9830, 21389872, 42729542]] [317984034642.0, [95907291.0, 383626383, 6138012243, 5340891, 6138012243, 12275420379]] [12250766416.0, [3709755.0, 14813420, 236848320, 329428, 222786752, 347975696]]
Model_cost: [17486657622.0, [15843.0, 22447809, 359126200, 913857, 49400505, 136610]] [4289711652.0, [117711.0, 5333103, 85328676, 86895, 77870628, 4866975]] [314774280.0, [100.0, 390450, 6247200, 13170, 6247200, 390410]] [5327986664.0, [39851.0, 6635394, 106002464, 38794, 103509152, 971968092]] [854010424.0, [2826.0, 1085830, 17356848, 11430, 7767792, 475483]] [308776677450.0, [15831.0, 383626383, 6138012243, 5340891, 6137123727, 383570187]] [1429921328.0, [1356.0, 1783660, 28517760, 43604, 25506688, 1579792]]
Arch_Param: [32, 8192, 1024, 16, 256, 128]
SK_cost: [20937317012.0, [6357321.0, 25429697, 406836408, 451617, 334122168, 644503073]] [4421329956.0, [1333359.0, 5333103, 85328676, 86895, 85328676, 169873263]] [324750600, [104020, 390450, 6247200, 13170, 6247200, 13130]] [5887225288, [1783016, 7106434, 113702944, 38794, 113702944, 210388252]] [1146423608, [348166, 1386502, 22167600, 9830, 21389872, 42729542]] [317984034642.0, [95907291.0, 383626383, 6138012243, 5340891, 6138012243, 12275420379]] [12250766416.0, [3709755.0, 14813420, 236848320, 329428, 222786752, 347975696]]
Model_cost: [17458573398.0, [15843.0, 22447809, 359126200, 475041, 49400505, 3066018]] [4289711652.0, [117711.0, 5333103, 85328676, 86895, 77870628, 4866975]] [314774280.0, [100.0, 390450, 6247200, 13170, 6247200, 390410]] [5327986664.0, [39851.0, 6635394, 106002464, 38794, 103509152, 971968092]] [853944888.0, [2826.0, 1085830, 17356848, 10406, 7767792, 483419]] [308776677450.0, [15831.0, 383626383, 6138012243, 5340891, 6137123727, 383570187]] [1429835024.0, [1353.0, 1783660, 28517760, 42260, 25506688, 1593424]]
Arch_Param: [32, 8192, 1024, 16, 256, 256]
SK_cost: [20937317012.0, [6357321.0, 25429697, 406836408, 451617, 334122168, 644503073]] [4421329956.0, [1333359.0, 5333103, 85328676, 86895, 85328676, 169873263]] [324750600, [104020, 390450, 6247200, 13170, 6247200, 13130]] [5887225288, [1783016, 7106434, 113702944, 38794, 113702944, 210388252]] [1146423608, [348166, 1386502, 22167600, 9830, 21389872, 42729542]] [317984034642.0, [95907291.0, 383626383, 6138012243, 5340891, 6138012243, 12275420379]] [12250766416.0, [3709755.0, 14813420, 236848320, 329428, 222786752, 347975696]]
Model_cost: [17458573398.0, [15843.0, 22447809, 359126200, 475041, 49400505, 3066018]] [4289711652.0, [117711.0, 5333103, 85328676, 86895, 77870628, 4866975]] [314774280.0, [100.0, 390450, 6247200, 13170, 6247200, 390410]] [5327986664.0, [39851.0, 6635394, 106002464, 38794, 103509152, 971968092]] [853926840.0, [2826.0, 1085830, 17356848, 9830, 7777200, 484574]] [308776677450.0, [15831.0, 383626383, 6138012243, 5340891, 6137123727, 383570187]] [1429835024.0, [1353.0, 1783660, 28517760, 42260, 25506688, 1593424]]
Arch_Param: [32, 8192, 1024, 16, 512, 64]
SK_cost: [20886456800.0, [6357321.0, 12715108, 406836408, 451588, 334122168, 644503073]] [4410663972.0, [1333359.0, 2666607, 85328676, 86895, 85328676, 169873263]] [323968440, [104020, 195230, 6247200, 13150, 6247200, 13130]] [5873008600, [1783016, 3553222, 113702944, 38734, 113702944, 210388252]] [1143654712, [348166, 694278, 22167600, 9830, 21389872, 42729542]] [317216783730.0, [95907291.0, 191813655, 6138012243, 5340891, 6138012243, 12275420379]] [12221132024.0, [3709755.0, 7406710, 236848320, 329310, 222786752, 347975696]]
Model_cost: [17441761186.0, [15843.0, 11224164, 359126200, 913828, 49400505, 128418]] [4279045668.0, [117711.0, 2666607, 85328676, 86895, 77870628, 2433543]] [313992120.0, [100.0, 195230, 6247200, 13150, 6247200, 195210]] [5314753016.0, [39851.0, 3327942, 106002464, 38734, 103509152, 971769656]] [851842872.0, [2826.0, 543942, 17356848, 11430, 7767792, 237915]] [308009426538.0, [15831.0, 191813655, 6138012243, 5340891, 6137123727, 191785179]] [1426346456.0, [1356.0, 891830, 28517760, 43486, 25506688, 790800]]
Arch_Param: [32, 8192, 1024, 16, 512, 128]
SK_cost: [20886456800.0, [6357321.0, 12715108, 406836408, 451588, 334122168, 644503073]] [4410663972.0, [1333359.0, 2666607, 85328676, 86895, 85328676, 169873263]] [323968440, [104020, 195230, 6247200, 13150, 6247200, 13130]] [5873008600, [1783016, 3553222, 113702944, 38734, 113702944, 210388252]] [1143654712, [348166, 694278, 22167600, 9830, 21389872, 42729542]] [317216783730.0, [95907291.0, 191813655, 6138012243, 5340891, 6138012243, 12275420379]] [12221132024.0, [3709755.0, 7406710, 236848320, 329310, 222786752, 347975696]]
Model_cost: [17413676962.0, [15843.0, 11224164, 359126200, 475012, 49400505, 1534114]] [4279045668.0, [117711.0, 2666607, 85328676, 86895, 77870628, 2433543]] [313992120.0, [100.0, 195230, 6247200, 13150, 6247200, 195210]] [5314753016.0, [39851.0, 3327942, 106002464, 38734, 103509152, 971769656]] [851777336.0, [2826.0, 543942, 17356848, 10406, 7767792, 241755]] [308009426538.0, [15831.0, 191813655, 6138012243, 5340891, 6137123727, 191785179]] [1426260152.0, [1353.0, 891830, 28517760, 42142, 25506688, 796752]]
Arch_Param: [32, 8192, 1024, 16, 512, 256]
SK_cost: [20886456800.0, [6357321.0, 12715108, 406836408, 451588, 334122168, 644503073]] [4410663972.0, [1333359.0, 2666607, 85328676, 86895, 85328676, 169873263]] [323968440, [104020, 195230, 6247200, 13150, 6247200, 13130]] [5873008600, [1783016, 3553222, 113702944, 38734, 113702944, 210388252]] [1143654712, [348166, 694278, 22167600, 9830, 21389872, 42729542]] [317216783730.0, [95907291.0, 191813655, 6138012243, 5340891, 6138012243, 12275420379]] [12221132024.0, [3709755.0, 7406710, 236848320, 329310, 222786752, 347975696]]
Model_cost: [17413676962.0, [15843.0, 11224164, 359126200, 475012, 49400505, 1534114]] [4279045668.0, [117711.0, 2666607, 85328676, 86895, 77870628, 2433543]] [313992120.0, [100.0, 195230, 6247200, 13150, 6247200, 195210]] [5314753016.0, [39851.0, 3327942, 106002464, 38734, 103509152, 971769656]] [851759288.0, [2826.0, 543942, 17356848, 9830, 7777200, 242322]] [308009426538.0, [15831.0, 191813655, 6138012243, 5340891, 6137123727, 191785179]] [1426260152.0, [1353.0, 891830, 28517760, 42142, 25506688, 796752]]
Arch_Param: [32, 8192, 1024, 16, 512, 512]
SK_cost: [20886456800.0, [6357321.0, 12715108, 406836408, 451588, 334122168, 644503073]] [4410663972.0, [1333359.0, 2666607, 85328676, 86895, 85328676, 169873263]] [323968440, [104020, 195230, 6247200, 13150, 6247200, 13130]] [5873008600, [1783016, 3553222, 113702944, 38734, 113702944, 210388252]] [1143654712, [348166, 694278, 22167600, 9830, 21389872, 42729542]] [317216783730.0, [95907291.0, 191813655, 6138012243, 5340891, 6138012243, 12275420379]] [12221132024.0, [3709755.0, 7406710, 236848320, 329310, 222786752, 347975696]]
Model_cost: [17413369474.0, [15840.0, 11224164, 359126200, 470212, 49400505, 1540706]] [4279045668.0, [117711.0, 2666607, 85328676, 86895, 77870628, 2433543]] [313992120.0, [100.0, 195230, 6247200, 13150, 6247200, 195210]] [5314753016.0, [39851.0, 3327942, 106002464, 38734, 103509152, 971769656]] [851740472.0, [2826.0, 543942, 17356848, 9830, 7767792, 242028]] [308009426538.0, [15831.0, 191813655, 6138012243, 5340891, 6137123727, 191785179]] [1426260152.0, [1353.0, 891830, 28517760, 42142, 25506688, 796752]]
Arch_Param: [32, 8192, 1024, 16, 1024, 64]
SK_cost: [20861039892.0, [6357321.0, 6360929, 406836408, 451585, 334122168, 644503073]] [4405330980.0, [1333359.0, 1333359, 85328676, 86895, 85328676, 169873263]] [323602960, [104020, 104020, 6247200, 13140, 6247200, 13130]] [5865925856, [1783016, 1783016, 113702944, 38704, 113702944, 210388252]] [1142270264, [348166, 348166, 22167600, 9830, 21389872, 42729542]] [316833158274.0, [95907291.0, 95907291, 6138012243, 5340891, 6138012243, 12275420379]] [12206340428.0, [3709755.0, 3709755, 236848320, 329251, 222786752, 347975696]]
Model_cost: [17419419862.0, [15843.0, 5638881, 359126200, 913825, 49400505, 124322]] [4273712676.0, [117711.0, 1333359, 85328676, 86895, 77870628, 1216827]] [313627120.0, [105.0, 104020, 6247200, 13140, 6247200, 27210]] [5308162272.0, [39856.0, 1680616, 106002464, 38704, 103509152, 971600038]] [850759096.0, [2826.0, 272998, 17356848, 11430, 7767792, 119131]] [307625801082.0, [15831.0, 95907291, 6138012243, 5340891, 6137123727, 95892675]] [1424567596.0, [1356.0, 448059, 28517760, 43427, 25506688, 396304]]
Arch_Param: [32, 8192, 1024, 16, 1024, 128]
SK_cost: [20861039892.0, [6357321.0, 6360929, 406836408, 451585, 334122168, 644503073]] [4405330980.0, [1333359.0, 1333359, 85328676, 86895, 85328676, 169873263]] [323602960, [104020, 104020, 6247200, 13140, 6247200, 13130]] [5865925856, [1783016, 1783016, 113702944, 38704, 113702944, 210388252]] [1142270264, [348166, 348166, 22167600, 9830, 21389872, 42729542]] [316833158274.0, [95907291.0, 95907291, 6138012243, 5340891, 6138012243, 12275420379]] [12206340428.0, [3709755.0, 3709755, 236848320, 329251, 222786752, 347975696]]
Model_cost: [17391335638.0, [15843.0, 5638881, 359126200, 475009, 49400505, 768162]] [4273712676.0, [117711.0, 1333359, 85328676, 86895, 77870628, 1216827]] [313627120.0, [105.0, 104020, 6247200, 13140, 6247200, 27210]] [5308162272.0, [39856.0, 1680616, 106002464, 38704, 103509152, 971600038]] [850693560.0, [2826.0, 272998, 17356848, 10406, 7767792, 120923]] [307625801082.0, [15831.0, 95907291, 6138012243, 5340891, 6137123727, 95892675]] [1424475916.0, [1353.0, 446715, 28517760, 42083, 25506688, 398416]]
Arch_Param: [32, 8192, 1024, 16, 1024, 256]
SK_cost: [20861039892.0, [6357321.0, 6360929, 406836408, 451585, 334122168, 644503073]] [4405330980.0, [1333359.0, 1333359, 85328676, 86895, 85328676, 169873263]] [323602960, [104020, 104020, 6247200, 13140, 6247200, 13130]] [5865925856, [1783016, 1783016, 113702944, 38704, 113702944, 210388252]] [1142270264, [348166, 348166, 22167600, 9830, 21389872, 42729542]] [316833158274.0, [95907291.0, 95907291, 6138012243, 5340891, 6138012243, 12275420379]] [12206340428.0, [3709755.0, 3709755, 236848320, 329251, 222786752, 347975696]]
Model_cost: [17391335638.0, [15843.0, 5638881, 359126200, 475009, 49400505, 768162]] [4273712676.0, [117711.0, 1333359, 85328676, 86895, 77870628, 1216827]] [313627120.0, [105.0, 104020, 6247200, 13140, 6247200, 27210]] [5308162272.0, [39856.0, 1680616, 106002464, 38704, 103509152, 971600038]] [850675512.0, [2826.0, 272998, 17356848, 9830, 7777200, 121196]] [307625801082.0, [15831.0, 95907291, 6138012243, 5340891, 6137123727, 95892675]] [1424475916.0, [1353.0, 446715, 28517760, 42083, 25506688, 398416]]
Arch_Param: [32, 8192, 1024, 16, 1024, 512]
SK_cost: [20861039892.0, [6357321.0, 6360929, 406836408, 451585, 334122168, 644503073]] [4405330980.0, [1333359.0, 1333359, 85328676, 86895, 85328676, 169873263]] [323602960, [104020, 104020, 6247200, 13140, 6247200, 13130]] [5865925856, [1783016, 1783016, 113702944, 38704, 113702944, 210388252]] [1142270264, [348166, 348166, 22167600, 9830, 21389872, 42729542]] [316833158274.0, [95907291.0, 95907291, 6138012243, 5340891, 6138012243, 12275420379]] [12206340428.0, [3709755.0, 3709755, 236848320, 329251, 222786752, 347975696]]
Model_cost: [17391008950.0, [15840.0, 5634081, 359126200, 470209, 49400505, 770594]] [4273712676.0, [117711.0, 1333359, 85328676, 86895, 77870628, 1216827]] [313627120.0, [105.0, 104020, 6247200, 13140, 6247200, 27210]] [5308162272.0, [39856.0, 1680616, 106002464, 38704, 103509152, 971600038]] [850656696.0, [2826.0, 272998, 17356848, 9830, 7767792, 121049]] [307625801082.0, [15831.0, 95907291, 6138012243, 5340891, 6137123727, 95892675]] [1424475916.0, [1353.0, 446715, 28517760, 42083, 25506688, 398416]]
Arch_Param: [32, 8192, 1024, 32, 256, 64]
SK_cost: [11925131924.0, [3617865.0, 14471873, 231526584, 254913, 195169464, 366597665]] [4421329956.0, [1333359.0, 5333103, 85328676, 86895, 85328676, 169873263]] [324750600, [104020, 390450, 6247200, 13170, 6247200, 13130]] [5887225288, [1783016, 7106434, 113702944, 38794, 113702944, 210388252]] [573238584, [174086, 693254, 11083824, 4918, 10707504, 21364806]] [317984034642.0, [95907291.0, 383626383, 6138012243, 5340891, 6138012243, 12275420379]] [11180973136.0, [3377979.0, 13498604, 215891136, 256724, 211743936, 325890064]]
Model_cost: [9972456534.0, [8899.0, 12767937, 204263608, 266817, 49400505, 3066018]] [4289711652.0, [117711.0, 5333103, 85328676, 86895, 77870628, 4866975]] [314774280.0, [100.0, 390450, 6247200, 13170, 6247200, 390410]] [5327986664.0, [39851.0, 6635394, 106002464, 38794, 103509152, 971968092]] [434741880.0, [1416.0, 542918, 8678448, 5206, 7767792, 483419]] [308776677450.0, [15831.0, 383626383, 6138012243, 5340891, 6137123727, 383570187]] [1324961168.0, [1077.0, 1647980, 26356864, 33172, 25506688, 1593424]]
Arch_Param: [32, 8192, 1024, 32, 256, 128]
SK_cost: [11925131924.0, [3617865.0, 14471873, 231526584, 254913, 195169464, 366597665]] [4421329956.0, [1333359.0, 5333103, 85328676, 86895, 85328676, 169873263]] [324750600, [104020, 390450, 6247200, 13170, 6247200, 13130]] [5887225288, [1783016, 7106434, 113702944, 38794, 113702944, 210388252]] [573238584, [174086, 693254, 11083824, 4918, 10707504, 21364806]] [317984034642.0, [95907291.0, 383626383, 6138012243, 5340891, 6138012243, 12275420379]] [11180973136.0, [3377979.0, 13498604, 215891136, 256724, 211743936, 325890064]]
Model_cost: [9972456534.0, [8899.0, 12767937, 204263608, 266817, 49400505, 3066018]] [4289711652.0, [117711.0, 5333103, 85328676, 86895, 77870628, 4866975]] [314774280.0, [100.0, 390450, 6247200, 13170, 6247200, 390410]] [5327986664.0, [39851.0, 6635394, 106002464, 38794, 103509152, 971968092]] [434741880.0, [1416.0, 542918, 8678448, 5206, 7767792, 483419]] [308776677450.0, [15831.0, 383626383, 6138012243, 5340891, 6137123727, 383570187]] [1324961168.0, [1077.0, 1647980, 26356864, 33172, 25506688, 1593424]]
Arch_Param: [32, 8192, 1024, 32, 256, 256]
SK_cost: [11925131924.0, [3617865.0, 14471873, 231526584, 254913, 195169464, 366597665]] [4421329956.0, [1333359.0, 5333103, 85328676, 86895, 85328676, 169873263]] [324750600, [104020, 390450, 6247200, 13170, 6247200, 13130]] [5887225288, [1783016, 7106434, 113702944, 38794, 113702944, 210388252]] [573238584, [174086, 693254, 11083824, 4918, 10707504, 21364806]] [317984034642.0, [95907291.0, 383626383, 6138012243, 5340891, 6138012243, 12275420379]] [11180973136.0, [3377979.0, 13498604, 215891136, 256724, 211743936, 325890064]]
Model_cost: [9972296502.0, [8896.0, 12767937, 204263608, 264321, 49400505, 3080930]] [4289711652.0, [117711.0, 5333103, 85328676, 86895, 77870628, 4866975]] [314774280.0, [100.0, 390450, 6247200, 13170, 6247200, 390410]] [5327986664.0, [39851.0, 6635394, 106002464, 38794, 103509152, 971968092]] [434723448.0, [1416.0, 542918, 8678448, 4918, 7767792, 483986]] [308776677450.0, [15831.0, 383626383, 6138012243, 5340891, 6137123727, 383570187]] [1324961168.0, [1077.0, 1647980, 26356864, 33172, 25506688, 1593424]]
Arch_Param: [32, 8192, 1024, 32, 512, 64]
SK_cost: [11896187360.0, [3617865.0, 7236196, 231526584, 254884, 195169464, 366597665]] [4410663972.0, [1333359.0, 2666607, 85328676, 86895, 85328676, 169873263]] [323968440, [104020, 195230, 6247200, 13150, 6247200, 13130]] [5873008600, [1783016, 3553222, 113702944, 38734, 113702944, 210388252]] [571854136, [174086, 347142, 11083824, 4918, 10707504, 21364806]] [317216783730.0, [95907291.0, 191813655, 6138012243, 5340891, 6138012243, 12275420379]] [11153968376.0, [3377979.0, 6749302, 215891136, 256606, 211743936, 325890064]]
Model_cost: [9946919842.0, [8899.0, 6384228, 204263608, 266788, 49400505, 1534114]] [4279045668.0, [117711.0, 2666607, 85328676, 86895, 77870628, 2433543]] [313992120.0, [100.0, 195230, 6247200, 13150, 6247200, 195210]] [5314753016.0, [39851.0, 3327942, 106002464, 38734, 103509152, 971769656]] [433658104.0, [1416.0, 271974, 8678448, 5206, 7767792, 241755]] [308009426538.0, [15831.0, 191813655, 6138012243, 5340891, 6137123727, 191785179]] [1321657656.0, [1077.0, 823990, 26356864, 33054, 25506688, 796752]]
Arch_Param: [32, 8192, 1024, 32, 512, 128]
SK_cost: [11896187360.0, [3617865.0, 7236196, 231526584, 254884, 195169464, 366597665]] [4410663972.0, [1333359.0, 2666607, 85328676, 86895, 85328676, 169873263]] [323968440, [104020, 195230, 6247200, 13150, 6247200, 13130]] [5873008600, [1783016, 3553222, 113702944, 38734, 113702944, 210388252]] [571854136, [174086, 347142, 11083824, 4918, 10707504, 21364806]] [317216783730.0, [95907291.0, 191813655, 6138012243, 5340891, 6138012243, 12275420379]] [11153968376.0, [3377979.0, 6749302, 215891136, 256606, 211743936, 325890064]]
Model_cost: [9946919842.0, [8899.0, 6384228, 204263608, 266788, 49400505, 1534114]] [4279045668.0, [117711.0, 2666607, 85328676, 86895, 77870628, 2433543]] [313992120.0, [100.0, 195230, 6247200, 13150, 6247200, 195210]] [5314753016.0, [39851.0, 3327942, 106002464, 38734, 103509152, 971769656]] [433658104.0, [1416.0, 271974, 8678448, 5206, 7767792, 241755]] [308009426538.0, [15831.0, 191813655, 6138012243, 5340891, 6137123727, 191785179]] [1321657656.0, [1077.0, 823990, 26356864, 33054, 25506688, 796752]]
Arch_Param: [32, 8192, 1024, 32, 512, 256]
SK_cost: [11896187360.0, [3617865.0, 7236196, 231526584, 254884, 195169464, 366597665]] [4410663972.0, [1333359.0, 2666607, 85328676, 86895, 85328676, 169873263]] [323968440, [104020, 195230, 6247200, 13150, 6247200, 13130]] [5873008600, [1783016, 3553222, 113702944, 38734, 113702944, 210388252]] [571854136, [174086, 347142, 11083824, 4918, 10707504, 21364806]] [317216783730.0, [95907291.0, 191813655, 6138012243, 5340891, 6138012243, 12275420379]] [11153968376.0, [3377979.0, 6749302, 215891136, 256606, 211743936, 325890064]]
Model_cost: [9946759810.0, [8896.0, 6384228, 204263608, 264292, 49400505, 1540706]] [4279045668.0, [117711.0, 2666607, 85328676, 86895, 77870628, 2433543]] [313992120.0, [100.0, 195230, 6247200, 13150, 6247200, 195210]] [5314753016.0, [39851.0, 3327942, 106002464, 38734, 103509152, 971769656]] [433639672.0, [1416.0, 271974, 8678448, 4918, 7767792, 242028]] [308009426538.0, [15831.0, 191813655, 6138012243, 5340891, 6137123727, 191785179]] [1321657656.0, [1077.0, 823990, 26356864, 33054, 25506688, 796752]]
Arch_Param: [32, 8192, 1024, 32, 512, 512]
SK_cost: [11896187360.0, [3617865.0, 7236196, 231526584, 254884, 195169464, 366597665]] [4410663972.0, [1333359.0, 2666607, 85328676, 86895, 85328676, 169873263]] [323968440, [104020, 195230, 6247200, 13150, 6247200, 13130]] [5873008600, [1783016, 3553222, 113702944, 38734, 113702944, 210388252]] [571854136, [174086, 347142, 11083824, 4918, 10707504, 21364806]] [317216783730.0, [95907291.0, 191813655, 6138012243, 5340891, 6138012243, 12275420379]] [11153968376.0, [3377979.0, 6749302, 215891136, 256606, 211743936, 325890064]]
Model_cost: [9946759810.0, [8896.0, 6384228, 204263608, 264292, 49400505, 1540706]] [4279045668.0, [117711.0, 2666607, 85328676, 86895, 77870628, 2433543]] [313992120.0, [100.0, 195230, 6247200, 13150, 6247200, 195210]] [5314753016.0, [39851.0, 3327942, 106002464, 38734, 103509152, 971769656]] [433639672.0, [1416.0, 271974, 8678448, 4918, 7767792, 242028]] [308009426538.0, [15831.0, 191813655, 6138012243, 5340891, 6137123727, 191785179]] [1321657656.0, [1077.0, 823990, 26356864, 33054, 25506688, 796752]]
Arch_Param: [32, 8192, 1024, 32, 1024, 64]
SK_cost: [11881722132.0, [3617865.0, 3619937, 231526584, 254881, 195169464, 366597665]] [4405330980.0, [1333359.0, 1333359, 85328676, 86895, 85328676, 169873263]] [323602960, [104020, 104020, 6247200, 13140, 6247200, 13130]] [5865925856, [1783016, 1783016, 113702944, 38704, 113702944, 210388252]] [571161912, [174086, 174086, 11083824, 4918, 10707504, 21364806]] [316833158274.0, [95907291.0, 95907291, 6138012243, 5340891, 6138012243, 12275420379]] [11140479308.0, [3377979.0, 3377979, 215891136, 256547, 211743936, 325890064]]
Model_cost: [9934206166.0, [8899.0, 3205857, 204263608, 266785, 49400505, 768162]] [4273712676.0, [117711.0, 1333359, 85328676, 86895, 77870628, 1216827]] [313627120.0, [105.0, 104020, 6247200, 13140, 6247200, 27210]] [5308162272.0, [39856.0, 1680616, 106002464, 38704, 103509152, 971600038]] [433116216.0, [1416.0, 136502, 8678448, 5206, 7767792, 120923]] [307625801082.0, [15831.0, 95907291, 6138012243, 5340891, 6137123727, 95892675]] [1320007564.0, [1077.0, 412411, 26356864, 32995, 25506688, 398416]]
Arch_Param: [32, 8192, 1024, 32, 1024, 128]
SK_cost: [11881722132.0, [3617865.0, 3619937, 231526584, 254881, 195169464, 366597665]] [4405330980.0, [1333359.0, 1333359, 85328676, 86895, 85328676, 169873263]] [323602960, [104020, 104020, 6247200, 13140, 6247200, 13130]] [5865925856, [1783016, 1783016, 113702944, 38704, 113702944, 210388252]] [571161912, [174086, 174086, 11083824, 4918, 10707504, 21364806]] [316833158274.0, [95907291.0, 95907291, 6138012243, 5340891, 6138012243, 12275420379]] [11140479308.0, [3377979.0, 3377979, 215891136, 256547, 211743936, 325890064]]
Model_cost: [9934206166.0, [8899.0, 3205857, 204263608, 266785, 49400505, 768162]] [4273712676.0, [117711.0, 1333359, 85328676, 86895, 77870628, 1216827]] [313627120.0, [105.0, 104020, 6247200, 13140, 6247200, 27210]] [5308162272.0, [39856.0, 1680616, 106002464, 38704, 103509152, 971600038]] [433116216.0, [1416.0, 136502, 8678448, 5206, 7767792, 120923]] [307625801082.0, [15831.0, 95907291, 6138012243, 5340891, 6137123727, 95892675]] [1320007564.0, [1077.0, 412411, 26356864, 32995, 25506688, 398416]]
Arch_Param: [32, 8192, 1024, 32, 1024, 256]
SK_cost: [11881722132.0, [3617865.0, 3619937, 231526584, 254881, 195169464, 366597665]] [4405330980.0, [1333359.0, 1333359, 85328676, 86895, 85328676, 169873263]] [323602960, [104020, 104020, 6247200, 13140, 6247200, 13130]] [5865925856, [1783016, 1783016, 113702944, 38704, 113702944, 210388252]] [571161912, [174086, 174086, 11083824, 4918, 10707504, 21364806]] [316833158274.0, [95907291.0, 95907291, 6138012243, 5340891, 6138012243, 12275420379]] [11140479308.0, [3377979.0, 3377979, 215891136, 256547, 211743936, 325890064]]
Model_cost: [9934036150.0, [8896.0, 3203361, 204263608, 264289, 49400505, 770594]] [4273712676.0, [117711.0, 1333359, 85328676, 86895, 77870628, 1216827]] [313627120.0, [105.0, 104020, 6247200, 13140, 6247200, 27210]] [5308162272.0, [39856.0, 1680616, 106002464, 38704, 103509152, 971600038]] [433097784.0, [1416.0, 136502, 8678448, 4918, 7767792, 121049]] [307625801082.0, [15831.0, 95907291, 6138012243, 5340891, 6137123727, 95892675]] [1320007564.0, [1077.0, 412411, 26356864, 32995, 25506688, 398416]]
Arch_Param: [32, 8192, 1024, 32, 1024, 512]
SK_cost: [11881722132.0, [3617865.0, 3619937, 231526584, 254881, 195169464, 366597665]] [4405330980.0, [1333359.0, 1333359, 85328676, 86895, 85328676, 169873263]] [323602960, [104020, 104020, 6247200, 13140, 6247200, 13130]] [5865925856, [1783016, 1783016, 113702944, 38704, 113702944, 210388252]] [571161912, [174086, 174086, 11083824, 4918, 10707504, 21364806]] [316833158274.0, [95907291.0, 95907291, 6138012243, 5340891, 6138012243, 12275420379]] [11140479308.0, [3377979.0, 3377979, 215891136, 256547, 211743936, 325890064]]
Model_cost: [9934036150.0, [8896.0, 3203361, 204263608, 264289, 49400505, 770594]] [4273712676.0, [117711.0, 1333359, 85328676, 86895, 77870628, 1216827]] [313627120.0, [105.0, 104020, 6247200, 13140, 6247200, 27210]] [5308162272.0, [39856.0, 1680616, 106002464, 38704, 103509152, 971600038]] [433097784.0, [1416.0, 136502, 8678448, 4918, 7767792, 121049]] [307625801082.0, [15831.0, 95907291, 6138012243, 5340891, 6137123727, 95892675]] [1320007564.0, [1077.0, 412411, 26356864, 32995, 25506688, 398416]]
