[[0, 0, 0, 0, 0, 0, 0, 0, 0, 0, 0], [0, 0, 0, 0, 0, 0, 0, 0, 0, 0, 0], [0, 0, 0, 0, 0, 0, 0, 0, 0, 0, 0], [0, 0, 0, 0, 0, 0, 0, 0, 0, 0, 0]]
Arch_Param: [32, 4096, 32768, 4, 256, 16]
SK_cost: [590487326052.96, [717444.3433333333, 91214401, 1459298552, 1634145, 1289391288, 4824681889]] [67412820396.0, [97263.0, 10223727, 163578660, 164463, 163185444, 545001327]] [1776770120.0, [3263.333333333285, 390450, 6247200, 13170, 6247200, 12492810]] [52491616200.0, [55755.33333333302, 7106434, 113702944, 38794, 113702944, 437444628]] [41619324350.4, [43372.399999999994, 5545990, 88670256, 39302, 88670256, 348258310]] [5190750391377.663, [7107148.350000086, 767215743, 12275433555, 10680855, 12275130963, 42260303067]] [152747564850.46155, [206235.69230769158, 26148076, 417716928, 820436, 353006784, 1218624531]]
Model_cost: [64717914177.84, [1845.1858333333332, 80564801, 1288904952, 5243969, 49400505, 195874]] [11388592236.0, [4005.0, 10223727, 163578660, 625263, 77870628, 304299]] [579668296.0, [12.666666666666666, 390450, 6247200, 13170, 6247200, 26250]] [9711605944.0, [1270.8333333333333, 6635394, 106002464, 38794, 103509152, 416027]] [3717020792.0, [359.0, 4343302, 69492784, 300294, 7768304, 30576]] [867693652521.6001, [812.1000000000001, 767215743, 12275433555, 47953431, 6137123727, 23973306]] [3442484775.4923077, [118.24471153846154, 2983404, 47652928, 173012, 25506688, 102419]]
Arch_Param: [32, 4096, 32768, 4, 256, 64]
SK_cost: [590487326052.96, [717444.3433333333, 91214401, 1459298552, 1634145, 1289391288, 4824681889]] [67412820396.0, [97263.0, 10223727, 163578660, 164463, 163185444, 545001327]] [1776770120.0, [3263.333333333285, 390450, 6247200, 13170, 6247200, 12492810]] [52491616200.0, [55755.33333333302, 7106434, 113702944, 38794, 113702944, 437444628]] [41619324350.4, [43372.399999999994, 5545990, 88670256, 39302, 88670256, 348258310]] [5190750391377.663, [7107148.350000086, 767215743, 12275433555, 10680855, 12275130963, 42260303067]] [152747564850.46155, [206235.69230769158, 26148076, 417716928, 820436, 353006784, 1218624531]]
Model_cost: [64717914177.84, [1845.1858333333332, 80564801, 1288904952, 5243969, 49400505, 195874]] [11359101036.0, [4005.0, 10223727, 163578660, 164463, 77870628, 304299]] [579668296.0, [12.666666666666666, 390450, 6247200, 13170, 6247200, 26250]] [9711605944.0, [1270.8333333333333, 6635394, 106002464, 38794, 103509152, 416027]] [3717020792.0, [359.0, 4343302, 69492784, 300294, 7768304, 30576]] [865308207657.6001, [812.1000000000001, 767215743, 12275433555, 10680855, 6137123727, 23973306]] [3440092711.4923077, [118.24471153846154, 2983404, 47652928, 135636, 25506688, 102419]]
Arch_Param: [32, 4096, 32768, 4, 256, 128]
SK_cost: [590487326052.96, [717444.3433333333, 91214401, 1459298552, 1634145, 1289391288, 4824681889]] [67412820396.0, [97263.0, 10223727, 163578660, 164463, 163185444, 545001327]] [1776770120.0, [3263.333333333285, 390450, 6247200, 13170, 6247200, 12492810]] [52491616200.0, [55755.33333333302, 7106434, 113702944, 38794, 113702944, 437444628]] [41619324350.4, [43372.399999999994, 5545990, 88670256, 39302, 88670256, 348258310]] [5190750391377.663, [7107148.350000086, 767215743, 12275433555, 10680855, 12275130963, 42260303067]] [152747564850.46155, [206235.69230769158, 26148076, 417716928, 820436, 353006784, 1218624531]]
Model_cost: [64717914177.84, [1845.1858333333332, 80564801, 1288904952, 5243969, 49400505, 195874]] [11359101036.0, [4005.0, 10223727, 163578660, 164463, 77870628, 304299]] [579668296.0, [12.666666666666666, 390450, 6247200, 13170, 6247200, 26250]] [9711605944.0, [1270.8333333333333, 6635394, 106002464, 38794, 103509152, 416027]] [3703520376.0, [359.0, 4343302, 69492784, 89350, 7768304, 30576]] [865308207657.6001, [812.1000000000001, 767215743, 12275433555, 10680855, 6137123727, 23973306]] [3438609882.6923075, [117.44471153846155, 2983404, 47652928, 113236, 25506688, 101907]]
Arch_Param: [32, 4096, 32768, 4, 256, 256]
SK_cost: [590487326052.96, [717444.3433333333, 91214401, 1459298552, 1634145, 1289391288, 4824681889]] [67412820396.0, [97263.0, 10223727, 163578660, 164463, 163185444, 545001327]] [1776770120.0, [3263.333333333285, 390450, 6247200, 13170, 6247200, 12492810]] [52491616200.0, [55755.33333333302, 7106434, 113702944, 38794, 113702944, 437444628]] [41619324350.4, [43372.399999999994, 5545990, 88670256, 39302, 88670256, 348258310]] [5190750391377.663, [7107148.350000086, 767215743, 12275433555, 10680855, 12275130963, 42260303067]] [152747564850.46155, [206235.69230769158, 26148076, 417716928, 820436, 353006784, 1218624531]]
Model_cost: [64717914177.84, [1845.1858333333332, 80564801, 1288904952, 5243969, 49400505, 195874]] [11359101036.0, [4005.0, 10223727, 163578660, 164463, 77870628, 304299]] [579668296.0, [12.666666666666666, 390450, 6247200, 13170, 6247200, 26250]] [9711605944.0, [1270.8333333333333, 6635394, 106002464, 38794, 103509152, 416027]] [3703520376.0, [359.0, 4343302, 69492784, 89350, 7768304, 30576]] [865308207657.6001, [812.1000000000001, 767215743, 12275433555, 10680855, 6137123727, 23973306]] [3438609882.6923075, [117.44471153846155, 2983404, 47652928, 113236, 25506688, 101907]]
Arch_Param: [32, 4096, 32768, 4, 512, 16]
SK_cost: [590304896432.96, [717444.3433333333, 45607460, 1459298552, 1634116, 1289391288, 4824681889]] [67392373164.0, [97263.0, 5111919, 163578660, 164463, 163185444, 545001327]] [1775987960.0, [3263.333333333285, 195230, 6247200, 13150, 6247200, 12492810]] [52477399512.0, [55755.33333333302, 3553222, 113702944, 38734, 113702944, 437444628]] [41608248766.4, [43372.399999999994, 2777094, 88670256, 39302, 88670256, 348258310]] [5189215963281.663, [7107148.350000086, 383608719, 12275433555, 10680855, 12275130963, 42260303067]] [152695261146.46155, [206235.69230769158, 13074038, 417716928, 820318, 353006784, 1218624531]]
Model_cost: [64556783757.84, [1845.1858333333332, 40282660, 1288904952, 5243940, 49400505, 195874]] [11368145004.0, [4005.0, 5111919, 163578660, 625263, 77870628, 304299]] [578886136.0, [12.666666666666666, 195230, 6247200, 13150, 6247200, 26250]] [9698372296.0, [1270.8333333333333, 3327942, 106002464, 38734, 103509152, 416027]] [3708416120.0, [359.0, 2192134, 69492784, 300294, 7768304, 30576]] [866159224425.6001, [812.1000000000001, 383608719, 12275433555, 47953431, 6137123727, 23973306]] [3436510415.4923077, [118.24471153846154, 1491702, 47652928, 172894, 25506688, 102419]]
Arch_Param: [32, 4096, 32768, 4, 512, 64]
SK_cost: [590304896432.96, [717444.3433333333, 45607460, 1459298552, 1634116, 1289391288, 4824681889]] [67392373164.0, [97263.0, 5111919, 163578660, 164463, 163185444, 545001327]] [1775987960.0, [3263.333333333285, 195230, 6247200, 13150, 6247200, 12492810]] [52477399512.0, [55755.33333333302, 3553222, 113702944, 38734, 113702944, 437444628]] [41608248766.4, [43372.399999999994, 2777094, 88670256, 39302, 88670256, 348258310]] [5189215963281.663, [7107148.350000086, 383608719, 12275433555, 10680855, 12275130963, 42260303067]] [152695261146.46155, [206235.69230769158, 13074038, 417716928, 820318, 353006784, 1218624531]]
Model_cost: [64556783757.84, [1845.1858333333332, 40282660, 1288904952, 5243940, 49400505, 195874]] [11338653804.0, [4005.0, 5111919, 163578660, 164463, 77870628, 304299]] [578886136.0, [12.666666666666666, 195230, 6247200, 13150, 6247200, 26250]] [9698372296.0, [1270.8333333333333, 3327942, 106002464, 38734, 103509152, 416027]] [3708416120.0, [359.0, 2192134, 69492784, 300294, 7768304, 30576]] [863773779561.6001, [812.1000000000001, 383608719, 12275433555, 10680855, 6137123727, 23973306]] [3434118351.4923077, [118.24471153846154, 1491702, 47652928, 135518, 25506688, 102419]]
Arch_Param: [32, 4096, 32768, 4, 512, 128]
SK_cost: [590304896432.96, [717444.3433333333, 45607460, 1459298552, 1634116, 1289391288, 4824681889]] [67392373164.0, [97263.0, 5111919, 163578660, 164463, 163185444, 545001327]] [1775987960.0, [3263.333333333285, 195230, 6247200, 13150, 6247200, 12492810]] [52477399512.0, [55755.33333333302, 3553222, 113702944, 38734, 113702944, 437444628]] [41608248766.4, [43372.399999999994, 2777094, 88670256, 39302, 88670256, 348258310]] [5189215963281.663, [7107148.350000086, 383608719, 12275433555, 10680855, 12275130963, 42260303067]] [152695261146.46155, [206235.69230769158, 13074038, 417716928, 820318, 353006784, 1218624531]]
Model_cost: [64556783757.84, [1845.1858333333332, 40282660, 1288904952, 5243940, 49400505, 195874]] [11338653804.0, [4005.0, 5111919, 163578660, 164463, 77870628, 304299]] [578886136.0, [12.666666666666666, 195230, 6247200, 13150, 6247200, 26250]] [9698372296.0, [1270.8333333333333, 3327942, 106002464, 38734, 103509152, 416027]] [3694915704.0, [359.0, 2192134, 69492784, 89350, 7768304, 30576]] [863773779561.6001, [812.1000000000001, 383608719, 12275433555, 10680855, 6137123727, 23973306]] [3432635522.6923075, [117.44471153846155, 1491702, 47652928, 113118, 25506688, 101907]]
Arch_Param: [32, 4096, 32768, 4, 512, 256]
SK_cost: [590304896432.96, [717444.3433333333, 45607460, 1459298552, 1634116, 1289391288, 4824681889]] [67392373164.0, [97263.0, 5111919, 163578660, 164463, 163185444, 545001327]] [1775987960.0, [3263.333333333285, 195230, 6247200, 13150, 6247200, 12492810]] [52477399512.0, [55755.33333333302, 3553222, 113702944, 38734, 113702944, 437444628]] [41608248766.4, [43372.399999999994, 2777094, 88670256, 39302, 88670256, 348258310]] [5189215963281.663, [7107148.350000086, 383608719, 12275433555, 10680855, 12275130963, 42260303067]] [152695261146.46155, [206235.69230769158, 13074038, 417716928, 820318, 353006784, 1218624531]]
Model_cost: [64556783757.84, [1845.1858333333332, 40282660, 1288904952, 5243940, 49400505, 195874]] [11338653804.0, [4005.0, 5111919, 163578660, 164463, 77870628, 304299]] [578886136.0, [12.666666666666666, 195230, 6247200, 13150, 6247200, 26250]] [9698372296.0, [1270.8333333333333, 3327942, 106002464, 38734, 103509152, 416027]] [3694915704.0, [359.0, 2192134, 69492784, 89350, 7768304, 30576]] [863773779561.6001, [812.1000000000001, 383608719, 12275433555, 10680855, 6137123727, 23973306]] [3432635522.6923075, [117.44471153846155, 1491702, 47652928, 113118, 25506688, 101907]]
Arch_Param: [32, 4096, 32768, 4, 512, 512]
SK_cost: [590304896432.96, [717444.3433333333, 45607460, 1459298552, 1634116, 1289391288, 4824681889]] [67392373164.0, [97263.0, 5111919, 163578660, 164463, 163185444, 545001327]] [1775987960.0, [3263.333333333285, 195230, 6247200, 13150, 6247200, 12492810]] [52477399512.0, [55755.33333333302, 3553222, 113702944, 38734, 113702944, 437444628]] [41608248766.4, [43372.399999999994, 2777094, 88670256, 39302, 88670256, 348258310]] [5189215963281.663, [7107148.350000086, 383608719, 12275433555, 10680855, 12275130963, 42260303067]] [152695261146.46155, [206235.69230769158, 13074038, 417716928, 820318, 353006784, 1218624531]]
Model_cost: [64337649805.84, [1845.1858333333332, 40282660, 1288904952, 1820740, 49400505, 195362]] [11338653804.0, [4005.0, 5111919, 163578660, 164463, 77870628, 304299]] [578886136.0, [12.666666666666666, 195230, 6247200, 13150, 6247200, 26250]] [9698372296.0, [1270.8333333333333, 3327942, 106002464, 38734, 103509152, 416027]] [3692128664.0, [362.0, 2175750, 69427248, 44294, 7843056, 30768]] [863773779561.6001, [812.1000000000001, 383608719, 12275433555, 10680855, 6137123727, 23973306]] [3432021122.6923075, [117.44471153846155, 1491702, 47652928, 103518, 25506688, 101907]]
Arch_Param: [32, 4096, 32768, 4, 1024, 16]
SK_cost: [590213732068.96, [717444.3433333333, 22816417, 1459298552, 1634113, 1289391288, 4824681889]] [67382149548.0, [97263.0, 2556015, 163578660, 164463, 163185444, 545001327]] [1775622480.0, [3263.333333333285, 104020, 6247200, 13140, 6247200, 12492810]] [52470316768.0, [55755.33333333302, 1783016, 113702944, 38704, 113702944, 437444628]] [41602710974.4, [43372.399999999994, 1392646, 88670256, 39302, 88670256, 348258310]] [5188448749233.663, [7107148.350000086, 191805207, 12275433555, 10680855, 12275130963, 42260303067]] [152669209646.46155, [206235.69230769158, 6562107, 417716928, 820259, 353006784, 1218624531]]
Model_cost: [64476268993.84, [1845.1858333333332, 20154017, 1288904952, 5243937, 49400505, 195874]] [11357921388.0, [4005.0, 2556015, 163578660, 625263, 77870628, 304299]] [578520656.0, [12.666666666666666, 104020, 6247200, 13140, 6247200, 26250]] [9691781072.0, [1270.8333333333333, 1680616, 106002464, 38704, 103509152, 416027]] [3701888120.0, [359.0, 1094662, 69427248, 316678, 7767792, 30384]] [865392010377.6001, [812.1000000000001, 191805207, 12275433555, 47953431, 6137123727, 23973306]] [3433535779.4923077, [118.24471153846154, 748987, 47652928, 172835, 25506688, 102419]]
Arch_Param: [32, 4096, 32768, 4, 1024, 64]
SK_cost: [590213732068.96, [717444.3433333333, 22816417, 1459298552, 1634113, 1289391288, 4824681889]] [67382149548.0, [97263.0, 2556015, 163578660, 164463, 163185444, 545001327]] [1775622480.0, [3263.333333333285, 104020, 6247200, 13140, 6247200, 12492810]] [52470316768.0, [55755.33333333302, 1783016, 113702944, 38704, 113702944, 437444628]] [41602710974.4, [43372.399999999994, 1392646, 88670256, 39302, 88670256, 348258310]] [5188448749233.663, [7107148.350000086, 191805207, 12275433555, 10680855, 12275130963, 42260303067]] [152669209646.46155, [206235.69230769158, 6562107, 417716928, 820259, 353006784, 1218624531]]
Model_cost: [64476268993.84, [1845.1858333333332, 20154017, 1288904952, 5243937, 49400505, 195874]] [11328430188.0, [4005.0, 2556015, 163578660, 164463, 77870628, 304299]] [578520656.0, [12.666666666666666, 104020, 6247200, 13140, 6247200, 26250]] [9691781072.0, [1270.8333333333333, 1680616, 106002464, 38704, 103509152, 416027]] [3701888120.0, [359.0, 1094662, 69427248, 316678, 7767792, 30384]] [863006565513.6001, [812.1000000000001, 191805207, 12275433555, 10680855, 6137123727, 23973306]] [3431143715.4923077, [118.24471153846154, 748987, 47652928, 135459, 25506688, 102419]]
Arch_Param: [32, 4096, 32768, 4, 1024, 128]
SK_cost: [590213732068.96, [717444.3433333333, 22816417, 1459298552, 1634113, 1289391288, 4824681889]] [67382149548.0, [97263.0, 2556015, 163578660, 164463, 163185444, 545001327]] [1775622480.0, [3263.333333333285, 104020, 6247200, 13140, 6247200, 12492810]] [52470316768.0, [55755.33333333302, 1783016, 113702944, 38704, 113702944, 437444628]] [41602710974.4, [43372.399999999994, 1392646, 88670256, 39302, 88670256, 348258310]] [5188448749233.663, [7107148.350000086, 191805207, 12275433555, 10680855, 12275130963, 42260303067]] [152669209646.46155, [206235.69230769158, 6562107, 417716928, 820259, 353006784, 1218624531]]
Model_cost: [64476268993.84, [1845.1858333333332, 20154017, 1288904952, 5243937, 49400505, 195874]] [11328430188.0, [4005.0, 2556015, 163578660, 164463, 77870628, 304299]] [578520656.0, [12.666666666666666, 104020, 6247200, 13140, 6247200, 26250]] [9691781072.0, [1270.8333333333333, 1680616, 106002464, 38704, 103509152, 416027]] [3688387704.0, [359.0, 1094662, 69427248, 105734, 7767792, 30384]] [863006565513.6001, [812.1000000000001, 191805207, 12275433555, 10680855, 6137123727, 23973306]] [3429660886.6923075, [117.44471153846155, 748987, 47652928, 113059, 25506688, 101907]]
Arch_Param: [32, 4096, 32768, 4, 1024, 256]
SK_cost: [590213732068.96, [717444.3433333333, 22816417, 1459298552, 1634113, 1289391288, 4824681889]] [67382149548.0, [97263.0, 2556015, 163578660, 164463, 163185444, 545001327]] [1775622480.0, [3263.333333333285, 104020, 6247200, 13140, 6247200, 12492810]] [52470316768.0, [55755.33333333302, 1783016, 113702944, 38704, 113702944, 437444628]] [41602710974.4, [43372.399999999994, 1392646, 88670256, 39302, 88670256, 348258310]] [5188448749233.663, [7107148.350000086, 191805207, 12275433555, 10680855, 12275130963, 42260303067]] [152669209646.46155, [206235.69230769158, 6562107, 417716928, 820259, 353006784, 1218624531]]
Model_cost: [64476268993.84, [1845.1858333333332, 20154017, 1288904952, 5243937, 49400505, 195874]] [11328430188.0, [4005.0, 2556015, 163578660, 164463, 77870628, 304299]] [578520656.0, [12.666666666666666, 104020, 6247200, 13140, 6247200, 26250]] [9691781072.0, [1270.8333333333333, 1680616, 106002464, 38704, 103509152, 416027]] [3688387704.0, [359.0, 1094662, 69427248, 105734, 7767792, 30384]] [863006565513.6001, [812.1000000000001, 191805207, 12275433555, 10680855, 6137123727, 23973306]] [3429660886.6923075, [117.44471153846155, 748987, 47652928, 113059, 25506688, 101907]]
Arch_Param: [32, 4096, 32768, 4, 1024, 512]
SK_cost: [590213732068.96, [717444.3433333333, 22816417, 1459298552, 1634113, 1289391288, 4824681889]] [67382149548.0, [97263.0, 2556015, 163578660, 164463, 163185444, 545001327]] [1775622480.0, [3263.333333333285, 104020, 6247200, 13140, 6247200, 12492810]] [52470316768.0, [55755.33333333302, 1783016, 113702944, 38704, 113702944, 437444628]] [41602710974.4, [43372.399999999994, 1392646, 88670256, 39302, 88670256, 348258310]] [5188448749233.663, [7107148.350000086, 191805207, 12275433555, 10680855, 12275130963, 42260303067]] [152669209646.46155, [206235.69230769158, 6562107, 417716928, 820259, 353006784, 1218624531]]
Model_cost: [64257135041.84, [1845.1858333333332, 20154017, 1288904952, 1820737, 49400505, 195362]] [11328430188.0, [4005.0, 2556015, 163578660, 164463, 77870628, 304299]] [578520656.0, [12.666666666666666, 104020, 6247200, 13140, 6247200, 26250]] [9691781072.0, [1270.8333333333333, 1680616, 106002464, 38704, 103509152, 416027]] [3687601272.0, [359.0, 1094662, 69427248, 93446, 7767792, 30384]] [863006565513.6001, [812.1000000000001, 191805207, 12275433555, 10680855, 6137123727, 23973306]] [3429046486.6923075, [117.44471153846155, 748987, 47652928, 103459, 25506688, 101907]]
Arch_Param: [32, 4096, 32768, 8, 256, 16]
SK_cost: [306805033680.48, [372370.79666666663, 47352385, 757568376, 845281, 672693432, 2505874849]] [35061496236.0, [50991.0, 5333103, 85328676, 86895, 85328676, 283119471]] [1776770120.0, [3263.333333333285, 390450, 6247200, 13170, 6247200, 12492810]] [52491616200.0, [55755.33333333302, 7106434, 113702944, 38794, 113702944, 437444628]] [20809665163.2, [21689.199999999997, 2772998, 44335152, 19654, 44335152, 174129158]] [2595494257936.8315, [3553845.675000043, 383626383, 6138012243, 5340891, 6138012243, 21131037915]] [106433082241.23077, [137297.84615384653, 17443052, 278762688, 474836, 252736704, 852278291]]
Model_cost: [34644029562.12, [971.1054166666667, 41814593, 668963704, 2718657, 49400505, 195874]] [7578553932.0, [3786.0, 5333103, 85328676, 86895, 77870628, 304299]] [579668296.0, [12.666666666666666, 390450, 6247200, 13170, 6247200, 26250]] [9711605944.0, [1270.8333333333333, 6635394, 106002464, 38794, 103509152, 416027]] [2030882404.8, [182.8, 2171654, 34746416, 150150, 7768304, 30576]] [568835852020.8002, [629.5500000000001, 383626383, 6138012243, 5340891, 6137123727, 23973306]] [2721658885.646154, [75.22548076923076, 2055020, 32839552, 78228, 25506688, 102419]]
Arch_Param: [32, 4096, 32768, 8, 256, 64]
SK_cost: [306805033680.48, [372370.79666666663, 47352385, 757568376, 845281, 672693432, 2505874849]] [35061496236.0, [50991.0, 5333103, 85328676, 86895, 85328676, 283119471]] [1776770120.0, [3263.333333333285, 390450, 6247200, 13170, 6247200, 12492810]] [52491616200.0, [55755.33333333302, 7106434, 113702944, 38794, 113702944, 437444628]] [20809665163.2, [21689.199999999997, 2772998, 44335152, 19654, 44335152, 174129158]] [2595494257936.8315, [3553845.675000043, 383626383, 6138012243, 5340891, 6138012243, 21131037915]] [106433082241.23077, [137297.84615384653, 17443052, 278762688, 474836, 252736704, 852278291]]
Model_cost: [34644029562.12, [971.1054166666667, 41814593, 668963704, 2718657, 49400505, 195874]] [7578553932.0, [3786.0, 5333103, 85328676, 86895, 77870628, 304299]] [579668296.0, [12.666666666666666, 390450, 6247200, 13170, 6247200, 26250]] [9711605944.0, [1270.8333333333333, 6635394, 106002464, 38794, 103509152, 416027]] [2024132196.8, [182.8, 2171654, 34746416, 44678, 7768304, 30576]] [568835852020.8002, [629.5500000000001, 383626383, 6138012243, 5340891, 6137123727, 23973306]] [2720790764.046154, [77.62548076923076, 2055020, 32839552, 65428, 25506688, 101907]]
Arch_Param: [32, 4096, 32768, 8, 256, 128]
SK_cost: [306805033680.48, [372370.79666666663, 47352385, 757568376, 845281, 672693432, 2505874849]] [35061496236.0, [50991.0, 5333103, 85328676, 86895, 85328676, 283119471]] [1776770120.0, [3263.333333333285, 390450, 6247200, 13170, 6247200, 12492810]] [52491616200.0, [55755.33333333302, 7106434, 113702944, 38794, 113702944, 437444628]] [20809665163.2, [21689.199999999997, 2772998, 44335152, 19654, 44335152, 174129158]] [2595494257936.8315, [3553845.675000043, 383626383, 6138012243, 5340891, 6138012243, 21131037915]] [106433082241.23077, [137297.84615384653, 17443052, 278762688, 474836, 252736704, 852278291]]
Model_cost: [34644029562.12, [971.1054166666667, 41814593, 668963704, 2718657, 49400505, 195874]] [7578553932.0, [3786.0, 5333103, 85328676, 86895, 77870628, 304299]] [579668296.0, [12.666666666666666, 390450, 6247200, 13170, 6247200, 26250]] [9711605944.0, [1270.8333333333333, 6635394, 106002464, 38794, 103509152, 416027]] [2024132196.8, [182.8, 2171654, 34746416, 44678, 7768304, 30576]] [568835852020.8002, [629.5500000000001, 383626383, 6138012243, 5340891, 6137123727, 23973306]] [2720790764.046154, [77.62548076923076, 2055020, 32839552, 65428, 25506688, 101907]]
Arch_Param: [32, 4096, 32768, 8, 256, 256]
SK_cost: [306805033680.48, [372370.79666666663, 47352385, 757568376, 845281, 672693432, 2505874849]] [35061496236.0, [50991.0, 5333103, 85328676, 86895, 85328676, 283119471]] [1776770120.0, [3263.333333333285, 390450, 6247200, 13170, 6247200, 12492810]] [52491616200.0, [55755.33333333302, 7106434, 113702944, 38794, 113702944, 437444628]] [20809665163.2, [21689.199999999997, 2772998, 44335152, 19654, 44335152, 174129158]] [2595494257936.8315, [3553845.675000043, 383626383, 6138012243, 5340891, 6138012243, 21131037915]] [106433082241.23077, [137297.84615384653, 17443052, 278762688, 474836, 252736704, 852278291]]
Model_cost: [34530056390.92, [971.9054166666666, 41814593, 668963704, 938593, 49400505, 195362]] [7578553932.0, [3786.0, 5333103, 85328676, 86895, 77870628, 304299]] [579668296.0, [12.666666666666666, 390450, 6247200, 13170, 6247200, 26250]] [9711605944.0, [1270.8333333333333, 6635394, 106002464, 38794, 103509152, 416027]] [2023738980.8, [182.8, 2171654, 34746416, 38534, 7768304, 30576]] [568835852020.8002, [629.5500000000001, 383626383, 6138012243, 5340891, 6137123727, 23973306]] [2720471276.046154, [77.62548076923076, 2055020, 32839552, 60436, 25506688, 101907]]
Arch_Param: [32, 4096, 32768, 8, 512, 16]
SK_cost: [306710328092.48, [372370.79666666663, 23676452, 757568376, 845252, 672693432, 2505874849]] [35050830252.0, [50991.0, 2666607, 85328676, 86895, 85328676, 283119471]] [1775987960.0, [3263.333333333285, 195230, 6247200, 13150, 6247200, 12492810]] [52477399512.0, [55755.33333333302, 3553222, 113702944, 38734, 113702944, 437444628]] [20804127371.2, [21689.199999999997, 1388550, 44335152, 19654, 44335152, 174129158]] [2594727007024.8315, [3553845.675000043, 191813655, 6138012243, 5340891, 6138012243, 21131037915]] [106398188585.23077, [137297.84615384653, 8721526, 278762688, 474718, 252736704, 852278291]]
Model_cost: [34560399558.12, [971.1054166666667, 20907556, 668963704, 2718628, 49400505, 195874]] [7567887948.0, [3786.0, 2666607, 85328676, 86895, 77870628, 304299]] [578886136.0, [12.666666666666666, 195230, 6247200, 13150, 6247200, 26250]] [9698372296.0, [1270.8333333333333, 3327942, 106002464, 38734, 103509152, 416027]] [2026580068.8, [182.8, 1096070, 34746416, 150150, 7768304, 30576]] [568068601108.8002, [629.5500000000001, 191813655, 6138012243, 5340891, 6137123727, 23973306]] [2717541293.646154, [75.22548076923076, 1027510, 32839552, 78110, 25506688, 102419]]
Arch_Param: [32, 4096, 32768, 8, 512, 64]
SK_cost: [306710328092.48, [372370.79666666663, 23676452, 757568376, 845252, 672693432, 2505874849]] [35050830252.0, [50991.0, 2666607, 85328676, 86895, 85328676, 283119471]] [1775987960.0, [3263.333333333285, 195230, 6247200, 13150, 6247200, 12492810]] [52477399512.0, [55755.33333333302, 3553222, 113702944, 38734, 113702944, 437444628]] [20804127371.2, [21689.199999999997, 1388550, 44335152, 19654, 44335152, 174129158]] [2594727007024.8315, [3553845.675000043, 191813655, 6138012243, 5340891, 6138012243, 21131037915]] [106398188585.23077, [137297.84615384653, 8721526, 278762688, 474718, 252736704, 852278291]]
Model_cost: [34560399558.12, [971.1054166666667, 20907556, 668963704, 2718628, 49400505, 195874]] [7567887948.0, [3786.0, 2666607, 85328676, 86895, 77870628, 304299]] [578886136.0, [12.666666666666666, 195230, 6247200, 13150, 6247200, 26250]] [9698372296.0, [1270.8333333333333, 3327942, 106002464, 38734, 103509152, 416027]] [2019829860.8, [182.8, 1096070, 34746416, 44678, 7768304, 30576]] [568068601108.8002, [629.5500000000001, 191813655, 6138012243, 5340891, 6137123727, 23973306]] [2716673172.046154, [77.62548076923076, 1027510, 32839552, 65310, 25506688, 101907]]
Arch_Param: [32, 4096, 32768, 8, 512, 128]
SK_cost: [306710328092.48, [372370.79666666663, 23676452, 757568376, 845252, 672693432, 2505874849]] [35050830252.0, [50991.0, 2666607, 85328676, 86895, 85328676, 283119471]] [1775987960.0, [3263.333333333285, 195230, 6247200, 13150, 6247200, 12492810]] [52477399512.0, [55755.33333333302, 3553222, 113702944, 38734, 113702944, 437444628]] [20804127371.2, [21689.199999999997, 1388550, 44335152, 19654, 44335152, 174129158]] [2594727007024.8315, [3553845.675000043, 191813655, 6138012243, 5340891, 6138012243, 21131037915]] [106398188585.23077, [137297.84615384653, 8721526, 278762688, 474718, 252736704, 852278291]]
Model_cost: [34560399558.12, [971.1054166666667, 20907556, 668963704, 2718628, 49400505, 195874]] [7567887948.0, [3786.0, 2666607, 85328676, 86895, 77870628, 304299]] [578886136.0, [12.666666666666666, 195230, 6247200, 13150, 6247200, 26250]] [9698372296.0, [1270.8333333333333, 3327942, 106002464, 38734, 103509152, 416027]] [2019829860.8, [182.8, 1096070, 34746416, 44678, 7768304, 30576]] [568068601108.8002, [629.5500000000001, 191813655, 6138012243, 5340891, 6137123727, 23973306]] [2716673172.046154, [77.62548076923076, 1027510, 32839552, 65310, 25506688, 101907]]
Arch_Param: [32, 4096, 32768, 8, 512, 256]
SK_cost: [306710328092.48, [372370.79666666663, 23676452, 757568376, 845252, 672693432, 2505874849]] [35050830252.0, [50991.0, 2666607, 85328676, 86895, 85328676, 283119471]] [1775987960.0, [3263.333333333285, 195230, 6247200, 13150, 6247200, 12492810]] [52477399512.0, [55755.33333333302, 3553222, 113702944, 38734, 113702944, 437444628]] [20804127371.2, [21689.199999999997, 1388550, 44335152, 19654, 44335152, 174129158]] [2594727007024.8315, [3553845.675000043, 191813655, 6138012243, 5340891, 6138012243, 21131037915]] [106398188585.23077, [137297.84615384653, 8721526, 278762688, 474718, 252736704, 852278291]]
Model_cost: [34446426386.92, [971.9054166666666, 20907556, 668963704, 938564, 49400505, 195362]] [7567887948.0, [3786.0, 2666607, 85328676, 86895, 77870628, 304299]] [578886136.0, [12.666666666666666, 195230, 6247200, 13150, 6247200, 26250]] [9698372296.0, [1270.8333333333333, 3327942, 106002464, 38734, 103509152, 416027]] [2019436644.8, [182.8, 1096070, 34746416, 38534, 7768304, 30576]] [568068601108.8002, [629.5500000000001, 191813655, 6138012243, 5340891, 6137123727, 23973306]] [2716353684.046154, [77.62548076923076, 1027510, 32839552, 60318, 25506688, 101907]]
Arch_Param: [32, 4096, 32768, 8, 512, 512]
SK_cost: [306710328092.48, [372370.79666666663, 23676452, 757568376, 845252, 672693432, 2505874849]] [35050830252.0, [50991.0, 2666607, 85328676, 86895, 85328676, 283119471]] [1775987960.0, [3263.333333333285, 195230, 6247200, 13150, 6247200, 12492810]] [52477399512.0, [55755.33333333302, 3553222, 113702944, 38734, 113702944, 437444628]] [20804127371.2, [21689.199999999997, 1388550, 44335152, 19654, 44335152, 174129158]] [2594727007024.8315, [3553845.675000043, 191813655, 6138012243, 5340891, 6138012243, 21131037915]] [106398188585.23077, [137297.84615384653, 8721526, 278762688, 474718, 252736704, 852278291]]
Model_cost: [34446426386.92, [971.9054166666666, 20907556, 668963704, 938564, 49400505, 195362]] [7567887948.0, [3786.0, 2666607, 85328676, 86895, 77870628, 304299]] [578886136.0, [12.666666666666666, 195230, 6247200, 13150, 6247200, 26250]] [9698372296.0, [1270.8333333333333, 3327942, 106002464, 38734, 103509152, 416027]] [2017857752.0, [184.0, 1087878, 34713648, 22150, 7792880, 30512]] [568068601108.8002, [629.5500000000001, 191813655, 6138012243, 5340891, 6137123727, 23973306]] [2716353684.046154, [77.62548076923076, 1027510, 32839552, 60318, 25506688, 101907]]
Arch_Param: [32, 4096, 32768, 8, 1024, 16]
SK_cost: [306663000912.48, [372370.79666666663, 11844705, 757568376, 845249, 672693432, 2505874849]] [35045497260.0, [50991.0, 1333359, 85328676, 86895, 85328676, 283119471]] [1775622480.0, [3263.333333333285, 104020, 6247200, 13140, 6247200, 12492810]] [52470316768.0, [55755.33333333302, 1783016, 113702944, 38704, 113702944, 437444628]] [20801358475.2, [21689.199999999997, 696326, 44335152, 19654, 44335152, 174129158]] [2594343381568.8315, [3553845.675000043, 95907291, 6138012243, 5340891, 6138012243, 21131037915]] [106380791933.23077, [137297.84615384653, 4373307, 278762688, 474659, 252736704, 852278291]]
Model_cost: [34518610170.12, [971.1054166666667, 10460257, 668963704, 2718625, 49400505, 195874]] [7562554956.0, [3786.0, 1333359, 85328676, 86895, 77870628, 304299]] [578520656.0, [12.666666666666666, 104020, 6247200, 13140, 6247200, 26250]] [9691781072.0, [1270.8333333333333, 1680616, 106002464, 38704, 103509152, 416027]] [2023295608.0, [183.0, 547334, 34713648, 158342, 7767792, 30384]] [567684975652.8002, [629.5500000000001, 95907291, 6138012243, 5340891, 6137123727, 23973306]] [2715488769.646154, [75.22548076923076, 515323, 32839552, 78051, 25506688, 102419]]
Arch_Param: [32, 4096, 32768, 8, 1024, 64]
SK_cost: [306663000912.48, [372370.79666666663, 11844705, 757568376, 845249, 672693432, 2505874849]] [35045497260.0, [50991.0, 1333359, 85328676, 86895, 85328676, 283119471]] [1775622480.0, [3263.333333333285, 104020, 6247200, 13140, 6247200, 12492810]] [52470316768.0, [55755.33333333302, 1783016, 113702944, 38704, 113702944, 437444628]] [20801358475.2, [21689.199999999997, 696326, 44335152, 19654, 44335152, 174129158]] [2594343381568.8315, [3553845.675000043, 95907291, 6138012243, 5340891, 6138012243, 21131037915]] [106380791933.23077, [137297.84615384653, 4373307, 278762688, 474659, 252736704, 852278291]]
Model_cost: [34518610170.12, [971.1054166666667, 10460257, 668963704, 2718625, 49400505, 195874]] [7562554956.0, [3786.0, 1333359, 85328676, 86895, 77870628, 304299]] [578520656.0, [12.666666666666666, 104020, 6247200, 13140, 6247200, 26250]] [9691781072.0, [1270.8333333333333, 1680616, 106002464, 38704, 103509152, 416027]] [2016545400.0, [183.0, 547334, 34713648, 52870, 7767792, 30384]] [567684975652.8002, [629.5500000000001, 95907291, 6138012243, 5340891, 6137123727, 23973306]] [2714620648.046154, [77.62548076923076, 515323, 32839552, 65251, 25506688, 101907]]
Arch_Param: [32, 4096, 32768, 8, 1024, 128]
SK_cost: [306663000912.48, [372370.79666666663, 11844705, 757568376, 845249, 672693432, 2505874849]] [35045497260.0, [50991.0, 1333359, 85328676, 86895, 85328676, 283119471]] [1775622480.0, [3263.333333333285, 104020, 6247200, 13140, 6247200, 12492810]] [52470316768.0, [55755.33333333302, 1783016, 113702944, 38704, 113702944, 437444628]] [20801358475.2, [21689.199999999997, 696326, 44335152, 19654, 44335152, 174129158]] [2594343381568.8315, [3553845.675000043, 95907291, 6138012243, 5340891, 6138012243, 21131037915]] [106380791933.23077, [137297.84615384653, 4373307, 278762688, 474659, 252736704, 852278291]]
Model_cost: [34518610170.12, [971.1054166666667, 10460257, 668963704, 2718625, 49400505, 195874]] [7562554956.0, [3786.0, 1333359, 85328676, 86895, 77870628, 304299]] [578520656.0, [12.666666666666666, 104020, 6247200, 13140, 6247200, 26250]] [9691781072.0, [1270.8333333333333, 1680616, 106002464, 38704, 103509152, 416027]] [2016545400.0, [183.0, 547334, 34713648, 52870, 7767792, 30384]] [567684975652.8002, [629.5500000000001, 95907291, 6138012243, 5340891, 6137123727, 23973306]] [2714620648.046154, [77.62548076923076, 515323, 32839552, 65251, 25506688, 101907]]
Arch_Param: [32, 4096, 32768, 8, 1024, 256]
SK_cost: [306663000912.48, [372370.79666666663, 11844705, 757568376, 845249, 672693432, 2505874849]] [35045497260.0, [50991.0, 1333359, 85328676, 86895, 85328676, 283119471]] [1775622480.0, [3263.333333333285, 104020, 6247200, 13140, 6247200, 12492810]] [52470316768.0, [55755.33333333302, 1783016, 113702944, 38704, 113702944, 437444628]] [20801358475.2, [21689.199999999997, 696326, 44335152, 19654, 44335152, 174129158]] [2594343381568.8315, [3553845.675000043, 95907291, 6138012243, 5340891, 6138012243, 21131037915]] [106380791933.23077, [137297.84615384653, 4373307, 278762688, 474659, 252736704, 852278291]]
Model_cost: [34404636998.92, [971.9054166666666, 10460257, 668963704, 938561, 49400505, 195362]] [7562554956.0, [3786.0, 1333359, 85328676, 86895, 77870628, 304299]] [578520656.0, [12.666666666666666, 104020, 6247200, 13140, 6247200, 26250]] [9691781072.0, [1270.8333333333333, 1680616, 106002464, 38704, 103509152, 416027]] [2016152184.0, [183.0, 547334, 34713648, 46726, 7767792, 30384]] [567684975652.8002, [629.5500000000001, 95907291, 6138012243, 5340891, 6137123727, 23973306]] [2714301160.046154, [77.62548076923076, 515323, 32839552, 60259, 25506688, 101907]]
Arch_Param: [32, 4096, 32768, 8, 1024, 512]
SK_cost: [306663000912.48, [372370.79666666663, 11844705, 757568376, 845249, 672693432, 2505874849]] [35045497260.0, [50991.0, 1333359, 85328676, 86895, 85328676, 283119471]] [1775622480.0, [3263.333333333285, 104020, 6247200, 13140, 6247200, 12492810]] [52470316768.0, [55755.33333333302, 1783016, 113702944, 38704, 113702944, 437444628]] [20801358475.2, [21689.199999999997, 696326, 44335152, 19654, 44335152, 174129158]] [2594343381568.8315, [3553845.675000043, 95907291, 6138012243, 5340891, 6138012243, 21131037915]] [106380791933.23077, [137297.84615384653, 4373307, 278762688, 474659, 252736704, 852278291]]
Model_cost: [34404636998.92, [971.9054166666666, 10460257, 668963704, 938561, 49400505, 195362]] [7562554956.0, [3786.0, 1333359, 85328676, 86895, 77870628, 304299]] [578520656.0, [12.666666666666666, 104020, 6247200, 13140, 6247200, 26250]] [9691781072.0, [1270.8333333333333, 1680616, 106002464, 38704, 103509152, 416027]] [2015695576.0, [184.0, 547334, 34713648, 22150, 7792880, 30512]] [567684975652.8002, [629.5500000000001, 95907291, 6138012243, 5340891, 6137123727, 23973306]] [2714301160.046154, [77.62548076923076, 515323, 32839552, 60259, 25506688, 101907]]
Arch_Param: [32, 4096, 32768, 16, 256, 16]
SK_cost: [164988724678.24, [199904.02333333332, 25429697, 406836408, 451617, 364399800, 1346637217]] [35061496236.0, [50991.0, 5333103, 85328676, 86895, 85328676, 283119471]] [1776770120.0, [3263.333333333285, 390450, 6247200, 13170, 6247200, 12492810]] [52491616200.0, [55755.33333333302, 7106434, 113702944, 38794, 113702944, 437444628]] [10404835569.6, [10847.599999999999, 1386502, 22167600, 9830, 22167600, 87064582]] [2595494257936.8315, [3553845.675000043, 383626383, 6138012243, 5340891, 6138012243, 21131037915]] [94218988811.07692, [116288.61538461514, 14813420, 236848320, 329428, 225408192, 758758419]]
Model_cost: [19613571633.16, [533.0120833333333, 22447809, 359126200, 1456961, 49400505, 195874]] [7578553932.0, [3786.0, 5333103, 85328676, 86895, 77870628, 304299]] [579668296.0, [12.666666666666666, 390450, 6247200, 13170, 6247200, 26250]] [9711605944.0, [1270.8333333333333, 6635394, 106002464, 38794, 103509152, 416027]] [1187813257.0666668, [95.17777777777778, 1085830, 17373232, 75078, 7768304, 30576]] [568835852020.8002, [629.5500000000001, 383626383, 6138012243, 5340891, 6137123727, 23973306]] [2511405383.2153845, [57.24182692307692, 1783660, 28517760, 51348, 25506688, 102419]]
Arch_Param: [32, 4096, 32768, 16, 256, 64]
SK_cost: [164988724678.24, [199904.02333333332, 25429697, 406836408, 451617, 364399800, 1346637217]] [35061496236.0, [50991.0, 5333103, 85328676, 86895, 85328676, 283119471]] [1776770120.0, [3263.333333333285, 390450, 6247200, 13170, 6247200, 12492810]] [52491616200.0, [55755.33333333302, 7106434, 113702944, 38794, 113702944, 437444628]] [10404835569.6, [10847.599999999999, 1386502, 22167600, 9830, 22167600, 87064582]] [2595494257936.8315, [3553845.675000043, 383626383, 6138012243, 5340891, 6138012243, 21131037915]] [94218988811.07692, [116288.61538461514, 14813420, 236848320, 329428, 225408192, 758758419]]
Model_cost: [19613571633.16, [533.0120833333333, 22447809, 359126200, 1456961, 49400505, 195874]] [7578553932.0, [3786.0, 5333103, 85328676, 86895, 77870628, 304299]] [579668296.0, [12.666666666666666, 390450, 6247200, 13170, 6247200, 26250]] [9711605944.0, [1270.8333333333333, 6635394, 106002464, 38794, 103509152, 416027]] [1184438153.0666668, [95.17777777777778, 1085830, 17373232, 22342, 7768304, 30576]] [568835852020.8002, [629.5500000000001, 383626383, 6138012243, 5340891, 6137123727, 23973306]] [2510946938.415385, [60.441826923076924, 1783660, 28517760, 44948, 25506688, 101907]]
Arch_Param: [32, 4096, 32768, 16, 256, 128]
SK_cost: [164988724678.24, [199904.02333333332, 25429697, 406836408, 451617, 364399800, 1346637217]] [35061496236.0, [50991.0, 5333103, 85328676, 86895, 85328676, 283119471]] [1776770120.0, [3263.333333333285, 390450, 6247200, 13170, 6247200, 12492810]] [52491616200.0, [55755.33333333302, 7106434, 113702944, 38794, 113702944, 437444628]] [10404835569.6, [10847.599999999999, 1386502, 22167600, 9830, 22167600, 87064582]] [2595494257936.8315, [3553845.675000043, 383626383, 6138012243, 5340891, 6138012243, 21131037915]] [94218988811.07692, [116288.61538461514, 14813420, 236848320, 329428, 225408192, 758758419]]
Model_cost: [19552178660.36, [532.2120833333333, 22447809, 359126200, 498465, 49400505, 195362]] [7578553932.0, [3786.0, 5333103, 85328676, 86895, 77870628, 304299]] [579668296.0, [12.666666666666666, 390450, 6247200, 13170, 6247200, 26250]] [9711605944.0, [1270.8333333333333, 6635394, 106002464, 38794, 103509152, 416027]] [1184241545.0666668, [95.17777777777778, 1085830, 17373232, 19270, 7768304, 30576]] [568835852020.8002, [629.5500000000001, 383626383, 6138012243, 5340891, 6137123727, 23973306]] [2510774877.6153846, [60.14182692307692, 1783660, 28517760, 42260, 25506688, 101907]]
Arch_Param: [32, 4096, 32768, 16, 256, 256]
SK_cost: [164988724678.24, [199904.02333333332, 25429697, 406836408, 451617, 364399800, 1346637217]] [35061496236.0, [50991.0, 5333103, 85328676, 86895, 85328676, 283119471]] [1776770120.0, [3263.333333333285, 390450, 6247200, 13170, 6247200, 12492810]] [52491616200.0, [55755.33333333302, 7106434, 113702944, 38794, 113702944, 437444628]] [10404835569.6, [10847.599999999999, 1386502, 22167600, 9830, 22167600, 87064582]] [2595494257936.8315, [3553845.675000043, 383626383, 6138012243, 5340891, 6138012243, 21131037915]] [94218988811.07692, [116288.61538461514, 14813420, 236848320, 329428, 225408192, 758758419]]
Model_cost: [19552178660.36, [532.2120833333333, 22447809, 359126200, 498465, 49400505, 195362]] [7578553932.0, [3786.0, 5333103, 85328676, 86895, 77870628, 304299]] [579668296.0, [12.666666666666666, 390450, 6247200, 13170, 6247200, 26250]] [9711605944.0, [1270.8333333333333, 6635394, 106002464, 38794, 103509152, 416027]] [1184006178.6666667, [96.77777777777777, 1085830, 17356848, 11078, 7792880, 30512]] [568835852020.8002, [629.5500000000001, 383626383, 6138012243, 5340891, 6137123727, 23973306]] [2510774877.6153846, [60.14182692307692, 1783660, 28517760, 42260, 25506688, 101907]]
Arch_Param: [32, 4096, 32768, 16, 512, 16]
SK_cost: [164937864466.24, [199904.02333333332, 12715108, 406836408, 451588, 364399800, 1346637217]] [35050830252.0, [50991.0, 2666607, 85328676, 86895, 85328676, 283119471]] [1775987960.0, [3263.333333333285, 195230, 6247200, 13150, 6247200, 12492810]] [52477399512.0, [55755.33333333302, 3553222, 113702944, 38734, 113702944, 437444628]] [10402066673.6, [10847.599999999999, 694278, 22167600, 9830, 22167600, 87064582]] [2594727007024.8315, [3553845.675000043, 191813655, 6138012243, 5340891, 6138012243, 21131037915]] [94189354419.07692, [116288.61538461514, 7406710, 236848320, 329310, 225408192, 758758419]]
Model_cost: [19568675197.16, [533.0120833333333, 11224164, 359126200, 1456932, 49400505, 195874]] [7567887948.0, [3786.0, 2666607, 85328676, 86895, 77870628, 304299]] [578886136.0, [12.666666666666666, 195230, 6247200, 13150, 6247200, 26250]] [9698372296.0, [1270.8333333333333, 3327942, 106002464, 38734, 103509152, 416027]] [1185662089.0666668, [95.17777777777778, 548038, 17373232, 75078, 7768304, 30576]] [568068601108.8002, [629.5500000000001, 191813655, 6138012243, 5340891, 6137123727, 23973306]] [2507830511.2153845, [57.24182692307692, 891830, 28517760, 51230, 25506688, 102419]]
Arch_Param: [32, 4096, 32768, 16, 512, 64]
SK_cost: [164937864466.24, [199904.02333333332, 12715108, 406836408, 451588, 364399800, 1346637217]] [35050830252.0, [50991.0, 2666607, 85328676, 86895, 85328676, 283119471]] [1775987960.0, [3263.333333333285, 195230, 6247200, 13150, 6247200, 12492810]] [52477399512.0, [55755.33333333302, 3553222, 113702944, 38734, 113702944, 437444628]] [10402066673.6, [10847.599999999999, 694278, 22167600, 9830, 22167600, 87064582]] [2594727007024.8315, [3553845.675000043, 191813655, 6138012243, 5340891, 6138012243, 21131037915]] [94189354419.07692, [116288.61538461514, 7406710, 236848320, 329310, 225408192, 758758419]]
Model_cost: [19568675197.16, [533.0120833333333, 11224164, 359126200, 1456932, 49400505, 195874]] [7567887948.0, [3786.0, 2666607, 85328676, 86895, 77870628, 304299]] [578886136.0, [12.666666666666666, 195230, 6247200, 13150, 6247200, 26250]] [9698372296.0, [1270.8333333333333, 3327942, 106002464, 38734, 103509152, 416027]] [1182286985.0666668, [95.17777777777778, 548038, 17373232, 22342, 7768304, 30576]] [568068601108.8002, [629.5500000000001, 191813655, 6138012243, 5340891, 6137123727, 23973306]] [2507372066.415385, [60.441826923076924, 891830, 28517760, 44830, 25506688, 101907]]
Arch_Param: [32, 4096, 32768, 16, 512, 128]
SK_cost: [164937864466.24, [199904.02333333332, 12715108, 406836408, 451588, 364399800, 1346637217]] [35050830252.0, [50991.0, 2666607, 85328676, 86895, 85328676, 283119471]] [1775987960.0, [3263.333333333285, 195230, 6247200, 13150, 6247200, 12492810]] [52477399512.0, [55755.33333333302, 3553222, 113702944, 38734, 113702944, 437444628]] [10402066673.6, [10847.599999999999, 694278, 22167600, 9830, 22167600, 87064582]] [2594727007024.8315, [3553845.675000043, 191813655, 6138012243, 5340891, 6138012243, 21131037915]] [94189354419.07692, [116288.61538461514, 7406710, 236848320, 329310, 225408192, 758758419]]
Model_cost: [19507282224.36, [532.2120833333333, 11224164, 359126200, 498436, 49400505, 195362]] [7567887948.0, [3786.0, 2666607, 85328676, 86895, 77870628, 304299]] [578886136.0, [12.666666666666666, 195230, 6247200, 13150, 6247200, 26250]] [9698372296.0, [1270.8333333333333, 3327942, 106002464, 38734, 103509152, 416027]] [1182090377.0666668, [95.17777777777778, 548038, 17373232, 19270, 7768304, 30576]] [568068601108.8002, [629.5500000000001, 191813655, 6138012243, 5340891, 6137123727, 23973306]] [2507200005.6153846, [60.14182692307692, 891830, 28517760, 42142, 25506688, 101907]]
Arch_Param: [32, 4096, 32768, 16, 512, 256]
SK_cost: [164937864466.24, [199904.02333333332, 12715108, 406836408, 451588, 364399800, 1346637217]] [35050830252.0, [50991.0, 2666607, 85328676, 86895, 85328676, 283119471]] [1775987960.0, [3263.333333333285, 195230, 6247200, 13150, 6247200, 12492810]] [52477399512.0, [55755.33333333302, 3553222, 113702944, 38734, 113702944, 437444628]] [10402066673.6, [10847.599999999999, 694278, 22167600, 9830, 22167600, 87064582]] [2594727007024.8315, [3553845.675000043, 191813655, 6138012243, 5340891, 6138012243, 21131037915]] [94189354419.07692, [116288.61538461514, 7406710, 236848320, 329310, 225408192, 758758419]]
Model_cost: [19507282224.36, [532.2120833333333, 11224164, 359126200, 498436, 49400505, 195362]] [7567887948.0, [3786.0, 2666607, 85328676, 86895, 77870628, 304299]] [578886136.0, [12.666666666666666, 195230, 6247200, 13150, 6247200, 26250]] [9698372296.0, [1270.8333333333333, 3327942, 106002464, 38734, 103509152, 416027]] [1181838626.6666667, [96.77777777777777, 543942, 17356848, 11078, 7792880, 30512]] [568068601108.8002, [629.5500000000001, 191813655, 6138012243, 5340891, 6137123727, 23973306]] [2507200005.6153846, [60.14182692307692, 891830, 28517760, 42142, 25506688, 101907]]
Arch_Param: [32, 4096, 32768, 16, 512, 512]
SK_cost: [164937864466.24, [199904.02333333332, 12715108, 406836408, 451588, 364399800, 1346637217]] [35050830252.0, [50991.0, 2666607, 85328676, 86895, 85328676, 283119471]] [1775987960.0, [3263.333333333285, 195230, 6247200, 13150, 6247200, 12492810]] [52477399512.0, [55755.33333333302, 3553222, 113702944, 38734, 113702944, 437444628]] [10402066673.6, [10847.599999999999, 694278, 22167600, 9830, 22167600, 87064582]] [2594727007024.8315, [3553845.675000043, 191813655, 6138012243, 5340891, 6138012243, 21131037915]] [94189354419.07692, [116288.61538461514, 7406710, 236848320, 329310, 225408192, 758758419]]
Model_cost: [19506667824.36, [532.2120833333333, 11224164, 359126200, 488836, 49400505, 195362]] [7567887948.0, [3786.0, 2666607, 85328676, 86895, 77870628, 304299]] [578886136.0, [12.666666666666666, 195230, 6247200, 13150, 6247200, 26250]] [9698372296.0, [1270.8333333333333, 3327942, 106002464, 38734, 103509152, 416027]] [1180642136.0, [95.0, 543942, 17356848, 9830, 7767792, 30381]] [568068601108.8002, [629.5500000000001, 191813655, 6138012243, 5340891, 6137123727, 23973306]] [2507200005.6153846, [60.14182692307692, 891830, 28517760, 42142, 25506688, 101907]]
Arch_Param: [32, 4096, 32768, 16, 1024, 16]
SK_cost: [164912447558.24, [199904.02333333332, 6360929, 406836408, 451585, 364399800, 1346637217]] [35045497260.0, [50991.0, 1333359, 85328676, 86895, 85328676, 283119471]] [1775622480.0, [3263.333333333285, 104020, 6247200, 13140, 6247200, 12492810]] [52470316768.0, [55755.33333333302, 1783016, 113702944, 38704, 113702944, 437444628]] [10400682225.6, [10847.599999999999, 348166, 22167600, 9830, 22167600, 87064582]] [2594343381568.8315, [3553845.675000043, 95907291, 6138012243, 5340891, 6138012243, 21131037915]] [94174562823.07692, [116288.61538461514, 3709755, 236848320, 329251, 225408192, 758758419]]
Model_cost: [19546240177.16, [533.0120833333333, 5615457, 359126200, 1456929, 49400505, 195874]] [7562554956.0, [3786.0, 1333359, 85328676, 86895, 77870628, 304299]] [578520656.0, [12.666666666666666, 104020, 6247200, 13140, 6247200, 26250]] [9691781072.0, [1270.8333333333333, 1680616, 106002464, 38704, 103509152, 416027]] [1183999426.6666667, [95.77777777777777, 273670, 17356848, 79174, 7767792, 30384]] [567684975652.8002, [629.5500000000001, 95907291, 6138012243, 5340891, 6137123727, 23973306]] [2506046275.2153845, [57.24182692307692, 446715, 28517760, 51171, 25506688, 102419]]
Arch_Param: [32, 4096, 32768, 16, 1024, 64]
SK_cost: [164912447558.24, [199904.02333333332, 6360929, 406836408, 451585, 364399800, 1346637217]] [35045497260.0, [50991.0, 1333359, 85328676, 86895, 85328676, 283119471]] [1775622480.0, [3263.333333333285, 104020, 6247200, 13140, 6247200, 12492810]] [52470316768.0, [55755.33333333302, 1783016, 113702944, 38704, 113702944, 437444628]] [10400682225.6, [10847.599999999999, 348166, 22167600, 9830, 22167600, 87064582]] [2594343381568.8315, [3553845.675000043, 95907291, 6138012243, 5340891, 6138012243, 21131037915]] [94174562823.07692, [116288.61538461514, 3709755, 236848320, 329251, 225408192, 758758419]]
Model_cost: [19546240177.16, [533.0120833333333, 5615457, 359126200, 1456929, 49400505, 195874]] [7562554956.0, [3786.0, 1333359, 85328676, 86895, 77870628, 304299]] [578520656.0, [12.666666666666666, 104020, 6247200, 13140, 6247200, 26250]] [9691781072.0, [1270.8333333333333, 1680616, 106002464, 38704, 103509152, 416027]] [1180624322.6666667, [95.77777777777777, 273670, 17356848, 26438, 7767792, 30384]] [567684975652.8002, [629.5500000000001, 95907291, 6138012243, 5340891, 6137123727, 23973306]] [2505587830.415385, [60.441826923076924, 446715, 28517760, 44771, 25506688, 101907]]
Arch_Param: [32, 4096, 32768, 16, 1024, 128]
SK_cost: [164912447558.24, [199904.02333333332, 6360929, 406836408, 451585, 364399800, 1346637217]] [35045497260.0, [50991.0, 1333359, 85328676, 86895, 85328676, 283119471]] [1775622480.0, [3263.333333333285, 104020, 6247200, 13140, 6247200, 12492810]] [52470316768.0, [55755.33333333302, 1783016, 113702944, 38704, 113702944, 437444628]] [10400682225.6, [10847.599999999999, 348166, 22167600, 9830, 22167600, 87064582]] [2594343381568.8315, [3553845.675000043, 95907291, 6138012243, 5340891, 6138012243, 21131037915]] [94174562823.07692, [116288.61538461514, 3709755, 236848320, 329251, 225408192, 758758419]]
Model_cost: [19484847204.36, [532.2120833333333, 5615457, 359126200, 498433, 49400505, 195362]] [7562554956.0, [3786.0, 1333359, 85328676, 86895, 77870628, 304299]] [578520656.0, [12.666666666666666, 104020, 6247200, 13140, 6247200, 26250]] [9691781072.0, [1270.8333333333333, 1680616, 106002464, 38704, 103509152, 416027]] [1180427714.6666667, [95.77777777777777, 273670, 17356848, 23366, 7767792, 30384]] [567684975652.8002, [629.5500000000001, 95907291, 6138012243, 5340891, 6137123727, 23973306]] [2505415769.6153846, [60.14182692307692, 446715, 28517760, 42083, 25506688, 101907]]
Arch_Param: [32, 4096, 32768, 16, 1024, 256]
SK_cost: [164912447558.24, [199904.02333333332, 6360929, 406836408, 451585, 364399800, 1346637217]] [35045497260.0, [50991.0, 1333359, 85328676, 86895, 85328676, 283119471]] [1775622480.0, [3263.333333333285, 104020, 6247200, 13140, 6247200, 12492810]] [52470316768.0, [55755.33333333302, 1783016, 113702944, 38704, 113702944, 437444628]] [10400682225.6, [10847.599999999999, 348166, 22167600, 9830, 22167600, 87064582]] [2594343381568.8315, [3553845.675000043, 95907291, 6138012243, 5340891, 6138012243, 21131037915]] [94174562823.07692, [116288.61538461514, 3709755, 236848320, 329251, 225408192, 758758419]]
Model_cost: [19484847204.36, [532.2120833333333, 5615457, 359126200, 498433, 49400505, 195362]] [7562554956.0, [3786.0, 1333359, 85328676, 86895, 77870628, 304299]] [578520656.0, [12.666666666666666, 104020, 6247200, 13140, 6247200, 26250]] [9691781072.0, [1270.8333333333333, 1680616, 106002464, 38704, 103509152, 416027]] [1180427714.6666667, [95.77777777777777, 273670, 17356848, 23366, 7767792, 30384]] [567684975652.8002, [629.5500000000001, 95907291, 6138012243, 5340891, 6137123727, 23973306]] [2505415769.6153846, [60.14182692307692, 446715, 28517760, 42083, 25506688, 101907]]
Arch_Param: [32, 4096, 32768, 16, 1024, 512]
SK_cost: [164912447558.24, [199904.02333333332, 6360929, 406836408, 451585, 364399800, 1346637217]] [35045497260.0, [50991.0, 1333359, 85328676, 86895, 85328676, 283119471]] [1775622480.0, [3263.333333333285, 104020, 6247200, 13140, 6247200, 12492810]] [52470316768.0, [55755.33333333302, 1783016, 113702944, 38704, 113702944, 437444628]] [10400682225.6, [10847.599999999999, 348166, 22167600, 9830, 22167600, 87064582]] [2594343381568.8315, [3553845.675000043, 95907291, 6138012243, 5340891, 6138012243, 21131037915]] [94174562823.07692, [116288.61538461514, 3709755, 236848320, 329251, 225408192, 758758419]]
Model_cost: [19484232804.36, [532.2120833333333, 5615457, 359126200, 488833, 49400505, 195362]] [7562554956.0, [3786.0, 1333359, 85328676, 86895, 77870628, 304299]] [578520656.0, [12.666666666666666, 104020, 6247200, 13140, 6247200, 26250]] [9691781072.0, [1270.8333333333333, 1680616, 106002464, 38704, 103509152, 416027]] [1179558360.0, [95.0, 272998, 17356848, 9830, 7767792, 30381]] [567684975652.8002, [629.5500000000001, 95907291, 6138012243, 5340891, 6137123727, 23973306]] [2505415769.6153846, [60.14182692307692, 446715, 28517760, 42083, 25506688, 101907]]
Arch_Param: [32, 4096, 32768, 32, 256, 16]
SK_cost: [94101649514.08, [113703.06333333332, 14471873, 231526584, 254913, 210308280, 767184289]] [35061496236.0, [50991.0, 5333103, 85328676, 86895, 85328676, 283119471]] [1776770120.0, [3263.333333333285, 390450, 6247200, 13170, 6247200, 12492810]] [52491616200.0, [55755.33333333302, 7106434, 113702944, 38794, 113702944, 437444628]] [5202420772.8, [5426.799999999999, 693254, 11083824, 4918, 11083824, 43532294]] [2595494257936.8315, [3553845.675000043, 383626383, 6138012243, 5340891, 6138012243, 21131037915]] [88111942096.0, [105784.00000000015, 13498604, 215891136, 256724, 211743936, 711998483]]
Model_cost: [12101072822.92, [313.07208333333335, 12767937, 204263608, 826433, 49400505, 195874]] [7578553932.0, [3786.0, 5333103, 85328676, 86895, 77870628, 304299]] [579668296.0, [12.666666666666666, 390450, 6247200, 13170, 6247200, 26250]] [9711605944.0, [1270.8333333333333, 6635394, 106002464, 38794, 103509152, 416027]] [764591056.5333334, [50.58888888888889, 542918, 8686640, 11174, 7768304, 30576]] [568835852020.8002, [629.5500000000001, 383626383, 6138012243, 5340891, 6137123727, 23973306]] [2406024833.6, [49.85, 1647980, 26356864, 34708, 25506688, 101907]]
Arch_Param: [32, 4096, 32768, 32, 256, 64]
SK_cost: [94101649514.08, [113703.06333333332, 14471873, 231526584, 254913, 210308280, 767184289]] [35061496236.0, [50991.0, 5333103, 85328676, 86895, 85328676, 283119471]] [1776770120.0, [3263.333333333285, 390450, 6247200, 13170, 6247200, 12492810]] [52491616200.0, [55755.33333333302, 7106434, 113702944, 38794, 113702944, 437444628]] [5202420772.8, [5426.799999999999, 693254, 11083824, 4918, 11083824, 43532294]] [2595494257936.8315, [3553845.675000043, 383626383, 6138012243, 5340891, 6138012243, 21131037915]] [88111942096.0, [105784.00000000015, 13498604, 215891136, 256724, 211743936, 711998483]]
Model_cost: [12065970333.32, [315.47208333333333, 12767937, 204263608, 278721, 49400505, 195362]] [7578553932.0, [3786.0, 5333103, 85328676, 86895, 77870628, 304299]] [579668296.0, [12.666666666666666, 390450, 6247200, 13170, 6247200, 26250]] [9711605944.0, [1270.8333333333333, 6635394, 106002464, 38794, 103509152, 416027]] [764492752.5333334, [50.58888888888889, 542918, 8686640, 9638, 7768304, 30576]] [568835852020.8002, [629.5500000000001, 383626383, 6138012243, 5340891, 6137123727, 23973306]] [2405926529.6, [49.85, 1647980, 26356864, 33172, 25506688, 101907]]
Arch_Param: [32, 4096, 32768, 32, 256, 128]
SK_cost: [94101649514.08, [113703.06333333332, 14471873, 231526584, 254913, 210308280, 767184289]] [35061496236.0, [50991.0, 5333103, 85328676, 86895, 85328676, 283119471]] [1776770120.0, [3263.333333333285, 390450, 6247200, 13170, 6247200, 12492810]] [52491616200.0, [55755.33333333302, 7106434, 113702944, 38794, 113702944, 437444628]] [5202420772.8, [5426.799999999999, 693254, 11083824, 4918, 11083824, 43532294]] [2595494257936.8315, [3553845.675000043, 383626383, 6138012243, 5340891, 6138012243, 21131037915]] [88111942096.0, [105784.00000000015, 13498604, 215891136, 256724, 211743936, 711998483]]
Model_cost: [12065970333.32, [315.47208333333333, 12767937, 204263608, 278721, 49400505, 195362]] [7578553932.0, [3786.0, 5333103, 85328676, 86895, 77870628, 304299]] [579668296.0, [12.666666666666666, 390450, 6247200, 13170, 6247200, 26250]] [9711605944.0, [1270.8333333333333, 6635394, 106002464, 38794, 103509152, 416027]] [764492752.5333334, [50.58888888888889, 542918, 8686640, 9638, 7768304, 30576]] [568835852020.8002, [629.5500000000001, 383626383, 6138012243, 5340891, 6137123727, 23973306]] [2405926529.6, [49.85, 1647980, 26356864, 33172, 25506688, 101907]]
Arch_Param: [32, 4096, 32768, 32, 256, 256]
SK_cost: [94101649514.08, [113703.06333333332, 14471873, 231526584, 254913, 210308280, 767184289]] [35061496236.0, [50991.0, 5333103, 85328676, 86895, 85328676, 283119471]] [1776770120.0, [3263.333333333285, 390450, 6247200, 13170, 6247200, 12492810]] [52491616200.0, [55755.33333333302, 7106434, 113702944, 38794, 113702944, 437444628]] [5202420772.8, [5426.799999999999, 693254, 11083824, 4918, 11083824, 43532294]] [2595494257936.8315, [3553845.675000043, 383626383, 6138012243, 5340891, 6138012243, 21131037915]] [88111942096.0, [105784.00000000015, 13498604, 215891136, 256724, 211743936, 711998483]]
Model_cost: [12065650845.32, [315.47208333333333, 12767937, 204263608, 273729, 49400505, 195362]] [7578553932.0, [3786.0, 5333103, 85328676, 86895, 77870628, 304299]] [579668296.0, [12.666666666666666, 390450, 6247200, 13170, 6247200, 26250]] [9711605944.0, [1270.8333333333333, 6635394, 106002464, 38794, 103509152, 416027]] [763756296.0, [51.5, 542918, 8678448, 4918, 7767792, 30381]] [568835852020.8002, [629.5500000000001, 383626383, 6138012243, 5340891, 6137123727, 23973306]] [2405926529.6, [49.85, 1647980, 26356864, 33172, 25506688, 101907]]
Arch_Param: [32, 4096, 32768, 32, 512, 16]
SK_cost: [94072704950.08, [113703.06333333332, 7236196, 231526584, 254884, 210308280, 767184289]] [35050830252.0, [50991.0, 2666607, 85328676, 86895, 85328676, 283119471]] [1775987960.0, [3263.333333333285, 195230, 6247200, 13150, 6247200, 12492810]] [52477399512.0, [55755.33333333302, 3553222, 113702944, 38734, 113702944, 437444628]] [5201036324.8, [5426.799999999999, 347142, 11083824, 4918, 11083824, 43532294]] [2594727007024.8315, [3553845.675000043, 191813655, 6138012243, 5340891, 6138012243, 21131037915]] [88084937336.0, [105784.00000000015, 6749302, 215891136, 256606, 211743936, 711998483]]
Model_cost: [12075536130.92, [313.07208333333335, 6384228, 204263608, 826404, 49400505, 195874]] [7567887948.0, [3786.0, 2666607, 85328676, 86895, 77870628, 304299]] [578886136.0, [12.666666666666666, 195230, 6247200, 13150, 6247200, 26250]] [9698372296.0, [1270.8333333333333, 3327942, 106002464, 38734, 103509152, 416027]] [763515472.5333334, [50.58888888888889, 274022, 8686640, 11174, 7768304, 30576]] [568068601108.8002, [629.5500000000001, 191813655, 6138012243, 5340891, 6137123727, 23973306]] [2402721321.6, [49.85, 823990, 26356864, 34590, 25506688, 101907]]
Arch_Param: [32, 4096, 32768, 32, 512, 64]
SK_cost: [94072704950.08, [113703.06333333332, 7236196, 231526584, 254884, 210308280, 767184289]] [35050830252.0, [50991.0, 2666607, 85328676, 86895, 85328676, 283119471]] [1775987960.0, [3263.333333333285, 195230, 6247200, 13150, 6247200, 12492810]] [52477399512.0, [55755.33333333302, 3553222, 113702944, 38734, 113702944, 437444628]] [5201036324.8, [5426.799999999999, 347142, 11083824, 4918, 11083824, 43532294]] [2594727007024.8315, [3553845.675000043, 191813655, 6138012243, 5340891, 6138012243, 21131037915]] [88084937336.0, [105784.00000000015, 6749302, 215891136, 256606, 211743936, 711998483]]
Model_cost: [12040433641.32, [315.47208333333333, 6384228, 204263608, 278692, 49400505, 195362]] [7567887948.0, [3786.0, 2666607, 85328676, 86895, 77870628, 304299]] [578886136.0, [12.666666666666666, 195230, 6247200, 13150, 6247200, 26250]] [9698372296.0, [1270.8333333333333, 3327942, 106002464, 38734, 103509152, 416027]] [763417168.5333334, [50.58888888888889, 274022, 8686640, 9638, 7768304, 30576]] [568068601108.8002, [629.5500000000001, 191813655, 6138012243, 5340891, 6137123727, 23973306]] [2402623017.6, [49.85, 823990, 26356864, 33054, 25506688, 101907]]
Arch_Param: [32, 4096, 32768, 32, 512, 128]
SK_cost: [94072704950.08, [113703.06333333332, 7236196, 231526584, 254884, 210308280, 767184289]] [35050830252.0, [50991.0, 2666607, 85328676, 86895, 85328676, 283119471]] [1775987960.0, [3263.333333333285, 195230, 6247200, 13150, 6247200, 12492810]] [52477399512.0, [55755.33333333302, 3553222, 113702944, 38734, 113702944, 437444628]] [5201036324.8, [5426.799999999999, 347142, 11083824, 4918, 11083824, 43532294]] [2594727007024.8315, [3553845.675000043, 191813655, 6138012243, 5340891, 6138012243, 21131037915]] [88084937336.0, [105784.00000000015, 6749302, 215891136, 256606, 211743936, 711998483]]
Model_cost: [12040433641.32, [315.47208333333333, 6384228, 204263608, 278692, 49400505, 195362]] [7567887948.0, [3786.0, 2666607, 85328676, 86895, 77870628, 304299]] [578886136.0, [12.666666666666666, 195230, 6247200, 13150, 6247200, 26250]] [9698372296.0, [1270.8333333333333, 3327942, 106002464, 38734, 103509152, 416027]] [763417168.5333334, [50.58888888888889, 274022, 8686640, 9638, 7768304, 30576]] [568068601108.8002, [629.5500000000001, 191813655, 6138012243, 5340891, 6137123727, 23973306]] [2402623017.6, [49.85, 823990, 26356864, 33054, 25506688, 101907]]
Arch_Param: [32, 4096, 32768, 32, 512, 256]
SK_cost: [94072704950.08, [113703.06333333332, 7236196, 231526584, 254884, 210308280, 767184289]] [35050830252.0, [50991.0, 2666607, 85328676, 86895, 85328676, 283119471]] [1775987960.0, [3263.333333333285, 195230, 6247200, 13150, 6247200, 12492810]] [52477399512.0, [55755.33333333302, 3553222, 113702944, 38734, 113702944, 437444628]] [5201036324.8, [5426.799999999999, 347142, 11083824, 4918, 11083824, 43532294]] [2594727007024.8315, [3553845.675000043, 191813655, 6138012243, 5340891, 6138012243, 21131037915]] [88084937336.0, [105784.00000000015, 6749302, 215891136, 256606, 211743936, 711998483]]
Model_cost: [12040114153.32, [315.47208333333333, 6384228, 204263608, 273700, 49400505, 195362]] [7567887948.0, [3786.0, 2666607, 85328676, 86895, 77870628, 304299]] [578886136.0, [12.666666666666666, 195230, 6247200, 13150, 6247200, 26250]] [9698372296.0, [1270.8333333333333, 3327942, 106002464, 38734, 103509152, 416027]] [762672520.0, [51.5, 271974, 8678448, 4918, 7767792, 30381]] [568068601108.8002, [629.5500000000001, 191813655, 6138012243, 5340891, 6137123727, 23973306]] [2402623017.6, [49.85, 823990, 26356864, 33054, 25506688, 101907]]
Arch_Param: [32, 4096, 32768, 32, 512, 512]
SK_cost: [94072704950.08, [113703.06333333332, 7236196, 231526584, 254884, 210308280, 767184289]] [35050830252.0, [50991.0, 2666607, 85328676, 86895, 85328676, 283119471]] [1775987960.0, [3263.333333333285, 195230, 6247200, 13150, 6247200, 12492810]] [52477399512.0, [55755.33333333302, 3553222, 113702944, 38734, 113702944, 437444628]] [5201036324.8, [5426.799999999999, 347142, 11083824, 4918, 11083824, 43532294]] [2594727007024.8315, [3553845.675000043, 191813655, 6138012243, 5340891, 6138012243, 21131037915]] [88084937336.0, [105784.00000000015, 6749302, 215891136, 256606, 211743936, 711998483]]
Model_cost: [12040114153.32, [315.47208333333333, 6384228, 204263608, 273700, 49400505, 195362]] [7567887948.0, [3786.0, 2666607, 85328676, 86895, 77870628, 304299]] [578886136.0, [12.666666666666666, 195230, 6247200, 13150, 6247200, 26250]] [9698372296.0, [1270.8333333333333, 3327942, 106002464, 38734, 103509152, 416027]] [762672520.0, [51.5, 271974, 8678448, 4918, 7767792, 30381]] [568068601108.8002, [629.5500000000001, 191813655, 6138012243, 5340891, 6137123727, 23973306]] [2402623017.6, [49.85, 823990, 26356864, 33054, 25506688, 101907]]
Arch_Param: [32, 4096, 32768, 32, 1024, 16]
SK_cost: [94058239722.08, [113703.06333333332, 3619937, 231526584, 254881, 210308280, 767184289]] [35045497260.0, [50991.0, 1333359, 85328676, 86895, 85328676, 283119471]] [1775622480.0, [3263.333333333285, 104020, 6247200, 13140, 6247200, 12492810]] [52470316768.0, [55755.33333333302, 1783016, 113702944, 38704, 113702944, 437444628]] [5200344100.8, [5426.799999999999, 174086, 11083824, 4918, 11083824, 43532294]] [2594343381568.8315, [3553845.675000043, 95907291, 6138012243, 5340891, 6138012243, 21131037915]] [88071448268.0, [105784.00000000015, 3377979, 215891136, 256547, 211743936, 711998483]]
Model_cost: [12062774838.92, [313.07208333333335, 3193953, 204263608, 826401, 49400505, 195874]] [7562554956.0, [3786.0, 1333359, 85328676, 86895, 77870628, 304299]] [578520656.0, [12.666666666666666, 104020, 6247200, 13140, 6247200, 26250]] [9691781072.0, [1270.8333333333333, 1680616, 106002464, 38704, 103509152, 416027]] [762663709.3333334, [51.388888888888886, 136838, 8678448, 13222, 7767792, 30384]] [567684975652.8002, [629.5500000000001, 95907291, 6138012243, 5340891, 6137123727, 23973306]] [2401071229.6, [49.85, 412411, 26356864, 34531, 25506688, 101907]]
Arch_Param: [32, 4096, 32768, 32, 1024, 64]
SK_cost: [94058239722.08, [113703.06333333332, 3619937, 231526584, 254881, 210308280, 767184289]] [35045497260.0, [50991.0, 1333359, 85328676, 86895, 85328676, 283119471]] [1775622480.0, [3263.333333333285, 104020, 6247200, 13140, 6247200, 12492810]] [52470316768.0, [55755.33333333302, 1783016, 113702944, 38704, 113702944, 437444628]] [5200344100.8, [5426.799999999999, 174086, 11083824, 4918, 11083824, 43532294]] [2594343381568.8315, [3553845.675000043, 95907291, 6138012243, 5340891, 6138012243, 21131037915]] [88071448268.0, [105784.00000000015, 3377979, 215891136, 256547, 211743936, 711998483]]
Model_cost: [12027672349.32, [315.47208333333333, 3193953, 204263608, 278689, 49400505, 195362]] [7562554956.0, [3786.0, 1333359, 85328676, 86895, 77870628, 304299]] [578520656.0, [12.666666666666666, 104020, 6247200, 13140, 6247200, 26250]] [9691781072.0, [1270.8333333333333, 1680616, 106002464, 38704, 103509152, 416027]] [762565405.3333334, [51.388888888888886, 136838, 8678448, 11686, 7767792, 30384]] [567684975652.8002, [629.5500000000001, 95907291, 6138012243, 5340891, 6137123727, 23973306]] [2400972925.6, [49.85, 412411, 26356864, 32995, 25506688, 101907]]
Arch_Param: [32, 4096, 32768, 32, 1024, 128]
SK_cost: [94058239722.08, [113703.06333333332, 3619937, 231526584, 254881, 210308280, 767184289]] [35045497260.0, [50991.0, 1333359, 85328676, 86895, 85328676, 283119471]] [1775622480.0, [3263.333333333285, 104020, 6247200, 13140, 6247200, 12492810]] [52470316768.0, [55755.33333333302, 1783016, 113702944, 38704, 113702944, 437444628]] [5200344100.8, [5426.799999999999, 174086, 11083824, 4918, 11083824, 43532294]] [2594343381568.8315, [3553845.675000043, 95907291, 6138012243, 5340891, 6138012243, 21131037915]] [88071448268.0, [105784.00000000015, 3377979, 215891136, 256547, 211743936, 711998483]]
Model_cost: [12027672349.32, [315.47208333333333, 3193953, 204263608, 278689, 49400505, 195362]] [7562554956.0, [3786.0, 1333359, 85328676, 86895, 77870628, 304299]] [578520656.0, [12.666666666666666, 104020, 6247200, 13140, 6247200, 26250]] [9691781072.0, [1270.8333333333333, 1680616, 106002464, 38704, 103509152, 416027]] [762565405.3333334, [51.388888888888886, 136838, 8678448, 11686, 7767792, 30384]] [567684975652.8002, [629.5500000000001, 95907291, 6138012243, 5340891, 6137123727, 23973306]] [2400972925.6, [49.85, 412411, 26356864, 32995, 25506688, 101907]]
Arch_Param: [32, 4096, 32768, 32, 1024, 256]
SK_cost: [94058239722.08, [113703.06333333332, 3619937, 231526584, 254881, 210308280, 767184289]] [35045497260.0, [50991.0, 1333359, 85328676, 86895, 85328676, 283119471]] [1775622480.0, [3263.333333333285, 104020, 6247200, 13140, 6247200, 12492810]] [52470316768.0, [55755.33333333302, 1783016, 113702944, 38704, 113702944, 437444628]] [5200344100.8, [5426.799999999999, 174086, 11083824, 4918, 11083824, 43532294]] [2594343381568.8315, [3553845.675000043, 95907291, 6138012243, 5340891, 6138012243, 21131037915]] [88071448268.0, [105784.00000000015, 3377979, 215891136, 256547, 211743936, 711998483]]
Model_cost: [12027352861.32, [315.47208333333333, 3193953, 204263608, 273697, 49400505, 195362]] [7562554956.0, [3786.0, 1333359, 85328676, 86895, 77870628, 304299]] [578520656.0, [12.666666666666666, 104020, 6247200, 13140, 6247200, 26250]] [9691781072.0, [1270.8333333333333, 1680616, 106002464, 38704, 103509152, 416027]] [762130632.0, [51.5, 136502, 8678448, 4918, 7767792, 30381]] [567684975652.8002, [629.5500000000001, 95907291, 6138012243, 5340891, 6137123727, 23973306]] [2400972925.6, [49.85, 412411, 26356864, 32995, 25506688, 101907]]
Arch_Param: [32, 4096, 32768, 32, 1024, 512]
SK_cost: [94058239722.08, [113703.06333333332, 3619937, 231526584, 254881, 210308280, 767184289]] [35045497260.0, [50991.0, 1333359, 85328676, 86895, 85328676, 283119471]] [1775622480.0, [3263.333333333285, 104020, 6247200, 13140, 6247200, 12492810]] [52470316768.0, [55755.33333333302, 1783016, 113702944, 38704, 113702944, 437444628]] [5200344100.8, [5426.799999999999, 174086, 11083824, 4918, 11083824, 43532294]] [2594343381568.8315, [3553845.675000043, 95907291, 6138012243, 5340891, 6138012243, 21131037915]] [88071448268.0, [105784.00000000015, 3377979, 215891136, 256547, 211743936, 711998483]]
Model_cost: [12027352861.32, [315.47208333333333, 3193953, 204263608, 273697, 49400505, 195362]] [7562554956.0, [3786.0, 1333359, 85328676, 86895, 77870628, 304299]] [578520656.0, [12.666666666666666, 104020, 6247200, 13140, 6247200, 26250]] [9691781072.0, [1270.8333333333333, 1680616, 106002464, 38704, 103509152, 416027]] [762130632.0, [51.5, 136502, 8678448, 4918, 7767792, 30381]] [567684975652.8002, [629.5500000000001, 95907291, 6138012243, 5340891, 6137123727, 23973306]] [2400972925.6, [49.85, 412411, 26356864, 32995, 25506688, 101907]]
Arch_Param: [32, 4096, 16384, 4, 256, 16]
SK_cost: [590559184384.9729, [1465968.6351351351, 91214401, 1459298552, 1634145, 1289391288, 4824681889]] [67422146988.0, [194415.0, 10223727, 163578660, 164463, 163185444, 545001327]] [1777082440.0, [6516.66666666657, 390450, 6247200, 13170, 6247200, 12492810]] [52496983176.0, [111661.33333333023, 7106434, 113702944, 38794, 113702944, 437444628]] [41623566168.0, [87558.0, 5545990, 88670256, 39302, 88670256, 348258310]] [5191432662355.178, [14214137.700000172, 767215743, 12275433555, 10680855, 12275130963, 42260303067]] [152768652496.0, [425898.6666666666, 26148076, 417716928, 820436, 353006784, 1218624531]]
Model_cost: [64718087066.7027, [3646.1114864864867, 80564801, 1288904952, 5243969, 49400505, 195874]] [11388966060.0, [7899.0, 10223727, 163578660, 625263, 77870628, 304299]] [579668552.0, [15.333333333333332, 390450, 6247200, 13170, 6247200, 26250]] [9711725064.0, [2511.6666666666665, 6635394, 106002464, 38794, 103509152, 416027]] [3717054680.0, [712.0, 4343302, 69492784, 300294, 7768304, 30576]] [867693715219.1998, [1465.2000000000003, 767215743, 12275433555, 47953431, 6137123727, 23973306]] [3442494583.6, [220.41250000000002, 2983404, 47652928, 173012, 25506688, 102419]]
Arch_Param: [32, 4096, 16384, 4, 256, 64]
SK_cost: [590559184384.9729, [1465968.6351351351, 91214401, 1459298552, 1634145, 1289391288, 4824681889]] [67422146988.0, [194415.0, 10223727, 163578660, 164463, 163185444, 545001327]] [1777082440.0, [6516.66666666657, 390450, 6247200, 13170, 6247200, 12492810]] [52496983176.0, [111661.33333333023, 7106434, 113702944, 38794, 113702944, 437444628]] [41623566168.0, [87558.0, 5545990, 88670256, 39302, 88670256, 348258310]] [5191432662355.178, [14214137.700000172, 767215743, 12275433555, 10680855, 12275130963, 42260303067]] [152768652496.0, [425898.6666666666, 26148076, 417716928, 820436, 353006784, 1218624531]]
Model_cost: [64718087066.7027, [3646.1114864864867, 80564801, 1288904952, 5243969, 49400505, 195874]] [11359474860.0, [7899.0, 10223727, 163578660, 164463, 77870628, 304299]] [579668552.0, [15.333333333333332, 390450, 6247200, 13170, 6247200, 26250]] [9711725064.0, [2511.6666666666665, 6635394, 106002464, 38794, 103509152, 416027]] [3717054680.0, [712.0, 4343302, 69492784, 300294, 7768304, 30576]] [865308270355.1998, [1465.2000000000003, 767215743, 12275433555, 10680855, 6137123727, 23973306]] [3440102519.6, [220.41250000000002, 2983404, 47652928, 135636, 25506688, 102419]]
Arch_Param: [32, 4096, 16384, 4, 256, 128]
SK_cost: [590559184384.9729, [1465968.6351351351, 91214401, 1459298552, 1634145, 1289391288, 4824681889]] [67422146988.0, [194415.0, 10223727, 163578660, 164463, 163185444, 545001327]] [1777082440.0, [6516.66666666657, 390450, 6247200, 13170, 6247200, 12492810]] [52496983176.0, [111661.33333333023, 7106434, 113702944, 38794, 113702944, 437444628]] [41623566168.0, [87558.0, 5545990, 88670256, 39302, 88670256, 348258310]] [5191432662355.178, [14214137.700000172, 767215743, 12275433555, 10680855, 12275130963, 42260303067]] [152768652496.0, [425898.6666666666, 26148076, 417716928, 820436, 353006784, 1218624531]]
Model_cost: [64718087066.7027, [3646.1114864864867, 80564801, 1288904952, 5243969, 49400505, 195874]] [11359474860.0, [7899.0, 10223727, 163578660, 164463, 77870628, 304299]] [579668552.0, [15.333333333333332, 390450, 6247200, 13170, 6247200, 26250]] [9711725064.0, [2511.6666666666665, 6635394, 106002464, 38794, 103509152, 416027]] [3703554264.0, [712.0, 4343302, 69492784, 89350, 7768304, 30576]] [865308270355.1998, [1465.2000000000003, 767215743, 12275433555, 10680855, 6137123727, 23973306]] [3438619614.0, [218.8125, 2983404, 47652928, 113236, 25506688, 101907]]
Arch_Param: [32, 4096, 16384, 4, 256, 256]
SK_cost: [590559184384.9729, [1465968.6351351351, 91214401, 1459298552, 1634145, 1289391288, 4824681889]] [67422146988.0, [194415.0, 10223727, 163578660, 164463, 163185444, 545001327]] [1777082440.0, [6516.66666666657, 390450, 6247200, 13170, 6247200, 12492810]] [52496983176.0, [111661.33333333023, 7106434, 113702944, 38794, 113702944, 437444628]] [41623566168.0, [87558.0, 5545990, 88670256, 39302, 88670256, 348258310]] [5191432662355.178, [14214137.700000172, 767215743, 12275433555, 10680855, 12275130963, 42260303067]] [152768652496.0, [425898.6666666666, 26148076, 417716928, 820436, 353006784, 1218624531]]
Model_cost: [64718087066.7027, [3646.1114864864867, 80564801, 1288904952, 5243969, 49400505, 195874]] [11359474860.0, [7899.0, 10223727, 163578660, 164463, 77870628, 304299]] [579668552.0, [15.333333333333332, 390450, 6247200, 13170, 6247200, 26250]] [9711725064.0, [2511.6666666666665, 6635394, 106002464, 38794, 103509152, 416027]] [3703554264.0, [712.0, 4343302, 69492784, 89350, 7768304, 30576]] [865308270355.1998, [1465.2000000000003, 767215743, 12275433555, 10680855, 6137123727, 23973306]] [3438619614.0, [218.8125, 2983404, 47652928, 113236, 25506688, 101907]]
Arch_Param: [32, 4096, 16384, 4, 512, 16]
SK_cost: [590376754764.9729, [1465968.6351351351, 45607460, 1459298552, 1634116, 1289391288, 4824681889]] [67401699756.0, [194415.0, 5111919, 163578660, 164463, 163185444, 545001327]] [1776300280.0, [6516.66666666657, 195230, 6247200, 13150, 6247200, 12492810]] [52482766488.0, [111661.33333333023, 3553222, 113702944, 38734, 113702944, 437444628]] [41612490584.0, [87558.0, 2777094, 88670256, 39302, 88670256, 348258310]] [5189898234259.178, [14214137.700000172, 383608719, 12275433555, 10680855, 12275130963, 42260303067]] [152716348792.0, [425898.6666666666, 13074038, 417716928, 820318, 353006784, 1218624531]]
Model_cost: [64556956646.7027, [3646.1114864864867, 40282660, 1288904952, 5243940, 49400505, 195874]] [11368518828.0, [7899.0, 5111919, 163578660, 625263, 77870628, 304299]] [578886392.0, [15.333333333333332, 195230, 6247200, 13150, 6247200, 26250]] [9698491416.0, [2511.6666666666665, 3327942, 106002464, 38734, 103509152, 416027]] [3708450008.0, [712.0, 2192134, 69492784, 300294, 7768304, 30576]] [866159287123.1998, [1465.2000000000003, 383608719, 12275433555, 47953431, 6137123727, 23973306]] [3436520223.6, [220.41250000000002, 1491702, 47652928, 172894, 25506688, 102419]]
Arch_Param: [32, 4096, 16384, 4, 512, 64]
SK_cost: [590376754764.9729, [1465968.6351351351, 45607460, 1459298552, 1634116, 1289391288, 4824681889]] [67401699756.0, [194415.0, 5111919, 163578660, 164463, 163185444, 545001327]] [1776300280.0, [6516.66666666657, 195230, 6247200, 13150, 6247200, 12492810]] [52482766488.0, [111661.33333333023, 3553222, 113702944, 38734, 113702944, 437444628]] [41612490584.0, [87558.0, 2777094, 88670256, 39302, 88670256, 348258310]] [5189898234259.178, [14214137.700000172, 383608719, 12275433555, 10680855, 12275130963, 42260303067]] [152716348792.0, [425898.6666666666, 13074038, 417716928, 820318, 353006784, 1218624531]]
Model_cost: [64556956646.7027, [3646.1114864864867, 40282660, 1288904952, 5243940, 49400505, 195874]] [11339027628.0, [7899.0, 5111919, 163578660, 164463, 77870628, 304299]] [578886392.0, [15.333333333333332, 195230, 6247200, 13150, 6247200, 26250]] [9698491416.0, [2511.6666666666665, 3327942, 106002464, 38734, 103509152, 416027]] [3708450008.0, [712.0, 2192134, 69492784, 300294, 7768304, 30576]] [863773842259.1998, [1465.2000000000003, 383608719, 12275433555, 10680855, 6137123727, 23973306]] [3434128159.6, [220.41250000000002, 1491702, 47652928, 135518, 25506688, 102419]]
Arch_Param: [32, 4096, 16384, 4, 512, 128]
SK_cost: [590376754764.9729, [1465968.6351351351, 45607460, 1459298552, 1634116, 1289391288, 4824681889]] [67401699756.0, [194415.0, 5111919, 163578660, 164463, 163185444, 545001327]] [1776300280.0, [6516.66666666657, 195230, 6247200, 13150, 6247200, 12492810]] [52482766488.0, [111661.33333333023, 3553222, 113702944, 38734, 113702944, 437444628]] [41612490584.0, [87558.0, 2777094, 88670256, 39302, 88670256, 348258310]] [5189898234259.178, [14214137.700000172, 383608719, 12275433555, 10680855, 12275130963, 42260303067]] [152716348792.0, [425898.6666666666, 13074038, 417716928, 820318, 353006784, 1218624531]]
Model_cost: [64556956646.7027, [3646.1114864864867, 40282660, 1288904952, 5243940, 49400505, 195874]] [11339027628.0, [7899.0, 5111919, 163578660, 164463, 77870628, 304299]] [578886392.0, [15.333333333333332, 195230, 6247200, 13150, 6247200, 26250]] [9698491416.0, [2511.6666666666665, 3327942, 106002464, 38734, 103509152, 416027]] [3694949592.0, [712.0, 2192134, 69492784, 89350, 7768304, 30576]] [863773842259.1998, [1465.2000000000003, 383608719, 12275433555, 10680855, 6137123727, 23973306]] [3432645254.0, [218.8125, 1491702, 47652928, 113118, 25506688, 101907]]
Arch_Param: [32, 4096, 16384, 4, 512, 256]
SK_cost: [590376754764.9729, [1465968.6351351351, 45607460, 1459298552, 1634116, 1289391288, 4824681889]] [67401699756.0, [194415.0, 5111919, 163578660, 164463, 163185444, 545001327]] [1776300280.0, [6516.66666666657, 195230, 6247200, 13150, 6247200, 12492810]] [52482766488.0, [111661.33333333023, 3553222, 113702944, 38734, 113702944, 437444628]] [41612490584.0, [87558.0, 2777094, 88670256, 39302, 88670256, 348258310]] [5189898234259.178, [14214137.700000172, 383608719, 12275433555, 10680855, 12275130963, 42260303067]] [152716348792.0, [425898.6666666666, 13074038, 417716928, 820318, 353006784, 1218624531]]
Model_cost: [64556956646.7027, [3646.1114864864867, 40282660, 1288904952, 5243940, 49400505, 195874]] [11339027628.0, [7899.0, 5111919, 163578660, 164463, 77870628, 304299]] [578886392.0, [15.333333333333332, 195230, 6247200, 13150, 6247200, 26250]] [9698491416.0, [2511.6666666666665, 3327942, 106002464, 38734, 103509152, 416027]] [3694949592.0, [712.0, 2192134, 69492784, 89350, 7768304, 30576]] [863773842259.1998, [1465.2000000000003, 383608719, 12275433555, 10680855, 6137123727, 23973306]] [3432645254.0, [218.8125, 1491702, 47652928, 113118, 25506688, 101907]]
Arch_Param: [32, 4096, 16384, 4, 512, 512]
SK_cost: [590376754764.9729, [1465968.6351351351, 45607460, 1459298552, 1634116, 1289391288, 4824681889]] [67401699756.0, [194415.0, 5111919, 163578660, 164463, 163185444, 545001327]] [1776300280.0, [6516.66666666657, 195230, 6247200, 13150, 6247200, 12492810]] [52482766488.0, [111661.33333333023, 3553222, 113702944, 38734, 113702944, 437444628]] [41612490584.0, [87558.0, 2777094, 88670256, 39302, 88670256, 348258310]] [5189898234259.178, [14214137.700000172, 383608719, 12275433555, 10680855, 12275130963, 42260303067]] [152716348792.0, [425898.6666666666, 13074038, 417716928, 820318, 353006784, 1218624531]]
Model_cost: [64337822310.7027, [3642.1114864864867, 40282660, 1288904952, 1820740, 49400505, 195362]] [11339027628.0, [7899.0, 5111919, 163578660, 164463, 77870628, 304299]] [578886392.0, [15.333333333333332, 195230, 6247200, 13150, 6247200, 26250]] [9698491416.0, [2511.6666666666665, 3327942, 106002464, 38734, 103509152, 416027]] [3692162456.0, [714.0, 2175750, 69427248, 44294, 7843056, 30768]] [863773842259.1998, [1465.2000000000003, 383608719, 12275433555, 10680855, 6137123727, 23973306]] [3432030854.0, [218.8125, 1491702, 47652928, 103518, 25506688, 101907]]
Arch_Param: [32, 4096, 16384, 4, 1024, 16]
SK_cost: [590285590400.9729, [1465968.6351351351, 22816417, 1459298552, 1634113, 1289391288, 4824681889]] [67391476140.0, [194415.0, 2556015, 163578660, 164463, 163185444, 545001327]] [1775934800.0, [6516.66666666657, 104020, 6247200, 13140, 6247200, 12492810]] [52475683744.0, [111661.33333333023, 1783016, 113702944, 38704, 113702944, 437444628]] [41606952792.0, [87558.0, 1392646, 88670256, 39302, 88670256, 348258310]] [5189131020211.178, [14214137.700000172, 191805207, 12275433555, 10680855, 12275130963, 42260303067]] [152690297292.0, [425898.6666666666, 6562107, 417716928, 820259, 353006784, 1218624531]]
Model_cost: [64476441882.7027, [3646.1114864864867, 20154017, 1288904952, 5243937, 49400505, 195874]] [11358295212.0, [7899.0, 2556015, 163578660, 625263, 77870628, 304299]] [578520912.0, [15.333333333333332, 104020, 6247200, 13140, 6247200, 26250]] [9691900192.0, [2511.6666666666665, 1680616, 106002464, 38704, 103509152, 416027]] [3701921912.0, [711.0, 1094662, 69427248, 316678, 7767792, 30384]] [865392073075.1998, [1465.2000000000003, 191805207, 12275433555, 47953431, 6137123727, 23973306]] [3433545587.6, [220.41250000000002, 748987, 47652928, 172835, 25506688, 102419]]
Arch_Param: [32, 4096, 16384, 4, 1024, 64]
SK_cost: [590285590400.9729, [1465968.6351351351, 22816417, 1459298552, 1634113, 1289391288, 4824681889]] [67391476140.0, [194415.0, 2556015, 163578660, 164463, 163185444, 545001327]] [1775934800.0, [6516.66666666657, 104020, 6247200, 13140, 6247200, 12492810]] [52475683744.0, [111661.33333333023, 1783016, 113702944, 38704, 113702944, 437444628]] [41606952792.0, [87558.0, 1392646, 88670256, 39302, 88670256, 348258310]] [5189131020211.178, [14214137.700000172, 191805207, 12275433555, 10680855, 12275130963, 42260303067]] [152690297292.0, [425898.6666666666, 6562107, 417716928, 820259, 353006784, 1218624531]]
Model_cost: [64476441882.7027, [3646.1114864864867, 20154017, 1288904952, 5243937, 49400505, 195874]] [11328804012.0, [7899.0, 2556015, 163578660, 164463, 77870628, 304299]] [578520912.0, [15.333333333333332, 104020, 6247200, 13140, 6247200, 26250]] [9691900192.0, [2511.6666666666665, 1680616, 106002464, 38704, 103509152, 416027]] [3701921912.0, [711.0, 1094662, 69427248, 316678, 7767792, 30384]] [863006628211.1998, [1465.2000000000003, 191805207, 12275433555, 10680855, 6137123727, 23973306]] [3431153523.6, [220.41250000000002, 748987, 47652928, 135459, 25506688, 102419]]
Arch_Param: [32, 4096, 16384, 4, 1024, 128]
SK_cost: [590285590400.9729, [1465968.6351351351, 22816417, 1459298552, 1634113, 1289391288, 4824681889]] [67391476140.0, [194415.0, 2556015, 163578660, 164463, 163185444, 545001327]] [1775934800.0, [6516.66666666657, 104020, 6247200, 13140, 6247200, 12492810]] [52475683744.0, [111661.33333333023, 1783016, 113702944, 38704, 113702944, 437444628]] [41606952792.0, [87558.0, 1392646, 88670256, 39302, 88670256, 348258310]] [5189131020211.178, [14214137.700000172, 191805207, 12275433555, 10680855, 12275130963, 42260303067]] [152690297292.0, [425898.6666666666, 6562107, 417716928, 820259, 353006784, 1218624531]]
Model_cost: [64476441882.7027, [3646.1114864864867, 20154017, 1288904952, 5243937, 49400505, 195874]] [11328804012.0, [7899.0, 2556015, 163578660, 164463, 77870628, 304299]] [578520912.0, [15.333333333333332, 104020, 6247200, 13140, 6247200, 26250]] [9691900192.0, [2511.6666666666665, 1680616, 106002464, 38704, 103509152, 416027]] [3688421496.0, [711.0, 1094662, 69427248, 105734, 7767792, 30384]] [863006628211.1998, [1465.2000000000003, 191805207, 12275433555, 10680855, 6137123727, 23973306]] [3429670618.0, [218.8125, 748987, 47652928, 113059, 25506688, 101907]]
Arch_Param: [32, 4096, 16384, 4, 1024, 256]
SK_cost: [590285590400.9729, [1465968.6351351351, 22816417, 1459298552, 1634113, 1289391288, 4824681889]] [67391476140.0, [194415.0, 2556015, 163578660, 164463, 163185444, 545001327]] [1775934800.0, [6516.66666666657, 104020, 6247200, 13140, 6247200, 12492810]] [52475683744.0, [111661.33333333023, 1783016, 113702944, 38704, 113702944, 437444628]] [41606952792.0, [87558.0, 1392646, 88670256, 39302, 88670256, 348258310]] [5189131020211.178, [14214137.700000172, 191805207, 12275433555, 10680855, 12275130963, 42260303067]] [152690297292.0, [425898.6666666666, 6562107, 417716928, 820259, 353006784, 1218624531]]
Model_cost: [64476441882.7027, [3646.1114864864867, 20154017, 1288904952, 5243937, 49400505, 195874]] [11328804012.0, [7899.0, 2556015, 163578660, 164463, 77870628, 304299]] [578520912.0, [15.333333333333332, 104020, 6247200, 13140, 6247200, 26250]] [9691900192.0, [2511.6666666666665, 1680616, 106002464, 38704, 103509152, 416027]] [3688421496.0, [711.0, 1094662, 69427248, 105734, 7767792, 30384]] [863006628211.1998, [1465.2000000000003, 191805207, 12275433555, 10680855, 6137123727, 23973306]] [3429670618.0, [218.8125, 748987, 47652928, 113059, 25506688, 101907]]
Arch_Param: [32, 4096, 16384, 4, 1024, 512]
SK_cost: [590285590400.9729, [1465968.6351351351, 22816417, 1459298552, 1634113, 1289391288, 4824681889]] [67391476140.0, [194415.0, 2556015, 163578660, 164463, 163185444, 545001327]] [1775934800.0, [6516.66666666657, 104020, 6247200, 13140, 6247200, 12492810]] [52475683744.0, [111661.33333333023, 1783016, 113702944, 38704, 113702944, 437444628]] [41606952792.0, [87558.0, 1392646, 88670256, 39302, 88670256, 348258310]] [5189131020211.178, [14214137.700000172, 191805207, 12275433555, 10680855, 12275130963, 42260303067]] [152690297292.0, [425898.6666666666, 6562107, 417716928, 820259, 353006784, 1218624531]]
Model_cost: [64257307546.7027, [3642.1114864864867, 20154017, 1288904952, 1820737, 49400505, 195362]] [11328804012.0, [7899.0, 2556015, 163578660, 164463, 77870628, 304299]] [578520912.0, [15.333333333333332, 104020, 6247200, 13140, 6247200, 26250]] [9691900192.0, [2511.6666666666665, 1680616, 106002464, 38704, 103509152, 416027]] [3687635064.0, [711.0, 1094662, 69427248, 93446, 7767792, 30384]] [863006628211.1998, [1465.2000000000003, 191805207, 12275433555, 10680855, 6137123727, 23973306]] [3429056218.0, [218.8125, 748987, 47652928, 103459, 25506688, 101907]]
Arch_Param: [32, 4096, 16384, 8, 256, 16]
SK_cost: [306842271530.48645, [760265.0675675676, 47352385, 757568376, 845281, 672693432, 2505874849]] [35066380716.0, [101871.0, 5333103, 85328676, 86895, 85328676, 283119471]] [1777082440.0, [6516.66666666657, 390450, 6247200, 13170, 6247200, 12492810]] [52496983176.0, [111661.33333333023, 7106434, 113702944, 38794, 113702944, 437444628]] [20811786072.0, [43782.0, 2772998, 44335152, 19654, 44335152, 174129158]] [2595835411857.589, [7107532.350000086, 383626383, 6138012243, 5340891, 6138012243, 21131037915]] [106446931152.0, [281557.3333333333, 17443052, 278762688, 474836, 252736704, 852278291]]
Model_cost: [34644119050.951355, [1903.2807432432433, 41814593, 668963704, 2718657, 49400505, 195874]] [7578906732.0, [7461.0, 5333103, 85328676, 86895, 77870628, 304299]] [579668552.0, [15.333333333333332, 390450, 6247200, 13170, 6247200, 26250]] [9711725064.0, [2511.6666666666665, 6635394, 106002464, 38794, 103509152, 416027]] [2030899320.0, [359.0, 2171654, 34746416, 150150, 7768304, 30576]] [568835897193.5999, [1100.1000000000001, 383626383, 6138012243, 5340891, 6137123727, 23973306]] [2721664615.6, [134.9125, 2055020, 32839552, 78228, 25506688, 102419]]
Arch_Param: [32, 4096, 16384, 8, 256, 64]
SK_cost: [306842271530.48645, [760265.0675675676, 47352385, 757568376, 845281, 672693432, 2505874849]] [35066380716.0, [101871.0, 5333103, 85328676, 86895, 85328676, 283119471]] [1777082440.0, [6516.66666666657, 390450, 6247200, 13170, 6247200, 12492810]] [52496983176.0, [111661.33333333023, 7106434, 113702944, 38794, 113702944, 437444628]] [20811786072.0, [43782.0, 2772998, 44335152, 19654, 44335152, 174129158]] [2595835411857.589, [7107532.350000086, 383626383, 6138012243, 5340891, 6138012243, 21131037915]] [106446931152.0, [281557.3333333333, 17443052, 278762688, 474836, 252736704, 852278291]]
Model_cost: [34644119050.951355, [1903.2807432432433, 41814593, 668963704, 2718657, 49400505, 195874]] [7578906732.0, [7461.0, 5333103, 85328676, 86895, 77870628, 304299]] [579668552.0, [15.333333333333332, 390450, 6247200, 13170, 6247200, 26250]] [9711725064.0, [2511.6666666666665, 6635394, 106002464, 38794, 103509152, 416027]] [2024149112.0, [359.0, 2171654, 34746416, 44678, 7768304, 30576]] [568835897193.5999, [1100.1000000000001, 383626383, 6138012243, 5340891, 6137123727, 23973306]] [2720796340.4, [135.7125, 2055020, 32839552, 65428, 25506688, 101907]]
Arch_Param: [32, 4096, 16384, 8, 256, 128]
SK_cost: [306842271530.48645, [760265.0675675676, 47352385, 757568376, 845281, 672693432, 2505874849]] [35066380716.0, [101871.0, 5333103, 85328676, 86895, 85328676, 283119471]] [1777082440.0, [6516.66666666657, 390450, 6247200, 13170, 6247200, 12492810]] [52496983176.0, [111661.33333333023, 7106434, 113702944, 38794, 113702944, 437444628]] [20811786072.0, [43782.0, 2772998, 44335152, 19654, 44335152, 174129158]] [2595835411857.589, [7107532.350000086, 383626383, 6138012243, 5340891, 6138012243, 21131037915]] [106446931152.0, [281557.3333333333, 17443052, 278762688, 474836, 252736704, 852278291]]
Model_cost: [34644119050.951355, [1903.2807432432433, 41814593, 668963704, 2718657, 49400505, 195874]] [7578906732.0, [7461.0, 5333103, 85328676, 86895, 77870628, 304299]] [579668552.0, [15.333333333333332, 390450, 6247200, 13170, 6247200, 26250]] [9711725064.0, [2511.6666666666665, 6635394, 106002464, 38794, 103509152, 416027]] [2024149112.0, [359.0, 2171654, 34746416, 44678, 7768304, 30576]] [568835897193.5999, [1100.1000000000001, 383626383, 6138012243, 5340891, 6137123727, 23973306]] [2720796340.4, [135.7125, 2055020, 32839552, 65428, 25506688, 101907]]
Arch_Param: [32, 4096, 16384, 8, 256, 256]
SK_cost: [306842271530.48645, [760265.0675675676, 47352385, 757568376, 845281, 672693432, 2505874849]] [35066380716.0, [101871.0, 5333103, 85328676, 86895, 85328676, 283119471]] [1777082440.0, [6516.66666666657, 390450, 6247200, 13170, 6247200, 12492810]] [52496983176.0, [111661.33333333023, 7106434, 113702944, 38794, 113702944, 437444628]] [20811786072.0, [43782.0, 2772998, 44335152, 19654, 44335152, 174129158]] [2595835411857.589, [7107532.350000086, 383626383, 6138012243, 5340891, 6138012243, 21131037915]] [106446931152.0, [281557.3333333333, 17443052, 278762688, 474836, 252736704, 852278291]]
Model_cost: [34530145572.55135, [1900.8807432432432, 41814593, 668963704, 938593, 49400505, 195362]] [7578906732.0, [7461.0, 5333103, 85328676, 86895, 77870628, 304299]] [579668552.0, [15.333333333333332, 390450, 6247200, 13170, 6247200, 26250]] [9711725064.0, [2511.6666666666665, 6635394, 106002464, 38794, 103509152, 416027]] [2023755896.0, [359.0, 2171654, 34746416, 38534, 7768304, 30576]] [568835897193.5999, [1100.1000000000001, 383626383, 6138012243, 5340891, 6137123727, 23973306]] [2720476852.4, [135.7125, 2055020, 32839552, 60436, 25506688, 101907]]
Arch_Param: [32, 4096, 16384, 8, 512, 16]
SK_cost: [306747565942.48645, [760265.0675675676, 23676452, 757568376, 845252, 672693432, 2505874849]] [35055714732.0, [101871.0, 2666607, 85328676, 86895, 85328676, 283119471]] [1776300280.0, [6516.66666666657, 195230, 6247200, 13150, 6247200, 12492810]] [52482766488.0, [111661.33333333023, 3553222, 113702944, 38734, 113702944, 437444628]] [20806248280.0, [43782.0, 1388550, 44335152, 19654, 44335152, 174129158]] [2595068160945.589, [7107532.350000086, 191813655, 6138012243, 5340891, 6138012243, 21131037915]] [106412037496.0, [281557.3333333333, 8721526, 278762688, 474718, 252736704, 852278291]]
Model_cost: [34560489046.951355, [1903.2807432432433, 20907556, 668963704, 2718628, 49400505, 195874]] [7568240748.0, [7461.0, 2666607, 85328676, 86895, 77870628, 304299]] [578886392.0, [15.333333333333332, 195230, 6247200, 13150, 6247200, 26250]] [9698491416.0, [2511.6666666666665, 3327942, 106002464, 38734, 103509152, 416027]] [2026596984.0, [359.0, 1096070, 34746416, 150150, 7768304, 30576]] [568068646281.5999, [1100.1000000000001, 191813655, 6138012243, 5340891, 6137123727, 23973306]] [2717547023.6, [134.9125, 1027510, 32839552, 78110, 25506688, 102419]]
Arch_Param: [32, 4096, 16384, 8, 512, 64]
SK_cost: [306747565942.48645, [760265.0675675676, 23676452, 757568376, 845252, 672693432, 2505874849]] [35055714732.0, [101871.0, 2666607, 85328676, 86895, 85328676, 283119471]] [1776300280.0, [6516.66666666657, 195230, 6247200, 13150, 6247200, 12492810]] [52482766488.0, [111661.33333333023, 3553222, 113702944, 38734, 113702944, 437444628]] [20806248280.0, [43782.0, 1388550, 44335152, 19654, 44335152, 174129158]] [2595068160945.589, [7107532.350000086, 191813655, 6138012243, 5340891, 6138012243, 21131037915]] [106412037496.0, [281557.3333333333, 8721526, 278762688, 474718, 252736704, 852278291]]
Model_cost: [34560489046.951355, [1903.2807432432433, 20907556, 668963704, 2718628, 49400505, 195874]] [7568240748.0, [7461.0, 2666607, 85328676, 86895, 77870628, 304299]] [578886392.0, [15.333333333333332, 195230, 6247200, 13150, 6247200, 26250]] [9698491416.0, [2511.6666666666665, 3327942, 106002464, 38734, 103509152, 416027]] [2019846776.0, [359.0, 1096070, 34746416, 44678, 7768304, 30576]] [568068646281.5999, [1100.1000000000001, 191813655, 6138012243, 5340891, 6137123727, 23973306]] [2716678748.4, [135.7125, 1027510, 32839552, 65310, 25506688, 101907]]
Arch_Param: [32, 4096, 16384, 8, 512, 128]
SK_cost: [306747565942.48645, [760265.0675675676, 23676452, 757568376, 845252, 672693432, 2505874849]] [35055714732.0, [101871.0, 2666607, 85328676, 86895, 85328676, 283119471]] [1776300280.0, [6516.66666666657, 195230, 6247200, 13150, 6247200, 12492810]] [52482766488.0, [111661.33333333023, 3553222, 113702944, 38734, 113702944, 437444628]] [20806248280.0, [43782.0, 1388550, 44335152, 19654, 44335152, 174129158]] [2595068160945.589, [7107532.350000086, 191813655, 6138012243, 5340891, 6138012243, 21131037915]] [106412037496.0, [281557.3333333333, 8721526, 278762688, 474718, 252736704, 852278291]]
Model_cost: [34560489046.951355, [1903.2807432432433, 20907556, 668963704, 2718628, 49400505, 195874]] [7568240748.0, [7461.0, 2666607, 85328676, 86895, 77870628, 304299]] [578886392.0, [15.333333333333332, 195230, 6247200, 13150, 6247200, 26250]] [9698491416.0, [2511.6666666666665, 3327942, 106002464, 38734, 103509152, 416027]] [2019846776.0, [359.0, 1096070, 34746416, 44678, 7768304, 30576]] [568068646281.5999, [1100.1000000000001, 191813655, 6138012243, 5340891, 6137123727, 23973306]] [2716678748.4, [135.7125, 1027510, 32839552, 65310, 25506688, 101907]]
Arch_Param: [32, 4096, 16384, 8, 512, 256]
SK_cost: [306747565942.48645, [760265.0675675676, 23676452, 757568376, 845252, 672693432, 2505874849]] [35055714732.0, [101871.0, 2666607, 85328676, 86895, 85328676, 283119471]] [1776300280.0, [6516.66666666657, 195230, 6247200, 13150, 6247200, 12492810]] [52482766488.0, [111661.33333333023, 3553222, 113702944, 38734, 113702944, 437444628]] [20806248280.0, [43782.0, 1388550, 44335152, 19654, 44335152, 174129158]] [2595068160945.589, [7107532.350000086, 191813655, 6138012243, 5340891, 6138012243, 21131037915]] [106412037496.0, [281557.3333333333, 8721526, 278762688, 474718, 252736704, 852278291]]
Model_cost: [34446515568.55135, [1900.8807432432432, 20907556, 668963704, 938564, 49400505, 195362]] [7568240748.0, [7461.0, 2666607, 85328676, 86895, 77870628, 304299]] [578886392.0, [15.333333333333332, 195230, 6247200, 13150, 6247200, 26250]] [9698491416.0, [2511.6666666666665, 3327942, 106002464, 38734, 103509152, 416027]] [2019453560.0, [359.0, 1096070, 34746416, 38534, 7768304, 30576]] [568068646281.5999, [1100.1000000000001, 191813655, 6138012243, 5340891, 6137123727, 23973306]] [2716359260.4, [135.7125, 1027510, 32839552, 60318, 25506688, 101907]]
Arch_Param: [32, 4096, 16384, 8, 512, 512]
SK_cost: [306747565942.48645, [760265.0675675676, 23676452, 757568376, 845252, 672693432, 2505874849]] [35055714732.0, [101871.0, 2666607, 85328676, 86895, 85328676, 283119471]] [1776300280.0, [6516.66666666657, 195230, 6247200, 13150, 6247200, 12492810]] [52482766488.0, [111661.33333333023, 3553222, 113702944, 38734, 113702944, 437444628]] [20806248280.0, [43782.0, 1388550, 44335152, 19654, 44335152, 174129158]] [2595068160945.589, [7107532.350000086, 191813655, 6138012243, 5340891, 6138012243, 21131037915]] [106412037496.0, [281557.3333333333, 8721526, 278762688, 474718, 252736704, 852278291]]
Model_cost: [34446515568.55135, [1900.8807432432432, 20907556, 668963704, 938564, 49400505, 195362]] [7568240748.0, [7461.0, 2666607, 85328676, 86895, 77870628, 304299]] [578886392.0, [15.333333333333332, 195230, 6247200, 13150, 6247200, 26250]] [9698491416.0, [2511.6666666666665, 3327942, 106002464, 38734, 103509152, 416027]] [2017874648.0, [360.0, 1087878, 34713648, 22150, 7792880, 30512]] [568068646281.5999, [1100.1000000000001, 191813655, 6138012243, 5340891, 6137123727, 23973306]] [2716359260.4, [135.7125, 1027510, 32839552, 60318, 25506688, 101907]]
Arch_Param: [32, 4096, 16384, 8, 1024, 16]
SK_cost: [306700238762.48645, [760265.0675675676, 11844705, 757568376, 845249, 672693432, 2505874849]] [35050381740.0, [101871.0, 1333359, 85328676, 86895, 85328676, 283119471]] [1775934800.0, [6516.66666666657, 104020, 6247200, 13140, 6247200, 12492810]] [52475683744.0, [111661.33333333023, 1783016, 113702944, 38704, 113702944, 437444628]] [20803479384.0, [43782.0, 696326, 44335152, 19654, 44335152, 174129158]] [2594684535489.589, [7107532.350000086, 95907291, 6138012243, 5340891, 6138012243, 21131037915]] [106394640844.0, [281557.3333333333, 4373307, 278762688, 474659, 252736704, 852278291]]
Model_cost: [34518699658.951355, [1903.2807432432433, 10460257, 668963704, 2718625, 49400505, 195874]] [7562907756.0, [7461.0, 1333359, 85328676, 86895, 77870628, 304299]] [578520912.0, [15.333333333333332, 104020, 6247200, 13140, 6247200, 26250]] [9691900192.0, [2511.6666666666665, 1680616, 106002464, 38704, 103509152, 416027]] [2023312504.0, [359.0, 547334, 34713648, 158342, 7767792, 30384]] [567685020825.5999, [1100.1000000000001, 95907291, 6138012243, 5340891, 6137123727, 23973306]] [2715494499.6, [134.9125, 515323, 32839552, 78051, 25506688, 102419]]
Arch_Param: [32, 4096, 16384, 8, 1024, 64]
SK_cost: [306700238762.48645, [760265.0675675676, 11844705, 757568376, 845249, 672693432, 2505874849]] [35050381740.0, [101871.0, 1333359, 85328676, 86895, 85328676, 283119471]] [1775934800.0, [6516.66666666657, 104020, 6247200, 13140, 6247200, 12492810]] [52475683744.0, [111661.33333333023, 1783016, 113702944, 38704, 113702944, 437444628]] [20803479384.0, [43782.0, 696326, 44335152, 19654, 44335152, 174129158]] [2594684535489.589, [7107532.350000086, 95907291, 6138012243, 5340891, 6138012243, 21131037915]] [106394640844.0, [281557.3333333333, 4373307, 278762688, 474659, 252736704, 852278291]]
Model_cost: [34518699658.951355, [1903.2807432432433, 10460257, 668963704, 2718625, 49400505, 195874]] [7562907756.0, [7461.0, 1333359, 85328676, 86895, 77870628, 304299]] [578520912.0, [15.333333333333332, 104020, 6247200, 13140, 6247200, 26250]] [9691900192.0, [2511.6666666666665, 1680616, 106002464, 38704, 103509152, 416027]] [2016562296.0, [359.0, 547334, 34713648, 52870, 7767792, 30384]] [567685020825.5999, [1100.1000000000001, 95907291, 6138012243, 5340891, 6137123727, 23973306]] [2714626224.4, [135.7125, 515323, 32839552, 65251, 25506688, 101907]]
Arch_Param: [32, 4096, 16384, 8, 1024, 128]
SK_cost: [306700238762.48645, [760265.0675675676, 11844705, 757568376, 845249, 672693432, 2505874849]] [35050381740.0, [101871.0, 1333359, 85328676, 86895, 85328676, 283119471]] [1775934800.0, [6516.66666666657, 104020, 6247200, 13140, 6247200, 12492810]] [52475683744.0, [111661.33333333023, 1783016, 113702944, 38704, 113702944, 437444628]] [20803479384.0, [43782.0, 696326, 44335152, 19654, 44335152, 174129158]] [2594684535489.589, [7107532.350000086, 95907291, 6138012243, 5340891, 6138012243, 21131037915]] [106394640844.0, [281557.3333333333, 4373307, 278762688, 474659, 252736704, 852278291]]
Model_cost: [34518699658.951355, [1903.2807432432433, 10460257, 668963704, 2718625, 49400505, 195874]] [7562907756.0, [7461.0, 1333359, 85328676, 86895, 77870628, 304299]] [578520912.0, [15.333333333333332, 104020, 6247200, 13140, 6247200, 26250]] [9691900192.0, [2511.6666666666665, 1680616, 106002464, 38704, 103509152, 416027]] [2016562296.0, [359.0, 547334, 34713648, 52870, 7767792, 30384]] [567685020825.5999, [1100.1000000000001, 95907291, 6138012243, 5340891, 6137123727, 23973306]] [2714626224.4, [135.7125, 515323, 32839552, 65251, 25506688, 101907]]
Arch_Param: [32, 4096, 16384, 8, 1024, 256]
SK_cost: [306700238762.48645, [760265.0675675676, 11844705, 757568376, 845249, 672693432, 2505874849]] [35050381740.0, [101871.0, 1333359, 85328676, 86895, 85328676, 283119471]] [1775934800.0, [6516.66666666657, 104020, 6247200, 13140, 6247200, 12492810]] [52475683744.0, [111661.33333333023, 1783016, 113702944, 38704, 113702944, 437444628]] [20803479384.0, [43782.0, 696326, 44335152, 19654, 44335152, 174129158]] [2594684535489.589, [7107532.350000086, 95907291, 6138012243, 5340891, 6138012243, 21131037915]] [106394640844.0, [281557.3333333333, 4373307, 278762688, 474659, 252736704, 852278291]]
Model_cost: [34404726180.55135, [1900.8807432432432, 10460257, 668963704, 938561, 49400505, 195362]] [7562907756.0, [7461.0, 1333359, 85328676, 86895, 77870628, 304299]] [578520912.0, [15.333333333333332, 104020, 6247200, 13140, 6247200, 26250]] [9691900192.0, [2511.6666666666665, 1680616, 106002464, 38704, 103509152, 416027]] [2016169080.0, [359.0, 547334, 34713648, 46726, 7767792, 30384]] [567685020825.5999, [1100.1000000000001, 95907291, 6138012243, 5340891, 6137123727, 23973306]] [2714306736.4, [135.7125, 515323, 32839552, 60259, 25506688, 101907]]
Arch_Param: [32, 4096, 16384, 8, 1024, 512]
SK_cost: [306700238762.48645, [760265.0675675676, 11844705, 757568376, 845249, 672693432, 2505874849]] [35050381740.0, [101871.0, 1333359, 85328676, 86895, 85328676, 283119471]] [1775934800.0, [6516.66666666657, 104020, 6247200, 13140, 6247200, 12492810]] [52475683744.0, [111661.33333333023, 1783016, 113702944, 38704, 113702944, 437444628]] [20803479384.0, [43782.0, 696326, 44335152, 19654, 44335152, 174129158]] [2594684535489.589, [7107532.350000086, 95907291, 6138012243, 5340891, 6138012243, 21131037915]] [106394640844.0, [281557.3333333333, 4373307, 278762688, 474659, 252736704, 852278291]]
Model_cost: [34404726180.55135, [1900.8807432432432, 10460257, 668963704, 938561, 49400505, 195362]] [7562907756.0, [7461.0, 1333359, 85328676, 86895, 77870628, 304299]] [578520912.0, [15.333333333333332, 104020, 6247200, 13140, 6247200, 26250]] [9691900192.0, [2511.6666666666665, 1680616, 106002464, 38704, 103509152, 416027]] [2015712472.0, [360.0, 547334, 34713648, 22150, 7792880, 30512]] [567685020825.5999, [1100.1000000000001, 95907291, 6138012243, 5340891, 6137123727, 23973306]] [2714306736.4, [135.7125, 515323, 32839552, 60259, 25506688, 101907]]
Arch_Param: [32, 4096, 16384, 16, 256, 16]
SK_cost: [165008662079.24323, [407585.2837837838, 25429697, 406836408, 451617, 364399800, 1346637217]] [35066380716.0, [101871.0, 5333103, 85328676, 86895, 85328676, 283119471]] [1777082440.0, [6516.66666666657, 390450, 6247200, 13170, 6247200, 12492810]] [52496983176.0, [111661.33333333023, 7106434, 113702944, 38794, 113702944, 437444628]] [10405896024.0, [21894.0, 1386502, 22167600, 9830, 22167600, 87064582]] [2595835411857.589, [7107532.350000086, 383626383, 6138012243, 5340891, 6138012243, 21131037915]] [94230510800.0, [236309.33333333334, 14813420, 236848320, 329428, 225408192, 758758419]]
Model_cost: [19613619407.275677, [1030.6591216216216, 22447809, 359126200, 1456961, 49400505, 195874]] [7578906732.0, [7461.0, 5333103, 85328676, 86895, 77870628, 304299]] [579668552.0, [15.333333333333332, 390450, 6247200, 13170, 6247200, 26250]] [9711725064.0, [2511.6666666666665, 6635394, 106002464, 38794, 103509152, 416027]] [1187821720.0, [183.33333333333334, 1085830, 17373232, 75078, 7768304, 30576]] [568835897193.5999, [1100.1000000000001, 383626383, 6138012243, 5340891, 6137123727, 23973306]] [2511409357.2, [98.63749999999999, 1783660, 28517760, 51348, 25506688, 102419]]
Arch_Param: [32, 4096, 16384, 16, 256, 64]
SK_cost: [165008662079.24323, [407585.2837837838, 25429697, 406836408, 451617, 364399800, 1346637217]] [35066380716.0, [101871.0, 5333103, 85328676, 86895, 85328676, 283119471]] [1777082440.0, [6516.66666666657, 390450, 6247200, 13170, 6247200, 12492810]] [52496983176.0, [111661.33333333023, 7106434, 113702944, 38794, 113702944, 437444628]] [10405896024.0, [21894.0, 1386502, 22167600, 9830, 22167600, 87064582]] [2595835411857.589, [7107532.350000086, 383626383, 6138012243, 5340891, 6138012243, 21131037915]] [94230510800.0, [236309.33333333334, 14813420, 236848320, 329428, 225408192, 758758419]]
Model_cost: [19613619407.275677, [1030.6591216216216, 22447809, 359126200, 1456961, 49400505, 195874]] [7578906732.0, [7461.0, 5333103, 85328676, 86895, 77870628, 304299]] [579668552.0, [15.333333333333332, 390450, 6247200, 13170, 6247200, 26250]] [9711725064.0, [2511.6666666666665, 6635394, 106002464, 38794, 103509152, 416027]] [1184446616.0, [183.33333333333334, 1085830, 17373232, 22342, 7768304, 30576]] [568835897193.5999, [1100.1000000000001, 383626383, 6138012243, 5340891, 6137123727, 23973306]] [2510950835.6, [101.0375, 1783660, 28517760, 44948, 25506688, 101907]]
Arch_Param: [32, 4096, 16384, 16, 256, 128]
SK_cost: [165008662079.24323, [407585.2837837838, 25429697, 406836408, 451617, 364399800, 1346637217]] [35066380716.0, [101871.0, 5333103, 85328676, 86895, 85328676, 283119471]] [1777082440.0, [6516.66666666657, 390450, 6247200, 13170, 6247200, 12492810]] [52496983176.0, [111661.33333333023, 7106434, 113702944, 38794, 113702944, 437444628]] [10405896024.0, [21894.0, 1386502, 22167600, 9830, 22167600, 87064582]] [2595835411857.589, [7107532.350000086, 383626383, 6138012243, 5340891, 6138012243, 21131037915]] [94230510800.0, [236309.33333333334, 14813420, 236848320, 329428, 225408192, 758758419]]
Model_cost: [19552226357.675674, [1029.0591216216217, 22447809, 359126200, 498465, 49400505, 195362]] [7578906732.0, [7461.0, 5333103, 85328676, 86895, 77870628, 304299]] [579668552.0, [15.333333333333332, 390450, 6247200, 13170, 6247200, 26250]] [9711725064.0, [2511.6666666666665, 6635394, 106002464, 38794, 103509152, 416027]] [1184250008.0, [183.33333333333334, 1085830, 17373232, 19270, 7768304, 30576]] [568835897193.5999, [1100.1000000000001, 383626383, 6138012243, 5340891, 6137123727, 23973306]] [2510778746.0, [100.4375, 1783660, 28517760, 42260, 25506688, 101907]]
Arch_Param: [32, 4096, 16384, 16, 256, 256]
SK_cost: [165008662079.24323, [407585.2837837838, 25429697, 406836408, 451617, 364399800, 1346637217]] [35066380716.0, [101871.0, 5333103, 85328676, 86895, 85328676, 283119471]] [1777082440.0, [6516.66666666657, 390450, 6247200, 13170, 6247200, 12492810]] [52496983176.0, [111661.33333333023, 7106434, 113702944, 38794, 113702944, 437444628]] [10405896024.0, [21894.0, 1386502, 22167600, 9830, 22167600, 87064582]] [2595835411857.589, [7107532.350000086, 383626383, 6138012243, 5340891, 6138012243, 21131037915]] [94230510800.0, [236309.33333333334, 14813420, 236848320, 329428, 225408192, 758758419]]
Model_cost: [19552226357.675674, [1029.0591216216217, 22447809, 359126200, 498465, 49400505, 195362]] [7578906732.0, [7461.0, 5333103, 85328676, 86895, 77870628, 304299]] [579668552.0, [15.333333333333332, 390450, 6247200, 13170, 6247200, 26250]] [9711725064.0, [2511.6666666666665, 6635394, 106002464, 38794, 103509152, 416027]] [1184014552.0, [184.0, 1085830, 17356848, 11078, 7792880, 30512]] [568835897193.5999, [1100.1000000000001, 383626383, 6138012243, 5340891, 6137123727, 23973306]] [2510778746.0, [100.4375, 1783660, 28517760, 42260, 25506688, 101907]]
Arch_Param: [32, 4096, 16384, 16, 512, 16]
SK_cost: [164957801867.24323, [407585.2837837838, 12715108, 406836408, 451588, 364399800, 1346637217]] [35055714732.0, [101871.0, 2666607, 85328676, 86895, 85328676, 283119471]] [1776300280.0, [6516.66666666657, 195230, 6247200, 13150, 6247200, 12492810]] [52482766488.0, [111661.33333333023, 3553222, 113702944, 38734, 113702944, 437444628]] [10403127128.0, [21894.0, 694278, 22167600, 9830, 22167600, 87064582]] [2595068160945.589, [7107532.350000086, 191813655, 6138012243, 5340891, 6138012243, 21131037915]] [94200876408.0, [236309.33333333334, 7406710, 236848320, 329310, 225408192, 758758419]]
Model_cost: [19568722971.275677, [1030.6591216216216, 11224164, 359126200, 1456932, 49400505, 195874]] [7568240748.0, [7461.0, 2666607, 85328676, 86895, 77870628, 304299]] [578886392.0, [15.333333333333332, 195230, 6247200, 13150, 6247200, 26250]] [9698491416.0, [2511.6666666666665, 3327942, 106002464, 38734, 103509152, 416027]] [1185670552.0, [183.33333333333334, 548038, 17373232, 75078, 7768304, 30576]] [568068646281.5999, [1100.1000000000001, 191813655, 6138012243, 5340891, 6137123727, 23973306]] [2507834485.2, [98.63749999999999, 891830, 28517760, 51230, 25506688, 102419]]
Arch_Param: [32, 4096, 16384, 16, 512, 64]
SK_cost: [164957801867.24323, [407585.2837837838, 12715108, 406836408, 451588, 364399800, 1346637217]] [35055714732.0, [101871.0, 2666607, 85328676, 86895, 85328676, 283119471]] [1776300280.0, [6516.66666666657, 195230, 6247200, 13150, 6247200, 12492810]] [52482766488.0, [111661.33333333023, 3553222, 113702944, 38734, 113702944, 437444628]] [10403127128.0, [21894.0, 694278, 22167600, 9830, 22167600, 87064582]] [2595068160945.589, [7107532.350000086, 191813655, 6138012243, 5340891, 6138012243, 21131037915]] [94200876408.0, [236309.33333333334, 7406710, 236848320, 329310, 225408192, 758758419]]
Model_cost: [19568722971.275677, [1030.6591216216216, 11224164, 359126200, 1456932, 49400505, 195874]] [7568240748.0, [7461.0, 2666607, 85328676, 86895, 77870628, 304299]] [578886392.0, [15.333333333333332, 195230, 6247200, 13150, 6247200, 26250]] [9698491416.0, [2511.6666666666665, 3327942, 106002464, 38734, 103509152, 416027]] [1182295448.0, [183.33333333333334, 548038, 17373232, 22342, 7768304, 30576]] [568068646281.5999, [1100.1000000000001, 191813655, 6138012243, 5340891, 6137123727, 23973306]] [2507375963.6, [101.0375, 891830, 28517760, 44830, 25506688, 101907]]
Arch_Param: [32, 4096, 16384, 16, 512, 128]
SK_cost: [164957801867.24323, [407585.2837837838, 12715108, 406836408, 451588, 364399800, 1346637217]] [35055714732.0, [101871.0, 2666607, 85328676, 86895, 85328676, 283119471]] [1776300280.0, [6516.66666666657, 195230, 6247200, 13150, 6247200, 12492810]] [52482766488.0, [111661.33333333023, 3553222, 113702944, 38734, 113702944, 437444628]] [10403127128.0, [21894.0, 694278, 22167600, 9830, 22167600, 87064582]] [2595068160945.589, [7107532.350000086, 191813655, 6138012243, 5340891, 6138012243, 21131037915]] [94200876408.0, [236309.33333333334, 7406710, 236848320, 329310, 225408192, 758758419]]
Model_cost: [19507329921.675674, [1029.0591216216217, 11224164, 359126200, 498436, 49400505, 195362]] [7568240748.0, [7461.0, 2666607, 85328676, 86895, 77870628, 304299]] [578886392.0, [15.333333333333332, 195230, 6247200, 13150, 6247200, 26250]] [9698491416.0, [2511.6666666666665, 3327942, 106002464, 38734, 103509152, 416027]] [1182098840.0, [183.33333333333334, 548038, 17373232, 19270, 7768304, 30576]] [568068646281.5999, [1100.1000000000001, 191813655, 6138012243, 5340891, 6137123727, 23973306]] [2507203874.0, [100.4375, 891830, 28517760, 42142, 25506688, 101907]]
Arch_Param: [32, 4096, 16384, 16, 512, 256]
SK_cost: [164957801867.24323, [407585.2837837838, 12715108, 406836408, 451588, 364399800, 1346637217]] [35055714732.0, [101871.0, 2666607, 85328676, 86895, 85328676, 283119471]] [1776300280.0, [6516.66666666657, 195230, 6247200, 13150, 6247200, 12492810]] [52482766488.0, [111661.33333333023, 3553222, 113702944, 38734, 113702944, 437444628]] [10403127128.0, [21894.0, 694278, 22167600, 9830, 22167600, 87064582]] [2595068160945.589, [7107532.350000086, 191813655, 6138012243, 5340891, 6138012243, 21131037915]] [94200876408.0, [236309.33333333334, 7406710, 236848320, 329310, 225408192, 758758419]]
Model_cost: [19507329921.675674, [1029.0591216216217, 11224164, 359126200, 498436, 49400505, 195362]] [7568240748.0, [7461.0, 2666607, 85328676, 86895, 77870628, 304299]] [578886392.0, [15.333333333333332, 195230, 6247200, 13150, 6247200, 26250]] [9698491416.0, [2511.6666666666665, 3327942, 106002464, 38734, 103509152, 416027]] [1181847000.0, [184.0, 543942, 17356848, 11078, 7792880, 30512]] [568068646281.5999, [1100.1000000000001, 191813655, 6138012243, 5340891, 6137123727, 23973306]] [2507203874.0, [100.4375, 891830, 28517760, 42142, 25506688, 101907]]
Arch_Param: [32, 4096, 16384, 16, 512, 512]
SK_cost: [164957801867.24323, [407585.2837837838, 12715108, 406836408, 451588, 364399800, 1346637217]] [35055714732.0, [101871.0, 2666607, 85328676, 86895, 85328676, 283119471]] [1776300280.0, [6516.66666666657, 195230, 6247200, 13150, 6247200, 12492810]] [52482766488.0, [111661.33333333023, 3553222, 113702944, 38734, 113702944, 437444628]] [10403127128.0, [21894.0, 694278, 22167600, 9830, 22167600, 87064582]] [2595068160945.589, [7107532.350000086, 191813655, 6138012243, 5340891, 6138012243, 21131037915]] [94200876408.0, [236309.33333333334, 7406710, 236848320, 329310, 225408192, 758758419]]
Model_cost: [19506715521.675674, [1029.0591216216217, 11224164, 359126200, 488836, 49400505, 195362]] [7568240748.0, [7461.0, 2666607, 85328676, 86895, 77870628, 304299]] [578886392.0, [15.333333333333332, 195230, 6247200, 13150, 6247200, 26250]] [9698491416.0, [2511.6666666666665, 3327942, 106002464, 38734, 103509152, 416027]] [1180650584.0, [183.0, 543942, 17356848, 9830, 7767792, 30381]] [568068646281.5999, [1100.1000000000001, 191813655, 6138012243, 5340891, 6137123727, 23973306]] [2507203874.0, [100.4375, 891830, 28517760, 42142, 25506688, 101907]]
Arch_Param: [32, 4096, 16384, 16, 1024, 16]
SK_cost: [164932384959.24323, [407585.2837837838, 6360929, 406836408, 451585, 364399800, 1346637217]] [35050381740.0, [101871.0, 1333359, 85328676, 86895, 85328676, 283119471]] [1775934800.0, [6516.66666666657, 104020, 6247200, 13140, 6247200, 12492810]] [52475683744.0, [111661.33333333023, 1783016, 113702944, 38704, 113702944, 437444628]] [10401742680.0, [21894.0, 348166, 22167600, 9830, 22167600, 87064582]] [2594684535489.589, [7107532.350000086, 95907291, 6138012243, 5340891, 6138012243, 21131037915]] [94186084812.0, [236309.33333333334, 3709755, 236848320, 329251, 225408192, 758758419]]
Model_cost: [19546287951.275677, [1030.6591216216216, 5615457, 359126200, 1456929, 49400505, 195874]] [7562907756.0, [7461.0, 1333359, 85328676, 86895, 77870628, 304299]] [578520912.0, [15.333333333333332, 104020, 6247200, 13140, 6247200, 26250]] [9691900192.0, [2511.6666666666665, 1680616, 106002464, 38704, 103509152, 416027]] [1184007800.0, [183.0, 273670, 17356848, 79174, 7767792, 30384]] [567685020825.5999, [1100.1000000000001, 95907291, 6138012243, 5340891, 6137123727, 23973306]] [2506050249.2, [98.63749999999999, 446715, 28517760, 51171, 25506688, 102419]]
Arch_Param: [32, 4096, 16384, 16, 1024, 64]
SK_cost: [164932384959.24323, [407585.2837837838, 6360929, 406836408, 451585, 364399800, 1346637217]] [35050381740.0, [101871.0, 1333359, 85328676, 86895, 85328676, 283119471]] [1775934800.0, [6516.66666666657, 104020, 6247200, 13140, 6247200, 12492810]] [52475683744.0, [111661.33333333023, 1783016, 113702944, 38704, 113702944, 437444628]] [10401742680.0, [21894.0, 348166, 22167600, 9830, 22167600, 87064582]] [2594684535489.589, [7107532.350000086, 95907291, 6138012243, 5340891, 6138012243, 21131037915]] [94186084812.0, [236309.33333333334, 3709755, 236848320, 329251, 225408192, 758758419]]
Model_cost: [19546287951.275677, [1030.6591216216216, 5615457, 359126200, 1456929, 49400505, 195874]] [7562907756.0, [7461.0, 1333359, 85328676, 86895, 77870628, 304299]] [578520912.0, [15.333333333333332, 104020, 6247200, 13140, 6247200, 26250]] [9691900192.0, [2511.6666666666665, 1680616, 106002464, 38704, 103509152, 416027]] [1180632696.0, [183.0, 273670, 17356848, 26438, 7767792, 30384]] [567685020825.5999, [1100.1000000000001, 95907291, 6138012243, 5340891, 6137123727, 23973306]] [2505591727.6, [101.0375, 446715, 28517760, 44771, 25506688, 101907]]
Arch_Param: [32, 4096, 16384, 16, 1024, 128]
SK_cost: [164932384959.24323, [407585.2837837838, 6360929, 406836408, 451585, 364399800, 1346637217]] [35050381740.0, [101871.0, 1333359, 85328676, 86895, 85328676, 283119471]] [1775934800.0, [6516.66666666657, 104020, 6247200, 13140, 6247200, 12492810]] [52475683744.0, [111661.33333333023, 1783016, 113702944, 38704, 113702944, 437444628]] [10401742680.0, [21894.0, 348166, 22167600, 9830, 22167600, 87064582]] [2594684535489.589, [7107532.350000086, 95907291, 6138012243, 5340891, 6138012243, 21131037915]] [94186084812.0, [236309.33333333334, 3709755, 236848320, 329251, 225408192, 758758419]]
Model_cost: [19484894901.675674, [1029.0591216216217, 5615457, 359126200, 498433, 49400505, 195362]] [7562907756.0, [7461.0, 1333359, 85328676, 86895, 77870628, 304299]] [578520912.0, [15.333333333333332, 104020, 6247200, 13140, 6247200, 26250]] [9691900192.0, [2511.6666666666665, 1680616, 106002464, 38704, 103509152, 416027]] [1180436088.0, [183.0, 273670, 17356848, 23366, 7767792, 30384]] [567685020825.5999, [1100.1000000000001, 95907291, 6138012243, 5340891, 6137123727, 23973306]] [2505419638.0, [100.4375, 446715, 28517760, 42083, 25506688, 101907]]
Arch_Param: [32, 4096, 16384, 16, 1024, 256]
SK_cost: [164932384959.24323, [407585.2837837838, 6360929, 406836408, 451585, 364399800, 1346637217]] [35050381740.0, [101871.0, 1333359, 85328676, 86895, 85328676, 283119471]] [1775934800.0, [6516.66666666657, 104020, 6247200, 13140, 6247200, 12492810]] [52475683744.0, [111661.33333333023, 1783016, 113702944, 38704, 113702944, 437444628]] [10401742680.0, [21894.0, 348166, 22167600, 9830, 22167600, 87064582]] [2594684535489.589, [7107532.350000086, 95907291, 6138012243, 5340891, 6138012243, 21131037915]] [94186084812.0, [236309.33333333334, 3709755, 236848320, 329251, 225408192, 758758419]]
Model_cost: [19484894901.675674, [1029.0591216216217, 5615457, 359126200, 498433, 49400505, 195362]] [7562907756.0, [7461.0, 1333359, 85328676, 86895, 77870628, 304299]] [578520912.0, [15.333333333333332, 104020, 6247200, 13140, 6247200, 26250]] [9691900192.0, [2511.6666666666665, 1680616, 106002464, 38704, 103509152, 416027]] [1180436088.0, [183.0, 273670, 17356848, 23366, 7767792, 30384]] [567685020825.5999, [1100.1000000000001, 95907291, 6138012243, 5340891, 6137123727, 23973306]] [2505419638.0, [100.4375, 446715, 28517760, 42083, 25506688, 101907]]
Arch_Param: [32, 4096, 16384, 16, 1024, 512]
SK_cost: [164932384959.24323, [407585.2837837838, 6360929, 406836408, 451585, 364399800, 1346637217]] [35050381740.0, [101871.0, 1333359, 85328676, 86895, 85328676, 283119471]] [1775934800.0, [6516.66666666657, 104020, 6247200, 13140, 6247200, 12492810]] [52475683744.0, [111661.33333333023, 1783016, 113702944, 38704, 113702944, 437444628]] [10401742680.0, [21894.0, 348166, 22167600, 9830, 22167600, 87064582]] [2594684535489.589, [7107532.350000086, 95907291, 6138012243, 5340891, 6138012243, 21131037915]] [94186084812.0, [236309.33333333334, 3709755, 236848320, 329251, 225408192, 758758419]]
Model_cost: [19484280501.675674, [1029.0591216216217, 5615457, 359126200, 488833, 49400505, 195362]] [7562907756.0, [7461.0, 1333359, 85328676, 86895, 77870628, 304299]] [578520912.0, [15.333333333333332, 104020, 6247200, 13140, 6247200, 26250]] [9691900192.0, [2511.6666666666665, 1680616, 106002464, 38704, 103509152, 416027]] [1179566808.0, [183.0, 272998, 17356848, 9830, 7767792, 30381]] [567685020825.5999, [1100.1000000000001, 95907291, 6138012243, 5340891, 6137123727, 23973306]] [2505419638.0, [100.4375, 446715, 28517760, 42083, 25506688, 101907]]
Arch_Param: [32, 4096, 16384, 32, 256, 16]
SK_cost: [94112942876.64865, [231342.25675675675, 14471873, 231526584, 254913, 210308280, 767184289]] [35066380716.0, [101871.0, 5333103, 85328676, 86895, 85328676, 283119471]] [1777082440.0, [6516.66666666657, 390450, 6247200, 13170, 6247200, 12492810]] [52496983176.0, [111661.33333333023, 7106434, 113702944, 38794, 113702944, 437444628]] [5202951000.0, [10950.0, 693254, 11083824, 4918, 11083824, 43532294]] [2595835411857.589, [7107532.350000086, 383626383, 6138012243, 5340891, 6138012243, 21131037915]] [88122300624.0, [213685.3333333333, 13498604, 215891136, 256724, 211743936, 711998483]]
Model_cost: [12101099711.535135, [593.1618243243242, 12767937, 204263608, 826433, 49400505, 195874]] [7578906732.0, [7461.0, 5333103, 85328676, 86895, 77870628, 304299]] [579668552.0, [15.333333333333332, 390450, 6247200, 13170, 6247200, 26250]] [9711725064.0, [2511.6666666666665, 6635394, 106002464, 38794, 103509152, 416027]] [764595960.0, [101.66666666666667, 542918, 8686640, 11174, 7768304, 30576]] [568835897193.5999, [1100.1000000000001, 383626383, 6138012243, 5340891, 6137123727, 23973306]] [2406028083.2, [83.7, 1647980, 26356864, 34708, 25506688, 101907]]
Arch_Param: [32, 4096, 16384, 32, 256, 64]
SK_cost: [94112942876.64865, [231342.25675675675, 14471873, 231526584, 254913, 210308280, 767184289]] [35066380716.0, [101871.0, 5333103, 85328676, 86895, 85328676, 283119471]] [1777082440.0, [6516.66666666657, 390450, 6247200, 13170, 6247200, 12492810]] [52496983176.0, [111661.33333333023, 7106434, 113702944, 38794, 113702944, 437444628]] [5202951000.0, [10950.0, 693254, 11083824, 4918, 11083824, 43532294]] [2595835411857.589, [7107532.350000086, 383626383, 6138012243, 5340891, 6138012243, 21131037915]] [88122300624.0, [213685.3333333333, 13498604, 215891136, 256724, 211743936, 711998483]]
Model_cost: [12065997068.335136, [593.9618243243243, 12767937, 204263608, 278721, 49400505, 195362]] [7578906732.0, [7461.0, 5333103, 85328676, 86895, 77870628, 304299]] [579668552.0, [15.333333333333332, 390450, 6247200, 13170, 6247200, 26250]] [9711725064.0, [2511.6666666666665, 6635394, 106002464, 38794, 103509152, 416027]] [764497656.0, [101.66666666666667, 542918, 8686640, 9638, 7768304, 30576]] [568835897193.5999, [1100.1000000000001, 383626383, 6138012243, 5340891, 6137123727, 23973306]] [2405929779.2, [83.7, 1647980, 26356864, 33172, 25506688, 101907]]
Arch_Param: [32, 4096, 16384, 32, 256, 128]
SK_cost: [94112942876.64865, [231342.25675675675, 14471873, 231526584, 254913, 210308280, 767184289]] [35066380716.0, [101871.0, 5333103, 85328676, 86895, 85328676, 283119471]] [1777082440.0, [6516.66666666657, 390450, 6247200, 13170, 6247200, 12492810]] [52496983176.0, [111661.33333333023, 7106434, 113702944, 38794, 113702944, 437444628]] [5202951000.0, [10950.0, 693254, 11083824, 4918, 11083824, 43532294]] [2595835411857.589, [7107532.350000086, 383626383, 6138012243, 5340891, 6138012243, 21131037915]] [88122300624.0, [213685.3333333333, 13498604, 215891136, 256724, 211743936, 711998483]]
Model_cost: [12065997068.335136, [593.9618243243243, 12767937, 204263608, 278721, 49400505, 195362]] [7578906732.0, [7461.0, 5333103, 85328676, 86895, 77870628, 304299]] [579668552.0, [15.333333333333332, 390450, 6247200, 13170, 6247200, 26250]] [9711725064.0, [2511.6666666666665, 6635394, 106002464, 38794, 103509152, 416027]] [764497656.0, [101.66666666666667, 542918, 8686640, 9638, 7768304, 30576]] [568835897193.5999, [1100.1000000000001, 383626383, 6138012243, 5340891, 6137123727, 23973306]] [2405929779.2, [83.7, 1647980, 26356864, 33172, 25506688, 101907]]
Arch_Param: [32, 4096, 16384, 32, 256, 256]
SK_cost: [94112942876.64865, [231342.25675675675, 14471873, 231526584, 254913, 210308280, 767184289]] [35066380716.0, [101871.0, 5333103, 85328676, 86895, 85328676, 283119471]] [1777082440.0, [6516.66666666657, 390450, 6247200, 13170, 6247200, 12492810]] [52496983176.0, [111661.33333333023, 7106434, 113702944, 38794, 113702944, 437444628]] [5202951000.0, [10950.0, 693254, 11083824, 4918, 11083824, 43532294]] [2595835411857.589, [7107532.350000086, 383626383, 6138012243, 5340891, 6138012243, 21131037915]] [88122300624.0, [213685.3333333333, 13498604, 215891136, 256724, 211743936, 711998483]]
Model_cost: [12065677580.335136, [593.9618243243243, 12767937, 204263608, 273729, 49400505, 195362]] [7578906732.0, [7461.0, 5333103, 85328676, 86895, 77870628, 304299]] [579668552.0, [15.333333333333332, 390450, 6247200, 13170, 6247200, 26250]] [9711725064.0, [2511.6666666666665, 6635394, 106002464, 38794, 103509152, 416027]] [763760472.0, [95.0, 542918, 8678448, 4918, 7767792, 30381]] [568835897193.5999, [1100.1000000000001, 383626383, 6138012243, 5340891, 6137123727, 23973306]] [2405929779.2, [83.7, 1647980, 26356864, 33172, 25506688, 101907]]
Arch_Param: [32, 4096, 16384, 32, 512, 16]
SK_cost: [94083998312.64865, [231342.25675675675, 7236196, 231526584, 254884, 210308280, 767184289]] [35055714732.0, [101871.0, 2666607, 85328676, 86895, 85328676, 283119471]] [1776300280.0, [6516.66666666657, 195230, 6247200, 13150, 6247200, 12492810]] [52482766488.0, [111661.33333333023, 3553222, 113702944, 38734, 113702944, 437444628]] [5201566552.0, [10950.0, 347142, 11083824, 4918, 11083824, 43532294]] [2595068160945.589, [7107532.350000086, 191813655, 6138012243, 5340891, 6138012243, 21131037915]] [88095295864.0, [213685.3333333333, 6749302, 215891136, 256606, 211743936, 711998483]]
Model_cost: [12075563019.535135, [593.1618243243242, 6384228, 204263608, 826404, 49400505, 195874]] [7568240748.0, [7461.0, 2666607, 85328676, 86895, 77870628, 304299]] [578886392.0, [15.333333333333332, 195230, 6247200, 13150, 6247200, 26250]] [9698491416.0, [2511.6666666666665, 3327942, 106002464, 38734, 103509152, 416027]] [763520376.0, [101.66666666666667, 274022, 8686640, 11174, 7768304, 30576]] [568068646281.5999, [1100.1000000000001, 191813655, 6138012243, 5340891, 6137123727, 23973306]] [2402724571.2, [83.7, 823990, 26356864, 34590, 25506688, 101907]]
Arch_Param: [32, 4096, 16384, 32, 512, 64]
SK_cost: [94083998312.64865, [231342.25675675675, 7236196, 231526584, 254884, 210308280, 767184289]] [35055714732.0, [101871.0, 2666607, 85328676, 86895, 85328676, 283119471]] [1776300280.0, [6516.66666666657, 195230, 6247200, 13150, 6247200, 12492810]] [52482766488.0, [111661.33333333023, 3553222, 113702944, 38734, 113702944, 437444628]] [5201566552.0, [10950.0, 347142, 11083824, 4918, 11083824, 43532294]] [2595068160945.589, [7107532.350000086, 191813655, 6138012243, 5340891, 6138012243, 21131037915]] [88095295864.0, [213685.3333333333, 6749302, 215891136, 256606, 211743936, 711998483]]
Model_cost: [12040460376.335136, [593.9618243243243, 6384228, 204263608, 278692, 49400505, 195362]] [7568240748.0, [7461.0, 2666607, 85328676, 86895, 77870628, 304299]] [578886392.0, [15.333333333333332, 195230, 6247200, 13150, 6247200, 26250]] [9698491416.0, [2511.6666666666665, 3327942, 106002464, 38734, 103509152, 416027]] [763422072.0, [101.66666666666667, 274022, 8686640, 9638, 7768304, 30576]] [568068646281.5999, [1100.1000000000001, 191813655, 6138012243, 5340891, 6137123727, 23973306]] [2402626267.2, [83.7, 823990, 26356864, 33054, 25506688, 101907]]
Arch_Param: [32, 4096, 16384, 32, 512, 128]
SK_cost: [94083998312.64865, [231342.25675675675, 7236196, 231526584, 254884, 210308280, 767184289]] [35055714732.0, [101871.0, 2666607, 85328676, 86895, 85328676, 283119471]] [1776300280.0, [6516.66666666657, 195230, 6247200, 13150, 6247200, 12492810]] [52482766488.0, [111661.33333333023, 3553222, 113702944, 38734, 113702944, 437444628]] [5201566552.0, [10950.0, 347142, 11083824, 4918, 11083824, 43532294]] [2595068160945.589, [7107532.350000086, 191813655, 6138012243, 5340891, 6138012243, 21131037915]] [88095295864.0, [213685.3333333333, 6749302, 215891136, 256606, 211743936, 711998483]]
Model_cost: [12040460376.335136, [593.9618243243243, 6384228, 204263608, 278692, 49400505, 195362]] [7568240748.0, [7461.0, 2666607, 85328676, 86895, 77870628, 304299]] [578886392.0, [15.333333333333332, 195230, 6247200, 13150, 6247200, 26250]] [9698491416.0, [2511.6666666666665, 3327942, 106002464, 38734, 103509152, 416027]] [763422072.0, [101.66666666666667, 274022, 8686640, 9638, 7768304, 30576]] [568068646281.5999, [1100.1000000000001, 191813655, 6138012243, 5340891, 6137123727, 23973306]] [2402626267.2, [83.7, 823990, 26356864, 33054, 25506688, 101907]]
Arch_Param: [32, 4096, 16384, 32, 512, 256]
SK_cost: [94083998312.64865, [231342.25675675675, 7236196, 231526584, 254884, 210308280, 767184289]] [35055714732.0, [101871.0, 2666607, 85328676, 86895, 85328676, 283119471]] [1776300280.0, [6516.66666666657, 195230, 6247200, 13150, 6247200, 12492810]] [52482766488.0, [111661.33333333023, 3553222, 113702944, 38734, 113702944, 437444628]] [5201566552.0, [10950.0, 347142, 11083824, 4918, 11083824, 43532294]] [2595068160945.589, [7107532.350000086, 191813655, 6138012243, 5340891, 6138012243, 21131037915]] [88095295864.0, [213685.3333333333, 6749302, 215891136, 256606, 211743936, 711998483]]
Model_cost: [12040140888.335136, [593.9618243243243, 6384228, 204263608, 273700, 49400505, 195362]] [7568240748.0, [7461.0, 2666607, 85328676, 86895, 77870628, 304299]] [578886392.0, [15.333333333333332, 195230, 6247200, 13150, 6247200, 26250]] [9698491416.0, [2511.6666666666665, 3327942, 106002464, 38734, 103509152, 416027]] [762676696.0, [95.0, 271974, 8678448, 4918, 7767792, 30381]] [568068646281.5999, [1100.1000000000001, 191813655, 6138012243, 5340891, 6137123727, 23973306]] [2402626267.2, [83.7, 823990, 26356864, 33054, 25506688, 101907]]
Arch_Param: [32, 4096, 16384, 32, 512, 512]
SK_cost: [94083998312.64865, [231342.25675675675, 7236196, 231526584, 254884, 210308280, 767184289]] [35055714732.0, [101871.0, 2666607, 85328676, 86895, 85328676, 283119471]] [1776300280.0, [6516.66666666657, 195230, 6247200, 13150, 6247200, 12492810]] [52482766488.0, [111661.33333333023, 3553222, 113702944, 38734, 113702944, 437444628]] [5201566552.0, [10950.0, 347142, 11083824, 4918, 11083824, 43532294]] [2595068160945.589, [7107532.350000086, 191813655, 6138012243, 5340891, 6138012243, 21131037915]] [88095295864.0, [213685.3333333333, 6749302, 215891136, 256606, 211743936, 711998483]]
Model_cost: [12040140888.335136, [593.9618243243243, 6384228, 204263608, 273700, 49400505, 195362]] [7568240748.0, [7461.0, 2666607, 85328676, 86895, 77870628, 304299]] [578886392.0, [15.333333333333332, 195230, 6247200, 13150, 6247200, 26250]] [9698491416.0, [2511.6666666666665, 3327942, 106002464, 38734, 103509152, 416027]] [762676696.0, [95.0, 271974, 8678448, 4918, 7767792, 30381]] [568068646281.5999, [1100.1000000000001, 191813655, 6138012243, 5340891, 6137123727, 23973306]] [2402626267.2, [83.7, 823990, 26356864, 33054, 25506688, 101907]]
Arch_Param: [32, 4096, 16384, 32, 1024, 16]
SK_cost: [94069533084.64865, [231342.25675675675, 3619937, 231526584, 254881, 210308280, 767184289]] [35050381740.0, [101871.0, 1333359, 85328676, 86895, 85328676, 283119471]] [1775934800.0, [6516.66666666657, 104020, 6247200, 13140, 6247200, 12492810]] [52475683744.0, [111661.33333333023, 1783016, 113702944, 38704, 113702944, 437444628]] [5200874328.0, [10950.0, 174086, 11083824, 4918, 11083824, 43532294]] [2594684535489.589, [7107532.350000086, 95907291, 6138012243, 5340891, 6138012243, 21131037915]] [88081806796.0, [213685.3333333333, 3377979, 215891136, 256547, 211743936, 711998483]]
Model_cost: [12062801727.535135, [593.1618243243242, 3193953, 204263608, 826401, 49400505, 195874]] [7562907756.0, [7461.0, 1333359, 85328676, 86895, 77870628, 304299]] [578520912.0, [15.333333333333332, 104020, 6247200, 13140, 6247200, 26250]] [9691900192.0, [2511.6666666666665, 1680616, 106002464, 38704, 103509152, 416027]] [762668568.0, [102.0, 136838, 8678448, 13222, 7767792, 30384]] [567685020825.5999, [1100.1000000000001, 95907291, 6138012243, 5340891, 6137123727, 23973306]] [2401074479.2, [83.7, 412411, 26356864, 34531, 25506688, 101907]]
Arch_Param: [32, 4096, 16384, 32, 1024, 64]
SK_cost: [94069533084.64865, [231342.25675675675, 3619937, 231526584, 254881, 210308280, 767184289]] [35050381740.0, [101871.0, 1333359, 85328676, 86895, 85328676, 283119471]] [1775934800.0, [6516.66666666657, 104020, 6247200, 13140, 6247200, 12492810]] [52475683744.0, [111661.33333333023, 1783016, 113702944, 38704, 113702944, 437444628]] [5200874328.0, [10950.0, 174086, 11083824, 4918, 11083824, 43532294]] [2594684535489.589, [7107532.350000086, 95907291, 6138012243, 5340891, 6138012243, 21131037915]] [88081806796.0, [213685.3333333333, 3377979, 215891136, 256547, 211743936, 711998483]]
Model_cost: [12027699084.335136, [593.9618243243243, 3193953, 204263608, 278689, 49400505, 195362]] [7562907756.0, [7461.0, 1333359, 85328676, 86895, 77870628, 304299]] [578520912.0, [15.333333333333332, 104020, 6247200, 13140, 6247200, 26250]] [9691900192.0, [2511.6666666666665, 1680616, 106002464, 38704, 103509152, 416027]] [762570264.0, [102.0, 136838, 8678448, 11686, 7767792, 30384]] [567685020825.5999, [1100.1000000000001, 95907291, 6138012243, 5340891, 6137123727, 23973306]] [2400976175.2, [83.7, 412411, 26356864, 32995, 25506688, 101907]]
Arch_Param: [32, 4096, 16384, 32, 1024, 128]
SK_cost: [94069533084.64865, [231342.25675675675, 3619937, 231526584, 254881, 210308280, 767184289]] [35050381740.0, [101871.0, 1333359, 85328676, 86895, 85328676, 283119471]] [1775934800.0, [6516.66666666657, 104020, 6247200, 13140, 6247200, 12492810]] [52475683744.0, [111661.33333333023, 1783016, 113702944, 38704, 113702944, 437444628]] [5200874328.0, [10950.0, 174086, 11083824, 4918, 11083824, 43532294]] [2594684535489.589, [7107532.350000086, 95907291, 6138012243, 5340891, 6138012243, 21131037915]] [88081806796.0, [213685.3333333333, 3377979, 215891136, 256547, 211743936, 711998483]]
Model_cost: [12027699084.335136, [593.9618243243243, 3193953, 204263608, 278689, 49400505, 195362]] [7562907756.0, [7461.0, 1333359, 85328676, 86895, 77870628, 304299]] [578520912.0, [15.333333333333332, 104020, 6247200, 13140, 6247200, 26250]] [9691900192.0, [2511.6666666666665, 1680616, 106002464, 38704, 103509152, 416027]] [762570264.0, [102.0, 136838, 8678448, 11686, 7767792, 30384]] [567685020825.5999, [1100.1000000000001, 95907291, 6138012243, 5340891, 6137123727, 23973306]] [2400976175.2, [83.7, 412411, 26356864, 32995, 25506688, 101907]]
Arch_Param: [32, 4096, 16384, 32, 1024, 256]
SK_cost: [94069533084.64865, [231342.25675675675, 3619937, 231526584, 254881, 210308280, 767184289]] [35050381740.0, [101871.0, 1333359, 85328676, 86895, 85328676, 283119471]] [1775934800.0, [6516.66666666657, 104020, 6247200, 13140, 6247200, 12492810]] [52475683744.0, [111661.33333333023, 1783016, 113702944, 38704, 113702944, 437444628]] [5200874328.0, [10950.0, 174086, 11083824, 4918, 11083824, 43532294]] [2594684535489.589, [7107532.350000086, 95907291, 6138012243, 5340891, 6138012243, 21131037915]] [88081806796.0, [213685.3333333333, 3377979, 215891136, 256547, 211743936, 711998483]]
Model_cost: [12027379596.335136, [593.9618243243243, 3193953, 204263608, 273697, 49400505, 195362]] [7562907756.0, [7461.0, 1333359, 85328676, 86895, 77870628, 304299]] [578520912.0, [15.333333333333332, 104020, 6247200, 13140, 6247200, 26250]] [9691900192.0, [2511.6666666666665, 1680616, 106002464, 38704, 103509152, 416027]] [762134808.0, [95.0, 136502, 8678448, 4918, 7767792, 30381]] [567685020825.5999, [1100.1000000000001, 95907291, 6138012243, 5340891, 6137123727, 23973306]] [2400976175.2, [83.7, 412411, 26356864, 32995, 25506688, 101907]]
Arch_Param: [32, 4096, 16384, 32, 1024, 512]
SK_cost: [94069533084.64865, [231342.25675675675, 3619937, 231526584, 254881, 210308280, 767184289]] [35050381740.0, [101871.0, 1333359, 85328676, 86895, 85328676, 283119471]] [1775934800.0, [6516.66666666657, 104020, 6247200, 13140, 6247200, 12492810]] [52475683744.0, [111661.33333333023, 1783016, 113702944, 38704, 113702944, 437444628]] [5200874328.0, [10950.0, 174086, 11083824, 4918, 11083824, 43532294]] [2594684535489.589, [7107532.350000086, 95907291, 6138012243, 5340891, 6138012243, 21131037915]] [88081806796.0, [213685.3333333333, 3377979, 215891136, 256547, 211743936, 711998483]]
Model_cost: [12027379596.335136, [593.9618243243243, 3193953, 204263608, 273697, 49400505, 195362]] [7562907756.0, [7461.0, 1333359, 85328676, 86895, 77870628, 304299]] [578520912.0, [15.333333333333332, 104020, 6247200, 13140, 6247200, 26250]] [9691900192.0, [2511.6666666666665, 1680616, 106002464, 38704, 103509152, 416027]] [762134808.0, [95.0, 136502, 8678448, 4918, 7767792, 30381]] [567685020825.5999, [1100.1000000000001, 95907291, 6138012243, 5340891, 6137123727, 23973306]] [2400976175.2, [83.7, 412411, 26356864, 32995, 25506688, 101907]]
Arch_Param: [32, 4096, 8192, 4, 256, 16]
SK_cost: [590699917785.3333, [2931941.5555555555, 91214401, 1459298552, 1634145, 1289391288, 4824681889]] [67440800172.0, [388719.0, 10223727, 163578660, 164463, 163185444, 545001327]] [1777717320.0, [13130.0, 390450, 6247200, 13170, 6247200, 12492810]] [52507721224.0, [223516.0, 7106434, 113702944, 38794, 113702944, 437444628]] [41631971160.0, [175110.0, 5545990, 88670256, 39302, 88670256, 348258310]] [5192797219056.0, [28428270.0, 767215743, 12275433555, 10680855, 12275130963, 42260303067]] [152809537232.0, [851781.3333333333, 26148076, 417716928, 820436, 353006784, 1218624531]]
Model_cost: [64718433064.0, [7250.25, 80564801, 1288904952, 5243969, 49400505, 195874]] [11389713708.0, [15687.0, 10223727, 163578660, 625263, 77870628, 304299]] [579669064.0, [20.666666666666664, 390450, 6247200, 13170, 6247200, 26250]] [9711964264.0, [5003.333333333333, 6635394, 106002464, 38794, 103509152, 416027]] [3717122456.0, [1418.0, 4343302, 69492784, 300294, 7768304, 30576]] [867693855360.0, [2925.0, 767215743, 12275433555, 47953431, 6137123727, 23973306]] [3442514572.0, [428.625, 2983404, 47652928, 173012, 25506688, 102419]]
Arch_Param: [32, 4096, 8192, 4, 256, 64]
SK_cost: [590699917785.3333, [2931941.5555555555, 91214401, 1459298552, 1634145, 1289391288, 4824681889]] [67440800172.0, [388719.0, 10223727, 163578660, 164463, 163185444, 545001327]] [1777717320.0, [13130.0, 390450, 6247200, 13170, 6247200, 12492810]] [52507721224.0, [223516.0, 7106434, 113702944, 38794, 113702944, 437444628]] [41631971160.0, [175110.0, 5545990, 88670256, 39302, 88670256, 348258310]] [5192797219056.0, [28428270.0, 767215743, 12275433555, 10680855, 12275130963, 42260303067]] [152809537232.0, [851781.3333333333, 26148076, 417716928, 820436, 353006784, 1218624531]]
Model_cost: [64718433064.0, [7250.25, 80564801, 1288904952, 5243969, 49400505, 195874]] [11360222508.0, [15687.0, 10223727, 163578660, 164463, 77870628, 304299]] [579669064.0, [20.666666666666664, 390450, 6247200, 13170, 6247200, 26250]] [9711964264.0, [5003.333333333333, 6635394, 106002464, 38794, 103509152, 416027]] [3717122456.0, [1418.0, 4343302, 69492784, 300294, 7768304, 30576]] [865308410496.0, [2925.0, 767215743, 12275433555, 10680855, 6137123727, 23973306]] [3440122508.0, [428.625, 2983404, 47652928, 135636, 25506688, 102419]]
Arch_Param: [32, 4096, 8192, 4, 256, 128]
SK_cost: [590699917785.3333, [2931941.5555555555, 91214401, 1459298552, 1634145, 1289391288, 4824681889]] [67440800172.0, [388719.0, 10223727, 163578660, 164463, 163185444, 545001327]] [1777717320.0, [13130.0, 390450, 6247200, 13170, 6247200, 12492810]] [52507721224.0, [223516.0, 7106434, 113702944, 38794, 113702944, 437444628]] [41631971160.0, [175110.0, 5545990, 88670256, 39302, 88670256, 348258310]] [5192797219056.0, [28428270.0, 767215743, 12275433555, 10680855, 12275130963, 42260303067]] [152809537232.0, [851781.3333333333, 26148076, 417716928, 820436, 353006784, 1218624531]]
Model_cost: [64718433064.0, [7250.25, 80564801, 1288904952, 5243969, 49400505, 195874]] [11360222508.0, [15687.0, 10223727, 163578660, 164463, 77870628, 304299]] [579669064.0, [20.666666666666664, 390450, 6247200, 13170, 6247200, 26250]] [9711964264.0, [5003.333333333333, 6635394, 106002464, 38794, 103509152, 416027]] [3703622040.0, [1418.0, 4343302, 69492784, 89350, 7768304, 30576]] [865308410496.0, [2925.0, 767215743, 12275433555, 10680855, 6137123727, 23973306]] [3438638988.0, [420.625, 2983404, 47652928, 113236, 25506688, 101907]]
Arch_Param: [32, 4096, 8192, 4, 256, 256]
SK_cost: [590699917785.3333, [2931941.5555555555, 91214401, 1459298552, 1634145, 1289391288, 4824681889]] [67440800172.0, [388719.0, 10223727, 163578660, 164463, 163185444, 545001327]] [1777717320.0, [13130.0, 390450, 6247200, 13170, 6247200, 12492810]] [52507721224.0, [223516.0, 7106434, 113702944, 38794, 113702944, 437444628]] [41631971160.0, [175110.0, 5545990, 88670256, 39302, 88670256, 348258310]] [5192797219056.0, [28428270.0, 767215743, 12275433555, 10680855, 12275130963, 42260303067]] [152809537232.0, [851781.3333333333, 26148076, 417716928, 820436, 353006784, 1218624531]]
Model_cost: [64718433064.0, [7250.25, 80564801, 1288904952, 5243969, 49400505, 195874]] [11360222508.0, [15687.0, 10223727, 163578660, 164463, 77870628, 304299]] [579669064.0, [20.666666666666664, 390450, 6247200, 13170, 6247200, 26250]] [9711964264.0, [5003.333333333333, 6635394, 106002464, 38794, 103509152, 416027]] [3703622040.0, [1418.0, 4343302, 69492784, 89350, 7768304, 30576]] [865308410496.0, [2925.0, 767215743, 12275433555, 10680855, 6137123727, 23973306]] [3438638988.0, [420.625, 2983404, 47652928, 113236, 25506688, 101907]]
Arch_Param: [32, 4096, 8192, 4, 512, 16]
SK_cost: [590517488165.3333, [2931941.5555555555, 45607460, 1459298552, 1634116, 1289391288, 4824681889]] [67420352940.0, [388719.0, 5111919, 163578660, 164463, 163185444, 545001327]] [1776935160.0, [13130.0, 195230, 6247200, 13150, 6247200, 12492810]] [52493504536.0, [223516.0, 3553222, 113702944, 38734, 113702944, 437444628]] [41620895576.0, [175110.0, 2777094, 88670256, 39302, 88670256, 348258310]] [5191262790960.0, [28428270.0, 383608719, 12275433555, 10680855, 12275130963, 42260303067]] [152757233528.0, [851781.3333333333, 13074038, 417716928, 820318, 353006784, 1218624531]]
Model_cost: [64557302644.0, [7250.25, 40282660, 1288904952, 5243940, 49400505, 195874]] [11369266476.0, [15687.0, 5111919, 163578660, 625263, 77870628, 304299]] [578886904.0, [20.666666666666664, 195230, 6247200, 13150, 6247200, 26250]] [9698730616.0, [5003.333333333333, 3327942, 106002464, 38734, 103509152, 416027]] [3708517784.0, [1418.0, 2192134, 69492784, 300294, 7768304, 30576]] [866159427264.0, [2925.0, 383608719, 12275433555, 47953431, 6137123727, 23973306]] [3436540212.0, [428.625, 1491702, 47652928, 172894, 25506688, 102419]]
Arch_Param: [32, 4096, 8192, 4, 512, 64]
SK_cost: [590517488165.3333, [2931941.5555555555, 45607460, 1459298552, 1634116, 1289391288, 4824681889]] [67420352940.0, [388719.0, 5111919, 163578660, 164463, 163185444, 545001327]] [1776935160.0, [13130.0, 195230, 6247200, 13150, 6247200, 12492810]] [52493504536.0, [223516.0, 3553222, 113702944, 38734, 113702944, 437444628]] [41620895576.0, [175110.0, 2777094, 88670256, 39302, 88670256, 348258310]] [5191262790960.0, [28428270.0, 383608719, 12275433555, 10680855, 12275130963, 42260303067]] [152757233528.0, [851781.3333333333, 13074038, 417716928, 820318, 353006784, 1218624531]]
Model_cost: [64557302644.0, [7250.25, 40282660, 1288904952, 5243940, 49400505, 195874]] [11339775276.0, [15687.0, 5111919, 163578660, 164463, 77870628, 304299]] [578886904.0, [20.666666666666664, 195230, 6247200, 13150, 6247200, 26250]] [9698730616.0, [5003.333333333333, 3327942, 106002464, 38734, 103509152, 416027]] [3708517784.0, [1418.0, 2192134, 69492784, 300294, 7768304, 30576]] [863773982400.0, [2925.0, 383608719, 12275433555, 10680855, 6137123727, 23973306]] [3434148148.0, [428.625, 1491702, 47652928, 135518, 25506688, 102419]]
Arch_Param: [32, 4096, 8192, 4, 512, 128]
SK_cost: [590517488165.3333, [2931941.5555555555, 45607460, 1459298552, 1634116, 1289391288, 4824681889]] [67420352940.0, [388719.0, 5111919, 163578660, 164463, 163185444, 545001327]] [1776935160.0, [13130.0, 195230, 6247200, 13150, 6247200, 12492810]] [52493504536.0, [223516.0, 3553222, 113702944, 38734, 113702944, 437444628]] [41620895576.0, [175110.0, 2777094, 88670256, 39302, 88670256, 348258310]] [5191262790960.0, [28428270.0, 383608719, 12275433555, 10680855, 12275130963, 42260303067]] [152757233528.0, [851781.3333333333, 13074038, 417716928, 820318, 353006784, 1218624531]]
Model_cost: [64557302644.0, [7250.25, 40282660, 1288904952, 5243940, 49400505, 195874]] [11339775276.0, [15687.0, 5111919, 163578660, 164463, 77870628, 304299]] [578886904.0, [20.666666666666664, 195230, 6247200, 13150, 6247200, 26250]] [9698730616.0, [5003.333333333333, 3327942, 106002464, 38734, 103509152, 416027]] [3695017368.0, [1418.0, 2192134, 69492784, 89350, 7768304, 30576]] [863773982400.0, [2925.0, 383608719, 12275433555, 10680855, 6137123727, 23973306]] [3432664628.0, [420.625, 1491702, 47652928, 113118, 25506688, 101907]]
Arch_Param: [32, 4096, 8192, 4, 512, 256]
SK_cost: [590517488165.3333, [2931941.5555555555, 45607460, 1459298552, 1634116, 1289391288, 4824681889]] [67420352940.0, [388719.0, 5111919, 163578660, 164463, 163185444, 545001327]] [1776935160.0, [13130.0, 195230, 6247200, 13150, 6247200, 12492810]] [52493504536.0, [223516.0, 3553222, 113702944, 38734, 113702944, 437444628]] [41620895576.0, [175110.0, 2777094, 88670256, 39302, 88670256, 348258310]] [5191262790960.0, [28428270.0, 383608719, 12275433555, 10680855, 12275130963, 42260303067]] [152757233528.0, [851781.3333333333, 13074038, 417716928, 820318, 353006784, 1218624531]]
Model_cost: [64557302644.0, [7250.25, 40282660, 1288904952, 5243940, 49400505, 195874]] [11339775276.0, [15687.0, 5111919, 163578660, 164463, 77870628, 304299]] [578886904.0, [20.666666666666664, 195230, 6247200, 13150, 6247200, 26250]] [9698730616.0, [5003.333333333333, 3327942, 106002464, 38734, 103509152, 416027]] [3695017368.0, [1418.0, 2192134, 69492784, 89350, 7768304, 30576]] [863773982400.0, [2925.0, 383608719, 12275433555, 10680855, 6137123727, 23973306]] [3432664628.0, [420.625, 1491702, 47652928, 113118, 25506688, 101907]]
Arch_Param: [32, 4096, 8192, 4, 512, 512]
SK_cost: [590517488165.3333, [2931941.5555555555, 45607460, 1459298552, 1634116, 1289391288, 4824681889]] [67420352940.0, [388719.0, 5111919, 163578660, 164463, 163185444, 545001327]] [1776935160.0, [13130.0, 195230, 6247200, 13150, 6247200, 12492810]] [52493504536.0, [223516.0, 3553222, 113702944, 38734, 113702944, 437444628]] [41620895576.0, [175110.0, 2777094, 88670256, 39302, 88670256, 348258310]] [5191262790960.0, [28428270.0, 383608719, 12275433555, 10680855, 12275130963, 42260303067]] [152757233528.0, [851781.3333333333, 13074038, 417716928, 820318, 353006784, 1218624531]]
Model_cost: [64338167540.0, [7238.25, 40282660, 1288904952, 1820740, 49400505, 195362]] [11339775276.0, [15687.0, 5111919, 163578660, 164463, 77870628, 304299]] [578886904.0, [20.666666666666664, 195230, 6247200, 13150, 6247200, 26250]] [9698730616.0, [5003.333333333333, 3327942, 106002464, 38734, 103509152, 416027]] [3692230040.0, [1418.0, 2175750, 69427248, 44294, 7843056, 30768]] [863773982400.0, [2925.0, 383608719, 12275433555, 10680855, 6137123727, 23973306]] [3432049940.0, [417.625, 1491702, 47652928, 103518, 25506688, 101907]]
Arch_Param: [32, 4096, 8192, 4, 1024, 16]
SK_cost: [590426323801.3333, [2931941.5555555555, 22816417, 1459298552, 1634113, 1289391288, 4824681889]] [67410129324.0, [388719.0, 2556015, 163578660, 164463, 163185444, 545001327]] [1776569680.0, [13130.0, 104020, 6247200, 13140, 6247200, 12492810]] [52486421792.0, [223516.0, 1783016, 113702944, 38704, 113702944, 437444628]] [41615357784.0, [175110.0, 1392646, 88670256, 39302, 88670256, 348258310]] [5190495576912.0, [28428270.0, 191805207, 12275433555, 10680855, 12275130963, 42260303067]] [152731182028.0, [851781.3333333333, 6562107, 417716928, 820259, 353006784, 1218624531]]
Model_cost: [64476787880.0, [7250.25, 20154017, 1288904952, 5243937, 49400505, 195874]] [11359042860.0, [15687.0, 2556015, 163578660, 625263, 77870628, 304299]] [578521456.0, [21.0, 104020, 6247200, 13140, 6247200, 26250]] [9692139456.0, [5004.0, 1680616, 106002464, 38704, 103509152, 416027]] [3701989592.0, [1416.0, 1094662, 69427248, 316678, 7767792, 30384]] [865392213216.0, [2925.0, 191805207, 12275433555, 47953431, 6137123727, 23973306]] [3433565576.0, [428.625, 748987, 47652928, 172835, 25506688, 102419]]
Arch_Param: [32, 4096, 8192, 4, 1024, 64]
SK_cost: [590426323801.3333, [2931941.5555555555, 22816417, 1459298552, 1634113, 1289391288, 4824681889]] [67410129324.0, [388719.0, 2556015, 163578660, 164463, 163185444, 545001327]] [1776569680.0, [13130.0, 104020, 6247200, 13140, 6247200, 12492810]] [52486421792.0, [223516.0, 1783016, 113702944, 38704, 113702944, 437444628]] [41615357784.0, [175110.0, 1392646, 88670256, 39302, 88670256, 348258310]] [5190495576912.0, [28428270.0, 191805207, 12275433555, 10680855, 12275130963, 42260303067]] [152731182028.0, [851781.3333333333, 6562107, 417716928, 820259, 353006784, 1218624531]]
Model_cost: [64476787880.0, [7250.25, 20154017, 1288904952, 5243937, 49400505, 195874]] [11329551660.0, [15687.0, 2556015, 163578660, 164463, 77870628, 304299]] [578521456.0, [21.0, 104020, 6247200, 13140, 6247200, 26250]] [9692139456.0, [5004.0, 1680616, 106002464, 38704, 103509152, 416027]] [3701989592.0, [1416.0, 1094662, 69427248, 316678, 7767792, 30384]] [863006768352.0, [2925.0, 191805207, 12275433555, 10680855, 6137123727, 23973306]] [3431173512.0, [428.625, 748987, 47652928, 135459, 25506688, 102419]]
Arch_Param: [32, 4096, 8192, 4, 1024, 128]
SK_cost: [590426323801.3333, [2931941.5555555555, 22816417, 1459298552, 1634113, 1289391288, 4824681889]] [67410129324.0, [388719.0, 2556015, 163578660, 164463, 163185444, 545001327]] [1776569680.0, [13130.0, 104020, 6247200, 13140, 6247200, 12492810]] [52486421792.0, [223516.0, 1783016, 113702944, 38704, 113702944, 437444628]] [41615357784.0, [175110.0, 1392646, 88670256, 39302, 88670256, 348258310]] [5190495576912.0, [28428270.0, 191805207, 12275433555, 10680855, 12275130963, 42260303067]] [152731182028.0, [851781.3333333333, 6562107, 417716928, 820259, 353006784, 1218624531]]
Model_cost: [64476787880.0, [7250.25, 20154017, 1288904952, 5243937, 49400505, 195874]] [11329551660.0, [15687.0, 2556015, 163578660, 164463, 77870628, 304299]] [578521456.0, [21.0, 104020, 6247200, 13140, 6247200, 26250]] [9692139456.0, [5004.0, 1680616, 106002464, 38704, 103509152, 416027]] [3688489176.0, [1416.0, 1094662, 69427248, 105734, 7767792, 30384]] [863006768352.0, [2925.0, 191805207, 12275433555, 10680855, 6137123727, 23973306]] [3429689992.0, [420.625, 748987, 47652928, 113059, 25506688, 101907]]
Arch_Param: [32, 4096, 8192, 4, 1024, 256]
SK_cost: [590426323801.3333, [2931941.5555555555, 22816417, 1459298552, 1634113, 1289391288, 4824681889]] [67410129324.0, [388719.0, 2556015, 163578660, 164463, 163185444, 545001327]] [1776569680.0, [13130.0, 104020, 6247200, 13140, 6247200, 12492810]] [52486421792.0, [223516.0, 1783016, 113702944, 38704, 113702944, 437444628]] [41615357784.0, [175110.0, 1392646, 88670256, 39302, 88670256, 348258310]] [5190495576912.0, [28428270.0, 191805207, 12275433555, 10680855, 12275130963, 42260303067]] [152731182028.0, [851781.3333333333, 6562107, 417716928, 820259, 353006784, 1218624531]]
Model_cost: [64476787880.0, [7250.25, 20154017, 1288904952, 5243937, 49400505, 195874]] [11329551660.0, [15687.0, 2556015, 163578660, 164463, 77870628, 304299]] [578521456.0, [21.0, 104020, 6247200, 13140, 6247200, 26250]] [9692139456.0, [5004.0, 1680616, 106002464, 38704, 103509152, 416027]] [3688489176.0, [1416.0, 1094662, 69427248, 105734, 7767792, 30384]] [863006768352.0, [2925.0, 191805207, 12275433555, 10680855, 6137123727, 23973306]] [3429689992.0, [420.625, 748987, 47652928, 113059, 25506688, 101907]]
Arch_Param: [32, 4096, 8192, 4, 1024, 512]
SK_cost: [590426323801.3333, [2931941.5555555555, 22816417, 1459298552, 1634113, 1289391288, 4824681889]] [67410129324.0, [388719.0, 2556015, 163578660, 164463, 163185444, 545001327]] [1776569680.0, [13130.0, 104020, 6247200, 13140, 6247200, 12492810]] [52486421792.0, [223516.0, 1783016, 113702944, 38704, 113702944, 437444628]] [41615357784.0, [175110.0, 1392646, 88670256, 39302, 88670256, 348258310]] [5190495576912.0, [28428270.0, 191805207, 12275433555, 10680855, 12275130963, 42260303067]] [152731182028.0, [851781.3333333333, 6562107, 417716928, 820259, 353006784, 1218624531]]
Model_cost: [64257652776.0, [7238.25, 20154017, 1288904952, 1820737, 49400505, 195362]] [11329551660.0, [15687.0, 2556015, 163578660, 164463, 77870628, 304299]] [578521456.0, [21.0, 104020, 6247200, 13140, 6247200, 26250]] [9692139456.0, [5004.0, 1680616, 106002464, 38704, 103509152, 416027]] [3687702744.0, [1416.0, 1094662, 69427248, 93446, 7767792, 30384]] [863006768352.0, [2925.0, 191805207, 12275433555, 10680855, 6137123727, 23973306]] [3429075304.0, [417.625, 748987, 47652928, 103459, 25506688, 101907]]
Arch_Param: [32, 4096, 8192, 8, 256, 16]
SK_cost: [306915255598.6666, [1520515.7777777778, 47352385, 757568376, 845281, 672693432, 2505874849]] [35076149676.0, [203631.0, 5333103, 85328676, 86895, 85328676, 283119471]] [1777717320.0, [13130.0, 390450, 6247200, 13170, 6247200, 12492810]] [52507721224.0, [223516.0, 7106434, 113702944, 38794, 113702944, 437444628]] [20815988568.0, [87558.0, 2772998, 44335152, 19654, 44335152, 174129158]] [2596517727072.0, [14214982.5, 383626383, 6138012243, 5340891, 6138012243, 21131037915]] [106473959120.0, [563098.6666666666, 17443052, 278762688, 474836, 252736704, 852278291]]
Model_cost: [34644297070.66667, [3757.652777777778, 41814593, 668963704, 2718657, 49400505, 195874]] [7579612332.0, [14811.0, 5333103, 85328676, 86895, 77870628, 304299]] [579669064.0, [20.666666666666664, 390450, 6247200, 13170, 6247200, 26250]] [9711964264.0, [5003.333333333333, 6635394, 106002464, 38794, 103509152, 416027]] [2030933208.0, [712.0, 2171654, 34746416, 150150, 7768304, 30576]] [568835994912.0, [2118.0, 383626383, 6138012243, 5340891, 6137123727, 23973306]] [2721676684.0, [260.625, 2055020, 32839552, 78228, 25506688, 102419]]
Arch_Param: [32, 4096, 8192, 8, 256, 64]
SK_cost: [306915255598.6666, [1520515.7777777778, 47352385, 757568376, 845281, 672693432, 2505874849]] [35076149676.0, [203631.0, 5333103, 85328676, 86895, 85328676, 283119471]] [1777717320.0, [13130.0, 390450, 6247200, 13170, 6247200, 12492810]] [52507721224.0, [223516.0, 7106434, 113702944, 38794, 113702944, 437444628]] [20815988568.0, [87558.0, 2772998, 44335152, 19654, 44335152, 174129158]] [2596517727072.0, [14214982.5, 383626383, 6138012243, 5340891, 6138012243, 21131037915]] [106473959120.0, [563098.6666666666, 17443052, 278762688, 474836, 252736704, 852278291]]
Model_cost: [34644297070.66667, [3757.652777777778, 41814593, 668963704, 2718657, 49400505, 195874]] [7579612332.0, [14811.0, 5333103, 85328676, 86895, 77870628, 304299]] [579669064.0, [20.666666666666664, 390450, 6247200, 13170, 6247200, 26250]] [9711964264.0, [5003.333333333333, 6635394, 106002464, 38794, 103509152, 416027]] [2024183000.0, [712.0, 2171654, 34746416, 44678, 7768304, 30576]] [568835994912.0, [2118.0, 383626383, 6138012243, 5340891, 6137123727, 23973306]] [2720807180.0, [248.625, 2055020, 32839552, 65428, 25506688, 101907]]
Arch_Param: [32, 4096, 8192, 8, 256, 128]
SK_cost: [306915255598.6666, [1520515.7777777778, 47352385, 757568376, 845281, 672693432, 2505874849]] [35076149676.0, [203631.0, 5333103, 85328676, 86895, 85328676, 283119471]] [1777717320.0, [13130.0, 390450, 6247200, 13170, 6247200, 12492810]] [52507721224.0, [223516.0, 7106434, 113702944, 38794, 113702944, 437444628]] [20815988568.0, [87558.0, 2772998, 44335152, 19654, 44335152, 174129158]] [2596517727072.0, [14214982.5, 383626383, 6138012243, 5340891, 6138012243, 21131037915]] [106473959120.0, [563098.6666666666, 17443052, 278762688, 474836, 252736704, 852278291]]
Model_cost: [34644297070.66667, [3757.652777777778, 41814593, 668963704, 2718657, 49400505, 195874]] [7579612332.0, [14811.0, 5333103, 85328676, 86895, 77870628, 304299]] [579669064.0, [20.666666666666664, 390450, 6247200, 13170, 6247200, 26250]] [9711964264.0, [5003.333333333333, 6635394, 106002464, 38794, 103509152, 416027]] [2024183000.0, [712.0, 2171654, 34746416, 44678, 7768304, 30576]] [568835994912.0, [2118.0, 383626383, 6138012243, 5340891, 6137123727, 23973306]] [2720807180.0, [248.625, 2055020, 32839552, 65428, 25506688, 101907]]
Arch_Param: [32, 4096, 8192, 8, 256, 256]
SK_cost: [306915255598.6666, [1520515.7777777778, 47352385, 757568376, 845281, 672693432, 2505874849]] [35076149676.0, [203631.0, 5333103, 85328676, 86895, 85328676, 283119471]] [1777717320.0, [13130.0, 390450, 6247200, 13170, 6247200, 12492810]] [52507721224.0, [223516.0, 7106434, 113702944, 38794, 113702944, 437444628]] [20815988568.0, [87558.0, 2772998, 44335152, 19654, 44335152, 174129158]] [2596517727072.0, [14214982.5, 383626383, 6138012243, 5340891, 6138012243, 21131037915]] [106473959120.0, [563098.6666666666, 17443052, 278762688, 474836, 252736704, 852278291]]
Model_cost: [34530323822.66667, [3757.652777777778, 41814593, 668963704, 938593, 49400505, 195362]] [7579612332.0, [14811.0, 5333103, 85328676, 86895, 77870628, 304299]] [579669064.0, [20.666666666666664, 390450, 6247200, 13170, 6247200, 26250]] [9711964264.0, [5003.333333333333, 6635394, 106002464, 38794, 103509152, 416027]] [2023789784.0, [712.0, 2171654, 34746416, 38534, 7768304, 30576]] [568835994912.0, [2118.0, 383626383, 6138012243, 5340891, 6137123727, 23973306]] [2720487692.0, [248.625, 2055020, 32839552, 60436, 25506688, 101907]]
Arch_Param: [32, 4096, 8192, 8, 512, 16]
SK_cost: [306820550010.6666, [1520515.7777777778, 23676452, 757568376, 845252, 672693432, 2505874849]] [35065483692.0, [203631.0, 2666607, 85328676, 86895, 85328676, 283119471]] [1776935160.0, [13130.0, 195230, 6247200, 13150, 6247200, 12492810]] [52493504536.0, [223516.0, 3553222, 113702944, 38734, 113702944, 437444628]] [20810450776.0, [87558.0, 1388550, 44335152, 19654, 44335152, 174129158]] [2595750476160.0, [14214982.5, 191813655, 6138012243, 5340891, 6138012243, 21131037915]] [106439065464.0, [563098.6666666666, 8721526, 278762688, 474718, 252736704, 852278291]]
Model_cost: [34560667066.66667, [3757.652777777778, 20907556, 668963704, 2718628, 49400505, 195874]] [7568946348.0, [14811.0, 2666607, 85328676, 86895, 77870628, 304299]] [578886904.0, [20.666666666666664, 195230, 6247200, 13150, 6247200, 26250]] [9698730616.0, [5003.333333333333, 3327942, 106002464, 38734, 103509152, 416027]] [2026630872.0, [712.0, 1096070, 34746416, 150150, 7768304, 30576]] [568068744000.0, [2118.0, 191813655, 6138012243, 5340891, 6137123727, 23973306]] [2717559092.0, [260.625, 1027510, 32839552, 78110, 25506688, 102419]]
Arch_Param: [32, 4096, 8192, 8, 512, 64]
SK_cost: [306820550010.6666, [1520515.7777777778, 23676452, 757568376, 845252, 672693432, 2505874849]] [35065483692.0, [203631.0, 2666607, 85328676, 86895, 85328676, 283119471]] [1776935160.0, [13130.0, 195230, 6247200, 13150, 6247200, 12492810]] [52493504536.0, [223516.0, 3553222, 113702944, 38734, 113702944, 437444628]] [20810450776.0, [87558.0, 1388550, 44335152, 19654, 44335152, 174129158]] [2595750476160.0, [14214982.5, 191813655, 6138012243, 5340891, 6138012243, 21131037915]] [106439065464.0, [563098.6666666666, 8721526, 278762688, 474718, 252736704, 852278291]]
Model_cost: [34560667066.66667, [3757.652777777778, 20907556, 668963704, 2718628, 49400505, 195874]] [7568946348.0, [14811.0, 2666607, 85328676, 86895, 77870628, 304299]] [578886904.0, [20.666666666666664, 195230, 6247200, 13150, 6247200, 26250]] [9698730616.0, [5003.333333333333, 3327942, 106002464, 38734, 103509152, 416027]] [2019880664.0, [712.0, 1096070, 34746416, 44678, 7768304, 30576]] [568068744000.0, [2118.0, 191813655, 6138012243, 5340891, 6137123727, 23973306]] [2716689588.0, [248.625, 1027510, 32839552, 65310, 25506688, 101907]]
Arch_Param: [32, 4096, 8192, 8, 512, 128]
SK_cost: [306820550010.6666, [1520515.7777777778, 23676452, 757568376, 845252, 672693432, 2505874849]] [35065483692.0, [203631.0, 2666607, 85328676, 86895, 85328676, 283119471]] [1776935160.0, [13130.0, 195230, 6247200, 13150, 6247200, 12492810]] [52493504536.0, [223516.0, 3553222, 113702944, 38734, 113702944, 437444628]] [20810450776.0, [87558.0, 1388550, 44335152, 19654, 44335152, 174129158]] [2595750476160.0, [14214982.5, 191813655, 6138012243, 5340891, 6138012243, 21131037915]] [106439065464.0, [563098.6666666666, 8721526, 278762688, 474718, 252736704, 852278291]]
Model_cost: [34560667066.66667, [3757.652777777778, 20907556, 668963704, 2718628, 49400505, 195874]] [7568946348.0, [14811.0, 2666607, 85328676, 86895, 77870628, 304299]] [578886904.0, [20.666666666666664, 195230, 6247200, 13150, 6247200, 26250]] [9698730616.0, [5003.333333333333, 3327942, 106002464, 38734, 103509152, 416027]] [2019880664.0, [712.0, 1096070, 34746416, 44678, 7768304, 30576]] [568068744000.0, [2118.0, 191813655, 6138012243, 5340891, 6137123727, 23973306]] [2716689588.0, [248.625, 1027510, 32839552, 65310, 25506688, 101907]]
Arch_Param: [32, 4096, 8192, 8, 512, 256]
SK_cost: [306820550010.6666, [1520515.7777777778, 23676452, 757568376, 845252, 672693432, 2505874849]] [35065483692.0, [203631.0, 2666607, 85328676, 86895, 85328676, 283119471]] [1776935160.0, [13130.0, 195230, 6247200, 13150, 6247200, 12492810]] [52493504536.0, [223516.0, 3553222, 113702944, 38734, 113702944, 437444628]] [20810450776.0, [87558.0, 1388550, 44335152, 19654, 44335152, 174129158]] [2595750476160.0, [14214982.5, 191813655, 6138012243, 5340891, 6138012243, 21131037915]] [106439065464.0, [563098.6666666666, 8721526, 278762688, 474718, 252736704, 852278291]]
Model_cost: [34446693818.66667, [3757.652777777778, 20907556, 668963704, 938564, 49400505, 195362]] [7568946348.0, [14811.0, 2666607, 85328676, 86895, 77870628, 304299]] [578886904.0, [20.666666666666664, 195230, 6247200, 13150, 6247200, 26250]] [9698730616.0, [5003.333333333333, 3327942, 106002464, 38734, 103509152, 416027]] [2019487448.0, [712.0, 1096070, 34746416, 38534, 7768304, 30576]] [568068744000.0, [2118.0, 191813655, 6138012243, 5340891, 6137123727, 23973306]] [2716370100.0, [248.625, 1027510, 32839552, 60318, 25506688, 101907]]
Arch_Param: [32, 4096, 8192, 8, 512, 512]
SK_cost: [306820550010.6666, [1520515.7777777778, 23676452, 757568376, 845252, 672693432, 2505874849]] [35065483692.0, [203631.0, 2666607, 85328676, 86895, 85328676, 283119471]] [1776935160.0, [13130.0, 195230, 6247200, 13150, 6247200, 12492810]] [52493504536.0, [223516.0, 3553222, 113702944, 38734, 113702944, 437444628]] [20810450776.0, [87558.0, 1388550, 44335152, 19654, 44335152, 174129158]] [2595750476160.0, [14214982.5, 191813655, 6138012243, 5340891, 6138012243, 21131037915]] [106439065464.0, [563098.6666666666, 8721526, 278762688, 474718, 252736704, 852278291]]
Model_cost: [34446693818.66667, [3757.652777777778, 20907556, 668963704, 938564, 49400505, 195362]] [7568946348.0, [14811.0, 2666607, 85328676, 86895, 77870628, 304299]] [578886904.0, [20.666666666666664, 195230, 6247200, 13150, 6247200, 26250]] [9698730616.0, [5003.333333333333, 3327942, 106002464, 38734, 103509152, 416027]] [2017908440.0, [712.0, 1087878, 34713648, 22150, 7792880, 30512]] [568068744000.0, [2118.0, 191813655, 6138012243, 5340891, 6137123727, 23973306]] [2716370100.0, [248.625, 1027510, 32839552, 60318, 25506688, 101907]]
Arch_Param: [32, 4096, 8192, 8, 1024, 16]
SK_cost: [306773222830.6666, [1520515.7777777778, 11844705, 757568376, 845249, 672693432, 2505874849]] [35060150700.0, [203631.0, 1333359, 85328676, 86895, 85328676, 283119471]] [1776569680.0, [13130.0, 104020, 6247200, 13140, 6247200, 12492810]] [52486421792.0, [223516.0, 1783016, 113702944, 38704, 113702944, 437444628]] [20807681880.0, [87558.0, 696326, 44335152, 19654, 44335152, 174129158]] [2595366850704.0, [14214982.5, 95907291, 6138012243, 5340891, 6138012243, 21131037915]] [106421668812.0, [563098.6666666666, 4373307, 278762688, 474659, 252736704, 852278291]]
Model_cost: [34518877678.66667, [3757.652777777778, 10460257, 668963704, 2718625, 49400505, 195874]] [7563613356.0, [14811.0, 1333359, 85328676, 86895, 77870628, 304299]] [578521456.0, [21.0, 104020, 6247200, 13140, 6247200, 26250]] [9692139456.0, [5004.0, 1680616, 106002464, 38704, 103509152, 416027]] [2023346296.0, [711.0, 547334, 34713648, 158342, 7767792, 30384]] [567685118544.0, [2118.0, 95907291, 6138012243, 5340891, 6137123727, 23973306]] [2715506568.0, [260.625, 515323, 32839552, 78051, 25506688, 102419]]
Arch_Param: [32, 4096, 8192, 8, 1024, 64]
SK_cost: [306773222830.6666, [1520515.7777777778, 11844705, 757568376, 845249, 672693432, 2505874849]] [35060150700.0, [203631.0, 1333359, 85328676, 86895, 85328676, 283119471]] [1776569680.0, [13130.0, 104020, 6247200, 13140, 6247200, 12492810]] [52486421792.0, [223516.0, 1783016, 113702944, 38704, 113702944, 437444628]] [20807681880.0, [87558.0, 696326, 44335152, 19654, 44335152, 174129158]] [2595366850704.0, [14214982.5, 95907291, 6138012243, 5340891, 6138012243, 21131037915]] [106421668812.0, [563098.6666666666, 4373307, 278762688, 474659, 252736704, 852278291]]
Model_cost: [34518877678.66667, [3757.652777777778, 10460257, 668963704, 2718625, 49400505, 195874]] [7563613356.0, [14811.0, 1333359, 85328676, 86895, 77870628, 304299]] [578521456.0, [21.0, 104020, 6247200, 13140, 6247200, 26250]] [9692139456.0, [5004.0, 1680616, 106002464, 38704, 103509152, 416027]] [2016596088.0, [711.0, 547334, 34713648, 52870, 7767792, 30384]] [567685118544.0, [2118.0, 95907291, 6138012243, 5340891, 6137123727, 23973306]] [2714637064.0, [248.625, 515323, 32839552, 65251, 25506688, 101907]]
Arch_Param: [32, 4096, 8192, 8, 1024, 128]
SK_cost: [306773222830.6666, [1520515.7777777778, 11844705, 757568376, 845249, 672693432, 2505874849]] [35060150700.0, [203631.0, 1333359, 85328676, 86895, 85328676, 283119471]] [1776569680.0, [13130.0, 104020, 6247200, 13140, 6247200, 12492810]] [52486421792.0, [223516.0, 1783016, 113702944, 38704, 113702944, 437444628]] [20807681880.0, [87558.0, 696326, 44335152, 19654, 44335152, 174129158]] [2595366850704.0, [14214982.5, 95907291, 6138012243, 5340891, 6138012243, 21131037915]] [106421668812.0, [563098.6666666666, 4373307, 278762688, 474659, 252736704, 852278291]]
Model_cost: [34518877678.66667, [3757.652777777778, 10460257, 668963704, 2718625, 49400505, 195874]] [7563613356.0, [14811.0, 1333359, 85328676, 86895, 77870628, 304299]] [578521456.0, [21.0, 104020, 6247200, 13140, 6247200, 26250]] [9692139456.0, [5004.0, 1680616, 106002464, 38704, 103509152, 416027]] [2016596088.0, [711.0, 547334, 34713648, 52870, 7767792, 30384]] [567685118544.0, [2118.0, 95907291, 6138012243, 5340891, 6137123727, 23973306]] [2714637064.0, [248.625, 515323, 32839552, 65251, 25506688, 101907]]
Arch_Param: [32, 4096, 8192, 8, 1024, 256]
SK_cost: [306773222830.6666, [1520515.7777777778, 11844705, 757568376, 845249, 672693432, 2505874849]] [35060150700.0, [203631.0, 1333359, 85328676, 86895, 85328676, 283119471]] [1776569680.0, [13130.0, 104020, 6247200, 13140, 6247200, 12492810]] [52486421792.0, [223516.0, 1783016, 113702944, 38704, 113702944, 437444628]] [20807681880.0, [87558.0, 696326, 44335152, 19654, 44335152, 174129158]] [2595366850704.0, [14214982.5, 95907291, 6138012243, 5340891, 6138012243, 21131037915]] [106421668812.0, [563098.6666666666, 4373307, 278762688, 474659, 252736704, 852278291]]
Model_cost: [34404904430.66667, [3757.652777777778, 10460257, 668963704, 938561, 49400505, 195362]] [7563613356.0, [14811.0, 1333359, 85328676, 86895, 77870628, 304299]] [578521456.0, [21.0, 104020, 6247200, 13140, 6247200, 26250]] [9692139456.0, [5004.0, 1680616, 106002464, 38704, 103509152, 416027]] [2016202872.0, [711.0, 547334, 34713648, 46726, 7767792, 30384]] [567685118544.0, [2118.0, 95907291, 6138012243, 5340891, 6137123727, 23973306]] [2714317576.0, [248.625, 515323, 32839552, 60259, 25506688, 101907]]
Arch_Param: [32, 4096, 8192, 8, 1024, 512]
SK_cost: [306773222830.6666, [1520515.7777777778, 11844705, 757568376, 845249, 672693432, 2505874849]] [35060150700.0, [203631.0, 1333359, 85328676, 86895, 85328676, 283119471]] [1776569680.0, [13130.0, 104020, 6247200, 13140, 6247200, 12492810]] [52486421792.0, [223516.0, 1783016, 113702944, 38704, 113702944, 437444628]] [20807681880.0, [87558.0, 696326, 44335152, 19654, 44335152, 174129158]] [2595366850704.0, [14214982.5, 95907291, 6138012243, 5340891, 6138012243, 21131037915]] [106421668812.0, [563098.6666666666, 4373307, 278762688, 474659, 252736704, 852278291]]
Model_cost: [34404904430.66667, [3757.652777777778, 10460257, 668963704, 938561, 49400505, 195362]] [7563613356.0, [14811.0, 1333359, 85328676, 86895, 77870628, 304299]] [578521456.0, [21.0, 104020, 6247200, 13140, 6247200, 26250]] [9692139456.0, [5004.0, 1680616, 106002464, 38704, 103509152, 416027]] [2015746264.0, [712.0, 547334, 34713648, 22150, 7792880, 30512]] [567685118544.0, [2118.0, 95907291, 6138012243, 5340891, 6137123727, 23973306]] [2714317576.0, [248.625, 515323, 32839552, 60259, 25506688, 101907]]
Arch_Param: [32, 4096, 8192, 16, 256, 16]
SK_cost: [165047787993.3333, [815146.8888888889, 25429697, 406836408, 451617, 364399800, 1346637217]] [35076149676.0, [203631.0, 5333103, 85328676, 86895, 85328676, 283119471]] [1777717320.0, [13130.0, 390450, 6247200, 13170, 6247200, 12492810]] [52507721224.0, [223516.0, 7106434, 113702944, 38794, 113702944, 437444628]] [10407997272.0, [43782.0, 1386502, 22167600, 9830, 22167600, 87064582]] [2596517727072.0, [14214982.5, 383626383, 6138012243, 5340891, 6138012243, 21131037915]] [94253194960.0, [472602.6666666667, 14813420, 236848320, 329428, 225408192, 758758419]]
Model_cost: [19613715081.333336, [2027.263888888889, 22447809, 359126200, 1456961, 49400505, 195874]] [7579612332.0, [14811.0, 5333103, 85328676, 86895, 77870628, 304299]] [579669064.0, [20.666666666666664, 390450, 6247200, 13170, 6247200, 26250]] [9711964264.0, [5003.333333333333, 6635394, 106002464, 38794, 103509152, 416027]] [1187838584.0, [359.0, 1085830, 17373232, 75078, 7768304, 30576]] [568835994912.0, [2118.0, 383626383, 6138012243, 5340891, 6137123727, 23973306]] [2511417924.0, [187.875, 1783660, 28517760, 51348, 25506688, 102419]]
Arch_Param: [32, 4096, 8192, 16, 256, 64]
SK_cost: [165047787993.3333, [815146.8888888889, 25429697, 406836408, 451617, 364399800, 1346637217]] [35076149676.0, [203631.0, 5333103, 85328676, 86895, 85328676, 283119471]] [1777717320.0, [13130.0, 390450, 6247200, 13170, 6247200, 12492810]] [52507721224.0, [223516.0, 7106434, 113702944, 38794, 113702944, 437444628]] [10407997272.0, [43782.0, 1386502, 22167600, 9830, 22167600, 87064582]] [2596517727072.0, [14214982.5, 383626383, 6138012243, 5340891, 6138012243, 21131037915]] [94253194960.0, [472602.6666666667, 14813420, 236848320, 329428, 225408192, 758758419]]
Model_cost: [19613715081.333336, [2027.263888888889, 22447809, 359126200, 1456961, 49400505, 195874]] [7579612332.0, [14811.0, 5333103, 85328676, 86895, 77870628, 304299]] [579669064.0, [20.666666666666664, 390450, 6247200, 13170, 6247200, 26250]] [9711964264.0, [5003.333333333333, 6635394, 106002464, 38794, 103509152, 416027]] [1184463480.0, [359.0, 1085830, 17373232, 22342, 7768304, 30576]] [568835994912.0, [2118.0, 383626383, 6138012243, 5340891, 6137123727, 23973306]] [2510958788.0, [183.875, 1783660, 28517760, 44948, 25506688, 101907]]
Arch_Param: [32, 4096, 8192, 16, 256, 128]
SK_cost: [165047787993.3333, [815146.8888888889, 25429697, 406836408, 451617, 364399800, 1346637217]] [35076149676.0, [203631.0, 5333103, 85328676, 86895, 85328676, 283119471]] [1777717320.0, [13130.0, 390450, 6247200, 13170, 6247200, 12492810]] [52507721224.0, [223516.0, 7106434, 113702944, 38794, 113702944, 437444628]] [10407997272.0, [43782.0, 1386502, 22167600, 9830, 22167600, 87064582]] [2596517727072.0, [14214982.5, 383626383, 6138012243, 5340891, 6138012243, 21131037915]] [94253194960.0, [472602.6666666667, 14813420, 236848320, 329428, 225408192, 758758419]]
Model_cost: [19552321417.333336, [2019.263888888889, 22447809, 359126200, 498465, 49400505, 195362]] [7579612332.0, [14811.0, 5333103, 85328676, 86895, 77870628, 304299]] [579669064.0, [20.666666666666664, 390450, 6247200, 13170, 6247200, 26250]] [9711964264.0, [5003.333333333333, 6635394, 106002464, 38794, 103509152, 416027]] [1184266872.0, [359.0, 1085830, 17373232, 19270, 7768304, 30576]] [568835994912.0, [2118.0, 383626383, 6138012243, 5340891, 6137123727, 23973306]] [2510786468.0, [180.875, 1783660, 28517760, 42260, 25506688, 101907]]
Arch_Param: [32, 4096, 8192, 16, 256, 256]
SK_cost: [165047787993.3333, [815146.8888888889, 25429697, 406836408, 451617, 364399800, 1346637217]] [35076149676.0, [203631.0, 5333103, 85328676, 86895, 85328676, 283119471]] [1777717320.0, [13130.0, 390450, 6247200, 13170, 6247200, 12492810]] [52507721224.0, [223516.0, 7106434, 113702944, 38794, 113702944, 437444628]] [10407997272.0, [43782.0, 1386502, 22167600, 9830, 22167600, 87064582]] [2596517727072.0, [14214982.5, 383626383, 6138012243, 5340891, 6138012243, 21131037915]] [94253194960.0, [472602.6666666667, 14813420, 236848320, 329428, 225408192, 758758419]]
Model_cost: [19552321417.333336, [2019.263888888889, 22447809, 359126200, 498465, 49400505, 195362]] [7579612332.0, [14811.0, 5333103, 85328676, 86895, 77870628, 304299]] [579669064.0, [20.666666666666664, 390450, 6247200, 13170, 6247200, 26250]] [9711964264.0, [5003.333333333333, 6635394, 106002464, 38794, 103509152, 416027]] [1184031448.0, [360.0, 1085830, 17356848, 11078, 7792880, 30512]] [568835994912.0, [2118.0, 383626383, 6138012243, 5340891, 6137123727, 23973306]] [2510786468.0, [180.875, 1783660, 28517760, 42260, 25506688, 101907]]
Arch_Param: [32, 4096, 8192, 16, 512, 16]
SK_cost: [164996927781.3333, [815146.8888888889, 12715108, 406836408, 451588, 364399800, 1346637217]] [35065483692.0, [203631.0, 2666607, 85328676, 86895, 85328676, 283119471]] [1776935160.0, [13130.0, 195230, 6247200, 13150, 6247200, 12492810]] [52493504536.0, [223516.0, 3553222, 113702944, 38734, 113702944, 437444628]] [10405228376.0, [43782.0, 694278, 22167600, 9830, 22167600, 87064582]] [2595750476160.0, [14214982.5, 191813655, 6138012243, 5340891, 6138012243, 21131037915]] [94223560568.0, [472602.6666666667, 7406710, 236848320, 329310, 225408192, 758758419]]
Model_cost: [19568818645.333336, [2027.263888888889, 11224164, 359126200, 1456932, 49400505, 195874]] [7568946348.0, [14811.0, 2666607, 85328676, 86895, 77870628, 304299]] [578886904.0, [20.666666666666664, 195230, 6247200, 13150, 6247200, 26250]] [9698730616.0, [5003.333333333333, 3327942, 106002464, 38734, 103509152, 416027]] [1185687416.0, [359.0, 548038, 17373232, 75078, 7768304, 30576]] [568068744000.0, [2118.0, 191813655, 6138012243, 5340891, 6137123727, 23973306]] [2507843052.0, [187.875, 891830, 28517760, 51230, 25506688, 102419]]
Arch_Param: [32, 4096, 8192, 16, 512, 64]
SK_cost: [164996927781.3333, [815146.8888888889, 12715108, 406836408, 451588, 364399800, 1346637217]] [35065483692.0, [203631.0, 2666607, 85328676, 86895, 85328676, 283119471]] [1776935160.0, [13130.0, 195230, 6247200, 13150, 6247200, 12492810]] [52493504536.0, [223516.0, 3553222, 113702944, 38734, 113702944, 437444628]] [10405228376.0, [43782.0, 694278, 22167600, 9830, 22167600, 87064582]] [2595750476160.0, [14214982.5, 191813655, 6138012243, 5340891, 6138012243, 21131037915]] [94223560568.0, [472602.6666666667, 7406710, 236848320, 329310, 225408192, 758758419]]
Model_cost: [19568818645.333336, [2027.263888888889, 11224164, 359126200, 1456932, 49400505, 195874]] [7568946348.0, [14811.0, 2666607, 85328676, 86895, 77870628, 304299]] [578886904.0, [20.666666666666664, 195230, 6247200, 13150, 6247200, 26250]] [9698730616.0, [5003.333333333333, 3327942, 106002464, 38734, 103509152, 416027]] [1182312312.0, [359.0, 548038, 17373232, 22342, 7768304, 30576]] [568068744000.0, [2118.0, 191813655, 6138012243, 5340891, 6137123727, 23973306]] [2507383916.0, [183.875, 891830, 28517760, 44830, 25506688, 101907]]
Arch_Param: [32, 4096, 8192, 16, 512, 128]
SK_cost: [164996927781.3333, [815146.8888888889, 12715108, 406836408, 451588, 364399800, 1346637217]] [35065483692.0, [203631.0, 2666607, 85328676, 86895, 85328676, 283119471]] [1776935160.0, [13130.0, 195230, 6247200, 13150, 6247200, 12492810]] [52493504536.0, [223516.0, 3553222, 113702944, 38734, 113702944, 437444628]] [10405228376.0, [43782.0, 694278, 22167600, 9830, 22167600, 87064582]] [2595750476160.0, [14214982.5, 191813655, 6138012243, 5340891, 6138012243, 21131037915]] [94223560568.0, [472602.6666666667, 7406710, 236848320, 329310, 225408192, 758758419]]
Model_cost: [19507424981.333336, [2019.263888888889, 11224164, 359126200, 498436, 49400505, 195362]] [7568946348.0, [14811.0, 2666607, 85328676, 86895, 77870628, 304299]] [578886904.0, [20.666666666666664, 195230, 6247200, 13150, 6247200, 26250]] [9698730616.0, [5003.333333333333, 3327942, 106002464, 38734, 103509152, 416027]] [1182115704.0, [359.0, 548038, 17373232, 19270, 7768304, 30576]] [568068744000.0, [2118.0, 191813655, 6138012243, 5340891, 6137123727, 23973306]] [2507211596.0, [180.875, 891830, 28517760, 42142, 25506688, 101907]]
Arch_Param: [32, 4096, 8192, 16, 512, 256]
SK_cost: [164996927781.3333, [815146.8888888889, 12715108, 406836408, 451588, 364399800, 1346637217]] [35065483692.0, [203631.0, 2666607, 85328676, 86895, 85328676, 283119471]] [1776935160.0, [13130.0, 195230, 6247200, 13150, 6247200, 12492810]] [52493504536.0, [223516.0, 3553222, 113702944, 38734, 113702944, 437444628]] [10405228376.0, [43782.0, 694278, 22167600, 9830, 22167600, 87064582]] [2595750476160.0, [14214982.5, 191813655, 6138012243, 5340891, 6138012243, 21131037915]] [94223560568.0, [472602.6666666667, 7406710, 236848320, 329310, 225408192, 758758419]]
Model_cost: [19507424981.333336, [2019.263888888889, 11224164, 359126200, 498436, 49400505, 195362]] [7568946348.0, [14811.0, 2666607, 85328676, 86895, 77870628, 304299]] [578886904.0, [20.666666666666664, 195230, 6247200, 13150, 6247200, 26250]] [9698730616.0, [5003.333333333333, 3327942, 106002464, 38734, 103509152, 416027]] [1181863896.0, [360.0, 543942, 17356848, 11078, 7792880, 30512]] [568068744000.0, [2118.0, 191813655, 6138012243, 5340891, 6137123727, 23973306]] [2507211596.0, [180.875, 891830, 28517760, 42142, 25506688, 101907]]
Arch_Param: [32, 4096, 8192, 16, 512, 512]
SK_cost: [164996927781.3333, [815146.8888888889, 12715108, 406836408, 451588, 364399800, 1346637217]] [35065483692.0, [203631.0, 2666607, 85328676, 86895, 85328676, 283119471]] [1776935160.0, [13130.0, 195230, 6247200, 13150, 6247200, 12492810]] [52493504536.0, [223516.0, 3553222, 113702944, 38734, 113702944, 437444628]] [10405228376.0, [43782.0, 694278, 22167600, 9830, 22167600, 87064582]] [2595750476160.0, [14214982.5, 191813655, 6138012243, 5340891, 6138012243, 21131037915]] [94223560568.0, [472602.6666666667, 7406710, 236848320, 329310, 225408192, 758758419]]
Model_cost: [19506810293.333336, [2016.263888888889, 11224164, 359126200, 488836, 49400505, 195362]] [7568946348.0, [14811.0, 2666607, 85328676, 86895, 77870628, 304299]] [578886904.0, [20.666666666666664, 195230, 6247200, 13150, 6247200, 26250]] [9698730616.0, [5003.333333333333, 3327942, 106002464, 38734, 103509152, 416027]] [1180667480.0, [359.0, 543942, 17356848, 9830, 7767792, 30381]] [568068744000.0, [2118.0, 191813655, 6138012243, 5340891, 6137123727, 23973306]] [2507211596.0, [180.875, 891830, 28517760, 42142, 25506688, 101907]]
Arch_Param: [32, 4096, 8192, 16, 1024, 16]
SK_cost: [164971510873.3333, [815146.8888888889, 6360929, 406836408, 451585, 364399800, 1346637217]] [35060150700.0, [203631.0, 1333359, 85328676, 86895, 85328676, 283119471]] [1776569680.0, [13130.0, 104020, 6247200, 13140, 6247200, 12492810]] [52486421792.0, [223516.0, 1783016, 113702944, 38704, 113702944, 437444628]] [10403843928.0, [43782.0, 348166, 22167600, 9830, 22167600, 87064582]] [2595366850704.0, [14214982.5, 95907291, 6138012243, 5340891, 6138012243, 21131037915]] [94208768972.0, [472602.6666666667, 3709755, 236848320, 329251, 225408192, 758758419]]
Model_cost: [19546383625.333336, [2027.263888888889, 5615457, 359126200, 1456929, 49400505, 195874]] [7563613356.0, [14811.0, 1333359, 85328676, 86895, 77870628, 304299]] [578521456.0, [21.0, 104020, 6247200, 13140, 6247200, 26250]] [9692139456.0, [5004.0, 1680616, 106002464, 38704, 103509152, 416027]] [1184024696.0, [359.0, 273670, 17356848, 79174, 7767792, 30384]] [567685118544.0, [2118.0, 95907291, 6138012243, 5340891, 6137123727, 23973306]] [2506058816.0, [187.875, 446715, 28517760, 51171, 25506688, 102419]]
Arch_Param: [32, 4096, 8192, 16, 1024, 64]
SK_cost: [164971510873.3333, [815146.8888888889, 6360929, 406836408, 451585, 364399800, 1346637217]] [35060150700.0, [203631.0, 1333359, 85328676, 86895, 85328676, 283119471]] [1776569680.0, [13130.0, 104020, 6247200, 13140, 6247200, 12492810]] [52486421792.0, [223516.0, 1783016, 113702944, 38704, 113702944, 437444628]] [10403843928.0, [43782.0, 348166, 22167600, 9830, 22167600, 87064582]] [2595366850704.0, [14214982.5, 95907291, 6138012243, 5340891, 6138012243, 21131037915]] [94208768972.0, [472602.6666666667, 3709755, 236848320, 329251, 225408192, 758758419]]
Model_cost: [19546383625.333336, [2027.263888888889, 5615457, 359126200, 1456929, 49400505, 195874]] [7563613356.0, [14811.0, 1333359, 85328676, 86895, 77870628, 304299]] [578521456.0, [21.0, 104020, 6247200, 13140, 6247200, 26250]] [9692139456.0, [5004.0, 1680616, 106002464, 38704, 103509152, 416027]] [1180649592.0, [359.0, 273670, 17356848, 26438, 7767792, 30384]] [567685118544.0, [2118.0, 95907291, 6138012243, 5340891, 6137123727, 23973306]] [2505599680.0, [183.875, 446715, 28517760, 44771, 25506688, 101907]]
Arch_Param: [32, 4096, 8192, 16, 1024, 128]
SK_cost: [164971510873.3333, [815146.8888888889, 6360929, 406836408, 451585, 364399800, 1346637217]] [35060150700.0, [203631.0, 1333359, 85328676, 86895, 85328676, 283119471]] [1776569680.0, [13130.0, 104020, 6247200, 13140, 6247200, 12492810]] [52486421792.0, [223516.0, 1783016, 113702944, 38704, 113702944, 437444628]] [10403843928.0, [43782.0, 348166, 22167600, 9830, 22167600, 87064582]] [2595366850704.0, [14214982.5, 95907291, 6138012243, 5340891, 6138012243, 21131037915]] [94208768972.0, [472602.6666666667, 3709755, 236848320, 329251, 225408192, 758758419]]
Model_cost: [19484989961.333336, [2019.263888888889, 5615457, 359126200, 498433, 49400505, 195362]] [7563613356.0, [14811.0, 1333359, 85328676, 86895, 77870628, 304299]] [578521456.0, [21.0, 104020, 6247200, 13140, 6247200, 26250]] [9692139456.0, [5004.0, 1680616, 106002464, 38704, 103509152, 416027]] [1180452984.0, [359.0, 273670, 17356848, 23366, 7767792, 30384]] [567685118544.0, [2118.0, 95907291, 6138012243, 5340891, 6137123727, 23973306]] [2505427360.0, [180.875, 446715, 28517760, 42083, 25506688, 101907]]
Arch_Param: [32, 4096, 8192, 16, 1024, 256]
SK_cost: [164971510873.3333, [815146.8888888889, 6360929, 406836408, 451585, 364399800, 1346637217]] [35060150700.0, [203631.0, 1333359, 85328676, 86895, 85328676, 283119471]] [1776569680.0, [13130.0, 104020, 6247200, 13140, 6247200, 12492810]] [52486421792.0, [223516.0, 1783016, 113702944, 38704, 113702944, 437444628]] [10403843928.0, [43782.0, 348166, 22167600, 9830, 22167600, 87064582]] [2595366850704.0, [14214982.5, 95907291, 6138012243, 5340891, 6138012243, 21131037915]] [94208768972.0, [472602.6666666667, 3709755, 236848320, 329251, 225408192, 758758419]]
Model_cost: [19484989961.333336, [2019.263888888889, 5615457, 359126200, 498433, 49400505, 195362]] [7563613356.0, [14811.0, 1333359, 85328676, 86895, 77870628, 304299]] [578521456.0, [21.0, 104020, 6247200, 13140, 6247200, 26250]] [9692139456.0, [5004.0, 1680616, 106002464, 38704, 103509152, 416027]] [1180452984.0, [359.0, 273670, 17356848, 23366, 7767792, 30384]] [567685118544.0, [2118.0, 95907291, 6138012243, 5340891, 6137123727, 23973306]] [2505427360.0, [180.875, 446715, 28517760, 42083, 25506688, 101907]]
Arch_Param: [32, 4096, 8192, 16, 1024, 512]
SK_cost: [164971510873.3333, [815146.8888888889, 6360929, 406836408, 451585, 364399800, 1346637217]] [35060150700.0, [203631.0, 1333359, 85328676, 86895, 85328676, 283119471]] [1776569680.0, [13130.0, 104020, 6247200, 13140, 6247200, 12492810]] [52486421792.0, [223516.0, 1783016, 113702944, 38704, 113702944, 437444628]] [10403843928.0, [43782.0, 348166, 22167600, 9830, 22167600, 87064582]] [2595366850704.0, [14214982.5, 95907291, 6138012243, 5340891, 6138012243, 21131037915]] [94208768972.0, [472602.6666666667, 3709755, 236848320, 329251, 225408192, 758758419]]
Model_cost: [19484375273.333336, [2016.263888888889, 5615457, 359126200, 488833, 49400505, 195362]] [7563613356.0, [14811.0, 1333359, 85328676, 86895, 77870628, 304299]] [578521456.0, [21.0, 104020, 6247200, 13140, 6247200, 26250]] [9692139456.0, [5004.0, 1680616, 106002464, 38704, 103509152, 416027]] [1179583704.0, [359.0, 272998, 17356848, 9830, 7767792, 30381]] [567685118544.0, [2118.0, 95907291, 6138012243, 5340891, 6137123727, 23973306]] [2505427360.0, [180.875, 446715, 28517760, 42083, 25506688, 101907]]
Arch_Param: [32, 4096, 8192, 32, 256, 16]
SK_cost: [94135149017.33334, [462656.22222222225, 14471873, 231526584, 254913, 210308280, 767184289]] [35076149676.0, [203631.0, 5333103, 85328676, 86895, 85328676, 283119471]] [1777717320.0, [13130.0, 390450, 6247200, 13170, 6247200, 12492810]] [52507721224.0, [223516.0, 7106434, 113702944, 38794, 113702944, 437444628]] [5204001624.0, [21894.0, 693254, 11083824, 4918, 11083824, 43532294]] [2596517727072.0, [14214982.5, 383626383, 6138012243, 5340891, 6138012243, 21131037915]] [88142812880.0, [427354.6666666666, 13498604, 215891136, 256724, 211743936, 711998483]]
Model_cost: [12101153897.333332, [1157.5972222222222, 12767937, 204263608, 826433, 49400505, 195874]] [7579612332.0, [14811.0, 5333103, 85328676, 86895, 77870628, 304299]] [579669064.0, [20.666666666666664, 390450, 6247200, 13170, 6247200, 26250]] [9711964264.0, [5003.333333333333, 6635394, 106002464, 38794, 103509152, 416027]] [764603800.0, [183.33333333333334, 542918, 8686640, 11174, 7768304, 30576]] [568835994912.0, [2118.0, 383626383, 6138012243, 5340891, 6137123727, 23973306]] [2406034544.0, [151.0, 1647980, 26356864, 34708, 25506688, 101907]]
Arch_Param: [32, 4096, 8192, 32, 256, 64]
SK_cost: [94135149017.33334, [462656.22222222225, 14471873, 231526584, 254913, 210308280, 767184289]] [35076149676.0, [203631.0, 5333103, 85328676, 86895, 85328676, 283119471]] [1777717320.0, [13130.0, 390450, 6247200, 13170, 6247200, 12492810]] [52507721224.0, [223516.0, 7106434, 113702944, 38794, 113702944, 437444628]] [5204001624.0, [21894.0, 693254, 11083824, 4918, 11083824, 43532294]] [2596517727072.0, [14214982.5, 383626383, 6138012243, 5340891, 6138012243, 21131037915]] [88142812880.0, [427354.6666666666, 13498604, 215891136, 256724, 211743936, 711998483]]
Model_cost: [12066050025.333332, [1145.5972222222222, 12767937, 204263608, 278721, 49400505, 195362]] [7579612332.0, [14811.0, 5333103, 85328676, 86895, 77870628, 304299]] [579669064.0, [20.666666666666664, 390450, 6247200, 13170, 6247200, 26250]] [9711964264.0, [5003.333333333333, 6635394, 106002464, 38794, 103509152, 416027]] [764505496.0, [183.33333333333334, 542918, 8686640, 9638, 7768304, 30576]] [568835994912.0, [2118.0, 383626383, 6138012243, 5340891, 6137123727, 23973306]] [2405935952.0, [148.0, 1647980, 26356864, 33172, 25506688, 101907]]
Arch_Param: [32, 4096, 8192, 32, 256, 128]
SK_cost: [94135149017.33334, [462656.22222222225, 14471873, 231526584, 254913, 210308280, 767184289]] [35076149676.0, [203631.0, 5333103, 85328676, 86895, 85328676, 283119471]] [1777717320.0, [13130.0, 390450, 6247200, 13170, 6247200, 12492810]] [52507721224.0, [223516.0, 7106434, 113702944, 38794, 113702944, 437444628]] [5204001624.0, [21894.0, 693254, 11083824, 4918, 11083824, 43532294]] [2596517727072.0, [14214982.5, 383626383, 6138012243, 5340891, 6138012243, 21131037915]] [88142812880.0, [427354.6666666666, 13498604, 215891136, 256724, 211743936, 711998483]]
Model_cost: [12066050025.333332, [1145.5972222222222, 12767937, 204263608, 278721, 49400505, 195362]] [7579612332.0, [14811.0, 5333103, 85328676, 86895, 77870628, 304299]] [579669064.0, [20.666666666666664, 390450, 6247200, 13170, 6247200, 26250]] [9711964264.0, [5003.333333333333, 6635394, 106002464, 38794, 103509152, 416027]] [764505496.0, [183.33333333333334, 542918, 8686640, 9638, 7768304, 30576]] [568835994912.0, [2118.0, 383626383, 6138012243, 5340891, 6137123727, 23973306]] [2405935952.0, [148.0, 1647980, 26356864, 33172, 25506688, 101907]]
Arch_Param: [32, 4096, 8192, 32, 256, 256]
SK_cost: [94135149017.33334, [462656.22222222225, 14471873, 231526584, 254913, 210308280, 767184289]] [35076149676.0, [203631.0, 5333103, 85328676, 86895, 85328676, 283119471]] [1777717320.0, [13130.0, 390450, 6247200, 13170, 6247200, 12492810]] [52507721224.0, [223516.0, 7106434, 113702944, 38794, 113702944, 437444628]] [5204001624.0, [21894.0, 693254, 11083824, 4918, 11083824, 43532294]] [2596517727072.0, [14214982.5, 383626383, 6138012243, 5340891, 6138012243, 21131037915]] [88142812880.0, [427354.6666666666, 13498604, 215891136, 256724, 211743936, 711998483]]
Model_cost: [12065730537.333332, [1145.5972222222222, 12767937, 204263608, 273729, 49400505, 195362]] [7579612332.0, [14811.0, 5333103, 85328676, 86895, 77870628, 304299]] [579669064.0, [20.666666666666664, 390450, 6247200, 13170, 6247200, 26250]] [9711964264.0, [5003.333333333333, 6635394, 106002464, 38794, 103509152, 416027]] [763768920.0, [183.0, 542918, 8678448, 4918, 7767792, 30381]] [568835994912.0, [2118.0, 383626383, 6138012243, 5340891, 6137123727, 23973306]] [2405935952.0, [148.0, 1647980, 26356864, 33172, 25506688, 101907]]
Arch_Param: [32, 4096, 8192, 32, 512, 16]
SK_cost: [94106204453.33334, [462656.22222222225, 7236196, 231526584, 254884, 210308280, 767184289]] [35065483692.0, [203631.0, 2666607, 85328676, 86895, 85328676, 283119471]] [1776935160.0, [13130.0, 195230, 6247200, 13150, 6247200, 12492810]] [52493504536.0, [223516.0, 3553222, 113702944, 38734, 113702944, 437444628]] [5202617176.0, [21894.0, 347142, 11083824, 4918, 11083824, 43532294]] [2595750476160.0, [14214982.5, 191813655, 6138012243, 5340891, 6138012243, 21131037915]] [88115808120.0, [427354.6666666666, 6749302, 215891136, 256606, 211743936, 711998483]]
Model_cost: [12075617205.333332, [1157.5972222222222, 6384228, 204263608, 826404, 49400505, 195874]] [7568946348.0, [14811.0, 2666607, 85328676, 86895, 77870628, 304299]] [578886904.0, [20.666666666666664, 195230, 6247200, 13150, 6247200, 26250]] [9698730616.0, [5003.333333333333, 3327942, 106002464, 38734, 103509152, 416027]] [763528216.0, [183.33333333333334, 274022, 8686640, 11174, 7768304, 30576]] [568068744000.0, [2118.0, 191813655, 6138012243, 5340891, 6137123727, 23973306]] [2402731032.0, [151.0, 823990, 26356864, 34590, 25506688, 101907]]
Arch_Param: [32, 4096, 8192, 32, 512, 64]
SK_cost: [94106204453.33334, [462656.22222222225, 7236196, 231526584, 254884, 210308280, 767184289]] [35065483692.0, [203631.0, 2666607, 85328676, 86895, 85328676, 283119471]] [1776935160.0, [13130.0, 195230, 6247200, 13150, 6247200, 12492810]] [52493504536.0, [223516.0, 3553222, 113702944, 38734, 113702944, 437444628]] [5202617176.0, [21894.0, 347142, 11083824, 4918, 11083824, 43532294]] [2595750476160.0, [14214982.5, 191813655, 6138012243, 5340891, 6138012243, 21131037915]] [88115808120.0, [427354.6666666666, 6749302, 215891136, 256606, 211743936, 711998483]]
Model_cost: [12040513333.333332, [1145.5972222222222, 6384228, 204263608, 278692, 49400505, 195362]] [7568946348.0, [14811.0, 2666607, 85328676, 86895, 77870628, 304299]] [578886904.0, [20.666666666666664, 195230, 6247200, 13150, 6247200, 26250]] [9698730616.0, [5003.333333333333, 3327942, 106002464, 38734, 103509152, 416027]] [763429912.0, [183.33333333333334, 274022, 8686640, 9638, 7768304, 30576]] [568068744000.0, [2118.0, 191813655, 6138012243, 5340891, 6137123727, 23973306]] [2402632440.0, [148.0, 823990, 26356864, 33054, 25506688, 101907]]
Arch_Param: [32, 4096, 8192, 32, 512, 128]
SK_cost: [94106204453.33334, [462656.22222222225, 7236196, 231526584, 254884, 210308280, 767184289]] [35065483692.0, [203631.0, 2666607, 85328676, 86895, 85328676, 283119471]] [1776935160.0, [13130.0, 195230, 6247200, 13150, 6247200, 12492810]] [52493504536.0, [223516.0, 3553222, 113702944, 38734, 113702944, 437444628]] [5202617176.0, [21894.0, 347142, 11083824, 4918, 11083824, 43532294]] [2595750476160.0, [14214982.5, 191813655, 6138012243, 5340891, 6138012243, 21131037915]] [88115808120.0, [427354.6666666666, 6749302, 215891136, 256606, 211743936, 711998483]]
Model_cost: [12040513333.333332, [1145.5972222222222, 6384228, 204263608, 278692, 49400505, 195362]] [7568946348.0, [14811.0, 2666607, 85328676, 86895, 77870628, 304299]] [578886904.0, [20.666666666666664, 195230, 6247200, 13150, 6247200, 26250]] [9698730616.0, [5003.333333333333, 3327942, 106002464, 38734, 103509152, 416027]] [763429912.0, [183.33333333333334, 274022, 8686640, 9638, 7768304, 30576]] [568068744000.0, [2118.0, 191813655, 6138012243, 5340891, 6137123727, 23973306]] [2402632440.0, [148.0, 823990, 26356864, 33054, 25506688, 101907]]
Arch_Param: [32, 4096, 8192, 32, 512, 256]
SK_cost: [94106204453.33334, [462656.22222222225, 7236196, 231526584, 254884, 210308280, 767184289]] [35065483692.0, [203631.0, 2666607, 85328676, 86895, 85328676, 283119471]] [1776935160.0, [13130.0, 195230, 6247200, 13150, 6247200, 12492810]] [52493504536.0, [223516.0, 3553222, 113702944, 38734, 113702944, 437444628]] [5202617176.0, [21894.0, 347142, 11083824, 4918, 11083824, 43532294]] [2595750476160.0, [14214982.5, 191813655, 6138012243, 5340891, 6138012243, 21131037915]] [88115808120.0, [427354.6666666666, 6749302, 215891136, 256606, 211743936, 711998483]]
Model_cost: [12040193845.333332, [1145.5972222222222, 6384228, 204263608, 273700, 49400505, 195362]] [7568946348.0, [14811.0, 2666607, 85328676, 86895, 77870628, 304299]] [578886904.0, [20.666666666666664, 195230, 6247200, 13150, 6247200, 26250]] [9698730616.0, [5003.333333333333, 3327942, 106002464, 38734, 103509152, 416027]] [762685144.0, [183.0, 271974, 8678448, 4918, 7767792, 30381]] [568068744000.0, [2118.0, 191813655, 6138012243, 5340891, 6137123727, 23973306]] [2402632440.0, [148.0, 823990, 26356864, 33054, 25506688, 101907]]
Arch_Param: [32, 4096, 8192, 32, 512, 512]
SK_cost: [94106204453.33334, [462656.22222222225, 7236196, 231526584, 254884, 210308280, 767184289]] [35065483692.0, [203631.0, 2666607, 85328676, 86895, 85328676, 283119471]] [1776935160.0, [13130.0, 195230, 6247200, 13150, 6247200, 12492810]] [52493504536.0, [223516.0, 3553222, 113702944, 38734, 113702944, 437444628]] [5202617176.0, [21894.0, 347142, 11083824, 4918, 11083824, 43532294]] [2595750476160.0, [14214982.5, 191813655, 6138012243, 5340891, 6138012243, 21131037915]] [88115808120.0, [427354.6666666666, 6749302, 215891136, 256606, 211743936, 711998483]]
Model_cost: [12040193845.333332, [1145.5972222222222, 6384228, 204263608, 273700, 49400505, 195362]] [7568946348.0, [14811.0, 2666607, 85328676, 86895, 77870628, 304299]] [578886904.0, [20.666666666666664, 195230, 6247200, 13150, 6247200, 26250]] [9698730616.0, [5003.333333333333, 3327942, 106002464, 38734, 103509152, 416027]] [762685144.0, [183.0, 271974, 8678448, 4918, 7767792, 30381]] [568068744000.0, [2118.0, 191813655, 6138012243, 5340891, 6137123727, 23973306]] [2402632440.0, [148.0, 823990, 26356864, 33054, 25506688, 101907]]
Arch_Param: [32, 4096, 8192, 32, 1024, 16]
SK_cost: [94091739225.33334, [462656.22222222225, 3619937, 231526584, 254881, 210308280, 767184289]] [35060150700.0, [203631.0, 1333359, 85328676, 86895, 85328676, 283119471]] [1776569680.0, [13130.0, 104020, 6247200, 13140, 6247200, 12492810]] [52486421792.0, [223516.0, 1783016, 113702944, 38704, 113702944, 437444628]] [5201924952.0, [21894.0, 174086, 11083824, 4918, 11083824, 43532294]] [2595366850704.0, [14214982.5, 95907291, 6138012243, 5340891, 6138012243, 21131037915]] [88102319052.0, [427354.6666666666, 3377979, 215891136, 256547, 211743936, 711998483]]
Model_cost: [12062855913.333332, [1157.5972222222222, 3193953, 204263608, 826401, 49400505, 195874]] [7563613356.0, [14811.0, 1333359, 85328676, 86895, 77870628, 304299]] [578521456.0, [21.0, 104020, 6247200, 13140, 6247200, 26250]] [9692139456.0, [5004.0, 1680616, 106002464, 38704, 103509152, 416027]] [762676344.0, [183.0, 136838, 8678448, 13222, 7767792, 30384]] [567685118544.0, [2118.0, 95907291, 6138012243, 5340891, 6137123727, 23973306]] [2401080940.0, [151.0, 412411, 26356864, 34531, 25506688, 101907]]
Arch_Param: [32, 4096, 8192, 32, 1024, 64]
SK_cost: [94091739225.33334, [462656.22222222225, 3619937, 231526584, 254881, 210308280, 767184289]] [35060150700.0, [203631.0, 1333359, 85328676, 86895, 85328676, 283119471]] [1776569680.0, [13130.0, 104020, 6247200, 13140, 6247200, 12492810]] [52486421792.0, [223516.0, 1783016, 113702944, 38704, 113702944, 437444628]] [5201924952.0, [21894.0, 174086, 11083824, 4918, 11083824, 43532294]] [2595366850704.0, [14214982.5, 95907291, 6138012243, 5340891, 6138012243, 21131037915]] [88102319052.0, [427354.6666666666, 3377979, 215891136, 256547, 211743936, 711998483]]
Model_cost: [12027752041.333332, [1145.5972222222222, 3193953, 204263608, 278689, 49400505, 195362]] [7563613356.0, [14811.0, 1333359, 85328676, 86895, 77870628, 304299]] [578521456.0, [21.0, 104020, 6247200, 13140, 6247200, 26250]] [9692139456.0, [5004.0, 1680616, 106002464, 38704, 103509152, 416027]] [762578040.0, [183.0, 136838, 8678448, 11686, 7767792, 30384]] [567685118544.0, [2118.0, 95907291, 6138012243, 5340891, 6137123727, 23973306]] [2400982348.0, [148.0, 412411, 26356864, 32995, 25506688, 101907]]
Arch_Param: [32, 4096, 8192, 32, 1024, 128]
SK_cost: [94091739225.33334, [462656.22222222225, 3619937, 231526584, 254881, 210308280, 767184289]] [35060150700.0, [203631.0, 1333359, 85328676, 86895, 85328676, 283119471]] [1776569680.0, [13130.0, 104020, 6247200, 13140, 6247200, 12492810]] [52486421792.0, [223516.0, 1783016, 113702944, 38704, 113702944, 437444628]] [5201924952.0, [21894.0, 174086, 11083824, 4918, 11083824, 43532294]] [2595366850704.0, [14214982.5, 95907291, 6138012243, 5340891, 6138012243, 21131037915]] [88102319052.0, [427354.6666666666, 3377979, 215891136, 256547, 211743936, 711998483]]
Model_cost: [12027752041.333332, [1145.5972222222222, 3193953, 204263608, 278689, 49400505, 195362]] [7563613356.0, [14811.0, 1333359, 85328676, 86895, 77870628, 304299]] [578521456.0, [21.0, 104020, 6247200, 13140, 6247200, 26250]] [9692139456.0, [5004.0, 1680616, 106002464, 38704, 103509152, 416027]] [762578040.0, [183.0, 136838, 8678448, 11686, 7767792, 30384]] [567685118544.0, [2118.0, 95907291, 6138012243, 5340891, 6137123727, 23973306]] [2400982348.0, [148.0, 412411, 26356864, 32995, 25506688, 101907]]
Arch_Param: [32, 4096, 8192, 32, 1024, 256]
SK_cost: [94091739225.33334, [462656.22222222225, 3619937, 231526584, 254881, 210308280, 767184289]] [35060150700.0, [203631.0, 1333359, 85328676, 86895, 85328676, 283119471]] [1776569680.0, [13130.0, 104020, 6247200, 13140, 6247200, 12492810]] [52486421792.0, [223516.0, 1783016, 113702944, 38704, 113702944, 437444628]] [5201924952.0, [21894.0, 174086, 11083824, 4918, 11083824, 43532294]] [2595366850704.0, [14214982.5, 95907291, 6138012243, 5340891, 6138012243, 21131037915]] [88102319052.0, [427354.6666666666, 3377979, 215891136, 256547, 211743936, 711998483]]
Model_cost: [12027432553.333332, [1145.5972222222222, 3193953, 204263608, 273697, 49400505, 195362]] [7563613356.0, [14811.0, 1333359, 85328676, 86895, 77870628, 304299]] [578521456.0, [21.0, 104020, 6247200, 13140, 6247200, 26250]] [9692139456.0, [5004.0, 1680616, 106002464, 38704, 103509152, 416027]] [762143256.0, [183.0, 136502, 8678448, 4918, 7767792, 30381]] [567685118544.0, [2118.0, 95907291, 6138012243, 5340891, 6137123727, 23973306]] [2400982348.0, [148.0, 412411, 26356864, 32995, 25506688, 101907]]
Arch_Param: [32, 4096, 8192, 32, 1024, 512]
SK_cost: [94091739225.33334, [462656.22222222225, 3619937, 231526584, 254881, 210308280, 767184289]] [35060150700.0, [203631.0, 1333359, 85328676, 86895, 85328676, 283119471]] [1776569680.0, [13130.0, 104020, 6247200, 13140, 6247200, 12492810]] [52486421792.0, [223516.0, 1783016, 113702944, 38704, 113702944, 437444628]] [5201924952.0, [21894.0, 174086, 11083824, 4918, 11083824, 43532294]] [2595366850704.0, [14214982.5, 95907291, 6138012243, 5340891, 6138012243, 21131037915]] [88102319052.0, [427354.6666666666, 3377979, 215891136, 256547, 211743936, 711998483]]
Model_cost: [12027432553.333332, [1145.5972222222222, 3193953, 204263608, 273697, 49400505, 195362]] [7563613356.0, [14811.0, 1333359, 85328676, 86895, 77870628, 304299]] [578521456.0, [21.0, 104020, 6247200, 13140, 6247200, 26250]] [9692139456.0, [5004.0, 1680616, 106002464, 38704, 103509152, 416027]] [762143256.0, [183.0, 136502, 8678448, 4918, 7767792, 30381]] [567685118544.0, [2118.0, 95907291, 6138012243, 5340891, 6137123727, 23973306]] [2400982348.0, [148.0, 412411, 26356864, 32995, 25506688, 101907]]
Arch_Param: [32, 4096, 4096, 4, 256, 16]
SK_cost: [590972423054.6667, [5770538.111111111, 91214401, 1459298552, 1634145, 1289391288, 4824681889]] [67464835500.0, [639087.0, 10223727, 163578660, 164463, 163185444, 545001327]] [1778976840, [26250, 390450, 6247200, 13170, 6247200, 12492810]] [52529127688, [446500, 7106434, 113702944, 38794, 113702944, 437444628]] [41648781144, [350214, 5545990, 88670256, 39302, 88670256, 348258310]] [5194671441552.0, [47951421.0, 767215743, 12275433555, 10680855, 12275130963, 42260303067]] [152889226224.0, [1681875.0, 26148076, 417716928, 820436, 353006784, 1218624531]]
Model_cost: [64719122944.0, [14436.5, 80564801, 1288904952, 5243969, 49400505, 195874]] [11391209004.0, [31263.0, 10223727, 163578660, 625263, 77870628, 304299]] [579670152.0, [32.0, 390450, 6247200, 13170, 6247200, 26250]] [9712441832.0, [9978.0, 6635394, 106002464, 38794, 103509152, 416027]] [3717258008.0, [2830.0, 4343302, 69492784, 300294, 7768304, 30576]] [867694120896.0, [5691.0, 767215743, 12275433555, 47953431, 6137123727, 23973306]] [3442553512.0, [834.25, 2983404, 47652928, 173012, 25506688, 102419]]
Arch_Param: [32, 4096, 4096, 4, 256, 64]
SK_cost: [590972423054.6667, [5770538.111111111, 91214401, 1459298552, 1634145, 1289391288, 4824681889]] [67464835500.0, [639087.0, 10223727, 163578660, 164463, 163185444, 545001327]] [1778976840, [26250, 390450, 6247200, 13170, 6247200, 12492810]] [52529127688, [446500, 7106434, 113702944, 38794, 113702944, 437444628]] [41648781144, [350214, 5545990, 88670256, 39302, 88670256, 348258310]] [5194671441552.0, [47951421.0, 767215743, 12275433555, 10680855, 12275130963, 42260303067]] [152889226224.0, [1681875.0, 26148076, 417716928, 820436, 353006784, 1218624531]]
Model_cost: [64719122944.0, [14436.5, 80564801, 1288904952, 5243969, 49400505, 195874]] [11361717804.0, [31263.0, 10223727, 163578660, 164463, 77870628, 304299]] [579670152.0, [32.0, 390450, 6247200, 13170, 6247200, 26250]] [9712441832.0, [9978.0, 6635394, 106002464, 38794, 103509152, 416027]] [3717258008.0, [2830.0, 4343302, 69492784, 300294, 7768304, 30576]] [865308676032.0, [5691.0, 767215743, 12275433555, 10680855, 6137123727, 23973306]] [3440161448.0, [834.25, 2983404, 47652928, 135636, 25506688, 102419]]
Arch_Param: [32, 4096, 4096, 4, 256, 128]
SK_cost: [590972423054.6667, [5770538.111111111, 91214401, 1459298552, 1634145, 1289391288, 4824681889]] [67464835500.0, [639087.0, 10223727, 163578660, 164463, 163185444, 545001327]] [1778976840, [26250, 390450, 6247200, 13170, 6247200, 12492810]] [52529127688, [446500, 7106434, 113702944, 38794, 113702944, 437444628]] [41648781144, [350214, 5545990, 88670256, 39302, 88670256, 348258310]] [5194671441552.0, [47951421.0, 767215743, 12275433555, 10680855, 12275130963, 42260303067]] [152889226224.0, [1681875.0, 26148076, 417716928, 820436, 353006784, 1218624531]]
Model_cost: [64719122944.0, [14436.5, 80564801, 1288904952, 5243969, 49400505, 195874]] [11361717804.0, [31263.0, 10223727, 163578660, 164463, 77870628, 304299]] [579670152.0, [32.0, 390450, 6247200, 13170, 6247200, 26250]] [9712441832.0, [9978.0, 6635394, 106002464, 38794, 103509152, 416027]] [3703757592.0, [2830.0, 4343302, 69492784, 89350, 7768304, 30576]] [865308676032.0, [5691.0, 767215743, 12275433555, 10680855, 6137123727, 23973306]] [3438677160.0, [818.25, 2983404, 47652928, 113236, 25506688, 101907]]
Arch_Param: [32, 4096, 4096, 4, 256, 256]
SK_cost: [590972423054.6667, [5770538.111111111, 91214401, 1459298552, 1634145, 1289391288, 4824681889]] [67464835500.0, [639087.0, 10223727, 163578660, 164463, 163185444, 545001327]] [1778976840, [26250, 390450, 6247200, 13170, 6247200, 12492810]] [52529127688, [446500, 7106434, 113702944, 38794, 113702944, 437444628]] [41648781144, [350214, 5545990, 88670256, 39302, 88670256, 348258310]] [5194671441552.0, [47951421.0, 767215743, 12275433555, 10680855, 12275130963, 42260303067]] [152889226224.0, [1681875.0, 26148076, 417716928, 820436, 353006784, 1218624531]]
Model_cost: [64719122944.0, [14436.5, 80564801, 1288904952, 5243969, 49400505, 195874]] [11361717804.0, [31263.0, 10223727, 163578660, 164463, 77870628, 304299]] [579670152.0, [32.0, 390450, 6247200, 13170, 6247200, 26250]] [9712441832.0, [9978.0, 6635394, 106002464, 38794, 103509152, 416027]] [3703757592.0, [2830.0, 4343302, 69492784, 89350, 7768304, 30576]] [865308676032.0, [5691.0, 767215743, 12275433555, 10680855, 6137123727, 23973306]] [3438677160.0, [818.25, 2983404, 47652928, 113236, 25506688, 101907]]
Arch_Param: [32, 4096, 4096, 4, 512, 16]
SK_cost: [590789993434.6667, [5770538.111111111, 45607460, 1459298552, 1634116, 1289391288, 4824681889]] [67444388268.0, [639087.0, 5111919, 163578660, 164463, 163185444, 545001327]] [1778194680, [26250, 195230, 6247200, 13150, 6247200, 12492810]] [52514911000, [446500, 3553222, 113702944, 38734, 113702944, 437444628]] [41637705560, [350214, 2777094, 88670256, 39302, 88670256, 348258310]] [5193137013456.0, [47951421.0, 383608719, 12275433555, 10680855, 12275130963, 42260303067]] [152836922520.0, [1681875.0, 13074038, 417716928, 820318, 353006784, 1218624531]]
Model_cost: [64557992524.0, [14436.5, 40282660, 1288904952, 5243940, 49400505, 195874]] [11370761772.0, [31263.0, 5111919, 163578660, 625263, 77870628, 304299]] [578887992.0, [32.0, 195230, 6247200, 13150, 6247200, 26250]] [9699208184.0, [9978.0, 3327942, 106002464, 38734, 103509152, 416027]] [3708653336.0, [2830.0, 2192134, 69492784, 300294, 7768304, 30576]] [866159692800.0, [5691.0, 383608719, 12275433555, 47953431, 6137123727, 23973306]] [3436579152.0, [834.25, 1491702, 47652928, 172894, 25506688, 102419]]
Arch_Param: [32, 4096, 4096, 4, 512, 64]
SK_cost: [590789993434.6667, [5770538.111111111, 45607460, 1459298552, 1634116, 1289391288, 4824681889]] [67444388268.0, [639087.0, 5111919, 163578660, 164463, 163185444, 545001327]] [1778194680, [26250, 195230, 6247200, 13150, 6247200, 12492810]] [52514911000, [446500, 3553222, 113702944, 38734, 113702944, 437444628]] [41637705560, [350214, 2777094, 88670256, 39302, 88670256, 348258310]] [5193137013456.0, [47951421.0, 383608719, 12275433555, 10680855, 12275130963, 42260303067]] [152836922520.0, [1681875.0, 13074038, 417716928, 820318, 353006784, 1218624531]]
Model_cost: [64557992524.0, [14436.5, 40282660, 1288904952, 5243940, 49400505, 195874]] [11341270572.0, [31263.0, 5111919, 163578660, 164463, 77870628, 304299]] [578887992.0, [32.0, 195230, 6247200, 13150, 6247200, 26250]] [9699208184.0, [9978.0, 3327942, 106002464, 38734, 103509152, 416027]] [3708653336.0, [2830.0, 2192134, 69492784, 300294, 7768304, 30576]] [863774247936.0, [5691.0, 383608719, 12275433555, 10680855, 6137123727, 23973306]] [3434187088.0, [834.25, 1491702, 47652928, 135518, 25506688, 102419]]
Arch_Param: [32, 4096, 4096, 4, 512, 128]
SK_cost: [590789993434.6667, [5770538.111111111, 45607460, 1459298552, 1634116, 1289391288, 4824681889]] [67444388268.0, [639087.0, 5111919, 163578660, 164463, 163185444, 545001327]] [1778194680, [26250, 195230, 6247200, 13150, 6247200, 12492810]] [52514911000, [446500, 3553222, 113702944, 38734, 113702944, 437444628]] [41637705560, [350214, 2777094, 88670256, 39302, 88670256, 348258310]] [5193137013456.0, [47951421.0, 383608719, 12275433555, 10680855, 12275130963, 42260303067]] [152836922520.0, [1681875.0, 13074038, 417716928, 820318, 353006784, 1218624531]]
Model_cost: [64557992524.0, [14436.5, 40282660, 1288904952, 5243940, 49400505, 195874]] [11341270572.0, [31263.0, 5111919, 163578660, 164463, 77870628, 304299]] [578887992.0, [32.0, 195230, 6247200, 13150, 6247200, 26250]] [9699208184.0, [9978.0, 3327942, 106002464, 38734, 103509152, 416027]] [3695152920.0, [2830.0, 2192134, 69492784, 89350, 7768304, 30576]] [863774247936.0, [5691.0, 383608719, 12275433555, 10680855, 6137123727, 23973306]] [3432702800.0, [818.25, 1491702, 47652928, 113118, 25506688, 101907]]
Arch_Param: [32, 4096, 4096, 4, 512, 256]
SK_cost: [590789993434.6667, [5770538.111111111, 45607460, 1459298552, 1634116, 1289391288, 4824681889]] [67444388268.0, [639087.0, 5111919, 163578660, 164463, 163185444, 545001327]] [1778194680, [26250, 195230, 6247200, 13150, 6247200, 12492810]] [52514911000, [446500, 3553222, 113702944, 38734, 113702944, 437444628]] [41637705560, [350214, 2777094, 88670256, 39302, 88670256, 348258310]] [5193137013456.0, [47951421.0, 383608719, 12275433555, 10680855, 12275130963, 42260303067]] [152836922520.0, [1681875.0, 13074038, 417716928, 820318, 353006784, 1218624531]]
Model_cost: [64557992524.0, [14436.5, 40282660, 1288904952, 5243940, 49400505, 195874]] [11341270572.0, [31263.0, 5111919, 163578660, 164463, 77870628, 304299]] [578887992.0, [32.0, 195230, 6247200, 13150, 6247200, 26250]] [9699208184.0, [9978.0, 3327942, 106002464, 38734, 103509152, 416027]] [3695152920.0, [2830.0, 2192134, 69492784, 89350, 7768304, 30576]] [863774247936.0, [5691.0, 383608719, 12275433555, 10680855, 6137123727, 23973306]] [3432702800.0, [818.25, 1491702, 47652928, 113118, 25506688, 101907]]
Arch_Param: [32, 4096, 4096, 4, 512, 512]
SK_cost: [590789993434.6667, [5770538.111111111, 45607460, 1459298552, 1634116, 1289391288, 4824681889]] [67444388268.0, [639087.0, 5111919, 163578660, 164463, 163185444, 545001327]] [1778194680, [26250, 195230, 6247200, 13150, 6247200, 12492810]] [52514911000, [446500, 3553222, 113702944, 38734, 113702944, 437444628]] [41637705560, [350214, 2777094, 88670256, 39302, 88670256, 348258310]] [5193137013456.0, [47951421.0, 383608719, 12275433555, 10680855, 12275130963, 42260303067]] [152836922520.0, [1681875.0, 13074038, 417716928, 820318, 353006784, 1218624531]]
Model_cost: [64338858188.0, [14432.5, 40282660, 1288904952, 1820740, 49400505, 195362]] [11341270572.0, [31263.0, 5111919, 163578660, 164463, 77870628, 304299]] [578887992.0, [32.0, 195230, 6247200, 13150, 6247200, 26250]] [9699208184.0, [9978.0, 3327942, 106002464, 38734, 103509152, 416027]] [3692365208.0, [2826.0, 2175750, 69427248, 44294, 7843056, 30768]] [863774247936.0, [5691.0, 383608719, 12275433555, 10680855, 6137123727, 23973306]] [3432088400.0, [818.25, 1491702, 47652928, 103518, 25506688, 101907]]
Arch_Param: [32, 4096, 4096, 4, 1024, 16]
SK_cost: [590698829070.6667, [5770538.111111111, 22816417, 1459298552, 1634113, 1289391288, 4824681889]] [67434164652.0, [639087.0, 2556015, 163578660, 164463, 163185444, 545001327]] [1777829200, [26250, 104020, 6247200, 13140, 6247200, 12492810]] [52507828256, [446500, 1783016, 113702944, 38704, 113702944, 437444628]] [41632167768, [350214, 1392646, 88670256, 39302, 88670256, 348258310]] [5192369799408.0, [47951421.0, 191805207, 12275433555, 10680855, 12275130963, 42260303067]] [152810871020.0, [1681875.0, 6562107, 417716928, 820259, 353006784, 1218624531]]
Model_cost: [64477477760.0, [14436.5, 20154017, 1288904952, 5243937, 49400505, 195874]] [11360538156.0, [31263.0, 2556015, 163578660, 625263, 77870628, 304299]] [578522512.0, [32.0, 104020, 6247200, 13140, 6247200, 26250]] [9692616960.0, [9978.0, 1680616, 106002464, 38704, 103509152, 416027]] [3702124952.0, [2826.0, 1094662, 69427248, 316678, 7767792, 30384]] [865392478752.0, [5691.0, 191805207, 12275433555, 47953431, 6137123727, 23973306]] [3433604516.0, [834.25, 748987, 47652928, 172835, 25506688, 102419]]
Arch_Param: [32, 4096, 4096, 4, 1024, 64]
SK_cost: [590698829070.6667, [5770538.111111111, 22816417, 1459298552, 1634113, 1289391288, 4824681889]] [67434164652.0, [639087.0, 2556015, 163578660, 164463, 163185444, 545001327]] [1777829200, [26250, 104020, 6247200, 13140, 6247200, 12492810]] [52507828256, [446500, 1783016, 113702944, 38704, 113702944, 437444628]] [41632167768, [350214, 1392646, 88670256, 39302, 88670256, 348258310]] [5192369799408.0, [47951421.0, 191805207, 12275433555, 10680855, 12275130963, 42260303067]] [152810871020.0, [1681875.0, 6562107, 417716928, 820259, 353006784, 1218624531]]
Model_cost: [64477477760.0, [14436.5, 20154017, 1288904952, 5243937, 49400505, 195874]] [11331046956.0, [31263.0, 2556015, 163578660, 164463, 77870628, 304299]] [578522512.0, [32.0, 104020, 6247200, 13140, 6247200, 26250]] [9692616960.0, [9978.0, 1680616, 106002464, 38704, 103509152, 416027]] [3702124952.0, [2826.0, 1094662, 69427248, 316678, 7767792, 30384]] [863007033888.0, [5691.0, 191805207, 12275433555, 10680855, 6137123727, 23973306]] [3431212452.0, [834.25, 748987, 47652928, 135459, 25506688, 102419]]
Arch_Param: [32, 4096, 4096, 4, 1024, 128]
SK_cost: [590698829070.6667, [5770538.111111111, 22816417, 1459298552, 1634113, 1289391288, 4824681889]] [67434164652.0, [639087.0, 2556015, 163578660, 164463, 163185444, 545001327]] [1777829200, [26250, 104020, 6247200, 13140, 6247200, 12492810]] [52507828256, [446500, 1783016, 113702944, 38704, 113702944, 437444628]] [41632167768, [350214, 1392646, 88670256, 39302, 88670256, 348258310]] [5192369799408.0, [47951421.0, 191805207, 12275433555, 10680855, 12275130963, 42260303067]] [152810871020.0, [1681875.0, 6562107, 417716928, 820259, 353006784, 1218624531]]
Model_cost: [64477477760.0, [14436.5, 20154017, 1288904952, 5243937, 49400505, 195874]] [11331046956.0, [31263.0, 2556015, 163578660, 164463, 77870628, 304299]] [578522512.0, [32.0, 104020, 6247200, 13140, 6247200, 26250]] [9692616960.0, [9978.0, 1680616, 106002464, 38704, 103509152, 416027]] [3688624536.0, [2826.0, 1094662, 69427248, 105734, 7767792, 30384]] [863007033888.0, [5691.0, 191805207, 12275433555, 10680855, 6137123727, 23973306]] [3429728164.0, [818.25, 748987, 47652928, 113059, 25506688, 101907]]
Arch_Param: [32, 4096, 4096, 4, 1024, 256]
SK_cost: [590698829070.6667, [5770538.111111111, 22816417, 1459298552, 1634113, 1289391288, 4824681889]] [67434164652.0, [639087.0, 2556015, 163578660, 164463, 163185444, 545001327]] [1777829200, [26250, 104020, 6247200, 13140, 6247200, 12492810]] [52507828256, [446500, 1783016, 113702944, 38704, 113702944, 437444628]] [41632167768, [350214, 1392646, 88670256, 39302, 88670256, 348258310]] [5192369799408.0, [47951421.0, 191805207, 12275433555, 10680855, 12275130963, 42260303067]] [152810871020.0, [1681875.0, 6562107, 417716928, 820259, 353006784, 1218624531]]
Model_cost: [64477477760.0, [14436.5, 20154017, 1288904952, 5243937, 49400505, 195874]] [11331046956.0, [31263.0, 2556015, 163578660, 164463, 77870628, 304299]] [578522512.0, [32.0, 104020, 6247200, 13140, 6247200, 26250]] [9692616960.0, [9978.0, 1680616, 106002464, 38704, 103509152, 416027]] [3688624536.0, [2826.0, 1094662, 69427248, 105734, 7767792, 30384]] [863007033888.0, [5691.0, 191805207, 12275433555, 10680855, 6137123727, 23973306]] [3429728164.0, [818.25, 748987, 47652928, 113059, 25506688, 101907]]
Arch_Param: [32, 4096, 4096, 4, 1024, 512]
SK_cost: [590698829070.6667, [5770538.111111111, 22816417, 1459298552, 1634113, 1289391288, 4824681889]] [67434164652.0, [639087.0, 2556015, 163578660, 164463, 163185444, 545001327]] [1777829200, [26250, 104020, 6247200, 13140, 6247200, 12492810]] [52507828256, [446500, 1783016, 113702944, 38704, 113702944, 437444628]] [41632167768, [350214, 1392646, 88670256, 39302, 88670256, 348258310]] [5192369799408.0, [47951421.0, 191805207, 12275433555, 10680855, 12275130963, 42260303067]] [152810871020.0, [1681875.0, 6562107, 417716928, 820259, 353006784, 1218624531]]
Model_cost: [64258343424.0, [14432.5, 20154017, 1288904952, 1820737, 49400505, 195362]] [11331046956.0, [31263.0, 2556015, 163578660, 164463, 77870628, 304299]] [578522512.0, [32.0, 104020, 6247200, 13140, 6247200, 26250]] [9692616960.0, [9978.0, 1680616, 106002464, 38704, 103509152, 416027]] [3687838104.0, [2826.0, 1094662, 69427248, 93446, 7767792, 30384]] [863007033888.0, [5691.0, 191805207, 12275433555, 10680855, 6137123727, 23973306]] [3429113764.0, [818.25, 748987, 47652928, 103459, 25506688, 101907]]
Arch_Param: [32, 4096, 4096, 8, 256, 16]
SK_cost: [307056742969.3334, [2994342.5555555555, 47352385, 757568376, 845281, 672693432, 2505874849]] [35088609708.0, [333423.0, 5333103, 85328676, 86895, 85328676, 283119471]] [1778976840, [26250, 390450, 6247200, 13170, 6247200, 12492810]] [52529127688, [446500, 7106434, 113702944, 38794, 113702944, 437444628]] [20824393560, [175110, 2772998, 44335152, 19654, 44335152, 174129158]] [2597454875184.0, [23976942.0, 383626383, 6138012243, 5340891, 6138012243, 21131037915]] [106526901232.0, [1114579.0, 17443052, 278762688, 474836, 252736704, 852278291]]
Model_cost: [34644653720.0, [7472.75, 41814593, 668963704, 2718657, 49400505, 195874]] [7581023532.0, [29511.0, 5333103, 85328676, 86895, 77870628, 304299]] [579670152.0, [32.0, 390450, 6247200, 13170, 6247200, 26250]] [9712441832.0, [9978.0, 6635394, 106002464, 38794, 103509152, 416027]] [2031000984.0, [1418.0, 2171654, 34746416, 150150, 7768304, 30576]] [568836182976.0, [4077.0, 383626383, 6138012243, 5340891, 6137123727, 23973306]] [2721698056.0, [483.25, 2055020, 32839552, 78228, 25506688, 102419]]
Arch_Param: [32, 4096, 4096, 8, 256, 64]
SK_cost: [307056742969.3334, [2994342.5555555555, 47352385, 757568376, 845281, 672693432, 2505874849]] [35088609708.0, [333423.0, 5333103, 85328676, 86895, 85328676, 283119471]] [1778976840, [26250, 390450, 6247200, 13170, 6247200, 12492810]] [52529127688, [446500, 7106434, 113702944, 38794, 113702944, 437444628]] [20824393560, [175110, 2772998, 44335152, 19654, 44335152, 174129158]] [2597454875184.0, [23976942.0, 383626383, 6138012243, 5340891, 6138012243, 21131037915]] [106526901232.0, [1114579.0, 17443052, 278762688, 474836, 252736704, 852278291]]
Model_cost: [34644653720.0, [7472.75, 41814593, 668963704, 2718657, 49400505, 195874]] [7581023532.0, [29511.0, 5333103, 85328676, 86895, 77870628, 304299]] [579670152.0, [32.0, 390450, 6247200, 13170, 6247200, 26250]] [9712441832.0, [9978.0, 6635394, 106002464, 38794, 103509152, 416027]] [2024250776.0, [1418.0, 2171654, 34746416, 44678, 7768304, 30576]] [568836182976.0, [4077.0, 383626383, 6138012243, 5340891, 6137123727, 23973306]] [2720829704.0, [483.25, 2055020, 32839552, 65428, 25506688, 101907]]
Arch_Param: [32, 4096, 4096, 8, 256, 128]
SK_cost: [307056742969.3334, [2994342.5555555555, 47352385, 757568376, 845281, 672693432, 2505874849]] [35088609708.0, [333423.0, 5333103, 85328676, 86895, 85328676, 283119471]] [1778976840, [26250, 390450, 6247200, 13170, 6247200, 12492810]] [52529127688, [446500, 7106434, 113702944, 38794, 113702944, 437444628]] [20824393560, [175110, 2772998, 44335152, 19654, 44335152, 174129158]] [2597454875184.0, [23976942.0, 383626383, 6138012243, 5340891, 6138012243, 21131037915]] [106526901232.0, [1114579.0, 17443052, 278762688, 474836, 252736704, 852278291]]
Model_cost: [34644653720.0, [7472.75, 41814593, 668963704, 2718657, 49400505, 195874]] [7581023532.0, [29511.0, 5333103, 85328676, 86895, 77870628, 304299]] [579670152.0, [32.0, 390450, 6247200, 13170, 6247200, 26250]] [9712441832.0, [9978.0, 6635394, 106002464, 38794, 103509152, 416027]] [2024250776.0, [1418.0, 2171654, 34746416, 44678, 7768304, 30576]] [568836182976.0, [4077.0, 383626383, 6138012243, 5340891, 6137123727, 23973306]] [2720829704.0, [483.25, 2055020, 32839552, 65428, 25506688, 101907]]
Arch_Param: [32, 4096, 4096, 8, 256, 256]
SK_cost: [307056742969.3334, [2994342.5555555555, 47352385, 757568376, 845281, 672693432, 2505874849]] [35088609708.0, [333423.0, 5333103, 85328676, 86895, 85328676, 283119471]] [1778976840, [26250, 390450, 6247200, 13170, 6247200, 12492810]] [52529127688, [446500, 7106434, 113702944, 38794, 113702944, 437444628]] [20824393560, [175110, 2772998, 44335152, 19654, 44335152, 174129158]] [2597454875184.0, [23976942.0, 383626383, 6138012243, 5340891, 6138012243, 21131037915]] [106526901232.0, [1114579.0, 17443052, 278762688, 474836, 252736704, 852278291]]
Model_cost: [34530680088.0, [7468.75, 41814593, 668963704, 938593, 49400505, 195362]] [7581023532.0, [29511.0, 5333103, 85328676, 86895, 77870628, 304299]] [579670152.0, [32.0, 390450, 6247200, 13170, 6247200, 26250]] [9712441832.0, [9978.0, 6635394, 106002464, 38794, 103509152, 416027]] [2023857560.0, [1418.0, 2171654, 34746416, 38534, 7768304, 30576]] [568836182976.0, [4077.0, 383626383, 6138012243, 5340891, 6137123727, 23973306]] [2720510216.0, [483.25, 2055020, 32839552, 60436, 25506688, 101907]]
Arch_Param: [32, 4096, 4096, 8, 512, 16]
SK_cost: [306962037381.3334, [2994342.5555555555, 23676452, 757568376, 845252, 672693432, 2505874849]] [35077943724.0, [333423.0, 2666607, 85328676, 86895, 85328676, 283119471]] [1778194680, [26250, 195230, 6247200, 13150, 6247200, 12492810]] [52514911000, [446500, 3553222, 113702944, 38734, 113702944, 437444628]] [20818855768, [175110, 1388550, 44335152, 19654, 44335152, 174129158]] [2596687624272.0, [23976942.0, 191813655, 6138012243, 5340891, 6138012243, 21131037915]] [106492007576.0, [1114579.0, 8721526, 278762688, 474718, 252736704, 852278291]]
Model_cost: [34561023716.0, [7472.75, 20907556, 668963704, 2718628, 49400505, 195874]] [7570357548.0, [29511.0, 2666607, 85328676, 86895, 77870628, 304299]] [578887992.0, [32.0, 195230, 6247200, 13150, 6247200, 26250]] [9699208184.0, [9978.0, 3327942, 106002464, 38734, 103509152, 416027]] [2026698648.0, [1418.0, 1096070, 34746416, 150150, 7768304, 30576]] [568068932064.0, [4077.0, 191813655, 6138012243, 5340891, 6137123727, 23973306]] [2717580464.0, [483.25, 1027510, 32839552, 78110, 25506688, 102419]]
Arch_Param: [32, 4096, 4096, 8, 512, 64]
SK_cost: [306962037381.3334, [2994342.5555555555, 23676452, 757568376, 845252, 672693432, 2505874849]] [35077943724.0, [333423.0, 2666607, 85328676, 86895, 85328676, 283119471]] [1778194680, [26250, 195230, 6247200, 13150, 6247200, 12492810]] [52514911000, [446500, 3553222, 113702944, 38734, 113702944, 437444628]] [20818855768, [175110, 1388550, 44335152, 19654, 44335152, 174129158]] [2596687624272.0, [23976942.0, 191813655, 6138012243, 5340891, 6138012243, 21131037915]] [106492007576.0, [1114579.0, 8721526, 278762688, 474718, 252736704, 852278291]]
Model_cost: [34561023716.0, [7472.75, 20907556, 668963704, 2718628, 49400505, 195874]] [7570357548.0, [29511.0, 2666607, 85328676, 86895, 77870628, 304299]] [578887992.0, [32.0, 195230, 6247200, 13150, 6247200, 26250]] [9699208184.0, [9978.0, 3327942, 106002464, 38734, 103509152, 416027]] [2019948440.0, [1418.0, 1096070, 34746416, 44678, 7768304, 30576]] [568068932064.0, [4077.0, 191813655, 6138012243, 5340891, 6137123727, 23973306]] [2716712112.0, [483.25, 1027510, 32839552, 65310, 25506688, 101907]]
Arch_Param: [32, 4096, 4096, 8, 512, 128]
SK_cost: [306962037381.3334, [2994342.5555555555, 23676452, 757568376, 845252, 672693432, 2505874849]] [35077943724.0, [333423.0, 2666607, 85328676, 86895, 85328676, 283119471]] [1778194680, [26250, 195230, 6247200, 13150, 6247200, 12492810]] [52514911000, [446500, 3553222, 113702944, 38734, 113702944, 437444628]] [20818855768, [175110, 1388550, 44335152, 19654, 44335152, 174129158]] [2596687624272.0, [23976942.0, 191813655, 6138012243, 5340891, 6138012243, 21131037915]] [106492007576.0, [1114579.0, 8721526, 278762688, 474718, 252736704, 852278291]]
Model_cost: [34561023716.0, [7472.75, 20907556, 668963704, 2718628, 49400505, 195874]] [7570357548.0, [29511.0, 2666607, 85328676, 86895, 77870628, 304299]] [578887992.0, [32.0, 195230, 6247200, 13150, 6247200, 26250]] [9699208184.0, [9978.0, 3327942, 106002464, 38734, 103509152, 416027]] [2019948440.0, [1418.0, 1096070, 34746416, 44678, 7768304, 30576]] [568068932064.0, [4077.0, 191813655, 6138012243, 5340891, 6137123727, 23973306]] [2716712112.0, [483.25, 1027510, 32839552, 65310, 25506688, 101907]]
Arch_Param: [32, 4096, 4096, 8, 512, 256]
SK_cost: [306962037381.3334, [2994342.5555555555, 23676452, 757568376, 845252, 672693432, 2505874849]] [35077943724.0, [333423.0, 2666607, 85328676, 86895, 85328676, 283119471]] [1778194680, [26250, 195230, 6247200, 13150, 6247200, 12492810]] [52514911000, [446500, 3553222, 113702944, 38734, 113702944, 437444628]] [20818855768, [175110, 1388550, 44335152, 19654, 44335152, 174129158]] [2596687624272.0, [23976942.0, 191813655, 6138012243, 5340891, 6138012243, 21131037915]] [106492007576.0, [1114579.0, 8721526, 278762688, 474718, 252736704, 852278291]]
Model_cost: [34447050084.0, [7468.75, 20907556, 668963704, 938564, 49400505, 195362]] [7570357548.0, [29511.0, 2666607, 85328676, 86895, 77870628, 304299]] [578887992.0, [32.0, 195230, 6247200, 13150, 6247200, 26250]] [9699208184.0, [9978.0, 3327942, 106002464, 38734, 103509152, 416027]] [2019555224.0, [1418.0, 1096070, 34746416, 38534, 7768304, 30576]] [568068932064.0, [4077.0, 191813655, 6138012243, 5340891, 6137123727, 23973306]] [2716392624.0, [483.25, 1027510, 32839552, 60318, 25506688, 101907]]
Arch_Param: [32, 4096, 4096, 8, 512, 512]
SK_cost: [306962037381.3334, [2994342.5555555555, 23676452, 757568376, 845252, 672693432, 2505874849]] [35077943724.0, [333423.0, 2666607, 85328676, 86895, 85328676, 283119471]] [1778194680, [26250, 195230, 6247200, 13150, 6247200, 12492810]] [52514911000, [446500, 3553222, 113702944, 38734, 113702944, 437444628]] [20818855768, [175110, 1388550, 44335152, 19654, 44335152, 174129158]] [2596687624272.0, [23976942.0, 191813655, 6138012243, 5340891, 6138012243, 21131037915]] [106492007576.0, [1114579.0, 8721526, 278762688, 474718, 252736704, 852278291]]
Model_cost: [34447050084.0, [7468.75, 20907556, 668963704, 938564, 49400505, 195362]] [7570357548.0, [29511.0, 2666607, 85328676, 86895, 77870628, 304299]] [578887992.0, [32.0, 195230, 6247200, 13150, 6247200, 26250]] [9699208184.0, [9978.0, 3327942, 106002464, 38734, 103509152, 416027]] [2017976024.0, [1416.0, 1087878, 34713648, 22150, 7792880, 30512]] [568068932064.0, [4077.0, 191813655, 6138012243, 5340891, 6137123727, 23973306]] [2716392624.0, [483.25, 1027510, 32839552, 60318, 25506688, 101907]]
Arch_Param: [32, 4096, 4096, 8, 1024, 16]
SK_cost: [306914710201.3334, [2994342.5555555555, 11844705, 757568376, 845249, 672693432, 2505874849]] [35072610732.0, [333423.0, 1333359, 85328676, 86895, 85328676, 283119471]] [1777829200, [26250, 104020, 6247200, 13140, 6247200, 12492810]] [52507828256, [446500, 1783016, 113702944, 38704, 113702944, 437444628]] [20816086872, [175110, 696326, 44335152, 19654, 44335152, 174129158]] [2596303998816.0, [23976942.0, 95907291, 6138012243, 5340891, 6138012243, 21131037915]] [106474610924.0, [1114579.0, 4373307, 278762688, 474659, 252736704, 852278291]]
Model_cost: [34519234328.0, [7472.75, 10460257, 668963704, 2718625, 49400505, 195874]] [7565024556.0, [29511.0, 1333359, 85328676, 86895, 77870628, 304299]] [578522512.0, [32.0, 104020, 6247200, 13140, 6247200, 26250]] [9692616960.0, [9978.0, 1680616, 106002464, 38704, 103509152, 416027]] [2023413976.0, [1416.0, 547334, 34713648, 158342, 7767792, 30384]] [567685306608.0, [4077.0, 95907291, 6138012243, 5340891, 6137123727, 23973306]] [2715527940.0, [483.25, 515323, 32839552, 78051, 25506688, 102419]]
Arch_Param: [32, 4096, 4096, 8, 1024, 64]
SK_cost: [306914710201.3334, [2994342.5555555555, 11844705, 757568376, 845249, 672693432, 2505874849]] [35072610732.0, [333423.0, 1333359, 85328676, 86895, 85328676, 283119471]] [1777829200, [26250, 104020, 6247200, 13140, 6247200, 12492810]] [52507828256, [446500, 1783016, 113702944, 38704, 113702944, 437444628]] [20816086872, [175110, 696326, 44335152, 19654, 44335152, 174129158]] [2596303998816.0, [23976942.0, 95907291, 6138012243, 5340891, 6138012243, 21131037915]] [106474610924.0, [1114579.0, 4373307, 278762688, 474659, 252736704, 852278291]]
Model_cost: [34519234328.0, [7472.75, 10460257, 668963704, 2718625, 49400505, 195874]] [7565024556.0, [29511.0, 1333359, 85328676, 86895, 77870628, 304299]] [578522512.0, [32.0, 104020, 6247200, 13140, 6247200, 26250]] [9692616960.0, [9978.0, 1680616, 106002464, 38704, 103509152, 416027]] [2016663768.0, [1416.0, 547334, 34713648, 52870, 7767792, 30384]] [567685306608.0, [4077.0, 95907291, 6138012243, 5340891, 6137123727, 23973306]] [2714659588.0, [483.25, 515323, 32839552, 65251, 25506688, 101907]]
Arch_Param: [32, 4096, 4096, 8, 1024, 128]
SK_cost: [306914710201.3334, [2994342.5555555555, 11844705, 757568376, 845249, 672693432, 2505874849]] [35072610732.0, [333423.0, 1333359, 85328676, 86895, 85328676, 283119471]] [1777829200, [26250, 104020, 6247200, 13140, 6247200, 12492810]] [52507828256, [446500, 1783016, 113702944, 38704, 113702944, 437444628]] [20816086872, [175110, 696326, 44335152, 19654, 44335152, 174129158]] [2596303998816.0, [23976942.0, 95907291, 6138012243, 5340891, 6138012243, 21131037915]] [106474610924.0, [1114579.0, 4373307, 278762688, 474659, 252736704, 852278291]]
Model_cost: [34519234328.0, [7472.75, 10460257, 668963704, 2718625, 49400505, 195874]] [7565024556.0, [29511.0, 1333359, 85328676, 86895, 77870628, 304299]] [578522512.0, [32.0, 104020, 6247200, 13140, 6247200, 26250]] [9692616960.0, [9978.0, 1680616, 106002464, 38704, 103509152, 416027]] [2016663768.0, [1416.0, 547334, 34713648, 52870, 7767792, 30384]] [567685306608.0, [4077.0, 95907291, 6138012243, 5340891, 6137123727, 23973306]] [2714659588.0, [483.25, 515323, 32839552, 65251, 25506688, 101907]]
Arch_Param: [32, 4096, 4096, 8, 1024, 256]
SK_cost: [306914710201.3334, [2994342.5555555555, 11844705, 757568376, 845249, 672693432, 2505874849]] [35072610732.0, [333423.0, 1333359, 85328676, 86895, 85328676, 283119471]] [1777829200, [26250, 104020, 6247200, 13140, 6247200, 12492810]] [52507828256, [446500, 1783016, 113702944, 38704, 113702944, 437444628]] [20816086872, [175110, 696326, 44335152, 19654, 44335152, 174129158]] [2596303998816.0, [23976942.0, 95907291, 6138012243, 5340891, 6138012243, 21131037915]] [106474610924.0, [1114579.0, 4373307, 278762688, 474659, 252736704, 852278291]]
Model_cost: [34405260696.0, [7468.75, 10460257, 668963704, 938561, 49400505, 195362]] [7565024556.0, [29511.0, 1333359, 85328676, 86895, 77870628, 304299]] [578522512.0, [32.0, 104020, 6247200, 13140, 6247200, 26250]] [9692616960.0, [9978.0, 1680616, 106002464, 38704, 103509152, 416027]] [2016270552.0, [1416.0, 547334, 34713648, 46726, 7767792, 30384]] [567685306608.0, [4077.0, 95907291, 6138012243, 5340891, 6137123727, 23973306]] [2714340100.0, [483.25, 515323, 32839552, 60259, 25506688, 101907]]
Arch_Param: [32, 4096, 4096, 8, 1024, 512]
SK_cost: [306914710201.3334, [2994342.5555555555, 11844705, 757568376, 845249, 672693432, 2505874849]] [35072610732.0, [333423.0, 1333359, 85328676, 86895, 85328676, 283119471]] [1777829200, [26250, 104020, 6247200, 13140, 6247200, 12492810]] [52507828256, [446500, 1783016, 113702944, 38704, 113702944, 437444628]] [20816086872, [175110, 696326, 44335152, 19654, 44335152, 174129158]] [2596303998816.0, [23976942.0, 95907291, 6138012243, 5340891, 6138012243, 21131037915]] [106474610924.0, [1114579.0, 4373307, 278762688, 474659, 252736704, 852278291]]
Model_cost: [34405260696.0, [7468.75, 10460257, 668963704, 938561, 49400505, 195362]] [7565024556.0, [29511.0, 1333359, 85328676, 86895, 77870628, 304299]] [578522512.0, [32.0, 104020, 6247200, 13140, 6247200, 26250]] [9692616960.0, [9978.0, 1680616, 106002464, 38704, 103509152, 416027]] [2015813848.0, [1416.0, 547334, 34713648, 22150, 7792880, 30512]] [567685306608.0, [4077.0, 95907291, 6138012243, 5340891, 6137123727, 23973306]] [2714340100.0, [483.25, 515323, 32839552, 60259, 25506688, 101907]]
Arch_Param: [32, 4096, 4096, 16, 256, 16]
SK_cost: [165123790222.6667, [1606836.7777777778, 25429697, 406836408, 451617, 364399800, 1346637217]] [35088609708.0, [333423.0, 5333103, 85328676, 86895, 85328676, 283119471]] [1778976840, [26250, 390450, 6247200, 13170, 6247200, 12492810]] [52529127688, [446500, 7106434, 113702944, 38794, 113702944, 437444628]] [10412199768, [87558, 1386502, 22167600, 9830, 22167600, 87064582]] [2597454875184.0, [23976942.0, 383626383, 6138012243, 5340891, 6138012243, 21131037915]] [94297940976.0, [938707.0, 14813420, 236848320, 329428, 225408192, 758758419]]
Model_cost: [19613905090.666664, [4006.527777777778, 22447809, 359126200, 1456961, 49400505, 195874]] [7581023532.0, [29511.0, 5333103, 85328676, 86895, 77870628, 304299]] [579670152.0, [32.0, 390450, 6247200, 13170, 6247200, 26250]] [9712441832.0, [9978.0, 6635394, 106002464, 38794, 103509152, 416027]] [1187872472.0, [712.0, 1085830, 17373232, 75078, 7768304, 30576]] [568836182976.0, [4077.0, 383626383, 6138012243, 5340891, 6137123727, 23973306]] [2511434616.0, [361.75, 1783660, 28517760, 51348, 25506688, 102419]]
Arch_Param: [32, 4096, 4096, 16, 256, 64]
SK_cost: [165123790222.6667, [1606836.7777777778, 25429697, 406836408, 451617, 364399800, 1346637217]] [35088609708.0, [333423.0, 5333103, 85328676, 86895, 85328676, 283119471]] [1778976840, [26250, 390450, 6247200, 13170, 6247200, 12492810]] [52529127688, [446500, 7106434, 113702944, 38794, 113702944, 437444628]] [10412199768, [87558, 1386502, 22167600, 9830, 22167600, 87064582]] [2597454875184.0, [23976942.0, 383626383, 6138012243, 5340891, 6138012243, 21131037915]] [94297940976.0, [938707.0, 14813420, 236848320, 329428, 225408192, 758758419]]
Model_cost: [19613905090.666664, [4006.527777777778, 22447809, 359126200, 1456961, 49400505, 195874]] [7581023532.0, [29511.0, 5333103, 85328676, 86895, 77870628, 304299]] [579670152.0, [32.0, 390450, 6247200, 13170, 6247200, 26250]] [9712441832.0, [9978.0, 6635394, 106002464, 38794, 103509152, 416027]] [1184497368.0, [712.0, 1085830, 17373232, 22342, 7768304, 30576]] [568836182976.0, [4077.0, 383626383, 6138012243, 5340891, 6137123727, 23973306]] [2510974712.0, [349.75, 1783660, 28517760, 44948, 25506688, 101907]]
Arch_Param: [32, 4096, 4096, 16, 256, 128]
SK_cost: [165123790222.6667, [1606836.7777777778, 25429697, 406836408, 451617, 364399800, 1346637217]] [35088609708.0, [333423.0, 5333103, 85328676, 86895, 85328676, 283119471]] [1778976840, [26250, 390450, 6247200, 13170, 6247200, 12492810]] [52529127688, [446500, 7106434, 113702944, 38794, 113702944, 437444628]] [10412199768, [87558, 1386502, 22167600, 9830, 22167600, 87064582]] [2597454875184.0, [23976942.0, 383626383, 6138012243, 5340891, 6138012243, 21131037915]] [94297940976.0, [938707.0, 14813420, 236848320, 329428, 225408192, 758758419]]
Model_cost: [19552510658.666664, [3990.527777777778, 22447809, 359126200, 498465, 49400505, 195362]] [7581023532.0, [29511.0, 5333103, 85328676, 86895, 77870628, 304299]] [579670152.0, [32.0, 390450, 6247200, 13170, 6247200, 26250]] [9712441832.0, [9978.0, 6635394, 106002464, 38794, 103509152, 416027]] [1184300760.0, [712.0, 1085830, 17373232, 19270, 7768304, 30576]] [568836182976.0, [4077.0, 383626383, 6138012243, 5340891, 6137123727, 23973306]] [2510802104.0, [343.75, 1783660, 28517760, 42260, 25506688, 101907]]
Arch_Param: [32, 4096, 4096, 16, 256, 256]
SK_cost: [165123790222.6667, [1606836.7777777778, 25429697, 406836408, 451617, 364399800, 1346637217]] [35088609708.0, [333423.0, 5333103, 85328676, 86895, 85328676, 283119471]] [1778976840, [26250, 390450, 6247200, 13170, 6247200, 12492810]] [52529127688, [446500, 7106434, 113702944, 38794, 113702944, 437444628]] [10412199768, [87558, 1386502, 22167600, 9830, 22167600, 87064582]] [2597454875184.0, [23976942.0, 383626383, 6138012243, 5340891, 6138012243, 21131037915]] [94297940976.0, [938707.0, 14813420, 236848320, 329428, 225408192, 758758419]]
Model_cost: [19552510658.666664, [3990.527777777778, 22447809, 359126200, 498465, 49400505, 195362]] [7581023532.0, [29511.0, 5333103, 85328676, 86895, 77870628, 304299]] [579670152.0, [32.0, 390450, 6247200, 13170, 6247200, 26250]] [9712441832.0, [9978.0, 6635394, 106002464, 38794, 103509152, 416027]] [1184065240.0, [712.0, 1085830, 17356848, 11078, 7792880, 30512]] [568836182976.0, [4077.0, 383626383, 6138012243, 5340891, 6137123727, 23973306]] [2510802104.0, [343.75, 1783660, 28517760, 42260, 25506688, 101907]]
Arch_Param: [32, 4096, 4096, 16, 512, 16]
SK_cost: [165072930010.6667, [1606836.7777777778, 12715108, 406836408, 451588, 364399800, 1346637217]] [35077943724.0, [333423.0, 2666607, 85328676, 86895, 85328676, 283119471]] [1778194680, [26250, 195230, 6247200, 13150, 6247200, 12492810]] [52514911000, [446500, 3553222, 113702944, 38734, 113702944, 437444628]] [10409430872, [87558, 694278, 22167600, 9830, 22167600, 87064582]] [2596687624272.0, [23976942.0, 191813655, 6138012243, 5340891, 6138012243, 21131037915]] [94268306584.0, [938707.0, 7406710, 236848320, 329310, 225408192, 758758419]]
Model_cost: [19569008654.666664, [4006.527777777778, 11224164, 359126200, 1456932, 49400505, 195874]] [7570357548.0, [29511.0, 2666607, 85328676, 86895, 77870628, 304299]] [578887992.0, [32.0, 195230, 6247200, 13150, 6247200, 26250]] [9699208184.0, [9978.0, 3327942, 106002464, 38734, 103509152, 416027]] [1185721304.0, [712.0, 548038, 17373232, 75078, 7768304, 30576]] [568068932064.0, [4077.0, 191813655, 6138012243, 5340891, 6137123727, 23973306]] [2507859744.0, [361.75, 891830, 28517760, 51230, 25506688, 102419]]
Arch_Param: [32, 4096, 4096, 16, 512, 64]
SK_cost: [165072930010.6667, [1606836.7777777778, 12715108, 406836408, 451588, 364399800, 1346637217]] [35077943724.0, [333423.0, 2666607, 85328676, 86895, 85328676, 283119471]] [1778194680, [26250, 195230, 6247200, 13150, 6247200, 12492810]] [52514911000, [446500, 3553222, 113702944, 38734, 113702944, 437444628]] [10409430872, [87558, 694278, 22167600, 9830, 22167600, 87064582]] [2596687624272.0, [23976942.0, 191813655, 6138012243, 5340891, 6138012243, 21131037915]] [94268306584.0, [938707.0, 7406710, 236848320, 329310, 225408192, 758758419]]
Model_cost: [19569008654.666664, [4006.527777777778, 11224164, 359126200, 1456932, 49400505, 195874]] [7570357548.0, [29511.0, 2666607, 85328676, 86895, 77870628, 304299]] [578887992.0, [32.0, 195230, 6247200, 13150, 6247200, 26250]] [9699208184.0, [9978.0, 3327942, 106002464, 38734, 103509152, 416027]] [1182346200.0, [712.0, 548038, 17373232, 22342, 7768304, 30576]] [568068932064.0, [4077.0, 191813655, 6138012243, 5340891, 6137123727, 23973306]] [2507399840.0, [349.75, 891830, 28517760, 44830, 25506688, 101907]]
Arch_Param: [32, 4096, 4096, 16, 512, 128]
SK_cost: [165072930010.6667, [1606836.7777777778, 12715108, 406836408, 451588, 364399800, 1346637217]] [35077943724.0, [333423.0, 2666607, 85328676, 86895, 85328676, 283119471]] [1778194680, [26250, 195230, 6247200, 13150, 6247200, 12492810]] [52514911000, [446500, 3553222, 113702944, 38734, 113702944, 437444628]] [10409430872, [87558, 694278, 22167600, 9830, 22167600, 87064582]] [2596687624272.0, [23976942.0, 191813655, 6138012243, 5340891, 6138012243, 21131037915]] [94268306584.0, [938707.0, 7406710, 236848320, 329310, 225408192, 758758419]]
Model_cost: [19507614222.666664, [3990.527777777778, 11224164, 359126200, 498436, 49400505, 195362]] [7570357548.0, [29511.0, 2666607, 85328676, 86895, 77870628, 304299]] [578887992.0, [32.0, 195230, 6247200, 13150, 6247200, 26250]] [9699208184.0, [9978.0, 3327942, 106002464, 38734, 103509152, 416027]] [1182149592.0, [712.0, 548038, 17373232, 19270, 7768304, 30576]] [568068932064.0, [4077.0, 191813655, 6138012243, 5340891, 6137123727, 23973306]] [2507227232.0, [343.75, 891830, 28517760, 42142, 25506688, 101907]]
Arch_Param: [32, 4096, 4096, 16, 512, 256]
SK_cost: [165072930010.6667, [1606836.7777777778, 12715108, 406836408, 451588, 364399800, 1346637217]] [35077943724.0, [333423.0, 2666607, 85328676, 86895, 85328676, 283119471]] [1778194680, [26250, 195230, 6247200, 13150, 6247200, 12492810]] [52514911000, [446500, 3553222, 113702944, 38734, 113702944, 437444628]] [10409430872, [87558, 694278, 22167600, 9830, 22167600, 87064582]] [2596687624272.0, [23976942.0, 191813655, 6138012243, 5340891, 6138012243, 21131037915]] [94268306584.0, [938707.0, 7406710, 236848320, 329310, 225408192, 758758419]]
Model_cost: [19507614222.666664, [3990.527777777778, 11224164, 359126200, 498436, 49400505, 195362]] [7570357548.0, [29511.0, 2666607, 85328676, 86895, 77870628, 304299]] [578887992.0, [32.0, 195230, 6247200, 13150, 6247200, 26250]] [9699208184.0, [9978.0, 3327942, 106002464, 38734, 103509152, 416027]] [1181897688.0, [712.0, 543942, 17356848, 11078, 7792880, 30512]] [568068932064.0, [4077.0, 191813655, 6138012243, 5340891, 6137123727, 23973306]] [2507227232.0, [343.75, 891830, 28517760, 42142, 25506688, 101907]]
Arch_Param: [32, 4096, 4096, 16, 512, 512]
SK_cost: [165072930010.6667, [1606836.7777777778, 12715108, 406836408, 451588, 364399800, 1346637217]] [35077943724.0, [333423.0, 2666607, 85328676, 86895, 85328676, 283119471]] [1778194680, [26250, 195230, 6247200, 13150, 6247200, 12492810]] [52514911000, [446500, 3553222, 113702944, 38734, 113702944, 437444628]] [10409430872, [87558, 694278, 22167600, 9830, 22167600, 87064582]] [2596687624272.0, [23976942.0, 191813655, 6138012243, 5340891, 6138012243, 21131037915]] [94268306584.0, [938707.0, 7406710, 236848320, 329310, 225408192, 758758419]]
Model_cost: [19506999822.666664, [3990.527777777778, 11224164, 359126200, 488836, 49400505, 195362]] [7570357548.0, [29511.0, 2666607, 85328676, 86895, 77870628, 304299]] [578887992.0, [32.0, 195230, 6247200, 13150, 6247200, 26250]] [9699208184.0, [9978.0, 3327942, 106002464, 38734, 103509152, 416027]] [1180701272.0, [711.0, 543942, 17356848, 9830, 7767792, 30381]] [568068932064.0, [4077.0, 191813655, 6138012243, 5340891, 6137123727, 23973306]] [2507227232.0, [343.75, 891830, 28517760, 42142, 25506688, 101907]]
Arch_Param: [32, 4096, 4096, 16, 1024, 16]
SK_cost: [165047513102.6667, [1606836.7777777778, 6360929, 406836408, 451585, 364399800, 1346637217]] [35072610732.0, [333423.0, 1333359, 85328676, 86895, 85328676, 283119471]] [1777829200, [26250, 104020, 6247200, 13140, 6247200, 12492810]] [52507828256, [446500, 1783016, 113702944, 38704, 113702944, 437444628]] [10408046424, [87558, 348166, 22167600, 9830, 22167600, 87064582]] [2596303998816.0, [23976942.0, 95907291, 6138012243, 5340891, 6138012243, 21131037915]] [94253514988.0, [938707.0, 3709755, 236848320, 329251, 225408192, 758758419]]
Model_cost: [19546573634.666664, [4006.527777777778, 5615457, 359126200, 1456929, 49400505, 195874]] [7565024556.0, [29511.0, 1333359, 85328676, 86895, 77870628, 304299]] [578522512.0, [32.0, 104020, 6247200, 13140, 6247200, 26250]] [9692616960.0, [9978.0, 1680616, 106002464, 38704, 103509152, 416027]] [1184058488.0, [711.0, 273670, 17356848, 79174, 7767792, 30384]] [567685306608.0, [4077.0, 95907291, 6138012243, 5340891, 6137123727, 23973306]] [2506075508.0, [361.75, 446715, 28517760, 51171, 25506688, 102419]]
Arch_Param: [32, 4096, 4096, 16, 1024, 64]
SK_cost: [165047513102.6667, [1606836.7777777778, 6360929, 406836408, 451585, 364399800, 1346637217]] [35072610732.0, [333423.0, 1333359, 85328676, 86895, 85328676, 283119471]] [1777829200, [26250, 104020, 6247200, 13140, 6247200, 12492810]] [52507828256, [446500, 1783016, 113702944, 38704, 113702944, 437444628]] [10408046424, [87558, 348166, 22167600, 9830, 22167600, 87064582]] [2596303998816.0, [23976942.0, 95907291, 6138012243, 5340891, 6138012243, 21131037915]] [94253514988.0, [938707.0, 3709755, 236848320, 329251, 225408192, 758758419]]
Model_cost: [19546573634.666664, [4006.527777777778, 5615457, 359126200, 1456929, 49400505, 195874]] [7565024556.0, [29511.0, 1333359, 85328676, 86895, 77870628, 304299]] [578522512.0, [32.0, 104020, 6247200, 13140, 6247200, 26250]] [9692616960.0, [9978.0, 1680616, 106002464, 38704, 103509152, 416027]] [1180683384.0, [711.0, 273670, 17356848, 26438, 7767792, 30384]] [567685306608.0, [4077.0, 95907291, 6138012243, 5340891, 6137123727, 23973306]] [2505615604.0, [349.75, 446715, 28517760, 44771, 25506688, 101907]]
Arch_Param: [32, 4096, 4096, 16, 1024, 128]
SK_cost: [165047513102.6667, [1606836.7777777778, 6360929, 406836408, 451585, 364399800, 1346637217]] [35072610732.0, [333423.0, 1333359, 85328676, 86895, 85328676, 283119471]] [1777829200, [26250, 104020, 6247200, 13140, 6247200, 12492810]] [52507828256, [446500, 1783016, 113702944, 38704, 113702944, 437444628]] [10408046424, [87558, 348166, 22167600, 9830, 22167600, 87064582]] [2596303998816.0, [23976942.0, 95907291, 6138012243, 5340891, 6138012243, 21131037915]] [94253514988.0, [938707.0, 3709755, 236848320, 329251, 225408192, 758758419]]
Model_cost: [19485179202.666664, [3990.527777777778, 5615457, 359126200, 498433, 49400505, 195362]] [7565024556.0, [29511.0, 1333359, 85328676, 86895, 77870628, 304299]] [578522512.0, [32.0, 104020, 6247200, 13140, 6247200, 26250]] [9692616960.0, [9978.0, 1680616, 106002464, 38704, 103509152, 416027]] [1180486776.0, [711.0, 273670, 17356848, 23366, 7767792, 30384]] [567685306608.0, [4077.0, 95907291, 6138012243, 5340891, 6137123727, 23973306]] [2505442996.0, [343.75, 446715, 28517760, 42083, 25506688, 101907]]
Arch_Param: [32, 4096, 4096, 16, 1024, 256]
SK_cost: [165047513102.6667, [1606836.7777777778, 6360929, 406836408, 451585, 364399800, 1346637217]] [35072610732.0, [333423.0, 1333359, 85328676, 86895, 85328676, 283119471]] [1777829200, [26250, 104020, 6247200, 13140, 6247200, 12492810]] [52507828256, [446500, 1783016, 113702944, 38704, 113702944, 437444628]] [10408046424, [87558, 348166, 22167600, 9830, 22167600, 87064582]] [2596303998816.0, [23976942.0, 95907291, 6138012243, 5340891, 6138012243, 21131037915]] [94253514988.0, [938707.0, 3709755, 236848320, 329251, 225408192, 758758419]]
Model_cost: [19485179202.666664, [3990.527777777778, 5615457, 359126200, 498433, 49400505, 195362]] [7565024556.0, [29511.0, 1333359, 85328676, 86895, 77870628, 304299]] [578522512.0, [32.0, 104020, 6247200, 13140, 6247200, 26250]] [9692616960.0, [9978.0, 1680616, 106002464, 38704, 103509152, 416027]] [1180486776.0, [711.0, 273670, 17356848, 23366, 7767792, 30384]] [567685306608.0, [4077.0, 95907291, 6138012243, 5340891, 6137123727, 23973306]] [2505442996.0, [343.75, 446715, 28517760, 42083, 25506688, 101907]]
Arch_Param: [32, 4096, 4096, 16, 1024, 512]
SK_cost: [165047513102.6667, [1606836.7777777778, 6360929, 406836408, 451585, 364399800, 1346637217]] [35072610732.0, [333423.0, 1333359, 85328676, 86895, 85328676, 283119471]] [1777829200, [26250, 104020, 6247200, 13140, 6247200, 12492810]] [52507828256, [446500, 1783016, 113702944, 38704, 113702944, 437444628]] [10408046424, [87558, 348166, 22167600, 9830, 22167600, 87064582]] [2596303998816.0, [23976942.0, 95907291, 6138012243, 5340891, 6138012243, 21131037915]] [94253514988.0, [938707.0, 3709755, 236848320, 329251, 225408192, 758758419]]
Model_cost: [19484564802.666664, [3990.527777777778, 5615457, 359126200, 488833, 49400505, 195362]] [7565024556.0, [29511.0, 1333359, 85328676, 86895, 77870628, 304299]] [578522512.0, [32.0, 104020, 6247200, 13140, 6247200, 26250]] [9692616960.0, [9978.0, 1680616, 106002464, 38704, 103509152, 416027]] [1179617496.0, [711.0, 272998, 17356848, 9830, 7767792, 30381]] [567685306608.0, [4077.0, 95907291, 6138012243, 5340891, 6137123727, 23973306]] [2505442996.0, [343.75, 446715, 28517760, 42083, 25506688, 101907]]
Arch_Param: [32, 4096, 4096, 32, 256, 16]
SK_cost: [94178418062.66666, [913375.4444444445, 14471873, 231526584, 254913, 210308280, 767184289]] [35088609708.0, [333423.0, 5333103, 85328676, 86895, 85328676, 283119471]] [1778976840, [26250, 390450, 6247200, 13170, 6247200, 12492810]] [52529127688, [446500, 7106434, 113702944, 38794, 113702944, 437444628]] [5206102872, [43782, 693254, 11083824, 4918, 11083824, 43532294]] [2597454875184.0, [23976942.0, 383626383, 6138012243, 5340891, 6138012243, 21131037915]] [88183460848.0, [850771.0, 13498604, 215891136, 256724, 211743936, 711998483]]
Model_cost: [12101258978.666668, [2252.1944444444443, 12767937, 204263608, 826433, 49400505, 195874]] [7581023532.0, [29511.0, 5333103, 85328676, 86895, 77870628, 304299]] [579670152.0, [32.0, 390450, 6247200, 13170, 6247200, 26250]] [9712441832.0, [9978.0, 6635394, 106002464, 38794, 103509152, 416027]] [764620664.0, [359.0, 542918, 8686640, 11174, 7768304, 30576]] [568836182976.0, [4077.0, 383626383, 6138012243, 5340891, 6137123727, 23973306]] [2406046544.0, [276.0, 1647980, 26356864, 34708, 25506688, 101907]]
Arch_Param: [32, 4096, 4096, 32, 256, 64]
SK_cost: [94178418062.66666, [913375.4444444445, 14471873, 231526584, 254913, 210308280, 767184289]] [35088609708.0, [333423.0, 5333103, 85328676, 86895, 85328676, 283119471]] [1778976840, [26250, 390450, 6247200, 13170, 6247200, 12492810]] [52529127688, [446500, 7106434, 113702944, 38794, 113702944, 437444628]] [5206102872, [43782, 693254, 11083824, 4918, 11083824, 43532294]] [2597454875184.0, [23976942.0, 383626383, 6138012243, 5340891, 6138012243, 21131037915]] [88183460848.0, [850771.0, 13498604, 215891136, 256724, 211743936, 711998483]]
Model_cost: [12066156258.666668, [2252.1944444444443, 12767937, 204263608, 278721, 49400505, 195362]] [7581023532.0, [29511.0, 5333103, 85328676, 86895, 77870628, 304299]] [579670152.0, [32.0, 390450, 6247200, 13170, 6247200, 26250]] [9712441832.0, [9978.0, 6635394, 106002464, 38794, 103509152, 416027]] [764522360.0, [359.0, 542918, 8686640, 9638, 7768304, 30576]] [568836182976.0, [4077.0, 383626383, 6138012243, 5340891, 6137123727, 23973306]] [2405948240.0, [276.0, 1647980, 26356864, 33172, 25506688, 101907]]
Arch_Param: [32, 4096, 4096, 32, 256, 128]
SK_cost: [94178418062.66666, [913375.4444444445, 14471873, 231526584, 254913, 210308280, 767184289]] [35088609708.0, [333423.0, 5333103, 85328676, 86895, 85328676, 283119471]] [1778976840, [26250, 390450, 6247200, 13170, 6247200, 12492810]] [52529127688, [446500, 7106434, 113702944, 38794, 113702944, 437444628]] [5206102872, [43782, 693254, 11083824, 4918, 11083824, 43532294]] [2597454875184.0, [23976942.0, 383626383, 6138012243, 5340891, 6138012243, 21131037915]] [88183460848.0, [850771.0, 13498604, 215891136, 256724, 211743936, 711998483]]
Model_cost: [12066156258.666668, [2252.1944444444443, 12767937, 204263608, 278721, 49400505, 195362]] [7581023532.0, [29511.0, 5333103, 85328676, 86895, 77870628, 304299]] [579670152.0, [32.0, 390450, 6247200, 13170, 6247200, 26250]] [9712441832.0, [9978.0, 6635394, 106002464, 38794, 103509152, 416027]] [764522360.0, [359.0, 542918, 8686640, 9638, 7768304, 30576]] [568836182976.0, [4077.0, 383626383, 6138012243, 5340891, 6137123727, 23973306]] [2405948240.0, [276.0, 1647980, 26356864, 33172, 25506688, 101907]]
Arch_Param: [32, 4096, 4096, 32, 256, 256]
SK_cost: [94178418062.66666, [913375.4444444445, 14471873, 231526584, 254913, 210308280, 767184289]] [35088609708.0, [333423.0, 5333103, 85328676, 86895, 85328676, 283119471]] [1778976840, [26250, 390450, 6247200, 13170, 6247200, 12492810]] [52529127688, [446500, 7106434, 113702944, 38794, 113702944, 437444628]] [5206102872, [43782, 693254, 11083824, 4918, 11083824, 43532294]] [2597454875184.0, [23976942.0, 383626383, 6138012243, 5340891, 6138012243, 21131037915]] [88183460848.0, [850771.0, 13498604, 215891136, 256724, 211743936, 711998483]]
Model_cost: [12065836770.666668, [2252.1944444444443, 12767937, 204263608, 273729, 49400505, 195362]] [7581023532.0, [29511.0, 5333103, 85328676, 86895, 77870628, 304299]] [579670152.0, [32.0, 390450, 6247200, 13170, 6247200, 26250]] [9712441832.0, [9978.0, 6635394, 106002464, 38794, 103509152, 416027]] [763785816.0, [359.0, 542918, 8678448, 4918, 7767792, 30381]] [568836182976.0, [4077.0, 383626383, 6138012243, 5340891, 6137123727, 23973306]] [2405948240.0, [276.0, 1647980, 26356864, 33172, 25506688, 101907]]
Arch_Param: [32, 4096, 4096, 32, 512, 16]
SK_cost: [94149473498.66666, [913375.4444444445, 7236196, 231526584, 254884, 210308280, 767184289]] [35077943724.0, [333423.0, 2666607, 85328676, 86895, 85328676, 283119471]] [1778194680, [26250, 195230, 6247200, 13150, 6247200, 12492810]] [52514911000, [446500, 3553222, 113702944, 38734, 113702944, 437444628]] [5204718424, [43782, 347142, 11083824, 4918, 11083824, 43532294]] [2596687624272.0, [23976942.0, 191813655, 6138012243, 5340891, 6138012243, 21131037915]] [88156456088.0, [850771.0, 6749302, 215891136, 256606, 211743936, 711998483]]
Model_cost: [12075722286.666668, [2252.1944444444443, 6384228, 204263608, 826404, 49400505, 195874]] [7570357548.0, [29511.0, 2666607, 85328676, 86895, 77870628, 304299]] [578887992.0, [32.0, 195230, 6247200, 13150, 6247200, 26250]] [9699208184.0, [9978.0, 3327942, 106002464, 38734, 103509152, 416027]] [763545080.0, [359.0, 274022, 8686640, 11174, 7768304, 30576]] [568068932064.0, [4077.0, 191813655, 6138012243, 5340891, 6137123727, 23973306]] [2402743032.0, [276.0, 823990, 26356864, 34590, 25506688, 101907]]
Arch_Param: [32, 4096, 4096, 32, 512, 64]
SK_cost: [94149473498.66666, [913375.4444444445, 7236196, 231526584, 254884, 210308280, 767184289]] [35077943724.0, [333423.0, 2666607, 85328676, 86895, 85328676, 283119471]] [1778194680, [26250, 195230, 6247200, 13150, 6247200, 12492810]] [52514911000, [446500, 3553222, 113702944, 38734, 113702944, 437444628]] [5204718424, [43782, 347142, 11083824, 4918, 11083824, 43532294]] [2596687624272.0, [23976942.0, 191813655, 6138012243, 5340891, 6138012243, 21131037915]] [88156456088.0, [850771.0, 6749302, 215891136, 256606, 211743936, 711998483]]
Model_cost: [12040619566.666668, [2252.1944444444443, 6384228, 204263608, 278692, 49400505, 195362]] [7570357548.0, [29511.0, 2666607, 85328676, 86895, 77870628, 304299]] [578887992.0, [32.0, 195230, 6247200, 13150, 6247200, 26250]] [9699208184.0, [9978.0, 3327942, 106002464, 38734, 103509152, 416027]] [763446776.0, [359.0, 274022, 8686640, 9638, 7768304, 30576]] [568068932064.0, [4077.0, 191813655, 6138012243, 5340891, 6137123727, 23973306]] [2402644728.0, [276.0, 823990, 26356864, 33054, 25506688, 101907]]
Arch_Param: [32, 4096, 4096, 32, 512, 128]
SK_cost: [94149473498.66666, [913375.4444444445, 7236196, 231526584, 254884, 210308280, 767184289]] [35077943724.0, [333423.0, 2666607, 85328676, 86895, 85328676, 283119471]] [1778194680, [26250, 195230, 6247200, 13150, 6247200, 12492810]] [52514911000, [446500, 3553222, 113702944, 38734, 113702944, 437444628]] [5204718424, [43782, 347142, 11083824, 4918, 11083824, 43532294]] [2596687624272.0, [23976942.0, 191813655, 6138012243, 5340891, 6138012243, 21131037915]] [88156456088.0, [850771.0, 6749302, 215891136, 256606, 211743936, 711998483]]
Model_cost: [12040619566.666668, [2252.1944444444443, 6384228, 204263608, 278692, 49400505, 195362]] [7570357548.0, [29511.0, 2666607, 85328676, 86895, 77870628, 304299]] [578887992.0, [32.0, 195230, 6247200, 13150, 6247200, 26250]] [9699208184.0, [9978.0, 3327942, 106002464, 38734, 103509152, 416027]] [763446776.0, [359.0, 274022, 8686640, 9638, 7768304, 30576]] [568068932064.0, [4077.0, 191813655, 6138012243, 5340891, 6137123727, 23973306]] [2402644728.0, [276.0, 823990, 26356864, 33054, 25506688, 101907]]
Arch_Param: [32, 4096, 4096, 32, 512, 256]
SK_cost: [94149473498.66666, [913375.4444444445, 7236196, 231526584, 254884, 210308280, 767184289]] [35077943724.0, [333423.0, 2666607, 85328676, 86895, 85328676, 283119471]] [1778194680, [26250, 195230, 6247200, 13150, 6247200, 12492810]] [52514911000, [446500, 3553222, 113702944, 38734, 113702944, 437444628]] [5204718424, [43782, 347142, 11083824, 4918, 11083824, 43532294]] [2596687624272.0, [23976942.0, 191813655, 6138012243, 5340891, 6138012243, 21131037915]] [88156456088.0, [850771.0, 6749302, 215891136, 256606, 211743936, 711998483]]
Model_cost: [12040300078.666668, [2252.1944444444443, 6384228, 204263608, 273700, 49400505, 195362]] [7570357548.0, [29511.0, 2666607, 85328676, 86895, 77870628, 304299]] [578887992.0, [32.0, 195230, 6247200, 13150, 6247200, 26250]] [9699208184.0, [9978.0, 3327942, 106002464, 38734, 103509152, 416027]] [762702040.0, [359.0, 271974, 8678448, 4918, 7767792, 30381]] [568068932064.0, [4077.0, 191813655, 6138012243, 5340891, 6137123727, 23973306]] [2402644728.0, [276.0, 823990, 26356864, 33054, 25506688, 101907]]
Arch_Param: [32, 4096, 4096, 32, 512, 512]
SK_cost: [94149473498.66666, [913375.4444444445, 7236196, 231526584, 254884, 210308280, 767184289]] [35077943724.0, [333423.0, 2666607, 85328676, 86895, 85328676, 283119471]] [1778194680, [26250, 195230, 6247200, 13150, 6247200, 12492810]] [52514911000, [446500, 3553222, 113702944, 38734, 113702944, 437444628]] [5204718424, [43782, 347142, 11083824, 4918, 11083824, 43532294]] [2596687624272.0, [23976942.0, 191813655, 6138012243, 5340891, 6138012243, 21131037915]] [88156456088.0, [850771.0, 6749302, 215891136, 256606, 211743936, 711998483]]
Model_cost: [12040300078.666668, [2252.1944444444443, 6384228, 204263608, 273700, 49400505, 195362]] [7570357548.0, [29511.0, 2666607, 85328676, 86895, 77870628, 304299]] [578887992.0, [32.0, 195230, 6247200, 13150, 6247200, 26250]] [9699208184.0, [9978.0, 3327942, 106002464, 38734, 103509152, 416027]] [762702040.0, [359.0, 271974, 8678448, 4918, 7767792, 30381]] [568068932064.0, [4077.0, 191813655, 6138012243, 5340891, 6137123727, 23973306]] [2402644728.0, [276.0, 823990, 26356864, 33054, 25506688, 101907]]
Arch_Param: [32, 4096, 4096, 32, 1024, 16]
SK_cost: [94135008270.66666, [913375.4444444445, 3619937, 231526584, 254881, 210308280, 767184289]] [35072610732.0, [333423.0, 1333359, 85328676, 86895, 85328676, 283119471]] [1777829200, [26250, 104020, 6247200, 13140, 6247200, 12492810]] [52507828256, [446500, 1783016, 113702944, 38704, 113702944, 437444628]] [5204026200, [43782, 174086, 11083824, 4918, 11083824, 43532294]] [2596303998816.0, [23976942.0, 95907291, 6138012243, 5340891, 6138012243, 21131037915]] [88142967020.0, [850771.0, 3377979, 215891136, 256547, 211743936, 711998483]]
Model_cost: [12062960994.666668, [2252.1944444444443, 3193953, 204263608, 826401, 49400505, 195874]] [7565024556.0, [29511.0, 1333359, 85328676, 86895, 77870628, 304299]] [578522512.0, [32.0, 104020, 6247200, 13140, 6247200, 26250]] [9692616960.0, [9978.0, 1680616, 106002464, 38704, 103509152, 416027]] [762693240.0, [359.0, 136838, 8678448, 13222, 7767792, 30384]] [567685306608.0, [4077.0, 95907291, 6138012243, 5340891, 6137123727, 23973306]] [2401092940.0, [276.0, 412411, 26356864, 34531, 25506688, 101907]]
Arch_Param: [32, 4096, 4096, 32, 1024, 64]
SK_cost: [94135008270.66666, [913375.4444444445, 3619937, 231526584, 254881, 210308280, 767184289]] [35072610732.0, [333423.0, 1333359, 85328676, 86895, 85328676, 283119471]] [1777829200, [26250, 104020, 6247200, 13140, 6247200, 12492810]] [52507828256, [446500, 1783016, 113702944, 38704, 113702944, 437444628]] [5204026200, [43782, 174086, 11083824, 4918, 11083824, 43532294]] [2596303998816.0, [23976942.0, 95907291, 6138012243, 5340891, 6138012243, 21131037915]] [88142967020.0, [850771.0, 3377979, 215891136, 256547, 211743936, 711998483]]
Model_cost: [12027858274.666668, [2252.1944444444443, 3193953, 204263608, 278689, 49400505, 195362]] [7565024556.0, [29511.0, 1333359, 85328676, 86895, 77870628, 304299]] [578522512.0, [32.0, 104020, 6247200, 13140, 6247200, 26250]] [9692616960.0, [9978.0, 1680616, 106002464, 38704, 103509152, 416027]] [762594936.0, [359.0, 136838, 8678448, 11686, 7767792, 30384]] [567685306608.0, [4077.0, 95907291, 6138012243, 5340891, 6137123727, 23973306]] [2400994636.0, [276.0, 412411, 26356864, 32995, 25506688, 101907]]
Arch_Param: [32, 4096, 4096, 32, 1024, 128]
SK_cost: [94135008270.66666, [913375.4444444445, 3619937, 231526584, 254881, 210308280, 767184289]] [35072610732.0, [333423.0, 1333359, 85328676, 86895, 85328676, 283119471]] [1777829200, [26250, 104020, 6247200, 13140, 6247200, 12492810]] [52507828256, [446500, 1783016, 113702944, 38704, 113702944, 437444628]] [5204026200, [43782, 174086, 11083824, 4918, 11083824, 43532294]] [2596303998816.0, [23976942.0, 95907291, 6138012243, 5340891, 6138012243, 21131037915]] [88142967020.0, [850771.0, 3377979, 215891136, 256547, 211743936, 711998483]]
Model_cost: [12027858274.666668, [2252.1944444444443, 3193953, 204263608, 278689, 49400505, 195362]] [7565024556.0, [29511.0, 1333359, 85328676, 86895, 77870628, 304299]] [578522512.0, [32.0, 104020, 6247200, 13140, 6247200, 26250]] [9692616960.0, [9978.0, 1680616, 106002464, 38704, 103509152, 416027]] [762594936.0, [359.0, 136838, 8678448, 11686, 7767792, 30384]] [567685306608.0, [4077.0, 95907291, 6138012243, 5340891, 6137123727, 23973306]] [2400994636.0, [276.0, 412411, 26356864, 32995, 25506688, 101907]]
Arch_Param: [32, 4096, 4096, 32, 1024, 256]
SK_cost: [94135008270.66666, [913375.4444444445, 3619937, 231526584, 254881, 210308280, 767184289]] [35072610732.0, [333423.0, 1333359, 85328676, 86895, 85328676, 283119471]] [1777829200, [26250, 104020, 6247200, 13140, 6247200, 12492810]] [52507828256, [446500, 1783016, 113702944, 38704, 113702944, 437444628]] [5204026200, [43782, 174086, 11083824, 4918, 11083824, 43532294]] [2596303998816.0, [23976942.0, 95907291, 6138012243, 5340891, 6138012243, 21131037915]] [88142967020.0, [850771.0, 3377979, 215891136, 256547, 211743936, 711998483]]
Model_cost: [12027538786.666668, [2252.1944444444443, 3193953, 204263608, 273697, 49400505, 195362]] [7565024556.0, [29511.0, 1333359, 85328676, 86895, 77870628, 304299]] [578522512.0, [32.0, 104020, 6247200, 13140, 6247200, 26250]] [9692616960.0, [9978.0, 1680616, 106002464, 38704, 103509152, 416027]] [762160152.0, [359.0, 136502, 8678448, 4918, 7767792, 30381]] [567685306608.0, [4077.0, 95907291, 6138012243, 5340891, 6137123727, 23973306]] [2400994636.0, [276.0, 412411, 26356864, 32995, 25506688, 101907]]
Arch_Param: [32, 4096, 4096, 32, 1024, 512]
SK_cost: [94135008270.66666, [913375.4444444445, 3619937, 231526584, 254881, 210308280, 767184289]] [35072610732.0, [333423.0, 1333359, 85328676, 86895, 85328676, 283119471]] [1777829200, [26250, 104020, 6247200, 13140, 6247200, 12492810]] [52507828256, [446500, 1783016, 113702944, 38704, 113702944, 437444628]] [5204026200, [43782, 174086, 11083824, 4918, 11083824, 43532294]] [2596303998816.0, [23976942.0, 95907291, 6138012243, 5340891, 6138012243, 21131037915]] [88142967020.0, [850771.0, 3377979, 215891136, 256547, 211743936, 711998483]]
Model_cost: [12027538786.666668, [2252.1944444444443, 3193953, 204263608, 273697, 49400505, 195362]] [7565024556.0, [29511.0, 1333359, 85328676, 86895, 77870628, 304299]] [578522512.0, [32.0, 104020, 6247200, 13140, 6247200, 26250]] [9692616960.0, [9978.0, 1680616, 106002464, 38704, 103509152, 416027]] [762160152.0, [359.0, 136502, 8678448, 4918, 7767792, 30381]] [567685306608.0, [4077.0, 95907291, 6138012243, 5340891, 6137123727, 23973306]] [2400994636.0, [276.0, 412411, 26356864, 32995, 25506688, 101907]]
Arch_Param: [32, 4096, 2048, 4, 256, 16]
SK_cost: [591517499812.0, [11448421.0, 91214401, 1459298552, 1634145, 1289391288, 4824681889]] [67526177196.0, [1278063.0, 10223727, 163578660, 164463, 163185444, 545001327]] [1781465160, [52170, 390450, 6247200, 13170, 6247200, 12492810]] [52571879176, [891828, 7106434, 113702944, 38794, 113702944, 437444628]] [41682401112, [700422, 5545990, 88670256, 39302, 88670256, 348258310]] [5199274762704.0, [95902683.0, 767215743, 12275433555, 10680855, 12275130963, 42260303067]] [153046999152.0, [3325343.0, 26148076, 417716928, 820436, 353006784, 1218624531]]
Model_cost: [64720504816.0, [28831.0, 80564801, 1288904952, 5243969, 49400505, 195874]] [11394199596.0, [62415.0, 10223727, 163578660, 625263, 77870628, 304299]] [579672168, [53, 390450, 6247200, 13170, 6247200, 26250]] [9713397416, [19934, 6635394, 106002464, 38794, 103509152, 416025]] [3717529112, [5654, 4343302, 69492784, 300294, 7768304, 30576]] [867694651968.0, [11223.0, 767215743, 12275433555, 47953431, 6137123727, 23973306]] [3442630528.0, [1636.5, 2983404, 47652928, 173012, 25506688, 102419]]
Arch_Param: [32, 4096, 2048, 4, 256, 64]
SK_cost: [591517499812.0, [11448421.0, 91214401, 1459298552, 1634145, 1289391288, 4824681889]] [67526177196.0, [1278063.0, 10223727, 163578660, 164463, 163185444, 545001327]] [1781465160, [52170, 390450, 6247200, 13170, 6247200, 12492810]] [52571879176, [891828, 7106434, 113702944, 38794, 113702944, 437444628]] [41682401112, [700422, 5545990, 88670256, 39302, 88670256, 348258310]] [5199274762704.0, [95902683.0, 767215743, 12275433555, 10680855, 12275130963, 42260303067]] [153046999152.0, [3325343.0, 26148076, 417716928, 820436, 353006784, 1218624531]]
Model_cost: [64720504816.0, [28831.0, 80564801, 1288904952, 5243969, 49400505, 195874]] [11364708396.0, [62415.0, 10223727, 163578660, 164463, 77870628, 304299]] [579672168, [53, 390450, 6247200, 13170, 6247200, 26250]] [9713397416, [19934, 6635394, 106002464, 38794, 103509152, 416025]] [3717529112, [5654, 4343302, 69492784, 300294, 7768304, 30576]] [865309207104.0, [11223.0, 767215743, 12275433555, 10680855, 6137123727, 23973306]] [3440238464.0, [1636.5, 2983404, 47652928, 135636, 25506688, 102419]]
Arch_Param: [32, 4096, 2048, 4, 256, 128]
SK_cost: [591517499812.0, [11448421.0, 91214401, 1459298552, 1634145, 1289391288, 4824681889]] [67526177196.0, [1278063.0, 10223727, 163578660, 164463, 163185444, 545001327]] [1781465160, [52170, 390450, 6247200, 13170, 6247200, 12492810]] [52571879176, [891828, 7106434, 113702944, 38794, 113702944, 437444628]] [41682401112, [700422, 5545990, 88670256, 39302, 88670256, 348258310]] [5199274762704.0, [95902683.0, 767215743, 12275433555, 10680855, 12275130963, 42260303067]] [153046999152.0, [3325343.0, 26148076, 417716928, 820436, 353006784, 1218624531]]
Model_cost: [64720504816.0, [28831.0, 80564801, 1288904952, 5243969, 49400505, 195874]] [11364708396.0, [62415.0, 10223727, 163578660, 164463, 77870628, 304299]] [579672168, [53, 390450, 6247200, 13170, 6247200, 26250]] [9713397416, [19934, 6635394, 106002464, 38794, 103509152, 416025]] [3704028696, [5654, 4343302, 69492784, 89350, 7768304, 30576]] [865309207104.0, [11223.0, 767215743, 12275433555, 10680855, 6137123727, 23973306]] [3438754560.0, [1624.5, 2983404, 47652928, 113236, 25506688, 101907]]
Arch_Param: [32, 4096, 2048, 4, 256, 256]
SK_cost: [591517499812.0, [11448421.0, 91214401, 1459298552, 1634145, 1289391288, 4824681889]] [67526177196.0, [1278063.0, 10223727, 163578660, 164463, 163185444, 545001327]] [1781465160, [52170, 390450, 6247200, 13170, 6247200, 12492810]] [52571879176, [891828, 7106434, 113702944, 38794, 113702944, 437444628]] [41682401112, [700422, 5545990, 88670256, 39302, 88670256, 348258310]] [5199274762704.0, [95902683.0, 767215743, 12275433555, 10680855, 12275130963, 42260303067]] [153046999152.0, [3325343.0, 26148076, 417716928, 820436, 353006784, 1218624531]]
Model_cost: [64720504816.0, [28831.0, 80564801, 1288904952, 5243969, 49400505, 195874]] [11364708396.0, [62415.0, 10223727, 163578660, 164463, 77870628, 304299]] [579672168, [53, 390450, 6247200, 13170, 6247200, 26250]] [9713397416, [19934, 6635394, 106002464, 38794, 103509152, 416025]] [3704028696, [5654, 4343302, 69492784, 89350, 7768304, 30576]] [865309207104.0, [11223.0, 767215743, 12275433555, 10680855, 6137123727, 23973306]] [3438754560.0, [1624.5, 2983404, 47652928, 113236, 25506688, 101907]]
Arch_Param: [32, 4096, 2048, 4, 512, 16]
SK_cost: [591335070192.0, [11448421.0, 45607460, 1459298552, 1634116, 1289391288, 4824681889]] [67505729964.0, [1278063.0, 5111919, 163578660, 164463, 163185444, 545001327]] [1780683000, [52170, 195230, 6247200, 13150, 6247200, 12492810]] [52557662488, [891828, 3553222, 113702944, 38734, 113702944, 437444628]] [41671325528, [700422, 2777094, 88670256, 39302, 88670256, 348258310]] [5197740334608.0, [95902683.0, 383608719, 12275433555, 10680855, 12275130963, 42260303067]] [152994695448.0, [3325343.0, 13074038, 417716928, 820318, 353006784, 1218624531]]
Model_cost: [64559374396.0, [28831.0, 40282660, 1288904952, 5243940, 49400505, 195874]] [11373752364.0, [62415.0, 5111919, 163578660, 625263, 77870628, 304299]] [578890008, [53, 195230, 6247200, 13150, 6247200, 26250]] [9700163768, [19934, 3327942, 106002464, 38734, 103509152, 416025]] [3708924440, [5654, 2192134, 69492784, 300294, 7768304, 30576]] [866160223872.0, [11223.0, 383608719, 12275433555, 47953431, 6137123727, 23973306]] [3436656168.0, [1636.5, 1491702, 47652928, 172894, 25506688, 102419]]
Arch_Param: [32, 4096, 2048, 4, 512, 64]
SK_cost: [591335070192.0, [11448421.0, 45607460, 1459298552, 1634116, 1289391288, 4824681889]] [67505729964.0, [1278063.0, 5111919, 163578660, 164463, 163185444, 545001327]] [1780683000, [52170, 195230, 6247200, 13150, 6247200, 12492810]] [52557662488, [891828, 3553222, 113702944, 38734, 113702944, 437444628]] [41671325528, [700422, 2777094, 88670256, 39302, 88670256, 348258310]] [5197740334608.0, [95902683.0, 383608719, 12275433555, 10680855, 12275130963, 42260303067]] [152994695448.0, [3325343.0, 13074038, 417716928, 820318, 353006784, 1218624531]]
Model_cost: [64559374396.0, [28831.0, 40282660, 1288904952, 5243940, 49400505, 195874]] [11344261164.0, [62415.0, 5111919, 163578660, 164463, 77870628, 304299]] [578890008, [53, 195230, 6247200, 13150, 6247200, 26250]] [9700163768, [19934, 3327942, 106002464, 38734, 103509152, 416025]] [3708924440, [5654, 2192134, 69492784, 300294, 7768304, 30576]] [863774779008.0, [11223.0, 383608719, 12275433555, 10680855, 6137123727, 23973306]] [3434264104.0, [1636.5, 1491702, 47652928, 135518, 25506688, 102419]]
Arch_Param: [32, 4096, 2048, 4, 512, 128]
SK_cost: [591335070192.0, [11448421.0, 45607460, 1459298552, 1634116, 1289391288, 4824681889]] [67505729964.0, [1278063.0, 5111919, 163578660, 164463, 163185444, 545001327]] [1780683000, [52170, 195230, 6247200, 13150, 6247200, 12492810]] [52557662488, [891828, 3553222, 113702944, 38734, 113702944, 437444628]] [41671325528, [700422, 2777094, 88670256, 39302, 88670256, 348258310]] [5197740334608.0, [95902683.0, 383608719, 12275433555, 10680855, 12275130963, 42260303067]] [152994695448.0, [3325343.0, 13074038, 417716928, 820318, 353006784, 1218624531]]
Model_cost: [64559374396.0, [28831.0, 40282660, 1288904952, 5243940, 49400505, 195874]] [11344261164.0, [62415.0, 5111919, 163578660, 164463, 77870628, 304299]] [578890008, [53, 195230, 6247200, 13150, 6247200, 26250]] [9700163768, [19934, 3327942, 106002464, 38734, 103509152, 416025]] [3695424024, [5654, 2192134, 69492784, 89350, 7768304, 30576]] [863774779008.0, [11223.0, 383608719, 12275433555, 10680855, 6137123727, 23973306]] [3432780200.0, [1624.5, 1491702, 47652928, 113118, 25506688, 101907]]
Arch_Param: [32, 4096, 2048, 4, 512, 256]
SK_cost: [591335070192.0, [11448421.0, 45607460, 1459298552, 1634116, 1289391288, 4824681889]] [67505729964.0, [1278063.0, 5111919, 163578660, 164463, 163185444, 545001327]] [1780683000, [52170, 195230, 6247200, 13150, 6247200, 12492810]] [52557662488, [891828, 3553222, 113702944, 38734, 113702944, 437444628]] [41671325528, [700422, 2777094, 88670256, 39302, 88670256, 348258310]] [5197740334608.0, [95902683.0, 383608719, 12275433555, 10680855, 12275130963, 42260303067]] [152994695448.0, [3325343.0, 13074038, 417716928, 820318, 353006784, 1218624531]]
Model_cost: [64559374396.0, [28831.0, 40282660, 1288904952, 5243940, 49400505, 195874]] [11344261164.0, [62415.0, 5111919, 163578660, 164463, 77870628, 304299]] [578890008, [53, 195230, 6247200, 13150, 6247200, 26250]] [9700163768, [19934, 3327942, 106002464, 38734, 103509152, 416025]] [3695424024, [5654, 2192134, 69492784, 89350, 7768304, 30576]] [863774779008.0, [11223.0, 383608719, 12275433555, 10680855, 6137123727, 23973306]] [3432780200.0, [1624.5, 1491702, 47652928, 113118, 25506688, 101907]]
Arch_Param: [32, 4096, 2048, 4, 512, 512]
SK_cost: [591335070192.0, [11448421.0, 45607460, 1459298552, 1634116, 1289391288, 4824681889]] [67505729964.0, [1278063.0, 5111919, 163578660, 164463, 163185444, 545001327]] [1780683000, [52170, 195230, 6247200, 13150, 6247200, 12492810]] [52557662488, [891828, 3553222, 113702944, 38734, 113702944, 437444628]] [41671325528, [700422, 2777094, 88670256, 39302, 88670256, 348258310]] [5197740334608.0, [95902683.0, 383608719, 12275433555, 10680855, 12275130963, 42260303067]] [152994695448.0, [3325343.0, 13074038, 417716928, 820318, 353006784, 1218624531]]
Model_cost: [64340239292.0, [28819.0, 40282660, 1288904952, 1820740, 49400505, 195362]] [11344261164.0, [62415.0, 5111919, 163578660, 164463, 77870628, 304299]] [578890008, [53, 195230, 6247200, 13150, 6247200, 26250]] [9700163768, [19934, 3327942, 106002464, 38734, 103509152, 416025]] [3692635928, [5646, 2175750, 69427248, 44294, 7843056, 30768]] [863774779008.0, [11223.0, 383608719, 12275433555, 10680855, 6137123727, 23973306]] [3432165512.0, [1621.5, 1491702, 47652928, 103518, 25506688, 101907]]
Arch_Param: [32, 4096, 2048, 4, 1024, 16]
SK_cost: [591243905828.0, [11448421.0, 22816417, 1459298552, 1634113, 1289391288, 4824681889]] [67495506348.0, [1278063.0, 2556015, 163578660, 164463, 163185444, 545001327]] [1780317520, [52170, 104020, 6247200, 13140, 6247200, 12492810]] [52550579744, [891828, 1783016, 113702944, 38704, 113702944, 437444628]] [41665787736, [700422, 1392646, 88670256, 39302, 88670256, 348258310]] [5196973120560.0, [95902683.0, 191805207, 12275433555, 10680855, 12275130963, 42260303067]] [152968643948.0, [3325343.0, 6562107, 417716928, 820259, 353006784, 1218624531]]
Model_cost: [64478859632.0, [28831.0, 20154017, 1288904952, 5243937, 49400505, 195874]] [11363528748.0, [62415.0, 2556015, 163578660, 625263, 77870628, 304299]] [578524528, [53, 104020, 6247200, 13140, 6247200, 26250]] [9693572544, [19934, 1680616, 106002464, 38704, 103509152, 416025]] [3702395672, [5646, 1094662, 69427248, 316678, 7767792, 30384]] [865393009824.0, [11223.0, 191805207, 12275433555, 47953431, 6137123727, 23973306]] [3433681532.0, [1636.5, 748987, 47652928, 172835, 25506688, 102419]]
Arch_Param: [32, 4096, 2048, 4, 1024, 64]
SK_cost: [591243905828.0, [11448421.0, 22816417, 1459298552, 1634113, 1289391288, 4824681889]] [67495506348.0, [1278063.0, 2556015, 163578660, 164463, 163185444, 545001327]] [1780317520, [52170, 104020, 6247200, 13140, 6247200, 12492810]] [52550579744, [891828, 1783016, 113702944, 38704, 113702944, 437444628]] [41665787736, [700422, 1392646, 88670256, 39302, 88670256, 348258310]] [5196973120560.0, [95902683.0, 191805207, 12275433555, 10680855, 12275130963, 42260303067]] [152968643948.0, [3325343.0, 6562107, 417716928, 820259, 353006784, 1218624531]]
Model_cost: [64478859632.0, [28831.0, 20154017, 1288904952, 5243937, 49400505, 195874]] [11334037548.0, [62415.0, 2556015, 163578660, 164463, 77870628, 304299]] [578524528, [53, 104020, 6247200, 13140, 6247200, 26250]] [9693572544, [19934, 1680616, 106002464, 38704, 103509152, 416025]] [3702395672, [5646, 1094662, 69427248, 316678, 7767792, 30384]] [863007564960.0, [11223.0, 191805207, 12275433555, 10680855, 6137123727, 23973306]] [3431289468.0, [1636.5, 748987, 47652928, 135459, 25506688, 102419]]
Arch_Param: [32, 4096, 2048, 4, 1024, 128]
SK_cost: [591243905828.0, [11448421.0, 22816417, 1459298552, 1634113, 1289391288, 4824681889]] [67495506348.0, [1278063.0, 2556015, 163578660, 164463, 163185444, 545001327]] [1780317520, [52170, 104020, 6247200, 13140, 6247200, 12492810]] [52550579744, [891828, 1783016, 113702944, 38704, 113702944, 437444628]] [41665787736, [700422, 1392646, 88670256, 39302, 88670256, 348258310]] [5196973120560.0, [95902683.0, 191805207, 12275433555, 10680855, 12275130963, 42260303067]] [152968643948.0, [3325343.0, 6562107, 417716928, 820259, 353006784, 1218624531]]
Model_cost: [64478859632.0, [28831.0, 20154017, 1288904952, 5243937, 49400505, 195874]] [11334037548.0, [62415.0, 2556015, 163578660, 164463, 77870628, 304299]] [578524528, [53, 104020, 6247200, 13140, 6247200, 26250]] [9693572544, [19934, 1680616, 106002464, 38704, 103509152, 416025]] [3688895256, [5646, 1094662, 69427248, 105734, 7767792, 30384]] [863007564960.0, [11223.0, 191805207, 12275433555, 10680855, 6137123727, 23973306]] [3429805564.0, [1624.5, 748987, 47652928, 113059, 25506688, 101907]]
Arch_Param: [32, 4096, 2048, 4, 1024, 256]
SK_cost: [591243905828.0, [11448421.0, 22816417, 1459298552, 1634113, 1289391288, 4824681889]] [67495506348.0, [1278063.0, 2556015, 163578660, 164463, 163185444, 545001327]] [1780317520, [52170, 104020, 6247200, 13140, 6247200, 12492810]] [52550579744, [891828, 1783016, 113702944, 38704, 113702944, 437444628]] [41665787736, [700422, 1392646, 88670256, 39302, 88670256, 348258310]] [5196973120560.0, [95902683.0, 191805207, 12275433555, 10680855, 12275130963, 42260303067]] [152968643948.0, [3325343.0, 6562107, 417716928, 820259, 353006784, 1218624531]]
Model_cost: [64478859632.0, [28831.0, 20154017, 1288904952, 5243937, 49400505, 195874]] [11334037548.0, [62415.0, 2556015, 163578660, 164463, 77870628, 304299]] [578524528, [53, 104020, 6247200, 13140, 6247200, 26250]] [9693572544, [19934, 1680616, 106002464, 38704, 103509152, 416025]] [3688895256, [5646, 1094662, 69427248, 105734, 7767792, 30384]] [863007564960.0, [11223.0, 191805207, 12275433555, 10680855, 6137123727, 23973306]] [3429805564.0, [1624.5, 748987, 47652928, 113059, 25506688, 101907]]
Arch_Param: [32, 4096, 2048, 4, 1024, 512]
SK_cost: [591243905828.0, [11448421.0, 22816417, 1459298552, 1634113, 1289391288, 4824681889]] [67495506348.0, [1278063.0, 2556015, 163578660, 164463, 163185444, 545001327]] [1780317520, [52170, 104020, 6247200, 13140, 6247200, 12492810]] [52550579744, [891828, 1783016, 113702944, 38704, 113702944, 437444628]] [41665787736, [700422, 1392646, 88670256, 39302, 88670256, 348258310]] [5196973120560.0, [95902683.0, 191805207, 12275433555, 10680855, 12275130963, 42260303067]] [152968643948.0, [3325343.0, 6562107, 417716928, 820259, 353006784, 1218624531]]
Model_cost: [64259724528.0, [28819.0, 20154017, 1288904952, 1820737, 49400505, 195362]] [11334037548.0, [62415.0, 2556015, 163578660, 164463, 77870628, 304299]] [578524528, [53, 104020, 6247200, 13140, 6247200, 26250]] [9693572544, [19934, 1680616, 106002464, 38704, 103509152, 416025]] [3688108824, [5646, 1094662, 69427248, 93446, 7767792, 30384]] [863007564960.0, [11223.0, 191805207, 12275433555, 10680855, 6137123727, 23973306]] [3429190876.0, [1621.5, 748987, 47652928, 103459, 25506688, 101907]]
Arch_Param: [32, 4096, 2048, 8, 256, 16]
SK_cost: [307339750820.0, [5942341.0, 47352385, 757568376, 845281, 672693432, 2505874849]] [35120607660.0, [666735.0, 5333103, 85328676, 86895, 85328676, 283119471]] [1781465160, [52170, 390450, 6247200, 13170, 6247200, 12492810]] [52571879176, [891828, 7106434, 113702944, 38794, 113702944, 437444628]] [20841203544, [350214, 2772998, 44335152, 19654, 44335152, 174129158]] [2599756646352.0, [47953725.0, 383626383, 6138012243, 5340891, 6138012243, 21131037915]] [106631983216.0, [2209183.0, 17443052, 278762688, 474836, 252736704, 852278291]]
Model_cost: [34645367264.0, [14905.5, 41814593, 668963704, 2718657, 49400505, 195874]] [7583845932.0, [58911.0, 5333103, 85328676, 86895, 77870628, 304299]] [579672168, [53, 390450, 6247200, 13170, 6247200, 26250]] [9713397416, [19934, 6635394, 106002464, 38794, 103509152, 416025]] [2031136536, [2830, 2171654, 34746416, 150150, 7768304, 30576]] [568836559104.0, [7995.0, 383626383, 6138012243, 5340891, 6137123727, 23973306]] [2721743680.0, [958.5, 2055020, 32839552, 78228, 25506688, 102419]]
Arch_Param: [32, 4096, 2048, 8, 256, 64]
SK_cost: [307339750820.0, [5942341.0, 47352385, 757568376, 845281, 672693432, 2505874849]] [35120607660.0, [666735.0, 5333103, 85328676, 86895, 85328676, 283119471]] [1781465160, [52170, 390450, 6247200, 13170, 6247200, 12492810]] [52571879176, [891828, 7106434, 113702944, 38794, 113702944, 437444628]] [20841203544, [350214, 2772998, 44335152, 19654, 44335152, 174129158]] [2599756646352.0, [47953725.0, 383626383, 6138012243, 5340891, 6138012243, 21131037915]] [106631983216.0, [2209183.0, 17443052, 278762688, 474836, 252736704, 852278291]]
Model_cost: [34645367264.0, [14905.5, 41814593, 668963704, 2718657, 49400505, 195874]] [7583845932.0, [58911.0, 5333103, 85328676, 86895, 77870628, 304299]] [579672168, [53, 390450, 6247200, 13170, 6247200, 26250]] [9713397416, [19934, 6635394, 106002464, 38794, 103509152, 416025]] [2024386328, [2830, 2171654, 34746416, 44678, 7768304, 30576]] [568836559104.0, [7995.0, 383626383, 6138012243, 5340891, 6137123727, 23973306]] [2720875328.0, [958.5, 2055020, 32839552, 65428, 25506688, 101907]]
Arch_Param: [32, 4096, 2048, 8, 256, 128]
SK_cost: [307339750820.0, [5942341.0, 47352385, 757568376, 845281, 672693432, 2505874849]] [35120607660.0, [666735.0, 5333103, 85328676, 86895, 85328676, 283119471]] [1781465160, [52170, 390450, 6247200, 13170, 6247200, 12492810]] [52571879176, [891828, 7106434, 113702944, 38794, 113702944, 437444628]] [20841203544, [350214, 2772998, 44335152, 19654, 44335152, 174129158]] [2599756646352.0, [47953725.0, 383626383, 6138012243, 5340891, 6138012243, 21131037915]] [106631983216.0, [2209183.0, 17443052, 278762688, 474836, 252736704, 852278291]]
Model_cost: [34645367264.0, [14905.5, 41814593, 668963704, 2718657, 49400505, 195874]] [7583845932.0, [58911.0, 5333103, 85328676, 86895, 77870628, 304299]] [579672168, [53, 390450, 6247200, 13170, 6247200, 26250]] [9713397416, [19934, 6635394, 106002464, 38794, 103509152, 416025]] [2024386328, [2830, 2171654, 34746416, 44678, 7768304, 30576]] [568836559104.0, [7995.0, 383626383, 6138012243, 5340891, 6137123727, 23973306]] [2720875328.0, [958.5, 2055020, 32839552, 65428, 25506688, 101907]]
Arch_Param: [32, 4096, 2048, 8, 256, 256]
SK_cost: [307339750820.0, [5942341.0, 47352385, 757568376, 845281, 672693432, 2505874849]] [35120607660.0, [666735.0, 5333103, 85328676, 86895, 85328676, 283119471]] [1781465160, [52170, 390450, 6247200, 13170, 6247200, 12492810]] [52571879176, [891828, 7106434, 113702944, 38794, 113702944, 437444628]] [20841203544, [350214, 2772998, 44335152, 19654, 44335152, 174129158]] [2599756646352.0, [47953725.0, 383626383, 6138012243, 5340891, 6138012243, 21131037915]] [106631983216.0, [2209183.0, 17443052, 278762688, 474836, 252736704, 852278291]]
Model_cost: [34531392864.0, [14893.5, 41814593, 668963704, 938593, 49400505, 195362]] [7583845932.0, [58911.0, 5333103, 85328676, 86895, 77870628, 304299]] [579672168, [53, 390450, 6247200, 13170, 6247200, 26250]] [9713397416, [19934, 6635394, 106002464, 38794, 103509152, 416025]] [2023993112, [2830, 2171654, 34746416, 38534, 7768304, 30576]] [568836559104.0, [7995.0, 383626383, 6138012243, 5340891, 6137123727, 23973306]] [2720555552.0, [955.5, 2055020, 32839552, 60436, 25506688, 101907]]
Arch_Param: [32, 4096, 2048, 8, 512, 16]
SK_cost: [307245045232.0, [5942341.0, 23676452, 757568376, 845252, 672693432, 2505874849]] [35109941676.0, [666735.0, 2666607, 85328676, 86895, 85328676, 283119471]] [1780683000, [52170, 195230, 6247200, 13150, 6247200, 12492810]] [52557662488, [891828, 3553222, 113702944, 38734, 113702944, 437444628]] [20835665752, [350214, 1388550, 44335152, 19654, 44335152, 174129158]] [2598989395440.0, [47953725.0, 191813655, 6138012243, 5340891, 6138012243, 21131037915]] [106597089560.0, [2209183.0, 8721526, 278762688, 474718, 252736704, 852278291]]
Model_cost: [34561737260.0, [14905.5, 20907556, 668963704, 2718628, 49400505, 195874]] [7573179948.0, [58911.0, 2666607, 85328676, 86895, 77870628, 304299]] [578890008, [53, 195230, 6247200, 13150, 6247200, 26250]] [9700163768, [19934, 3327942, 106002464, 38734, 103509152, 416025]] [2026834200, [2830, 1096070, 34746416, 150150, 7768304, 30576]] [568069308192.0, [7995.0, 191813655, 6138012243, 5340891, 6137123727, 23973306]] [2717626088.0, [958.5, 1027510, 32839552, 78110, 25506688, 102419]]
Arch_Param: [32, 4096, 2048, 8, 512, 64]
SK_cost: [307245045232.0, [5942341.0, 23676452, 757568376, 845252, 672693432, 2505874849]] [35109941676.0, [666735.0, 2666607, 85328676, 86895, 85328676, 283119471]] [1780683000, [52170, 195230, 6247200, 13150, 6247200, 12492810]] [52557662488, [891828, 3553222, 113702944, 38734, 113702944, 437444628]] [20835665752, [350214, 1388550, 44335152, 19654, 44335152, 174129158]] [2598989395440.0, [47953725.0, 191813655, 6138012243, 5340891, 6138012243, 21131037915]] [106597089560.0, [2209183.0, 8721526, 278762688, 474718, 252736704, 852278291]]
Model_cost: [34561737260.0, [14905.5, 20907556, 668963704, 2718628, 49400505, 195874]] [7573179948.0, [58911.0, 2666607, 85328676, 86895, 77870628, 304299]] [578890008, [53, 195230, 6247200, 13150, 6247200, 26250]] [9700163768, [19934, 3327942, 106002464, 38734, 103509152, 416025]] [2020083992, [2830, 1096070, 34746416, 44678, 7768304, 30576]] [568069308192.0, [7995.0, 191813655, 6138012243, 5340891, 6137123727, 23973306]] [2716757736.0, [958.5, 1027510, 32839552, 65310, 25506688, 101907]]
Arch_Param: [32, 4096, 2048, 8, 512, 128]
SK_cost: [307245045232.0, [5942341.0, 23676452, 757568376, 845252, 672693432, 2505874849]] [35109941676.0, [666735.0, 2666607, 85328676, 86895, 85328676, 283119471]] [1780683000, [52170, 195230, 6247200, 13150, 6247200, 12492810]] [52557662488, [891828, 3553222, 113702944, 38734, 113702944, 437444628]] [20835665752, [350214, 1388550, 44335152, 19654, 44335152, 174129158]] [2598989395440.0, [47953725.0, 191813655, 6138012243, 5340891, 6138012243, 21131037915]] [106597089560.0, [2209183.0, 8721526, 278762688, 474718, 252736704, 852278291]]
Model_cost: [34561737260.0, [14905.5, 20907556, 668963704, 2718628, 49400505, 195874]] [7573179948.0, [58911.0, 2666607, 85328676, 86895, 77870628, 304299]] [578890008, [53, 195230, 6247200, 13150, 6247200, 26250]] [9700163768, [19934, 3327942, 106002464, 38734, 103509152, 416025]] [2020083992, [2830, 1096070, 34746416, 44678, 7768304, 30576]] [568069308192.0, [7995.0, 191813655, 6138012243, 5340891, 6137123727, 23973306]] [2716757736.0, [958.5, 1027510, 32839552, 65310, 25506688, 101907]]
Arch_Param: [32, 4096, 2048, 8, 512, 256]
SK_cost: [307245045232.0, [5942341.0, 23676452, 757568376, 845252, 672693432, 2505874849]] [35109941676.0, [666735.0, 2666607, 85328676, 86895, 85328676, 283119471]] [1780683000, [52170, 195230, 6247200, 13150, 6247200, 12492810]] [52557662488, [891828, 3553222, 113702944, 38734, 113702944, 437444628]] [20835665752, [350214, 1388550, 44335152, 19654, 44335152, 174129158]] [2598989395440.0, [47953725.0, 191813655, 6138012243, 5340891, 6138012243, 21131037915]] [106597089560.0, [2209183.0, 8721526, 278762688, 474718, 252736704, 852278291]]
Model_cost: [34447762860.0, [14893.5, 20907556, 668963704, 938564, 49400505, 195362]] [7573179948.0, [58911.0, 2666607, 85328676, 86895, 77870628, 304299]] [578890008, [53, 195230, 6247200, 13150, 6247200, 26250]] [9700163768, [19934, 3327942, 106002464, 38734, 103509152, 416025]] [2019690776, [2830, 1096070, 34746416, 38534, 7768304, 30576]] [568069308192.0, [7995.0, 191813655, 6138012243, 5340891, 6137123727, 23973306]] [2716437960.0, [955.5, 1027510, 32839552, 60318, 25506688, 101907]]
Arch_Param: [32, 4096, 2048, 8, 512, 512]
SK_cost: [307245045232.0, [5942341.0, 23676452, 757568376, 845252, 672693432, 2505874849]] [35109941676.0, [666735.0, 2666607, 85328676, 86895, 85328676, 283119471]] [1780683000, [52170, 195230, 6247200, 13150, 6247200, 12492810]] [52557662488, [891828, 3553222, 113702944, 38734, 113702944, 437444628]] [20835665752, [350214, 1388550, 44335152, 19654, 44335152, 174129158]] [2598989395440.0, [47953725.0, 191813655, 6138012243, 5340891, 6138012243, 21131037915]] [106597089560.0, [2209183.0, 8721526, 278762688, 474718, 252736704, 852278291]]
Model_cost: [34447762860.0, [14893.5, 20907556, 668963704, 938564, 49400505, 195362]] [7573179948.0, [58911.0, 2666607, 85328676, 86895, 77870628, 304299]] [578890008, [53, 195230, 6247200, 13150, 6247200, 26250]] [9700163768, [19934, 3327942, 106002464, 38734, 103509152, 416025]] [2018111384, [2826, 1087878, 34713648, 22150, 7792880, 30512]] [568069308192.0, [7995.0, 191813655, 6138012243, 5340891, 6137123727, 23973306]] [2716437960.0, [955.5, 1027510, 32839552, 60318, 25506688, 101907]]
Arch_Param: [32, 4096, 2048, 8, 1024, 16]
SK_cost: [307197718052.0, [5942341.0, 11844705, 757568376, 845249, 672693432, 2505874849]] [35104608684.0, [666735.0, 1333359, 85328676, 86895, 85328676, 283119471]] [1780317520, [52170, 104020, 6247200, 13140, 6247200, 12492810]] [52550579744, [891828, 1783016, 113702944, 38704, 113702944, 437444628]] [20832896856, [350214, 696326, 44335152, 19654, 44335152, 174129158]] [2598605769984.0, [47953725.0, 95907291, 6138012243, 5340891, 6138012243, 21131037915]] [106579692908.0, [2209183.0, 4373307, 278762688, 474659, 252736704, 852278291]]
Model_cost: [34519947872.0, [14905.5, 10460257, 668963704, 2718625, 49400505, 195874]] [7567846956.0, [58911.0, 1333359, 85328676, 86895, 77870628, 304299]] [578524528, [53, 104020, 6247200, 13140, 6247200, 26250]] [9693572544, [19934, 1680616, 106002464, 38704, 103509152, 416025]] [2023549336, [2826, 547334, 34713648, 158342, 7767792, 30384]] [567685682736.0, [7995.0, 95907291, 6138012243, 5340891, 6137123727, 23973306]] [2715573564.0, [958.5, 515323, 32839552, 78051, 25506688, 102419]]
Arch_Param: [32, 4096, 2048, 8, 1024, 64]
SK_cost: [307197718052.0, [5942341.0, 11844705, 757568376, 845249, 672693432, 2505874849]] [35104608684.0, [666735.0, 1333359, 85328676, 86895, 85328676, 283119471]] [1780317520, [52170, 104020, 6247200, 13140, 6247200, 12492810]] [52550579744, [891828, 1783016, 113702944, 38704, 113702944, 437444628]] [20832896856, [350214, 696326, 44335152, 19654, 44335152, 174129158]] [2598605769984.0, [47953725.0, 95907291, 6138012243, 5340891, 6138012243, 21131037915]] [106579692908.0, [2209183.0, 4373307, 278762688, 474659, 252736704, 852278291]]
Model_cost: [34519947872.0, [14905.5, 10460257, 668963704, 2718625, 49400505, 195874]] [7567846956.0, [58911.0, 1333359, 85328676, 86895, 77870628, 304299]] [578524528, [53, 104020, 6247200, 13140, 6247200, 26250]] [9693572544, [19934, 1680616, 106002464, 38704, 103509152, 416025]] [2016799128, [2826, 547334, 34713648, 52870, 7767792, 30384]] [567685682736.0, [7995.0, 95907291, 6138012243, 5340891, 6137123727, 23973306]] [2714705212.0, [958.5, 515323, 32839552, 65251, 25506688, 101907]]
Arch_Param: [32, 4096, 2048, 8, 1024, 128]
SK_cost: [307197718052.0, [5942341.0, 11844705, 757568376, 845249, 672693432, 2505874849]] [35104608684.0, [666735.0, 1333359, 85328676, 86895, 85328676, 283119471]] [1780317520, [52170, 104020, 6247200, 13140, 6247200, 12492810]] [52550579744, [891828, 1783016, 113702944, 38704, 113702944, 437444628]] [20832896856, [350214, 696326, 44335152, 19654, 44335152, 174129158]] [2598605769984.0, [47953725.0, 95907291, 6138012243, 5340891, 6138012243, 21131037915]] [106579692908.0, [2209183.0, 4373307, 278762688, 474659, 252736704, 852278291]]
Model_cost: [34519947872.0, [14905.5, 10460257, 668963704, 2718625, 49400505, 195874]] [7567846956.0, [58911.0, 1333359, 85328676, 86895, 77870628, 304299]] [578524528, [53, 104020, 6247200, 13140, 6247200, 26250]] [9693572544, [19934, 1680616, 106002464, 38704, 103509152, 416025]] [2016799128, [2826, 547334, 34713648, 52870, 7767792, 30384]] [567685682736.0, [7995.0, 95907291, 6138012243, 5340891, 6137123727, 23973306]] [2714705212.0, [958.5, 515323, 32839552, 65251, 25506688, 101907]]
Arch_Param: [32, 4096, 2048, 8, 1024, 256]
SK_cost: [307197718052.0, [5942341.0, 11844705, 757568376, 845249, 672693432, 2505874849]] [35104608684.0, [666735.0, 1333359, 85328676, 86895, 85328676, 283119471]] [1780317520, [52170, 104020, 6247200, 13140, 6247200, 12492810]] [52550579744, [891828, 1783016, 113702944, 38704, 113702944, 437444628]] [20832896856, [350214, 696326, 44335152, 19654, 44335152, 174129158]] [2598605769984.0, [47953725.0, 95907291, 6138012243, 5340891, 6138012243, 21131037915]] [106579692908.0, [2209183.0, 4373307, 278762688, 474659, 252736704, 852278291]]
Model_cost: [34405973472.0, [14893.5, 10460257, 668963704, 938561, 49400505, 195362]] [7567846956.0, [58911.0, 1333359, 85328676, 86895, 77870628, 304299]] [578524528, [53, 104020, 6247200, 13140, 6247200, 26250]] [9693572544, [19934, 1680616, 106002464, 38704, 103509152, 416025]] [2016405912, [2826, 547334, 34713648, 46726, 7767792, 30384]] [567685682736.0, [7995.0, 95907291, 6138012243, 5340891, 6137123727, 23973306]] [2714385436.0, [955.5, 515323, 32839552, 60259, 25506688, 101907]]
Arch_Param: [32, 4096, 2048, 8, 1024, 512]
SK_cost: [307197718052.0, [5942341.0, 11844705, 757568376, 845249, 672693432, 2505874849]] [35104608684.0, [666735.0, 1333359, 85328676, 86895, 85328676, 283119471]] [1780317520, [52170, 104020, 6247200, 13140, 6247200, 12492810]] [52550579744, [891828, 1783016, 113702944, 38704, 113702944, 437444628]] [20832896856, [350214, 696326, 44335152, 19654, 44335152, 174129158]] [2598605769984.0, [47953725.0, 95907291, 6138012243, 5340891, 6138012243, 21131037915]] [106579692908.0, [2209183.0, 4373307, 278762688, 474659, 252736704, 852278291]]
Model_cost: [34405973472.0, [14893.5, 10460257, 668963704, 938561, 49400505, 195362]] [7567846956.0, [58911.0, 1333359, 85328676, 86895, 77870628, 304299]] [578524528, [53, 104020, 6247200, 13140, 6247200, 26250]] [9693572544, [19934, 1680616, 106002464, 38704, 103509152, 416025]] [2015949208, [2826, 547334, 34713648, 22150, 7792880, 30512]] [567685682736.0, [7995.0, 95907291, 6138012243, 5340891, 6137123727, 23973306]] [2714385436.0, [955.5, 515323, 32839552, 60259, 25506688, 101907]]
Arch_Param: [32, 4096, 2048, 16, 256, 16]
SK_cost: [165275811236.0, [3190389.0, 25429697, 406836408, 451617, 364399800, 1346637217]] [35120607660.0, [666735.0, 5333103, 85328676, 86895, 85328676, 283119471]] [1781465160, [52170, 390450, 6247200, 13170, 6247200, 12492810]] [52571879176, [891828, 7106434, 113702944, 38794, 113702944, 437444628]] [10420604760, [175110, 1386502, 22167600, 9830, 22167600, 87064582]] [2599756646352.0, [47953725.0, 383626383, 6138012243, 5340891, 6138012243, 21131037915]] [94387023984.0, [1866655.0, 14813420, 236848320, 329428, 225408192, 758758419]]
Model_cost: [19614284192.0, [7955.5, 22447809, 359126200, 1456961, 49400505, 195874]] [7583845932.0, [58911.0, 5333103, 85328676, 86895, 77870628, 304299]] [579672168, [53, 390450, 6247200, 13170, 6247200, 26250]] [9713397416, [19934, 6635394, 106002464, 38794, 103509152, 416025]] [1187940248, [1418, 1085830, 17373232, 75078, 7768304, 30576]] [568836559104.0, [7995.0, 383626383, 6138012243, 5340891, 6137123727, 23973306]] [2511465408.0, [682.5, 1783660, 28517760, 51348, 25506688, 102419]]
Arch_Param: [32, 4096, 2048, 16, 256, 64]
SK_cost: [165275811236.0, [3190389.0, 25429697, 406836408, 451617, 364399800, 1346637217]] [35120607660.0, [666735.0, 5333103, 85328676, 86895, 85328676, 283119471]] [1781465160, [52170, 390450, 6247200, 13170, 6247200, 12492810]] [52571879176, [891828, 7106434, 113702944, 38794, 113702944, 437444628]] [10420604760, [175110, 1386502, 22167600, 9830, 22167600, 87064582]] [2599756646352.0, [47953725.0, 383626383, 6138012243, 5340891, 6138012243, 21131037915]] [94387023984.0, [1866655.0, 14813420, 236848320, 329428, 225408192, 758758419]]
Model_cost: [19614284192.0, [7955.5, 22447809, 359126200, 1456961, 49400505, 195874]] [7583845932.0, [58911.0, 5333103, 85328676, 86895, 77870628, 304299]] [579672168, [53, 390450, 6247200, 13170, 6247200, 26250]] [9713397416, [19934, 6635394, 106002464, 38794, 103509152, 416025]] [1184565144, [1418, 1085830, 17373232, 22342, 7768304, 30576]] [568836559104.0, [7995.0, 383626383, 6138012243, 5340891, 6137123727, 23973306]] [2511006656.0, [682.5, 1783660, 28517760, 44948, 25506688, 101907]]
Arch_Param: [32, 4096, 2048, 16, 256, 128]
SK_cost: [165275811236.0, [3190389.0, 25429697, 406836408, 451617, 364399800, 1346637217]] [35120607660.0, [666735.0, 5333103, 85328676, 86895, 85328676, 283119471]] [1781465160, [52170, 390450, 6247200, 13170, 6247200, 12492810]] [52571879176, [891828, 7106434, 113702944, 38794, 113702944, 437444628]] [10420604760, [175110, 1386502, 22167600, 9830, 22167600, 87064582]] [2599756646352.0, [47953725.0, 383626383, 6138012243, 5340891, 6138012243, 21131037915]] [94387023984.0, [1866655.0, 14813420, 236848320, 329428, 225408192, 758758419]]
Model_cost: [19552890144.0, [7943.5, 22447809, 359126200, 498465, 49400505, 195362]] [7583845932.0, [58911.0, 5333103, 85328676, 86895, 77870628, 304299]] [579672168, [53, 390450, 6247200, 13170, 6247200, 26250]] [9713397416, [19934, 6635394, 106002464, 38794, 103509152, 416025]] [1184368536, [1418, 1085830, 17373232, 19270, 7768304, 30576]] [568836559104.0, [7995.0, 383626383, 6138012243, 5340891, 6137123727, 23973306]] [2510834336.0, [679.5, 1783660, 28517760, 42260, 25506688, 101907]]
Arch_Param: [32, 4096, 2048, 16, 256, 256]
SK_cost: [165275811236.0, [3190389.0, 25429697, 406836408, 451617, 364399800, 1346637217]] [35120607660.0, [666735.0, 5333103, 85328676, 86895, 85328676, 283119471]] [1781465160, [52170, 390450, 6247200, 13170, 6247200, 12492810]] [52571879176, [891828, 7106434, 113702944, 38794, 113702944, 437444628]] [10420604760, [175110, 1386502, 22167600, 9830, 22167600, 87064582]] [2599756646352.0, [47953725.0, 383626383, 6138012243, 5340891, 6138012243, 21131037915]] [94387023984.0, [1866655.0, 14813420, 236848320, 329428, 225408192, 758758419]]
Model_cost: [19552890144.0, [7943.5, 22447809, 359126200, 498465, 49400505, 195362]] [7583845932.0, [58911.0, 5333103, 85328676, 86895, 77870628, 304299]] [579672168, [53, 390450, 6247200, 13170, 6247200, 26250]] [9713397416, [19934, 6635394, 106002464, 38794, 103509152, 416025]] [1184132824, [1416, 1085830, 17356848, 11078, 7792880, 30512]] [568836559104.0, [7995.0, 383626383, 6138012243, 5340891, 6137123727, 23973306]] [2510834336.0, [679.5, 1783660, 28517760, 42260, 25506688, 101907]]
Arch_Param: [32, 4096, 2048, 16, 512, 16]
SK_cost: [165224951024.0, [3190389.0, 12715108, 406836408, 451588, 364399800, 1346637217]] [35109941676.0, [666735.0, 2666607, 85328676, 86895, 85328676, 283119471]] [1780683000, [52170, 195230, 6247200, 13150, 6247200, 12492810]] [52557662488, [891828, 3553222, 113702944, 38734, 113702944, 437444628]] [10417835864, [175110, 694278, 22167600, 9830, 22167600, 87064582]] [2598989395440.0, [47953725.0, 191813655, 6138012243, 5340891, 6138012243, 21131037915]] [94357389592.0, [1866655.0, 7406710, 236848320, 329310, 225408192, 758758419]]
Model_cost: [19569387756.0, [7955.5, 11224164, 359126200, 1456932, 49400505, 195874]] [7573179948.0, [58911.0, 2666607, 85328676, 86895, 77870628, 304299]] [578890008, [53, 195230, 6247200, 13150, 6247200, 26250]] [9700163768, [19934, 3327942, 106002464, 38734, 103509152, 416025]] [1185789080, [1418, 548038, 17373232, 75078, 7768304, 30576]] [568069308192.0, [7995.0, 191813655, 6138012243, 5340891, 6137123727, 23973306]] [2507890536.0, [682.5, 891830, 28517760, 51230, 25506688, 102419]]
Arch_Param: [32, 4096, 2048, 16, 512, 64]
SK_cost: [165224951024.0, [3190389.0, 12715108, 406836408, 451588, 364399800, 1346637217]] [35109941676.0, [666735.0, 2666607, 85328676, 86895, 85328676, 283119471]] [1780683000, [52170, 195230, 6247200, 13150, 6247200, 12492810]] [52557662488, [891828, 3553222, 113702944, 38734, 113702944, 437444628]] [10417835864, [175110, 694278, 22167600, 9830, 22167600, 87064582]] [2598989395440.0, [47953725.0, 191813655, 6138012243, 5340891, 6138012243, 21131037915]] [94357389592.0, [1866655.0, 7406710, 236848320, 329310, 225408192, 758758419]]
Model_cost: [19569387756.0, [7955.5, 11224164, 359126200, 1456932, 49400505, 195874]] [7573179948.0, [58911.0, 2666607, 85328676, 86895, 77870628, 304299]] [578890008, [53, 195230, 6247200, 13150, 6247200, 26250]] [9700163768, [19934, 3327942, 106002464, 38734, 103509152, 416025]] [1182413976, [1418, 548038, 17373232, 22342, 7768304, 30576]] [568069308192.0, [7995.0, 191813655, 6138012243, 5340891, 6137123727, 23973306]] [2507431784.0, [682.5, 891830, 28517760, 44830, 25506688, 101907]]
Arch_Param: [32, 4096, 2048, 16, 512, 128]
SK_cost: [165224951024.0, [3190389.0, 12715108, 406836408, 451588, 364399800, 1346637217]] [35109941676.0, [666735.0, 2666607, 85328676, 86895, 85328676, 283119471]] [1780683000, [52170, 195230, 6247200, 13150, 6247200, 12492810]] [52557662488, [891828, 3553222, 113702944, 38734, 113702944, 437444628]] [10417835864, [175110, 694278, 22167600, 9830, 22167600, 87064582]] [2598989395440.0, [47953725.0, 191813655, 6138012243, 5340891, 6138012243, 21131037915]] [94357389592.0, [1866655.0, 7406710, 236848320, 329310, 225408192, 758758419]]
Model_cost: [19507993708.0, [7943.5, 11224164, 359126200, 498436, 49400505, 195362]] [7573179948.0, [58911.0, 2666607, 85328676, 86895, 77870628, 304299]] [578890008, [53, 195230, 6247200, 13150, 6247200, 26250]] [9700163768, [19934, 3327942, 106002464, 38734, 103509152, 416025]] [1182217368, [1418, 548038, 17373232, 19270, 7768304, 30576]] [568069308192.0, [7995.0, 191813655, 6138012243, 5340891, 6137123727, 23973306]] [2507259464.0, [679.5, 891830, 28517760, 42142, 25506688, 101907]]
Arch_Param: [32, 4096, 2048, 16, 512, 256]
SK_cost: [165224951024.0, [3190389.0, 12715108, 406836408, 451588, 364399800, 1346637217]] [35109941676.0, [666735.0, 2666607, 85328676, 86895, 85328676, 283119471]] [1780683000, [52170, 195230, 6247200, 13150, 6247200, 12492810]] [52557662488, [891828, 3553222, 113702944, 38734, 113702944, 437444628]] [10417835864, [175110, 694278, 22167600, 9830, 22167600, 87064582]] [2598989395440.0, [47953725.0, 191813655, 6138012243, 5340891, 6138012243, 21131037915]] [94357389592.0, [1866655.0, 7406710, 236848320, 329310, 225408192, 758758419]]
Model_cost: [19507993708.0, [7943.5, 11224164, 359126200, 498436, 49400505, 195362]] [7573179948.0, [58911.0, 2666607, 85328676, 86895, 77870628, 304299]] [578890008, [53, 195230, 6247200, 13150, 6247200, 26250]] [9700163768, [19934, 3327942, 106002464, 38734, 103509152, 416025]] [1181965272, [1416, 543942, 17356848, 11078, 7792880, 30512]] [568069308192.0, [7995.0, 191813655, 6138012243, 5340891, 6137123727, 23973306]] [2507259464.0, [679.5, 891830, 28517760, 42142, 25506688, 101907]]
Arch_Param: [32, 4096, 2048, 16, 512, 512]
SK_cost: [165224951024.0, [3190389.0, 12715108, 406836408, 451588, 364399800, 1346637217]] [35109941676.0, [666735.0, 2666607, 85328676, 86895, 85328676, 283119471]] [1780683000, [52170, 195230, 6247200, 13150, 6247200, 12492810]] [52557662488, [891828, 3553222, 113702944, 38734, 113702944, 437444628]] [10417835864, [175110, 694278, 22167600, 9830, 22167600, 87064582]] [2598989395440.0, [47953725.0, 191813655, 6138012243, 5340891, 6138012243, 21131037915]] [94357389592.0, [1866655.0, 7406710, 236848320, 329310, 225408192, 758758419]]
Model_cost: [19507379020.0, [7940.5, 11224164, 359126200, 488836, 49400505, 195362]] [7573179948.0, [58911.0, 2666607, 85328676, 86895, 77870628, 304299]] [578890008, [53, 195230, 6247200, 13150, 6247200, 26250]] [9700163768, [19934, 3327942, 106002464, 38734, 103509152, 416025]] [1180768952, [1416, 543942, 17356848, 9830, 7767792, 30381]] [568069308192.0, [7995.0, 191813655, 6138012243, 5340891, 6137123727, 23973306]] [2507259464.0, [679.5, 891830, 28517760, 42142, 25506688, 101907]]
Arch_Param: [32, 4096, 2048, 16, 1024, 16]
SK_cost: [165199534116.0, [3190389.0, 6360929, 406836408, 451585, 364399800, 1346637217]] [35104608684.0, [666735.0, 1333359, 85328676, 86895, 85328676, 283119471]] [1780317520, [52170, 104020, 6247200, 13140, 6247200, 12492810]] [52550579744, [891828, 1783016, 113702944, 38704, 113702944, 437444628]] [10416451416, [175110, 348166, 22167600, 9830, 22167600, 87064582]] [2598605769984.0, [47953725.0, 95907291, 6138012243, 5340891, 6138012243, 21131037915]] [94342597996.0, [1866655.0, 3709755, 236848320, 329251, 225408192, 758758419]]
Model_cost: [19546952736.0, [7955.5, 5615457, 359126200, 1456929, 49400505, 195874]] [7567846956.0, [58911.0, 1333359, 85328676, 86895, 77870628, 304299]] [578524528, [53, 104020, 6247200, 13140, 6247200, 26250]] [9693572544, [19934, 1680616, 106002464, 38704, 103509152, 416025]] [1184126168, [1416, 273670, 17356848, 79174, 7767792, 30384]] [567685682736.0, [7995.0, 95907291, 6138012243, 5340891, 6137123727, 23973306]] [2506106300.0, [682.5, 446715, 28517760, 51171, 25506688, 102419]]
Arch_Param: [32, 4096, 2048, 16, 1024, 64]
SK_cost: [165199534116.0, [3190389.0, 6360929, 406836408, 451585, 364399800, 1346637217]] [35104608684.0, [666735.0, 1333359, 85328676, 86895, 85328676, 283119471]] [1780317520, [52170, 104020, 6247200, 13140, 6247200, 12492810]] [52550579744, [891828, 1783016, 113702944, 38704, 113702944, 437444628]] [10416451416, [175110, 348166, 22167600, 9830, 22167600, 87064582]] [2598605769984.0, [47953725.0, 95907291, 6138012243, 5340891, 6138012243, 21131037915]] [94342597996.0, [1866655.0, 3709755, 236848320, 329251, 225408192, 758758419]]
Model_cost: [19546952736.0, [7955.5, 5615457, 359126200, 1456929, 49400505, 195874]] [7567846956.0, [58911.0, 1333359, 85328676, 86895, 77870628, 304299]] [578524528, [53, 104020, 6247200, 13140, 6247200, 26250]] [9693572544, [19934, 1680616, 106002464, 38704, 103509152, 416025]] [1180751064, [1416, 273670, 17356848, 26438, 7767792, 30384]] [567685682736.0, [7995.0, 95907291, 6138012243, 5340891, 6137123727, 23973306]] [2505647548.0, [682.5, 446715, 28517760, 44771, 25506688, 101907]]
Arch_Param: [32, 4096, 2048, 16, 1024, 128]
SK_cost: [165199534116.0, [3190389.0, 6360929, 406836408, 451585, 364399800, 1346637217]] [35104608684.0, [666735.0, 1333359, 85328676, 86895, 85328676, 283119471]] [1780317520, [52170, 104020, 6247200, 13140, 6247200, 12492810]] [52550579744, [891828, 1783016, 113702944, 38704, 113702944, 437444628]] [10416451416, [175110, 348166, 22167600, 9830, 22167600, 87064582]] [2598605769984.0, [47953725.0, 95907291, 6138012243, 5340891, 6138012243, 21131037915]] [94342597996.0, [1866655.0, 3709755, 236848320, 329251, 225408192, 758758419]]
Model_cost: [19485558688.0, [7943.5, 5615457, 359126200, 498433, 49400505, 195362]] [7567846956.0, [58911.0, 1333359, 85328676, 86895, 77870628, 304299]] [578524528, [53, 104020, 6247200, 13140, 6247200, 26250]] [9693572544, [19934, 1680616, 106002464, 38704, 103509152, 416025]] [1180554456, [1416, 273670, 17356848, 23366, 7767792, 30384]] [567685682736.0, [7995.0, 95907291, 6138012243, 5340891, 6137123727, 23973306]] [2505475228.0, [679.5, 446715, 28517760, 42083, 25506688, 101907]]
Arch_Param: [32, 4096, 2048, 16, 1024, 256]
SK_cost: [165199534116.0, [3190389.0, 6360929, 406836408, 451585, 364399800, 1346637217]] [35104608684.0, [666735.0, 1333359, 85328676, 86895, 85328676, 283119471]] [1780317520, [52170, 104020, 6247200, 13140, 6247200, 12492810]] [52550579744, [891828, 1783016, 113702944, 38704, 113702944, 437444628]] [10416451416, [175110, 348166, 22167600, 9830, 22167600, 87064582]] [2598605769984.0, [47953725.0, 95907291, 6138012243, 5340891, 6138012243, 21131037915]] [94342597996.0, [1866655.0, 3709755, 236848320, 329251, 225408192, 758758419]]
Model_cost: [19485558688.0, [7943.5, 5615457, 359126200, 498433, 49400505, 195362]] [7567846956.0, [58911.0, 1333359, 85328676, 86895, 77870628, 304299]] [578524528, [53, 104020, 6247200, 13140, 6247200, 26250]] [9693572544, [19934, 1680616, 106002464, 38704, 103509152, 416025]] [1180554456, [1416, 273670, 17356848, 23366, 7767792, 30384]] [567685682736.0, [7995.0, 95907291, 6138012243, 5340891, 6137123727, 23973306]] [2505475228.0, [679.5, 446715, 28517760, 42083, 25506688, 101907]]
Arch_Param: [32, 4096, 2048, 16, 1024, 512]
SK_cost: [165199534116.0, [3190389.0, 6360929, 406836408, 451585, 364399800, 1346637217]] [35104608684.0, [666735.0, 1333359, 85328676, 86895, 85328676, 283119471]] [1780317520, [52170, 104020, 6247200, 13140, 6247200, 12492810]] [52550579744, [891828, 1783016, 113702944, 38704, 113702944, 437444628]] [10416451416, [175110, 348166, 22167600, 9830, 22167600, 87064582]] [2598605769984.0, [47953725.0, 95907291, 6138012243, 5340891, 6138012243, 21131037915]] [94342597996.0, [1866655.0, 3709755, 236848320, 329251, 225408192, 758758419]]
Model_cost: [19484944000.0, [7940.5, 5615457, 359126200, 488833, 49400505, 195362]] [7567846956.0, [58911.0, 1333359, 85328676, 86895, 77870628, 304299]] [578524528, [53, 104020, 6247200, 13140, 6247200, 26250]] [9693572544, [19934, 1680616, 106002464, 38704, 103509152, 416025]] [1179685176, [1416, 272998, 17356848, 9830, 7767792, 30381]] [567685682736.0, [7995.0, 95907291, 6138012243, 5340891, 6137123727, 23973306]] [2505475228.0, [679.5, 446715, 28517760, 42083, 25506688, 101907]]
Arch_Param: [32, 4096, 2048, 32, 256, 16]
SK_cost: [94264964516.0, [1814901.0, 14471873, 231526584, 254913, 210308280, 767184289]] [35120607660.0, [666735.0, 5333103, 85328676, 86895, 85328676, 283119471]] [1781465160, [52170, 390450, 6247200, 13170, 6247200, 12492810]] [52571879176, [891828, 7106434, 113702944, 38794, 113702944, 437444628]] [5210305368, [87558, 693254, 11083824, 4918, 11083824, 43532294]] [2599756646352.0, [47953725.0, 383626383, 6138012243, 5340891, 6138012243, 21131037915]] [88264544368.0, [1695391.0, 13498604, 215891136, 256724, 211743936, 711998483]]
Model_cost: [12101472032.0, [4471.5, 12767937, 204263608, 826433, 49400505, 195874]] [7583845932.0, [58911.0, 5333103, 85328676, 86895, 77870628, 304299]] [579672168, [53, 390450, 6247200, 13170, 6247200, 26250]] [9713397416, [19934, 6635394, 106002464, 38794, 103509152, 416025]] [764654552, [712, 542918, 8686640, 11174, 7768304, 30576]] [568836559104.0, [7995.0, 383626383, 6138012243, 5340891, 6137123727, 23973306]] [2406071888.0, [540.0, 1647980, 26356864, 34708, 25506688, 101907]]
Arch_Param: [32, 4096, 2048, 32, 256, 64]
SK_cost: [94264964516.0, [1814901.0, 14471873, 231526584, 254913, 210308280, 767184289]] [35120607660.0, [666735.0, 5333103, 85328676, 86895, 85328676, 283119471]] [1781465160, [52170, 390450, 6247200, 13170, 6247200, 12492810]] [52571879176, [891828, 7106434, 113702944, 38794, 113702944, 437444628]] [5210305368, [87558, 693254, 11083824, 4918, 11083824, 43532294]] [2599756646352.0, [47953725.0, 383626383, 6138012243, 5340891, 6138012243, 21131037915]] [88264544368.0, [1695391.0, 13498604, 215891136, 256724, 211743936, 711998483]]
Model_cost: [12066369312.0, [4471.5, 12767937, 204263608, 278721, 49400505, 195362]] [7583845932.0, [58911.0, 5333103, 85328676, 86895, 77870628, 304299]] [579672168, [53, 390450, 6247200, 13170, 6247200, 26250]] [9713397416, [19934, 6635394, 106002464, 38794, 103509152, 416025]] [764556248, [712, 542918, 8686640, 9638, 7768304, 30576]] [568836559104.0, [7995.0, 383626383, 6138012243, 5340891, 6137123727, 23973306]] [2405973584.0, [540.0, 1647980, 26356864, 33172, 25506688, 101907]]
Arch_Param: [32, 4096, 2048, 32, 256, 128]
SK_cost: [94264964516.0, [1814901.0, 14471873, 231526584, 254913, 210308280, 767184289]] [35120607660.0, [666735.0, 5333103, 85328676, 86895, 85328676, 283119471]] [1781465160, [52170, 390450, 6247200, 13170, 6247200, 12492810]] [52571879176, [891828, 7106434, 113702944, 38794, 113702944, 437444628]] [5210305368, [87558, 693254, 11083824, 4918, 11083824, 43532294]] [2599756646352.0, [47953725.0, 383626383, 6138012243, 5340891, 6138012243, 21131037915]] [88264544368.0, [1695391.0, 13498604, 215891136, 256724, 211743936, 711998483]]
Model_cost: [12066369312.0, [4471.5, 12767937, 204263608, 278721, 49400505, 195362]] [7583845932.0, [58911.0, 5333103, 85328676, 86895, 77870628, 304299]] [579672168, [53, 390450, 6247200, 13170, 6247200, 26250]] [9713397416, [19934, 6635394, 106002464, 38794, 103509152, 416025]] [764556248, [712, 542918, 8686640, 9638, 7768304, 30576]] [568836559104.0, [7995.0, 383626383, 6138012243, 5340891, 6137123727, 23973306]] [2405973584.0, [540.0, 1647980, 26356864, 33172, 25506688, 101907]]
Arch_Param: [32, 4096, 2048, 32, 256, 256]
SK_cost: [94264964516.0, [1814901.0, 14471873, 231526584, 254913, 210308280, 767184289]] [35120607660.0, [666735.0, 5333103, 85328676, 86895, 85328676, 283119471]] [1781465160, [52170, 390450, 6247200, 13170, 6247200, 12492810]] [52571879176, [891828, 7106434, 113702944, 38794, 113702944, 437444628]] [5210305368, [87558, 693254, 11083824, 4918, 11083824, 43532294]] [2599756646352.0, [47953725.0, 383626383, 6138012243, 5340891, 6138012243, 21131037915]] [88264544368.0, [1695391.0, 13498604, 215891136, 256724, 211743936, 711998483]]
Model_cost: [12066049536.0, [4468.5, 12767937, 204263608, 273729, 49400505, 195362]] [7583845932.0, [58911.0, 5333103, 85328676, 86895, 77870628, 304299]] [579672168, [53, 390450, 6247200, 13170, 6247200, 26250]] [9713397416, [19934, 6635394, 106002464, 38794, 103509152, 416025]] [763819608, [711, 542918, 8678448, 4918, 7767792, 30381]] [568836559104.0, [7995.0, 383626383, 6138012243, 5340891, 6137123727, 23973306]] [2405973584.0, [540.0, 1647980, 26356864, 33172, 25506688, 101907]]
Arch_Param: [32, 4096, 2048, 32, 512, 16]
SK_cost: [94236019952.0, [1814901.0, 7236196, 231526584, 254884, 210308280, 767184289]] [35109941676.0, [666735.0, 2666607, 85328676, 86895, 85328676, 283119471]] [1780683000, [52170, 195230, 6247200, 13150, 6247200, 12492810]] [52557662488, [891828, 3553222, 113702944, 38734, 113702944, 437444628]] [5208920920, [87558, 347142, 11083824, 4918, 11083824, 43532294]] [2598989395440.0, [47953725.0, 191813655, 6138012243, 5340891, 6138012243, 21131037915]] [88237539608.0, [1695391.0, 6749302, 215891136, 256606, 211743936, 711998483]]
Model_cost: [12075935340.0, [4471.5, 6384228, 204263608, 826404, 49400505, 195874]] [7573179948.0, [58911.0, 2666607, 85328676, 86895, 77870628, 304299]] [578890008, [53, 195230, 6247200, 13150, 6247200, 26250]] [9700163768, [19934, 3327942, 106002464, 38734, 103509152, 416025]] [763578968, [712, 274022, 8686640, 11174, 7768304, 30576]] [568069308192.0, [7995.0, 191813655, 6138012243, 5340891, 6137123727, 23973306]] [2402768376.0, [540.0, 823990, 26356864, 34590, 25506688, 101907]]
Arch_Param: [32, 4096, 2048, 32, 512, 64]
SK_cost: [94236019952.0, [1814901.0, 7236196, 231526584, 254884, 210308280, 767184289]] [35109941676.0, [666735.0, 2666607, 85328676, 86895, 85328676, 283119471]] [1780683000, [52170, 195230, 6247200, 13150, 6247200, 12492810]] [52557662488, [891828, 3553222, 113702944, 38734, 113702944, 437444628]] [5208920920, [87558, 347142, 11083824, 4918, 11083824, 43532294]] [2598989395440.0, [47953725.0, 191813655, 6138012243, 5340891, 6138012243, 21131037915]] [88237539608.0, [1695391.0, 6749302, 215891136, 256606, 211743936, 711998483]]
Model_cost: [12040832620.0, [4471.5, 6384228, 204263608, 278692, 49400505, 195362]] [7573179948.0, [58911.0, 2666607, 85328676, 86895, 77870628, 304299]] [578890008, [53, 195230, 6247200, 13150, 6247200, 26250]] [9700163768, [19934, 3327942, 106002464, 38734, 103509152, 416025]] [763480664, [712, 274022, 8686640, 9638, 7768304, 30576]] [568069308192.0, [7995.0, 191813655, 6138012243, 5340891, 6137123727, 23973306]] [2402670072.0, [540.0, 823990, 26356864, 33054, 25506688, 101907]]
Arch_Param: [32, 4096, 2048, 32, 512, 128]
SK_cost: [94236019952.0, [1814901.0, 7236196, 231526584, 254884, 210308280, 767184289]] [35109941676.0, [666735.0, 2666607, 85328676, 86895, 85328676, 283119471]] [1780683000, [52170, 195230, 6247200, 13150, 6247200, 12492810]] [52557662488, [891828, 3553222, 113702944, 38734, 113702944, 437444628]] [5208920920, [87558, 347142, 11083824, 4918, 11083824, 43532294]] [2598989395440.0, [47953725.0, 191813655, 6138012243, 5340891, 6138012243, 21131037915]] [88237539608.0, [1695391.0, 6749302, 215891136, 256606, 211743936, 711998483]]
Model_cost: [12040832620.0, [4471.5, 6384228, 204263608, 278692, 49400505, 195362]] [7573179948.0, [58911.0, 2666607, 85328676, 86895, 77870628, 304299]] [578890008, [53, 195230, 6247200, 13150, 6247200, 26250]] [9700163768, [19934, 3327942, 106002464, 38734, 103509152, 416025]] [763480664, [712, 274022, 8686640, 9638, 7768304, 30576]] [568069308192.0, [7995.0, 191813655, 6138012243, 5340891, 6137123727, 23973306]] [2402670072.0, [540.0, 823990, 26356864, 33054, 25506688, 101907]]
Arch_Param: [32, 4096, 2048, 32, 512, 256]
SK_cost: [94236019952.0, [1814901.0, 7236196, 231526584, 254884, 210308280, 767184289]] [35109941676.0, [666735.0, 2666607, 85328676, 86895, 85328676, 283119471]] [1780683000, [52170, 195230, 6247200, 13150, 6247200, 12492810]] [52557662488, [891828, 3553222, 113702944, 38734, 113702944, 437444628]] [5208920920, [87558, 347142, 11083824, 4918, 11083824, 43532294]] [2598989395440.0, [47953725.0, 191813655, 6138012243, 5340891, 6138012243, 21131037915]] [88237539608.0, [1695391.0, 6749302, 215891136, 256606, 211743936, 711998483]]
Model_cost: [12040512844.0, [4468.5, 6384228, 204263608, 273700, 49400505, 195362]] [7573179948.0, [58911.0, 2666607, 85328676, 86895, 77870628, 304299]] [578890008, [53, 195230, 6247200, 13150, 6247200, 26250]] [9700163768, [19934, 3327942, 106002464, 38734, 103509152, 416025]] [762735832, [711, 271974, 8678448, 4918, 7767792, 30381]] [568069308192.0, [7995.0, 191813655, 6138012243, 5340891, 6137123727, 23973306]] [2402670072.0, [540.0, 823990, 26356864, 33054, 25506688, 101907]]
Arch_Param: [32, 4096, 2048, 32, 512, 512]
SK_cost: [94236019952.0, [1814901.0, 7236196, 231526584, 254884, 210308280, 767184289]] [35109941676.0, [666735.0, 2666607, 85328676, 86895, 85328676, 283119471]] [1780683000, [52170, 195230, 6247200, 13150, 6247200, 12492810]] [52557662488, [891828, 3553222, 113702944, 38734, 113702944, 437444628]] [5208920920, [87558, 347142, 11083824, 4918, 11083824, 43532294]] [2598989395440.0, [47953725.0, 191813655, 6138012243, 5340891, 6138012243, 21131037915]] [88237539608.0, [1695391.0, 6749302, 215891136, 256606, 211743936, 711998483]]
Model_cost: [12040512844.0, [4468.5, 6384228, 204263608, 273700, 49400505, 195362]] [7573179948.0, [58911.0, 2666607, 85328676, 86895, 77870628, 304299]] [578890008, [53, 195230, 6247200, 13150, 6247200, 26250]] [9700163768, [19934, 3327942, 106002464, 38734, 103509152, 416025]] [762735832, [711, 271974, 8678448, 4918, 7767792, 30381]] [568069308192.0, [7995.0, 191813655, 6138012243, 5340891, 6137123727, 23973306]] [2402670072.0, [540.0, 823990, 26356864, 33054, 25506688, 101907]]
Arch_Param: [32, 4096, 2048, 32, 1024, 16]
SK_cost: [94221554724.0, [1814901.0, 3619937, 231526584, 254881, 210308280, 767184289]] [35104608684.0, [666735.0, 1333359, 85328676, 86895, 85328676, 283119471]] [1780317520, [52170, 104020, 6247200, 13140, 6247200, 12492810]] [52550579744, [891828, 1783016, 113702944, 38704, 113702944, 437444628]] [5208228696, [87558, 174086, 11083824, 4918, 11083824, 43532294]] [2598605769984.0, [47953725.0, 95907291, 6138012243, 5340891, 6138012243, 21131037915]] [88224050540.0, [1695391.0, 3377979, 215891136, 256547, 211743936, 711998483]]
Model_cost: [12063174048.0, [4471.5, 3193953, 204263608, 826401, 49400505, 195874]] [7567846956.0, [58911.0, 1333359, 85328676, 86895, 77870628, 304299]] [578524528, [53, 104020, 6247200, 13140, 6247200, 26250]] [9693572544, [19934, 1680616, 106002464, 38704, 103509152, 416025]] [762727032, [711, 136838, 8678448, 13222, 7767792, 30384]] [567685682736.0, [7995.0, 95907291, 6138012243, 5340891, 6137123727, 23973306]] [2401118284.0, [540.0, 412411, 26356864, 34531, 25506688, 101907]]
Arch_Param: [32, 4096, 2048, 32, 1024, 64]
SK_cost: [94221554724.0, [1814901.0, 3619937, 231526584, 254881, 210308280, 767184289]] [35104608684.0, [666735.0, 1333359, 85328676, 86895, 85328676, 283119471]] [1780317520, [52170, 104020, 6247200, 13140, 6247200, 12492810]] [52550579744, [891828, 1783016, 113702944, 38704, 113702944, 437444628]] [5208228696, [87558, 174086, 11083824, 4918, 11083824, 43532294]] [2598605769984.0, [47953725.0, 95907291, 6138012243, 5340891, 6138012243, 21131037915]] [88224050540.0, [1695391.0, 3377979, 215891136, 256547, 211743936, 711998483]]
Model_cost: [12028071328.0, [4471.5, 3193953, 204263608, 278689, 49400505, 195362]] [7567846956.0, [58911.0, 1333359, 85328676, 86895, 77870628, 304299]] [578524528, [53, 104020, 6247200, 13140, 6247200, 26250]] [9693572544, [19934, 1680616, 106002464, 38704, 103509152, 416025]] [762628728, [711, 136838, 8678448, 11686, 7767792, 30384]] [567685682736.0, [7995.0, 95907291, 6138012243, 5340891, 6137123727, 23973306]] [2401019980.0, [540.0, 412411, 26356864, 32995, 25506688, 101907]]
Arch_Param: [32, 4096, 2048, 32, 1024, 128]
SK_cost: [94221554724.0, [1814901.0, 3619937, 231526584, 254881, 210308280, 767184289]] [35104608684.0, [666735.0, 1333359, 85328676, 86895, 85328676, 283119471]] [1780317520, [52170, 104020, 6247200, 13140, 6247200, 12492810]] [52550579744, [891828, 1783016, 113702944, 38704, 113702944, 437444628]] [5208228696, [87558, 174086, 11083824, 4918, 11083824, 43532294]] [2598605769984.0, [47953725.0, 95907291, 6138012243, 5340891, 6138012243, 21131037915]] [88224050540.0, [1695391.0, 3377979, 215891136, 256547, 211743936, 711998483]]
Model_cost: [12028071328.0, [4471.5, 3193953, 204263608, 278689, 49400505, 195362]] [7567846956.0, [58911.0, 1333359, 85328676, 86895, 77870628, 304299]] [578524528, [53, 104020, 6247200, 13140, 6247200, 26250]] [9693572544, [19934, 1680616, 106002464, 38704, 103509152, 416025]] [762628728, [711, 136838, 8678448, 11686, 7767792, 30384]] [567685682736.0, [7995.0, 95907291, 6138012243, 5340891, 6137123727, 23973306]] [2401019980.0, [540.0, 412411, 26356864, 32995, 25506688, 101907]]
Arch_Param: [32, 4096, 2048, 32, 1024, 256]
SK_cost: [94221554724.0, [1814901.0, 3619937, 231526584, 254881, 210308280, 767184289]] [35104608684.0, [666735.0, 1333359, 85328676, 86895, 85328676, 283119471]] [1780317520, [52170, 104020, 6247200, 13140, 6247200, 12492810]] [52550579744, [891828, 1783016, 113702944, 38704, 113702944, 437444628]] [5208228696, [87558, 174086, 11083824, 4918, 11083824, 43532294]] [2598605769984.0, [47953725.0, 95907291, 6138012243, 5340891, 6138012243, 21131037915]] [88224050540.0, [1695391.0, 3377979, 215891136, 256547, 211743936, 711998483]]
Model_cost: [12027751552.0, [4468.5, 3193953, 204263608, 273697, 49400505, 195362]] [7567846956.0, [58911.0, 1333359, 85328676, 86895, 77870628, 304299]] [578524528, [53, 104020, 6247200, 13140, 6247200, 26250]] [9693572544, [19934, 1680616, 106002464, 38704, 103509152, 416025]] [762193944, [711, 136502, 8678448, 4918, 7767792, 30381]] [567685682736.0, [7995.0, 95907291, 6138012243, 5340891, 6137123727, 23973306]] [2401019980.0, [540.0, 412411, 26356864, 32995, 25506688, 101907]]
Arch_Param: [32, 4096, 2048, 32, 1024, 512]
SK_cost: [94221554724.0, [1814901.0, 3619937, 231526584, 254881, 210308280, 767184289]] [35104608684.0, [666735.0, 1333359, 85328676, 86895, 85328676, 283119471]] [1780317520, [52170, 104020, 6247200, 13140, 6247200, 12492810]] [52550579744, [891828, 1783016, 113702944, 38704, 113702944, 437444628]] [5208228696, [87558, 174086, 11083824, 4918, 11083824, 43532294]] [2598605769984.0, [47953725.0, 95907291, 6138012243, 5340891, 6138012243, 21131037915]] [88224050540.0, [1695391.0, 3377979, 215891136, 256547, 211743936, 711998483]]
Model_cost: [12027751552.0, [4468.5, 3193953, 204263608, 273697, 49400505, 195362]] [7567846956.0, [58911.0, 1333359, 85328676, 86895, 77870628, 304299]] [578524528, [53, 104020, 6247200, 13140, 6247200, 26250]] [9693572544, [19934, 1680616, 106002464, 38704, 103509152, 416025]] [762193944, [711, 136502, 8678448, 4918, 7767792, 30381]] [567685682736.0, [7995.0, 95907291, 6138012243, 5340891, 6137123727, 23973306]] [2401019980.0, [540.0, 412411, 26356864, 32995, 25506688, 101907]]
Arch_Param: [32, 4096, 1024, 4, 256, 16]
SK_cost: [592607587108.0, [22803497.0, 91214401, 1459298552, 1634145, 1289391288, 4824681889]] [67648860588.0, [2556015.0, 10223727, 163578660, 164463, 163185444, 545001327]] [1786442760, [104020, 390450, 6247200, 13170, 6247200, 12492810]] [52657433224, [1783016, 7106434, 113702944, 38794, 113702944, 437444628]] [41748854616, [1392646, 5545990, 88670256, 39302, 88670256, 348258310]] [5208481405008.0, [191805207.0, 767215743, 12275433555, 10680855, 12275130963, 42260303067]] [153357728496.0, [6562107.0, 26148076, 417716928, 820436, 353006784, 1218624531]]
Model_cost: [64723267120.0, [57605.0, 80564801, 1288904952, 5243969, 49400505, 195874]] [11400180780.0, [124719.0, 10223727, 163578660, 625263, 77870628, 304299]] [579677160, [105, 390450, 6247200, 13170, 6247200, 26250]] [9715309928, [39856, 6635394, 106002464, 38794, 103509152, 416025]] [3718071320, [11302, 4343302, 69492784, 300294, 7768304, 30576]] [867695640384.0, [21519.0, 767215743, 12275433555, 47953431, 6137123727, 23973306]] [3442784176.0, [3237.0, 2983404, 47652928, 173012, 25506688, 102419]]
Arch_Param: [32, 4096, 1024, 4, 256, 64]
SK_cost: [592607587108.0, [22803497.0, 91214401, 1459298552, 1634145, 1289391288, 4824681889]] [67648860588.0, [2556015.0, 10223727, 163578660, 164463, 163185444, 545001327]] [1786442760, [104020, 390450, 6247200, 13170, 6247200, 12492810]] [52657433224, [1783016, 7106434, 113702944, 38794, 113702944, 437444628]] [41748854616, [1392646, 5545990, 88670256, 39302, 88670256, 348258310]] [5208481405008.0, [191805207.0, 767215743, 12275433555, 10680855, 12275130963, 42260303067]] [153357728496.0, [6562107.0, 26148076, 417716928, 820436, 353006784, 1218624531]]
Model_cost: [64723267120.0, [57605.0, 80564801, 1288904952, 5243969, 49400505, 195874]] [11370689580.0, [124719.0, 10223727, 163578660, 164463, 77870628, 304299]] [579677160, [105, 390450, 6247200, 13170, 6247200, 26250]] [9715309928, [39856, 6635394, 106002464, 38794, 103509152, 416025]] [3718071320, [11302, 4343302, 69492784, 300294, 7768304, 30576]] [865310195520.0, [21519.0, 767215743, 12275433555, 10680855, 6137123727, 23973306]] [3440392112.0, [3237.0, 2983404, 47652928, 135636, 25506688, 102419]]
Arch_Param: [32, 4096, 1024, 4, 256, 128]
SK_cost: [592607587108.0, [22803497.0, 91214401, 1459298552, 1634145, 1289391288, 4824681889]] [67648860588.0, [2556015.0, 10223727, 163578660, 164463, 163185444, 545001327]] [1786442760, [104020, 390450, 6247200, 13170, 6247200, 12492810]] [52657433224, [1783016, 7106434, 113702944, 38794, 113702944, 437444628]] [41748854616, [1392646, 5545990, 88670256, 39302, 88670256, 348258310]] [5208481405008.0, [191805207.0, 767215743, 12275433555, 10680855, 12275130963, 42260303067]] [153357728496.0, [6562107.0, 26148076, 417716928, 820436, 353006784, 1218624531]]
Model_cost: [64723267120.0, [57605.0, 80564801, 1288904952, 5243969, 49400505, 195874]] [11370689580.0, [124719.0, 10223727, 163578660, 164463, 77870628, 304299]] [579677160, [105, 390450, 6247200, 13170, 6247200, 26250]] [9715309928, [39856, 6635394, 106002464, 38794, 103509152, 416025]] [3704570904, [11302, 4343302, 69492784, 89350, 7768304, 30576]] [865310195520.0, [21519.0, 767215743, 12275433555, 10680855, 6137123727, 23973306]] [3438909360.0, [3237.0, 2983404, 47652928, 113236, 25506688, 101907]]
Arch_Param: [32, 4096, 1024, 4, 256, 256]
SK_cost: [592607587108.0, [22803497.0, 91214401, 1459298552, 1634145, 1289391288, 4824681889]] [67648860588.0, [2556015.0, 10223727, 163578660, 164463, 163185444, 545001327]] [1786442760, [104020, 390450, 6247200, 13170, 6247200, 12492810]] [52657433224, [1783016, 7106434, 113702944, 38794, 113702944, 437444628]] [41748854616, [1392646, 5545990, 88670256, 39302, 88670256, 348258310]] [5208481405008.0, [191805207.0, 767215743, 12275433555, 10680855, 12275130963, 42260303067]] [153357728496.0, [6562107.0, 26148076, 417716928, 820436, 353006784, 1218624531]]
Model_cost: [64723267120.0, [57605.0, 80564801, 1288904952, 5243969, 49400505, 195874]] [11370689580.0, [124719.0, 10223727, 163578660, 164463, 77870628, 304299]] [579677160, [105, 390450, 6247200, 13170, 6247200, 26250]] [9715309928, [39856, 6635394, 106002464, 38794, 103509152, 416025]] [3704570904, [11302, 4343302, 69492784, 89350, 7768304, 30576]] [865310195520.0, [21519.0, 767215743, 12275433555, 10680855, 6137123727, 23973306]] [3438909360.0, [3237.0, 2983404, 47652928, 113236, 25506688, 101907]]
Arch_Param: [32, 4096, 1024, 4, 512, 16]
SK_cost: [592425157488.0, [22803497.0, 45607460, 1459298552, 1634116, 1289391288, 4824681889]] [67628413356.0, [2556015.0, 5111919, 163578660, 164463, 163185444, 545001327]] [1785660600, [104020, 195230, 6247200, 13150, 6247200, 12492810]] [52643216536, [1783016, 3553222, 113702944, 38734, 113702944, 437444628]] [41737779032, [1392646, 2777094, 88670256, 39302, 88670256, 348258310]] [5206946976912.0, [191805207.0, 383608719, 12275433555, 10680855, 12275130963, 42260303067]] [153305424792.0, [6562107.0, 13074038, 417716928, 820318, 353006784, 1218624531]]
Model_cost: [64562136700.0, [57605.0, 40282660, 1288904952, 5243940, 49400505, 195874]] [11379733548.0, [124719.0, 5111919, 163578660, 625263, 77870628, 304299]] [578895000, [105, 195230, 6247200, 13150, 6247200, 26250]] [9702076280, [39856, 3327942, 106002464, 38734, 103509152, 416025]] [3709466648, [11302, 2192134, 69492784, 300294, 7768304, 30576]] [866161212288.0, [21519.0, 383608719, 12275433555, 47953431, 6137123727, 23973306]] [3436809816.0, [3237.0, 1491702, 47652928, 172894, 25506688, 102419]]
Arch_Param: [32, 4096, 1024, 4, 512, 64]
SK_cost: [592425157488.0, [22803497.0, 45607460, 1459298552, 1634116, 1289391288, 4824681889]] [67628413356.0, [2556015.0, 5111919, 163578660, 164463, 163185444, 545001327]] [1785660600, [104020, 195230, 6247200, 13150, 6247200, 12492810]] [52643216536, [1783016, 3553222, 113702944, 38734, 113702944, 437444628]] [41737779032, [1392646, 2777094, 88670256, 39302, 88670256, 348258310]] [5206946976912.0, [191805207.0, 383608719, 12275433555, 10680855, 12275130963, 42260303067]] [153305424792.0, [6562107.0, 13074038, 417716928, 820318, 353006784, 1218624531]]
Model_cost: [64562136700.0, [57605.0, 40282660, 1288904952, 5243940, 49400505, 195874]] [11350242348.0, [124719.0, 5111919, 163578660, 164463, 77870628, 304299]] [578895000, [105, 195230, 6247200, 13150, 6247200, 26250]] [9702076280, [39856, 3327942, 106002464, 38734, 103509152, 416025]] [3709466648, [11302, 2192134, 69492784, 300294, 7768304, 30576]] [863775767424.0, [21519.0, 383608719, 12275433555, 10680855, 6137123727, 23973306]] [3434417752.0, [3237.0, 1491702, 47652928, 135518, 25506688, 102419]]
Arch_Param: [32, 4096, 1024, 4, 512, 128]
SK_cost: [592425157488.0, [22803497.0, 45607460, 1459298552, 1634116, 1289391288, 4824681889]] [67628413356.0, [2556015.0, 5111919, 163578660, 164463, 163185444, 545001327]] [1785660600, [104020, 195230, 6247200, 13150, 6247200, 12492810]] [52643216536, [1783016, 3553222, 113702944, 38734, 113702944, 437444628]] [41737779032, [1392646, 2777094, 88670256, 39302, 88670256, 348258310]] [5206946976912.0, [191805207.0, 383608719, 12275433555, 10680855, 12275130963, 42260303067]] [153305424792.0, [6562107.0, 13074038, 417716928, 820318, 353006784, 1218624531]]
Model_cost: [64562136700.0, [57605.0, 40282660, 1288904952, 5243940, 49400505, 195874]] [11350242348.0, [124719.0, 5111919, 163578660, 164463, 77870628, 304299]] [578895000, [105, 195230, 6247200, 13150, 6247200, 26250]] [9702076280, [39856, 3327942, 106002464, 38734, 103509152, 416025]] [3695966232, [11302, 2192134, 69492784, 89350, 7768304, 30576]] [863775767424.0, [21519.0, 383608719, 12275433555, 10680855, 6137123727, 23973306]] [3432935000.0, [3237.0, 1491702, 47652928, 113118, 25506688, 101907]]
Arch_Param: [32, 4096, 1024, 4, 512, 256]
SK_cost: [592425157488.0, [22803497.0, 45607460, 1459298552, 1634116, 1289391288, 4824681889]] [67628413356.0, [2556015.0, 5111919, 163578660, 164463, 163185444, 545001327]] [1785660600, [104020, 195230, 6247200, 13150, 6247200, 12492810]] [52643216536, [1783016, 3553222, 113702944, 38734, 113702944, 437444628]] [41737779032, [1392646, 2777094, 88670256, 39302, 88670256, 348258310]] [5206946976912.0, [191805207.0, 383608719, 12275433555, 10680855, 12275130963, 42260303067]] [153305424792.0, [6562107.0, 13074038, 417716928, 820318, 353006784, 1218624531]]
Model_cost: [64562136700.0, [57605.0, 40282660, 1288904952, 5243940, 49400505, 195874]] [11350242348.0, [124719.0, 5111919, 163578660, 164463, 77870628, 304299]] [578895000, [105, 195230, 6247200, 13150, 6247200, 26250]] [9702076280, [39856, 3327942, 106002464, 38734, 103509152, 416025]] [3695966232, [11302, 2192134, 69492784, 89350, 7768304, 30576]] [863775767424.0, [21519.0, 383608719, 12275433555, 10680855, 6137123727, 23973306]] [3432935000.0, [3237.0, 1491702, 47652928, 113118, 25506688, 101907]]
Arch_Param: [32, 4096, 1024, 4, 512, 512]
SK_cost: [592425157488.0, [22803497.0, 45607460, 1459298552, 1634116, 1289391288, 4824681889]] [67628413356.0, [2556015.0, 5111919, 163578660, 164463, 163185444, 545001327]] [1785660600, [104020, 195230, 6247200, 13150, 6247200, 12492810]] [52643216536, [1783016, 3553222, 113702944, 38734, 113702944, 437444628]] [41737779032, [1392646, 2777094, 88670256, 39302, 88670256, 348258310]] [5206946976912.0, [191805207.0, 383608719, 12275433555, 10680855, 12275130963, 42260303067]] [153305424792.0, [6562107.0, 13074038, 417716928, 820318, 353006784, 1218624531]]
Model_cost: [64343002748.0, [57605.0, 40282660, 1288904952, 1820740, 49400505, 195362]] [11350242348.0, [124719.0, 5111919, 163578660, 164463, 77870628, 304299]] [578895000, [105, 195230, 6247200, 13150, 6247200, 26250]] [9702076280, [39856, 3327942, 106002464, 38734, 103509152, 416025]] [3693177368, [11286, 2175750, 69427248, 44294, 7843056, 30768]] [863775767424.0, [21519.0, 383608719, 12275433555, 10680855, 6137123727, 23973306]] [3432320600.0, [3237.0, 1491702, 47652928, 103518, 25506688, 101907]]
Arch_Param: [32, 4096, 1024, 4, 1024, 16]
SK_cost: [592333993124.0, [22803497.0, 22816417, 1459298552, 1634113, 1289391288, 4824681889]] [67618189740.0, [2556015.0, 2556015, 163578660, 164463, 163185444, 545001327]] [1785295120, [104020, 104020, 6247200, 13140, 6247200, 12492810]] [52636133792, [1783016, 1783016, 113702944, 38704, 113702944, 437444628]] [41732241240, [1392646, 1392646, 88670256, 39302, 88670256, 348258310]] [5206179762864.0, [191805207.0, 191805207, 12275433555, 10680855, 12275130963, 42260303067]] [153279373292.0, [6562107.0, 6562107, 417716928, 820259, 353006784, 1218624531]]
Model_cost: [64481621936.0, [57605.0, 20154017, 1288904952, 5243937, 49400505, 195874]] [11369509932.0, [124719.0, 2556015, 163578660, 625263, 77870628, 304299]] [578529520, [105, 104020, 6247200, 13140, 6247200, 26250]] [9695485056, [39856, 1680616, 106002464, 38704, 103509152, 416025]] [3702937112, [11286, 1094662, 69427248, 316678, 7767792, 30384]] [865393998240.0, [21519.0, 191805207, 12275433555, 47953431, 6137123727, 23973306]] [3433835180.0, [3237.0, 748987, 47652928, 172835, 25506688, 102419]]
Arch_Param: [32, 4096, 1024, 4, 1024, 64]
SK_cost: [592333993124.0, [22803497.0, 22816417, 1459298552, 1634113, 1289391288, 4824681889]] [67618189740.0, [2556015.0, 2556015, 163578660, 164463, 163185444, 545001327]] [1785295120, [104020, 104020, 6247200, 13140, 6247200, 12492810]] [52636133792, [1783016, 1783016, 113702944, 38704, 113702944, 437444628]] [41732241240, [1392646, 1392646, 88670256, 39302, 88670256, 348258310]] [5206179762864.0, [191805207.0, 191805207, 12275433555, 10680855, 12275130963, 42260303067]] [153279373292.0, [6562107.0, 6562107, 417716928, 820259, 353006784, 1218624531]]
Model_cost: [64481621936.0, [57605.0, 20154017, 1288904952, 5243937, 49400505, 195874]] [11340018732.0, [124719.0, 2556015, 163578660, 164463, 77870628, 304299]] [578529520, [105, 104020, 6247200, 13140, 6247200, 26250]] [9695485056, [39856, 1680616, 106002464, 38704, 103509152, 416025]] [3702937112, [11286, 1094662, 69427248, 316678, 7767792, 30384]] [863008553376.0, [21519.0, 191805207, 12275433555, 10680855, 6137123727, 23973306]] [3431443116.0, [3237.0, 748987, 47652928, 135459, 25506688, 102419]]
Arch_Param: [32, 4096, 1024, 4, 1024, 128]
SK_cost: [592333993124.0, [22803497.0, 22816417, 1459298552, 1634113, 1289391288, 4824681889]] [67618189740.0, [2556015.0, 2556015, 163578660, 164463, 163185444, 545001327]] [1785295120, [104020, 104020, 6247200, 13140, 6247200, 12492810]] [52636133792, [1783016, 1783016, 113702944, 38704, 113702944, 437444628]] [41732241240, [1392646, 1392646, 88670256, 39302, 88670256, 348258310]] [5206179762864.0, [191805207.0, 191805207, 12275433555, 10680855, 12275130963, 42260303067]] [153279373292.0, [6562107.0, 6562107, 417716928, 820259, 353006784, 1218624531]]
Model_cost: [64481621936.0, [57605.0, 20154017, 1288904952, 5243937, 49400505, 195874]] [11340018732.0, [124719.0, 2556015, 163578660, 164463, 77870628, 304299]] [578529520, [105, 104020, 6247200, 13140, 6247200, 26250]] [9695485056, [39856, 1680616, 106002464, 38704, 103509152, 416025]] [3689436696, [11286, 1094662, 69427248, 105734, 7767792, 30384]] [863008553376.0, [21519.0, 191805207, 12275433555, 10680855, 6137123727, 23973306]] [3429960364.0, [3237.0, 748987, 47652928, 113059, 25506688, 101907]]
Arch_Param: [32, 4096, 1024, 4, 1024, 256]
SK_cost: [592333993124.0, [22803497.0, 22816417, 1459298552, 1634113, 1289391288, 4824681889]] [67618189740.0, [2556015.0, 2556015, 163578660, 164463, 163185444, 545001327]] [1785295120, [104020, 104020, 6247200, 13140, 6247200, 12492810]] [52636133792, [1783016, 1783016, 113702944, 38704, 113702944, 437444628]] [41732241240, [1392646, 1392646, 88670256, 39302, 88670256, 348258310]] [5206179762864.0, [191805207.0, 191805207, 12275433555, 10680855, 12275130963, 42260303067]] [153279373292.0, [6562107.0, 6562107, 417716928, 820259, 353006784, 1218624531]]
Model_cost: [64481621936.0, [57605.0, 20154017, 1288904952, 5243937, 49400505, 195874]] [11340018732.0, [124719.0, 2556015, 163578660, 164463, 77870628, 304299]] [578529520, [105, 104020, 6247200, 13140, 6247200, 26250]] [9695485056, [39856, 1680616, 106002464, 38704, 103509152, 416025]] [3689436696, [11286, 1094662, 69427248, 105734, 7767792, 30384]] [863008553376.0, [21519.0, 191805207, 12275433555, 10680855, 6137123727, 23973306]] [3429960364.0, [3237.0, 748987, 47652928, 113059, 25506688, 101907]]
Arch_Param: [32, 4096, 1024, 4, 1024, 512]
SK_cost: [592333993124.0, [22803497.0, 22816417, 1459298552, 1634113, 1289391288, 4824681889]] [67618189740.0, [2556015.0, 2556015, 163578660, 164463, 163185444, 545001327]] [1785295120, [104020, 104020, 6247200, 13140, 6247200, 12492810]] [52636133792, [1783016, 1783016, 113702944, 38704, 113702944, 437444628]] [41732241240, [1392646, 1392646, 88670256, 39302, 88670256, 348258310]] [5206179762864.0, [191805207.0, 191805207, 12275433555, 10680855, 12275130963, 42260303067]] [153279373292.0, [6562107.0, 6562107, 417716928, 820259, 353006784, 1218624531]]
Model_cost: [64262487984.0, [57605.0, 20154017, 1288904952, 1820737, 49400505, 195362]] [11340018732.0, [124719.0, 2556015, 163578660, 164463, 77870628, 304299]] [578529520, [105, 104020, 6247200, 13140, 6247200, 26250]] [9695485056, [39856, 1680616, 106002464, 38704, 103509152, 416025]] [3688650264, [11286, 1094662, 69427248, 93446, 7767792, 30384]] [863008553376.0, [21519.0, 191805207, 12275433555, 10680855, 6137123727, 23973306]] [3429345964.0, [3237.0, 748987, 47652928, 103459, 25506688, 101907]]
Arch_Param: [32, 4096, 1024, 8, 256, 16]
SK_cost: [307905733412.0, [11837993.0, 47352385, 757568376, 845281, 672693432, 2505874849]] [35184603564.0, [1333359.0, 5333103, 85328676, 86895, 85328676, 283119471]] [1786442760, [104020, 390450, 6247200, 13170, 6247200, 12492810]] [52657433224, [1783016, 7106434, 113702944, 38794, 113702944, 437444628]] [20874430296, [696326, 2772998, 44335152, 19654, 44335152, 174129158]] [2604360188688.0, [95907291.0, 383626383, 6138012243, 5340891, 6138012243, 21131037915]] [106839739120.0, [4373307.0, 17443052, 278762688, 474836, 252736704, 852278291]]
Model_cost: [34646791856.0, [29745.0, 41814593, 668963704, 2718657, 49400505, 195874]] [7589490732.0, [117711.0, 5333103, 85328676, 86895, 77870628, 304299]] [579677160, [105, 390450, 6247200, 13170, 6247200, 26250]] [9715309928, [39856, 6635394, 106002464, 38794, 103509152, 416025]] [2031407640, [5654, 2171654, 34746416, 150150, 7768304, 30576]] [568837311360.0, [15831.0, 383626383, 6138012243, 5340891, 6137123727, 23973306]] [2721834448.0, [1904.0, 2055020, 32839552, 78228, 25506688, 102419]]
Arch_Param: [32, 4096, 1024, 8, 256, 64]
SK_cost: [307905733412.0, [11837993.0, 47352385, 757568376, 845281, 672693432, 2505874849]] [35184603564.0, [1333359.0, 5333103, 85328676, 86895, 85328676, 283119471]] [1786442760, [104020, 390450, 6247200, 13170, 6247200, 12492810]] [52657433224, [1783016, 7106434, 113702944, 38794, 113702944, 437444628]] [20874430296, [696326, 2772998, 44335152, 19654, 44335152, 174129158]] [2604360188688.0, [95907291.0, 383626383, 6138012243, 5340891, 6138012243, 21131037915]] [106839739120.0, [4373307.0, 17443052, 278762688, 474836, 252736704, 852278291]]
Model_cost: [34646791856.0, [29745.0, 41814593, 668963704, 2718657, 49400505, 195874]] [7589490732.0, [117711.0, 5333103, 85328676, 86895, 77870628, 304299]] [579677160, [105, 390450, 6247200, 13170, 6247200, 26250]] [9715309928, [39856, 6635394, 106002464, 38794, 103509152, 416025]] [2024657432, [5654, 2171654, 34746416, 44678, 7768304, 30576]] [568837311360.0, [15831.0, 383626383, 6138012243, 5340891, 6137123727, 23973306]] [2720966096.0, [1904.0, 2055020, 32839552, 65428, 25506688, 101907]]
Arch_Param: [32, 4096, 1024, 8, 256, 128]
SK_cost: [307905733412.0, [11837993.0, 47352385, 757568376, 845281, 672693432, 2505874849]] [35184603564.0, [1333359.0, 5333103, 85328676, 86895, 85328676, 283119471]] [1786442760, [104020, 390450, 6247200, 13170, 6247200, 12492810]] [52657433224, [1783016, 7106434, 113702944, 38794, 113702944, 437444628]] [20874430296, [696326, 2772998, 44335152, 19654, 44335152, 174129158]] [2604360188688.0, [95907291.0, 383626383, 6138012243, 5340891, 6138012243, 21131037915]] [106839739120.0, [4373307.0, 17443052, 278762688, 474836, 252736704, 852278291]]
Model_cost: [34646791856.0, [29745.0, 41814593, 668963704, 2718657, 49400505, 195874]] [7589490732.0, [117711.0, 5333103, 85328676, 86895, 77870628, 304299]] [579677160, [105, 390450, 6247200, 13170, 6247200, 26250]] [9715309928, [39856, 6635394, 106002464, 38794, 103509152, 416025]] [2024657432, [5654, 2171654, 34746416, 44678, 7768304, 30576]] [568837311360.0, [15831.0, 383626383, 6138012243, 5340891, 6137123727, 23973306]] [2720966096.0, [1904.0, 2055020, 32839552, 65428, 25506688, 101907]]
Arch_Param: [32, 4096, 1024, 8, 256, 256]
SK_cost: [307905733412.0, [11837993.0, 47352385, 757568376, 845281, 672693432, 2505874849]] [35184603564.0, [1333359.0, 5333103, 85328676, 86895, 85328676, 283119471]] [1786442760, [104020, 390450, 6247200, 13170, 6247200, 12492810]] [52657433224, [1783016, 7106434, 113702944, 38794, 113702944, 437444628]] [20874430296, [696326, 2772998, 44335152, 19654, 44335152, 174129158]] [2604360188688.0, [95907291.0, 383626383, 6138012243, 5340891, 6138012243, 21131037915]] [106839739120.0, [4373307.0, 17443052, 278762688, 474836, 252736704, 852278291]]
Model_cost: [34532818608.0, [29745.0, 41814593, 668963704, 938593, 49400505, 195362]] [7589490732.0, [117711.0, 5333103, 85328676, 86895, 77870628, 304299]] [579677160, [105, 390450, 6247200, 13170, 6247200, 26250]] [9715309928, [39856, 6635394, 106002464, 38794, 103509152, 416025]] [2024264216, [5654, 2171654, 34746416, 38534, 7768304, 30576]] [568837311360.0, [15831.0, 383626383, 6138012243, 5340891, 6137123727, 23973306]] [2720646608.0, [1904.0, 2055020, 32839552, 60436, 25506688, 101907]]
Arch_Param: [32, 4096, 1024, 8, 512, 16]
SK_cost: [307811027824.0, [11837993.0, 23676452, 757568376, 845252, 672693432, 2505874849]] [35173937580.0, [1333359.0, 2666607, 85328676, 86895, 85328676, 283119471]] [1785660600, [104020, 195230, 6247200, 13150, 6247200, 12492810]] [52643216536, [1783016, 3553222, 113702944, 38734, 113702944, 437444628]] [20868892504, [696326, 1388550, 44335152, 19654, 44335152, 174129158]] [2603592937776.0, [95907291.0, 191813655, 6138012243, 5340891, 6138012243, 21131037915]] [106804845464.0, [4373307.0, 8721526, 278762688, 474718, 252736704, 852278291]]
Model_cost: [34563161852.0, [29745.0, 20907556, 668963704, 2718628, 49400505, 195874]] [7578824748.0, [117711.0, 2666607, 85328676, 86895, 77870628, 304299]] [578895000, [105, 195230, 6247200, 13150, 6247200, 26250]] [9702076280, [39856, 3327942, 106002464, 38734, 103509152, 416025]] [2027105304, [5654, 1096070, 34746416, 150150, 7768304, 30576]] [568070060448.0, [15831.0, 191813655, 6138012243, 5340891, 6137123727, 23973306]] [2717716856.0, [1904.0, 1027510, 32839552, 78110, 25506688, 102419]]
Arch_Param: [32, 4096, 1024, 8, 512, 64]
SK_cost: [307811027824.0, [11837993.0, 23676452, 757568376, 845252, 672693432, 2505874849]] [35173937580.0, [1333359.0, 2666607, 85328676, 86895, 85328676, 283119471]] [1785660600, [104020, 195230, 6247200, 13150, 6247200, 12492810]] [52643216536, [1783016, 3553222, 113702944, 38734, 113702944, 437444628]] [20868892504, [696326, 1388550, 44335152, 19654, 44335152, 174129158]] [2603592937776.0, [95907291.0, 191813655, 6138012243, 5340891, 6138012243, 21131037915]] [106804845464.0, [4373307.0, 8721526, 278762688, 474718, 252736704, 852278291]]
Model_cost: [34563161852.0, [29745.0, 20907556, 668963704, 2718628, 49400505, 195874]] [7578824748.0, [117711.0, 2666607, 85328676, 86895, 77870628, 304299]] [578895000, [105, 195230, 6247200, 13150, 6247200, 26250]] [9702076280, [39856, 3327942, 106002464, 38734, 103509152, 416025]] [2020355096, [5654, 1096070, 34746416, 44678, 7768304, 30576]] [568070060448.0, [15831.0, 191813655, 6138012243, 5340891, 6137123727, 23973306]] [2716848504.0, [1904.0, 1027510, 32839552, 65310, 25506688, 101907]]
Arch_Param: [32, 4096, 1024, 8, 512, 128]
SK_cost: [307811027824.0, [11837993.0, 23676452, 757568376, 845252, 672693432, 2505874849]] [35173937580.0, [1333359.0, 2666607, 85328676, 86895, 85328676, 283119471]] [1785660600, [104020, 195230, 6247200, 13150, 6247200, 12492810]] [52643216536, [1783016, 3553222, 113702944, 38734, 113702944, 437444628]] [20868892504, [696326, 1388550, 44335152, 19654, 44335152, 174129158]] [2603592937776.0, [95907291.0, 191813655, 6138012243, 5340891, 6138012243, 21131037915]] [106804845464.0, [4373307.0, 8721526, 278762688, 474718, 252736704, 852278291]]
Model_cost: [34563161852.0, [29745.0, 20907556, 668963704, 2718628, 49400505, 195874]] [7578824748.0, [117711.0, 2666607, 85328676, 86895, 77870628, 304299]] [578895000, [105, 195230, 6247200, 13150, 6247200, 26250]] [9702076280, [39856, 3327942, 106002464, 38734, 103509152, 416025]] [2020355096, [5654, 1096070, 34746416, 44678, 7768304, 30576]] [568070060448.0, [15831.0, 191813655, 6138012243, 5340891, 6137123727, 23973306]] [2716848504.0, [1904.0, 1027510, 32839552, 65310, 25506688, 101907]]
Arch_Param: [32, 4096, 1024, 8, 512, 256]
SK_cost: [307811027824.0, [11837993.0, 23676452, 757568376, 845252, 672693432, 2505874849]] [35173937580.0, [1333359.0, 2666607, 85328676, 86895, 85328676, 283119471]] [1785660600, [104020, 195230, 6247200, 13150, 6247200, 12492810]] [52643216536, [1783016, 3553222, 113702944, 38734, 113702944, 437444628]] [20868892504, [696326, 1388550, 44335152, 19654, 44335152, 174129158]] [2603592937776.0, [95907291.0, 191813655, 6138012243, 5340891, 6138012243, 21131037915]] [106804845464.0, [4373307.0, 8721526, 278762688, 474718, 252736704, 852278291]]
Model_cost: [34449188604.0, [29745.0, 20907556, 668963704, 938564, 49400505, 195362]] [7578824748.0, [117711.0, 2666607, 85328676, 86895, 77870628, 304299]] [578895000, [105, 195230, 6247200, 13150, 6247200, 26250]] [9702076280, [39856, 3327942, 106002464, 38734, 103509152, 416025]] [2019961880, [5654, 1096070, 34746416, 38534, 7768304, 30576]] [568070060448.0, [15831.0, 191813655, 6138012243, 5340891, 6137123727, 23973306]] [2716529016.0, [1904.0, 1027510, 32839552, 60318, 25506688, 101907]]
Arch_Param: [32, 4096, 1024, 8, 512, 512]
SK_cost: [307811027824.0, [11837993.0, 23676452, 757568376, 845252, 672693432, 2505874849]] [35173937580.0, [1333359.0, 2666607, 85328676, 86895, 85328676, 283119471]] [1785660600, [104020, 195230, 6247200, 13150, 6247200, 12492810]] [52643216536, [1783016, 3553222, 113702944, 38734, 113702944, 437444628]] [20868892504, [696326, 1388550, 44335152, 19654, 44335152, 174129158]] [2603592937776.0, [95907291.0, 191813655, 6138012243, 5340891, 6138012243, 21131037915]] [106804845464.0, [4373307.0, 8721526, 278762688, 474718, 252736704, 852278291]]
Model_cost: [34449188604.0, [29745.0, 20907556, 668963704, 938564, 49400505, 195362]] [7578824748.0, [117711.0, 2666607, 85328676, 86895, 77870628, 304299]] [578895000, [105, 195230, 6247200, 13150, 6247200, 26250]] [9702076280, [39856, 3327942, 106002464, 38734, 103509152, 416025]] [2018382104, [5646, 1087878, 34713648, 22150, 7792880, 30512]] [568070060448.0, [15831.0, 191813655, 6138012243, 5340891, 6137123727, 23973306]] [2716529016.0, [1904.0, 1027510, 32839552, 60318, 25506688, 101907]]
Arch_Param: [32, 4096, 1024, 8, 1024, 16]
SK_cost: [307763700644.0, [11837993.0, 11844705, 757568376, 845249, 672693432, 2505874849]] [35168604588.0, [1333359.0, 1333359, 85328676, 86895, 85328676, 283119471]] [1785295120, [104020, 104020, 6247200, 13140, 6247200, 12492810]] [52636133792, [1783016, 1783016, 113702944, 38704, 113702944, 437444628]] [20866123608, [696326, 696326, 44335152, 19654, 44335152, 174129158]] [2603209312320.0, [95907291.0, 95907291, 6138012243, 5340891, 6138012243, 21131037915]] [106787448812.0, [4373307.0, 4373307, 278762688, 474659, 252736704, 852278291]]
Model_cost: [34521372464.0, [29745.0, 10460257, 668963704, 2718625, 49400505, 195874]] [7573491756.0, [117711.0, 1333359, 85328676, 86895, 77870628, 304299]] [578529520, [105, 104020, 6247200, 13140, 6247200, 26250]] [9695485056, [39856, 1680616, 106002464, 38704, 103509152, 416025]] [2023820056, [5646, 547334, 34713648, 158342, 7767792, 30384]] [567686434992.0, [15831.0, 95907291, 6138012243, 5340891, 6137123727, 23973306]] [2715664332.0, [1904.0, 515323, 32839552, 78051, 25506688, 102419]]
Arch_Param: [32, 4096, 1024, 8, 1024, 64]
SK_cost: [307763700644.0, [11837993.0, 11844705, 757568376, 845249, 672693432, 2505874849]] [35168604588.0, [1333359.0, 1333359, 85328676, 86895, 85328676, 283119471]] [1785295120, [104020, 104020, 6247200, 13140, 6247200, 12492810]] [52636133792, [1783016, 1783016, 113702944, 38704, 113702944, 437444628]] [20866123608, [696326, 696326, 44335152, 19654, 44335152, 174129158]] [2603209312320.0, [95907291.0, 95907291, 6138012243, 5340891, 6138012243, 21131037915]] [106787448812.0, [4373307.0, 4373307, 278762688, 474659, 252736704, 852278291]]
Model_cost: [34521372464.0, [29745.0, 10460257, 668963704, 2718625, 49400505, 195874]] [7573491756.0, [117711.0, 1333359, 85328676, 86895, 77870628, 304299]] [578529520, [105, 104020, 6247200, 13140, 6247200, 26250]] [9695485056, [39856, 1680616, 106002464, 38704, 103509152, 416025]] [2017069848, [5646, 547334, 34713648, 52870, 7767792, 30384]] [567686434992.0, [15831.0, 95907291, 6138012243, 5340891, 6137123727, 23973306]] [2714795980.0, [1904.0, 515323, 32839552, 65251, 25506688, 101907]]
Arch_Param: [32, 4096, 1024, 8, 1024, 128]
SK_cost: [307763700644.0, [11837993.0, 11844705, 757568376, 845249, 672693432, 2505874849]] [35168604588.0, [1333359.0, 1333359, 85328676, 86895, 85328676, 283119471]] [1785295120, [104020, 104020, 6247200, 13140, 6247200, 12492810]] [52636133792, [1783016, 1783016, 113702944, 38704, 113702944, 437444628]] [20866123608, [696326, 696326, 44335152, 19654, 44335152, 174129158]] [2603209312320.0, [95907291.0, 95907291, 6138012243, 5340891, 6138012243, 21131037915]] [106787448812.0, [4373307.0, 4373307, 278762688, 474659, 252736704, 852278291]]
Model_cost: [34521372464.0, [29745.0, 10460257, 668963704, 2718625, 49400505, 195874]] [7573491756.0, [117711.0, 1333359, 85328676, 86895, 77870628, 304299]] [578529520, [105, 104020, 6247200, 13140, 6247200, 26250]] [9695485056, [39856, 1680616, 106002464, 38704, 103509152, 416025]] [2017069848, [5646, 547334, 34713648, 52870, 7767792, 30384]] [567686434992.0, [15831.0, 95907291, 6138012243, 5340891, 6137123727, 23973306]] [2714795980.0, [1904.0, 515323, 32839552, 65251, 25506688, 101907]]
Arch_Param: [32, 4096, 1024, 8, 1024, 256]
SK_cost: [307763700644.0, [11837993.0, 11844705, 757568376, 845249, 672693432, 2505874849]] [35168604588.0, [1333359.0, 1333359, 85328676, 86895, 85328676, 283119471]] [1785295120, [104020, 104020, 6247200, 13140, 6247200, 12492810]] [52636133792, [1783016, 1783016, 113702944, 38704, 113702944, 437444628]] [20866123608, [696326, 696326, 44335152, 19654, 44335152, 174129158]] [2603209312320.0, [95907291.0, 95907291, 6138012243, 5340891, 6138012243, 21131037915]] [106787448812.0, [4373307.0, 4373307, 278762688, 474659, 252736704, 852278291]]
Model_cost: [34407399216.0, [29745.0, 10460257, 668963704, 938561, 49400505, 195362]] [7573491756.0, [117711.0, 1333359, 85328676, 86895, 77870628, 304299]] [578529520, [105, 104020, 6247200, 13140, 6247200, 26250]] [9695485056, [39856, 1680616, 106002464, 38704, 103509152, 416025]] [2016676632, [5646, 547334, 34713648, 46726, 7767792, 30384]] [567686434992.0, [15831.0, 95907291, 6138012243, 5340891, 6137123727, 23973306]] [2714476492.0, [1904.0, 515323, 32839552, 60259, 25506688, 101907]]
Arch_Param: [32, 4096, 1024, 8, 1024, 512]
SK_cost: [307763700644.0, [11837993.0, 11844705, 757568376, 845249, 672693432, 2505874849]] [35168604588.0, [1333359.0, 1333359, 85328676, 86895, 85328676, 283119471]] [1785295120, [104020, 104020, 6247200, 13140, 6247200, 12492810]] [52636133792, [1783016, 1783016, 113702944, 38704, 113702944, 437444628]] [20866123608, [696326, 696326, 44335152, 19654, 44335152, 174129158]] [2603209312320.0, [95907291.0, 95907291, 6138012243, 5340891, 6138012243, 21131037915]] [106787448812.0, [4373307.0, 4373307, 278762688, 474659, 252736704, 852278291]]
Model_cost: [34407399216.0, [29745.0, 10460257, 668963704, 938561, 49400505, 195362]] [7573491756.0, [117711.0, 1333359, 85328676, 86895, 77870628, 304299]] [578529520, [105, 104020, 6247200, 13140, 6247200, 26250]] [9695485056, [39856, 1680616, 106002464, 38704, 103509152, 416025]] [2016219928, [5646, 547334, 34713648, 22150, 7792880, 30512]] [567686434992.0, [15831.0, 95907291, 6138012243, 5340891, 6137123727, 23973306]] [2714476492.0, [1904.0, 515323, 32839552, 60259, 25506688, 101907]]
Arch_Param: [32, 4096, 1024, 16, 256, 16]
SK_cost: [165579836708.0, [6357321.0, 25429697, 406836408, 451617, 364399800, 1346637217]] [35184603564.0, [1333359.0, 5333103, 85328676, 86895, 85328676, 283119471]] [1786442760, [104020, 390450, 6247200, 13170, 6247200, 12492810]] [52657433224, [1783016, 7106434, 113702944, 38794, 113702944, 437444628]] [10437218136, [348166, 1386502, 22167600, 9830, 22167600, 87064582]] [2604360188688.0, [95907291.0, 383626383, 6138012243, 5340891, 6138012243, 21131037915]] [94563961584.0, [3709755.0, 14813420, 236848320, 329428, 225408192, 758758419]]
Model_cost: [19615040912.0, [15838.0, 22447809, 359126200, 1456961, 49400505, 195874]] [7589490732.0, [117711.0, 5333103, 85328676, 86895, 77870628, 304299]] [579677160, [105, 390450, 6247200, 13170, 6247200, 26250]] [9715309928, [39856, 6635394, 106002464, 38794, 103509152, 416025]] [1188075800, [2830, 1085830, 17373232, 75078, 7768304, 30576]] [568837311360.0, [15831.0, 383626383, 6138012243, 5340891, 6137123727, 23973306]] [2511529776.0, [1353.0, 1783660, 28517760, 51348, 25506688, 102419]]
Arch_Param: [32, 4096, 1024, 16, 256, 64]
SK_cost: [165579836708.0, [6357321.0, 25429697, 406836408, 451617, 364399800, 1346637217]] [35184603564.0, [1333359.0, 5333103, 85328676, 86895, 85328676, 283119471]] [1786442760, [104020, 390450, 6247200, 13170, 6247200, 12492810]] [52657433224, [1783016, 7106434, 113702944, 38794, 113702944, 437444628]] [10437218136, [348166, 1386502, 22167600, 9830, 22167600, 87064582]] [2604360188688.0, [95907291.0, 383626383, 6138012243, 5340891, 6138012243, 21131037915]] [94563961584.0, [3709755.0, 14813420, 236848320, 329428, 225408192, 758758419]]
Model_cost: [19615040912.0, [15838.0, 22447809, 359126200, 1456961, 49400505, 195874]] [7589490732.0, [117711.0, 5333103, 85328676, 86895, 77870628, 304299]] [579677160, [105, 390450, 6247200, 13170, 6247200, 26250]] [9715309928, [39856, 6635394, 106002464, 38794, 103509152, 416025]] [1184700696, [2830, 1085830, 17373232, 22342, 7768304, 30576]] [568837311360.0, [15831.0, 383626383, 6138012243, 5340891, 6137123727, 23973306]] [2511071024.0, [1353.0, 1783660, 28517760, 44948, 25506688, 101907]]
Arch_Param: [32, 4096, 1024, 16, 256, 128]
SK_cost: [165579836708.0, [6357321.0, 25429697, 406836408, 451617, 364399800, 1346637217]] [35184603564.0, [1333359.0, 5333103, 85328676, 86895, 85328676, 283119471]] [1786442760, [104020, 390450, 6247200, 13170, 6247200, 12492810]] [52657433224, [1783016, 7106434, 113702944, 38794, 113702944, 437444628]] [10437218136, [348166, 1386502, 22167600, 9830, 22167600, 87064582]] [2604360188688.0, [95907291.0, 383626383, 6138012243, 5340891, 6138012243, 21131037915]] [94563961584.0, [3709755.0, 14813420, 236848320, 329428, 225408192, 758758419]]
Model_cost: [19553648016.0, [15838.0, 22447809, 359126200, 498465, 49400505, 195362]] [7589490732.0, [117711.0, 5333103, 85328676, 86895, 77870628, 304299]] [579677160, [105, 390450, 6247200, 13170, 6247200, 26250]] [9715309928, [39856, 6635394, 106002464, 38794, 103509152, 416025]] [1184504088, [2830, 1085830, 17373232, 19270, 7768304, 30576]] [568837311360.0, [15831.0, 383626383, 6138012243, 5340891, 6137123727, 23973306]] [2510898992.0, [1353.0, 1783660, 28517760, 42260, 25506688, 101907]]
Arch_Param: [32, 4096, 1024, 16, 256, 256]
SK_cost: [165579836708.0, [6357321.0, 25429697, 406836408, 451617, 364399800, 1346637217]] [35184603564.0, [1333359.0, 5333103, 85328676, 86895, 85328676, 283119471]] [1786442760, [104020, 390450, 6247200, 13170, 6247200, 12492810]] [52657433224, [1783016, 7106434, 113702944, 38794, 113702944, 437444628]] [10437218136, [348166, 1386502, 22167600, 9830, 22167600, 87064582]] [2604360188688.0, [95907291.0, 383626383, 6138012243, 5340891, 6138012243, 21131037915]] [94563961584.0, [3709755.0, 14813420, 236848320, 329428, 225408192, 758758419]]
Model_cost: [19553648016.0, [15838.0, 22447809, 359126200, 498465, 49400505, 195362]] [7589490732.0, [117711.0, 5333103, 85328676, 86895, 77870628, 304299]] [579677160, [105, 390450, 6247200, 13170, 6247200, 26250]] [9715309928, [39856, 6635394, 106002464, 38794, 103509152, 416025]] [1184268184, [2826, 1085830, 17356848, 11078, 7792880, 30512]] [568837311360.0, [15831.0, 383626383, 6138012243, 5340891, 6137123727, 23973306]] [2510898992.0, [1353.0, 1783660, 28517760, 42260, 25506688, 101907]]
Arch_Param: [32, 4096, 1024, 16, 512, 16]
SK_cost: [165528976496.0, [6357321.0, 12715108, 406836408, 451588, 364399800, 1346637217]] [35173937580.0, [1333359.0, 2666607, 85328676, 86895, 85328676, 283119471]] [1785660600, [104020, 195230, 6247200, 13150, 6247200, 12492810]] [52643216536, [1783016, 3553222, 113702944, 38734, 113702944, 437444628]] [10434449240, [348166, 694278, 22167600, 9830, 22167600, 87064582]] [2603592937776.0, [95907291.0, 191813655, 6138012243, 5340891, 6138012243, 21131037915]] [94534327192.0, [3709755.0, 7406710, 236848320, 329310, 225408192, 758758419]]
Model_cost: [19570144476.0, [15838.0, 11224164, 359126200, 1456932, 49400505, 195874]] [7578824748.0, [117711.0, 2666607, 85328676, 86895, 77870628, 304299]] [578895000, [105, 195230, 6247200, 13150, 6247200, 26250]] [9702076280, [39856, 3327942, 106002464, 38734, 103509152, 416025]] [1185924632, [2830, 548038, 17373232, 75078, 7768304, 30576]] [568070060448.0, [15831.0, 191813655, 6138012243, 5340891, 6137123727, 23973306]] [2507954904.0, [1353.0, 891830, 28517760, 51230, 25506688, 102419]]
Arch_Param: [32, 4096, 1024, 16, 512, 64]
SK_cost: [165528976496.0, [6357321.0, 12715108, 406836408, 451588, 364399800, 1346637217]] [35173937580.0, [1333359.0, 2666607, 85328676, 86895, 85328676, 283119471]] [1785660600, [104020, 195230, 6247200, 13150, 6247200, 12492810]] [52643216536, [1783016, 3553222, 113702944, 38734, 113702944, 437444628]] [10434449240, [348166, 694278, 22167600, 9830, 22167600, 87064582]] [2603592937776.0, [95907291.0, 191813655, 6138012243, 5340891, 6138012243, 21131037915]] [94534327192.0, [3709755.0, 7406710, 236848320, 329310, 225408192, 758758419]]
Model_cost: [19570144476.0, [15838.0, 11224164, 359126200, 1456932, 49400505, 195874]] [7578824748.0, [117711.0, 2666607, 85328676, 86895, 77870628, 304299]] [578895000, [105, 195230, 6247200, 13150, 6247200, 26250]] [9702076280, [39856, 3327942, 106002464, 38734, 103509152, 416025]] [1182549528, [2830, 548038, 17373232, 22342, 7768304, 30576]] [568070060448.0, [15831.0, 191813655, 6138012243, 5340891, 6137123727, 23973306]] [2507496152.0, [1353.0, 891830, 28517760, 44830, 25506688, 101907]]
Arch_Param: [32, 4096, 1024, 16, 512, 128]
SK_cost: [165528976496.0, [6357321.0, 12715108, 406836408, 451588, 364399800, 1346637217]] [35173937580.0, [1333359.0, 2666607, 85328676, 86895, 85328676, 283119471]] [1785660600, [104020, 195230, 6247200, 13150, 6247200, 12492810]] [52643216536, [1783016, 3553222, 113702944, 38734, 113702944, 437444628]] [10434449240, [348166, 694278, 22167600, 9830, 22167600, 87064582]] [2603592937776.0, [95907291.0, 191813655, 6138012243, 5340891, 6138012243, 21131037915]] [94534327192.0, [3709755.0, 7406710, 236848320, 329310, 225408192, 758758419]]
Model_cost: [19508751580.0, [15838.0, 11224164, 359126200, 498436, 49400505, 195362]] [7578824748.0, [117711.0, 2666607, 85328676, 86895, 77870628, 304299]] [578895000, [105, 195230, 6247200, 13150, 6247200, 26250]] [9702076280, [39856, 3327942, 106002464, 38734, 103509152, 416025]] [1182352920, [2830, 548038, 17373232, 19270, 7768304, 30576]] [568070060448.0, [15831.0, 191813655, 6138012243, 5340891, 6137123727, 23973306]] [2507324120.0, [1353.0, 891830, 28517760, 42142, 25506688, 101907]]
Arch_Param: [32, 4096, 1024, 16, 512, 256]
SK_cost: [165528976496.0, [6357321.0, 12715108, 406836408, 451588, 364399800, 1346637217]] [35173937580.0, [1333359.0, 2666607, 85328676, 86895, 85328676, 283119471]] [1785660600, [104020, 195230, 6247200, 13150, 6247200, 12492810]] [52643216536, [1783016, 3553222, 113702944, 38734, 113702944, 437444628]] [10434449240, [348166, 694278, 22167600, 9830, 22167600, 87064582]] [2603592937776.0, [95907291.0, 191813655, 6138012243, 5340891, 6138012243, 21131037915]] [94534327192.0, [3709755.0, 7406710, 236848320, 329310, 225408192, 758758419]]
Model_cost: [19508751580.0, [15838.0, 11224164, 359126200, 498436, 49400505, 195362]] [7578824748.0, [117711.0, 2666607, 85328676, 86895, 77870628, 304299]] [578895000, [105, 195230, 6247200, 13150, 6247200, 26250]] [9702076280, [39856, 3327942, 106002464, 38734, 103509152, 416025]] [1182100632, [2826, 543942, 17356848, 11078, 7792880, 30512]] [568070060448.0, [15831.0, 191813655, 6138012243, 5340891, 6137123727, 23973306]] [2507324120.0, [1353.0, 891830, 28517760, 42142, 25506688, 101907]]
Arch_Param: [32, 4096, 1024, 16, 512, 512]
SK_cost: [165528976496.0, [6357321.0, 12715108, 406836408, 451588, 364399800, 1346637217]] [35173937580.0, [1333359.0, 2666607, 85328676, 86895, 85328676, 283119471]] [1785660600, [104020, 195230, 6247200, 13150, 6247200, 12492810]] [52643216536, [1783016, 3553222, 113702944, 38734, 113702944, 437444628]] [10434449240, [348166, 694278, 22167600, 9830, 22167600, 87064582]] [2603592937776.0, [95907291.0, 191813655, 6138012243, 5340891, 6138012243, 21131037915]] [94534327192.0, [3709755.0, 7406710, 236848320, 329310, 225408192, 758758419]]
Model_cost: [19508137180.0, [15838.0, 11224164, 359126200, 488836, 49400505, 195362]] [7578824748.0, [117711.0, 2666607, 85328676, 86895, 77870628, 304299]] [578895000, [105, 195230, 6247200, 13150, 6247200, 26250]] [9702076280, [39856, 3327942, 106002464, 38734, 103509152, 416025]] [1180904312, [2826, 543942, 17356848, 9830, 7767792, 30381]] [568070060448.0, [15831.0, 191813655, 6138012243, 5340891, 6137123727, 23973306]] [2507324120.0, [1353.0, 891830, 28517760, 42142, 25506688, 101907]]
Arch_Param: [32, 4096, 1024, 16, 1024, 16]
SK_cost: [165503559588.0, [6357321.0, 6360929, 406836408, 451585, 364399800, 1346637217]] [35168604588.0, [1333359.0, 1333359, 85328676, 86895, 85328676, 283119471]] [1785295120, [104020, 104020, 6247200, 13140, 6247200, 12492810]] [52636133792, [1783016, 1783016, 113702944, 38704, 113702944, 437444628]] [10433064792, [348166, 348166, 22167600, 9830, 22167600, 87064582]] [2603209312320.0, [95907291.0, 95907291, 6138012243, 5340891, 6138012243, 21131037915]] [94519535596.0, [3709755.0, 3709755, 236848320, 329251, 225408192, 758758419]]
Model_cost: [19547709456.0, [15838.0, 5615457, 359126200, 1456929, 49400505, 195874]] [7573491756.0, [117711.0, 1333359, 85328676, 86895, 77870628, 304299]] [578529520, [105, 104020, 6247200, 13140, 6247200, 26250]] [9695485056, [39856, 1680616, 106002464, 38704, 103509152, 416025]] [1184261528, [2826, 273670, 17356848, 79174, 7767792, 30384]] [567686434992.0, [15831.0, 95907291, 6138012243, 5340891, 6137123727, 23973306]] [2506170668.0, [1353.0, 446715, 28517760, 51171, 25506688, 102419]]
Arch_Param: [32, 4096, 1024, 16, 1024, 64]
SK_cost: [165503559588.0, [6357321.0, 6360929, 406836408, 451585, 364399800, 1346637217]] [35168604588.0, [1333359.0, 1333359, 85328676, 86895, 85328676, 283119471]] [1785295120, [104020, 104020, 6247200, 13140, 6247200, 12492810]] [52636133792, [1783016, 1783016, 113702944, 38704, 113702944, 437444628]] [10433064792, [348166, 348166, 22167600, 9830, 22167600, 87064582]] [2603209312320.0, [95907291.0, 95907291, 6138012243, 5340891, 6138012243, 21131037915]] [94519535596.0, [3709755.0, 3709755, 236848320, 329251, 225408192, 758758419]]
Model_cost: [19547709456.0, [15838.0, 5615457, 359126200, 1456929, 49400505, 195874]] [7573491756.0, [117711.0, 1333359, 85328676, 86895, 77870628, 304299]] [578529520, [105, 104020, 6247200, 13140, 6247200, 26250]] [9695485056, [39856, 1680616, 106002464, 38704, 103509152, 416025]] [1180886424, [2826, 273670, 17356848, 26438, 7767792, 30384]] [567686434992.0, [15831.0, 95907291, 6138012243, 5340891, 6137123727, 23973306]] [2505711916.0, [1353.0, 446715, 28517760, 44771, 25506688, 101907]]
Arch_Param: [32, 4096, 1024, 16, 1024, 128]
SK_cost: [165503559588.0, [6357321.0, 6360929, 406836408, 451585, 364399800, 1346637217]] [35168604588.0, [1333359.0, 1333359, 85328676, 86895, 85328676, 283119471]] [1785295120, [104020, 104020, 6247200, 13140, 6247200, 12492810]] [52636133792, [1783016, 1783016, 113702944, 38704, 113702944, 437444628]] [10433064792, [348166, 348166, 22167600, 9830, 22167600, 87064582]] [2603209312320.0, [95907291.0, 95907291, 6138012243, 5340891, 6138012243, 21131037915]] [94519535596.0, [3709755.0, 3709755, 236848320, 329251, 225408192, 758758419]]
Model_cost: [19486316560.0, [15838.0, 5615457, 359126200, 498433, 49400505, 195362]] [7573491756.0, [117711.0, 1333359, 85328676, 86895, 77870628, 304299]] [578529520, [105, 104020, 6247200, 13140, 6247200, 26250]] [9695485056, [39856, 1680616, 106002464, 38704, 103509152, 416025]] [1180689816, [2826, 273670, 17356848, 23366, 7767792, 30384]] [567686434992.0, [15831.0, 95907291, 6138012243, 5340891, 6137123727, 23973306]] [2505539884.0, [1353.0, 446715, 28517760, 42083, 25506688, 101907]]
Arch_Param: [32, 4096, 1024, 16, 1024, 256]
SK_cost: [165503559588.0, [6357321.0, 6360929, 406836408, 451585, 364399800, 1346637217]] [35168604588.0, [1333359.0, 1333359, 85328676, 86895, 85328676, 283119471]] [1785295120, [104020, 104020, 6247200, 13140, 6247200, 12492810]] [52636133792, [1783016, 1783016, 113702944, 38704, 113702944, 437444628]] [10433064792, [348166, 348166, 22167600, 9830, 22167600, 87064582]] [2603209312320.0, [95907291.0, 95907291, 6138012243, 5340891, 6138012243, 21131037915]] [94519535596.0, [3709755.0, 3709755, 236848320, 329251, 225408192, 758758419]]
Model_cost: [19486316560.0, [15838.0, 5615457, 359126200, 498433, 49400505, 195362]] [7573491756.0, [117711.0, 1333359, 85328676, 86895, 77870628, 304299]] [578529520, [105, 104020, 6247200, 13140, 6247200, 26250]] [9695485056, [39856, 1680616, 106002464, 38704, 103509152, 416025]] [1180689816, [2826, 273670, 17356848, 23366, 7767792, 30384]] [567686434992.0, [15831.0, 95907291, 6138012243, 5340891, 6137123727, 23973306]] [2505539884.0, [1353.0, 446715, 28517760, 42083, 25506688, 101907]]
Arch_Param: [32, 4096, 1024, 16, 1024, 512]
SK_cost: [165503559588.0, [6357321.0, 6360929, 406836408, 451585, 364399800, 1346637217]] [35168604588.0, [1333359.0, 1333359, 85328676, 86895, 85328676, 283119471]] [1785295120, [104020, 104020, 6247200, 13140, 6247200, 12492810]] [52636133792, [1783016, 1783016, 113702944, 38704, 113702944, 437444628]] [10433064792, [348166, 348166, 22167600, 9830, 22167600, 87064582]] [2603209312320.0, [95907291.0, 95907291, 6138012243, 5340891, 6138012243, 21131037915]] [94519535596.0, [3709755.0, 3709755, 236848320, 329251, 225408192, 758758419]]
Model_cost: [19485702160.0, [15838.0, 5615457, 359126200, 488833, 49400505, 195362]] [7573491756.0, [117711.0, 1333359, 85328676, 86895, 77870628, 304299]] [578529520, [105, 104020, 6247200, 13140, 6247200, 26250]] [9695485056, [39856, 1680616, 106002464, 38704, 103509152, 416025]] [1179820536, [2826, 272998, 17356848, 9830, 7767792, 30381]] [567686434992.0, [15831.0, 95907291, 6138012243, 5340891, 6137123727, 23973306]] [2505539884.0, [1353.0, 446715, 28517760, 42083, 25506688, 101907]]
Arch_Param: [32, 4096, 1024, 32, 256, 16]
SK_cost: [94438049060.0, [3617865.0, 14471873, 231526584, 254913, 210308280, 767184289]] [35184603564.0, [1333359.0, 5333103, 85328676, 86895, 85328676, 283119471]] [1786442760, [104020, 390450, 6247200, 13170, 6247200, 12492810]] [52657433224, [1783016, 7106434, 113702944, 38794, 113702944, 437444628]] [5218612056, [174086, 693254, 11083824, 4918, 11083824, 43532294]] [2604360188688.0, [95907291.0, 383626383, 6138012243, 5340891, 6138012243, 21131037915]] [88426072816.0, [3377979.0, 13498604, 215891136, 256724, 211743936, 711998483]]
Model_cost: [12101896592.0, [8894.0, 12767937, 204263608, 826433, 49400505, 195874]] [7589490732.0, [117711.0, 5333103, 85328676, 86895, 77870628, 304299]] [579677160, [105, 390450, 6247200, 13170, 6247200, 26250]] [9715309928, [39856, 6635394, 106002464, 38794, 103509152, 416025]] [764722328, [1418, 542918, 8686640, 11174, 7768304, 30576]] [568837311360.0, [15831.0, 383626383, 6138012243, 5340891, 6137123727, 23973306]] [2406123440.0, [1077.0, 1647980, 26356864, 34708, 25506688, 101907]]
Arch_Param: [32, 4096, 1024, 32, 256, 64]
SK_cost: [94438049060.0, [3617865.0, 14471873, 231526584, 254913, 210308280, 767184289]] [35184603564.0, [1333359.0, 5333103, 85328676, 86895, 85328676, 283119471]] [1786442760, [104020, 390450, 6247200, 13170, 6247200, 12492810]] [52657433224, [1783016, 7106434, 113702944, 38794, 113702944, 437444628]] [5218612056, [174086, 693254, 11083824, 4918, 11083824, 43532294]] [2604360188688.0, [95907291.0, 383626383, 6138012243, 5340891, 6138012243, 21131037915]] [88426072816.0, [3377979.0, 13498604, 215891136, 256724, 211743936, 711998483]]
Model_cost: [12066793872.0, [8894.0, 12767937, 204263608, 278721, 49400505, 195362]] [7589490732.0, [117711.0, 5333103, 85328676, 86895, 77870628, 304299]] [579677160, [105, 390450, 6247200, 13170, 6247200, 26250]] [9715309928, [39856, 6635394, 106002464, 38794, 103509152, 416025]] [764624024, [1418, 542918, 8686640, 9638, 7768304, 30576]] [568837311360.0, [15831.0, 383626383, 6138012243, 5340891, 6137123727, 23973306]] [2406025136.0, [1077.0, 1647980, 26356864, 33172, 25506688, 101907]]
Arch_Param: [32, 4096, 1024, 32, 256, 128]
SK_cost: [94438049060.0, [3617865.0, 14471873, 231526584, 254913, 210308280, 767184289]] [35184603564.0, [1333359.0, 5333103, 85328676, 86895, 85328676, 283119471]] [1786442760, [104020, 390450, 6247200, 13170, 6247200, 12492810]] [52657433224, [1783016, 7106434, 113702944, 38794, 113702944, 437444628]] [5218612056, [174086, 693254, 11083824, 4918, 11083824, 43532294]] [2604360188688.0, [95907291.0, 383626383, 6138012243, 5340891, 6138012243, 21131037915]] [88426072816.0, [3377979.0, 13498604, 215891136, 256724, 211743936, 711998483]]
Model_cost: [12066793872.0, [8894.0, 12767937, 204263608, 278721, 49400505, 195362]] [7589490732.0, [117711.0, 5333103, 85328676, 86895, 77870628, 304299]] [579677160, [105, 390450, 6247200, 13170, 6247200, 26250]] [9715309928, [39856, 6635394, 106002464, 38794, 103509152, 416025]] [764624024, [1418, 542918, 8686640, 9638, 7768304, 30576]] [568837311360.0, [15831.0, 383626383, 6138012243, 5340891, 6137123727, 23973306]] [2406025136.0, [1077.0, 1647980, 26356864, 33172, 25506688, 101907]]
Arch_Param: [32, 4096, 1024, 32, 256, 256]
SK_cost: [94438049060.0, [3617865.0, 14471873, 231526584, 254913, 210308280, 767184289]] [35184603564.0, [1333359.0, 5333103, 85328676, 86895, 85328676, 283119471]] [1786442760, [104020, 390450, 6247200, 13170, 6247200, 12492810]] [52657433224, [1783016, 7106434, 113702944, 38794, 113702944, 437444628]] [5218612056, [174086, 693254, 11083824, 4918, 11083824, 43532294]] [2604360188688.0, [95907291.0, 383626383, 6138012243, 5340891, 6138012243, 21131037915]] [88426072816.0, [3377979.0, 13498604, 215891136, 256724, 211743936, 711998483]]
Model_cost: [12066474384.0, [8894.0, 12767937, 204263608, 273729, 49400505, 195362]] [7589490732.0, [117711.0, 5333103, 85328676, 86895, 77870628, 304299]] [579677160, [105, 390450, 6247200, 13170, 6247200, 26250]] [9715309928, [39856, 6635394, 106002464, 38794, 103509152, 416025]] [763887288, [1416, 542918, 8678448, 4918, 7767792, 30381]] [568837311360.0, [15831.0, 383626383, 6138012243, 5340891, 6137123727, 23973306]] [2406025136.0, [1077.0, 1647980, 26356864, 33172, 25506688, 101907]]
Arch_Param: [32, 4096, 1024, 32, 512, 16]
SK_cost: [94409104496.0, [3617865.0, 7236196, 231526584, 254884, 210308280, 767184289]] [35173937580.0, [1333359.0, 2666607, 85328676, 86895, 85328676, 283119471]] [1785660600, [104020, 195230, 6247200, 13150, 6247200, 12492810]] [52643216536, [1783016, 3553222, 113702944, 38734, 113702944, 437444628]] [5217227608, [174086, 347142, 11083824, 4918, 11083824, 43532294]] [2603592937776.0, [95907291.0, 191813655, 6138012243, 5340891, 6138012243, 21131037915]] [88399068056.0, [3377979.0, 6749302, 215891136, 256606, 211743936, 711998483]]
Model_cost: [12076359900.0, [8894.0, 6384228, 204263608, 826404, 49400505, 195874]] [7578824748.0, [117711.0, 2666607, 85328676, 86895, 77870628, 304299]] [578895000, [105, 195230, 6247200, 13150, 6247200, 26250]] [9702076280, [39856, 3327942, 106002464, 38734, 103509152, 416025]] [763646744, [1418, 274022, 8686640, 11174, 7768304, 30576]] [568070060448.0, [15831.0, 191813655, 6138012243, 5340891, 6137123727, 23973306]] [2402819928.0, [1077.0, 823990, 26356864, 34590, 25506688, 101907]]
Arch_Param: [32, 4096, 1024, 32, 512, 64]
SK_cost: [94409104496.0, [3617865.0, 7236196, 231526584, 254884, 210308280, 767184289]] [35173937580.0, [1333359.0, 2666607, 85328676, 86895, 85328676, 283119471]] [1785660600, [104020, 195230, 6247200, 13150, 6247200, 12492810]] [52643216536, [1783016, 3553222, 113702944, 38734, 113702944, 437444628]] [5217227608, [174086, 347142, 11083824, 4918, 11083824, 43532294]] [2603592937776.0, [95907291.0, 191813655, 6138012243, 5340891, 6138012243, 21131037915]] [88399068056.0, [3377979.0, 6749302, 215891136, 256606, 211743936, 711998483]]
Model_cost: [12041257180.0, [8894.0, 6384228, 204263608, 278692, 49400505, 195362]] [7578824748.0, [117711.0, 2666607, 85328676, 86895, 77870628, 304299]] [578895000, [105, 195230, 6247200, 13150, 6247200, 26250]] [9702076280, [39856, 3327942, 106002464, 38734, 103509152, 416025]] [763548440, [1418, 274022, 8686640, 9638, 7768304, 30576]] [568070060448.0, [15831.0, 191813655, 6138012243, 5340891, 6137123727, 23973306]] [2402721624.0, [1077.0, 823990, 26356864, 33054, 25506688, 101907]]
Arch_Param: [32, 4096, 1024, 32, 512, 128]
SK_cost: [94409104496.0, [3617865.0, 7236196, 231526584, 254884, 210308280, 767184289]] [35173937580.0, [1333359.0, 2666607, 85328676, 86895, 85328676, 283119471]] [1785660600, [104020, 195230, 6247200, 13150, 6247200, 12492810]] [52643216536, [1783016, 3553222, 113702944, 38734, 113702944, 437444628]] [5217227608, [174086, 347142, 11083824, 4918, 11083824, 43532294]] [2603592937776.0, [95907291.0, 191813655, 6138012243, 5340891, 6138012243, 21131037915]] [88399068056.0, [3377979.0, 6749302, 215891136, 256606, 211743936, 711998483]]
Model_cost: [12041257180.0, [8894.0, 6384228, 204263608, 278692, 49400505, 195362]] [7578824748.0, [117711.0, 2666607, 85328676, 86895, 77870628, 304299]] [578895000, [105, 195230, 6247200, 13150, 6247200, 26250]] [9702076280, [39856, 3327942, 106002464, 38734, 103509152, 416025]] [763548440, [1418, 274022, 8686640, 9638, 7768304, 30576]] [568070060448.0, [15831.0, 191813655, 6138012243, 5340891, 6137123727, 23973306]] [2402721624.0, [1077.0, 823990, 26356864, 33054, 25506688, 101907]]
Arch_Param: [32, 4096, 1024, 32, 512, 256]
SK_cost: [94409104496.0, [3617865.0, 7236196, 231526584, 254884, 210308280, 767184289]] [35173937580.0, [1333359.0, 2666607, 85328676, 86895, 85328676, 283119471]] [1785660600, [104020, 195230, 6247200, 13150, 6247200, 12492810]] [52643216536, [1783016, 3553222, 113702944, 38734, 113702944, 437444628]] [5217227608, [174086, 347142, 11083824, 4918, 11083824, 43532294]] [2603592937776.0, [95907291.0, 191813655, 6138012243, 5340891, 6138012243, 21131037915]] [88399068056.0, [3377979.0, 6749302, 215891136, 256606, 211743936, 711998483]]
Model_cost: [12040937692.0, [8894.0, 6384228, 204263608, 273700, 49400505, 195362]] [7578824748.0, [117711.0, 2666607, 85328676, 86895, 77870628, 304299]] [578895000, [105, 195230, 6247200, 13150, 6247200, 26250]] [9702076280, [39856, 3327942, 106002464, 38734, 103509152, 416025]] [762803512, [1416, 271974, 8678448, 4918, 7767792, 30381]] [568070060448.0, [15831.0, 191813655, 6138012243, 5340891, 6137123727, 23973306]] [2402721624.0, [1077.0, 823990, 26356864, 33054, 25506688, 101907]]
Arch_Param: [32, 4096, 1024, 32, 512, 512]
SK_cost: [94409104496.0, [3617865.0, 7236196, 231526584, 254884, 210308280, 767184289]] [35173937580.0, [1333359.0, 2666607, 85328676, 86895, 85328676, 283119471]] [1785660600, [104020, 195230, 6247200, 13150, 6247200, 12492810]] [52643216536, [1783016, 3553222, 113702944, 38734, 113702944, 437444628]] [5217227608, [174086, 347142, 11083824, 4918, 11083824, 43532294]] [2603592937776.0, [95907291.0, 191813655, 6138012243, 5340891, 6138012243, 21131037915]] [88399068056.0, [3377979.0, 6749302, 215891136, 256606, 211743936, 711998483]]
Model_cost: [12040937692.0, [8894.0, 6384228, 204263608, 273700, 49400505, 195362]] [7578824748.0, [117711.0, 2666607, 85328676, 86895, 77870628, 304299]] [578895000, [105, 195230, 6247200, 13150, 6247200, 26250]] [9702076280, [39856, 3327942, 106002464, 38734, 103509152, 416025]] [762803512, [1416, 271974, 8678448, 4918, 7767792, 30381]] [568070060448.0, [15831.0, 191813655, 6138012243, 5340891, 6137123727, 23973306]] [2402721624.0, [1077.0, 823990, 26356864, 33054, 25506688, 101907]]
Arch_Param: [32, 4096, 1024, 32, 1024, 16]
SK_cost: [94394639268.0, [3617865.0, 3619937, 231526584, 254881, 210308280, 767184289]] [35168604588.0, [1333359.0, 1333359, 85328676, 86895, 85328676, 283119471]] [1785295120, [104020, 104020, 6247200, 13140, 6247200, 12492810]] [52636133792, [1783016, 1783016, 113702944, 38704, 113702944, 437444628]] [5216535384, [174086, 174086, 11083824, 4918, 11083824, 43532294]] [2603209312320.0, [95907291.0, 95907291, 6138012243, 5340891, 6138012243, 21131037915]] [88385578988.0, [3377979.0, 3377979, 215891136, 256547, 211743936, 711998483]]
Model_cost: [12063598608.0, [8894.0, 3193953, 204263608, 826401, 49400505, 195874]] [7573491756.0, [117711.0, 1333359, 85328676, 86895, 77870628, 304299]] [578529520, [105, 104020, 6247200, 13140, 6247200, 26250]] [9695485056, [39856, 1680616, 106002464, 38704, 103509152, 416025]] [762794712, [1416, 136838, 8678448, 13222, 7767792, 30384]] [567686434992.0, [15831.0, 95907291, 6138012243, 5340891, 6137123727, 23973306]] [2401169836.0, [1077.0, 412411, 26356864, 34531, 25506688, 101907]]
Arch_Param: [32, 4096, 1024, 32, 1024, 64]
SK_cost: [94394639268.0, [3617865.0, 3619937, 231526584, 254881, 210308280, 767184289]] [35168604588.0, [1333359.0, 1333359, 85328676, 86895, 85328676, 283119471]] [1785295120, [104020, 104020, 6247200, 13140, 6247200, 12492810]] [52636133792, [1783016, 1783016, 113702944, 38704, 113702944, 437444628]] [5216535384, [174086, 174086, 11083824, 4918, 11083824, 43532294]] [2603209312320.0, [95907291.0, 95907291, 6138012243, 5340891, 6138012243, 21131037915]] [88385578988.0, [3377979.0, 3377979, 215891136, 256547, 211743936, 711998483]]
Model_cost: [12028495888.0, [8894.0, 3193953, 204263608, 278689, 49400505, 195362]] [7573491756.0, [117711.0, 1333359, 85328676, 86895, 77870628, 304299]] [578529520, [105, 104020, 6247200, 13140, 6247200, 26250]] [9695485056, [39856, 1680616, 106002464, 38704, 103509152, 416025]] [762696408, [1416, 136838, 8678448, 11686, 7767792, 30384]] [567686434992.0, [15831.0, 95907291, 6138012243, 5340891, 6137123727, 23973306]] [2401071532.0, [1077.0, 412411, 26356864, 32995, 25506688, 101907]]
Arch_Param: [32, 4096, 1024, 32, 1024, 128]
SK_cost: [94394639268.0, [3617865.0, 3619937, 231526584, 254881, 210308280, 767184289]] [35168604588.0, [1333359.0, 1333359, 85328676, 86895, 85328676, 283119471]] [1785295120, [104020, 104020, 6247200, 13140, 6247200, 12492810]] [52636133792, [1783016, 1783016, 113702944, 38704, 113702944, 437444628]] [5216535384, [174086, 174086, 11083824, 4918, 11083824, 43532294]] [2603209312320.0, [95907291.0, 95907291, 6138012243, 5340891, 6138012243, 21131037915]] [88385578988.0, [3377979.0, 3377979, 215891136, 256547, 211743936, 711998483]]
Model_cost: [12028495888.0, [8894.0, 3193953, 204263608, 278689, 49400505, 195362]] [7573491756.0, [117711.0, 1333359, 85328676, 86895, 77870628, 304299]] [578529520, [105, 104020, 6247200, 13140, 6247200, 26250]] [9695485056, [39856, 1680616, 106002464, 38704, 103509152, 416025]] [762696408, [1416, 136838, 8678448, 11686, 7767792, 30384]] [567686434992.0, [15831.0, 95907291, 6138012243, 5340891, 6137123727, 23973306]] [2401071532.0, [1077.0, 412411, 26356864, 32995, 25506688, 101907]]
Arch_Param: [32, 4096, 1024, 32, 1024, 256]
SK_cost: [94394639268.0, [3617865.0, 3619937, 231526584, 254881, 210308280, 767184289]] [35168604588.0, [1333359.0, 1333359, 85328676, 86895, 85328676, 283119471]] [1785295120, [104020, 104020, 6247200, 13140, 6247200, 12492810]] [52636133792, [1783016, 1783016, 113702944, 38704, 113702944, 437444628]] [5216535384, [174086, 174086, 11083824, 4918, 11083824, 43532294]] [2603209312320.0, [95907291.0, 95907291, 6138012243, 5340891, 6138012243, 21131037915]] [88385578988.0, [3377979.0, 3377979, 215891136, 256547, 211743936, 711998483]]
Model_cost: [12028176400.0, [8894.0, 3193953, 204263608, 273697, 49400505, 195362]] [7573491756.0, [117711.0, 1333359, 85328676, 86895, 77870628, 304299]] [578529520, [105, 104020, 6247200, 13140, 6247200, 26250]] [9695485056, [39856, 1680616, 106002464, 38704, 103509152, 416025]] [762261624, [1416, 136502, 8678448, 4918, 7767792, 30381]] [567686434992.0, [15831.0, 95907291, 6138012243, 5340891, 6137123727, 23973306]] [2401071532.0, [1077.0, 412411, 26356864, 32995, 25506688, 101907]]
Arch_Param: [32, 4096, 1024, 32, 1024, 512]
SK_cost: [94394639268.0, [3617865.0, 3619937, 231526584, 254881, 210308280, 767184289]] [35168604588.0, [1333359.0, 1333359, 85328676, 86895, 85328676, 283119471]] [1785295120, [104020, 104020, 6247200, 13140, 6247200, 12492810]] [52636133792, [1783016, 1783016, 113702944, 38704, 113702944, 437444628]] [5216535384, [174086, 174086, 11083824, 4918, 11083824, 43532294]] [2603209312320.0, [95907291.0, 95907291, 6138012243, 5340891, 6138012243, 21131037915]] [88385578988.0, [3377979.0, 3377979, 215891136, 256547, 211743936, 711998483]]
Model_cost: [12028176400.0, [8894.0, 3193953, 204263608, 273697, 49400505, 195362]] [7573491756.0, [117711.0, 1333359, 85328676, 86895, 77870628, 304299]] [578529520, [105, 104020, 6247200, 13140, 6247200, 26250]] [9695485056, [39856, 1680616, 106002464, 38704, 103509152, 416025]] [762261624, [1416, 136502, 8678448, 4918, 7767792, 30381]] [567686434992.0, [15831.0, 95907291, 6138012243, 5340891, 6137123727, 23973306]] [2401071532.0, [1077.0, 412411, 26356864, 32995, 25506688, 101907]]
