[[0, 0, 0, 0, 0, 0, 0, 0, 0, 0, 0], [0, 0, 0, 0, 0, 0, 0, 0, 0, 0, 0], [0, 0, 0, 0, 0, 0, 0, 0, 0, 0, 0], [0, 0, 0, 0, 0, 0, 0, 0, 0, 0, 0]]
Arch_Param: [32, 4096, 32768, 4, 256, 64]
SK_cost: [73163430612.95999, [717444.3433333333, 91214401, 1459298552, 1634145, 1289391288, 4824681889]] [8238904356.0, [97263.0, 10223727, 163578660, 164463, 163185444, 545001327]] [315077960.0, [3263.333333333285, 390450, 6247200, 13170, 6247200, 12492810]] [5721408264.0, [55755.33333333302, 7106434, 113702944, 38794, 113702944, 437444628]] [4462375838.4, [43372.399999999994, 5545990, 88670256, 39302, 88670256, 348258310]] [618205796499.6028, [7107148.350000086, 767215743, 12275433555, 10680855, 12275130963, 42260303067]] [20933324946.46154, [206235.69230769158, 26148076, 417716928, 820436, 353006784, 1218624531]]
Model_cost: [62624289063.84, [1845.1858333333332, 80564801, 1288904952, 5243969, 49400505, 211234]] [8059321956.0, [4005.0, 10223727, 163578660, 164463, 77870628, 4866975]] [314765880.0, [12.5, 390450, 6247200, 13170, 6247200, 390410]] [5324282951.0, [1270.65625, 6635394, 106002464, 38794, 103509152, 1846382172]] [3384128952.0, [366.0, 4343302, 69427248, 267526, 8545520, 34352]] [605247573747.6, [812.1000000000001, 767215743, 12275433555, 10680855, 6137123727, 383570187]] [2358979591.4923077, [118.24471153846154, 2983404, 47652928, 135636, 25506688, 1504979]]
Arch_Param: [32, 4096, 32768, 4, 256, 128]
SK_cost: [73163430612.95999, [717444.3433333333, 91214401, 1459298552, 1634145, 1289391288, 4824681889]] [8238904356.0, [97263.0, 10223727, 163578660, 164463, 163185444, 545001327]] [315077960.0, [3263.333333333285, 390450, 6247200, 13170, 6247200, 12492810]] [5721408264.0, [55755.33333333302, 7106434, 113702944, 38794, 113702944, 437444628]] [4462375838.4, [43372.399999999994, 5545990, 88670256, 39302, 88670256, 348258310]] [618205796499.6028, [7107148.350000086, 767215743, 12275433555, 10680855, 12275130963, 42260303067]] [20933324946.46154, [206235.69230769158, 26148076, 417716928, 820436, 353006784, 1218624531]]
Model_cost: [62624289063.84, [1845.1858333333332, 80564801, 1288904952, 5243969, 49400505, 211234]] [8059321956.0, [4005.0, 10223727, 163578660, 164463, 77870628, 4866975]] [314765880.0, [12.5, 390450, 6247200, 13170, 6247200, 390410]] [5324282951.0, [1270.65625, 6635394, 106002464, 38794, 103509152, 1846382172]] [3369788472.0, [366.0, 4343302, 69427248, 51590, 8285232, 487110]] [605247573747.6, [812.1000000000001, 767215743, 12275433555, 10680855, 6137123727, 383570187]] [2357545890.6923075, [117.19471153846155, 2983404, 47652928, 113236, 25506688, 1579987]]
Arch_Param: [32, 4096, 32768, 4, 256, 256]
SK_cost: [73163430612.95999, [717444.3433333333, 91214401, 1459298552, 1634145, 1289391288, 4824681889]] [8238904356.0, [97263.0, 10223727, 163578660, 164463, 163185444, 545001327]] [315077960.0, [3263.333333333285, 390450, 6247200, 13170, 6247200, 12492810]] [5721408264.0, [55755.33333333302, 7106434, 113702944, 38794, 113702944, 437444628]] [4462375838.4, [43372.399999999994, 5545990, 88670256, 39302, 88670256, 348258310]] [618205796499.6028, [7107148.350000086, 767215743, 12275433555, 10680855, 12275130963, 42260303067]] [20933324946.46154, [206235.69230769158, 26148076, 417716928, 820436, 353006784, 1218624531]]
Model_cost: [62623207316.64, [1840.9858333333334, 80564801, 1288904952, 5206337, 50064057, 259042]] [8059321956.0, [4005.0, 10223727, 163578660, 164463, 77870628, 4866975]] [314765880.0, [12.5, 390450, 6247200, 13170, 6247200, 390410]] [5324282951.0, [1270.65625, 6635394, 106002464, 38794, 103509152, 1846382172]] [3368712248.0, [366.0, 4343302, 69427248, 39302, 8140336, 497254]] [605247573747.6, [812.1000000000001, 767215743, 12275433555, 10680855, 6137123727, 383570187]] [2357545890.6923075, [117.19471153846155, 2983404, 47652928, 113236, 25506688, 1579987]]
Arch_Param: [32, 4096, 32768, 4, 512, 64]
SK_cost: [72981000992.95999, [717444.3433333333, 45607460, 1459298552, 1634116, 1289391288, 4824681889]] [8218457124.0, [97263.0, 5111919, 163578660, 164463, 163185444, 545001327]] [314295800.0, [3263.333333333285, 195230, 6247200, 13150, 6247200, 12492810]] [5707191576.0, [55755.33333333302, 3553222, 113702944, 38734, 113702944, 437444628]] [4451300254.4, [43372.399999999994, 2777094, 88670256, 39302, 88670256, 348258310]] [616671368403.6028, [7107148.350000086, 383608719, 12275433555, 10680855, 12275130963, 42260303067]] [20881021242.46154, [206235.69230769158, 13074038, 417716928, 820318, 353006784, 1218624531]]
Model_cost: [62463158643.84, [1845.1858333333332, 40282660, 1288904952, 5243940, 49400505, 203042]] [8038874724.0, [4005.0, 5111919, 163578660, 164463, 77870628, 2433543]] [313983720.0, [12.5, 195230, 6247200, 13150, 6247200, 195210]] [5311049303.0, [1270.65625, 3327942, 106002464, 38734, 103509152, 1846183736]] [3375458744.0, [366.0, 2175750, 69427248, 267526, 8545520, 34352]] [603713145651.6, [812.1000000000001, 383608719, 12275433555, 10680855, 6137123727, 191785179]] [2353005231.4923077, [118.24471153846154, 1491702, 47652928, 135518, 25506688, 756947]]
Arch_Param: [32, 4096, 32768, 4, 512, 128]
SK_cost: [72981000992.95999, [717444.3433333333, 45607460, 1459298552, 1634116, 1289391288, 4824681889]] [8218457124.0, [97263.0, 5111919, 163578660, 164463, 163185444, 545001327]] [314295800.0, [3263.333333333285, 195230, 6247200, 13150, 6247200, 12492810]] [5707191576.0, [55755.33333333302, 3553222, 113702944, 38734, 113702944, 437444628]] [4451300254.4, [43372.399999999994, 2777094, 88670256, 39302, 88670256, 348258310]] [616671368403.6028, [7107148.350000086, 383608719, 12275433555, 10680855, 12275130963, 42260303067]] [20881021242.46154, [206235.69230769158, 13074038, 417716928, 820318, 353006784, 1218624531]]
Model_cost: [62463158643.84, [1845.1858333333332, 40282660, 1288904952, 5243940, 49400505, 203042]] [8038874724.0, [4005.0, 5111919, 163578660, 164463, 77870628, 2433543]] [313983720.0, [12.5, 195230, 6247200, 13150, 6247200, 195210]] [5311049303.0, [1270.65625, 3327942, 106002464, 38734, 103509152, 1846183736]] [3361118264.0, [366.0, 2175750, 69427248, 51590, 8285232, 244838]] [603713145651.6, [812.1000000000001, 383608719, 12275433555, 10680855, 6137123727, 191785179]] [2351571530.6923075, [117.19471153846155, 1491702, 47652928, 113118, 25506688, 790995]]
Arch_Param: [32, 4096, 32768, 4, 512, 256]
SK_cost: [72981000992.95999, [717444.3433333333, 45607460, 1459298552, 1634116, 1289391288, 4824681889]] [8218457124.0, [97263.0, 5111919, 163578660, 164463, 163185444, 545001327]] [314295800.0, [3263.333333333285, 195230, 6247200, 13150, 6247200, 12492810]] [5707191576.0, [55755.33333333302, 3553222, 113702944, 38734, 113702944, 437444628]] [4451300254.4, [43372.399999999994, 2777094, 88670256, 39302, 88670256, 348258310]] [616671368403.6028, [7107148.350000086, 383608719, 12275433555, 10680855, 12275130963, 42260303067]] [20881021242.46154, [206235.69230769158, 13074038, 417716928, 820318, 353006784, 1218624531]]
Model_cost: [62462076896.64, [1840.9858333333334, 40282660, 1288904952, 5206308, 50064057, 207842]] [8038874724.0, [4005.0, 5111919, 163578660, 164463, 77870628, 2433543]] [313983720.0, [12.5, 195230, 6247200, 13150, 6247200, 195210]] [5311049303.0, [1270.65625, 3327942, 106002464, 38734, 103509152, 1846183736]] [3360042040.0, [366.0, 2175750, 69427248, 39302, 8140336, 249142]] [603713145651.6, [812.1000000000001, 383608719, 12275433555, 10680855, 6137123727, 191785179]] [2351571530.6923075, [117.19471153846155, 1491702, 47652928, 113118, 25506688, 790995]]
Arch_Param: [32, 4096, 32768, 4, 512, 512]
SK_cost: [72981000992.95999, [717444.3433333333, 45607460, 1459298552, 1634116, 1289391288, 4824681889]] [8218457124.0, [97263.0, 5111919, 163578660, 164463, 163185444, 545001327]] [314295800.0, [3263.333333333285, 195230, 6247200, 13150, 6247200, 12492810]] [5707191576.0, [55755.33333333302, 3553222, 113702944, 38734, 113702944, 437444628]] [4451300254.4, [43372.399999999994, 2777094, 88670256, 39302, 88670256, 348258310]] [616671368403.6028, [7107148.350000086, 383608719, 12275433555, 10680855, 12275130963, 42260303067]] [20881021242.46154, [206235.69230769158, 13074038, 417716928, 820318, 353006784, 1218624531]]
Model_cost: [62242991736.64, [1837.2358333333334, 40282660, 1288904952, 1783108, 50064057, 1539298]] [8038874724.0, [4005.0, 5111919, 163578660, 164463, 77870628, 2433543]] [313983720.0, [12.5, 195230, 6247200, 13150, 6247200, 195210]] [5311049303.0, [1270.65625, 3327942, 106002464, 38734, 103509152, 1846183736]] [3359503544.0, [362.0, 2175750, 69427248, 39302, 7871280, 243358]] [603713145651.6, [812.1000000000001, 383608719, 12275433555, 10680855, 6137123727, 191785179]] [2350956995.6923075, [115.78846153846155, 1491702, 47652928, 103518, 25506688, 796755]]
Arch_Param: [32, 4096, 32768, 4, 1024, 64]
SK_cost: [72889836628.95999, [717444.3433333333, 22816417, 1459298552, 1634113, 1289391288, 4824681889]] [8208233508.0, [97263.0, 2556015, 163578660, 164463, 163185444, 545001327]] [313930320.0, [3263.333333333285, 104020, 6247200, 13140, 6247200, 12492810]] [5700108832.0, [55755.33333333302, 1783016, 113702944, 38704, 113702944, 437444628]] [4445762462.4, [43372.399999999994, 1392646, 88670256, 39302, 88670256, 348258310]] [615904154355.6028, [7107148.350000086, 191805207, 12275433555, 10680855, 12275130963, 42260303067]] [20854969742.46154, [206235.69230769158, 6562107, 417716928, 820259, 353006784, 1218624531]]
Model_cost: [62382643879.84, [1845.1858333333332, 20154017, 1288904952, 5243937, 49400505, 198946]] [8028651108.0, [4005.0, 2556015, 163578660, 164463, 77870628, 1216827]] [313618255.0, [12.65625, 104020, 6247200, 13140, 6247200, 27210]] [5304458094.0, [1270.8125, 1680616, 106002464, 38704, 103509152, 1846014118]] [3371134392.0, [366.0, 1094662, 69427248, 267526, 8545520, 34352]] [602945931603.6, [812.1000000000001, 191805207, 12275433555, 10680855, 6137123727, 95892675]] [2350030595.4923077, [118.24471153846154, 748987, 47652928, 135459, 25506688, 382931]]
Arch_Param: [32, 4096, 32768, 4, 1024, 128]
SK_cost: [72889836628.95999, [717444.3433333333, 22816417, 1459298552, 1634113, 1289391288, 4824681889]] [8208233508.0, [97263.0, 2556015, 163578660, 164463, 163185444, 545001327]] [313930320.0, [3263.333333333285, 104020, 6247200, 13140, 6247200, 12492810]] [5700108832.0, [55755.33333333302, 1783016, 113702944, 38704, 113702944, 437444628]] [4445762462.4, [43372.399999999994, 1392646, 88670256, 39302, 88670256, 348258310]] [615904154355.6028, [7107148.350000086, 191805207, 12275433555, 10680855, 12275130963, 42260303067]] [20854969742.46154, [206235.69230769158, 6562107, 417716928, 820259, 353006784, 1218624531]]
Model_cost: [62382643879.84, [1845.1858333333332, 20154017, 1288904952, 5243937, 49400505, 198946]] [8028651108.0, [4005.0, 2556015, 163578660, 164463, 77870628, 1216827]] [313618255.0, [12.65625, 104020, 6247200, 13140, 6247200, 27210]] [5304458094.0, [1270.8125, 1680616, 106002464, 38704, 103509152, 1846014118]] [3356783160.0, [366.0, 1091974, 69427248, 51590, 8285232, 123702]] [602945931603.6, [812.1000000000001, 191805207, 12275433555, 10680855, 6137123727, 95892675]] [2348596894.6923075, [117.19471153846155, 748987, 47652928, 113059, 25506688, 396499]]
Arch_Param: [32, 4096, 32768, 4, 1024, 256]
SK_cost: [72889836628.95999, [717444.3433333333, 22816417, 1459298552, 1634113, 1289391288, 4824681889]] [8208233508.0, [97263.0, 2556015, 163578660, 164463, 163185444, 545001327]] [313930320.0, [3263.333333333285, 104020, 6247200, 13140, 6247200, 12492810]] [5700108832.0, [55755.33333333302, 1783016, 113702944, 38704, 113702944, 437444628]] [4445762462.4, [43372.399999999994, 1392646, 88670256, 39302, 88670256, 348258310]] [615904154355.6028, [7107148.350000086, 191805207, 12275433555, 10680855, 12275130963, 42260303067]] [20854969742.46154, [206235.69230769158, 6562107, 417716928, 820259, 353006784, 1218624531]]
Model_cost: [62381562132.64, [1840.9858333333334, 20154017, 1288904952, 5206305, 50064057, 202402]] [8028651108.0, [4005.0, 2556015, 163578660, 164463, 77870628, 1216827]] [313618255.0, [12.65625, 104020, 6247200, 13140, 6247200, 27210]] [5304458094.0, [1270.8125, 1680616, 106002464, 38704, 103509152, 1846014118]] [3355706936.0, [366.0, 1091974, 69427248, 39302, 8140336, 125086]] [602945931603.6, [812.1000000000001, 191805207, 12275433555, 10680855, 6137123727, 95892675]] [2348596894.6923075, [117.19471153846155, 748987, 47652928, 113059, 25506688, 396499]]
Arch_Param: [32, 4096, 32768, 4, 1024, 512]
SK_cost: [72889836628.95999, [717444.3433333333, 22816417, 1459298552, 1634113, 1289391288, 4824681889]] [8208233508.0, [97263.0, 2556015, 163578660, 164463, 163185444, 545001327]] [313930320.0, [3263.333333333285, 104020, 6247200, 13140, 6247200, 12492810]] [5700108832.0, [55755.33333333302, 1783016, 113702944, 38704, 113702944, 437444628]] [4445762462.4, [43372.399999999994, 1392646, 88670256, 39302, 88670256, 348258310]] [615904154355.6028, [7107148.350000086, 191805207, 12275433555, 10680855, 12275130963, 42260303067]] [20854969742.46154, [206235.69230769158, 6562107, 417716928, 820259, 353006784, 1218624531]]
Model_cost: [62162476972.64, [1837.2358333333334, 20154017, 1288904952, 1783105, 50064057, 772002]] [8028651108.0, [4005.0, 2556015, 163578660, 164463, 77870628, 1216827]] [313618255.0, [12.65625, 104020, 6247200, 13140, 6247200, 27210]] [5304458094.0, [1270.8125, 1680616, 106002464, 38704, 103509152, 1846014118]] [3355168440.0, [362.0, 1091974, 69427248, 39302, 7871280, 121938]] [602945931603.6, [812.1000000000001, 191805207, 12275433555, 10680855, 6137123727, 95892675]] [2347982359.6923075, [115.78846153846155, 748987, 47652928, 103459, 25506688, 398419]]
Arch_Param: [32, 4096, 32768, 8, 256, 64]
SK_cost: [37987924032.479996, [372370.79666666663, 47352385, 757568376, 845281, 672693432, 2505874849]] [4298222628.0, [50991.0, 5333103, 85328676, 86895, 85328676, 283119471]] [315077960.0, [3263.333333333285, 390450, 6247200, 13170, 6247200, 12492810]] [5721408264.0, [55755.33333333302, 7106434, 113702944, 38794, 113702944, 437444628]] [2231189611.2, [21689.199999999997, 2772998, 44335152, 19654, 44335152, 174129158]] [309118103890.8014, [3553845.675000043, 383626383, 6138012243, 5340891, 6138012243, 21131037915]] [13999424737.23077, [137297.84615384653, 17443052, 278762688, 474836, 252736704, 852278291]]
Model_cost: [32550404448.120003, [971.1054166666667, 41814593, 668963704, 2718657, 49400505, 211234]] [4278774852.0, [3786.0, 5333103, 85328676, 86895, 77870628, 4866975]] [314765880.0, [12.5, 390450, 6247200, 13170, 6247200, 390410]] [5324282951.0, [1270.65625, 6635394, 106002464, 38794, 103509152, 1846382172]] [1693058616.0, [186.0, 2171654, 34713648, 28294, 8144112, 477744]] [308775218110.8, [629.5500000000001, 383626383, 6138012243, 5340891, 6137123727, 383570187]] [1639726508.0461538, [74.62548076923076, 2055020, 32839552, 65428, 25506688, 1579987]]
Arch_Param: [32, 4096, 32768, 8, 256, 128]
SK_cost: [37987924032.479996, [372370.79666666663, 47352385, 757568376, 845281, 672693432, 2505874849]] [4298222628.0, [50991.0, 5333103, 85328676, 86895, 85328676, 283119471]] [315077960.0, [3263.333333333285, 390450, 6247200, 13170, 6247200, 12492810]] [5721408264.0, [55755.33333333302, 7106434, 113702944, 38794, 113702944, 437444628]] [2231189611.2, [21689.199999999997, 2772998, 44335152, 19654, 44335152, 174129158]] [309118103890.8014, [3553845.675000043, 383626383, 6138012243, 5340891, 6138012243, 21131037915]] [13999424737.23077, [137297.84615384653, 17443052, 278762688, 474836, 252736704, 852278291]]
Model_cost: [32550404448.120003, [971.1054166666667, 41814593, 668963704, 2718657, 49400505, 211234]] [4278774852.0, [3786.0, 5333103, 85328676, 86895, 77870628, 4866975]] [314765880.0, [12.5, 390450, 6247200, 13170, 6247200, 390410]] [5324282951.0, [1270.65625, 6635394, 106002464, 38794, 103509152, 1846382172]] [1692498104.0, [186.0, 2171654, 34713648, 19654, 8140336, 497254]] [308775218110.8, [629.5500000000001, 383626383, 6138012243, 5340891, 6137123727, 383570187]] [1639726508.0461538, [74.62548076923076, 2055020, 32839552, 65428, 25506688, 1579987]]
Arch_Param: [32, 4096, 32768, 8, 256, 256]
SK_cost: [37987924032.479996, [372370.79666666663, 47352385, 757568376, 845281, 672693432, 2505874849]] [4298222628.0, [50991.0, 5333103, 85328676, 86895, 85328676, 283119471]] [315077960.0, [3263.333333333285, 390450, 6247200, 13170, 6247200, 12492810]] [5721408264.0, [55755.33333333302, 7106434, 113702944, 38794, 113702944, 437444628]] [2231189611.2, [21689.199999999997, 2772998, 44335152, 19654, 44335152, 174129158]] [309118103890.8014, [3553845.675000043, 383626383, 6138012243, 5340891, 6138012243, 21131037915]] [13999424737.23077, [137297.84615384653, 17443052, 278762688, 474836, 252736704, 852278291]]
Model_cost: [32436480164.92, [969.1554166666666, 41814593, 668963704, 938593, 49400505, 3066402]] [4278774852.0, [3786.0, 5333103, 85328676, 86895, 77870628, 4866975]] [314765880.0, [12.5, 390450, 6247200, 13170, 6247200, 390410]] [5324282951.0, [1270.65625, 6635394, 106002464, 38794, 103509152, 1846382172]] [1691959992.0, [186.0, 2171654, 34713648, 19654, 7871280, 486198]] [308775218110.8, [629.5500000000001, 383626383, 6138012243, 5340891, 6137123727, 383570187]] [1639406949.8461537, [73.89423076923077, 2055020, 32839552, 60436, 25506688, 1593427]]
Arch_Param: [32, 4096, 32768, 8, 512, 64]
SK_cost: [37893218444.479996, [372370.79666666663, 23676452, 757568376, 845252, 672693432, 2505874849]] [4287556644.0, [50991.0, 2666607, 85328676, 86895, 85328676, 283119471]] [314295800.0, [3263.333333333285, 195230, 6247200, 13150, 6247200, 12492810]] [5707191576.0, [55755.33333333302, 3553222, 113702944, 38734, 113702944, 437444628]] [2225651819.2, [21689.199999999997, 1388550, 44335152, 19654, 44335152, 174129158]] [308350852978.8014, [3553845.675000043, 191813655, 6138012243, 5340891, 6138012243, 21131037915]] [13964531081.23077, [137297.84615384653, 8721526, 278762688, 474718, 252736704, 852278291]]
Model_cost: [32466774444.120003, [971.1054166666667, 20907556, 668963704, 2718628, 49400505, 203042]] [4268108868.0, [3786.0, 2666607, 85328676, 86895, 77870628, 2433543]] [313983720.0, [12.5, 195230, 6247200, 13150, 6247200, 195210]] [5311049303.0, [1270.65625, 3327942, 106002464, 38734, 103509152, 1846183736]] [1688723512.0, [186.0, 1087878, 34713648, 28294, 8144112, 240176]] [308007967198.8, [629.5500000000001, 191813655, 6138012243, 5340891, 6137123727, 191785179]] [1635608916.0461538, [74.62548076923076, 1027510, 32839552, 65310, 25506688, 790995]]
Arch_Param: [32, 4096, 32768, 8, 512, 128]
SK_cost: [37893218444.479996, [372370.79666666663, 23676452, 757568376, 845252, 672693432, 2505874849]] [4287556644.0, [50991.0, 2666607, 85328676, 86895, 85328676, 283119471]] [314295800.0, [3263.333333333285, 195230, 6247200, 13150, 6247200, 12492810]] [5707191576.0, [55755.33333333302, 3553222, 113702944, 38734, 113702944, 437444628]] [2225651819.2, [21689.199999999997, 1388550, 44335152, 19654, 44335152, 174129158]] [308350852978.8014, [3553845.675000043, 191813655, 6138012243, 5340891, 6138012243, 21131037915]] [13964531081.23077, [137297.84615384653, 8721526, 278762688, 474718, 252736704, 852278291]]
Model_cost: [32466774444.120003, [971.1054166666667, 20907556, 668963704, 2718628, 49400505, 203042]] [4268108868.0, [3786.0, 2666607, 85328676, 86895, 77870628, 2433543]] [313983720.0, [12.5, 195230, 6247200, 13150, 6247200, 195210]] [5311049303.0, [1270.65625, 3327942, 106002464, 38734, 103509152, 1846183736]] [1688163000.0, [186.0, 1087878, 34713648, 19654, 8140336, 249142]] [308007967198.8, [629.5500000000001, 191813655, 6138012243, 5340891, 6137123727, 191785179]] [1635608916.0461538, [74.62548076923076, 1027510, 32839552, 65310, 25506688, 790995]]
Arch_Param: [32, 4096, 32768, 8, 512, 256]
SK_cost: [37893218444.479996, [372370.79666666663, 23676452, 757568376, 845252, 672693432, 2505874849]] [4287556644.0, [50991.0, 2666607, 85328676, 86895, 85328676, 283119471]] [314295800.0, [3263.333333333285, 195230, 6247200, 13150, 6247200, 12492810]] [5707191576.0, [55755.33333333302, 3553222, 113702944, 38734, 113702944, 437444628]] [2225651819.2, [21689.199999999997, 1388550, 44335152, 19654, 44335152, 174129158]] [308350852978.8014, [3553845.675000043, 191813655, 6138012243, 5340891, 6138012243, 21131037915]] [13964531081.23077, [137297.84615384653, 8721526, 278762688, 474718, 252736704, 852278291]]
Model_cost: [32352850160.92, [969.1554166666666, 20907556, 668963704, 938564, 49400505, 1534498]] [4268108868.0, [3786.0, 2666607, 85328676, 86895, 77870628, 2433543]] [313983720.0, [12.5, 195230, 6247200, 13150, 6247200, 195210]] [5311049303.0, [1270.65625, 3327942, 106002464, 38734, 103509152, 1846183736]] [1687624888.0, [186.0, 1087878, 34713648, 19654, 7871280, 243358]] [308007967198.8, [629.5500000000001, 191813655, 6138012243, 5340891, 6137123727, 191785179]] [1635289357.8461537, [73.89423076923077, 1027510, 32839552, 60318, 25506688, 796755]]
Arch_Param: [32, 4096, 32768, 8, 512, 512]
SK_cost: [37893218444.479996, [372370.79666666663, 23676452, 757568376, 845252, 672693432, 2505874849]] [4287556644.0, [50991.0, 2666607, 85328676, 86895, 85328676, 283119471]] [314295800.0, [3263.333333333285, 195230, 6247200, 13150, 6247200, 12492810]] [5707191576.0, [55755.33333333302, 3553222, 113702944, 38734, 113702944, 437444628]] [2225651819.2, [21689.199999999997, 1388550, 44335152, 19654, 44335152, 174129158]] [308350852978.8014, [3553845.675000043, 191813655, 6138012243, 5340891, 6138012243, 21131037915]] [13964531081.23077, [137297.84615384653, 8721526, 278762688, 474718, 252736704, 852278291]]
Model_cost: [32352850160.92, [969.1554166666666, 20907556, 668963704, 938564, 49400505, 1534498]] [4268108868.0, [3786.0, 2666607, 85328676, 86895, 77870628, 2433543]] [313983720.0, [12.5, 195230, 6247200, 13150, 6247200, 195210]] [5311049303.0, [1270.65625, 3327942, 106002464, 38734, 103509152, 1846183736]] [1687486712.0, [184.0, 1087878, 34713648, 19654, 7802288, 242514]] [308007967198.8, [629.5500000000001, 191813655, 6138012243, 5340891, 6137123727, 191785179]] [1635289357.8461537, [73.89423076923077, 1027510, 32839552, 60318, 25506688, 796755]]
Arch_Param: [32, 4096, 32768, 8, 1024, 64]
SK_cost: [37845891264.479996, [372370.79666666663, 11844705, 757568376, 845249, 672693432, 2505874849]] [4282223652.0, [50991.0, 1333359, 85328676, 86895, 85328676, 283119471]] [313930320.0, [3263.333333333285, 104020, 6247200, 13140, 6247200, 12492810]] [5700108832.0, [55755.33333333302, 1783016, 113702944, 38704, 113702944, 437444628]] [2222882923.2, [21689.199999999997, 696326, 44335152, 19654, 44335152, 174129158]] [307967227522.8014, [3553845.675000043, 95907291, 6138012243, 5340891, 6138012243, 21131037915]] [13947134429.23077, [137297.84615384653, 4373307, 278762688, 474659, 252736704, 852278291]]
Model_cost: [32424985056.120003, [971.1054166666667, 10460257, 668963704, 2718625, 49400505, 198946]] [4262775876.0, [3786.0, 1333359, 85328676, 86895, 77870628, 1216827]] [313618255.0, [12.65625, 104020, 6247200, 13140, 6247200, 27210]] [5304458094.0, [1270.8125, 1680616, 106002464, 38704, 103509152, 1846014118]] [1686561336.0, [186.0, 547334, 34713648, 28294, 8144112, 121392]] [307624341742.8, [629.5500000000001, 95907291, 6138012243, 5340891, 6137123727, 95892675]] [1633556392.0461538, [74.62548076923076, 515323, 32839552, 65251, 25506688, 396499]]
Arch_Param: [32, 4096, 32768, 8, 1024, 128]
SK_cost: [37845891264.479996, [372370.79666666663, 11844705, 757568376, 845249, 672693432, 2505874849]] [4282223652.0, [50991.0, 1333359, 85328676, 86895, 85328676, 283119471]] [313930320.0, [3263.333333333285, 104020, 6247200, 13140, 6247200, 12492810]] [5700108832.0, [55755.33333333302, 1783016, 113702944, 38704, 113702944, 437444628]] [2222882923.2, [21689.199999999997, 696326, 44335152, 19654, 44335152, 174129158]] [307967227522.8014, [3553845.675000043, 95907291, 6138012243, 5340891, 6138012243, 21131037915]] [13947134429.23077, [137297.84615384653, 4373307, 278762688, 474659, 252736704, 852278291]]
Model_cost: [32424985056.120003, [971.1054166666667, 10460257, 668963704, 2718625, 49400505, 198946]] [4262775876.0, [3786.0, 1333359, 85328676, 86895, 77870628, 1216827]] [313618255.0, [12.65625, 104020, 6247200, 13140, 6247200, 27210]] [5304458094.0, [1270.8125, 1680616, 106002464, 38704, 103509152, 1846014118]] [1685995448.0, [186.0, 545990, 34713648, 19654, 8140336, 125086]] [307624341742.8, [629.5500000000001, 95907291, 6138012243, 5340891, 6137123727, 95892675]] [1633556392.0461538, [74.62548076923076, 515323, 32839552, 65251, 25506688, 396499]]
Arch_Param: [32, 4096, 32768, 8, 1024, 256]
SK_cost: [37845891264.479996, [372370.79666666663, 11844705, 757568376, 845249, 672693432, 2505874849]] [4282223652.0, [50991.0, 1333359, 85328676, 86895, 85328676, 283119471]] [313930320.0, [3263.333333333285, 104020, 6247200, 13140, 6247200, 12492810]] [5700108832.0, [55755.33333333302, 1783016, 113702944, 38704, 113702944, 437444628]] [2222882923.2, [21689.199999999997, 696326, 44335152, 19654, 44335152, 174129158]] [307967227522.8014, [3553845.675000043, 95907291, 6138012243, 5340891, 6138012243, 21131037915]] [13947134429.23077, [137297.84615384653, 4373307, 278762688, 474659, 252736704, 852278291]]
Model_cost: [32311060772.92, [969.1554166666666, 10460257, 668963704, 938561, 49400505, 768546]] [4262775876.0, [3786.0, 1333359, 85328676, 86895, 77870628, 1216827]] [313618255.0, [12.65625, 104020, 6247200, 13140, 6247200, 27210]] [5304458094.0, [1270.8125, 1680616, 106002464, 38704, 103509152, 1846014118]] [1685457336.0, [186.0, 545990, 34713648, 19654, 7871280, 121938]] [307624341742.8, [629.5500000000001, 95907291, 6138012243, 5340891, 6137123727, 95892675]] [1633236833.8461537, [73.89423076923077, 515323, 32839552, 60259, 25506688, 398419]]
Arch_Param: [32, 4096, 32768, 8, 1024, 512]
SK_cost: [37845891264.479996, [372370.79666666663, 11844705, 757568376, 845249, 672693432, 2505874849]] [4282223652.0, [50991.0, 1333359, 85328676, 86895, 85328676, 283119471]] [313930320.0, [3263.333333333285, 104020, 6247200, 13140, 6247200, 12492810]] [5700108832.0, [55755.33333333302, 1783016, 113702944, 38704, 113702944, 437444628]] [2222882923.2, [21689.199999999997, 696326, 44335152, 19654, 44335152, 174129158]] [307967227522.8014, [3553845.675000043, 95907291, 6138012243, 5340891, 6138012243, 21131037915]] [13947134429.23077, [137297.84615384653, 4373307, 278762688, 474659, 252736704, 852278291]]
Model_cost: [32311060772.92, [969.1554166666666, 10460257, 668963704, 938561, 49400505, 768546]] [4262775876.0, [3786.0, 1333359, 85328676, 86895, 77870628, 1216827]] [313618255.0, [12.65625, 104020, 6247200, 13140, 6247200, 27210]] [5304458094.0, [1270.8125, 1680616, 106002464, 38704, 103509152, 1846014118]] [1685319160.0, [184.0, 545990, 34713648, 19654, 7802288, 121388]] [307624341742.8, [629.5500000000001, 95907291, 6138012243, 5340891, 6137123727, 95892675]] [1633236833.8461537, [73.89423076923077, 515323, 32839552, 60259, 25506688, 398419]]
Arch_Param: [32, 4096, 32768, 16, 256, 64]
SK_cost: [20406760246.239998, [199904.02333333332, 25429697, 406836408, 451617, 364399800, 1346637217]] [4298222628.0, [50991.0, 5333103, 85328676, 86895, 85328676, 283119471]] [315077960.0, [3263.333333333285, 390450, 6247200, 13170, 6247200, 12492810]] [5721408264.0, [55755.33333333302, 7106434, 113702944, 38794, 113702944, 437444628]] [1115596497.6, [10847.599999999999, 1386502, 22167600, 9830, 22167600, 87064582]] [309118103890.8014, [3553845.675000043, 383626383, 6138012243, 5340891, 6138012243, 21131037915]] [11911036523.076923, [116288.61538461514, 14813420, 236848320, 329428, 225408192, 758758419]]
Model_cost: [17519946519.16, [533.0120833333333, 22447809, 359126200, 1456961, 49400505, 211234]] [4278774852.0, [3786.0, 5333103, 85328676, 86895, 77870628, 4866975]] [314765880.0, [12.5, 390450, 6247200, 13170, 6247200, 390410]] [5324282951.0, [1270.65625, 6635394, 106002464, 38794, 103509152, 1846382172]] [854273730.6666666, [96.77777777777777, 1085830, 17356848, 14150, 7943408, 476720]] [308775218110.8, [629.5500000000001, 383626383, 6138012243, 5340891, 6137123727, 383570187]] [1429882634.4153848, [56.941826923076924, 1783660, 28517760, 44948, 25506688, 1579987]]
Arch_Param: [32, 4096, 32768, 16, 256, 128]
SK_cost: [20406760246.239998, [199904.02333333332, 25429697, 406836408, 451617, 364399800, 1346637217]] [4298222628.0, [50991.0, 5333103, 85328676, 86895, 85328676, 283119471]] [315077960.0, [3263.333333333285, 390450, 6247200, 13170, 6247200, 12492810]] [5721408264.0, [55755.33333333302, 7106434, 113702944, 38794, 113702944, 437444628]] [1115596497.6, [10847.599999999999, 1386502, 22167600, 9830, 22167600, 87064582]] [309118103890.8014, [3553845.675000043, 383626383, 6138012243, 5340891, 6138012243, 21131037915]] [11911036523.076923, [116288.61538461514, 14813420, 236848320, 329428, 225408192, 758758419]]
Model_cost: [17458602674.36, [531.9620833333333, 22447809, 359126200, 498465, 49400505, 3066402]] [4278774852.0, [3786.0, 5333103, 85328676, 86895, 77870628, 4866975]] [314765880.0, [12.5, 390450, 6247200, 13170, 6247200, 390410]] [5324282951.0, [1270.65625, 6635394, 106002464, 38794, 103509152, 1846382172]] [853852920.0, [96.0, 1085830, 17356848, 9830, 7871280, 486198]] [308775218110.8, [629.5500000000001, 383626383, 6138012243, 5340891, 6137123727, 383570187]] [1429710564.6153846, [56.54807692307692, 1783660, 28517760, 42260, 25506688, 1593427]]
Arch_Param: [32, 4096, 32768, 16, 256, 256]
SK_cost: [20406760246.239998, [199904.02333333332, 25429697, 406836408, 451617, 364399800, 1346637217]] [4298222628.0, [50991.0, 5333103, 85328676, 86895, 85328676, 283119471]] [315077960.0, [3263.333333333285, 390450, 6247200, 13170, 6247200, 12492810]] [5721408264.0, [55755.33333333302, 7106434, 113702944, 38794, 113702944, 437444628]] [1115596497.6, [10847.599999999999, 1386502, 22167600, 9830, 22167600, 87064582]] [309118103890.8014, [3553845.675000043, 383626383, 6138012243, 5340891, 6138012243, 21131037915]] [11911036523.076923, [116288.61538461514, 14813420, 236848320, 329428, 225408192, 758758419]]
Model_cost: [17458602674.36, [531.9620833333333, 22447809, 359126200, 498465, 49400505, 3066402]] [4278774852.0, [3786.0, 5333103, 85328676, 86895, 77870628, 4866975]] [314765880.0, [12.5, 390450, 6247200, 13170, 6247200, 390410]] [5324282951.0, [1270.65625, 6635394, 106002464, 38794, 103509152, 1846382172]] [853714936.0, [96.0, 1085830, 17356848, 9830, 7802288, 484766]] [308775218110.8, [629.5500000000001, 383626383, 6138012243, 5340891, 6137123727, 383570187]] [1429710564.6153846, [56.54807692307692, 1783660, 28517760, 42260, 25506688, 1593427]]
Arch_Param: [32, 4096, 32768, 16, 512, 64]
SK_cost: [20355900034.239998, [199904.02333333332, 12715108, 406836408, 451588, 364399800, 1346637217]] [4287556644.0, [50991.0, 2666607, 85328676, 86895, 85328676, 283119471]] [314295800.0, [3263.333333333285, 195230, 6247200, 13150, 6247200, 12492810]] [5707191576.0, [55755.33333333302, 3553222, 113702944, 38734, 113702944, 437444628]] [1112827601.6, [10847.599999999999, 694278, 22167600, 9830, 22167600, 87064582]] [308350852978.8014, [3553845.675000043, 191813655, 6138012243, 5340891, 6138012243, 21131037915]] [11881402131.076923, [116288.61538461514, 7406710, 236848320, 329310, 225408192, 758758419]]
Model_cost: [17475050083.16, [533.0120833333333, 11224164, 359126200, 1456932, 49400505, 203042]] [4268108868.0, [3786.0, 2666607, 85328676, 86895, 77870628, 2433543]] [313983720.0, [12.5, 195230, 6247200, 13150, 6247200, 195210]] [5311049303.0, [1270.65625, 3327942, 106002464, 38734, 103509152, 1846183736]] [852106178.6666666, [96.77777777777777, 543942, 17356848, 14150, 7943408, 239152]] [308007967198.8, [629.5500000000001, 191813655, 6138012243, 5340891, 6137123727, 191785179]] [1426307762.4153848, [56.941826923076924, 891830, 28517760, 44830, 25506688, 790995]]
Arch_Param: [32, 4096, 32768, 16, 512, 128]
SK_cost: [20355900034.239998, [199904.02333333332, 12715108, 406836408, 451588, 364399800, 1346637217]] [4287556644.0, [50991.0, 2666607, 85328676, 86895, 85328676, 283119471]] [314295800.0, [3263.333333333285, 195230, 6247200, 13150, 6247200, 12492810]] [5707191576.0, [55755.33333333302, 3553222, 113702944, 38734, 113702944, 437444628]] [1112827601.6, [10847.599999999999, 694278, 22167600, 9830, 22167600, 87064582]] [308350852978.8014, [3553845.675000043, 191813655, 6138012243, 5340891, 6138012243, 21131037915]] [11881402131.076923, [116288.61538461514, 7406710, 236848320, 329310, 225408192, 758758419]]
Model_cost: [17413706238.36, [531.9620833333333, 11224164, 359126200, 498436, 49400505, 1534498]] [4268108868.0, [3786.0, 2666607, 85328676, 86895, 77870628, 2433543]] [313983720.0, [12.5, 195230, 6247200, 13150, 6247200, 195210]] [5311049303.0, [1270.65625, 3327942, 106002464, 38734, 103509152, 1846183736]] [851685368.0, [96.0, 543942, 17356848, 9830, 7871280, 243358]] [308007967198.8, [629.5500000000001, 191813655, 6138012243, 5340891, 6137123727, 191785179]] [1426135692.6153846, [56.54807692307692, 891830, 28517760, 42142, 25506688, 796755]]
Arch_Param: [32, 4096, 32768, 16, 512, 256]
SK_cost: [20355900034.239998, [199904.02333333332, 12715108, 406836408, 451588, 364399800, 1346637217]] [4287556644.0, [50991.0, 2666607, 85328676, 86895, 85328676, 283119471]] [314295800.0, [3263.333333333285, 195230, 6247200, 13150, 6247200, 12492810]] [5707191576.0, [55755.33333333302, 3553222, 113702944, 38734, 113702944, 437444628]] [1112827601.6, [10847.599999999999, 694278, 22167600, 9830, 22167600, 87064582]] [308350852978.8014, [3553845.675000043, 191813655, 6138012243, 5340891, 6138012243, 21131037915]] [11881402131.076923, [116288.61538461514, 7406710, 236848320, 329310, 225408192, 758758419]]
Model_cost: [17413706238.36, [531.9620833333333, 11224164, 359126200, 498436, 49400505, 1534498]] [4268108868.0, [3786.0, 2666607, 85328676, 86895, 77870628, 2433543]] [313983720.0, [12.5, 195230, 6247200, 13150, 6247200, 195210]] [5311049303.0, [1270.65625, 3327942, 106002464, 38734, 103509152, 1846183736]] [851547384.0, [96.0, 543942, 17356848, 9830, 7802288, 242514]] [308007967198.8, [629.5500000000001, 191813655, 6138012243, 5340891, 6137123727, 191785179]] [1426135692.6153846, [56.54807692307692, 891830, 28517760, 42142, 25506688, 796755]]
Arch_Param: [32, 4096, 32768, 16, 512, 512]
SK_cost: [20355900034.239998, [199904.02333333332, 12715108, 406836408, 451588, 364399800, 1346637217]] [4287556644.0, [50991.0, 2666607, 85328676, 86895, 85328676, 283119471]] [314295800.0, [3263.333333333285, 195230, 6247200, 13150, 6247200, 12492810]] [5707191576.0, [55755.33333333302, 3553222, 113702944, 38734, 113702944, 437444628]] [1112827601.6, [10847.599999999999, 694278, 22167600, 9830, 22167600, 87064582]] [308350852978.8014, [3553845.675000043, 191813655, 6138012243, 5340891, 6138012243, 21131037915]] [11881402131.076923, [116288.61538461514, 7406710, 236848320, 329310, 225408192, 758758419]]
Model_cost: [17413091703.36, [530.5558333333333, 11224164, 359126200, 488836, 49400505, 1540898]] [4268108868.0, [3786.0, 2666607, 85328676, 86895, 77870628, 2433543]] [313983720.0, [12.5, 195230, 6247200, 13150, 6247200, 195210]] [5311049303.0, [1270.65625, 3327942, 106002464, 38734, 103509152, 1846183736]] [851478296.0, [95.0, 543942, 17356848, 9830, 7767792, 242092]] [308007967198.8, [629.5500000000001, 191813655, 6138012243, 5340891, 6137123727, 191785179]] [1426135692.6153846, [56.54807692307692, 891830, 28517760, 42142, 25506688, 796755]]
Arch_Param: [32, 4096, 32768, 16, 1024, 64]
SK_cost: [20330483126.239998, [199904.02333333332, 6360929, 406836408, 451585, 364399800, 1346637217]] [4282223652.0, [50991.0, 1333359, 85328676, 86895, 85328676, 283119471]] [313930320.0, [3263.333333333285, 104020, 6247200, 13140, 6247200, 12492810]] [5700108832.0, [55755.33333333302, 1783016, 113702944, 38704, 113702944, 437444628]] [1111443153.6, [10847.599999999999, 348166, 22167600, 9830, 22167600, 87064582]] [307967227522.8014, [3553845.675000043, 95907291, 6138012243, 5340891, 6138012243, 21131037915]] [11866610535.076923, [116288.61538461514, 3709755, 236848320, 329251, 225408192, 758758419]]
Model_cost: [17452615063.16, [533.0120833333333, 5615457, 359126200, 1456929, 49400505, 198946]] [4262775876.0, [3786.0, 1333359, 85328676, 86895, 77870628, 1216827]] [313618255.0, [12.65625, 104020, 6247200, 13140, 6247200, 27210]] [5304458094.0, [1270.8125, 1680616, 106002464, 38704, 103509152, 1846014118]] [851025090.6666666, [96.77777777777777, 273670, 17356848, 14150, 7943408, 120368]] [307624341742.8, [629.5500000000001, 95907291, 6138012243, 5340891, 6137123727, 95892675]] [1424523526.4153848, [56.941826923076924, 446715, 28517760, 44771, 25506688, 396499]]
Arch_Param: [32, 4096, 32768, 16, 1024, 128]
SK_cost: [20330483126.239998, [199904.02333333332, 6360929, 406836408, 451585, 364399800, 1346637217]] [4282223652.0, [50991.0, 1333359, 85328676, 86895, 85328676, 283119471]] [313930320.0, [3263.333333333285, 104020, 6247200, 13140, 6247200, 12492810]] [5700108832.0, [55755.33333333302, 1783016, 113702944, 38704, 113702944, 437444628]] [1111443153.6, [10847.599999999999, 348166, 22167600, 9830, 22167600, 87064582]] [307967227522.8014, [3553845.675000043, 95907291, 6138012243, 5340891, 6138012243, 21131037915]] [11866610535.076923, [116288.61538461514, 3709755, 236848320, 329251, 225408192, 758758419]]
Model_cost: [17391271218.36, [531.9620833333333, 5615457, 359126200, 498433, 49400505, 768546]] [4262775876.0, [3786.0, 1333359, 85328676, 86895, 77870628, 1216827]] [313618255.0, [12.65625, 104020, 6247200, 13140, 6247200, 27210]] [5304458094.0, [1270.8125, 1680616, 106002464, 38704, 103509152, 1846014118]] [850601592.0, [96.0, 272998, 17356848, 9830, 7871280, 121938]] [307624341742.8, [629.5500000000001, 95907291, 6138012243, 5340891, 6137123727, 95892675]] [1424351456.6153846, [56.54807692307692, 446715, 28517760, 42083, 25506688, 398419]]
Arch_Param: [32, 4096, 32768, 16, 1024, 256]
SK_cost: [20330483126.239998, [199904.02333333332, 6360929, 406836408, 451585, 364399800, 1346637217]] [4282223652.0, [50991.0, 1333359, 85328676, 86895, 85328676, 283119471]] [313930320.0, [3263.333333333285, 104020, 6247200, 13140, 6247200, 12492810]] [5700108832.0, [55755.33333333302, 1783016, 113702944, 38704, 113702944, 437444628]] [1111443153.6, [10847.599999999999, 348166, 22167600, 9830, 22167600, 87064582]] [307967227522.8014, [3553845.675000043, 95907291, 6138012243, 5340891, 6138012243, 21131037915]] [11866610535.076923, [116288.61538461514, 3709755, 236848320, 329251, 225408192, 758758419]]
Model_cost: [17391271218.36, [531.9620833333333, 5615457, 359126200, 498433, 49400505, 768546]] [4262775876.0, [3786.0, 1333359, 85328676, 86895, 77870628, 1216827]] [313618255.0, [12.65625, 104020, 6247200, 13140, 6247200, 27210]] [5304458094.0, [1270.8125, 1680616, 106002464, 38704, 103509152, 1846014118]] [850463608.0, [96.0, 272998, 17356848, 9830, 7802288, 121388]] [307624341742.8, [629.5500000000001, 95907291, 6138012243, 5340891, 6137123727, 95892675]] [1424351456.6153846, [56.54807692307692, 446715, 28517760, 42083, 25506688, 398419]]
Arch_Param: [32, 4096, 32768, 16, 1024, 512]
SK_cost: [20330483126.239998, [199904.02333333332, 6360929, 406836408, 451585, 364399800, 1346637217]] [4282223652.0, [50991.0, 1333359, 85328676, 86895, 85328676, 283119471]] [313930320.0, [3263.333333333285, 104020, 6247200, 13140, 6247200, 12492810]] [5700108832.0, [55755.33333333302, 1783016, 113702944, 38704, 113702944, 437444628]] [1111443153.6, [10847.599999999999, 348166, 22167600, 9830, 22167600, 87064582]] [307967227522.8014, [3553845.675000043, 95907291, 6138012243, 5340891, 6138012243, 21131037915]] [11866610535.076923, [116288.61538461514, 3709755, 236848320, 329251, 225408192, 758758419]]
Model_cost: [17390656683.36, [530.5558333333333, 5615457, 359126200, 488833, 49400505, 770786]] [4262775876.0, [3786.0, 1333359, 85328676, 86895, 77870628, 1216827]] [313618255.0, [12.65625, 104020, 6247200, 13140, 6247200, 27210]] [5304458094.0, [1270.8125, 1680616, 106002464, 38704, 103509152, 1846014118]] [850394520.0, [95.0, 272998, 17356848, 9830, 7767792, 121113]] [307624341742.8, [629.5500000000001, 95907291, 6138012243, 5340891, 6137123727, 95892675]] [1424351456.6153846, [56.54807692307692, 446715, 28517760, 42083, 25506688, 398419]]
Arch_Param: [32, 4096, 32768, 32, 256, 64]
SK_cost: [11619010010.08, [113703.06333333332, 14471873, 231526584, 254913, 210308280, 767184289]] [4298222628.0, [50991.0, 5333103, 85328676, 86895, 85328676, 283119471]] [315077960.0, [3263.333333333285, 390450, 6247200, 13170, 6247200, 12492810]] [5721408264.0, [55755.33333333302, 7106434, 113702944, 38794, 113702944, 437444628]] [557799940.8, [5426.799999999999, 693254, 11083824, 4918, 11083824, 43532294]] [309118103890.8014, [3553845.675000043, 383626383, 6138012243, 5340891, 6138012243, 21131037915]] [10866842416.0, [105784.00000000015, 13498604, 215891136, 256724, 211743936, 711998483]]
Model_cost: [9972394083.32, [312.47208333333333, 12767937, 204263608, 278721, 49400505, 3066402]] [4278774852.0, [3786.0, 5333103, 85328676, 86895, 77870628, 4866975]] [314765880.0, [12.5, 390450, 6247200, 13170, 6247200, 390410]] [5324282951.0, [1270.65625, 6635394, 106002464, 38794, 103509152, 1846382172]] [434782909.3333333, [51.388888888888886, 542918, 8678448, 5542, 7843056, 483888]] [308775218110.8, [629.5500000000001, 383626383, 6138012243, 5340891, 6137123727, 383570187]] [1324862372.0, [47.875, 1647980, 26356864, 33172, 25506688, 1593427]]
Arch_Param: [32, 4096, 32768, 32, 256, 128]
SK_cost: [11619010010.08, [113703.06333333332, 14471873, 231526584, 254913, 210308280, 767184289]] [4298222628.0, [50991.0, 5333103, 85328676, 86895, 85328676, 283119471]] [315077960.0, [3263.333333333285, 390450, 6247200, 13170, 6247200, 12492810]] [5721408264.0, [55755.33333333302, 7106434, 113702944, 38794, 113702944, 437444628]] [557799940.8, [5426.799999999999, 693254, 11083824, 4918, 11083824, 43532294]] [309118103890.8014, [3553845.675000043, 383626383, 6138012243, 5340891, 6138012243, 21131037915]] [10866842416.0, [105784.00000000015, 13498604, 215891136, 256724, 211743936, 711998483]]
Model_cost: [9972394083.32, [312.47208333333333, 12767937, 204263608, 278721, 49400505, 3066402]] [4278774852.0, [3786.0, 5333103, 85328676, 86895, 77870628, 4866975]] [314765880.0, [12.5, 390450, 6247200, 13170, 6247200, 390410]] [5324282951.0, [1270.65625, 6635394, 106002464, 38794, 103509152, 1846382172]] [434661400.0, [51.0, 542918, 8678448, 4918, 7802288, 484766]] [308775218110.8, [629.5500000000001, 383626383, 6138012243, 5340891, 6137123727, 383570187]] [1324862372.0, [47.875, 1647980, 26356864, 33172, 25506688, 1593427]]
Arch_Param: [32, 4096, 32768, 32, 256, 256]
SK_cost: [11619010010.08, [113703.06333333332, 14471873, 231526584, 254913, 210308280, 767184289]] [4298222628.0, [50991.0, 5333103, 85328676, 86895, 85328676, 283119471]] [315077960.0, [3263.333333333285, 390450, 6247200, 13170, 6247200, 12492810]] [5721408264.0, [55755.33333333302, 7106434, 113702944, 38794, 113702944, 437444628]] [557799940.8, [5426.799999999999, 693254, 11083824, 4918, 11083824, 43532294]] [309118103890.8014, [3553845.675000043, 383626383, 6138012243, 5340891, 6138012243, 21131037915]] [10866842416.0, [105784.00000000015, 13498604, 215891136, 256724, 211743936, 711998483]]
Model_cost: [9972074525.119999, [311.74083333333334, 12767937, 204263608, 273729, 49400505, 3081122]] [4278774852.0, [3786.0, 5333103, 85328676, 86895, 77870628, 4866975]] [314765880.0, [12.5, 390450, 6247200, 13170, 6247200, 390410]] [5324282951.0, [1270.65625, 6635394, 106002464, 38794, 103509152, 1846382172]] [434592408.0, [51.0, 542918, 8678448, 4918, 7767792, 484050]] [308775218110.8, [629.5500000000001, 383626383, 6138012243, 5340891, 6137123727, 383570187]] [1324862372.0, [47.875, 1647980, 26356864, 33172, 25506688, 1593427]]
Arch_Param: [32, 4096, 32768, 32, 512, 64]
SK_cost: [11590065446.08, [113703.06333333332, 7236196, 231526584, 254884, 210308280, 767184289]] [4287556644.0, [50991.0, 2666607, 85328676, 86895, 85328676, 283119471]] [314295800.0, [3263.333333333285, 195230, 6247200, 13150, 6247200, 12492810]] [5707191576.0, [55755.33333333302, 3553222, 113702944, 38734, 113702944, 437444628]] [556415492.8, [5426.799999999999, 347142, 11083824, 4918, 11083824, 43532294]] [308350852978.8014, [3553845.675000043, 191813655, 6138012243, 5340891, 6138012243, 21131037915]] [10839837656.0, [105784.00000000015, 6749302, 215891136, 256606, 211743936, 711998483]]
Model_cost: [9946857391.32, [312.47208333333333, 6384228, 204263608, 278692, 49400505, 1534498]] [4268108868.0, [3786.0, 2666607, 85328676, 86895, 77870628, 2433543]] [313983720.0, [12.5, 195230, 6247200, 13150, 6247200, 195210]] [5311049303.0, [1270.65625, 3327942, 106002464, 38734, 103509152, 1846183736]] [433699133.3333333, [51.388888888888886, 271974, 8678448, 5542, 7843056, 242224]] [308007967198.8, [629.5500000000001, 191813655, 6138012243, 5340891, 6137123727, 191785179]] [1321558860.0, [47.875, 823990, 26356864, 33054, 25506688, 796755]]
Arch_Param: [32, 4096, 32768, 32, 512, 128]
SK_cost: [11590065446.08, [113703.06333333332, 7236196, 231526584, 254884, 210308280, 767184289]] [4287556644.0, [50991.0, 2666607, 85328676, 86895, 85328676, 283119471]] [314295800.0, [3263.333333333285, 195230, 6247200, 13150, 6247200, 12492810]] [5707191576.0, [55755.33333333302, 3553222, 113702944, 38734, 113702944, 437444628]] [556415492.8, [5426.799999999999, 347142, 11083824, 4918, 11083824, 43532294]] [308350852978.8014, [3553845.675000043, 191813655, 6138012243, 5340891, 6138012243, 21131037915]] [10839837656.0, [105784.00000000015, 6749302, 215891136, 256606, 211743936, 711998483]]
Model_cost: [9946857391.32, [312.47208333333333, 6384228, 204263608, 278692, 49400505, 1534498]] [4268108868.0, [3786.0, 2666607, 85328676, 86895, 77870628, 2433543]] [313983720.0, [12.5, 195230, 6247200, 13150, 6247200, 195210]] [5311049303.0, [1270.65625, 3327942, 106002464, 38734, 103509152, 1846183736]] [433577624.0, [51.0, 271974, 8678448, 4918, 7802288, 242514]] [308007967198.8, [629.5500000000001, 191813655, 6138012243, 5340891, 6137123727, 191785179]] [1321558860.0, [47.875, 823990, 26356864, 33054, 25506688, 796755]]
Arch_Param: [32, 4096, 32768, 32, 512, 256]
SK_cost: [11590065446.08, [113703.06333333332, 7236196, 231526584, 254884, 210308280, 767184289]] [4287556644.0, [50991.0, 2666607, 85328676, 86895, 85328676, 283119471]] [314295800.0, [3263.333333333285, 195230, 6247200, 13150, 6247200, 12492810]] [5707191576.0, [55755.33333333302, 3553222, 113702944, 38734, 113702944, 437444628]] [556415492.8, [5426.799999999999, 347142, 11083824, 4918, 11083824, 43532294]] [308350852978.8014, [3553845.675000043, 191813655, 6138012243, 5340891, 6138012243, 21131037915]] [10839837656.0, [105784.00000000015, 6749302, 215891136, 256606, 211743936, 711998483]]
Model_cost: [9946537833.119999, [311.74083333333334, 6384228, 204263608, 273700, 49400505, 1540898]] [4268108868.0, [3786.0, 2666607, 85328676, 86895, 77870628, 2433543]] [313983720.0, [12.5, 195230, 6247200, 13150, 6247200, 195210]] [5311049303.0, [1270.65625, 3327942, 106002464, 38734, 103509152, 1846183736]] [433508632.0, [51.0, 271974, 8678448, 4918, 7767792, 242092]] [308007967198.8, [629.5500000000001, 191813655, 6138012243, 5340891, 6137123727, 191785179]] [1321558860.0, [47.875, 823990, 26356864, 33054, 25506688, 796755]]
Arch_Param: [32, 4096, 32768, 32, 512, 512]
SK_cost: [11590065446.08, [113703.06333333332, 7236196, 231526584, 254884, 210308280, 767184289]] [4287556644.0, [50991.0, 2666607, 85328676, 86895, 85328676, 283119471]] [314295800.0, [3263.333333333285, 195230, 6247200, 13150, 6247200, 12492810]] [5707191576.0, [55755.33333333302, 3553222, 113702944, 38734, 113702944, 437444628]] [556415492.8, [5426.799999999999, 347142, 11083824, 4918, 11083824, 43532294]] [308350852978.8014, [3553845.675000043, 191813655, 6138012243, 5340891, 6138012243, 21131037915]] [10839837656.0, [105784.00000000015, 6749302, 215891136, 256606, 211743936, 711998483]]
Model_cost: [9946537833.119999, [311.74083333333334, 6384228, 204263608, 273700, 49400505, 1540898]] [4268108868.0, [3786.0, 2666607, 85328676, 86895, 77870628, 2433543]] [313983720.0, [12.5, 195230, 6247200, 13150, 6247200, 195210]] [5311049303.0, [1270.65625, 3327942, 106002464, 38734, 103509152, 1846183736]] [433508632.0, [51.0, 271974, 8678448, 4918, 7767792, 242092]] [308007967198.8, [629.5500000000001, 191813655, 6138012243, 5340891, 6137123727, 191785179]] [1321558860.0, [47.875, 823990, 26356864, 33054, 25506688, 796755]]
Arch_Param: [32, 4096, 32768, 32, 1024, 64]
SK_cost: [11575600218.08, [113703.06333333332, 3619937, 231526584, 254881, 210308280, 767184289]] [4282223652.0, [50991.0, 1333359, 85328676, 86895, 85328676, 283119471]] [313930320.0, [3263.333333333285, 104020, 6247200, 13140, 6247200, 12492810]] [5700108832.0, [55755.33333333302, 1783016, 113702944, 38704, 113702944, 437444628]] [555723268.8, [5426.799999999999, 174086, 11083824, 4918, 11083824, 43532294]] [307967227522.8014, [3553845.675000043, 95907291, 6138012243, 5340891, 6138012243, 21131037915]] [10826348588.0, [105784.00000000015, 3377979, 215891136, 256547, 211743936, 711998483]]
Model_cost: [9934096099.32, [312.47208333333333, 3193953, 204263608, 278689, 49400505, 768546]] [4262775876.0, [3786.0, 1333359, 85328676, 86895, 77870628, 1216827]] [313618255.0, [12.65625, 104020, 6247200, 13140, 6247200, 27210]] [5304458094.0, [1270.8125, 1680616, 106002464, 38704, 103509152, 1846014118]] [433158589.3333333, [51.388888888888886, 136838, 8678448, 5542, 7843056, 121392]] [307624341742.8, [629.5500000000001, 95907291, 6138012243, 5340891, 6137123727, 95892675]] [1319908768.0, [47.875, 412411, 26356864, 32995, 25506688, 398419]]
Arch_Param: [32, 4096, 32768, 32, 1024, 128]
SK_cost: [11575600218.08, [113703.06333333332, 3619937, 231526584, 254881, 210308280, 767184289]] [4282223652.0, [50991.0, 1333359, 85328676, 86895, 85328676, 283119471]] [313930320.0, [3263.333333333285, 104020, 6247200, 13140, 6247200, 12492810]] [5700108832.0, [55755.33333333302, 1783016, 113702944, 38704, 113702944, 437444628]] [555723268.8, [5426.799999999999, 174086, 11083824, 4918, 11083824, 43532294]] [307967227522.8014, [3553845.675000043, 95907291, 6138012243, 5340891, 6138012243, 21131037915]] [10826348588.0, [105784.00000000015, 3377979, 215891136, 256547, 211743936, 711998483]]
Model_cost: [9934096099.32, [312.47208333333333, 3193953, 204263608, 278689, 49400505, 768546]] [4262775876.0, [3786.0, 1333359, 85328676, 86895, 77870628, 1216827]] [313618255.0, [12.65625, 104020, 6247200, 13140, 6247200, 27210]] [5304458094.0, [1270.8125, 1680616, 106002464, 38704, 103509152, 1846014118]] [433035736.0, [51.0, 136502, 8678448, 4918, 7802288, 121388]] [307624341742.8, [629.5500000000001, 95907291, 6138012243, 5340891, 6137123727, 95892675]] [1319908768.0, [47.875, 412411, 26356864, 32995, 25506688, 398419]]
Arch_Param: [32, 4096, 32768, 32, 1024, 256]
SK_cost: [11575600218.08, [113703.06333333332, 3619937, 231526584, 254881, 210308280, 767184289]] [4282223652.0, [50991.0, 1333359, 85328676, 86895, 85328676, 283119471]] [313930320.0, [3263.333333333285, 104020, 6247200, 13140, 6247200, 12492810]] [5700108832.0, [55755.33333333302, 1783016, 113702944, 38704, 113702944, 437444628]] [555723268.8, [5426.799999999999, 174086, 11083824, 4918, 11083824, 43532294]] [307967227522.8014, [3553845.675000043, 95907291, 6138012243, 5340891, 6138012243, 21131037915]] [10826348588.0, [105784.00000000015, 3377979, 215891136, 256547, 211743936, 711998483]]
Model_cost: [9933776541.119999, [311.74083333333334, 3193953, 204263608, 273697, 49400505, 770786]] [4262775876.0, [3786.0, 1333359, 85328676, 86895, 77870628, 1216827]] [313618255.0, [12.65625, 104020, 6247200, 13140, 6247200, 27210]] [5304458094.0, [1270.8125, 1680616, 106002464, 38704, 103509152, 1846014118]] [432966744.0, [51.0, 136502, 8678448, 4918, 7767792, 121113]] [307624341742.8, [629.5500000000001, 95907291, 6138012243, 5340891, 6137123727, 95892675]] [1319908768.0, [47.875, 412411, 26356864, 32995, 25506688, 398419]]
Arch_Param: [32, 4096, 32768, 32, 1024, 512]
SK_cost: [11575600218.08, [113703.06333333332, 3619937, 231526584, 254881, 210308280, 767184289]] [4282223652.0, [50991.0, 1333359, 85328676, 86895, 85328676, 283119471]] [313930320.0, [3263.333333333285, 104020, 6247200, 13140, 6247200, 12492810]] [5700108832.0, [55755.33333333302, 1783016, 113702944, 38704, 113702944, 437444628]] [555723268.8, [5426.799999999999, 174086, 11083824, 4918, 11083824, 43532294]] [307967227522.8014, [3553845.675000043, 95907291, 6138012243, 5340891, 6138012243, 21131037915]] [10826348588.0, [105784.00000000015, 3377979, 215891136, 256547, 211743936, 711998483]]
Model_cost: [9933776541.119999, [311.74083333333334, 3193953, 204263608, 273697, 49400505, 770786]] [4262775876.0, [3786.0, 1333359, 85328676, 86895, 77870628, 1216827]] [313618255.0, [12.65625, 104020, 6247200, 13140, 6247200, 27210]] [5304458094.0, [1270.8125, 1680616, 106002464, 38704, 103509152, 1846014118]] [432966744.0, [51.0, 136502, 8678448, 4918, 7767792, 121113]] [307624341742.8, [629.5500000000001, 95907291, 6138012243, 5340891, 6137123727, 95892675]] [1319908768.0, [47.875, 412411, 26356864, 32995, 25506688, 398419]]
Arch_Param: [32, 4096, 16384, 4, 256, 64]
SK_cost: [73235288944.97298, [1465968.6351351351, 91214401, 1459298552, 1634145, 1289391288, 4824681889]] [8248230948.0, [194415.0, 10223727, 163578660, 164463, 163185444, 545001327]] [315390280.0, [6516.66666666657, 390450, 6247200, 13170, 6247200, 12492810]] [5726775240.0, [111661.33333333023, 7106434, 113702944, 38794, 113702944, 437444628]] [4466617656.0, [87558.0, 5545990, 88670256, 39302, 88670256, 348258310]] [618888067477.2079, [14214137.700000172, 767215743, 12275433555, 10680855, 12275130963, 42260303067]] [20954412592.0, [425898.6666666666, 26148076, 417716928, 820436, 353006784, 1218624531]]
Model_cost: [62624461952.7027, [3646.1114864864867, 80564801, 1288904952, 5243969, 49400505, 211234]] [8059695780.0, [7899.0, 10223727, 163578660, 164463, 77870628, 4866975]] [314766120.0, [15.0, 390450, 6247200, 13170, 6247200, 390410]] [5324402054.0, [2511.3125, 6635394, 106002464, 38794, 103509152, 1846382172]] [3384163512.0, [726.0, 4343302, 69427248, 267526, 8545520, 34352]] [605247636445.1998, [1465.2000000000003, 767215743, 12275433555, 10680855, 6137123727, 383570187]] [2358989399.6, [220.41250000000002, 2983404, 47652928, 135636, 25506688, 1504979]]
Arch_Param: [32, 4096, 16384, 4, 256, 128]
SK_cost: [73235288944.97298, [1465968.6351351351, 91214401, 1459298552, 1634145, 1289391288, 4824681889]] [8248230948.0, [194415.0, 10223727, 163578660, 164463, 163185444, 545001327]] [315390280.0, [6516.66666666657, 390450, 6247200, 13170, 6247200, 12492810]] [5726775240.0, [111661.33333333023, 7106434, 113702944, 38794, 113702944, 437444628]] [4466617656.0, [87558.0, 5545990, 88670256, 39302, 88670256, 348258310]] [618888067477.2079, [14214137.700000172, 767215743, 12275433555, 10680855, 12275130963, 42260303067]] [20954412592.0, [425898.6666666666, 26148076, 417716928, 820436, 353006784, 1218624531]]
Model_cost: [62624461952.7027, [3646.1114864864867, 80564801, 1288904952, 5243969, 49400505, 211234]] [8059695780.0, [7899.0, 10223727, 163578660, 164463, 77870628, 4866975]] [314766120.0, [15.0, 390450, 6247200, 13170, 6247200, 390410]] [5324402054.0, [2511.3125, 6635394, 106002464, 38794, 103509152, 1846382172]] [3369823032.0, [726.0, 4343302, 69427248, 51590, 8285232, 487110]] [605247636445.1998, [1465.2000000000003, 767215743, 12275433555, 10680855, 6137123727, 383570187]] [2357555598.0, [218.3125, 2983404, 47652928, 113236, 25506688, 1579987]]
Arch_Param: [32, 4096, 16384, 4, 256, 256]
SK_cost: [73235288944.97298, [1465968.6351351351, 91214401, 1459298552, 1634145, 1289391288, 4824681889]] [8248230948.0, [194415.0, 10223727, 163578660, 164463, 163185444, 545001327]] [315390280.0, [6516.66666666657, 390450, 6247200, 13170, 6247200, 12492810]] [5726775240.0, [111661.33333333023, 7106434, 113702944, 38794, 113702944, 437444628]] [4466617656.0, [87558.0, 5545990, 88670256, 39302, 88670256, 348258310]] [618888067477.2079, [14214137.700000172, 767215743, 12275433555, 10680855, 12275130963, 42260303067]] [20954412592.0, [425898.6666666666, 26148076, 417716928, 820436, 353006784, 1218624531]]
Model_cost: [62623380320.7027, [3643.1114864864867, 80564801, 1288904952, 5206337, 50064057, 216034]] [8059695780.0, [7899.0, 10223727, 163578660, 164463, 77870628, 4866975]] [314766120.0, [15.0, 390450, 6247200, 13170, 6247200, 390410]] [5324402054.0, [2511.3125, 6635394, 106002464, 38794, 103509152, 1846382172]] [3368746040.0, [718.0, 4343302, 69427248, 39302, 8140336, 497254]] [605247636445.1998, [1465.2000000000003, 767215743, 12275433555, 10680855, 6137123727, 383570187]] [2357555598.0, [218.3125, 2983404, 47652928, 113236, 25506688, 1579987]]
Arch_Param: [32, 4096, 16384, 4, 512, 64]
SK_cost: [73052859324.97298, [1465968.6351351351, 45607460, 1459298552, 1634116, 1289391288, 4824681889]] [8227783716.0, [194415.0, 5111919, 163578660, 164463, 163185444, 545001327]] [314608120.0, [6516.66666666657, 195230, 6247200, 13150, 6247200, 12492810]] [5712558552.0, [111661.33333333023, 3553222, 113702944, 38734, 113702944, 437444628]] [4455542072.0, [87558.0, 2777094, 88670256, 39302, 88670256, 348258310]] [617353639381.2079, [14214137.700000172, 383608719, 12275433555, 10680855, 12275130963, 42260303067]] [20902108888.0, [425898.6666666666, 13074038, 417716928, 820318, 353006784, 1218624531]]
Model_cost: [62463331532.7027, [3646.1114864864867, 40282660, 1288904952, 5243940, 49400505, 203042]] [8039248548.0, [7899.0, 5111919, 163578660, 164463, 77870628, 2433543]] [313983960.0, [15.0, 195230, 6247200, 13150, 6247200, 195210]] [5311168406.0, [2511.3125, 3327942, 106002464, 38734, 103509152, 1846183736]] [3375493304.0, [726.0, 2175750, 69427248, 267526, 8545520, 34352]] [603713208349.1998, [1465.2000000000003, 383608719, 12275433555, 10680855, 6137123727, 191785179]] [2353015039.6, [220.41250000000002, 1491702, 47652928, 135518, 25506688, 756947]]
Arch_Param: [32, 4096, 16384, 4, 512, 128]
SK_cost: [73052859324.97298, [1465968.6351351351, 45607460, 1459298552, 1634116, 1289391288, 4824681889]] [8227783716.0, [194415.0, 5111919, 163578660, 164463, 163185444, 545001327]] [314608120.0, [6516.66666666657, 195230, 6247200, 13150, 6247200, 12492810]] [5712558552.0, [111661.33333333023, 3553222, 113702944, 38734, 113702944, 437444628]] [4455542072.0, [87558.0, 2777094, 88670256, 39302, 88670256, 348258310]] [617353639381.2079, [14214137.700000172, 383608719, 12275433555, 10680855, 12275130963, 42260303067]] [20902108888.0, [425898.6666666666, 13074038, 417716928, 820318, 353006784, 1218624531]]
Model_cost: [62463331532.7027, [3646.1114864864867, 40282660, 1288904952, 5243940, 49400505, 203042]] [8039248548.0, [7899.0, 5111919, 163578660, 164463, 77870628, 2433543]] [313983960.0, [15.0, 195230, 6247200, 13150, 6247200, 195210]] [5311168406.0, [2511.3125, 3327942, 106002464, 38734, 103509152, 1846183736]] [3361152824.0, [726.0, 2175750, 69427248, 51590, 8285232, 244838]] [603713208349.1998, [1465.2000000000003, 383608719, 12275433555, 10680855, 6137123727, 191785179]] [2351581238.0, [218.3125, 1491702, 47652928, 113118, 25506688, 790995]]
Arch_Param: [32, 4096, 16384, 4, 512, 256]
SK_cost: [73052859324.97298, [1465968.6351351351, 45607460, 1459298552, 1634116, 1289391288, 4824681889]] [8227783716.0, [194415.0, 5111919, 163578660, 164463, 163185444, 545001327]] [314608120.0, [6516.66666666657, 195230, 6247200, 13150, 6247200, 12492810]] [5712558552.0, [111661.33333333023, 3553222, 113702944, 38734, 113702944, 437444628]] [4455542072.0, [87558.0, 2777094, 88670256, 39302, 88670256, 348258310]] [617353639381.2079, [14214137.700000172, 383608719, 12275433555, 10680855, 12275130963, 42260303067]] [20902108888.0, [425898.6666666666, 13074038, 417716928, 820318, 353006784, 1218624531]]
Model_cost: [62462249900.7027, [3643.1114864864867, 40282660, 1288904952, 5206308, 50064057, 207842]] [8039248548.0, [7899.0, 5111919, 163578660, 164463, 77870628, 2433543]] [313983960.0, [15.0, 195230, 6247200, 13150, 6247200, 195210]] [5311168406.0, [2511.3125, 3327942, 106002464, 38734, 103509152, 1846183736]] [3360075832.0, [718.0, 2175750, 69427248, 39302, 8140336, 249142]] [603713208349.1998, [1465.2000000000003, 383608719, 12275433555, 10680855, 6137123727, 191785179]] [2351581238.0, [218.3125, 1491702, 47652928, 113118, 25506688, 790995]]
Arch_Param: [32, 4096, 16384, 4, 512, 512]
SK_cost: [73052859324.97298, [1465968.6351351351, 45607460, 1459298552, 1634116, 1289391288, 4824681889]] [8227783716.0, [194415.0, 5111919, 163578660, 164463, 163185444, 545001327]] [314608120.0, [6516.66666666657, 195230, 6247200, 13150, 6247200, 12492810]] [5712558552.0, [111661.33333333023, 3553222, 113702944, 38734, 113702944, 437444628]] [4455542072.0, [87558.0, 2777094, 88670256, 39302, 88670256, 348258310]] [617353639381.2079, [14214137.700000172, 383608719, 12275433555, 10680855, 12275130963, 42260303067]] [20902108888.0, [425898.6666666666, 13074038, 417716928, 820318, 353006784, 1218624531]]
Model_cost: [62243164380.7027, [3635.6114864864867, 40282660, 1288904952, 1783108, 50064057, 1539298]] [8039248548.0, [7899.0, 5111919, 163578660, 164463, 77870628, 2433543]] [313983960.0, [15.0, 195230, 6247200, 13150, 6247200, 195210]] [5311168406.0, [2511.3125, 3327942, 106002464, 38734, 103509152, 1846183736]] [3359537336.0, [714.0, 2175750, 69427248, 39302, 7871280, 243358]] [603713208349.1998, [1465.2000000000003, 383608719, 12275433555, 10680855, 6137123727, 191785179]] [2350966568.0, [215.5, 1491702, 47652928, 103518, 25506688, 796755]]
Arch_Param: [32, 4096, 16384, 4, 1024, 64]
SK_cost: [72961694960.97298, [1465968.6351351351, 22816417, 1459298552, 1634113, 1289391288, 4824681889]] [8217560100.0, [194415.0, 2556015, 163578660, 164463, 163185444, 545001327]] [314242640.0, [6516.66666666657, 104020, 6247200, 13140, 6247200, 12492810]] [5705475808.0, [111661.33333333023, 1783016, 113702944, 38704, 113702944, 437444628]] [4450004280.0, [87558.0, 1392646, 88670256, 39302, 88670256, 348258310]] [616586425333.2079, [14214137.700000172, 191805207, 12275433555, 10680855, 12275130963, 42260303067]] [20876057388.0, [425898.6666666666, 6562107, 417716928, 820259, 353006784, 1218624531]]
Model_cost: [62382816768.7027, [3646.1114864864867, 20154017, 1288904952, 5243937, 49400505, 198946]] [8029024932.0, [7899.0, 2556015, 163578660, 164463, 77870628, 1216827]] [313618510.0, [15.3125, 104020, 6247200, 13140, 6247200, 27210]] [5304577212.0, [2511.625, 1680616, 106002464, 38704, 103509152, 1846014118]] [3371168952.0, [726.0, 1094662, 69427248, 267526, 8545520, 34352]] [602945994301.1998, [1465.2000000000003, 191805207, 12275433555, 10680855, 6137123727, 95892675]] [2350040403.6, [220.41250000000002, 748987, 47652928, 135459, 25506688, 382931]]
Arch_Param: [32, 4096, 16384, 4, 1024, 128]
SK_cost: [72961694960.97298, [1465968.6351351351, 22816417, 1459298552, 1634113, 1289391288, 4824681889]] [8217560100.0, [194415.0, 2556015, 163578660, 164463, 163185444, 545001327]] [314242640.0, [6516.66666666657, 104020, 6247200, 13140, 6247200, 12492810]] [5705475808.0, [111661.33333333023, 1783016, 113702944, 38704, 113702944, 437444628]] [4450004280.0, [87558.0, 1392646, 88670256, 39302, 88670256, 348258310]] [616586425333.2079, [14214137.700000172, 191805207, 12275433555, 10680855, 12275130963, 42260303067]] [20876057388.0, [425898.6666666666, 6562107, 417716928, 820259, 353006784, 1218624531]]
Model_cost: [62382816768.7027, [3646.1114864864867, 20154017, 1288904952, 5243937, 49400505, 198946]] [8029024932.0, [7899.0, 2556015, 163578660, 164463, 77870628, 1216827]] [313618510.0, [15.3125, 104020, 6247200, 13140, 6247200, 27210]] [5304577212.0, [2511.625, 1680616, 106002464, 38704, 103509152, 1846014118]] [3356817720.0, [726.0, 1091974, 69427248, 51590, 8285232, 123702]] [602945994301.1998, [1465.2000000000003, 191805207, 12275433555, 10680855, 6137123727, 95892675]] [2348606602.0, [218.3125, 748987, 47652928, 113059, 25506688, 396499]]
Arch_Param: [32, 4096, 16384, 4, 1024, 256]
SK_cost: [72961694960.97298, [1465968.6351351351, 22816417, 1459298552, 1634113, 1289391288, 4824681889]] [8217560100.0, [194415.0, 2556015, 163578660, 164463, 163185444, 545001327]] [314242640.0, [6516.66666666657, 104020, 6247200, 13140, 6247200, 12492810]] [5705475808.0, [111661.33333333023, 1783016, 113702944, 38704, 113702944, 437444628]] [4450004280.0, [87558.0, 1392646, 88670256, 39302, 88670256, 348258310]] [616586425333.2079, [14214137.700000172, 191805207, 12275433555, 10680855, 12275130963, 42260303067]] [20876057388.0, [425898.6666666666, 6562107, 417716928, 820259, 353006784, 1218624531]]
Model_cost: [62381735136.7027, [3643.1114864864867, 20154017, 1288904952, 5206305, 50064057, 202402]] [8029024932.0, [7899.0, 2556015, 163578660, 164463, 77870628, 1216827]] [313618510.0, [15.3125, 104020, 6247200, 13140, 6247200, 27210]] [5304577212.0, [2511.625, 1680616, 106002464, 38704, 103509152, 1846014118]] [3355740728.0, [718.0, 1091974, 69427248, 39302, 8140336, 125086]] [602945994301.1998, [1465.2000000000003, 191805207, 12275433555, 10680855, 6137123727, 95892675]] [2348606602.0, [218.3125, 748987, 47652928, 113059, 25506688, 396499]]
Arch_Param: [32, 4096, 16384, 4, 1024, 512]
SK_cost: [72961694960.97298, [1465968.6351351351, 22816417, 1459298552, 1634113, 1289391288, 4824681889]] [8217560100.0, [194415.0, 2556015, 163578660, 164463, 163185444, 545001327]] [314242640.0, [6516.66666666657, 104020, 6247200, 13140, 6247200, 12492810]] [5705475808.0, [111661.33333333023, 1783016, 113702944, 38704, 113702944, 437444628]] [4450004280.0, [87558.0, 1392646, 88670256, 39302, 88670256, 348258310]] [616586425333.2079, [14214137.700000172, 191805207, 12275433555, 10680855, 12275130963, 42260303067]] [20876057388.0, [425898.6666666666, 6562107, 417716928, 820259, 353006784, 1218624531]]
Model_cost: [62162649616.7027, [3635.6114864864867, 20154017, 1288904952, 1783105, 50064057, 772002]] [8029024932.0, [7899.0, 2556015, 163578660, 164463, 77870628, 1216827]] [313618510.0, [15.3125, 104020, 6247200, 13140, 6247200, 27210]] [5304577212.0, [2511.625, 1680616, 106002464, 38704, 103509152, 1846014118]] [3355202232.0, [714.0, 1091974, 69427248, 39302, 7871280, 121938]] [602945994301.1998, [1465.2000000000003, 191805207, 12275433555, 10680855, 6137123727, 95892675]] [2347991932.0, [215.5, 748987, 47652928, 103459, 25506688, 398419]]
Arch_Param: [32, 4096, 16384, 8, 256, 64]
SK_cost: [38025161882.48649, [760265.0675675676, 47352385, 757568376, 845281, 672693432, 2505874849]] [4303107108.0, [101871.0, 5333103, 85328676, 86895, 85328676, 283119471]] [315390280.0, [6516.66666666657, 390450, 6247200, 13170, 6247200, 12492810]] [5726775240.0, [111661.33333333023, 7106434, 113702944, 38794, 113702944, 437444628]] [2233310520.0, [43782.0, 2772998, 44335152, 19654, 44335152, 174129158]] [309459257811.60394, [7107532.350000086, 383626383, 6138012243, 5340891, 6138012243, 21131037915]] [14013273648.0, [281557.3333333333, 17443052, 278762688, 474836, 252736704, 852278291]]
Model_cost: [32550493936.95135, [1903.2807432432433, 41814593, 668963704, 2718657, 49400505, 211234]] [4279127652.0, [7461.0, 5333103, 85328676, 86895, 77870628, 4866975]] [314766120.0, [15.0, 390450, 6247200, 13170, 6247200, 390410]] [5324402054.0, [2511.3125, 6635394, 106002464, 38794, 103509152, 1846382172]] [1693075896.0, [366.0, 2171654, 34713648, 28294, 8144112, 477744]] [308775263283.5999, [1100.1000000000001, 383626383, 6138012243, 5340891, 6137123727, 383570187]] [1639732180.4, [133.7125, 2055020, 32839552, 65428, 25506688, 1579987]]
Arch_Param: [32, 4096, 16384, 8, 256, 128]
SK_cost: [38025161882.48649, [760265.0675675676, 47352385, 757568376, 845281, 672693432, 2505874849]] [4303107108.0, [101871.0, 5333103, 85328676, 86895, 85328676, 283119471]] [315390280.0, [6516.66666666657, 390450, 6247200, 13170, 6247200, 12492810]] [5726775240.0, [111661.33333333023, 7106434, 113702944, 38794, 113702944, 437444628]] [2233310520.0, [43782.0, 2772998, 44335152, 19654, 44335152, 174129158]] [309459257811.60394, [7107532.350000086, 383626383, 6138012243, 5340891, 6138012243, 21131037915]] [14013273648.0, [281557.3333333333, 17443052, 278762688, 474836, 252736704, 852278291]]
Model_cost: [32550493936.95135, [1903.2807432432433, 41814593, 668963704, 2718657, 49400505, 211234]] [4279127652.0, [7461.0, 5333103, 85328676, 86895, 77870628, 4866975]] [314766120.0, [15.0, 390450, 6247200, 13170, 6247200, 390410]] [5324402054.0, [2511.3125, 6635394, 106002464, 38794, 103509152, 1846382172]] [1692515384.0, [366.0, 2171654, 34713648, 19654, 8140336, 497254]] [308775263283.5999, [1100.1000000000001, 383626383, 6138012243, 5340891, 6137123727, 383570187]] [1639732180.4, [133.7125, 2055020, 32839552, 65428, 25506688, 1579987]]
Arch_Param: [32, 4096, 16384, 8, 256, 256]
SK_cost: [38025161882.48649, [760265.0675675676, 47352385, 757568376, 845281, 672693432, 2505874849]] [4303107108.0, [101871.0, 5333103, 85328676, 86895, 85328676, 283119471]] [315390280.0, [6516.66666666657, 390450, 6247200, 13170, 6247200, 12492810]] [5726775240.0, [111661.33333333023, 7106434, 113702944, 38794, 113702944, 437444628]] [2233310520.0, [43782.0, 2772998, 44335152, 19654, 44335152, 174129158]] [309459257811.60394, [7107532.350000086, 383626383, 6138012243, 5340891, 6138012243, 21131037915]] [14013273648.0, [281557.3333333333, 17443052, 278762688, 474836, 252736704, 852278291]]
Model_cost: [32436569466.551353, [1899.3807432432432, 41814593, 668963704, 938593, 49400505, 3066402]] [4279127652.0, [7461.0, 5333103, 85328676, 86895, 77870628, 4866975]] [314766120.0, [15.0, 390450, 6247200, 13170, 6247200, 390410]] [5324402054.0, [2511.3125, 6635394, 106002464, 38794, 103509152, 1846382172]] [1691976888.0, [362.0, 2171654, 34713648, 19654, 7871280, 486198]] [308775263283.5999, [1100.1000000000001, 383626383, 6138012243, 5340891, 6137123727, 383570187]] [1639412552.0, [132.25, 2055020, 32839552, 60436, 25506688, 1593427]]
Arch_Param: [32, 4096, 16384, 8, 512, 64]
SK_cost: [37930456294.48649, [760265.0675675676, 23676452, 757568376, 845252, 672693432, 2505874849]] [4292441124.0, [101871.0, 2666607, 85328676, 86895, 85328676, 283119471]] [314608120.0, [6516.66666666657, 195230, 6247200, 13150, 6247200, 12492810]] [5712558552.0, [111661.33333333023, 3553222, 113702944, 38734, 113702944, 437444628]] [2227772728.0, [43782.0, 1388550, 44335152, 19654, 44335152, 174129158]] [308692006899.60394, [7107532.350000086, 191813655, 6138012243, 5340891, 6138012243, 21131037915]] [13978379992.0, [281557.3333333333, 8721526, 278762688, 474718, 252736704, 852278291]]
Model_cost: [32466863932.95135, [1903.2807432432433, 20907556, 668963704, 2718628, 49400505, 203042]] [4268461668.0, [7461.0, 2666607, 85328676, 86895, 77870628, 2433543]] [313983960.0, [15.0, 195230, 6247200, 13150, 6247200, 195210]] [5311168406.0, [2511.3125, 3327942, 106002464, 38734, 103509152, 1846183736]] [1688740792.0, [366.0, 1087878, 34713648, 28294, 8144112, 240176]] [308008012371.5999, [1100.1000000000001, 191813655, 6138012243, 5340891, 6137123727, 191785179]] [1635614588.4, [133.7125, 1027510, 32839552, 65310, 25506688, 790995]]
Arch_Param: [32, 4096, 16384, 8, 512, 128]
SK_cost: [37930456294.48649, [760265.0675675676, 23676452, 757568376, 845252, 672693432, 2505874849]] [4292441124.0, [101871.0, 2666607, 85328676, 86895, 85328676, 283119471]] [314608120.0, [6516.66666666657, 195230, 6247200, 13150, 6247200, 12492810]] [5712558552.0, [111661.33333333023, 3553222, 113702944, 38734, 113702944, 437444628]] [2227772728.0, [43782.0, 1388550, 44335152, 19654, 44335152, 174129158]] [308692006899.60394, [7107532.350000086, 191813655, 6138012243, 5340891, 6138012243, 21131037915]] [13978379992.0, [281557.3333333333, 8721526, 278762688, 474718, 252736704, 852278291]]
Model_cost: [32466863932.95135, [1903.2807432432433, 20907556, 668963704, 2718628, 49400505, 203042]] [4268461668.0, [7461.0, 2666607, 85328676, 86895, 77870628, 2433543]] [313983960.0, [15.0, 195230, 6247200, 13150, 6247200, 195210]] [5311168406.0, [2511.3125, 3327942, 106002464, 38734, 103509152, 1846183736]] [1688180280.0, [366.0, 1087878, 34713648, 19654, 8140336, 249142]] [308008012371.5999, [1100.1000000000001, 191813655, 6138012243, 5340891, 6137123727, 191785179]] [1635614588.4, [133.7125, 1027510, 32839552, 65310, 25506688, 790995]]
Arch_Param: [32, 4096, 16384, 8, 512, 256]
SK_cost: [37930456294.48649, [760265.0675675676, 23676452, 757568376, 845252, 672693432, 2505874849]] [4292441124.0, [101871.0, 2666607, 85328676, 86895, 85328676, 283119471]] [314608120.0, [6516.66666666657, 195230, 6247200, 13150, 6247200, 12492810]] [5712558552.0, [111661.33333333023, 3553222, 113702944, 38734, 113702944, 437444628]] [2227772728.0, [43782.0, 1388550, 44335152, 19654, 44335152, 174129158]] [308692006899.60394, [7107532.350000086, 191813655, 6138012243, 5340891, 6138012243, 21131037915]] [13978379992.0, [281557.3333333333, 8721526, 278762688, 474718, 252736704, 852278291]]
Model_cost: [32352939462.551353, [1899.3807432432432, 20907556, 668963704, 938564, 49400505, 1534498]] [4268461668.0, [7461.0, 2666607, 85328676, 86895, 77870628, 2433543]] [313983960.0, [15.0, 195230, 6247200, 13150, 6247200, 195210]] [5311168406.0, [2511.3125, 3327942, 106002464, 38734, 103509152, 1846183736]] [1687641784.0, [362.0, 1087878, 34713648, 19654, 7871280, 243358]] [308008012371.5999, [1100.1000000000001, 191813655, 6138012243, 5340891, 6137123727, 191785179]] [1635294960.0, [132.25, 1027510, 32839552, 60318, 25506688, 796755]]
Arch_Param: [32, 4096, 16384, 8, 512, 512]
SK_cost: [37930456294.48649, [760265.0675675676, 23676452, 757568376, 845252, 672693432, 2505874849]] [4292441124.0, [101871.0, 2666607, 85328676, 86895, 85328676, 283119471]] [314608120.0, [6516.66666666657, 195230, 6247200, 13150, 6247200, 12492810]] [5712558552.0, [111661.33333333023, 3553222, 113702944, 38734, 113702944, 437444628]] [2227772728.0, [43782.0, 1388550, 44335152, 19654, 44335152, 174129158]] [308692006899.60394, [7107532.350000086, 191813655, 6138012243, 5340891, 6138012243, 21131037915]] [13978379992.0, [281557.3333333333, 8721526, 278762688, 474718, 252736704, 852278291]]
Model_cost: [32352939462.551353, [1899.3807432432432, 20907556, 668963704, 938564, 49400505, 1534498]] [4268461668.0, [7461.0, 2666607, 85328676, 86895, 77870628, 2433543]] [313983960.0, [15.0, 195230, 6247200, 13150, 6247200, 195210]] [5311168406.0, [2511.3125, 3327942, 106002464, 38734, 103509152, 1846183736]] [1687503608.0, [360.0, 1087878, 34713648, 19654, 7802288, 242514]] [308008012371.5999, [1100.1000000000001, 191813655, 6138012243, 5340891, 6137123727, 191785179]] [1635294960.0, [132.25, 1027510, 32839552, 60318, 25506688, 796755]]
Arch_Param: [32, 4096, 16384, 8, 1024, 64]
SK_cost: [37883129114.48649, [760265.0675675676, 11844705, 757568376, 845249, 672693432, 2505874849]] [4287108132.0, [101871.0, 1333359, 85328676, 86895, 85328676, 283119471]] [314242640.0, [6516.66666666657, 104020, 6247200, 13140, 6247200, 12492810]] [5705475808.0, [111661.33333333023, 1783016, 113702944, 38704, 113702944, 437444628]] [2225003832.0, [43782.0, 696326, 44335152, 19654, 44335152, 174129158]] [308308381443.60394, [7107532.350000086, 95907291, 6138012243, 5340891, 6138012243, 21131037915]] [13960983340.0, [281557.3333333333, 4373307, 278762688, 474659, 252736704, 852278291]]
Model_cost: [32425074544.95135, [1903.2807432432433, 10460257, 668963704, 2718625, 49400505, 198946]] [4263128676.0, [7461.0, 1333359, 85328676, 86895, 77870628, 1216827]] [313618510.0, [15.3125, 104020, 6247200, 13140, 6247200, 27210]] [5304577212.0, [2511.625, 1680616, 106002464, 38704, 103509152, 1846014118]] [1686578616.0, [366.0, 547334, 34713648, 28294, 8144112, 121392]] [307624386915.5999, [1100.1000000000001, 95907291, 6138012243, 5340891, 6137123727, 95892675]] [1633562064.4, [133.7125, 515323, 32839552, 65251, 25506688, 396499]]
Arch_Param: [32, 4096, 16384, 8, 1024, 128]
SK_cost: [37883129114.48649, [760265.0675675676, 11844705, 757568376, 845249, 672693432, 2505874849]] [4287108132.0, [101871.0, 1333359, 85328676, 86895, 85328676, 283119471]] [314242640.0, [6516.66666666657, 104020, 6247200, 13140, 6247200, 12492810]] [5705475808.0, [111661.33333333023, 1783016, 113702944, 38704, 113702944, 437444628]] [2225003832.0, [43782.0, 696326, 44335152, 19654, 44335152, 174129158]] [308308381443.60394, [7107532.350000086, 95907291, 6138012243, 5340891, 6138012243, 21131037915]] [13960983340.0, [281557.3333333333, 4373307, 278762688, 474659, 252736704, 852278291]]
Model_cost: [32425074544.95135, [1903.2807432432433, 10460257, 668963704, 2718625, 49400505, 198946]] [4263128676.0, [7461.0, 1333359, 85328676, 86895, 77870628, 1216827]] [313618510.0, [15.3125, 104020, 6247200, 13140, 6247200, 27210]] [5304577212.0, [2511.625, 1680616, 106002464, 38704, 103509152, 1846014118]] [1686012728.0, [366.0, 545990, 34713648, 19654, 8140336, 125086]] [307624386915.5999, [1100.1000000000001, 95907291, 6138012243, 5340891, 6137123727, 95892675]] [1633562064.4, [133.7125, 515323, 32839552, 65251, 25506688, 396499]]
Arch_Param: [32, 4096, 16384, 8, 1024, 256]
SK_cost: [37883129114.48649, [760265.0675675676, 11844705, 757568376, 845249, 672693432, 2505874849]] [4287108132.0, [101871.0, 1333359, 85328676, 86895, 85328676, 283119471]] [314242640.0, [6516.66666666657, 104020, 6247200, 13140, 6247200, 12492810]] [5705475808.0, [111661.33333333023, 1783016, 113702944, 38704, 113702944, 437444628]] [2225003832.0, [43782.0, 696326, 44335152, 19654, 44335152, 174129158]] [308308381443.60394, [7107532.350000086, 95907291, 6138012243, 5340891, 6138012243, 21131037915]] [13960983340.0, [281557.3333333333, 4373307, 278762688, 474659, 252736704, 852278291]]
Model_cost: [32311150074.551353, [1899.3807432432432, 10460257, 668963704, 938561, 49400505, 768546]] [4263128676.0, [7461.0, 1333359, 85328676, 86895, 77870628, 1216827]] [313618510.0, [15.3125, 104020, 6247200, 13140, 6247200, 27210]] [5304577212.0, [2511.625, 1680616, 106002464, 38704, 103509152, 1846014118]] [1685474232.0, [362.0, 545990, 34713648, 19654, 7871280, 121938]] [307624386915.5999, [1100.1000000000001, 95907291, 6138012243, 5340891, 6137123727, 95892675]] [1633242436.0, [132.25, 515323, 32839552, 60259, 25506688, 398419]]
Arch_Param: [32, 4096, 16384, 8, 1024, 512]
SK_cost: [37883129114.48649, [760265.0675675676, 11844705, 757568376, 845249, 672693432, 2505874849]] [4287108132.0, [101871.0, 1333359, 85328676, 86895, 85328676, 283119471]] [314242640.0, [6516.66666666657, 104020, 6247200, 13140, 6247200, 12492810]] [5705475808.0, [111661.33333333023, 1783016, 113702944, 38704, 113702944, 437444628]] [2225003832.0, [43782.0, 696326, 44335152, 19654, 44335152, 174129158]] [308308381443.60394, [7107532.350000086, 95907291, 6138012243, 5340891, 6138012243, 21131037915]] [13960983340.0, [281557.3333333333, 4373307, 278762688, 474659, 252736704, 852278291]]
Model_cost: [32311150074.551353, [1899.3807432432432, 10460257, 668963704, 938561, 49400505, 768546]] [4263128676.0, [7461.0, 1333359, 85328676, 86895, 77870628, 1216827]] [313618510.0, [15.3125, 104020, 6247200, 13140, 6247200, 27210]] [5304577212.0, [2511.625, 1680616, 106002464, 38704, 103509152, 1846014118]] [1685336056.0, [360.0, 545990, 34713648, 19654, 7802288, 121388]] [307624386915.5999, [1100.1000000000001, 95907291, 6138012243, 5340891, 6137123727, 95892675]] [1633242436.0, [132.25, 515323, 32839552, 60259, 25506688, 398419]]
Arch_Param: [32, 4096, 16384, 16, 256, 64]
SK_cost: [20426697647.243244, [407585.2837837838, 25429697, 406836408, 451617, 364399800, 1346637217]] [4303107108.0, [101871.0, 5333103, 85328676, 86895, 85328676, 283119471]] [315390280.0, [6516.66666666657, 390450, 6247200, 13170, 6247200, 12492810]] [5726775240.0, [111661.33333333023, 7106434, 113702944, 38794, 113702944, 437444628]] [1116656952.0, [21894.0, 1386502, 22167600, 9830, 22167600, 87064582]] [309459257811.60394, [7107532.350000086, 383626383, 6138012243, 5340891, 6138012243, 21131037915]] [11922558512.0, [236309.33333333334, 14813420, 236848320, 329428, 225408192, 758758419]]
Model_cost: [17519994293.275677, [1030.6591216216216, 22447809, 359126200, 1456961, 49400505, 211234]] [4279127652.0, [7461.0, 5333103, 85328676, 86895, 77870628, 4866975]] [314766120.0, [15.0, 390450, 6247200, 13170, 6247200, 390410]] [5324402054.0, [2511.3125, 6635394, 106002464, 38794, 103509152, 1846382172]] [854282296.0, [186.0, 1085830, 17356848, 14150, 7943408, 476720]] [308775263283.5999, [1100.1000000000001, 383626383, 6138012243, 5340891, 6137123727, 383570187]] [1429886579.6, [98.0375, 1783660, 28517760, 44948, 25506688, 1579987]]
Arch_Param: [32, 4096, 16384, 16, 256, 128]
SK_cost: [20426697647.243244, [407585.2837837838, 25429697, 406836408, 451617, 364399800, 1346637217]] [4303107108.0, [101871.0, 5333103, 85328676, 86895, 85328676, 283119471]] [315390280.0, [6516.66666666657, 390450, 6247200, 13170, 6247200, 12492810]] [5726775240.0, [111661.33333333023, 7106434, 113702944, 38794, 113702944, 437444628]] [1116656952.0, [21894.0, 1386502, 22167600, 9830, 22167600, 87064582]] [309459257811.60394, [7107532.350000086, 383626383, 6138012243, 5340891, 6138012243, 21131037915]] [11922558512.0, [236309.33333333334, 14813420, 236848320, 329428, 225408192, 758758419]]
Model_cost: [17458650347.675674, [1028.5591216216217, 22447809, 359126200, 498465, 49400505, 3066402]] [4279127652.0, [7461.0, 5333103, 85328676, 86895, 77870628, 4866975]] [314766120.0, [15.0, 390450, 6247200, 13170, 6247200, 390410]] [5324402054.0, [2511.3125, 6635394, 106002464, 38794, 103509152, 1846382172]] [853861560.0, [186.0, 1085830, 17356848, 9830, 7871280, 486198]] [308775263283.5999, [1100.1000000000001, 383626383, 6138012243, 5340891, 6137123727, 383570187]] [1429714472.0, [97.25, 1783660, 28517760, 42260, 25506688, 1593427]]
Arch_Param: [32, 4096, 16384, 16, 256, 256]
SK_cost: [20426697647.243244, [407585.2837837838, 25429697, 406836408, 451617, 364399800, 1346637217]] [4303107108.0, [101871.0, 5333103, 85328676, 86895, 85328676, 283119471]] [315390280.0, [6516.66666666657, 390450, 6247200, 13170, 6247200, 12492810]] [5726775240.0, [111661.33333333023, 7106434, 113702944, 38794, 113702944, 437444628]] [1116656952.0, [21894.0, 1386502, 22167600, 9830, 22167600, 87064582]] [309459257811.60394, [7107532.350000086, 383626383, 6138012243, 5340891, 6138012243, 21131037915]] [11922558512.0, [236309.33333333334, 14813420, 236848320, 329428, 225408192, 758758419]]
Model_cost: [17458650347.675674, [1028.5591216216217, 22447809, 359126200, 498465, 49400505, 3066402]] [4279127652.0, [7461.0, 5333103, 85328676, 86895, 77870628, 4866975]] [314766120.0, [15.0, 390450, 6247200, 13170, 6247200, 390410]] [5324402054.0, [2511.3125, 6635394, 106002464, 38794, 103509152, 1846382172]] [853723384.0, [184.0, 1085830, 17356848, 9830, 7802288, 484766]] [308775263283.5999, [1100.1000000000001, 383626383, 6138012243, 5340891, 6137123727, 383570187]] [1429714472.0, [97.25, 1783660, 28517760, 42260, 25506688, 1593427]]
Arch_Param: [32, 4096, 16384, 16, 512, 64]
SK_cost: [20375837435.243244, [407585.2837837838, 12715108, 406836408, 451588, 364399800, 1346637217]] [4292441124.0, [101871.0, 2666607, 85328676, 86895, 85328676, 283119471]] [314608120.0, [6516.66666666657, 195230, 6247200, 13150, 6247200, 12492810]] [5712558552.0, [111661.33333333023, 3553222, 113702944, 38734, 113702944, 437444628]] [1113888056.0, [21894.0, 694278, 22167600, 9830, 22167600, 87064582]] [308692006899.60394, [7107532.350000086, 191813655, 6138012243, 5340891, 6138012243, 21131037915]] [11892924120.0, [236309.33333333334, 7406710, 236848320, 329310, 225408192, 758758419]]
Model_cost: [17475097857.275677, [1030.6591216216216, 11224164, 359126200, 1456932, 49400505, 203042]] [4268461668.0, [7461.0, 2666607, 85328676, 86895, 77870628, 2433543]] [313983960.0, [15.0, 195230, 6247200, 13150, 6247200, 195210]] [5311168406.0, [2511.3125, 3327942, 106002464, 38734, 103509152, 1846183736]] [852114744.0, [186.0, 543942, 17356848, 14150, 7943408, 239152]] [308008012371.5999, [1100.1000000000001, 191813655, 6138012243, 5340891, 6137123727, 191785179]] [1426311707.6, [98.0375, 891830, 28517760, 44830, 25506688, 790995]]
Arch_Param: [32, 4096, 16384, 16, 512, 128]
SK_cost: [20375837435.243244, [407585.2837837838, 12715108, 406836408, 451588, 364399800, 1346637217]] [4292441124.0, [101871.0, 2666607, 85328676, 86895, 85328676, 283119471]] [314608120.0, [6516.66666666657, 195230, 6247200, 13150, 6247200, 12492810]] [5712558552.0, [111661.33333333023, 3553222, 113702944, 38734, 113702944, 437444628]] [1113888056.0, [21894.0, 694278, 22167600, 9830, 22167600, 87064582]] [308692006899.60394, [7107532.350000086, 191813655, 6138012243, 5340891, 6138012243, 21131037915]] [11892924120.0, [236309.33333333334, 7406710, 236848320, 329310, 225408192, 758758419]]
Model_cost: [17413753911.675674, [1028.5591216216217, 11224164, 359126200, 498436, 49400505, 1534498]] [4268461668.0, [7461.0, 2666607, 85328676, 86895, 77870628, 2433543]] [313983960.0, [15.0, 195230, 6247200, 13150, 6247200, 195210]] [5311168406.0, [2511.3125, 3327942, 106002464, 38734, 103509152, 1846183736]] [851694008.0, [186.0, 543942, 17356848, 9830, 7871280, 243358]] [308008012371.5999, [1100.1000000000001, 191813655, 6138012243, 5340891, 6137123727, 191785179]] [1426139600.0, [97.25, 891830, 28517760, 42142, 25506688, 796755]]
Arch_Param: [32, 4096, 16384, 16, 512, 256]
SK_cost: [20375837435.243244, [407585.2837837838, 12715108, 406836408, 451588, 364399800, 1346637217]] [4292441124.0, [101871.0, 2666607, 85328676, 86895, 85328676, 283119471]] [314608120.0, [6516.66666666657, 195230, 6247200, 13150, 6247200, 12492810]] [5712558552.0, [111661.33333333023, 3553222, 113702944, 38734, 113702944, 437444628]] [1113888056.0, [21894.0, 694278, 22167600, 9830, 22167600, 87064582]] [308692006899.60394, [7107532.350000086, 191813655, 6138012243, 5340891, 6138012243, 21131037915]] [11892924120.0, [236309.33333333334, 7406710, 236848320, 329310, 225408192, 758758419]]
Model_cost: [17413753911.675674, [1028.5591216216217, 11224164, 359126200, 498436, 49400505, 1534498]] [4268461668.0, [7461.0, 2666607, 85328676, 86895, 77870628, 2433543]] [313983960.0, [15.0, 195230, 6247200, 13150, 6247200, 195210]] [5311168406.0, [2511.3125, 3327942, 106002464, 38734, 103509152, 1846183736]] [851555832.0, [184.0, 543942, 17356848, 9830, 7802288, 242514]] [308008012371.5999, [1100.1000000000001, 191813655, 6138012243, 5340891, 6137123727, 191785179]] [1426139600.0, [97.25, 891830, 28517760, 42142, 25506688, 796755]]
Arch_Param: [32, 4096, 16384, 16, 512, 512]
SK_cost: [20375837435.243244, [407585.2837837838, 12715108, 406836408, 451588, 364399800, 1346637217]] [4292441124.0, [101871.0, 2666607, 85328676, 86895, 85328676, 283119471]] [314608120.0, [6516.66666666657, 195230, 6247200, 13150, 6247200, 12492810]] [5712558552.0, [111661.33333333023, 3553222, 113702944, 38734, 113702944, 437444628]] [1113888056.0, [21894.0, 694278, 22167600, 9830, 22167600, 87064582]] [308692006899.60394, [7107532.350000086, 191813655, 6138012243, 5340891, 6138012243, 21131037915]] [11892924120.0, [236309.33333333334, 7406710, 236848320, 329310, 225408192, 758758419]]
Model_cost: [17413139241.675674, [1025.7466216216217, 11224164, 359126200, 488836, 49400505, 1540898]] [4268461668.0, [7461.0, 2666607, 85328676, 86895, 77870628, 2433543]] [313983960.0, [15.0, 195230, 6247200, 13150, 6247200, 195210]] [5311168406.0, [2511.3125, 3327942, 106002464, 38734, 103509152, 1846183736]] [851486744.0, [183.0, 543942, 17356848, 9830, 7767792, 242092]] [308008012371.5999, [1100.1000000000001, 191813655, 6138012243, 5340891, 6137123727, 191785179]] [1426139600.0, [97.25, 891830, 28517760, 42142, 25506688, 796755]]
Arch_Param: [32, 4096, 16384, 16, 1024, 64]
SK_cost: [20350420527.243244, [407585.2837837838, 6360929, 406836408, 451585, 364399800, 1346637217]] [4287108132.0, [101871.0, 1333359, 85328676, 86895, 85328676, 283119471]] [314242640.0, [6516.66666666657, 104020, 6247200, 13140, 6247200, 12492810]] [5705475808.0, [111661.33333333023, 1783016, 113702944, 38704, 113702944, 437444628]] [1112503608.0, [21894.0, 348166, 22167600, 9830, 22167600, 87064582]] [308308381443.60394, [7107532.350000086, 95907291, 6138012243, 5340891, 6138012243, 21131037915]] [11878132524.0, [236309.33333333334, 3709755, 236848320, 329251, 225408192, 758758419]]
Model_cost: [17452662837.275677, [1030.6591216216216, 5615457, 359126200, 1456929, 49400505, 198946]] [4263128676.0, [7461.0, 1333359, 85328676, 86895, 77870628, 1216827]] [313618510.0, [15.3125, 104020, 6247200, 13140, 6247200, 27210]] [5304577212.0, [2511.625, 1680616, 106002464, 38704, 103509152, 1846014118]] [851033656.0, [186.0, 273670, 17356848, 14150, 7943408, 120368]] [307624386915.5999, [1100.1000000000001, 95907291, 6138012243, 5340891, 6137123727, 95892675]] [1424527471.6, [98.0375, 446715, 28517760, 44771, 25506688, 396499]]
Arch_Param: [32, 4096, 16384, 16, 1024, 128]
SK_cost: [20350420527.243244, [407585.2837837838, 6360929, 406836408, 451585, 364399800, 1346637217]] [4287108132.0, [101871.0, 1333359, 85328676, 86895, 85328676, 283119471]] [314242640.0, [6516.66666666657, 104020, 6247200, 13140, 6247200, 12492810]] [5705475808.0, [111661.33333333023, 1783016, 113702944, 38704, 113702944, 437444628]] [1112503608.0, [21894.0, 348166, 22167600, 9830, 22167600, 87064582]] [308308381443.60394, [7107532.350000086, 95907291, 6138012243, 5340891, 6138012243, 21131037915]] [11878132524.0, [236309.33333333334, 3709755, 236848320, 329251, 225408192, 758758419]]
Model_cost: [17391318891.675674, [1028.5591216216217, 5615457, 359126200, 498433, 49400505, 768546]] [4263128676.0, [7461.0, 1333359, 85328676, 86895, 77870628, 1216827]] [313618510.0, [15.3125, 104020, 6247200, 13140, 6247200, 27210]] [5304577212.0, [2511.625, 1680616, 106002464, 38704, 103509152, 1846014118]] [850610232.0, [186.0, 272998, 17356848, 9830, 7871280, 121938]] [307624386915.5999, [1100.1000000000001, 95907291, 6138012243, 5340891, 6137123727, 95892675]] [1424355364.0, [97.25, 446715, 28517760, 42083, 25506688, 398419]]
Arch_Param: [32, 4096, 16384, 16, 1024, 256]
SK_cost: [20350420527.243244, [407585.2837837838, 6360929, 406836408, 451585, 364399800, 1346637217]] [4287108132.0, [101871.0, 1333359, 85328676, 86895, 85328676, 283119471]] [314242640.0, [6516.66666666657, 104020, 6247200, 13140, 6247200, 12492810]] [5705475808.0, [111661.33333333023, 1783016, 113702944, 38704, 113702944, 437444628]] [1112503608.0, [21894.0, 348166, 22167600, 9830, 22167600, 87064582]] [308308381443.60394, [7107532.350000086, 95907291, 6138012243, 5340891, 6138012243, 21131037915]] [11878132524.0, [236309.33333333334, 3709755, 236848320, 329251, 225408192, 758758419]]
Model_cost: [17391318891.675674, [1028.5591216216217, 5615457, 359126200, 498433, 49400505, 768546]] [4263128676.0, [7461.0, 1333359, 85328676, 86895, 77870628, 1216827]] [313618510.0, [15.3125, 104020, 6247200, 13140, 6247200, 27210]] [5304577212.0, [2511.625, 1680616, 106002464, 38704, 103509152, 1846014118]] [850472056.0, [184.0, 272998, 17356848, 9830, 7802288, 121388]] [307624386915.5999, [1100.1000000000001, 95907291, 6138012243, 5340891, 6137123727, 95892675]] [1424355364.0, [97.25, 446715, 28517760, 42083, 25506688, 398419]]
Arch_Param: [32, 4096, 16384, 16, 1024, 512]
SK_cost: [20350420527.243244, [407585.2837837838, 6360929, 406836408, 451585, 364399800, 1346637217]] [4287108132.0, [101871.0, 1333359, 85328676, 86895, 85328676, 283119471]] [314242640.0, [6516.66666666657, 104020, 6247200, 13140, 6247200, 12492810]] [5705475808.0, [111661.33333333023, 1783016, 113702944, 38704, 113702944, 437444628]] [1112503608.0, [21894.0, 348166, 22167600, 9830, 22167600, 87064582]] [308308381443.60394, [7107532.350000086, 95907291, 6138012243, 5340891, 6138012243, 21131037915]] [11878132524.0, [236309.33333333334, 3709755, 236848320, 329251, 225408192, 758758419]]
Model_cost: [17390704221.675674, [1025.7466216216217, 5615457, 359126200, 488833, 49400505, 770786]] [4263128676.0, [7461.0, 1333359, 85328676, 86895, 77870628, 1216827]] [313618510.0, [15.3125, 104020, 6247200, 13140, 6247200, 27210]] [5304577212.0, [2511.625, 1680616, 106002464, 38704, 103509152, 1846014118]] [850402968.0, [183.0, 272998, 17356848, 9830, 7767792, 121113]] [307624386915.5999, [1100.1000000000001, 95907291, 6138012243, 5340891, 6137123727, 95892675]] [1424355364.0, [97.25, 446715, 28517760, 42083, 25506688, 398419]]
Arch_Param: [32, 4096, 16384, 32, 256, 64]
SK_cost: [11630303372.64865, [231342.25675675675, 14471873, 231526584, 254913, 210308280, 767184289]] [4303107108.0, [101871.0, 5333103, 85328676, 86895, 85328676, 283119471]] [315390280.0, [6516.66666666657, 390450, 6247200, 13170, 6247200, 12492810]] [5726775240.0, [111661.33333333023, 7106434, 113702944, 38794, 113702944, 437444628]] [558330168.0, [10950.0, 693254, 11083824, 4918, 11083824, 43532294]] [309459257811.60394, [7107532.350000086, 383626383, 6138012243, 5340891, 6138012243, 21131037915]] [10877200944.0, [213685.3333333333, 13498604, 215891136, 256724, 211743936, 711998483]]
Model_cost: [9972420914.335136, [591.9618243243243, 12767937, 204263608, 278721, 49400505, 3066402]] [4279127652.0, [7461.0, 5333103, 85328676, 86895, 77870628, 4866975]] [314766120.0, [15.0, 390450, 6247200, 13170, 6247200, 390410]] [5324402054.0, [2511.3125, 6635394, 106002464, 38794, 103509152, 1846382172]] [434787864.0, [103.0, 542918, 8678448, 5542, 7843056, 483888]] [308775263283.5999, [1100.1000000000001, 383626383, 6138012243, 5340891, 6137123727, 383570187]] [1324865432.0, [79.75, 1647980, 26356864, 33172, 25506688, 1593427]]
Arch_Param: [32, 4096, 16384, 32, 256, 128]
SK_cost: [11630303372.64865, [231342.25675675675, 14471873, 231526584, 254913, 210308280, 767184289]] [4303107108.0, [101871.0, 5333103, 85328676, 86895, 85328676, 283119471]] [315390280.0, [6516.66666666657, 390450, 6247200, 13170, 6247200, 12492810]] [5726775240.0, [111661.33333333023, 7106434, 113702944, 38794, 113702944, 437444628]] [558330168.0, [10950.0, 693254, 11083824, 4918, 11083824, 43532294]] [309459257811.60394, [7107532.350000086, 383626383, 6138012243, 5340891, 6138012243, 21131037915]] [10877200944.0, [213685.3333333333, 13498604, 215891136, 256724, 211743936, 711998483]]
Model_cost: [9972420914.335136, [591.9618243243243, 12767937, 204263608, 278721, 49400505, 3066402]] [4279127652.0, [7461.0, 5333103, 85328676, 86895, 77870628, 4866975]] [314766120.0, [15.0, 390450, 6247200, 13170, 6247200, 390410]] [5324402054.0, [2511.3125, 6635394, 106002464, 38794, 103509152, 1846382172]] [434665720.0, [96.0, 542918, 8678448, 4918, 7802288, 484766]] [308775263283.5999, [1100.1000000000001, 383626383, 6138012243, 5340891, 6137123727, 383570187]] [1324865432.0, [79.75, 1647980, 26356864, 33172, 25506688, 1593427]]
Arch_Param: [32, 4096, 16384, 32, 256, 256]
SK_cost: [11630303372.64865, [231342.25675675675, 14471873, 231526584, 254913, 210308280, 767184289]] [4303107108.0, [101871.0, 5333103, 85328676, 86895, 85328676, 283119471]] [315390280.0, [6516.66666666657, 390450, 6247200, 13170, 6247200, 12492810]] [5726775240.0, [111661.33333333023, 7106434, 113702944, 38794, 113702944, 437444628]] [558330168.0, [10950.0, 693254, 11083824, 4918, 11083824, 43532294]] [309459257811.60394, [7107532.350000086, 383626383, 6138012243, 5340891, 6138012243, 21131037915]] [10877200944.0, [213685.3333333333, 13498604, 215891136, 256724, 211743936, 711998483]]
Model_cost: [9972101285.935135, [590.4993243243243, 12767937, 204263608, 273729, 49400505, 3081122]] [4279127652.0, [7461.0, 5333103, 85328676, 86895, 77870628, 4866975]] [314766120.0, [15.0, 390450, 6247200, 13170, 6247200, 390410]] [5324402054.0, [2511.3125, 6635394, 106002464, 38794, 103509152, 1846382172]] [434596632.0, [95.0, 542918, 8678448, 4918, 7767792, 484050]] [308775263283.5999, [1100.1000000000001, 383626383, 6138012243, 5340891, 6137123727, 383570187]] [1324865432.0, [79.75, 1647980, 26356864, 33172, 25506688, 1593427]]
Arch_Param: [32, 4096, 16384, 32, 512, 64]
SK_cost: [11601358808.64865, [231342.25675675675, 7236196, 231526584, 254884, 210308280, 767184289]] [4292441124.0, [101871.0, 2666607, 85328676, 86895, 85328676, 283119471]] [314608120.0, [6516.66666666657, 195230, 6247200, 13150, 6247200, 12492810]] [5712558552.0, [111661.33333333023, 3553222, 113702944, 38734, 113702944, 437444628]] [556945720.0, [10950.0, 347142, 11083824, 4918, 11083824, 43532294]] [308692006899.60394, [7107532.350000086, 191813655, 6138012243, 5340891, 6138012243, 21131037915]] [10850196184.0, [213685.3333333333, 6749302, 215891136, 256606, 211743936, 711998483]]
Model_cost: [9946884222.335136, [591.9618243243243, 6384228, 204263608, 278692, 49400505, 1534498]] [4268461668.0, [7461.0, 2666607, 85328676, 86895, 77870628, 2433543]] [313983960.0, [15.0, 195230, 6247200, 13150, 6247200, 195210]] [5311168406.0, [2511.3125, 3327942, 106002464, 38734, 103509152, 1846183736]] [433704088.0, [103.0, 271974, 8678448, 5542, 7843056, 242224]] [308008012371.5999, [1100.1000000000001, 191813655, 6138012243, 5340891, 6137123727, 191785179]] [1321561920.0, [79.75, 823990, 26356864, 33054, 25506688, 796755]]
Arch_Param: [32, 4096, 16384, 32, 512, 128]
SK_cost: [11601358808.64865, [231342.25675675675, 7236196, 231526584, 254884, 210308280, 767184289]] [4292441124.0, [101871.0, 2666607, 85328676, 86895, 85328676, 283119471]] [314608120.0, [6516.66666666657, 195230, 6247200, 13150, 6247200, 12492810]] [5712558552.0, [111661.33333333023, 3553222, 113702944, 38734, 113702944, 437444628]] [556945720.0, [10950.0, 347142, 11083824, 4918, 11083824, 43532294]] [308692006899.60394, [7107532.350000086, 191813655, 6138012243, 5340891, 6138012243, 21131037915]] [10850196184.0, [213685.3333333333, 6749302, 215891136, 256606, 211743936, 711998483]]
Model_cost: [9946884222.335136, [591.9618243243243, 6384228, 204263608, 278692, 49400505, 1534498]] [4268461668.0, [7461.0, 2666607, 85328676, 86895, 77870628, 2433543]] [313983960.0, [15.0, 195230, 6247200, 13150, 6247200, 195210]] [5311168406.0, [2511.3125, 3327942, 106002464, 38734, 103509152, 1846183736]] [433581944.0, [96.0, 271974, 8678448, 4918, 7802288, 242514]] [308008012371.5999, [1100.1000000000001, 191813655, 6138012243, 5340891, 6137123727, 191785179]] [1321561920.0, [79.75, 823990, 26356864, 33054, 25506688, 796755]]
Arch_Param: [32, 4096, 16384, 32, 512, 256]
SK_cost: [11601358808.64865, [231342.25675675675, 7236196, 231526584, 254884, 210308280, 767184289]] [4292441124.0, [101871.0, 2666607, 85328676, 86895, 85328676, 283119471]] [314608120.0, [6516.66666666657, 195230, 6247200, 13150, 6247200, 12492810]] [5712558552.0, [111661.33333333023, 3553222, 113702944, 38734, 113702944, 437444628]] [556945720.0, [10950.0, 347142, 11083824, 4918, 11083824, 43532294]] [308692006899.60394, [7107532.350000086, 191813655, 6138012243, 5340891, 6138012243, 21131037915]] [10850196184.0, [213685.3333333333, 6749302, 215891136, 256606, 211743936, 711998483]]
Model_cost: [9946564593.935135, [590.4993243243243, 6384228, 204263608, 273700, 49400505, 1540898]] [4268461668.0, [7461.0, 2666607, 85328676, 86895, 77870628, 2433543]] [313983960.0, [15.0, 195230, 6247200, 13150, 6247200, 195210]] [5311168406.0, [2511.3125, 3327942, 106002464, 38734, 103509152, 1846183736]] [433512856.0, [95.0, 271974, 8678448, 4918, 7767792, 242092]] [308008012371.5999, [1100.1000000000001, 191813655, 6138012243, 5340891, 6137123727, 191785179]] [1321561920.0, [79.75, 823990, 26356864, 33054, 25506688, 796755]]
Arch_Param: [32, 4096, 16384, 32, 512, 512]
SK_cost: [11601358808.64865, [231342.25675675675, 7236196, 231526584, 254884, 210308280, 767184289]] [4292441124.0, [101871.0, 2666607, 85328676, 86895, 85328676, 283119471]] [314608120.0, [6516.66666666657, 195230, 6247200, 13150, 6247200, 12492810]] [5712558552.0, [111661.33333333023, 3553222, 113702944, 38734, 113702944, 437444628]] [556945720.0, [10950.0, 347142, 11083824, 4918, 11083824, 43532294]] [308692006899.60394, [7107532.350000086, 191813655, 6138012243, 5340891, 6138012243, 21131037915]] [10850196184.0, [213685.3333333333, 6749302, 215891136, 256606, 211743936, 711998483]]
Model_cost: [9946564593.935135, [590.4993243243243, 6384228, 204263608, 273700, 49400505, 1540898]] [4268461668.0, [7461.0, 2666607, 85328676, 86895, 77870628, 2433543]] [313983960.0, [15.0, 195230, 6247200, 13150, 6247200, 195210]] [5311168406.0, [2511.3125, 3327942, 106002464, 38734, 103509152, 1846183736]] [433512856.0, [95.0, 271974, 8678448, 4918, 7767792, 242092]] [308008012371.5999, [1100.1000000000001, 191813655, 6138012243, 5340891, 6137123727, 191785179]] [1321561920.0, [79.75, 823990, 26356864, 33054, 25506688, 796755]]
Arch_Param: [32, 4096, 16384, 32, 1024, 64]
SK_cost: [11586893580.64865, [231342.25675675675, 3619937, 231526584, 254881, 210308280, 767184289]] [4287108132.0, [101871.0, 1333359, 85328676, 86895, 85328676, 283119471]] [314242640.0, [6516.66666666657, 104020, 6247200, 13140, 6247200, 12492810]] [5705475808.0, [111661.33333333023, 1783016, 113702944, 38704, 113702944, 437444628]] [556253496.0, [10950.0, 174086, 11083824, 4918, 11083824, 43532294]] [308308381443.60394, [7107532.350000086, 95907291, 6138012243, 5340891, 6138012243, 21131037915]] [10836707116.0, [213685.3333333333, 3377979, 215891136, 256547, 211743936, 711998483]]
Model_cost: [9934122930.335136, [591.9618243243243, 3193953, 204263608, 278689, 49400505, 768546]] [4263128676.0, [7461.0, 1333359, 85328676, 86895, 77870628, 1216827]] [313618510.0, [15.3125, 104020, 6247200, 13140, 6247200, 27210]] [5304577212.0, [2511.625, 1680616, 106002464, 38704, 103509152, 1846014118]] [433163544.0, [103.0, 136838, 8678448, 5542, 7843056, 121392]] [307624386915.5999, [1100.1000000000001, 95907291, 6138012243, 5340891, 6137123727, 95892675]] [1319911828.0, [79.75, 412411, 26356864, 32995, 25506688, 398419]]
Arch_Param: [32, 4096, 16384, 32, 1024, 128]
SK_cost: [11586893580.64865, [231342.25675675675, 3619937, 231526584, 254881, 210308280, 767184289]] [4287108132.0, [101871.0, 1333359, 85328676, 86895, 85328676, 283119471]] [314242640.0, [6516.66666666657, 104020, 6247200, 13140, 6247200, 12492810]] [5705475808.0, [111661.33333333023, 1783016, 113702944, 38704, 113702944, 437444628]] [556253496.0, [10950.0, 174086, 11083824, 4918, 11083824, 43532294]] [308308381443.60394, [7107532.350000086, 95907291, 6138012243, 5340891, 6138012243, 21131037915]] [10836707116.0, [213685.3333333333, 3377979, 215891136, 256547, 211743936, 711998483]]
Model_cost: [9934122930.335136, [591.9618243243243, 3193953, 204263608, 278689, 49400505, 768546]] [4263128676.0, [7461.0, 1333359, 85328676, 86895, 77870628, 1216827]] [313618510.0, [15.3125, 104020, 6247200, 13140, 6247200, 27210]] [5304577212.0, [2511.625, 1680616, 106002464, 38704, 103509152, 1846014118]] [433040056.0, [96.0, 136502, 8678448, 4918, 7802288, 121388]] [307624386915.5999, [1100.1000000000001, 95907291, 6138012243, 5340891, 6137123727, 95892675]] [1319911828.0, [79.75, 412411, 26356864, 32995, 25506688, 398419]]
Arch_Param: [32, 4096, 16384, 32, 1024, 256]
SK_cost: [11586893580.64865, [231342.25675675675, 3619937, 231526584, 254881, 210308280, 767184289]] [4287108132.0, [101871.0, 1333359, 85328676, 86895, 85328676, 283119471]] [314242640.0, [6516.66666666657, 104020, 6247200, 13140, 6247200, 12492810]] [5705475808.0, [111661.33333333023, 1783016, 113702944, 38704, 113702944, 437444628]] [556253496.0, [10950.0, 174086, 11083824, 4918, 11083824, 43532294]] [308308381443.60394, [7107532.350000086, 95907291, 6138012243, 5340891, 6138012243, 21131037915]] [10836707116.0, [213685.3333333333, 3377979, 215891136, 256547, 211743936, 711998483]]
Model_cost: [9933803301.935135, [590.4993243243243, 3193953, 204263608, 273697, 49400505, 770786]] [4263128676.0, [7461.0, 1333359, 85328676, 86895, 77870628, 1216827]] [313618510.0, [15.3125, 104020, 6247200, 13140, 6247200, 27210]] [5304577212.0, [2511.625, 1680616, 106002464, 38704, 103509152, 1846014118]] [432970968.0, [95.0, 136502, 8678448, 4918, 7767792, 121113]] [307624386915.5999, [1100.1000000000001, 95907291, 6138012243, 5340891, 6137123727, 95892675]] [1319911828.0, [79.75, 412411, 26356864, 32995, 25506688, 398419]]
Arch_Param: [32, 4096, 16384, 32, 1024, 512]
SK_cost: [11586893580.64865, [231342.25675675675, 3619937, 231526584, 254881, 210308280, 767184289]] [4287108132.0, [101871.0, 1333359, 85328676, 86895, 85328676, 283119471]] [314242640.0, [6516.66666666657, 104020, 6247200, 13140, 6247200, 12492810]] [5705475808.0, [111661.33333333023, 1783016, 113702944, 38704, 113702944, 437444628]] [556253496.0, [10950.0, 174086, 11083824, 4918, 11083824, 43532294]] [308308381443.60394, [7107532.350000086, 95907291, 6138012243, 5340891, 6138012243, 21131037915]] [10836707116.0, [213685.3333333333, 3377979, 215891136, 256547, 211743936, 711998483]]
Model_cost: [9933803301.935135, [590.4993243243243, 3193953, 204263608, 273697, 49400505, 770786]] [4263128676.0, [7461.0, 1333359, 85328676, 86895, 77870628, 1216827]] [313618510.0, [15.3125, 104020, 6247200, 13140, 6247200, 27210]] [5304577212.0, [2511.625, 1680616, 106002464, 38704, 103509152, 1846014118]] [432970968.0, [95.0, 136502, 8678448, 4918, 7767792, 121113]] [307624386915.5999, [1100.1000000000001, 95907291, 6138012243, 5340891, 6137123727, 95892675]] [1319911828.0, [79.75, 412411, 26356864, 32995, 25506688, 398419]]
Arch_Param: [32, 4096, 8192, 4, 256, 64]
SK_cost: [73376022345.33333, [2931941.5555555555, 91214401, 1459298552, 1634145, 1289391288, 4824681889]] [8266884132.0, [388719.0, 10223727, 163578660, 164463, 163185444, 545001327]] [316025160.0, [13130.0, 390450, 6247200, 13170, 6247200, 12492810]] [5737513288.0, [223516.0, 7106434, 113702944, 38794, 113702944, 437444628]] [4475022648.0, [175110.0, 5545990, 88670256, 39302, 88670256, 348258310]] [620252624178.0, [28428270.0, 767215743, 12275433555, 10680855, 12275130963, 42260303067]] [20995297328.0, [851781.3333333333, 26148076, 417716928, 820436, 353006784, 1218624531]]
Model_cost: [62624807950.0, [7250.25, 80564801, 1288904952, 5243969, 49400505, 211234]] [8060443428.0, [15687.0, 10223727, 163578660, 164463, 77870628, 4866975]] [314766600.0, [20.0, 390450, 6247200, 13170, 6247200, 390410]] [5324641220.0, [5002.625, 6635394, 106002464, 38794, 103509152, 1846382172]] [3384232632.0, [1446.0, 4343302, 69427248, 267526, 8545520, 34352]] [605247776586.0, [2925.0, 767215743, 12275433555, 10680855, 6137123727, 383570187]] [2359009388.0, [428.625, 2983404, 47652928, 135636, 25506688, 1504979]]
Arch_Param: [32, 4096, 8192, 4, 256, 128]
SK_cost: [73376022345.33333, [2931941.5555555555, 91214401, 1459298552, 1634145, 1289391288, 4824681889]] [8266884132.0, [388719.0, 10223727, 163578660, 164463, 163185444, 545001327]] [316025160.0, [13130.0, 390450, 6247200, 13170, 6247200, 12492810]] [5737513288.0, [223516.0, 7106434, 113702944, 38794, 113702944, 437444628]] [4475022648.0, [175110.0, 5545990, 88670256, 39302, 88670256, 348258310]] [620252624178.0, [28428270.0, 767215743, 12275433555, 10680855, 12275130963, 42260303067]] [20995297328.0, [851781.3333333333, 26148076, 417716928, 820436, 353006784, 1218624531]]
Model_cost: [62624807950.0, [7250.25, 80564801, 1288904952, 5243969, 49400505, 211234]] [8060443428.0, [15687.0, 10223727, 163578660, 164463, 77870628, 4866975]] [314766600.0, [20.0, 390450, 6247200, 13170, 6247200, 390410]] [5324641220.0, [5002.625, 6635394, 106002464, 38794, 103509152, 1846382172]] [3369890616.0, [1430.0, 4343302, 69427248, 51590, 8285232, 487110]] [605247776586.0, [2925.0, 767215743, 12275433555, 10680855, 6137123727, 383570187]] [2357574924.0, [419.625, 2983404, 47652928, 113236, 25506688, 1579987]]
Arch_Param: [32, 4096, 8192, 4, 256, 256]
SK_cost: [73376022345.33333, [2931941.5555555555, 91214401, 1459298552, 1634145, 1289391288, 4824681889]] [8266884132.0, [388719.0, 10223727, 163578660, 164463, 163185444, 545001327]] [316025160.0, [13130.0, 390450, 6247200, 13170, 6247200, 12492810]] [5737513288.0, [223516.0, 7106434, 113702944, 38794, 113702944, 437444628]] [4475022648.0, [175110.0, 5545990, 88670256, 39302, 88670256, 348258310]] [620252624178.0, [28428270.0, 767215743, 12275433555, 10680855, 12275130963, 42260303067]] [20995297328.0, [851781.3333333333, 26148076, 417716928, 820436, 353006784, 1218624531]]
Model_cost: [62623726894.0, [7253.25, 80564801, 1288904952, 5206337, 50064057, 216034]] [8060443428.0, [15687.0, 10223727, 163578660, 164463, 77870628, 4866975]] [314766600.0, [20.0, 390450, 6247200, 13170, 6247200, 390410]] [5324641220.0, [5002.625, 6635394, 106002464, 38794, 103509152, 1846382172]] [3368813624.0, [1422.0, 4343302, 69427248, 39302, 8140336, 497254]] [605247776586.0, [2925.0, 767215743, 12275433555, 10680855, 6137123727, 383570187]] [2357574924.0, [419.625, 2983404, 47652928, 113236, 25506688, 1579987]]
Arch_Param: [32, 4096, 8192, 4, 512, 64]
SK_cost: [73193592725.33333, [2931941.5555555555, 45607460, 1459298552, 1634116, 1289391288, 4824681889]] [8246436900.0, [388719.0, 5111919, 163578660, 164463, 163185444, 545001327]] [315243000.0, [13130.0, 195230, 6247200, 13150, 6247200, 12492810]] [5723296600.0, [223516.0, 3553222, 113702944, 38734, 113702944, 437444628]] [4463947064.0, [175110.0, 2777094, 88670256, 39302, 88670256, 348258310]] [618718196082.0, [28428270.0, 383608719, 12275433555, 10680855, 12275130963, 42260303067]] [20942993624.0, [851781.3333333333, 13074038, 417716928, 820318, 353006784, 1218624531]]
Model_cost: [62463677530.0, [7250.25, 40282660, 1288904952, 5243940, 49400505, 203042]] [8039996196.0, [15687.0, 5111919, 163578660, 164463, 77870628, 2433543]] [313984440.0, [20.0, 195230, 6247200, 13150, 6247200, 195210]] [5311407572.0, [5002.625, 3327942, 106002464, 38734, 103509152, 1846183736]] [3375562424.0, [1446.0, 2175750, 69427248, 267526, 8545520, 34352]] [603713348490.0, [2925.0, 383608719, 12275433555, 10680855, 6137123727, 191785179]] [2353035028.0, [428.625, 1491702, 47652928, 135518, 25506688, 756947]]
Arch_Param: [32, 4096, 8192, 4, 512, 128]
SK_cost: [73193592725.33333, [2931941.5555555555, 45607460, 1459298552, 1634116, 1289391288, 4824681889]] [8246436900.0, [388719.0, 5111919, 163578660, 164463, 163185444, 545001327]] [315243000.0, [13130.0, 195230, 6247200, 13150, 6247200, 12492810]] [5723296600.0, [223516.0, 3553222, 113702944, 38734, 113702944, 437444628]] [4463947064.0, [175110.0, 2777094, 88670256, 39302, 88670256, 348258310]] [618718196082.0, [28428270.0, 383608719, 12275433555, 10680855, 12275130963, 42260303067]] [20942993624.0, [851781.3333333333, 13074038, 417716928, 820318, 353006784, 1218624531]]
Model_cost: [62463677530.0, [7250.25, 40282660, 1288904952, 5243940, 49400505, 203042]] [8039996196.0, [15687.0, 5111919, 163578660, 164463, 77870628, 2433543]] [313984440.0, [20.0, 195230, 6247200, 13150, 6247200, 195210]] [5311407572.0, [5002.625, 3327942, 106002464, 38734, 103509152, 1846183736]] [3361220408.0, [1430.0, 2175750, 69427248, 51590, 8285232, 244838]] [603713348490.0, [2925.0, 383608719, 12275433555, 10680855, 6137123727, 191785179]] [2351600564.0, [419.625, 1491702, 47652928, 113118, 25506688, 790995]]
Arch_Param: [32, 4096, 8192, 4, 512, 256]
SK_cost: [73193592725.33333, [2931941.5555555555, 45607460, 1459298552, 1634116, 1289391288, 4824681889]] [8246436900.0, [388719.0, 5111919, 163578660, 164463, 163185444, 545001327]] [315243000.0, [13130.0, 195230, 6247200, 13150, 6247200, 12492810]] [5723296600.0, [223516.0, 3553222, 113702944, 38734, 113702944, 437444628]] [4463947064.0, [175110.0, 2777094, 88670256, 39302, 88670256, 348258310]] [618718196082.0, [28428270.0, 383608719, 12275433555, 10680855, 12275130963, 42260303067]] [20942993624.0, [851781.3333333333, 13074038, 417716928, 820318, 353006784, 1218624531]]
Model_cost: [62462596474.0, [7253.25, 40282660, 1288904952, 5206308, 50064057, 207842]] [8039996196.0, [15687.0, 5111919, 163578660, 164463, 77870628, 2433543]] [313984440.0, [20.0, 195230, 6247200, 13150, 6247200, 195210]] [5311407572.0, [5002.625, 3327942, 106002464, 38734, 103509152, 1846183736]] [3360143416.0, [1422.0, 2175750, 69427248, 39302, 8140336, 249142]] [603713348490.0, [2925.0, 383608719, 12275433555, 10680855, 6137123727, 191785179]] [2351600564.0, [419.625, 1491702, 47652928, 113118, 25506688, 790995]]
Arch_Param: [32, 4096, 8192, 4, 512, 512]
SK_cost: [73193592725.33333, [2931941.5555555555, 45607460, 1459298552, 1634116, 1289391288, 4824681889]] [8246436900.0, [388719.0, 5111919, 163578660, 164463, 163185444, 545001327]] [315243000.0, [13130.0, 195230, 6247200, 13150, 6247200, 12492810]] [5723296600.0, [223516.0, 3553222, 113702944, 38734, 113702944, 437444628]] [4463947064.0, [175110.0, 2777094, 88670256, 39302, 88670256, 348258310]] [618718196082.0, [28428270.0, 383608719, 12275433555, 10680855, 12275130963, 42260303067]] [20942993624.0, [851781.3333333333, 13074038, 417716928, 820318, 353006784, 1218624531]]
Model_cost: [62243510234.0, [7238.25, 40282660, 1288904952, 1783108, 50064057, 1539298]] [8039996196.0, [15687.0, 5111919, 163578660, 164463, 77870628, 2433543]] [313984440.0, [20.0, 195230, 6247200, 13150, 6247200, 195210]] [5311407572.0, [5002.625, 3327942, 106002464, 38734, 103509152, 1846183736]] [3359604920.0, [1418.0, 2175750, 69427248, 39302, 7871280, 243358]] [603713348490.0, [2925.0, 383608719, 12275433555, 10680855, 6137123727, 191785179]] [2350985624.0, [414.0, 1491702, 47652928, 103518, 25506688, 796755]]
Arch_Param: [32, 4096, 8192, 4, 1024, 64]
SK_cost: [73102428361.33333, [2931941.5555555555, 22816417, 1459298552, 1634113, 1289391288, 4824681889]] [8236213284.0, [388719.0, 2556015, 163578660, 164463, 163185444, 545001327]] [314877520.0, [13130.0, 104020, 6247200, 13140, 6247200, 12492810]] [5716213856.0, [223516.0, 1783016, 113702944, 38704, 113702944, 437444628]] [4458409272.0, [175110.0, 1392646, 88670256, 39302, 88670256, 348258310]] [617950982034.0, [28428270.0, 191805207, 12275433555, 10680855, 12275130963, 42260303067]] [20916942124.0, [851781.3333333333, 6562107, 417716928, 820259, 353006784, 1218624531]]
Model_cost: [62383162766.0, [7250.25, 20154017, 1288904952, 5243937, 49400505, 198946]] [8029772580.0, [15687.0, 2556015, 163578660, 164463, 77870628, 1216827]] [313619020.0, [20.625, 104020, 6247200, 13140, 6247200, 27210]] [5304816408.0, [5003.25, 1680616, 106002464, 38704, 103509152, 1846014118]] [3371238072.0, [1446.0, 1094662, 69427248, 267526, 8545520, 34352]] [602946134442.0, [2925.0, 191805207, 12275433555, 10680855, 6137123727, 95892675]] [2350060392.0, [428.625, 748987, 47652928, 135459, 25506688, 382931]]
Arch_Param: [32, 4096, 8192, 4, 1024, 128]
SK_cost: [73102428361.33333, [2931941.5555555555, 22816417, 1459298552, 1634113, 1289391288, 4824681889]] [8236213284.0, [388719.0, 2556015, 163578660, 164463, 163185444, 545001327]] [314877520.0, [13130.0, 104020, 6247200, 13140, 6247200, 12492810]] [5716213856.0, [223516.0, 1783016, 113702944, 38704, 113702944, 437444628]] [4458409272.0, [175110.0, 1392646, 88670256, 39302, 88670256, 348258310]] [617950982034.0, [28428270.0, 191805207, 12275433555, 10680855, 12275130963, 42260303067]] [20916942124.0, [851781.3333333333, 6562107, 417716928, 820259, 353006784, 1218624531]]
Model_cost: [62383162766.0, [7250.25, 20154017, 1288904952, 5243937, 49400505, 198946]] [8029772580.0, [15687.0, 2556015, 163578660, 164463, 77870628, 1216827]] [313619020.0, [20.625, 104020, 6247200, 13140, 6247200, 27210]] [5304816408.0, [5003.25, 1680616, 106002464, 38704, 103509152, 1846014118]] [3356885304.0, [1430.0, 1091974, 69427248, 51590, 8285232, 123702]] [602946134442.0, [2925.0, 191805207, 12275433555, 10680855, 6137123727, 95892675]] [2348625928.0, [419.625, 748987, 47652928, 113059, 25506688, 396499]]
Arch_Param: [32, 4096, 8192, 4, 1024, 256]
SK_cost: [73102428361.33333, [2931941.5555555555, 22816417, 1459298552, 1634113, 1289391288, 4824681889]] [8236213284.0, [388719.0, 2556015, 163578660, 164463, 163185444, 545001327]] [314877520.0, [13130.0, 104020, 6247200, 13140, 6247200, 12492810]] [5716213856.0, [223516.0, 1783016, 113702944, 38704, 113702944, 437444628]] [4458409272.0, [175110.0, 1392646, 88670256, 39302, 88670256, 348258310]] [617950982034.0, [28428270.0, 191805207, 12275433555, 10680855, 12275130963, 42260303067]] [20916942124.0, [851781.3333333333, 6562107, 417716928, 820259, 353006784, 1218624531]]
Model_cost: [62382081710.0, [7253.25, 20154017, 1288904952, 5206305, 50064057, 202402]] [8029772580.0, [15687.0, 2556015, 163578660, 164463, 77870628, 1216827]] [313619020.0, [20.625, 104020, 6247200, 13140, 6247200, 27210]] [5304816408.0, [5003.25, 1680616, 106002464, 38704, 103509152, 1846014118]] [3355808312.0, [1422.0, 1091974, 69427248, 39302, 8140336, 125086]] [602946134442.0, [2925.0, 191805207, 12275433555, 10680855, 6137123727, 95892675]] [2348625928.0, [419.625, 748987, 47652928, 113059, 25506688, 396499]]
Arch_Param: [32, 4096, 8192, 4, 1024, 512]
SK_cost: [73102428361.33333, [2931941.5555555555, 22816417, 1459298552, 1634113, 1289391288, 4824681889]] [8236213284.0, [388719.0, 2556015, 163578660, 164463, 163185444, 545001327]] [314877520.0, [13130.0, 104020, 6247200, 13140, 6247200, 12492810]] [5716213856.0, [223516.0, 1783016, 113702944, 38704, 113702944, 437444628]] [4458409272.0, [175110.0, 1392646, 88670256, 39302, 88670256, 348258310]] [617950982034.0, [28428270.0, 191805207, 12275433555, 10680855, 12275130963, 42260303067]] [20916942124.0, [851781.3333333333, 6562107, 417716928, 820259, 353006784, 1218624531]]
Model_cost: [62162995470.0, [7238.25, 20154017, 1288904952, 1783105, 50064057, 772002]] [8029772580.0, [15687.0, 2556015, 163578660, 164463, 77870628, 1216827]] [313619020.0, [20.625, 104020, 6247200, 13140, 6247200, 27210]] [5304816408.0, [5003.25, 1680616, 106002464, 38704, 103509152, 1846014118]] [3355269816.0, [1418.0, 1091974, 69427248, 39302, 7871280, 121938]] [602946134442.0, [2925.0, 191805207, 12275433555, 10680855, 6137123727, 95892675]] [2348010988.0, [414.0, 748987, 47652928, 103459, 25506688, 398419]]
Arch_Param: [32, 4096, 8192, 8, 256, 64]
SK_cost: [38098145950.666664, [1520515.7777777778, 47352385, 757568376, 845281, 672693432, 2505874849]] [4312876068.0, [203631.0, 5333103, 85328676, 86895, 85328676, 283119471]] [316025160.0, [13130.0, 390450, 6247200, 13170, 6247200, 12492810]] [5737513288.0, [223516.0, 7106434, 113702944, 38794, 113702944, 437444628]] [2237513016.0, [87558.0, 2772998, 44335152, 19654, 44335152, 174129158]] [310141573026.0, [14214982.5, 383626383, 6138012243, 5340891, 6138012243, 21131037915]] [14040301616.0, [563098.6666666666, 17443052, 278762688, 474836, 252736704, 852278291]]
Model_cost: [32550671956.666668, [3757.652777777778, 41814593, 668963704, 2718657, 49400505, 211234]] [4279833252.0, [14811.0, 5333103, 85328676, 86895, 77870628, 4866975]] [314766600.0, [20.0, 390450, 6247200, 13170, 6247200, 390410]] [5324641220.0, [5002.625, 6635394, 106002464, 38794, 103509152, 1846382172]] [1693110456.0, [726.0, 2171654, 34713648, 28294, 8144112, 477744]] [308775361002.0, [2118.0, 383626383, 6138012243, 5340891, 6137123727, 383570187]] [1639743212.0, [248.625, 2055020, 32839552, 65428, 25506688, 1579987]]
Arch_Param: [32, 4096, 8192, 8, 256, 128]
SK_cost: [38098145950.666664, [1520515.7777777778, 47352385, 757568376, 845281, 672693432, 2505874849]] [4312876068.0, [203631.0, 5333103, 85328676, 86895, 85328676, 283119471]] [316025160.0, [13130.0, 390450, 6247200, 13170, 6247200, 12492810]] [5737513288.0, [223516.0, 7106434, 113702944, 38794, 113702944, 437444628]] [2237513016.0, [87558.0, 2772998, 44335152, 19654, 44335152, 174129158]] [310141573026.0, [14214982.5, 383626383, 6138012243, 5340891, 6138012243, 21131037915]] [14040301616.0, [563098.6666666666, 17443052, 278762688, 474836, 252736704, 852278291]]
Model_cost: [32550671956.666668, [3757.652777777778, 41814593, 668963704, 2718657, 49400505, 211234]] [4279833252.0, [14811.0, 5333103, 85328676, 86895, 77870628, 4866975]] [314766600.0, [20.0, 390450, 6247200, 13170, 6247200, 390410]] [5324641220.0, [5002.625, 6635394, 106002464, 38794, 103509152, 1846382172]] [1692549176.0, [718.0, 2171654, 34713648, 19654, 8140336, 497254]] [308775361002.0, [2118.0, 383626383, 6138012243, 5340891, 6137123727, 383570187]] [1639743212.0, [248.625, 2055020, 32839552, 65428, 25506688, 1579987]]
Arch_Param: [32, 4096, 8192, 8, 256, 256]
SK_cost: [38098145950.666664, [1520515.7777777778, 47352385, 757568376, 845281, 672693432, 2505874849]] [4312876068.0, [203631.0, 5333103, 85328676, 86895, 85328676, 283119471]] [316025160.0, [13130.0, 390450, 6247200, 13170, 6247200, 12492810]] [5737513288.0, [223516.0, 7106434, 113702944, 38794, 113702944, 437444628]] [2237513016.0, [87558.0, 2772998, 44335152, 19654, 44335152, 174129158]] [310141573026.0, [14214982.5, 383626383, 6138012243, 5340891, 6138012243, 21131037915]] [14040301616.0, [563098.6666666666, 17443052, 278762688, 474836, 252736704, 852278291]]
Model_cost: [32436747572.666668, [3754.652777777778, 41814593, 668963704, 938593, 49400505, 3066402]] [4279833252.0, [14811.0, 5333103, 85328676, 86895, 77870628, 4866975]] [314766600.0, [20.0, 390450, 6247200, 13170, 6247200, 390410]] [5324641220.0, [5002.625, 6635394, 106002464, 38794, 103509152, 1846382172]] [1692010680.0, [714.0, 2171654, 34713648, 19654, 7871280, 486198]] [308775361002.0, [2118.0, 383626383, 6138012243, 5340891, 6137123727, 383570187]] [1639423616.0, [247.5, 2055020, 32839552, 60436, 25506688, 1593427]]
Arch_Param: [32, 4096, 8192, 8, 512, 64]
SK_cost: [38003440362.666664, [1520515.7777777778, 23676452, 757568376, 845252, 672693432, 2505874849]] [4302210084.0, [203631.0, 2666607, 85328676, 86895, 85328676, 283119471]] [315243000.0, [13130.0, 195230, 6247200, 13150, 6247200, 12492810]] [5723296600.0, [223516.0, 3553222, 113702944, 38734, 113702944, 437444628]] [2231975224.0, [87558.0, 1388550, 44335152, 19654, 44335152, 174129158]] [309374322114.0, [14214982.5, 191813655, 6138012243, 5340891, 6138012243, 21131037915]] [14005407960.0, [563098.6666666666, 8721526, 278762688, 474718, 252736704, 852278291]]
Model_cost: [32467041952.666668, [3757.652777777778, 20907556, 668963704, 2718628, 49400505, 203042]] [4269167268.0, [14811.0, 2666607, 85328676, 86895, 77870628, 2433543]] [313984440.0, [20.0, 195230, 6247200, 13150, 6247200, 195210]] [5311407572.0, [5002.625, 3327942, 106002464, 38734, 103509152, 1846183736]] [1688775352.0, [726.0, 1087878, 34713648, 28294, 8144112, 240176]] [308008110090.0, [2118.0, 191813655, 6138012243, 5340891, 6137123727, 191785179]] [1635625620.0, [248.625, 1027510, 32839552, 65310, 25506688, 790995]]
Arch_Param: [32, 4096, 8192, 8, 512, 128]
SK_cost: [38003440362.666664, [1520515.7777777778, 23676452, 757568376, 845252, 672693432, 2505874849]] [4302210084.0, [203631.0, 2666607, 85328676, 86895, 85328676, 283119471]] [315243000.0, [13130.0, 195230, 6247200, 13150, 6247200, 12492810]] [5723296600.0, [223516.0, 3553222, 113702944, 38734, 113702944, 437444628]] [2231975224.0, [87558.0, 1388550, 44335152, 19654, 44335152, 174129158]] [309374322114.0, [14214982.5, 191813655, 6138012243, 5340891, 6138012243, 21131037915]] [14005407960.0, [563098.6666666666, 8721526, 278762688, 474718, 252736704, 852278291]]
Model_cost: [32467041952.666668, [3757.652777777778, 20907556, 668963704, 2718628, 49400505, 203042]] [4269167268.0, [14811.0, 2666607, 85328676, 86895, 77870628, 2433543]] [313984440.0, [20.0, 195230, 6247200, 13150, 6247200, 195210]] [5311407572.0, [5002.625, 3327942, 106002464, 38734, 103509152, 1846183736]] [1688214072.0, [718.0, 1087878, 34713648, 19654, 8140336, 249142]] [308008110090.0, [2118.0, 191813655, 6138012243, 5340891, 6137123727, 191785179]] [1635625620.0, [248.625, 1027510, 32839552, 65310, 25506688, 790995]]
Arch_Param: [32, 4096, 8192, 8, 512, 256]
SK_cost: [38003440362.666664, [1520515.7777777778, 23676452, 757568376, 845252, 672693432, 2505874849]] [4302210084.0, [203631.0, 2666607, 85328676, 86895, 85328676, 283119471]] [315243000.0, [13130.0, 195230, 6247200, 13150, 6247200, 12492810]] [5723296600.0, [223516.0, 3553222, 113702944, 38734, 113702944, 437444628]] [2231975224.0, [87558.0, 1388550, 44335152, 19654, 44335152, 174129158]] [309374322114.0, [14214982.5, 191813655, 6138012243, 5340891, 6138012243, 21131037915]] [14005407960.0, [563098.6666666666, 8721526, 278762688, 474718, 252736704, 852278291]]
Model_cost: [32353117568.666668, [3754.652777777778, 20907556, 668963704, 938564, 49400505, 1534498]] [4269167268.0, [14811.0, 2666607, 85328676, 86895, 77870628, 2433543]] [313984440.0, [20.0, 195230, 6247200, 13150, 6247200, 195210]] [5311407572.0, [5002.625, 3327942, 106002464, 38734, 103509152, 1846183736]] [1687675576.0, [714.0, 1087878, 34713648, 19654, 7871280, 243358]] [308008110090.0, [2118.0, 191813655, 6138012243, 5340891, 6137123727, 191785179]] [1635306024.0, [247.5, 1027510, 32839552, 60318, 25506688, 796755]]
Arch_Param: [32, 4096, 8192, 8, 512, 512]
SK_cost: [38003440362.666664, [1520515.7777777778, 23676452, 757568376, 845252, 672693432, 2505874849]] [4302210084.0, [203631.0, 2666607, 85328676, 86895, 85328676, 283119471]] [315243000.0, [13130.0, 195230, 6247200, 13150, 6247200, 12492810]] [5723296600.0, [223516.0, 3553222, 113702944, 38734, 113702944, 437444628]] [2231975224.0, [87558.0, 1388550, 44335152, 19654, 44335152, 174129158]] [309374322114.0, [14214982.5, 191813655, 6138012243, 5340891, 6138012243, 21131037915]] [14005407960.0, [563098.6666666666, 8721526, 278762688, 474718, 252736704, 852278291]]
Model_cost: [32353117568.666668, [3754.652777777778, 20907556, 668963704, 938564, 49400505, 1534498]] [4269167268.0, [14811.0, 2666607, 85328676, 86895, 77870628, 2433543]] [313984440.0, [20.0, 195230, 6247200, 13150, 6247200, 195210]] [5311407572.0, [5002.625, 3327942, 106002464, 38734, 103509152, 1846183736]] [1687537400.0, [712.0, 1087878, 34713648, 19654, 7802288, 242514]] [308008110090.0, [2118.0, 191813655, 6138012243, 5340891, 6137123727, 191785179]] [1635306024.0, [247.5, 1027510, 32839552, 60318, 25506688, 796755]]
Arch_Param: [32, 4096, 8192, 8, 1024, 64]
SK_cost: [37956113182.666664, [1520515.7777777778, 11844705, 757568376, 845249, 672693432, 2505874849]] [4296877092.0, [203631.0, 1333359, 85328676, 86895, 85328676, 283119471]] [314877520.0, [13130.0, 104020, 6247200, 13140, 6247200, 12492810]] [5716213856.0, [223516.0, 1783016, 113702944, 38704, 113702944, 437444628]] [2229206328.0, [87558.0, 696326, 44335152, 19654, 44335152, 174129158]] [308990696658.0, [14214982.5, 95907291, 6138012243, 5340891, 6138012243, 21131037915]] [13988011308.0, [563098.6666666666, 4373307, 278762688, 474659, 252736704, 852278291]]
Model_cost: [32425252564.666668, [3757.652777777778, 10460257, 668963704, 2718625, 49400505, 198946]] [4263834276.0, [14811.0, 1333359, 85328676, 86895, 77870628, 1216827]] [313619020.0, [20.625, 104020, 6247200, 13140, 6247200, 27210]] [5304816408.0, [5003.25, 1680616, 106002464, 38704, 103509152, 1846014118]] [1686613176.0, [726.0, 547334, 34713648, 28294, 8144112, 121392]] [307624484634.0, [2118.0, 95907291, 6138012243, 5340891, 6137123727, 95892675]] [1633573096.0, [248.625, 515323, 32839552, 65251, 25506688, 396499]]
Arch_Param: [32, 4096, 8192, 8, 1024, 128]
SK_cost: [37956113182.666664, [1520515.7777777778, 11844705, 757568376, 845249, 672693432, 2505874849]] [4296877092.0, [203631.0, 1333359, 85328676, 86895, 85328676, 283119471]] [314877520.0, [13130.0, 104020, 6247200, 13140, 6247200, 12492810]] [5716213856.0, [223516.0, 1783016, 113702944, 38704, 113702944, 437444628]] [2229206328.0, [87558.0, 696326, 44335152, 19654, 44335152, 174129158]] [308990696658.0, [14214982.5, 95907291, 6138012243, 5340891, 6138012243, 21131037915]] [13988011308.0, [563098.6666666666, 4373307, 278762688, 474659, 252736704, 852278291]]
Model_cost: [32425252564.666668, [3757.652777777778, 10460257, 668963704, 2718625, 49400505, 198946]] [4263834276.0, [14811.0, 1333359, 85328676, 86895, 77870628, 1216827]] [313619020.0, [20.625, 104020, 6247200, 13140, 6247200, 27210]] [5304816408.0, [5003.25, 1680616, 106002464, 38704, 103509152, 1846014118]] [1686046520.0, [718.0, 545990, 34713648, 19654, 8140336, 125086]] [307624484634.0, [2118.0, 95907291, 6138012243, 5340891, 6137123727, 95892675]] [1633573096.0, [248.625, 515323, 32839552, 65251, 25506688, 396499]]
Arch_Param: [32, 4096, 8192, 8, 1024, 256]
SK_cost: [37956113182.666664, [1520515.7777777778, 11844705, 757568376, 845249, 672693432, 2505874849]] [4296877092.0, [203631.0, 1333359, 85328676, 86895, 85328676, 283119471]] [314877520.0, [13130.0, 104020, 6247200, 13140, 6247200, 12492810]] [5716213856.0, [223516.0, 1783016, 113702944, 38704, 113702944, 437444628]] [2229206328.0, [87558.0, 696326, 44335152, 19654, 44335152, 174129158]] [308990696658.0, [14214982.5, 95907291, 6138012243, 5340891, 6138012243, 21131037915]] [13988011308.0, [563098.6666666666, 4373307, 278762688, 474659, 252736704, 852278291]]
Model_cost: [32311328180.666668, [3754.652777777778, 10460257, 668963704, 938561, 49400505, 768546]] [4263834276.0, [14811.0, 1333359, 85328676, 86895, 77870628, 1216827]] [313619020.0, [20.625, 104020, 6247200, 13140, 6247200, 27210]] [5304816408.0, [5003.25, 1680616, 106002464, 38704, 103509152, 1846014118]] [1685508024.0, [714.0, 545990, 34713648, 19654, 7871280, 121938]] [307624484634.0, [2118.0, 95907291, 6138012243, 5340891, 6137123727, 95892675]] [1633253500.0, [247.5, 515323, 32839552, 60259, 25506688, 398419]]
Arch_Param: [32, 4096, 8192, 8, 1024, 512]
SK_cost: [37956113182.666664, [1520515.7777777778, 11844705, 757568376, 845249, 672693432, 2505874849]] [4296877092.0, [203631.0, 1333359, 85328676, 86895, 85328676, 283119471]] [314877520.0, [13130.0, 104020, 6247200, 13140, 6247200, 12492810]] [5716213856.0, [223516.0, 1783016, 113702944, 38704, 113702944, 437444628]] [2229206328.0, [87558.0, 696326, 44335152, 19654, 44335152, 174129158]] [308990696658.0, [14214982.5, 95907291, 6138012243, 5340891, 6138012243, 21131037915]] [13988011308.0, [563098.6666666666, 4373307, 278762688, 474659, 252736704, 852278291]]
Model_cost: [32311328180.666668, [3754.652777777778, 10460257, 668963704, 938561, 49400505, 768546]] [4263834276.0, [14811.0, 1333359, 85328676, 86895, 77870628, 1216827]] [313619020.0, [20.625, 104020, 6247200, 13140, 6247200, 27210]] [5304816408.0, [5003.25, 1680616, 106002464, 38704, 103509152, 1846014118]] [1685369848.0, [712.0, 545990, 34713648, 19654, 7802288, 121388]] [307624484634.0, [2118.0, 95907291, 6138012243, 5340891, 6137123727, 95892675]] [1633253500.0, [247.5, 515323, 32839552, 60259, 25506688, 398419]]
Arch_Param: [32, 4096, 8192, 16, 256, 64]
SK_cost: [20465823561.333332, [815146.8888888889, 25429697, 406836408, 451617, 364399800, 1346637217]] [4312876068.0, [203631.0, 5333103, 85328676, 86895, 85328676, 283119471]] [316025160.0, [13130.0, 390450, 6247200, 13170, 6247200, 12492810]] [5737513288.0, [223516.0, 7106434, 113702944, 38794, 113702944, 437444628]] [1118758200.0, [43782.0, 1386502, 22167600, 9830, 22167600, 87064582]] [310141573026.0, [14214982.5, 383626383, 6138012243, 5340891, 6138012243, 21131037915]] [11945242672.0, [472602.6666666667, 14813420, 236848320, 329428, 225408192, 758758419]]
Model_cost: [17520089967.333336, [2027.263888888889, 22447809, 359126200, 1456961, 49400505, 211234]] [4279833252.0, [14811.0, 5333103, 85328676, 86895, 77870628, 4866975]] [314766600.0, [20.0, 390450, 6247200, 13170, 6247200, 390410]] [5324641220.0, [5002.625, 6635394, 106002464, 38794, 103509152, 1846382172]] [854299576.0, [366.0, 1085830, 17356848, 14150, 7943408, 476720]] [308775361002.0, [2118.0, 383626383, 6138012243, 5340891, 6137123727, 383570187]] [1429894628.0, [181.875, 1783660, 28517760, 44948, 25506688, 1579987]]
Arch_Param: [32, 4096, 8192, 16, 256, 128]
SK_cost: [20465823561.333332, [815146.8888888889, 25429697, 406836408, 451617, 364399800, 1346637217]] [4312876068.0, [203631.0, 5333103, 85328676, 86895, 85328676, 283119471]] [316025160.0, [13130.0, 390450, 6247200, 13170, 6247200, 12492810]] [5737513288.0, [223516.0, 7106434, 113702944, 38794, 113702944, 437444628]] [1118758200.0, [43782.0, 1386502, 22167600, 9830, 22167600, 87064582]] [310141573026.0, [14214982.5, 383626383, 6138012243, 5340891, 6138012243, 21131037915]] [11945242672.0, [472602.6666666667, 14813420, 236848320, 329428, 225408192, 758758419]]
Model_cost: [17458745359.333336, [2018.263888888889, 22447809, 359126200, 498465, 49400505, 3066402]] [4279833252.0, [14811.0, 5333103, 85328676, 86895, 77870628, 4866975]] [314766600.0, [20.0, 390450, 6247200, 13170, 6247200, 390410]] [5324641220.0, [5002.625, 6635394, 106002464, 38794, 103509152, 1846382172]] [853878456.0, [362.0, 1085830, 17356848, 9830, 7871280, 486198]] [308775361002.0, [2118.0, 383626383, 6138012243, 5340891, 6137123727, 383570187]] [1429722272.0, [178.5, 1783660, 28517760, 42260, 25506688, 1593427]]
Arch_Param: [32, 4096, 8192, 16, 256, 256]
SK_cost: [20465823561.333332, [815146.8888888889, 25429697, 406836408, 451617, 364399800, 1346637217]] [4312876068.0, [203631.0, 5333103, 85328676, 86895, 85328676, 283119471]] [316025160.0, [13130.0, 390450, 6247200, 13170, 6247200, 12492810]] [5737513288.0, [223516.0, 7106434, 113702944, 38794, 113702944, 437444628]] [1118758200.0, [43782.0, 1386502, 22167600, 9830, 22167600, 87064582]] [310141573026.0, [14214982.5, 383626383, 6138012243, 5340891, 6138012243, 21131037915]] [11945242672.0, [472602.6666666667, 14813420, 236848320, 329428, 225408192, 758758419]]
Model_cost: [17458745359.333336, [2018.263888888889, 22447809, 359126200, 498465, 49400505, 3066402]] [4279833252.0, [14811.0, 5333103, 85328676, 86895, 77870628, 4866975]] [314766600.0, [20.0, 390450, 6247200, 13170, 6247200, 390410]] [5324641220.0, [5002.625, 6635394, 106002464, 38794, 103509152, 1846382172]] [853740280.0, [360.0, 1085830, 17356848, 9830, 7802288, 484766]] [308775361002.0, [2118.0, 383626383, 6138012243, 5340891, 6137123727, 383570187]] [1429722272.0, [178.5, 1783660, 28517760, 42260, 25506688, 1593427]]
Arch_Param: [32, 4096, 8192, 16, 512, 64]
SK_cost: [20414963349.333332, [815146.8888888889, 12715108, 406836408, 451588, 364399800, 1346637217]] [4302210084.0, [203631.0, 2666607, 85328676, 86895, 85328676, 283119471]] [315243000.0, [13130.0, 195230, 6247200, 13150, 6247200, 12492810]] [5723296600.0, [223516.0, 3553222, 113702944, 38734, 113702944, 437444628]] [1115989304.0, [43782.0, 694278, 22167600, 9830, 22167600, 87064582]] [309374322114.0, [14214982.5, 191813655, 6138012243, 5340891, 6138012243, 21131037915]] [11915608280.0, [472602.6666666667, 7406710, 236848320, 329310, 225408192, 758758419]]
Model_cost: [17475193531.333336, [2027.263888888889, 11224164, 359126200, 1456932, 49400505, 203042]] [4269167268.0, [14811.0, 2666607, 85328676, 86895, 77870628, 2433543]] [313984440.0, [20.0, 195230, 6247200, 13150, 6247200, 195210]] [5311407572.0, [5002.625, 3327942, 106002464, 38734, 103509152, 1846183736]] [852132024.0, [366.0, 543942, 17356848, 14150, 7943408, 239152]] [308008110090.0, [2118.0, 191813655, 6138012243, 5340891, 6137123727, 191785179]] [1426319756.0, [181.875, 891830, 28517760, 44830, 25506688, 790995]]
Arch_Param: [32, 4096, 8192, 16, 512, 128]
SK_cost: [20414963349.333332, [815146.8888888889, 12715108, 406836408, 451588, 364399800, 1346637217]] [4302210084.0, [203631.0, 2666607, 85328676, 86895, 85328676, 283119471]] [315243000.0, [13130.0, 195230, 6247200, 13150, 6247200, 12492810]] [5723296600.0, [223516.0, 3553222, 113702944, 38734, 113702944, 437444628]] [1115989304.0, [43782.0, 694278, 22167600, 9830, 22167600, 87064582]] [309374322114.0, [14214982.5, 191813655, 6138012243, 5340891, 6138012243, 21131037915]] [11915608280.0, [472602.6666666667, 7406710, 236848320, 329310, 225408192, 758758419]]
Model_cost: [17413848923.333336, [2018.263888888889, 11224164, 359126200, 498436, 49400505, 1534498]] [4269167268.0, [14811.0, 2666607, 85328676, 86895, 77870628, 2433543]] [313984440.0, [20.0, 195230, 6247200, 13150, 6247200, 195210]] [5311407572.0, [5002.625, 3327942, 106002464, 38734, 103509152, 1846183736]] [851710904.0, [362.0, 543942, 17356848, 9830, 7871280, 243358]] [308008110090.0, [2118.0, 191813655, 6138012243, 5340891, 6137123727, 191785179]] [1426147400.0, [178.5, 891830, 28517760, 42142, 25506688, 796755]]
Arch_Param: [32, 4096, 8192, 16, 512, 256]
SK_cost: [20414963349.333332, [815146.8888888889, 12715108, 406836408, 451588, 364399800, 1346637217]] [4302210084.0, [203631.0, 2666607, 85328676, 86895, 85328676, 283119471]] [315243000.0, [13130.0, 195230, 6247200, 13150, 6247200, 12492810]] [5723296600.0, [223516.0, 3553222, 113702944, 38734, 113702944, 437444628]] [1115989304.0, [43782.0, 694278, 22167600, 9830, 22167600, 87064582]] [309374322114.0, [14214982.5, 191813655, 6138012243, 5340891, 6138012243, 21131037915]] [11915608280.0, [472602.6666666667, 7406710, 236848320, 329310, 225408192, 758758419]]
Model_cost: [17413848923.333336, [2018.263888888889, 11224164, 359126200, 498436, 49400505, 1534498]] [4269167268.0, [14811.0, 2666607, 85328676, 86895, 77870628, 2433543]] [313984440.0, [20.0, 195230, 6247200, 13150, 6247200, 195210]] [5311407572.0, [5002.625, 3327942, 106002464, 38734, 103509152, 1846183736]] [851572728.0, [360.0, 543942, 17356848, 9830, 7802288, 242514]] [308008110090.0, [2118.0, 191813655, 6138012243, 5340891, 6137123727, 191785179]] [1426147400.0, [178.5, 891830, 28517760, 42142, 25506688, 796755]]
Arch_Param: [32, 4096, 8192, 16, 512, 512]
SK_cost: [20414963349.333332, [815146.8888888889, 12715108, 406836408, 451588, 364399800, 1346637217]] [4302210084.0, [203631.0, 2666607, 85328676, 86895, 85328676, 283119471]] [315243000.0, [13130.0, 195230, 6247200, 13150, 6247200, 12492810]] [5723296600.0, [223516.0, 3553222, 113702944, 38734, 113702944, 437444628]] [1115989304.0, [43782.0, 694278, 22167600, 9830, 22167600, 87064582]] [309374322114.0, [14214982.5, 191813655, 6138012243, 5340891, 6138012243, 21131037915]] [11915608280.0, [472602.6666666667, 7406710, 236848320, 329310, 225408192, 758758419]]
Model_cost: [17413233983.333336, [2012.638888888889, 11224164, 359126200, 488836, 49400505, 1540898]] [4269167268.0, [14811.0, 2666607, 85328676, 86895, 77870628, 2433543]] [313984440.0, [20.0, 195230, 6247200, 13150, 6247200, 195210]] [5311407572.0, [5002.625, 3327942, 106002464, 38734, 103509152, 1846183736]] [851503640.0, [359.0, 543942, 17356848, 9830, 7767792, 242092]] [308008110090.0, [2118.0, 191813655, 6138012243, 5340891, 6137123727, 191785179]] [1426147400.0, [178.5, 891830, 28517760, 42142, 25506688, 796755]]
Arch_Param: [32, 4096, 8192, 16, 1024, 64]
SK_cost: [20389546441.333332, [815146.8888888889, 6360929, 406836408, 451585, 364399800, 1346637217]] [4296877092.0, [203631.0, 1333359, 85328676, 86895, 85328676, 283119471]] [314877520.0, [13130.0, 104020, 6247200, 13140, 6247200, 12492810]] [5716213856.0, [223516.0, 1783016, 113702944, 38704, 113702944, 437444628]] [1114604856.0, [43782.0, 348166, 22167600, 9830, 22167600, 87064582]] [308990696658.0, [14214982.5, 95907291, 6138012243, 5340891, 6138012243, 21131037915]] [11900816684.0, [472602.6666666667, 3709755, 236848320, 329251, 225408192, 758758419]]
Model_cost: [17452758511.333336, [2027.263888888889, 5615457, 359126200, 1456929, 49400505, 198946]] [4263834276.0, [14811.0, 1333359, 85328676, 86895, 77870628, 1216827]] [313619020.0, [20.625, 104020, 6247200, 13140, 6247200, 27210]] [5304816408.0, [5003.25, 1680616, 106002464, 38704, 103509152, 1846014118]] [851050936.0, [366.0, 273670, 17356848, 14150, 7943408, 120368]] [307624484634.0, [2118.0, 95907291, 6138012243, 5340891, 6137123727, 95892675]] [1424535520.0, [181.875, 446715, 28517760, 44771, 25506688, 396499]]
Arch_Param: [32, 4096, 8192, 16, 1024, 128]
SK_cost: [20389546441.333332, [815146.8888888889, 6360929, 406836408, 451585, 364399800, 1346637217]] [4296877092.0, [203631.0, 1333359, 85328676, 86895, 85328676, 283119471]] [314877520.0, [13130.0, 104020, 6247200, 13140, 6247200, 12492810]] [5716213856.0, [223516.0, 1783016, 113702944, 38704, 113702944, 437444628]] [1114604856.0, [43782.0, 348166, 22167600, 9830, 22167600, 87064582]] [308990696658.0, [14214982.5, 95907291, 6138012243, 5340891, 6138012243, 21131037915]] [11900816684.0, [472602.6666666667, 3709755, 236848320, 329251, 225408192, 758758419]]
Model_cost: [17391413903.333336, [2018.263888888889, 5615457, 359126200, 498433, 49400505, 768546]] [4263834276.0, [14811.0, 1333359, 85328676, 86895, 77870628, 1216827]] [313619020.0, [20.625, 104020, 6247200, 13140, 6247200, 27210]] [5304816408.0, [5003.25, 1680616, 106002464, 38704, 103509152, 1846014118]] [850627128.0, [362.0, 272998, 17356848, 9830, 7871280, 121938]] [307624484634.0, [2118.0, 95907291, 6138012243, 5340891, 6137123727, 95892675]] [1424363164.0, [178.5, 446715, 28517760, 42083, 25506688, 398419]]
Arch_Param: [32, 4096, 8192, 16, 1024, 256]
SK_cost: [20389546441.333332, [815146.8888888889, 6360929, 406836408, 451585, 364399800, 1346637217]] [4296877092.0, [203631.0, 1333359, 85328676, 86895, 85328676, 283119471]] [314877520.0, [13130.0, 104020, 6247200, 13140, 6247200, 12492810]] [5716213856.0, [223516.0, 1783016, 113702944, 38704, 113702944, 437444628]] [1114604856.0, [43782.0, 348166, 22167600, 9830, 22167600, 87064582]] [308990696658.0, [14214982.5, 95907291, 6138012243, 5340891, 6138012243, 21131037915]] [11900816684.0, [472602.6666666667, 3709755, 236848320, 329251, 225408192, 758758419]]
Model_cost: [17391413903.333336, [2018.263888888889, 5615457, 359126200, 498433, 49400505, 768546]] [4263834276.0, [14811.0, 1333359, 85328676, 86895, 77870628, 1216827]] [313619020.0, [20.625, 104020, 6247200, 13140, 6247200, 27210]] [5304816408.0, [5003.25, 1680616, 106002464, 38704, 103509152, 1846014118]] [850488952.0, [360.0, 272998, 17356848, 9830, 7802288, 121388]] [307624484634.0, [2118.0, 95907291, 6138012243, 5340891, 6137123727, 95892675]] [1424363164.0, [178.5, 446715, 28517760, 42083, 25506688, 398419]]
Arch_Param: [32, 4096, 8192, 16, 1024, 512]
SK_cost: [20389546441.333332, [815146.8888888889, 6360929, 406836408, 451585, 364399800, 1346637217]] [4296877092.0, [203631.0, 1333359, 85328676, 86895, 85328676, 283119471]] [314877520.0, [13130.0, 104020, 6247200, 13140, 6247200, 12492810]] [5716213856.0, [223516.0, 1783016, 113702944, 38704, 113702944, 437444628]] [1114604856.0, [43782.0, 348166, 22167600, 9830, 22167600, 87064582]] [308990696658.0, [14214982.5, 95907291, 6138012243, 5340891, 6138012243, 21131037915]] [11900816684.0, [472602.6666666667, 3709755, 236848320, 329251, 225408192, 758758419]]
Model_cost: [17390798963.333336, [2012.638888888889, 5615457, 359126200, 488833, 49400505, 770786]] [4263834276.0, [14811.0, 1333359, 85328676, 86895, 77870628, 1216827]] [313619020.0, [20.625, 104020, 6247200, 13140, 6247200, 27210]] [5304816408.0, [5003.25, 1680616, 106002464, 38704, 103509152, 1846014118]] [850419864.0, [359.0, 272998, 17356848, 9830, 7767792, 121113]] [307624484634.0, [2118.0, 95907291, 6138012243, 5340891, 6137123727, 95892675]] [1424363164.0, [178.5, 446715, 28517760, 42083, 25506688, 398419]]
Arch_Param: [32, 4096, 8192, 32, 256, 64]
SK_cost: [11652509513.333334, [462656.22222222225, 14471873, 231526584, 254913, 210308280, 767184289]] [4312876068.0, [203631.0, 5333103, 85328676, 86895, 85328676, 283119471]] [316025160.0, [13130.0, 390450, 6247200, 13170, 6247200, 12492810]] [5737513288.0, [223516.0, 7106434, 113702944, 38794, 113702944, 437444628]] [559380792.0, [21894.0, 693254, 11083824, 4918, 11083824, 43532294]] [310141573026.0, [14214982.5, 383626383, 6138012243, 5340891, 6138012243, 21131037915]] [10897713200.0, [427354.6666666666, 13498604, 215891136, 256724, 211743936, 711998483]]
Model_cost: [9972474063.333332, [1145.5972222222222, 12767937, 204263608, 278721, 49400505, 3066402]] [4279833252.0, [14811.0, 5333103, 85328676, 86895, 77870628, 4866975]] [314766600.0, [20.0, 390450, 6247200, 13170, 6247200, 390410]] [5324641220.0, [5002.625, 6635394, 106002464, 38794, 103509152, 1846382172]] [434795832.0, [186.0, 542918, 8678448, 5542, 7843056, 483888]] [308775361002.0, [2118.0, 383626383, 6138012243, 5340891, 6137123727, 383570187]] [1324871552.0, [143.5, 1647980, 26356864, 33172, 25506688, 1593427]]
Arch_Param: [32, 4096, 8192, 32, 256, 128]
SK_cost: [11652509513.333334, [462656.22222222225, 14471873, 231526584, 254913, 210308280, 767184289]] [4312876068.0, [203631.0, 5333103, 85328676, 86895, 85328676, 283119471]] [316025160.0, [13130.0, 390450, 6247200, 13170, 6247200, 12492810]] [5737513288.0, [223516.0, 7106434, 113702944, 38794, 113702944, 437444628]] [559380792.0, [21894.0, 693254, 11083824, 4918, 11083824, 43532294]] [310141573026.0, [14214982.5, 383626383, 6138012243, 5340891, 6138012243, 21131037915]] [10897713200.0, [427354.6666666666, 13498604, 215891136, 256724, 211743936, 711998483]]
Model_cost: [9972474063.333332, [1145.5972222222222, 12767937, 204263608, 278721, 49400505, 3066402]] [4279833252.0, [14811.0, 5333103, 85328676, 86895, 77870628, 4866975]] [314766600.0, [20.0, 390450, 6247200, 13170, 6247200, 390410]] [5324641220.0, [5002.625, 6635394, 106002464, 38794, 103509152, 1846382172]] [434674168.0, [184.0, 542918, 8678448, 4918, 7802288, 484766]] [308775361002.0, [2118.0, 383626383, 6138012243, 5340891, 6137123727, 383570187]] [1324871552.0, [143.5, 1647980, 26356864, 33172, 25506688, 1593427]]
Arch_Param: [32, 4096, 8192, 32, 256, 256]
SK_cost: [11652509513.333334, [462656.22222222225, 14471873, 231526584, 254913, 210308280, 767184289]] [4312876068.0, [203631.0, 5333103, 85328676, 86895, 85328676, 283119471]] [316025160.0, [13130.0, 390450, 6247200, 13170, 6247200, 12492810]] [5737513288.0, [223516.0, 7106434, 113702944, 38794, 113702944, 437444628]] [559380792.0, [21894.0, 693254, 11083824, 4918, 11083824, 43532294]] [310141573026.0, [14214982.5, 383626383, 6138012243, 5340891, 6138012243, 21131037915]] [10897713200.0, [427354.6666666666, 13498604, 215891136, 256724, 211743936, 711998483]]
Model_cost: [9972154467.333332, [1144.4722222222222, 12767937, 204263608, 273729, 49400505, 3081122]] [4279833252.0, [14811.0, 5333103, 85328676, 86895, 77870628, 4866975]] [314766600.0, [20.0, 390450, 6247200, 13170, 6247200, 390410]] [5324641220.0, [5002.625, 6635394, 106002464, 38794, 103509152, 1846382172]] [434605080.0, [183.0, 542918, 8678448, 4918, 7767792, 484050]] [308775361002.0, [2118.0, 383626383, 6138012243, 5340891, 6137123727, 383570187]] [1324871552.0, [143.5, 1647980, 26356864, 33172, 25506688, 1593427]]
Arch_Param: [32, 4096, 8192, 32, 512, 64]
SK_cost: [11623564949.333334, [462656.22222222225, 7236196, 231526584, 254884, 210308280, 767184289]] [4302210084.0, [203631.0, 2666607, 85328676, 86895, 85328676, 283119471]] [315243000.0, [13130.0, 195230, 6247200, 13150, 6247200, 12492810]] [5723296600.0, [223516.0, 3553222, 113702944, 38734, 113702944, 437444628]] [557996344.0, [21894.0, 347142, 11083824, 4918, 11083824, 43532294]] [309374322114.0, [14214982.5, 191813655, 6138012243, 5340891, 6138012243, 21131037915]] [10870708440.0, [427354.6666666666, 6749302, 215891136, 256606, 211743936, 711998483]]
Model_cost: [9946937371.333332, [1145.5972222222222, 6384228, 204263608, 278692, 49400505, 1534498]] [4269167268.0, [14811.0, 2666607, 85328676, 86895, 77870628, 2433543]] [313984440.0, [20.0, 195230, 6247200, 13150, 6247200, 195210]] [5311407572.0, [5002.625, 3327942, 106002464, 38734, 103509152, 1846183736]] [433712056.0, [186.0, 271974, 8678448, 5542, 7843056, 242224]] [308008110090.0, [2118.0, 191813655, 6138012243, 5340891, 6137123727, 191785179]] [1321568040.0, [143.5, 823990, 26356864, 33054, 25506688, 796755]]
Arch_Param: [32, 4096, 8192, 32, 512, 128]
SK_cost: [11623564949.333334, [462656.22222222225, 7236196, 231526584, 254884, 210308280, 767184289]] [4302210084.0, [203631.0, 2666607, 85328676, 86895, 85328676, 283119471]] [315243000.0, [13130.0, 195230, 6247200, 13150, 6247200, 12492810]] [5723296600.0, [223516.0, 3553222, 113702944, 38734, 113702944, 437444628]] [557996344.0, [21894.0, 347142, 11083824, 4918, 11083824, 43532294]] [309374322114.0, [14214982.5, 191813655, 6138012243, 5340891, 6138012243, 21131037915]] [10870708440.0, [427354.6666666666, 6749302, 215891136, 256606, 211743936, 711998483]]
Model_cost: [9946937371.333332, [1145.5972222222222, 6384228, 204263608, 278692, 49400505, 1534498]] [4269167268.0, [14811.0, 2666607, 85328676, 86895, 77870628, 2433543]] [313984440.0, [20.0, 195230, 6247200, 13150, 6247200, 195210]] [5311407572.0, [5002.625, 3327942, 106002464, 38734, 103509152, 1846183736]] [433590392.0, [184.0, 271974, 8678448, 4918, 7802288, 242514]] [308008110090.0, [2118.0, 191813655, 6138012243, 5340891, 6137123727, 191785179]] [1321568040.0, [143.5, 823990, 26356864, 33054, 25506688, 796755]]
Arch_Param: [32, 4096, 8192, 32, 512, 256]
SK_cost: [11623564949.333334, [462656.22222222225, 7236196, 231526584, 254884, 210308280, 767184289]] [4302210084.0, [203631.0, 2666607, 85328676, 86895, 85328676, 283119471]] [315243000.0, [13130.0, 195230, 6247200, 13150, 6247200, 12492810]] [5723296600.0, [223516.0, 3553222, 113702944, 38734, 113702944, 437444628]] [557996344.0, [21894.0, 347142, 11083824, 4918, 11083824, 43532294]] [309374322114.0, [14214982.5, 191813655, 6138012243, 5340891, 6138012243, 21131037915]] [10870708440.0, [427354.6666666666, 6749302, 215891136, 256606, 211743936, 711998483]]
Model_cost: [9946617775.333332, [1144.4722222222222, 6384228, 204263608, 273700, 49400505, 1540898]] [4269167268.0, [14811.0, 2666607, 85328676, 86895, 77870628, 2433543]] [313984440.0, [20.0, 195230, 6247200, 13150, 6247200, 195210]] [5311407572.0, [5002.625, 3327942, 106002464, 38734, 103509152, 1846183736]] [433521304.0, [183.0, 271974, 8678448, 4918, 7767792, 242092]] [308008110090.0, [2118.0, 191813655, 6138012243, 5340891, 6137123727, 191785179]] [1321568040.0, [143.5, 823990, 26356864, 33054, 25506688, 796755]]
Arch_Param: [32, 4096, 8192, 32, 512, 512]
SK_cost: [11623564949.333334, [462656.22222222225, 7236196, 231526584, 254884, 210308280, 767184289]] [4302210084.0, [203631.0, 2666607, 85328676, 86895, 85328676, 283119471]] [315243000.0, [13130.0, 195230, 6247200, 13150, 6247200, 12492810]] [5723296600.0, [223516.0, 3553222, 113702944, 38734, 113702944, 437444628]] [557996344.0, [21894.0, 347142, 11083824, 4918, 11083824, 43532294]] [309374322114.0, [14214982.5, 191813655, 6138012243, 5340891, 6138012243, 21131037915]] [10870708440.0, [427354.6666666666, 6749302, 215891136, 256606, 211743936, 711998483]]
Model_cost: [9946617775.333332, [1144.4722222222222, 6384228, 204263608, 273700, 49400505, 1540898]] [4269167268.0, [14811.0, 2666607, 85328676, 86895, 77870628, 2433543]] [313984440.0, [20.0, 195230, 6247200, 13150, 6247200, 195210]] [5311407572.0, [5002.625, 3327942, 106002464, 38734, 103509152, 1846183736]] [433521304.0, [183.0, 271974, 8678448, 4918, 7767792, 242092]] [308008110090.0, [2118.0, 191813655, 6138012243, 5340891, 6137123727, 191785179]] [1321568040.0, [143.5, 823990, 26356864, 33054, 25506688, 796755]]
Arch_Param: [32, 4096, 8192, 32, 1024, 64]
SK_cost: [11609099721.333334, [462656.22222222225, 3619937, 231526584, 254881, 210308280, 767184289]] [4296877092.0, [203631.0, 1333359, 85328676, 86895, 85328676, 283119471]] [314877520.0, [13130.0, 104020, 6247200, 13140, 6247200, 12492810]] [5716213856.0, [223516.0, 1783016, 113702944, 38704, 113702944, 437444628]] [557304120.0, [21894.0, 174086, 11083824, 4918, 11083824, 43532294]] [308990696658.0, [14214982.5, 95907291, 6138012243, 5340891, 6138012243, 21131037915]] [10857219372.0, [427354.6666666666, 3377979, 215891136, 256547, 211743936, 711998483]]
Model_cost: [9934176079.333332, [1145.5972222222222, 3193953, 204263608, 278689, 49400505, 768546]] [4263834276.0, [14811.0, 1333359, 85328676, 86895, 77870628, 1216827]] [313619020.0, [20.625, 104020, 6247200, 13140, 6247200, 27210]] [5304816408.0, [5003.25, 1680616, 106002464, 38704, 103509152, 1846014118]] [433171512.0, [186.0, 136838, 8678448, 5542, 7843056, 121392]] [307624484634.0, [2118.0, 95907291, 6138012243, 5340891, 6137123727, 95892675]] [1319917948.0, [143.5, 412411, 26356864, 32995, 25506688, 398419]]
Arch_Param: [32, 4096, 8192, 32, 1024, 128]
SK_cost: [11609099721.333334, [462656.22222222225, 3619937, 231526584, 254881, 210308280, 767184289]] [4296877092.0, [203631.0, 1333359, 85328676, 86895, 85328676, 283119471]] [314877520.0, [13130.0, 104020, 6247200, 13140, 6247200, 12492810]] [5716213856.0, [223516.0, 1783016, 113702944, 38704, 113702944, 437444628]] [557304120.0, [21894.0, 174086, 11083824, 4918, 11083824, 43532294]] [308990696658.0, [14214982.5, 95907291, 6138012243, 5340891, 6138012243, 21131037915]] [10857219372.0, [427354.6666666666, 3377979, 215891136, 256547, 211743936, 711998483]]
Model_cost: [9934176079.333332, [1145.5972222222222, 3193953, 204263608, 278689, 49400505, 768546]] [4263834276.0, [14811.0, 1333359, 85328676, 86895, 77870628, 1216827]] [313619020.0, [20.625, 104020, 6247200, 13140, 6247200, 27210]] [5304816408.0, [5003.25, 1680616, 106002464, 38704, 103509152, 1846014118]] [433048504.0, [184.0, 136502, 8678448, 4918, 7802288, 121388]] [307624484634.0, [2118.0, 95907291, 6138012243, 5340891, 6137123727, 95892675]] [1319917948.0, [143.5, 412411, 26356864, 32995, 25506688, 398419]]
Arch_Param: [32, 4096, 8192, 32, 1024, 256]
SK_cost: [11609099721.333334, [462656.22222222225, 3619937, 231526584, 254881, 210308280, 767184289]] [4296877092.0, [203631.0, 1333359, 85328676, 86895, 85328676, 283119471]] [314877520.0, [13130.0, 104020, 6247200, 13140, 6247200, 12492810]] [5716213856.0, [223516.0, 1783016, 113702944, 38704, 113702944, 437444628]] [557304120.0, [21894.0, 174086, 11083824, 4918, 11083824, 43532294]] [308990696658.0, [14214982.5, 95907291, 6138012243, 5340891, 6138012243, 21131037915]] [10857219372.0, [427354.6666666666, 3377979, 215891136, 256547, 211743936, 711998483]]
Model_cost: [9933856483.333332, [1144.4722222222222, 3193953, 204263608, 273697, 49400505, 770786]] [4263834276.0, [14811.0, 1333359, 85328676, 86895, 77870628, 1216827]] [313619020.0, [20.625, 104020, 6247200, 13140, 6247200, 27210]] [5304816408.0, [5003.25, 1680616, 106002464, 38704, 103509152, 1846014118]] [432979416.0, [183.0, 136502, 8678448, 4918, 7767792, 121113]] [307624484634.0, [2118.0, 95907291, 6138012243, 5340891, 6137123727, 95892675]] [1319917948.0, [143.5, 412411, 26356864, 32995, 25506688, 398419]]
Arch_Param: [32, 4096, 8192, 32, 1024, 512]
SK_cost: [11609099721.333334, [462656.22222222225, 3619937, 231526584, 254881, 210308280, 767184289]] [4296877092.0, [203631.0, 1333359, 85328676, 86895, 85328676, 283119471]] [314877520.0, [13130.0, 104020, 6247200, 13140, 6247200, 12492810]] [5716213856.0, [223516.0, 1783016, 113702944, 38704, 113702944, 437444628]] [557304120.0, [21894.0, 174086, 11083824, 4918, 11083824, 43532294]] [308990696658.0, [14214982.5, 95907291, 6138012243, 5340891, 6138012243, 21131037915]] [10857219372.0, [427354.6666666666, 3377979, 215891136, 256547, 211743936, 711998483]]
Model_cost: [9933856483.333332, [1144.4722222222222, 3193953, 204263608, 273697, 49400505, 770786]] [4263834276.0, [14811.0, 1333359, 85328676, 86895, 77870628, 1216827]] [313619020.0, [20.625, 104020, 6247200, 13140, 6247200, 27210]] [5304816408.0, [5003.25, 1680616, 106002464, 38704, 103509152, 1846014118]] [432979416.0, [183.0, 136502, 8678448, 4918, 7767792, 121113]] [307624484634.0, [2118.0, 95907291, 6138012243, 5340891, 6137123727, 95892675]] [1319917948.0, [143.5, 412411, 26356864, 32995, 25506688, 398419]]
Arch_Param: [32, 4096, 4096, 4, 256, 64]
SK_cost: [73648527614.66667, [5770538.111111111, 91214401, 1459298552, 1634145, 1289391288, 4824681889]] [8290919460.0, [639087.0, 10223727, 163578660, 164463, 163185444, 545001327]] [317284680, [26250, 390450, 6247200, 13170, 6247200, 12492810]] [5758919752, [446500, 7106434, 113702944, 38794, 113702944, 437444628]] [4491832632, [350214, 5545990, 88670256, 39302, 88670256, 348258310]] [622126846674.0, [47951421.0, 767215743, 12275433555, 10680855, 12275130963, 42260303067]] [21074986320.0, [1681875.0, 26148076, 417716928, 820436, 353006784, 1218624531]]
Model_cost: [62625497830.0, [14436.5, 80564801, 1288904952, 5243969, 49400505, 211234]] [8061938724.0, [31263.0, 10223727, 163578660, 164463, 77870628, 4866975]] [314767560.0, [30.0, 390450, 6247200, 13170, 6247200, 390410]] [5325118592.0, [9975.25, 6635394, 106002464, 38794, 103509152, 1846382172]] [3384367800.0, [2854.0, 4343302, 69427248, 267526, 8545520, 34352]] [605248042122.0, [5691.0, 767215743, 12275433555, 10680855, 6137123727, 383570187]] [2359048328.0, [834.25, 2983404, 47652928, 135636, 25506688, 1504979]]
Arch_Param: [32, 4096, 4096, 4, 256, 128]
SK_cost: [73648527614.66667, [5770538.111111111, 91214401, 1459298552, 1634145, 1289391288, 4824681889]] [8290919460.0, [639087.0, 10223727, 163578660, 164463, 163185444, 545001327]] [317284680, [26250, 390450, 6247200, 13170, 6247200, 12492810]] [5758919752, [446500, 7106434, 113702944, 38794, 113702944, 437444628]] [4491832632, [350214, 5545990, 88670256, 39302, 88670256, 348258310]] [622126846674.0, [47951421.0, 767215743, 12275433555, 10680855, 12275130963, 42260303067]] [21074986320.0, [1681875.0, 26148076, 417716928, 820436, 353006784, 1218624531]]
Model_cost: [62625497830.0, [14436.5, 80564801, 1288904952, 5243969, 49400505, 211234]] [8061938724.0, [31263.0, 10223727, 163578660, 164463, 77870628, 4866975]] [314767560.0, [30.0, 390450, 6247200, 13170, 6247200, 390410]] [5325118592.0, [9975.25, 6635394, 106002464, 38794, 103509152, 1846382172]] [3370025784.0, [2838.0, 4343302, 69427248, 51590, 8285232, 487110]] [605248042122.0, [5691.0, 767215743, 12275433555, 10680855, 6137123727, 383570187]] [2357613000.0, [816.25, 2983404, 47652928, 113236, 25506688, 1579987]]
Arch_Param: [32, 4096, 4096, 4, 256, 256]
SK_cost: [73648527614.66667, [5770538.111111111, 91214401, 1459298552, 1634145, 1289391288, 4824681889]] [8290919460.0, [639087.0, 10223727, 163578660, 164463, 163185444, 545001327]] [317284680, [26250, 390450, 6247200, 13170, 6247200, 12492810]] [5758919752, [446500, 7106434, 113702944, 38794, 113702944, 437444628]] [4491832632, [350214, 5545990, 88670256, 39302, 88670256, 348258310]] [622126846674.0, [47951421.0, 767215743, 12275433555, 10680855, 12275130963, 42260303067]] [21074986320.0, [1681875.0, 26148076, 417716928, 820436, 353006784, 1218624531]]
Model_cost: [62624417062.0, [14442.5, 80564801, 1288904952, 5206337, 50064057, 216034]] [8061938724.0, [31263.0, 10223727, 163578660, 164463, 77870628, 4866975]] [314767560.0, [30.0, 390450, 6247200, 13170, 6247200, 390410]] [5325118592.0, [9975.25, 6635394, 106002464, 38794, 103509152, 1846382172]] [3368948792.0, [2830.0, 4343302, 69427248, 39302, 8140336, 497254]] [605248042122.0, [5691.0, 767215743, 12275433555, 10680855, 6137123727, 383570187]] [2357613000.0, [816.25, 2983404, 47652928, 113236, 25506688, 1579987]]
Arch_Param: [32, 4096, 4096, 4, 512, 64]
SK_cost: [73466097994.66667, [5770538.111111111, 45607460, 1459298552, 1634116, 1289391288, 4824681889]] [8270472228.0, [639087.0, 5111919, 163578660, 164463, 163185444, 545001327]] [316502520, [26250, 195230, 6247200, 13150, 6247200, 12492810]] [5744703064, [446500, 3553222, 113702944, 38734, 113702944, 437444628]] [4480757048, [350214, 2777094, 88670256, 39302, 88670256, 348258310]] [620592418578.0, [47951421.0, 383608719, 12275433555, 10680855, 12275130963, 42260303067]] [21022682616.0, [1681875.0, 13074038, 417716928, 820318, 353006784, 1218624531]]
Model_cost: [62464367410.0, [14436.5, 40282660, 1288904952, 5243940, 49400505, 203042]] [8041491492.0, [31263.0, 5111919, 163578660, 164463, 77870628, 2433543]] [313985400.0, [30.0, 195230, 6247200, 13150, 6247200, 195210]] [5311884944.0, [9975.25, 3327942, 106002464, 38734, 103509152, 1846183736]] [3375697592.0, [2854.0, 2175750, 69427248, 267526, 8545520, 34352]] [603713614026.0, [5691.0, 383608719, 12275433555, 10680855, 6137123727, 191785179]] [2353073968.0, [834.25, 1491702, 47652928, 135518, 25506688, 756947]]
Arch_Param: [32, 4096, 4096, 4, 512, 128]
SK_cost: [73466097994.66667, [5770538.111111111, 45607460, 1459298552, 1634116, 1289391288, 4824681889]] [8270472228.0, [639087.0, 5111919, 163578660, 164463, 163185444, 545001327]] [316502520, [26250, 195230, 6247200, 13150, 6247200, 12492810]] [5744703064, [446500, 3553222, 113702944, 38734, 113702944, 437444628]] [4480757048, [350214, 2777094, 88670256, 39302, 88670256, 348258310]] [620592418578.0, [47951421.0, 383608719, 12275433555, 10680855, 12275130963, 42260303067]] [21022682616.0, [1681875.0, 13074038, 417716928, 820318, 353006784, 1218624531]]
Model_cost: [62464367410.0, [14436.5, 40282660, 1288904952, 5243940, 49400505, 203042]] [8041491492.0, [31263.0, 5111919, 163578660, 164463, 77870628, 2433543]] [313985400.0, [30.0, 195230, 6247200, 13150, 6247200, 195210]] [5311884944.0, [9975.25, 3327942, 106002464, 38734, 103509152, 1846183736]] [3361355576.0, [2838.0, 2175750, 69427248, 51590, 8285232, 244838]] [603713614026.0, [5691.0, 383608719, 12275433555, 10680855, 6137123727, 191785179]] [2351638640.0, [816.25, 1491702, 47652928, 113118, 25506688, 790995]]
Arch_Param: [32, 4096, 4096, 4, 512, 256]
SK_cost: [73466097994.66667, [5770538.111111111, 45607460, 1459298552, 1634116, 1289391288, 4824681889]] [8270472228.0, [639087.0, 5111919, 163578660, 164463, 163185444, 545001327]] [316502520, [26250, 195230, 6247200, 13150, 6247200, 12492810]] [5744703064, [446500, 3553222, 113702944, 38734, 113702944, 437444628]] [4480757048, [350214, 2777094, 88670256, 39302, 88670256, 348258310]] [620592418578.0, [47951421.0, 383608719, 12275433555, 10680855, 12275130963, 42260303067]] [21022682616.0, [1681875.0, 13074038, 417716928, 820318, 353006784, 1218624531]]
Model_cost: [62463286642.0, [14442.5, 40282660, 1288904952, 5206308, 50064057, 207842]] [8041491492.0, [31263.0, 5111919, 163578660, 164463, 77870628, 2433543]] [313985400.0, [30.0, 195230, 6247200, 13150, 6247200, 195210]] [5311884944.0, [9975.25, 3327942, 106002464, 38734, 103509152, 1846183736]] [3360278584.0, [2830.0, 2175750, 69427248, 39302, 8140336, 249142]] [603713614026.0, [5691.0, 383608719, 12275433555, 10680855, 6137123727, 191785179]] [2351638640.0, [816.25, 1491702, 47652928, 113118, 25506688, 790995]]
Arch_Param: [32, 4096, 4096, 4, 512, 512]
SK_cost: [73466097994.66667, [5770538.111111111, 45607460, 1459298552, 1634116, 1289391288, 4824681889]] [8270472228.0, [639087.0, 5111919, 163578660, 164463, 163185444, 545001327]] [316502520, [26250, 195230, 6247200, 13150, 6247200, 12492810]] [5744703064, [446500, 3553222, 113702944, 38734, 113702944, 437444628]] [4480757048, [350214, 2777094, 88670256, 39302, 88670256, 348258310]] [620592418578.0, [47951421.0, 383608719, 12275433555, 10680855, 12275130963, 42260303067]] [21022682616.0, [1681875.0, 13074038, 417716928, 820318, 353006784, 1218624531]]
Model_cost: [62244201266.0, [14436.5, 40282660, 1288904952, 1783108, 50064057, 1539298]] [8041491492.0, [31263.0, 5111919, 163578660, 164463, 77870628, 2433543]] [313985400.0, [30.0, 195230, 6247200, 13150, 6247200, 195210]] [5311884944.0, [9975.25, 3327942, 106002464, 38734, 103509152, 1846183736]] [3359740088.0, [2826.0, 2175750, 69427248, 39302, 7871280, 243358]] [603713614026.0, [5691.0, 383608719, 12275433555, 10680855, 6137123727, 191785179]] [2351024024.0, [814.0, 1491702, 47652928, 103518, 25506688, 796755]]
Arch_Param: [32, 4096, 4096, 4, 1024, 64]
SK_cost: [73374933630.66667, [5770538.111111111, 22816417, 1459298552, 1634113, 1289391288, 4824681889]] [8260248612.0, [639087.0, 2556015, 163578660, 164463, 163185444, 545001327]] [316137040, [26250, 104020, 6247200, 13140, 6247200, 12492810]] [5737620320, [446500, 1783016, 113702944, 38704, 113702944, 437444628]] [4475219256, [350214, 1392646, 88670256, 39302, 88670256, 348258310]] [619825204530.0, [47951421.0, 191805207, 12275433555, 10680855, 12275130963, 42260303067]] [20996631116.0, [1681875.0, 6562107, 417716928, 820259, 353006784, 1218624531]]
Model_cost: [62383852646.0, [14436.5, 20154017, 1288904952, 5243937, 49400505, 198946]] [8031267876.0, [31263.0, 2556015, 163578660, 164463, 77870628, 1216827]] [313620040.0, [31.25, 104020, 6247200, 13140, 6247200, 27210]] [5305293840.0, [9976.5, 1680616, 106002464, 38704, 103509152, 1846014118]] [3371373240.0, [2854.0, 1094662, 69427248, 267526, 8545520, 34352]] [602946399978.0, [5691.0, 191805207, 12275433555, 10680855, 6137123727, 95892675]] [2350099332.0, [834.25, 748987, 47652928, 135459, 25506688, 382931]]
Arch_Param: [32, 4096, 4096, 4, 1024, 128]
SK_cost: [73374933630.66667, [5770538.111111111, 22816417, 1459298552, 1634113, 1289391288, 4824681889]] [8260248612.0, [639087.0, 2556015, 163578660, 164463, 163185444, 545001327]] [316137040, [26250, 104020, 6247200, 13140, 6247200, 12492810]] [5737620320, [446500, 1783016, 113702944, 38704, 113702944, 437444628]] [4475219256, [350214, 1392646, 88670256, 39302, 88670256, 348258310]] [619825204530.0, [47951421.0, 191805207, 12275433555, 10680855, 12275130963, 42260303067]] [20996631116.0, [1681875.0, 6562107, 417716928, 820259, 353006784, 1218624531]]
Model_cost: [62383852646.0, [14436.5, 20154017, 1288904952, 5243937, 49400505, 198946]] [8031267876.0, [31263.0, 2556015, 163578660, 164463, 77870628, 1216827]] [313620040.0, [31.25, 104020, 6247200, 13140, 6247200, 27210]] [5305293840.0, [9976.5, 1680616, 106002464, 38704, 103509152, 1846014118]] [3357020472.0, [2838.0, 1091974, 69427248, 51590, 8285232, 123702]] [602946399978.0, [5691.0, 191805207, 12275433555, 10680855, 6137123727, 95892675]] [2348664004.0, [816.25, 748987, 47652928, 113059, 25506688, 396499]]
Arch_Param: [32, 4096, 4096, 4, 1024, 256]
SK_cost: [73374933630.66667, [5770538.111111111, 22816417, 1459298552, 1634113, 1289391288, 4824681889]] [8260248612.0, [639087.0, 2556015, 163578660, 164463, 163185444, 545001327]] [316137040, [26250, 104020, 6247200, 13140, 6247200, 12492810]] [5737620320, [446500, 1783016, 113702944, 38704, 113702944, 437444628]] [4475219256, [350214, 1392646, 88670256, 39302, 88670256, 348258310]] [619825204530.0, [47951421.0, 191805207, 12275433555, 10680855, 12275130963, 42260303067]] [20996631116.0, [1681875.0, 6562107, 417716928, 820259, 353006784, 1218624531]]
Model_cost: [62382771878.0, [14442.5, 20154017, 1288904952, 5206305, 50064057, 202402]] [8031267876.0, [31263.0, 2556015, 163578660, 164463, 77870628, 1216827]] [313620040.0, [31.25, 104020, 6247200, 13140, 6247200, 27210]] [5305293840.0, [9976.5, 1680616, 106002464, 38704, 103509152, 1846014118]] [3355943480.0, [2830.0, 1091974, 69427248, 39302, 8140336, 125086]] [602946399978.0, [5691.0, 191805207, 12275433555, 10680855, 6137123727, 95892675]] [2348664004.0, [816.25, 748987, 47652928, 113059, 25506688, 396499]]
Arch_Param: [32, 4096, 4096, 4, 1024, 512]
SK_cost: [73374933630.66667, [5770538.111111111, 22816417, 1459298552, 1634113, 1289391288, 4824681889]] [8260248612.0, [639087.0, 2556015, 163578660, 164463, 163185444, 545001327]] [316137040, [26250, 104020, 6247200, 13140, 6247200, 12492810]] [5737620320, [446500, 1783016, 113702944, 38704, 113702944, 437444628]] [4475219256, [350214, 1392646, 88670256, 39302, 88670256, 348258310]] [619825204530.0, [47951421.0, 191805207, 12275433555, 10680855, 12275130963, 42260303067]] [20996631116.0, [1681875.0, 6562107, 417716928, 820259, 353006784, 1218624531]]
Model_cost: [62163686502.0, [14436.5, 20154017, 1288904952, 1783105, 50064057, 772002]] [8031267876.0, [31263.0, 2556015, 163578660, 164463, 77870628, 1216827]] [313620040.0, [31.25, 104020, 6247200, 13140, 6247200, 27210]] [5305293840.0, [9976.5, 1680616, 106002464, 38704, 103509152, 1846014118]] [3355404984.0, [2826.0, 1091974, 69427248, 39302, 7871280, 121938]] [602946399978.0, [5691.0, 191805207, 12275433555, 10680855, 6137123727, 95892675]] [2348049388.0, [814.0, 748987, 47652928, 103459, 25506688, 398419]]
Arch_Param: [32, 4096, 4096, 8, 256, 64]
SK_cost: [38239633321.333336, [2994342.5555555555, 47352385, 757568376, 845281, 672693432, 2505874849]] [4325336100.0, [333423.0, 5333103, 85328676, 86895, 85328676, 283119471]] [317284680, [26250, 390450, 6247200, 13170, 6247200, 12492810]] [5758919752, [446500, 7106434, 113702944, 38794, 113702944, 437444628]] [2245918008, [175110, 2772998, 44335152, 19654, 44335152, 174129158]] [311078721138.0, [23976942.0, 383626383, 6138012243, 5340891, 6138012243, 21131037915]] [14093243728.0, [1114579.0, 17443052, 278762688, 474836, 252736704, 852278291]]
Model_cost: [32551028606.0, [7472.75, 41814593, 668963704, 2718657, 49400505, 211234]] [4281244452.0, [29511.0, 5333103, 85328676, 86895, 77870628, 4866975]] [314767560.0, [30.0, 390450, 6247200, 13170, 6247200, 390410]] [5325118592.0, [9975.25, 6635394, 106002464, 38794, 103509152, 1846382172]] [1693178040.0, [1430.0, 2171654, 34713648, 28294, 8144112, 477744]] [308775549066.0, [4077.0, 383626383, 6138012243, 5340891, 6137123727, 383570187]] [1639765736.0, [483.25, 2055020, 32839552, 65428, 25506688, 1579987]]
Arch_Param: [32, 4096, 4096, 8, 256, 128]
SK_cost: [38239633321.333336, [2994342.5555555555, 47352385, 757568376, 845281, 672693432, 2505874849]] [4325336100.0, [333423.0, 5333103, 85328676, 86895, 85328676, 283119471]] [317284680, [26250, 390450, 6247200, 13170, 6247200, 12492810]] [5758919752, [446500, 7106434, 113702944, 38794, 113702944, 437444628]] [2245918008, [175110, 2772998, 44335152, 19654, 44335152, 174129158]] [311078721138.0, [23976942.0, 383626383, 6138012243, 5340891, 6138012243, 21131037915]] [14093243728.0, [1114579.0, 17443052, 278762688, 474836, 252736704, 852278291]]
Model_cost: [32551028606.0, [7472.75, 41814593, 668963704, 2718657, 49400505, 211234]] [4281244452.0, [29511.0, 5333103, 85328676, 86895, 77870628, 4866975]] [314767560.0, [30.0, 390450, 6247200, 13170, 6247200, 390410]] [5325118592.0, [9975.25, 6635394, 106002464, 38794, 103509152, 1846382172]] [1692616760.0, [1422.0, 2171654, 34713648, 19654, 8140336, 497254]] [308775549066.0, [4077.0, 383626383, 6138012243, 5340891, 6137123727, 383570187]] [1639765736.0, [483.25, 2055020, 32839552, 65428, 25506688, 1579987]]
Arch_Param: [32, 4096, 4096, 8, 256, 256]
SK_cost: [38239633321.333336, [2994342.5555555555, 47352385, 757568376, 845281, 672693432, 2505874849]] [4325336100.0, [333423.0, 5333103, 85328676, 86895, 85328676, 283119471]] [317284680, [26250, 390450, 6247200, 13170, 6247200, 12492810]] [5758919752, [446500, 7106434, 113702944, 38794, 113702944, 437444628]] [2245918008, [175110, 2772998, 44335152, 19654, 44335152, 174129158]] [311078721138.0, [23976942.0, 383626383, 6138012243, 5340891, 6138012243, 21131037915]] [14093243728.0, [1114579.0, 17443052, 278762688, 474836, 252736704, 852278291]]
Model_cost: [32437103934.0, [7466.75, 41814593, 668963704, 938593, 49400505, 3066402]] [4281244452.0, [29511.0, 5333103, 85328676, 86895, 77870628, 4866975]] [314767560.0, [30.0, 390450, 6247200, 13170, 6247200, 390410]] [5325118592.0, [9975.25, 6635394, 106002464, 38794, 103509152, 1846382172]] [1692078264.0, [1418.0, 2171654, 34713648, 19654, 7871280, 486198]] [308775549066.0, [4077.0, 383626383, 6138012243, 5340891, 6137123727, 383570187]] [1639446032.0, [481.0, 2055020, 32839552, 60436, 25506688, 1593427]]
Arch_Param: [32, 4096, 4096, 8, 512, 64]
SK_cost: [38144927733.333336, [2994342.5555555555, 23676452, 757568376, 845252, 672693432, 2505874849]] [4314670116.0, [333423.0, 2666607, 85328676, 86895, 85328676, 283119471]] [316502520, [26250, 195230, 6247200, 13150, 6247200, 12492810]] [5744703064, [446500, 3553222, 113702944, 38734, 113702944, 437444628]] [2240380216, [175110, 1388550, 44335152, 19654, 44335152, 174129158]] [310311470226.0, [23976942.0, 191813655, 6138012243, 5340891, 6138012243, 21131037915]] [14058350072.0, [1114579.0, 8721526, 278762688, 474718, 252736704, 852278291]]
Model_cost: [32467398602.0, [7472.75, 20907556, 668963704, 2718628, 49400505, 203042]] [4270578468.0, [29511.0, 2666607, 85328676, 86895, 77870628, 2433543]] [313985400.0, [30.0, 195230, 6247200, 13150, 6247200, 195210]] [5311884944.0, [9975.25, 3327942, 106002464, 38734, 103509152, 1846183736]] [1688842936.0, [1430.0, 1087878, 34713648, 28294, 8144112, 240176]] [308008298154.0, [4077.0, 191813655, 6138012243, 5340891, 6137123727, 191785179]] [1635648144.0, [483.25, 1027510, 32839552, 65310, 25506688, 790995]]
Arch_Param: [32, 4096, 4096, 8, 512, 128]
SK_cost: [38144927733.333336, [2994342.5555555555, 23676452, 757568376, 845252, 672693432, 2505874849]] [4314670116.0, [333423.0, 2666607, 85328676, 86895, 85328676, 283119471]] [316502520, [26250, 195230, 6247200, 13150, 6247200, 12492810]] [5744703064, [446500, 3553222, 113702944, 38734, 113702944, 437444628]] [2240380216, [175110, 1388550, 44335152, 19654, 44335152, 174129158]] [310311470226.0, [23976942.0, 191813655, 6138012243, 5340891, 6138012243, 21131037915]] [14058350072.0, [1114579.0, 8721526, 278762688, 474718, 252736704, 852278291]]
Model_cost: [32467398602.0, [7472.75, 20907556, 668963704, 2718628, 49400505, 203042]] [4270578468.0, [29511.0, 2666607, 85328676, 86895, 77870628, 2433543]] [313985400.0, [30.0, 195230, 6247200, 13150, 6247200, 195210]] [5311884944.0, [9975.25, 3327942, 106002464, 38734, 103509152, 1846183736]] [1688281656.0, [1422.0, 1087878, 34713648, 19654, 8140336, 249142]] [308008298154.0, [4077.0, 191813655, 6138012243, 5340891, 6137123727, 191785179]] [1635648144.0, [483.25, 1027510, 32839552, 65310, 25506688, 790995]]
Arch_Param: [32, 4096, 4096, 8, 512, 256]
SK_cost: [38144927733.333336, [2994342.5555555555, 23676452, 757568376, 845252, 672693432, 2505874849]] [4314670116.0, [333423.0, 2666607, 85328676, 86895, 85328676, 283119471]] [316502520, [26250, 195230, 6247200, 13150, 6247200, 12492810]] [5744703064, [446500, 3553222, 113702944, 38734, 113702944, 437444628]] [2240380216, [175110, 1388550, 44335152, 19654, 44335152, 174129158]] [310311470226.0, [23976942.0, 191813655, 6138012243, 5340891, 6138012243, 21131037915]] [14058350072.0, [1114579.0, 8721526, 278762688, 474718, 252736704, 852278291]]
Model_cost: [32353473930.0, [7466.75, 20907556, 668963704, 938564, 49400505, 1534498]] [4270578468.0, [29511.0, 2666607, 85328676, 86895, 77870628, 2433543]] [313985400.0, [30.0, 195230, 6247200, 13150, 6247200, 195210]] [5311884944.0, [9975.25, 3327942, 106002464, 38734, 103509152, 1846183736]] [1687743160.0, [1418.0, 1087878, 34713648, 19654, 7871280, 243358]] [308008298154.0, [4077.0, 191813655, 6138012243, 5340891, 6137123727, 191785179]] [1635328440.0, [481.0, 1027510, 32839552, 60318, 25506688, 796755]]
Arch_Param: [32, 4096, 4096, 8, 512, 512]
SK_cost: [38144927733.333336, [2994342.5555555555, 23676452, 757568376, 845252, 672693432, 2505874849]] [4314670116.0, [333423.0, 2666607, 85328676, 86895, 85328676, 283119471]] [316502520, [26250, 195230, 6247200, 13150, 6247200, 12492810]] [5744703064, [446500, 3553222, 113702944, 38734, 113702944, 437444628]] [2240380216, [175110, 1388550, 44335152, 19654, 44335152, 174129158]] [310311470226.0, [23976942.0, 191813655, 6138012243, 5340891, 6138012243, 21131037915]] [14058350072.0, [1114579.0, 8721526, 278762688, 474718, 252736704, 852278291]]
Model_cost: [32353473930.0, [7466.75, 20907556, 668963704, 938564, 49400505, 1534498]] [4270578468.0, [29511.0, 2666607, 85328676, 86895, 77870628, 2433543]] [313985400.0, [30.0, 195230, 6247200, 13150, 6247200, 195210]] [5311884944.0, [9975.25, 3327942, 106002464, 38734, 103509152, 1846183736]] [1687604984.0, [1416.0, 1087878, 34713648, 19654, 7802288, 242514]] [308008298154.0, [4077.0, 191813655, 6138012243, 5340891, 6137123727, 191785179]] [1635328440.0, [481.0, 1027510, 32839552, 60318, 25506688, 796755]]
Arch_Param: [32, 4096, 4096, 8, 1024, 64]
SK_cost: [38097600553.333336, [2994342.5555555555, 11844705, 757568376, 845249, 672693432, 2505874849]] [4309337124.0, [333423.0, 1333359, 85328676, 86895, 85328676, 283119471]] [316137040, [26250, 104020, 6247200, 13140, 6247200, 12492810]] [5737620320, [446500, 1783016, 113702944, 38704, 113702944, 437444628]] [2237611320, [175110, 696326, 44335152, 19654, 44335152, 174129158]] [309927844770.0, [23976942.0, 95907291, 6138012243, 5340891, 6138012243, 21131037915]] [14040953420.0, [1114579.0, 4373307, 278762688, 474659, 252736704, 852278291]]
Model_cost: [32425609214.0, [7472.75, 10460257, 668963704, 2718625, 49400505, 198946]] [4265245476.0, [29511.0, 1333359, 85328676, 86895, 77870628, 1216827]] [313620040.0, [31.25, 104020, 6247200, 13140, 6247200, 27210]] [5305293840.0, [9976.5, 1680616, 106002464, 38704, 103509152, 1846014118]] [1686680760.0, [1430.0, 547334, 34713648, 28294, 8144112, 121392]] [307624672698.0, [4077.0, 95907291, 6138012243, 5340891, 6137123727, 95892675]] [1633595620.0, [483.25, 515323, 32839552, 65251, 25506688, 396499]]
Arch_Param: [32, 4096, 4096, 8, 1024, 128]
SK_cost: [38097600553.333336, [2994342.5555555555, 11844705, 757568376, 845249, 672693432, 2505874849]] [4309337124.0, [333423.0, 1333359, 85328676, 86895, 85328676, 283119471]] [316137040, [26250, 104020, 6247200, 13140, 6247200, 12492810]] [5737620320, [446500, 1783016, 113702944, 38704, 113702944, 437444628]] [2237611320, [175110, 696326, 44335152, 19654, 44335152, 174129158]] [309927844770.0, [23976942.0, 95907291, 6138012243, 5340891, 6138012243, 21131037915]] [14040953420.0, [1114579.0, 4373307, 278762688, 474659, 252736704, 852278291]]
Model_cost: [32425609214.0, [7472.75, 10460257, 668963704, 2718625, 49400505, 198946]] [4265245476.0, [29511.0, 1333359, 85328676, 86895, 77870628, 1216827]] [313620040.0, [31.25, 104020, 6247200, 13140, 6247200, 27210]] [5305293840.0, [9976.5, 1680616, 106002464, 38704, 103509152, 1846014118]] [1686114104.0, [1422.0, 545990, 34713648, 19654, 8140336, 125086]] [307624672698.0, [4077.0, 95907291, 6138012243, 5340891, 6137123727, 95892675]] [1633595620.0, [483.25, 515323, 32839552, 65251, 25506688, 396499]]
Arch_Param: [32, 4096, 4096, 8, 1024, 256]
SK_cost: [38097600553.333336, [2994342.5555555555, 11844705, 757568376, 845249, 672693432, 2505874849]] [4309337124.0, [333423.0, 1333359, 85328676, 86895, 85328676, 283119471]] [316137040, [26250, 104020, 6247200, 13140, 6247200, 12492810]] [5737620320, [446500, 1783016, 113702944, 38704, 113702944, 437444628]] [2237611320, [175110, 696326, 44335152, 19654, 44335152, 174129158]] [309927844770.0, [23976942.0, 95907291, 6138012243, 5340891, 6138012243, 21131037915]] [14040953420.0, [1114579.0, 4373307, 278762688, 474659, 252736704, 852278291]]
Model_cost: [32311684542.0, [7466.75, 10460257, 668963704, 938561, 49400505, 768546]] [4265245476.0, [29511.0, 1333359, 85328676, 86895, 77870628, 1216827]] [313620040.0, [31.25, 104020, 6247200, 13140, 6247200, 27210]] [5305293840.0, [9976.5, 1680616, 106002464, 38704, 103509152, 1846014118]] [1685575608.0, [1418.0, 545990, 34713648, 19654, 7871280, 121938]] [307624672698.0, [4077.0, 95907291, 6138012243, 5340891, 6137123727, 95892675]] [1633275916.0, [481.0, 515323, 32839552, 60259, 25506688, 398419]]
Arch_Param: [32, 4096, 4096, 8, 1024, 512]
SK_cost: [38097600553.333336, [2994342.5555555555, 11844705, 757568376, 845249, 672693432, 2505874849]] [4309337124.0, [333423.0, 1333359, 85328676, 86895, 85328676, 283119471]] [316137040, [26250, 104020, 6247200, 13140, 6247200, 12492810]] [5737620320, [446500, 1783016, 113702944, 38704, 113702944, 437444628]] [2237611320, [175110, 696326, 44335152, 19654, 44335152, 174129158]] [309927844770.0, [23976942.0, 95907291, 6138012243, 5340891, 6138012243, 21131037915]] [14040953420.0, [1114579.0, 4373307, 278762688, 474659, 252736704, 852278291]]
Model_cost: [32311684542.0, [7466.75, 10460257, 668963704, 938561, 49400505, 768546]] [4265245476.0, [29511.0, 1333359, 85328676, 86895, 77870628, 1216827]] [313620040.0, [31.25, 104020, 6247200, 13140, 6247200, 27210]] [5305293840.0, [9976.5, 1680616, 106002464, 38704, 103509152, 1846014118]] [1685437432.0, [1416.0, 545990, 34713648, 19654, 7802288, 121388]] [307624672698.0, [4077.0, 95907291, 6138012243, 5340891, 6137123727, 95892675]] [1633275916.0, [481.0, 515323, 32839552, 60259, 25506688, 398419]]
Arch_Param: [32, 4096, 4096, 16, 256, 64]
SK_cost: [20541825790.666668, [1606836.7777777778, 25429697, 406836408, 451617, 364399800, 1346637217]] [4325336100.0, [333423.0, 5333103, 85328676, 86895, 85328676, 283119471]] [317284680, [26250, 390450, 6247200, 13170, 6247200, 12492810]] [5758919752, [446500, 7106434, 113702944, 38794, 113702944, 437444628]] [1122960696, [87558, 1386502, 22167600, 9830, 22167600, 87064582]] [311078721138.0, [23976942.0, 383626383, 6138012243, 5340891, 6138012243, 21131037915]] [11989988688.0, [938707.0, 14813420, 236848320, 329428, 225408192, 758758419]]
Model_cost: [17520279976.666664, [4006.527777777778, 22447809, 359126200, 1456961, 49400505, 211234]] [4281244452.0, [29511.0, 5333103, 85328676, 86895, 77870628, 4866975]] [314767560.0, [30.0, 390450, 6247200, 13170, 6247200, 390410]] [5325118592.0, [9975.25, 6635394, 106002464, 38794, 103509152, 1846382172]] [854333368.0, [718.0, 1085830, 17356848, 14150, 7943408, 476720]] [308775549066.0, [4077.0, 383626383, 6138012243, 5340891, 6137123727, 383570187]] [1429910744.0, [349.75, 1783660, 28517760, 44948, 25506688, 1579987]]
Arch_Param: [32, 4096, 4096, 16, 256, 128]
SK_cost: [20541825790.666668, [1606836.7777777778, 25429697, 406836408, 451617, 364399800, 1346637217]] [4325336100.0, [333423.0, 5333103, 85328676, 86895, 85328676, 283119471]] [317284680, [26250, 390450, 6247200, 13170, 6247200, 12492810]] [5758919752, [446500, 7106434, 113702944, 38794, 113702944, 437444628]] [1122960696, [87558, 1386502, 22167600, 9830, 22167600, 87064582]] [311078721138.0, [23976942.0, 383626383, 6138012243, 5340891, 6138012243, 21131037915]] [11989988688.0, [938707.0, 14813420, 236848320, 329428, 225408192, 758758419]]
Model_cost: [17458934504.666664, [3988.527777777778, 22447809, 359126200, 498465, 49400505, 3066402]] [4281244452.0, [29511.0, 5333103, 85328676, 86895, 77870628, 4866975]] [314767560.0, [30.0, 390450, 6247200, 13170, 6247200, 390410]] [5325118592.0, [9975.25, 6635394, 106002464, 38794, 103509152, 1846382172]] [853912248.0, [714.0, 1085830, 17356848, 9830, 7871280, 486198]] [308775549066.0, [4077.0, 383626383, 6138012243, 5340891, 6137123727, 383570187]] [1429738064.0, [343.0, 1783660, 28517760, 42260, 25506688, 1593427]]
Arch_Param: [32, 4096, 4096, 16, 256, 256]
SK_cost: [20541825790.666668, [1606836.7777777778, 25429697, 406836408, 451617, 364399800, 1346637217]] [4325336100.0, [333423.0, 5333103, 85328676, 86895, 85328676, 283119471]] [317284680, [26250, 390450, 6247200, 13170, 6247200, 12492810]] [5758919752, [446500, 7106434, 113702944, 38794, 113702944, 437444628]] [1122960696, [87558, 1386502, 22167600, 9830, 22167600, 87064582]] [311078721138.0, [23976942.0, 383626383, 6138012243, 5340891, 6138012243, 21131037915]] [11989988688.0, [938707.0, 14813420, 236848320, 329428, 225408192, 758758419]]
Model_cost: [17458934504.666664, [3988.527777777778, 22447809, 359126200, 498465, 49400505, 3066402]] [4281244452.0, [29511.0, 5333103, 85328676, 86895, 77870628, 4866975]] [314767560.0, [30.0, 390450, 6247200, 13170, 6247200, 390410]] [5325118592.0, [9975.25, 6635394, 106002464, 38794, 103509152, 1846382172]] [853774072.0, [712.0, 1085830, 17356848, 9830, 7802288, 484766]] [308775549066.0, [4077.0, 383626383, 6138012243, 5340891, 6137123727, 383570187]] [1429738064.0, [343.0, 1783660, 28517760, 42260, 25506688, 1593427]]
Arch_Param: [32, 4096, 4096, 16, 512, 64]
SK_cost: [20490965578.666668, [1606836.7777777778, 12715108, 406836408, 451588, 364399800, 1346637217]] [4314670116.0, [333423.0, 2666607, 85328676, 86895, 85328676, 283119471]] [316502520, [26250, 195230, 6247200, 13150, 6247200, 12492810]] [5744703064, [446500, 3553222, 113702944, 38734, 113702944, 437444628]] [1120191800, [87558, 694278, 22167600, 9830, 22167600, 87064582]] [310311470226.0, [23976942.0, 191813655, 6138012243, 5340891, 6138012243, 21131037915]] [11960354296.0, [938707.0, 7406710, 236848320, 329310, 225408192, 758758419]]
Model_cost: [17475383540.666664, [4006.527777777778, 11224164, 359126200, 1456932, 49400505, 203042]] [4270578468.0, [29511.0, 2666607, 85328676, 86895, 77870628, 2433543]] [313985400.0, [30.0, 195230, 6247200, 13150, 6247200, 195210]] [5311884944.0, [9975.25, 3327942, 106002464, 38734, 103509152, 1846183736]] [852165816.0, [718.0, 543942, 17356848, 14150, 7943408, 239152]] [308008298154.0, [4077.0, 191813655, 6138012243, 5340891, 6137123727, 191785179]] [1426335872.0, [349.75, 891830, 28517760, 44830, 25506688, 790995]]
Arch_Param: [32, 4096, 4096, 16, 512, 128]
SK_cost: [20490965578.666668, [1606836.7777777778, 12715108, 406836408, 451588, 364399800, 1346637217]] [4314670116.0, [333423.0, 2666607, 85328676, 86895, 85328676, 283119471]] [316502520, [26250, 195230, 6247200, 13150, 6247200, 12492810]] [5744703064, [446500, 3553222, 113702944, 38734, 113702944, 437444628]] [1120191800, [87558, 694278, 22167600, 9830, 22167600, 87064582]] [310311470226.0, [23976942.0, 191813655, 6138012243, 5340891, 6138012243, 21131037915]] [11960354296.0, [938707.0, 7406710, 236848320, 329310, 225408192, 758758419]]
Model_cost: [17414038068.666664, [3988.527777777778, 11224164, 359126200, 498436, 49400505, 1534498]] [4270578468.0, [29511.0, 2666607, 85328676, 86895, 77870628, 2433543]] [313985400.0, [30.0, 195230, 6247200, 13150, 6247200, 195210]] [5311884944.0, [9975.25, 3327942, 106002464, 38734, 103509152, 1846183736]] [851744696.0, [714.0, 543942, 17356848, 9830, 7871280, 243358]] [308008298154.0, [4077.0, 191813655, 6138012243, 5340891, 6137123727, 191785179]] [1426163192.0, [343.0, 891830, 28517760, 42142, 25506688, 796755]]
Arch_Param: [32, 4096, 4096, 16, 512, 256]
SK_cost: [20490965578.666668, [1606836.7777777778, 12715108, 406836408, 451588, 364399800, 1346637217]] [4314670116.0, [333423.0, 2666607, 85328676, 86895, 85328676, 283119471]] [316502520, [26250, 195230, 6247200, 13150, 6247200, 12492810]] [5744703064, [446500, 3553222, 113702944, 38734, 113702944, 437444628]] [1120191800, [87558, 694278, 22167600, 9830, 22167600, 87064582]] [310311470226.0, [23976942.0, 191813655, 6138012243, 5340891, 6138012243, 21131037915]] [11960354296.0, [938707.0, 7406710, 236848320, 329310, 225408192, 758758419]]
Model_cost: [17414038068.666664, [3988.527777777778, 11224164, 359126200, 498436, 49400505, 1534498]] [4270578468.0, [29511.0, 2666607, 85328676, 86895, 77870628, 2433543]] [313985400.0, [30.0, 195230, 6247200, 13150, 6247200, 195210]] [5311884944.0, [9975.25, 3327942, 106002464, 38734, 103509152, 1846183736]] [851606520.0, [712.0, 543942, 17356848, 9830, 7802288, 242514]] [308008298154.0, [4077.0, 191813655, 6138012243, 5340891, 6137123727, 191785179]] [1426163192.0, [343.0, 891830, 28517760, 42142, 25506688, 796755]]
Arch_Param: [32, 4096, 4096, 16, 512, 512]
SK_cost: [20490965578.666668, [1606836.7777777778, 12715108, 406836408, 451588, 364399800, 1346637217]] [4314670116.0, [333423.0, 2666607, 85328676, 86895, 85328676, 283119471]] [316502520, [26250, 195230, 6247200, 13150, 6247200, 12492810]] [5744703064, [446500, 3553222, 113702944, 38734, 113702944, 437444628]] [1120191800, [87558, 694278, 22167600, 9830, 22167600, 87064582]] [310311470226.0, [23976942.0, 191813655, 6138012243, 5340891, 6138012243, 21131037915]] [11960354296.0, [938707.0, 7406710, 236848320, 329310, 225408192, 758758419]]
Model_cost: [17413423452.666664, [3986.277777777778, 11224164, 359126200, 488836, 49400505, 1540898]] [4270578468.0, [29511.0, 2666607, 85328676, 86895, 77870628, 2433543]] [313985400.0, [30.0, 195230, 6247200, 13150, 6247200, 195210]] [5311884944.0, [9975.25, 3327942, 106002464, 38734, 103509152, 1846183736]] [851537432.0, [711.0, 543942, 17356848, 9830, 7767792, 242092]] [308008298154.0, [4077.0, 191813655, 6138012243, 5340891, 6137123727, 191785179]] [1426163192.0, [343.0, 891830, 28517760, 42142, 25506688, 796755]]
Arch_Param: [32, 4096, 4096, 16, 1024, 64]
SK_cost: [20465548670.666668, [1606836.7777777778, 6360929, 406836408, 451585, 364399800, 1346637217]] [4309337124.0, [333423.0, 1333359, 85328676, 86895, 85328676, 283119471]] [316137040, [26250, 104020, 6247200, 13140, 6247200, 12492810]] [5737620320, [446500, 1783016, 113702944, 38704, 113702944, 437444628]] [1118807352, [87558, 348166, 22167600, 9830, 22167600, 87064582]] [309927844770.0, [23976942.0, 95907291, 6138012243, 5340891, 6138012243, 21131037915]] [11945562700.0, [938707.0, 3709755, 236848320, 329251, 225408192, 758758419]]
Model_cost: [17452948520.666664, [4006.527777777778, 5615457, 359126200, 1456929, 49400505, 198946]] [4265245476.0, [29511.0, 1333359, 85328676, 86895, 77870628, 1216827]] [313620040.0, [31.25, 104020, 6247200, 13140, 6247200, 27210]] [5305293840.0, [9976.5, 1680616, 106002464, 38704, 103509152, 1846014118]] [851084728.0, [718.0, 273670, 17356848, 14150, 7943408, 120368]] [307624672698.0, [4077.0, 95907291, 6138012243, 5340891, 6137123727, 95892675]] [1424551636.0, [349.75, 446715, 28517760, 44771, 25506688, 396499]]
Arch_Param: [32, 4096, 4096, 16, 1024, 128]
SK_cost: [20465548670.666668, [1606836.7777777778, 6360929, 406836408, 451585, 364399800, 1346637217]] [4309337124.0, [333423.0, 1333359, 85328676, 86895, 85328676, 283119471]] [316137040, [26250, 104020, 6247200, 13140, 6247200, 12492810]] [5737620320, [446500, 1783016, 113702944, 38704, 113702944, 437444628]] [1118807352, [87558, 348166, 22167600, 9830, 22167600, 87064582]] [309927844770.0, [23976942.0, 95907291, 6138012243, 5340891, 6138012243, 21131037915]] [11945562700.0, [938707.0, 3709755, 236848320, 329251, 225408192, 758758419]]
Model_cost: [17391603048.666664, [3988.527777777778, 5615457, 359126200, 498433, 49400505, 768546]] [4265245476.0, [29511.0, 1333359, 85328676, 86895, 77870628, 1216827]] [313620040.0, [31.25, 104020, 6247200, 13140, 6247200, 27210]] [5305293840.0, [9976.5, 1680616, 106002464, 38704, 103509152, 1846014118]] [850660920.0, [714.0, 272998, 17356848, 9830, 7871280, 121938]] [307624672698.0, [4077.0, 95907291, 6138012243, 5340891, 6137123727, 95892675]] [1424378956.0, [343.0, 446715, 28517760, 42083, 25506688, 398419]]
Arch_Param: [32, 4096, 4096, 16, 1024, 256]
SK_cost: [20465548670.666668, [1606836.7777777778, 6360929, 406836408, 451585, 364399800, 1346637217]] [4309337124.0, [333423.0, 1333359, 85328676, 86895, 85328676, 283119471]] [316137040, [26250, 104020, 6247200, 13140, 6247200, 12492810]] [5737620320, [446500, 1783016, 113702944, 38704, 113702944, 437444628]] [1118807352, [87558, 348166, 22167600, 9830, 22167600, 87064582]] [309927844770.0, [23976942.0, 95907291, 6138012243, 5340891, 6138012243, 21131037915]] [11945562700.0, [938707.0, 3709755, 236848320, 329251, 225408192, 758758419]]
Model_cost: [17391603048.666664, [3988.527777777778, 5615457, 359126200, 498433, 49400505, 768546]] [4265245476.0, [29511.0, 1333359, 85328676, 86895, 77870628, 1216827]] [313620040.0, [31.25, 104020, 6247200, 13140, 6247200, 27210]] [5305293840.0, [9976.5, 1680616, 106002464, 38704, 103509152, 1846014118]] [850522744.0, [712.0, 272998, 17356848, 9830, 7802288, 121388]] [307624672698.0, [4077.0, 95907291, 6138012243, 5340891, 6137123727, 95892675]] [1424378956.0, [343.0, 446715, 28517760, 42083, 25506688, 398419]]
Arch_Param: [32, 4096, 4096, 16, 1024, 512]
SK_cost: [20465548670.666668, [1606836.7777777778, 6360929, 406836408, 451585, 364399800, 1346637217]] [4309337124.0, [333423.0, 1333359, 85328676, 86895, 85328676, 283119471]] [316137040, [26250, 104020, 6247200, 13140, 6247200, 12492810]] [5737620320, [446500, 1783016, 113702944, 38704, 113702944, 437444628]] [1118807352, [87558, 348166, 22167600, 9830, 22167600, 87064582]] [309927844770.0, [23976942.0, 95907291, 6138012243, 5340891, 6138012243, 21131037915]] [11945562700.0, [938707.0, 3709755, 236848320, 329251, 225408192, 758758419]]
Model_cost: [17390988432.666664, [3986.277777777778, 5615457, 359126200, 488833, 49400505, 770786]] [4265245476.0, [29511.0, 1333359, 85328676, 86895, 77870628, 1216827]] [313620040.0, [31.25, 104020, 6247200, 13140, 6247200, 27210]] [5305293840.0, [9976.5, 1680616, 106002464, 38704, 103509152, 1846014118]] [850453656.0, [711.0, 272998, 17356848, 9830, 7767792, 121113]] [307624672698.0, [4077.0, 95907291, 6138012243, 5340891, 6137123727, 95892675]] [1424378956.0, [343.0, 446715, 28517760, 42083, 25506688, 398419]]
Arch_Param: [32, 4096, 4096, 32, 256, 64]
SK_cost: [11695778558.666666, [913375.4444444445, 14471873, 231526584, 254913, 210308280, 767184289]] [4325336100.0, [333423.0, 5333103, 85328676, 86895, 85328676, 283119471]] [317284680, [26250, 390450, 6247200, 13170, 6247200, 12492810]] [5758919752, [446500, 7106434, 113702944, 38794, 113702944, 437444628]] [561482040, [43782, 693254, 11083824, 4918, 11083824, 43532294]] [311078721138.0, [23976942.0, 383626383, 6138012243, 5340891, 6138012243, 21131037915]] [10938361168.0, [850771.0, 13498604, 215891136, 256724, 211743936, 711998483]]
Model_cost: [9972580296.666668, [2252.1944444444443, 12767937, 204263608, 278721, 49400505, 3066402]] [4281244452.0, [29511.0, 5333103, 85328676, 86895, 77870628, 4866975]] [314767560.0, [30.0, 390450, 6247200, 13170, 6247200, 390410]] [5325118592.0, [9975.25, 6635394, 106002464, 38794, 103509152, 1846382172]] [434812728.0, [362.0, 542918, 8678448, 5542, 7843056, 483888]] [308775549066.0, [4077.0, 383626383, 6138012243, 5340891, 6137123727, 383570187]] [1324884080.0, [274.0, 1647980, 26356864, 33172, 25506688, 1593427]]
Arch_Param: [32, 4096, 4096, 32, 256, 128]
SK_cost: [11695778558.666666, [913375.4444444445, 14471873, 231526584, 254913, 210308280, 767184289]] [4325336100.0, [333423.0, 5333103, 85328676, 86895, 85328676, 283119471]] [317284680, [26250, 390450, 6247200, 13170, 6247200, 12492810]] [5758919752, [446500, 7106434, 113702944, 38794, 113702944, 437444628]] [561482040, [43782, 693254, 11083824, 4918, 11083824, 43532294]] [311078721138.0, [23976942.0, 383626383, 6138012243, 5340891, 6138012243, 21131037915]] [10938361168.0, [850771.0, 13498604, 215891136, 256724, 211743936, 711998483]]
Model_cost: [9972580296.666668, [2252.1944444444443, 12767937, 204263608, 278721, 49400505, 3066402]] [4281244452.0, [29511.0, 5333103, 85328676, 86895, 77870628, 4866975]] [314767560.0, [30.0, 390450, 6247200, 13170, 6247200, 390410]] [5325118592.0, [9975.25, 6635394, 106002464, 38794, 103509152, 1846382172]] [434691064.0, [360.0, 542918, 8678448, 4918, 7802288, 484766]] [308775549066.0, [4077.0, 383626383, 6138012243, 5340891, 6137123727, 383570187]] [1324884080.0, [274.0, 1647980, 26356864, 33172, 25506688, 1593427]]
Arch_Param: [32, 4096, 4096, 32, 256, 256]
SK_cost: [11695778558.666666, [913375.4444444445, 14471873, 231526584, 254913, 210308280, 767184289]] [4325336100.0, [333423.0, 5333103, 85328676, 86895, 85328676, 283119471]] [317284680, [26250, 390450, 6247200, 13170, 6247200, 12492810]] [5758919752, [446500, 7106434, 113702944, 38794, 113702944, 437444628]] [561482040, [43782, 693254, 11083824, 4918, 11083824, 43532294]] [311078721138.0, [23976942.0, 383626383, 6138012243, 5340891, 6138012243, 21131037915]] [10938361168.0, [850771.0, 13498604, 215891136, 256724, 211743936, 711998483]]
Model_cost: [9972260592.666668, [2249.9444444444443, 12767937, 204263608, 273729, 49400505, 3081122]] [4281244452.0, [29511.0, 5333103, 85328676, 86895, 77870628, 4866975]] [314767560.0, [30.0, 390450, 6247200, 13170, 6247200, 390410]] [5325118592.0, [9975.25, 6635394, 106002464, 38794, 103509152, 1846382172]] [434621976.0, [359.0, 542918, 8678448, 4918, 7767792, 484050]] [308775549066.0, [4077.0, 383626383, 6138012243, 5340891, 6137123727, 383570187]] [1324884080.0, [274.0, 1647980, 26356864, 33172, 25506688, 1593427]]
Arch_Param: [32, 4096, 4096, 32, 512, 64]
SK_cost: [11666833994.666666, [913375.4444444445, 7236196, 231526584, 254884, 210308280, 767184289]] [4314670116.0, [333423.0, 2666607, 85328676, 86895, 85328676, 283119471]] [316502520, [26250, 195230, 6247200, 13150, 6247200, 12492810]] [5744703064, [446500, 3553222, 113702944, 38734, 113702944, 437444628]] [560097592, [43782, 347142, 11083824, 4918, 11083824, 43532294]] [310311470226.0, [23976942.0, 191813655, 6138012243, 5340891, 6138012243, 21131037915]] [10911356408.0, [850771.0, 6749302, 215891136, 256606, 211743936, 711998483]]
Model_cost: [9947043604.666668, [2252.1944444444443, 6384228, 204263608, 278692, 49400505, 1534498]] [4270578468.0, [29511.0, 2666607, 85328676, 86895, 77870628, 2433543]] [313985400.0, [30.0, 195230, 6247200, 13150, 6247200, 195210]] [5311884944.0, [9975.25, 3327942, 106002464, 38734, 103509152, 1846183736]] [433728952.0, [362.0, 271974, 8678448, 5542, 7843056, 242224]] [308008298154.0, [4077.0, 191813655, 6138012243, 5340891, 6137123727, 191785179]] [1321580568.0, [274.0, 823990, 26356864, 33054, 25506688, 796755]]
Arch_Param: [32, 4096, 4096, 32, 512, 128]
SK_cost: [11666833994.666666, [913375.4444444445, 7236196, 231526584, 254884, 210308280, 767184289]] [4314670116.0, [333423.0, 2666607, 85328676, 86895, 85328676, 283119471]] [316502520, [26250, 195230, 6247200, 13150, 6247200, 12492810]] [5744703064, [446500, 3553222, 113702944, 38734, 113702944, 437444628]] [560097592, [43782, 347142, 11083824, 4918, 11083824, 43532294]] [310311470226.0, [23976942.0, 191813655, 6138012243, 5340891, 6138012243, 21131037915]] [10911356408.0, [850771.0, 6749302, 215891136, 256606, 211743936, 711998483]]
Model_cost: [9947043604.666668, [2252.1944444444443, 6384228, 204263608, 278692, 49400505, 1534498]] [4270578468.0, [29511.0, 2666607, 85328676, 86895, 77870628, 2433543]] [313985400.0, [30.0, 195230, 6247200, 13150, 6247200, 195210]] [5311884944.0, [9975.25, 3327942, 106002464, 38734, 103509152, 1846183736]] [433607288.0, [360.0, 271974, 8678448, 4918, 7802288, 242514]] [308008298154.0, [4077.0, 191813655, 6138012243, 5340891, 6137123727, 191785179]] [1321580568.0, [274.0, 823990, 26356864, 33054, 25506688, 796755]]
Arch_Param: [32, 4096, 4096, 32, 512, 256]
SK_cost: [11666833994.666666, [913375.4444444445, 7236196, 231526584, 254884, 210308280, 767184289]] [4314670116.0, [333423.0, 2666607, 85328676, 86895, 85328676, 283119471]] [316502520, [26250, 195230, 6247200, 13150, 6247200, 12492810]] [5744703064, [446500, 3553222, 113702944, 38734, 113702944, 437444628]] [560097592, [43782, 347142, 11083824, 4918, 11083824, 43532294]] [310311470226.0, [23976942.0, 191813655, 6138012243, 5340891, 6138012243, 21131037915]] [10911356408.0, [850771.0, 6749302, 215891136, 256606, 211743936, 711998483]]
Model_cost: [9946723900.666668, [2249.9444444444443, 6384228, 204263608, 273700, 49400505, 1540898]] [4270578468.0, [29511.0, 2666607, 85328676, 86895, 77870628, 2433543]] [313985400.0, [30.0, 195230, 6247200, 13150, 6247200, 195210]] [5311884944.0, [9975.25, 3327942, 106002464, 38734, 103509152, 1846183736]] [433538200.0, [359.0, 271974, 8678448, 4918, 7767792, 242092]] [308008298154.0, [4077.0, 191813655, 6138012243, 5340891, 6137123727, 191785179]] [1321580568.0, [274.0, 823990, 26356864, 33054, 25506688, 796755]]
Arch_Param: [32, 4096, 4096, 32, 512, 512]
SK_cost: [11666833994.666666, [913375.4444444445, 7236196, 231526584, 254884, 210308280, 767184289]] [4314670116.0, [333423.0, 2666607, 85328676, 86895, 85328676, 283119471]] [316502520, [26250, 195230, 6247200, 13150, 6247200, 12492810]] [5744703064, [446500, 3553222, 113702944, 38734, 113702944, 437444628]] [560097592, [43782, 347142, 11083824, 4918, 11083824, 43532294]] [310311470226.0, [23976942.0, 191813655, 6138012243, 5340891, 6138012243, 21131037915]] [10911356408.0, [850771.0, 6749302, 215891136, 256606, 211743936, 711998483]]
Model_cost: [9946723900.666668, [2249.9444444444443, 6384228, 204263608, 273700, 49400505, 1540898]] [4270578468.0, [29511.0, 2666607, 85328676, 86895, 77870628, 2433543]] [313985400.0, [30.0, 195230, 6247200, 13150, 6247200, 195210]] [5311884944.0, [9975.25, 3327942, 106002464, 38734, 103509152, 1846183736]] [433538200.0, [359.0, 271974, 8678448, 4918, 7767792, 242092]] [308008298154.0, [4077.0, 191813655, 6138012243, 5340891, 6137123727, 191785179]] [1321580568.0, [274.0, 823990, 26356864, 33054, 25506688, 796755]]
Arch_Param: [32, 4096, 4096, 32, 1024, 64]
SK_cost: [11652368766.666666, [913375.4444444445, 3619937, 231526584, 254881, 210308280, 767184289]] [4309337124.0, [333423.0, 1333359, 85328676, 86895, 85328676, 283119471]] [316137040, [26250, 104020, 6247200, 13140, 6247200, 12492810]] [5737620320, [446500, 1783016, 113702944, 38704, 113702944, 437444628]] [559405368, [43782, 174086, 11083824, 4918, 11083824, 43532294]] [309927844770.0, [23976942.0, 95907291, 6138012243, 5340891, 6138012243, 21131037915]] [10897867340.0, [850771.0, 3377979, 215891136, 256547, 211743936, 711998483]]
Model_cost: [9934282312.666668, [2252.1944444444443, 3193953, 204263608, 278689, 49400505, 768546]] [4265245476.0, [29511.0, 1333359, 85328676, 86895, 77870628, 1216827]] [313620040.0, [31.25, 104020, 6247200, 13140, 6247200, 27210]] [5305293840.0, [9976.5, 1680616, 106002464, 38704, 103509152, 1846014118]] [433188408.0, [362.0, 136838, 8678448, 5542, 7843056, 121392]] [307624672698.0, [4077.0, 95907291, 6138012243, 5340891, 6137123727, 95892675]] [1319930476.0, [274.0, 412411, 26356864, 32995, 25506688, 398419]]
Arch_Param: [32, 4096, 4096, 32, 1024, 128]
SK_cost: [11652368766.666666, [913375.4444444445, 3619937, 231526584, 254881, 210308280, 767184289]] [4309337124.0, [333423.0, 1333359, 85328676, 86895, 85328676, 283119471]] [316137040, [26250, 104020, 6247200, 13140, 6247200, 12492810]] [5737620320, [446500, 1783016, 113702944, 38704, 113702944, 437444628]] [559405368, [43782, 174086, 11083824, 4918, 11083824, 43532294]] [309927844770.0, [23976942.0, 95907291, 6138012243, 5340891, 6138012243, 21131037915]] [10897867340.0, [850771.0, 3377979, 215891136, 256547, 211743936, 711998483]]
Model_cost: [9934282312.666668, [2252.1944444444443, 3193953, 204263608, 278689, 49400505, 768546]] [4265245476.0, [29511.0, 1333359, 85328676, 86895, 77870628, 1216827]] [313620040.0, [31.25, 104020, 6247200, 13140, 6247200, 27210]] [5305293840.0, [9976.5, 1680616, 106002464, 38704, 103509152, 1846014118]] [433065400.0, [360.0, 136502, 8678448, 4918, 7802288, 121388]] [307624672698.0, [4077.0, 95907291, 6138012243, 5340891, 6137123727, 95892675]] [1319930476.0, [274.0, 412411, 26356864, 32995, 25506688, 398419]]
Arch_Param: [32, 4096, 4096, 32, 1024, 256]
SK_cost: [11652368766.666666, [913375.4444444445, 3619937, 231526584, 254881, 210308280, 767184289]] [4309337124.0, [333423.0, 1333359, 85328676, 86895, 85328676, 283119471]] [316137040, [26250, 104020, 6247200, 13140, 6247200, 12492810]] [5737620320, [446500, 1783016, 113702944, 38704, 113702944, 437444628]] [559405368, [43782, 174086, 11083824, 4918, 11083824, 43532294]] [309927844770.0, [23976942.0, 95907291, 6138012243, 5340891, 6138012243, 21131037915]] [10897867340.0, [850771.0, 3377979, 215891136, 256547, 211743936, 711998483]]
Model_cost: [9933962608.666668, [2249.9444444444443, 3193953, 204263608, 273697, 49400505, 770786]] [4265245476.0, [29511.0, 1333359, 85328676, 86895, 77870628, 1216827]] [313620040.0, [31.25, 104020, 6247200, 13140, 6247200, 27210]] [5305293840.0, [9976.5, 1680616, 106002464, 38704, 103509152, 1846014118]] [432996312.0, [359.0, 136502, 8678448, 4918, 7767792, 121113]] [307624672698.0, [4077.0, 95907291, 6138012243, 5340891, 6137123727, 95892675]] [1319930476.0, [274.0, 412411, 26356864, 32995, 25506688, 398419]]
Arch_Param: [32, 4096, 4096, 32, 1024, 512]
SK_cost: [11652368766.666666, [913375.4444444445, 3619937, 231526584, 254881, 210308280, 767184289]] [4309337124.0, [333423.0, 1333359, 85328676, 86895, 85328676, 283119471]] [316137040, [26250, 104020, 6247200, 13140, 6247200, 12492810]] [5737620320, [446500, 1783016, 113702944, 38704, 113702944, 437444628]] [559405368, [43782, 174086, 11083824, 4918, 11083824, 43532294]] [309927844770.0, [23976942.0, 95907291, 6138012243, 5340891, 6138012243, 21131037915]] [10897867340.0, [850771.0, 3377979, 215891136, 256547, 211743936, 711998483]]
Model_cost: [9933962608.666668, [2249.9444444444443, 3193953, 204263608, 273697, 49400505, 770786]] [4265245476.0, [29511.0, 1333359, 85328676, 86895, 77870628, 1216827]] [313620040.0, [31.25, 104020, 6247200, 13140, 6247200, 27210]] [5305293840.0, [9976.5, 1680616, 106002464, 38704, 103509152, 1846014118]] [432996312.0, [359.0, 136502, 8678448, 4918, 7767792, 121113]] [307624672698.0, [4077.0, 95907291, 6138012243, 5340891, 6137123727, 95892675]] [1319930476.0, [274.0, 412411, 26356864, 32995, 25506688, 398419]]
Arch_Param: [32, 4096, 2048, 4, 256, 64]
SK_cost: [74193604372.0, [11448421.0, 91214401, 1459298552, 1634145, 1289391288, 4824681889]] [8352261156.0, [1278063.0, 10223727, 163578660, 164463, 163185444, 545001327]] [319773000, [52170, 390450, 6247200, 13170, 6247200, 12492810]] [5801671240, [891828, 7106434, 113702944, 38794, 113702944, 437444628]] [4525452600, [700422, 5545990, 88670256, 39302, 88670256, 348258310]] [626730167826.0, [95902683.0, 767215743, 12275433555, 10680855, 12275130963, 42260303067]] [21232759248.0, [3325343.0, 26148076, 417716928, 820436, 353006784, 1218624531]]
Model_cost: [62626879702.0, [28831.0, 80564801, 1288904952, 5243969, 49400505, 211234]] [8064929316.0, [62415.0, 10223727, 163578660, 164463, 77870628, 4866975]] [314769480.0, [50.0, 390450, 6247200, 13170, 6247200, 390410]] [5326074296.0, [19930.5, 6635394, 106002464, 38794, 103509152, 1846382172]] [3384638136, [5670, 4343302, 69427248, 267526, 8545520, 34352]] [605248573194.0, [11223.0, 767215743, 12275433555, 10680855, 6137123727, 383570187]] [2359125344.0, [1636.5, 2983404, 47652928, 135636, 25506688, 1504979]]
Arch_Param: [32, 4096, 2048, 4, 256, 128]
SK_cost: [74193604372.0, [11448421.0, 91214401, 1459298552, 1634145, 1289391288, 4824681889]] [8352261156.0, [1278063.0, 10223727, 163578660, 164463, 163185444, 545001327]] [319773000, [52170, 390450, 6247200, 13170, 6247200, 12492810]] [5801671240, [891828, 7106434, 113702944, 38794, 113702944, 437444628]] [4525452600, [700422, 5545990, 88670256, 39302, 88670256, 348258310]] [626730167826.0, [95902683.0, 767215743, 12275433555, 10680855, 12275130963, 42260303067]] [21232759248.0, [3325343.0, 26148076, 417716928, 820436, 353006784, 1218624531]]
Model_cost: [62626879702.0, [28831.0, 80564801, 1288904952, 5243969, 49400505, 211234]] [8064929316.0, [62415.0, 10223727, 163578660, 164463, 77870628, 4866975]] [314769480.0, [50.0, 390450, 6247200, 13170, 6247200, 390410]] [5326074296.0, [19930.5, 6635394, 106002464, 38794, 103509152, 1846382172]] [3370296120.0, [5654.0, 4343302, 69427248, 51590, 8285232, 487110]] [605248573194.0, [11223.0, 767215743, 12275433555, 10680855, 6137123727, 383570187]] [2357690592.0, [1624.5, 2983404, 47652928, 113236, 25506688, 1579987]]
Arch_Param: [32, 4096, 2048, 4, 256, 256]
SK_cost: [74193604372.0, [11448421.0, 91214401, 1459298552, 1634145, 1289391288, 4824681889]] [8352261156.0, [1278063.0, 10223727, 163578660, 164463, 163185444, 545001327]] [319773000, [52170, 390450, 6247200, 13170, 6247200, 12492810]] [5801671240, [891828, 7106434, 113702944, 38794, 113702944, 437444628]] [4525452600, [700422, 5545990, 88670256, 39302, 88670256, 348258310]] [626730167826.0, [95902683.0, 767215743, 12275433555, 10680855, 12275130963, 42260303067]] [21232759248.0, [3325343.0, 26148076, 417716928, 820436, 353006784, 1218624531]]
Model_cost: [62625798358.0, [28831.0, 80564801, 1288904952, 5206337, 50064057, 222754]] [8064929316.0, [62415.0, 10223727, 163578660, 164463, 77870628, 4866975]] [314769480.0, [50.0, 390450, 6247200, 13170, 6247200, 390410]] [5326074296.0, [19930.5, 6635394, 106002464, 38794, 103509152, 1846382172]] [3369219128.0, [5646.0, 4343302, 69427248, 39302, 8140336, 497254]] [605248573194.0, [11223.0, 767215743, 12275433555, 10680855, 6137123727, 383570187]] [2357690592.0, [1624.5, 2983404, 47652928, 113236, 25506688, 1579987]]
Arch_Param: [32, 4096, 2048, 4, 512, 64]
SK_cost: [74011174752.0, [11448421.0, 45607460, 1459298552, 1634116, 1289391288, 4824681889]] [8331813924.0, [1278063.0, 5111919, 163578660, 164463, 163185444, 545001327]] [318990840, [52170, 195230, 6247200, 13150, 6247200, 12492810]] [5787454552, [891828, 3553222, 113702944, 38734, 113702944, 437444628]] [4514377016, [700422, 2777094, 88670256, 39302, 88670256, 348258310]] [625195739730.0, [95902683.0, 383608719, 12275433555, 10680855, 12275130963, 42260303067]] [21180455544.0, [3325343.0, 13074038, 417716928, 820318, 353006784, 1218624531]]
Model_cost: [62465749282.0, [28831.0, 40282660, 1288904952, 5243940, 49400505, 203042]] [8044482084.0, [62415.0, 5111919, 163578660, 164463, 77870628, 2433543]] [313987320.0, [50.0, 195230, 6247200, 13150, 6247200, 195210]] [5312840648.0, [19930.5, 3327942, 106002464, 38734, 103509152, 1846183736]] [3375967928, [5670, 2175750, 69427248, 267526, 8545520, 34352]] [603714145098.0, [11223.0, 383608719, 12275433555, 10680855, 6137123727, 191785179]] [2353150984.0, [1636.5, 1491702, 47652928, 135518, 25506688, 756947]]
Arch_Param: [32, 4096, 2048, 4, 512, 128]
SK_cost: [74011174752.0, [11448421.0, 45607460, 1459298552, 1634116, 1289391288, 4824681889]] [8331813924.0, [1278063.0, 5111919, 163578660, 164463, 163185444, 545001327]] [318990840, [52170, 195230, 6247200, 13150, 6247200, 12492810]] [5787454552, [891828, 3553222, 113702944, 38734, 113702944, 437444628]] [4514377016, [700422, 2777094, 88670256, 39302, 88670256, 348258310]] [625195739730.0, [95902683.0, 383608719, 12275433555, 10680855, 12275130963, 42260303067]] [21180455544.0, [3325343.0, 13074038, 417716928, 820318, 353006784, 1218624531]]
Model_cost: [62465749282.0, [28831.0, 40282660, 1288904952, 5243940, 49400505, 203042]] [8044482084.0, [62415.0, 5111919, 163578660, 164463, 77870628, 2433543]] [313987320.0, [50.0, 195230, 6247200, 13150, 6247200, 195210]] [5312840648.0, [19930.5, 3327942, 106002464, 38734, 103509152, 1846183736]] [3361625912.0, [5654.0, 2175750, 69427248, 51590, 8285232, 244838]] [603714145098.0, [11223.0, 383608719, 12275433555, 10680855, 6137123727, 191785179]] [2351716232.0, [1624.5, 1491702, 47652928, 113118, 25506688, 790995]]
Arch_Param: [32, 4096, 2048, 4, 512, 256]
SK_cost: [74011174752.0, [11448421.0, 45607460, 1459298552, 1634116, 1289391288, 4824681889]] [8331813924.0, [1278063.0, 5111919, 163578660, 164463, 163185444, 545001327]] [318990840, [52170, 195230, 6247200, 13150, 6247200, 12492810]] [5787454552, [891828, 3553222, 113702944, 38734, 113702944, 437444628]] [4514377016, [700422, 2777094, 88670256, 39302, 88670256, 348258310]] [625195739730.0, [95902683.0, 383608719, 12275433555, 10680855, 12275130963, 42260303067]] [21180455544.0, [3325343.0, 13074038, 417716928, 820318, 353006784, 1218624531]]
Model_cost: [62464667938.0, [28831.0, 40282660, 1288904952, 5206308, 50064057, 214562]] [8044482084.0, [62415.0, 5111919, 163578660, 164463, 77870628, 2433543]] [313987320.0, [50.0, 195230, 6247200, 13150, 6247200, 195210]] [5312840648.0, [19930.5, 3327942, 106002464, 38734, 103509152, 1846183736]] [3360548920.0, [5646.0, 2175750, 69427248, 39302, 8140336, 249142]] [603714145098.0, [11223.0, 383608719, 12275433555, 10680855, 6137123727, 191785179]] [2351716232.0, [1624.5, 1491702, 47652928, 113118, 25506688, 790995]]
Arch_Param: [32, 4096, 2048, 4, 512, 512]
SK_cost: [74011174752.0, [11448421.0, 45607460, 1459298552, 1634116, 1289391288, 4824681889]] [8331813924.0, [1278063.0, 5111919, 163578660, 164463, 163185444, 545001327]] [318990840, [52170, 195230, 6247200, 13150, 6247200, 12492810]] [5787454552, [891828, 3553222, 113702944, 38734, 113702944, 437444628]] [4514377016, [700422, 2777094, 88670256, 39302, 88670256, 348258310]] [625195739730.0, [95902683.0, 383608719, 12275433555, 10680855, 12275130963, 42260303067]] [21180455544.0, [3325343.0, 13074038, 417716928, 820318, 353006784, 1218624531]]
Model_cost: [62245581986.0, [28819.0, 40282660, 1288904952, 1783108, 50064057, 1546018]] [8044482084.0, [62415.0, 5111919, 163578660, 164463, 77870628, 2433543]] [313987320.0, [50.0, 195230, 6247200, 13150, 6247200, 195210]] [5312840648.0, [19930.5, 3327942, 106002464, 38734, 103509152, 1846183736]] [3360010808.0, [5646.0, 2175750, 69427248, 39302, 7871280, 243358]] [603714145098.0, [11223.0, 383608719, 12275433555, 10680855, 6137123727, 191785179]] [2351101400.0, [1620.0, 1491702, 47652928, 103518, 25506688, 796755]]
Arch_Param: [32, 4096, 2048, 4, 1024, 64]
SK_cost: [73920010388.0, [11448421.0, 22816417, 1459298552, 1634113, 1289391288, 4824681889]] [8321590308.0, [1278063.0, 2556015, 163578660, 164463, 163185444, 545001327]] [318625360, [52170, 104020, 6247200, 13140, 6247200, 12492810]] [5780371808, [891828, 1783016, 113702944, 38704, 113702944, 437444628]] [4508839224, [700422, 1392646, 88670256, 39302, 88670256, 348258310]] [624428525682.0, [95902683.0, 191805207, 12275433555, 10680855, 12275130963, 42260303067]] [21154404044.0, [3325343.0, 6562107, 417716928, 820259, 353006784, 1218624531]]
Model_cost: [62385234518.0, [28831.0, 20154017, 1288904952, 5243937, 49400505, 198946]] [8034258468.0, [62415.0, 2556015, 163578660, 164463, 77870628, 1216827]] [313622080.0, [52.5, 104020, 6247200, 13140, 6247200, 27210]] [5306249664.0, [19933.0, 1680616, 106002464, 38704, 103509152, 1846014118]] [3371643576, [5670, 1094662, 69427248, 267526, 8545520, 34352]] [602946931050.0, [11223.0, 191805207, 12275433555, 10680855, 6137123727, 95892675]] [2350176348.0, [1636.5, 748987, 47652928, 135459, 25506688, 382931]]
Arch_Param: [32, 4096, 2048, 4, 1024, 128]
SK_cost: [73920010388.0, [11448421.0, 22816417, 1459298552, 1634113, 1289391288, 4824681889]] [8321590308.0, [1278063.0, 2556015, 163578660, 164463, 163185444, 545001327]] [318625360, [52170, 104020, 6247200, 13140, 6247200, 12492810]] [5780371808, [891828, 1783016, 113702944, 38704, 113702944, 437444628]] [4508839224, [700422, 1392646, 88670256, 39302, 88670256, 348258310]] [624428525682.0, [95902683.0, 191805207, 12275433555, 10680855, 12275130963, 42260303067]] [21154404044.0, [3325343.0, 6562107, 417716928, 820259, 353006784, 1218624531]]
Model_cost: [62385234518.0, [28831.0, 20154017, 1288904952, 5243937, 49400505, 198946]] [8034258468.0, [62415.0, 2556015, 163578660, 164463, 77870628, 1216827]] [313622080.0, [52.5, 104020, 6247200, 13140, 6247200, 27210]] [5306249664.0, [19933.0, 1680616, 106002464, 38704, 103509152, 1846014118]] [3357290808.0, [5654.0, 1091974, 69427248, 51590, 8285232, 123702]] [602946931050.0, [11223.0, 191805207, 12275433555, 10680855, 6137123727, 95892675]] [2348741596.0, [1624.5, 748987, 47652928, 113059, 25506688, 396499]]
Arch_Param: [32, 4096, 2048, 4, 1024, 256]
SK_cost: [73920010388.0, [11448421.0, 22816417, 1459298552, 1634113, 1289391288, 4824681889]] [8321590308.0, [1278063.0, 2556015, 163578660, 164463, 163185444, 545001327]] [318625360, [52170, 104020, 6247200, 13140, 6247200, 12492810]] [5780371808, [891828, 1783016, 113702944, 38704, 113702944, 437444628]] [4508839224, [700422, 1392646, 88670256, 39302, 88670256, 348258310]] [624428525682.0, [95902683.0, 191805207, 12275433555, 10680855, 12275130963, 42260303067]] [21154404044.0, [3325343.0, 6562107, 417716928, 820259, 353006784, 1218624531]]
Model_cost: [62384153174.0, [28831.0, 20154017, 1288904952, 5206305, 50064057, 210466]] [8034258468.0, [62415.0, 2556015, 163578660, 164463, 77870628, 1216827]] [313622080.0, [52.5, 104020, 6247200, 13140, 6247200, 27210]] [5306249664.0, [19933.0, 1680616, 106002464, 38704, 103509152, 1846014118]] [3356213816.0, [5646.0, 1091974, 69427248, 39302, 8140336, 125086]] [602946931050.0, [11223.0, 191805207, 12275433555, 10680855, 6137123727, 95892675]] [2348741596.0, [1624.5, 748987, 47652928, 113059, 25506688, 396499]]
Arch_Param: [32, 4096, 2048, 4, 1024, 512]
SK_cost: [73920010388.0, [11448421.0, 22816417, 1459298552, 1634113, 1289391288, 4824681889]] [8321590308.0, [1278063.0, 2556015, 163578660, 164463, 163185444, 545001327]] [318625360, [52170, 104020, 6247200, 13140, 6247200, 12492810]] [5780371808, [891828, 1783016, 113702944, 38704, 113702944, 437444628]] [4508839224, [700422, 1392646, 88670256, 39302, 88670256, 348258310]] [624428525682.0, [95902683.0, 191805207, 12275433555, 10680855, 12275130963, 42260303067]] [21154404044.0, [3325343.0, 6562107, 417716928, 820259, 353006784, 1218624531]]
Model_cost: [62165067222.0, [28819.0, 20154017, 1288904952, 1783105, 50064057, 780066]] [8034258468.0, [62415.0, 2556015, 163578660, 164463, 77870628, 1216827]] [313622080.0, [52.5, 104020, 6247200, 13140, 6247200, 27210]] [5306249664.0, [19933.0, 1680616, 106002464, 38704, 103509152, 1846014118]] [3355675704.0, [5646.0, 1091974, 69427248, 39302, 7871280, 121938]] [602946931050.0, [11223.0, 191805207, 12275433555, 10680855, 6137123727, 95892675]] [2348126764.0, [1620.0, 748987, 47652928, 103459, 25506688, 398419]]
Arch_Param: [32, 4096, 2048, 8, 256, 64]
SK_cost: [38522641172.0, [5942341.0, 47352385, 757568376, 845281, 672693432, 2505874849]] [4357334052.0, [666735.0, 5333103, 85328676, 86895, 85328676, 283119471]] [319773000, [52170, 390450, 6247200, 13170, 6247200, 12492810]] [5801671240, [891828, 7106434, 113702944, 38794, 113702944, 437444628]] [2262727992, [350214, 2772998, 44335152, 19654, 44335152, 174129158]] [313380492306.0, [47953725.0, 383626383, 6138012243, 5340891, 6138012243, 21131037915]] [14198325712.0, [2209183.0, 17443052, 278762688, 474836, 252736704, 852278291]]
Model_cost: [32551742150.0, [14905.5, 41814593, 668963704, 2718657, 49400505, 211234]] [4284066852.0, [58911.0, 5333103, 85328676, 86895, 77870628, 4866975]] [314769480.0, [50.0, 390450, 6247200, 13170, 6247200, 390410]] [5326074296.0, [19930.5, 6635394, 106002464, 38794, 103509152, 1846382172]] [1693313208.0, [2838.0, 2171654, 34713648, 28294, 8144112, 477744]] [308775925194.0, [7995.0, 383626383, 6138012243, 5340891, 6137123727, 383570187]] [1639811360.0, [958.5, 2055020, 32839552, 65428, 25506688, 1579987]]
Arch_Param: [32, 4096, 2048, 8, 256, 128]
SK_cost: [38522641172.0, [5942341.0, 47352385, 757568376, 845281, 672693432, 2505874849]] [4357334052.0, [666735.0, 5333103, 85328676, 86895, 85328676, 283119471]] [319773000, [52170, 390450, 6247200, 13170, 6247200, 12492810]] [5801671240, [891828, 7106434, 113702944, 38794, 113702944, 437444628]] [2262727992, [350214, 2772998, 44335152, 19654, 44335152, 174129158]] [313380492306.0, [47953725.0, 383626383, 6138012243, 5340891, 6138012243, 21131037915]] [14198325712.0, [2209183.0, 17443052, 278762688, 474836, 252736704, 852278291]]
Model_cost: [32551742150.0, [14905.5, 41814593, 668963704, 2718657, 49400505, 211234]] [4284066852.0, [58911.0, 5333103, 85328676, 86895, 77870628, 4866975]] [314769480.0, [50.0, 390450, 6247200, 13170, 6247200, 390410]] [5326074296.0, [19930.5, 6635394, 106002464, 38794, 103509152, 1846382172]] [1692751928.0, [2830.0, 2171654, 34713648, 19654, 8140336, 497254]] [308775925194.0, [7995.0, 383626383, 6138012243, 5340891, 6137123727, 383570187]] [1639811360.0, [958.5, 2055020, 32839552, 65428, 25506688, 1579987]]
Arch_Param: [32, 4096, 2048, 8, 256, 256]
SK_cost: [38522641172.0, [5942341.0, 47352385, 757568376, 845281, 672693432, 2505874849]] [4357334052.0, [666735.0, 5333103, 85328676, 86895, 85328676, 283119471]] [319773000, [52170, 390450, 6247200, 13170, 6247200, 12492810]] [5801671240, [891828, 7106434, 113702944, 38794, 113702944, 437444628]] [2262727992, [350214, 2772998, 44335152, 19654, 44335152, 174129158]] [313380492306.0, [47953725.0, 383626383, 6138012243, 5340891, 6138012243, 21131037915]] [14198325712.0, [2209183.0, 17443052, 278762688, 474836, 252736704, 852278291]]
Model_cost: [32437816902.0, [14893.5, 41814593, 668963704, 938593, 49400505, 3066402]] [4284066852.0, [58911.0, 5333103, 85328676, 86895, 77870628, 4866975]] [314769480.0, [50.0, 390450, 6247200, 13170, 6247200, 390410]] [5326074296.0, [19930.5, 6635394, 106002464, 38794, 103509152, 1846382172]] [1692213432.0, [2826.0, 2171654, 34713648, 19654, 7871280, 486198]] [308775925194.0, [7995.0, 383626383, 6138012243, 5340891, 6137123727, 383570187]] [1639491440.0, [954.0, 2055020, 32839552, 60436, 25506688, 1593427]]
Arch_Param: [32, 4096, 2048, 8, 512, 64]
SK_cost: [38427935584.0, [5942341.0, 23676452, 757568376, 845252, 672693432, 2505874849]] [4346668068.0, [666735.0, 2666607, 85328676, 86895, 85328676, 283119471]] [318990840, [52170, 195230, 6247200, 13150, 6247200, 12492810]] [5787454552, [891828, 3553222, 113702944, 38734, 113702944, 437444628]] [2257190200, [350214, 1388550, 44335152, 19654, 44335152, 174129158]] [312613241394.0, [47953725.0, 191813655, 6138012243, 5340891, 6138012243, 21131037915]] [14163432056.0, [2209183.0, 8721526, 278762688, 474718, 252736704, 852278291]]
Model_cost: [32468112146.0, [14905.5, 20907556, 668963704, 2718628, 49400505, 203042]] [4273400868.0, [58911.0, 2666607, 85328676, 86895, 77870628, 2433543]] [313987320.0, [50.0, 195230, 6247200, 13150, 6247200, 195210]] [5312840648.0, [19930.5, 3327942, 106002464, 38734, 103509152, 1846183736]] [1688978104.0, [2838.0, 1087878, 34713648, 28294, 8144112, 240176]] [308008674282.0, [7995.0, 191813655, 6138012243, 5340891, 6137123727, 191785179]] [1635693768.0, [958.5, 1027510, 32839552, 65310, 25506688, 790995]]
Arch_Param: [32, 4096, 2048, 8, 512, 128]
SK_cost: [38427935584.0, [5942341.0, 23676452, 757568376, 845252, 672693432, 2505874849]] [4346668068.0, [666735.0, 2666607, 85328676, 86895, 85328676, 283119471]] [318990840, [52170, 195230, 6247200, 13150, 6247200, 12492810]] [5787454552, [891828, 3553222, 113702944, 38734, 113702944, 437444628]] [2257190200, [350214, 1388550, 44335152, 19654, 44335152, 174129158]] [312613241394.0, [47953725.0, 191813655, 6138012243, 5340891, 6138012243, 21131037915]] [14163432056.0, [2209183.0, 8721526, 278762688, 474718, 252736704, 852278291]]
Model_cost: [32468112146.0, [14905.5, 20907556, 668963704, 2718628, 49400505, 203042]] [4273400868.0, [58911.0, 2666607, 85328676, 86895, 77870628, 2433543]] [313987320.0, [50.0, 195230, 6247200, 13150, 6247200, 195210]] [5312840648.0, [19930.5, 3327942, 106002464, 38734, 103509152, 1846183736]] [1688416824.0, [2830.0, 1087878, 34713648, 19654, 8140336, 249142]] [308008674282.0, [7995.0, 191813655, 6138012243, 5340891, 6137123727, 191785179]] [1635693768.0, [958.5, 1027510, 32839552, 65310, 25506688, 790995]]
Arch_Param: [32, 4096, 2048, 8, 512, 256]
SK_cost: [38427935584.0, [5942341.0, 23676452, 757568376, 845252, 672693432, 2505874849]] [4346668068.0, [666735.0, 2666607, 85328676, 86895, 85328676, 283119471]] [318990840, [52170, 195230, 6247200, 13150, 6247200, 12492810]] [5787454552, [891828, 3553222, 113702944, 38734, 113702944, 437444628]] [2257190200, [350214, 1388550, 44335152, 19654, 44335152, 174129158]] [312613241394.0, [47953725.0, 191813655, 6138012243, 5340891, 6138012243, 21131037915]] [14163432056.0, [2209183.0, 8721526, 278762688, 474718, 252736704, 852278291]]
Model_cost: [32354186898.0, [14893.5, 20907556, 668963704, 938564, 49400505, 1534498]] [4273400868.0, [58911.0, 2666607, 85328676, 86895, 77870628, 2433543]] [313987320.0, [50.0, 195230, 6247200, 13150, 6247200, 195210]] [5312840648.0, [19930.5, 3327942, 106002464, 38734, 103509152, 1846183736]] [1687878328.0, [2826.0, 1087878, 34713648, 19654, 7871280, 243358]] [308008674282.0, [7995.0, 191813655, 6138012243, 5340891, 6137123727, 191785179]] [1635373848.0, [954.0, 1027510, 32839552, 60318, 25506688, 796755]]
Arch_Param: [32, 4096, 2048, 8, 512, 512]
SK_cost: [38427935584.0, [5942341.0, 23676452, 757568376, 845252, 672693432, 2505874849]] [4346668068.0, [666735.0, 2666607, 85328676, 86895, 85328676, 283119471]] [318990840, [52170, 195230, 6247200, 13150, 6247200, 12492810]] [5787454552, [891828, 3553222, 113702944, 38734, 113702944, 437444628]] [2257190200, [350214, 1388550, 44335152, 19654, 44335152, 174129158]] [312613241394.0, [47953725.0, 191813655, 6138012243, 5340891, 6138012243, 21131037915]] [14163432056.0, [2209183.0, 8721526, 278762688, 474718, 252736704, 852278291]]
Model_cost: [32354186898.0, [14893.5, 20907556, 668963704, 938564, 49400505, 1534498]] [4273400868.0, [58911.0, 2666607, 85328676, 86895, 77870628, 2433543]] [313987320.0, [50.0, 195230, 6247200, 13150, 6247200, 195210]] [5312840648.0, [19930.5, 3327942, 106002464, 38734, 103509152, 1846183736]] [1687740344.0, [2826.0, 1087878, 34713648, 19654, 7802288, 242514]] [308008674282.0, [7995.0, 191813655, 6138012243, 5340891, 6137123727, 191785179]] [1635373848.0, [954.0, 1027510, 32839552, 60318, 25506688, 796755]]
Arch_Param: [32, 4096, 2048, 8, 1024, 64]
SK_cost: [38380608404.0, [5942341.0, 11844705, 757568376, 845249, 672693432, 2505874849]] [4341335076.0, [666735.0, 1333359, 85328676, 86895, 85328676, 283119471]] [318625360, [52170, 104020, 6247200, 13140, 6247200, 12492810]] [5780371808, [891828, 1783016, 113702944, 38704, 113702944, 437444628]] [2254421304, [350214, 696326, 44335152, 19654, 44335152, 174129158]] [312229615938.0, [47953725.0, 95907291, 6138012243, 5340891, 6138012243, 21131037915]] [14146035404.0, [2209183.0, 4373307, 278762688, 474659, 252736704, 852278291]]
Model_cost: [32426322758.0, [14905.5, 10460257, 668963704, 2718625, 49400505, 198946]] [4268067876.0, [58911.0, 1333359, 85328676, 86895, 77870628, 1216827]] [313622080.0, [52.5, 104020, 6247200, 13140, 6247200, 27210]] [5306249664.0, [19933.0, 1680616, 106002464, 38704, 103509152, 1846014118]] [1686815928.0, [2838.0, 547334, 34713648, 28294, 8144112, 121392]] [307625048826.0, [7995.0, 95907291, 6138012243, 5340891, 6137123727, 95892675]] [1633641244.0, [958.5, 515323, 32839552, 65251, 25506688, 396499]]
Arch_Param: [32, 4096, 2048, 8, 1024, 128]
SK_cost: [38380608404.0, [5942341.0, 11844705, 757568376, 845249, 672693432, 2505874849]] [4341335076.0, [666735.0, 1333359, 85328676, 86895, 85328676, 283119471]] [318625360, [52170, 104020, 6247200, 13140, 6247200, 12492810]] [5780371808, [891828, 1783016, 113702944, 38704, 113702944, 437444628]] [2254421304, [350214, 696326, 44335152, 19654, 44335152, 174129158]] [312229615938.0, [47953725.0, 95907291, 6138012243, 5340891, 6138012243, 21131037915]] [14146035404.0, [2209183.0, 4373307, 278762688, 474659, 252736704, 852278291]]
Model_cost: [32426322758.0, [14905.5, 10460257, 668963704, 2718625, 49400505, 198946]] [4268067876.0, [58911.0, 1333359, 85328676, 86895, 77870628, 1216827]] [313622080.0, [52.5, 104020, 6247200, 13140, 6247200, 27210]] [5306249664.0, [19933.0, 1680616, 106002464, 38704, 103509152, 1846014118]] [1686249272.0, [2830.0, 545990, 34713648, 19654, 8140336, 125086]] [307625048826.0, [7995.0, 95907291, 6138012243, 5340891, 6137123727, 95892675]] [1633641244.0, [958.5, 515323, 32839552, 65251, 25506688, 396499]]
Arch_Param: [32, 4096, 2048, 8, 1024, 256]
SK_cost: [38380608404.0, [5942341.0, 11844705, 757568376, 845249, 672693432, 2505874849]] [4341335076.0, [666735.0, 1333359, 85328676, 86895, 85328676, 283119471]] [318625360, [52170, 104020, 6247200, 13140, 6247200, 12492810]] [5780371808, [891828, 1783016, 113702944, 38704, 113702944, 437444628]] [2254421304, [350214, 696326, 44335152, 19654, 44335152, 174129158]] [312229615938.0, [47953725.0, 95907291, 6138012243, 5340891, 6138012243, 21131037915]] [14146035404.0, [2209183.0, 4373307, 278762688, 474659, 252736704, 852278291]]
Model_cost: [32312397510.0, [14893.5, 10460257, 668963704, 938561, 49400505, 768546]] [4268067876.0, [58911.0, 1333359, 85328676, 86895, 77870628, 1216827]] [313622080.0, [52.5, 104020, 6247200, 13140, 6247200, 27210]] [5306249664.0, [19933.0, 1680616, 106002464, 38704, 103509152, 1846014118]] [1685710776.0, [2826.0, 545990, 34713648, 19654, 7871280, 121938]] [307625048826.0, [7995.0, 95907291, 6138012243, 5340891, 6137123727, 95892675]] [1633321324.0, [954.0, 515323, 32839552, 60259, 25506688, 398419]]
Arch_Param: [32, 4096, 2048, 8, 1024, 512]
SK_cost: [38380608404.0, [5942341.0, 11844705, 757568376, 845249, 672693432, 2505874849]] [4341335076.0, [666735.0, 1333359, 85328676, 86895, 85328676, 283119471]] [318625360, [52170, 104020, 6247200, 13140, 6247200, 12492810]] [5780371808, [891828, 1783016, 113702944, 38704, 113702944, 437444628]] [2254421304, [350214, 696326, 44335152, 19654, 44335152, 174129158]] [312229615938.0, [47953725.0, 95907291, 6138012243, 5340891, 6138012243, 21131037915]] [14146035404.0, [2209183.0, 4373307, 278762688, 474659, 252736704, 852278291]]
Model_cost: [32312397510.0, [14893.5, 10460257, 668963704, 938561, 49400505, 768546]] [4268067876.0, [58911.0, 1333359, 85328676, 86895, 77870628, 1216827]] [313622080.0, [52.5, 104020, 6247200, 13140, 6247200, 27210]] [5306249664.0, [19933.0, 1680616, 106002464, 38704, 103509152, 1846014118]] [1685572792.0, [2826.0, 545990, 34713648, 19654, 7802288, 121388]] [307625048826.0, [7995.0, 95907291, 6138012243, 5340891, 6137123727, 95892675]] [1633321324.0, [954.0, 515323, 32839552, 60259, 25506688, 398419]]
Arch_Param: [32, 4096, 2048, 16, 256, 64]
SK_cost: [20693846804.0, [3190389.0, 25429697, 406836408, 451617, 364399800, 1346637217]] [4357334052.0, [666735.0, 5333103, 85328676, 86895, 85328676, 283119471]] [319773000, [52170, 390450, 6247200, 13170, 6247200, 12492810]] [5801671240, [891828, 7106434, 113702944, 38794, 113702944, 437444628]] [1131365688, [175110, 1386502, 22167600, 9830, 22167600, 87064582]] [313380492306.0, [47953725.0, 383626383, 6138012243, 5340891, 6138012243, 21131037915]] [12079071696.0, [1866655.0, 14813420, 236848320, 329428, 225408192, 758758419]]
Model_cost: [17520659078.0, [7955.5, 22447809, 359126200, 1456961, 49400505, 211234]] [4284066852.0, [58911.0, 5333103, 85328676, 86895, 77870628, 4866975]] [314769480.0, [50.0, 390450, 6247200, 13170, 6247200, 390410]] [5326074296.0, [19930.5, 6635394, 106002464, 38794, 103509152, 1846382172]] [854400952.0, [1422.0, 1085830, 17356848, 14150, 7943408, 476720]] [308775925194.0, [7995.0, 383626383, 6138012243, 5340891, 6137123727, 383570187]] [1429942688.0, [682.5, 1783660, 28517760, 44948, 25506688, 1579987]]
Arch_Param: [32, 4096, 2048, 16, 256, 128]
SK_cost: [20693846804.0, [3190389.0, 25429697, 406836408, 451617, 364399800, 1346637217]] [4357334052.0, [666735.0, 5333103, 85328676, 86895, 85328676, 283119471]] [319773000, [52170, 390450, 6247200, 13170, 6247200, 12492810]] [5801671240, [891828, 7106434, 113702944, 38794, 113702944, 437444628]] [1131365688, [175110, 1386502, 22167600, 9830, 22167600, 87064582]] [313380492306.0, [47953725.0, 383626383, 6138012243, 5340891, 6138012243, 21131037915]] [12079071696.0, [1866655.0, 14813420, 236848320, 329428, 225408192, 758758419]]
Model_cost: [17459314182.0, [7943.5, 22447809, 359126200, 498465, 49400505, 3066402]] [4284066852.0, [58911.0, 5333103, 85328676, 86895, 77870628, 4866975]] [314769480.0, [50.0, 390450, 6247200, 13170, 6247200, 390410]] [5326074296.0, [19930.5, 6635394, 106002464, 38794, 103509152, 1846382172]] [853979832.0, [1418.0, 1085830, 17356848, 9830, 7871280, 486198]] [308775925194.0, [7995.0, 383626383, 6138012243, 5340891, 6137123727, 383570187]] [1429770224.0, [678.0, 1783660, 28517760, 42260, 25506688, 1593427]]
Arch_Param: [32, 4096, 2048, 16, 256, 256]
SK_cost: [20693846804.0, [3190389.0, 25429697, 406836408, 451617, 364399800, 1346637217]] [4357334052.0, [666735.0, 5333103, 85328676, 86895, 85328676, 283119471]] [319773000, [52170, 390450, 6247200, 13170, 6247200, 12492810]] [5801671240, [891828, 7106434, 113702944, 38794, 113702944, 437444628]] [1131365688, [175110, 1386502, 22167600, 9830, 22167600, 87064582]] [313380492306.0, [47953725.0, 383626383, 6138012243, 5340891, 6138012243, 21131037915]] [12079071696.0, [1866655.0, 14813420, 236848320, 329428, 225408192, 758758419]]
Model_cost: [17459314182.0, [7943.5, 22447809, 359126200, 498465, 49400505, 3066402]] [4284066852.0, [58911.0, 5333103, 85328676, 86895, 77870628, 4866975]] [314769480.0, [50.0, 390450, 6247200, 13170, 6247200, 390410]] [5326074296.0, [19930.5, 6635394, 106002464, 38794, 103509152, 1846382172]] [853841656.0, [1416.0, 1085830, 17356848, 9830, 7802288, 484766]] [308775925194.0, [7995.0, 383626383, 6138012243, 5340891, 6137123727, 383570187]] [1429770224.0, [678.0, 1783660, 28517760, 42260, 25506688, 1593427]]
Arch_Param: [32, 4096, 2048, 16, 512, 64]
SK_cost: [20642986592.0, [3190389.0, 12715108, 406836408, 451588, 364399800, 1346637217]] [4346668068.0, [666735.0, 2666607, 85328676, 86895, 85328676, 283119471]] [318990840, [52170, 195230, 6247200, 13150, 6247200, 12492810]] [5787454552, [891828, 3553222, 113702944, 38734, 113702944, 437444628]] [1128596792, [175110, 694278, 22167600, 9830, 22167600, 87064582]] [312613241394.0, [47953725.0, 191813655, 6138012243, 5340891, 6138012243, 21131037915]] [12049437304.0, [1866655.0, 7406710, 236848320, 329310, 225408192, 758758419]]
Model_cost: [17475762642.0, [7955.5, 11224164, 359126200, 1456932, 49400505, 203042]] [4273400868.0, [58911.0, 2666607, 85328676, 86895, 77870628, 2433543]] [313987320.0, [50.0, 195230, 6247200, 13150, 6247200, 195210]] [5312840648.0, [19930.5, 3327942, 106002464, 38734, 103509152, 1846183736]] [852233400.0, [1422.0, 543942, 17356848, 14150, 7943408, 239152]] [308008674282.0, [7995.0, 191813655, 6138012243, 5340891, 6137123727, 191785179]] [1426367816.0, [682.5, 891830, 28517760, 44830, 25506688, 790995]]
Arch_Param: [32, 4096, 2048, 16, 512, 128]
SK_cost: [20642986592.0, [3190389.0, 12715108, 406836408, 451588, 364399800, 1346637217]] [4346668068.0, [666735.0, 2666607, 85328676, 86895, 85328676, 283119471]] [318990840, [52170, 195230, 6247200, 13150, 6247200, 12492810]] [5787454552, [891828, 3553222, 113702944, 38734, 113702944, 437444628]] [1128596792, [175110, 694278, 22167600, 9830, 22167600, 87064582]] [312613241394.0, [47953725.0, 191813655, 6138012243, 5340891, 6138012243, 21131037915]] [12049437304.0, [1866655.0, 7406710, 236848320, 329310, 225408192, 758758419]]
Model_cost: [17414417746.0, [7943.5, 11224164, 359126200, 498436, 49400505, 1534498]] [4273400868.0, [58911.0, 2666607, 85328676, 86895, 77870628, 2433543]] [313987320.0, [50.0, 195230, 6247200, 13150, 6247200, 195210]] [5312840648.0, [19930.5, 3327942, 106002464, 38734, 103509152, 1846183736]] [851812280.0, [1418.0, 543942, 17356848, 9830, 7871280, 243358]] [308008674282.0, [7995.0, 191813655, 6138012243, 5340891, 6137123727, 191785179]] [1426195352.0, [678.0, 891830, 28517760, 42142, 25506688, 796755]]
Arch_Param: [32, 4096, 2048, 16, 512, 256]
SK_cost: [20642986592.0, [3190389.0, 12715108, 406836408, 451588, 364399800, 1346637217]] [4346668068.0, [666735.0, 2666607, 85328676, 86895, 85328676, 283119471]] [318990840, [52170, 195230, 6247200, 13150, 6247200, 12492810]] [5787454552, [891828, 3553222, 113702944, 38734, 113702944, 437444628]] [1128596792, [175110, 694278, 22167600, 9830, 22167600, 87064582]] [312613241394.0, [47953725.0, 191813655, 6138012243, 5340891, 6138012243, 21131037915]] [12049437304.0, [1866655.0, 7406710, 236848320, 329310, 225408192, 758758419]]
Model_cost: [17414417746.0, [7943.5, 11224164, 359126200, 498436, 49400505, 1534498]] [4273400868.0, [58911.0, 2666607, 85328676, 86895, 77870628, 2433543]] [313987320.0, [50.0, 195230, 6247200, 13150, 6247200, 195210]] [5312840648.0, [19930.5, 3327942, 106002464, 38734, 103509152, 1846183736]] [851674104.0, [1416.0, 543942, 17356848, 9830, 7802288, 242514]] [308008674282.0, [7995.0, 191813655, 6138012243, 5340891, 6137123727, 191785179]] [1426195352.0, [678.0, 891830, 28517760, 42142, 25506688, 796755]]
Arch_Param: [32, 4096, 2048, 16, 512, 512]
SK_cost: [20642986592.0, [3190389.0, 12715108, 406836408, 451588, 364399800, 1346637217]] [4346668068.0, [666735.0, 2666607, 85328676, 86895, 85328676, 283119471]] [318990840, [52170, 195230, 6247200, 13150, 6247200, 12492810]] [5787454552, [891828, 3553222, 113702944, 38734, 113702944, 437444628]] [1128596792, [175110, 694278, 22167600, 9830, 22167600, 87064582]] [312613241394.0, [47953725.0, 191813655, 6138012243, 5340891, 6138012243, 21131037915]] [12049437304.0, [1866655.0, 7406710, 236848320, 329310, 225408192, 758758419]]
Model_cost: [17413802914.0, [7939.0, 11224164, 359126200, 488836, 49400505, 1540898]] [4273400868.0, [58911.0, 2666607, 85328676, 86895, 77870628, 2433543]] [313987320.0, [50.0, 195230, 6247200, 13150, 6247200, 195210]] [5312840648.0, [19930.5, 3327942, 106002464, 38734, 103509152, 1846183736]] [851605112.0, [1416.0, 543942, 17356848, 9830, 7767792, 242092]] [308008674282.0, [7995.0, 191813655, 6138012243, 5340891, 6137123727, 191785179]] [1426195352.0, [678.0, 891830, 28517760, 42142, 25506688, 796755]]
Arch_Param: [32, 4096, 2048, 16, 1024, 64]
SK_cost: [20617569684.0, [3190389.0, 6360929, 406836408, 451585, 364399800, 1346637217]] [4341335076.0, [666735.0, 1333359, 85328676, 86895, 85328676, 283119471]] [318625360, [52170, 104020, 6247200, 13140, 6247200, 12492810]] [5780371808, [891828, 1783016, 113702944, 38704, 113702944, 437444628]] [1127212344, [175110, 348166, 22167600, 9830, 22167600, 87064582]] [312229615938.0, [47953725.0, 95907291, 6138012243, 5340891, 6138012243, 21131037915]] [12034645708.0, [1866655.0, 3709755, 236848320, 329251, 225408192, 758758419]]
Model_cost: [17453327622.0, [7955.5, 5615457, 359126200, 1456929, 49400505, 198946]] [4268067876.0, [58911.0, 1333359, 85328676, 86895, 77870628, 1216827]] [313622080.0, [52.5, 104020, 6247200, 13140, 6247200, 27210]] [5306249664.0, [19933.0, 1680616, 106002464, 38704, 103509152, 1846014118]] [851152312.0, [1422.0, 273670, 17356848, 14150, 7943408, 120368]] [307625048826.0, [7995.0, 95907291, 6138012243, 5340891, 6137123727, 95892675]] [1424583580.0, [682.5, 446715, 28517760, 44771, 25506688, 396499]]
Arch_Param: [32, 4096, 2048, 16, 1024, 128]
SK_cost: [20617569684.0, [3190389.0, 6360929, 406836408, 451585, 364399800, 1346637217]] [4341335076.0, [666735.0, 1333359, 85328676, 86895, 85328676, 283119471]] [318625360, [52170, 104020, 6247200, 13140, 6247200, 12492810]] [5780371808, [891828, 1783016, 113702944, 38704, 113702944, 437444628]] [1127212344, [175110, 348166, 22167600, 9830, 22167600, 87064582]] [312229615938.0, [47953725.0, 95907291, 6138012243, 5340891, 6138012243, 21131037915]] [12034645708.0, [1866655.0, 3709755, 236848320, 329251, 225408192, 758758419]]
Model_cost: [17391982726.0, [7943.5, 5615457, 359126200, 498433, 49400505, 768546]] [4268067876.0, [58911.0, 1333359, 85328676, 86895, 77870628, 1216827]] [313622080.0, [52.5, 104020, 6247200, 13140, 6247200, 27210]] [5306249664.0, [19933.0, 1680616, 106002464, 38704, 103509152, 1846014118]] [850728504.0, [1418.0, 272998, 17356848, 9830, 7871280, 121938]] [307625048826.0, [7995.0, 95907291, 6138012243, 5340891, 6137123727, 95892675]] [1424411116.0, [678.0, 446715, 28517760, 42083, 25506688, 398419]]
Arch_Param: [32, 4096, 2048, 16, 1024, 256]
SK_cost: [20617569684.0, [3190389.0, 6360929, 406836408, 451585, 364399800, 1346637217]] [4341335076.0, [666735.0, 1333359, 85328676, 86895, 85328676, 283119471]] [318625360, [52170, 104020, 6247200, 13140, 6247200, 12492810]] [5780371808, [891828, 1783016, 113702944, 38704, 113702944, 437444628]] [1127212344, [175110, 348166, 22167600, 9830, 22167600, 87064582]] [312229615938.0, [47953725.0, 95907291, 6138012243, 5340891, 6138012243, 21131037915]] [12034645708.0, [1866655.0, 3709755, 236848320, 329251, 225408192, 758758419]]
Model_cost: [17391982726.0, [7943.5, 5615457, 359126200, 498433, 49400505, 768546]] [4268067876.0, [58911.0, 1333359, 85328676, 86895, 77870628, 1216827]] [313622080.0, [52.5, 104020, 6247200, 13140, 6247200, 27210]] [5306249664.0, [19933.0, 1680616, 106002464, 38704, 103509152, 1846014118]] [850590328.0, [1416.0, 272998, 17356848, 9830, 7802288, 121388]] [307625048826.0, [7995.0, 95907291, 6138012243, 5340891, 6137123727, 95892675]] [1424411116.0, [678.0, 446715, 28517760, 42083, 25506688, 398419]]
Arch_Param: [32, 4096, 2048, 16, 1024, 512]
SK_cost: [20617569684.0, [3190389.0, 6360929, 406836408, 451585, 364399800, 1346637217]] [4341335076.0, [666735.0, 1333359, 85328676, 86895, 85328676, 283119471]] [318625360, [52170, 104020, 6247200, 13140, 6247200, 12492810]] [5780371808, [891828, 1783016, 113702944, 38704, 113702944, 437444628]] [1127212344, [175110, 348166, 22167600, 9830, 22167600, 87064582]] [312229615938.0, [47953725.0, 95907291, 6138012243, 5340891, 6138012243, 21131037915]] [12034645708.0, [1866655.0, 3709755, 236848320, 329251, 225408192, 758758419]]
Model_cost: [17391367894.0, [7939.0, 5615457, 359126200, 488833, 49400505, 770786]] [4268067876.0, [58911.0, 1333359, 85328676, 86895, 77870628, 1216827]] [313622080.0, [52.5, 104020, 6247200, 13140, 6247200, 27210]] [5306249664.0, [19933.0, 1680616, 106002464, 38704, 103509152, 1846014118]] [850521336.0, [1416.0, 272998, 17356848, 9830, 7767792, 121113]] [307625048826.0, [7995.0, 95907291, 6138012243, 5340891, 6137123727, 95892675]] [1424411116.0, [678.0, 446715, 28517760, 42083, 25506688, 398419]]
Arch_Param: [32, 4096, 2048, 32, 256, 64]
SK_cost: [11782325012.0, [1814901.0, 14471873, 231526584, 254913, 210308280, 767184289]] [4357334052.0, [666735.0, 5333103, 85328676, 86895, 85328676, 283119471]] [319773000, [52170, 390450, 6247200, 13170, 6247200, 12492810]] [5801671240, [891828, 7106434, 113702944, 38794, 113702944, 437444628]] [565684536, [87558, 693254, 11083824, 4918, 11083824, 43532294]] [313380492306.0, [47953725.0, 383626383, 6138012243, 5340891, 6138012243, 21131037915]] [11019444688.0, [1695391.0, 13498604, 215891136, 256724, 211743936, 711998483]]
Model_cost: [9972793350.0, [4471.5, 12767937, 204263608, 278721, 49400505, 3066402]] [4284066852.0, [58911.0, 5333103, 85328676, 86895, 77870628, 4866975]] [314769480.0, [50.0, 390450, 6247200, 13170, 6247200, 390410]] [5326074296.0, [19930.5, 6635394, 106002464, 38794, 103509152, 1846382172]] [434846520.0, [714.0, 542918, 8678448, 5542, 7843056, 483888]] [308775925194.0, [7995.0, 383626383, 6138012243, 5340891, 6137123727, 383570187]] [1324909616.0, [540.0, 1647980, 26356864, 33172, 25506688, 1593427]]
Arch_Param: [32, 4096, 2048, 32, 256, 128]
SK_cost: [11782325012.0, [1814901.0, 14471873, 231526584, 254913, 210308280, 767184289]] [4357334052.0, [666735.0, 5333103, 85328676, 86895, 85328676, 283119471]] [319773000, [52170, 390450, 6247200, 13170, 6247200, 12492810]] [5801671240, [891828, 7106434, 113702944, 38794, 113702944, 437444628]] [565684536, [87558, 693254, 11083824, 4918, 11083824, 43532294]] [313380492306.0, [47953725.0, 383626383, 6138012243, 5340891, 6138012243, 21131037915]] [11019444688.0, [1695391.0, 13498604, 215891136, 256724, 211743936, 711998483]]
Model_cost: [9972793350.0, [4471.5, 12767937, 204263608, 278721, 49400505, 3066402]] [4284066852.0, [58911.0, 5333103, 85328676, 86895, 77870628, 4866975]] [314769480.0, [50.0, 390450, 6247200, 13170, 6247200, 390410]] [5326074296.0, [19930.5, 6635394, 106002464, 38794, 103509152, 1846382172]] [434724856.0, [712.0, 542918, 8678448, 4918, 7802288, 484766]] [308775925194.0, [7995.0, 383626383, 6138012243, 5340891, 6137123727, 383570187]] [1324909616.0, [540.0, 1647980, 26356864, 33172, 25506688, 1593427]]
Arch_Param: [32, 4096, 2048, 32, 256, 256]
SK_cost: [11782325012.0, [1814901.0, 14471873, 231526584, 254913, 210308280, 767184289]] [4357334052.0, [666735.0, 5333103, 85328676, 86895, 85328676, 283119471]] [319773000, [52170, 390450, 6247200, 13170, 6247200, 12492810]] [5801671240, [891828, 7106434, 113702944, 38794, 113702944, 437444628]] [565684536, [87558, 693254, 11083824, 4918, 11083824, 43532294]] [313380492306.0, [47953725.0, 383626383, 6138012243, 5340891, 6138012243, 21131037915]] [11019444688.0, [1695391.0, 13498604, 215891136, 256724, 211743936, 711998483]]
Model_cost: [9972473430.0, [4467.0, 12767937, 204263608, 273729, 49400505, 3081122]] [4284066852.0, [58911.0, 5333103, 85328676, 86895, 77870628, 4866975]] [314769480.0, [50.0, 390450, 6247200, 13170, 6247200, 390410]] [5326074296.0, [19930.5, 6635394, 106002464, 38794, 103509152, 1846382172]] [434655768.0, [711.0, 542918, 8678448, 4918, 7767792, 484050]] [308775925194.0, [7995.0, 383626383, 6138012243, 5340891, 6137123727, 383570187]] [1324909616.0, [540.0, 1647980, 26356864, 33172, 25506688, 1593427]]
Arch_Param: [32, 4096, 2048, 32, 512, 64]
SK_cost: [11753380448.0, [1814901.0, 7236196, 231526584, 254884, 210308280, 767184289]] [4346668068.0, [666735.0, 2666607, 85328676, 86895, 85328676, 283119471]] [318990840, [52170, 195230, 6247200, 13150, 6247200, 12492810]] [5787454552, [891828, 3553222, 113702944, 38734, 113702944, 437444628]] [564300088, [87558, 347142, 11083824, 4918, 11083824, 43532294]] [312613241394.0, [47953725.0, 191813655, 6138012243, 5340891, 6138012243, 21131037915]] [10992439928.0, [1695391.0, 6749302, 215891136, 256606, 211743936, 711998483]]
Model_cost: [9947256658.0, [4471.5, 6384228, 204263608, 278692, 49400505, 1534498]] [4273400868.0, [58911.0, 2666607, 85328676, 86895, 77870628, 2433543]] [313987320.0, [50.0, 195230, 6247200, 13150, 6247200, 195210]] [5312840648.0, [19930.5, 3327942, 106002464, 38734, 103509152, 1846183736]] [433762744.0, [714.0, 271974, 8678448, 5542, 7843056, 242224]] [308008674282.0, [7995.0, 191813655, 6138012243, 5340891, 6137123727, 191785179]] [1321606104.0, [540.0, 823990, 26356864, 33054, 25506688, 796755]]
Arch_Param: [32, 4096, 2048, 32, 512, 128]
SK_cost: [11753380448.0, [1814901.0, 7236196, 231526584, 254884, 210308280, 767184289]] [4346668068.0, [666735.0, 2666607, 85328676, 86895, 85328676, 283119471]] [318990840, [52170, 195230, 6247200, 13150, 6247200, 12492810]] [5787454552, [891828, 3553222, 113702944, 38734, 113702944, 437444628]] [564300088, [87558, 347142, 11083824, 4918, 11083824, 43532294]] [312613241394.0, [47953725.0, 191813655, 6138012243, 5340891, 6138012243, 21131037915]] [10992439928.0, [1695391.0, 6749302, 215891136, 256606, 211743936, 711998483]]
Model_cost: [9947256658.0, [4471.5, 6384228, 204263608, 278692, 49400505, 1534498]] [4273400868.0, [58911.0, 2666607, 85328676, 86895, 77870628, 2433543]] [313987320.0, [50.0, 195230, 6247200, 13150, 6247200, 195210]] [5312840648.0, [19930.5, 3327942, 106002464, 38734, 103509152, 1846183736]] [433641080.0, [712.0, 271974, 8678448, 4918, 7802288, 242514]] [308008674282.0, [7995.0, 191813655, 6138012243, 5340891, 6137123727, 191785179]] [1321606104.0, [540.0, 823990, 26356864, 33054, 25506688, 796755]]
Arch_Param: [32, 4096, 2048, 32, 512, 256]
SK_cost: [11753380448.0, [1814901.0, 7236196, 231526584, 254884, 210308280, 767184289]] [4346668068.0, [666735.0, 2666607, 85328676, 86895, 85328676, 283119471]] [318990840, [52170, 195230, 6247200, 13150, 6247200, 12492810]] [5787454552, [891828, 3553222, 113702944, 38734, 113702944, 437444628]] [564300088, [87558, 347142, 11083824, 4918, 11083824, 43532294]] [312613241394.0, [47953725.0, 191813655, 6138012243, 5340891, 6138012243, 21131037915]] [10992439928.0, [1695391.0, 6749302, 215891136, 256606, 211743936, 711998483]]
Model_cost: [9946936738.0, [4467.0, 6384228, 204263608, 273700, 49400505, 1540898]] [4273400868.0, [58911.0, 2666607, 85328676, 86895, 77870628, 2433543]] [313987320.0, [50.0, 195230, 6247200, 13150, 6247200, 195210]] [5312840648.0, [19930.5, 3327942, 106002464, 38734, 103509152, 1846183736]] [433571992.0, [711.0, 271974, 8678448, 4918, 7767792, 242092]] [308008674282.0, [7995.0, 191813655, 6138012243, 5340891, 6137123727, 191785179]] [1321606104.0, [540.0, 823990, 26356864, 33054, 25506688, 796755]]
Arch_Param: [32, 4096, 2048, 32, 512, 512]
SK_cost: [11753380448.0, [1814901.0, 7236196, 231526584, 254884, 210308280, 767184289]] [4346668068.0, [666735.0, 2666607, 85328676, 86895, 85328676, 283119471]] [318990840, [52170, 195230, 6247200, 13150, 6247200, 12492810]] [5787454552, [891828, 3553222, 113702944, 38734, 113702944, 437444628]] [564300088, [87558, 347142, 11083824, 4918, 11083824, 43532294]] [312613241394.0, [47953725.0, 191813655, 6138012243, 5340891, 6138012243, 21131037915]] [10992439928.0, [1695391.0, 6749302, 215891136, 256606, 211743936, 711998483]]
Model_cost: [9946936738.0, [4467.0, 6384228, 204263608, 273700, 49400505, 1540898]] [4273400868.0, [58911.0, 2666607, 85328676, 86895, 77870628, 2433543]] [313987320.0, [50.0, 195230, 6247200, 13150, 6247200, 195210]] [5312840648.0, [19930.5, 3327942, 106002464, 38734, 103509152, 1846183736]] [433571992.0, [711.0, 271974, 8678448, 4918, 7767792, 242092]] [308008674282.0, [7995.0, 191813655, 6138012243, 5340891, 6137123727, 191785179]] [1321606104.0, [540.0, 823990, 26356864, 33054, 25506688, 796755]]
Arch_Param: [32, 4096, 2048, 32, 1024, 64]
SK_cost: [11738915220.0, [1814901.0, 3619937, 231526584, 254881, 210308280, 767184289]] [4341335076.0, [666735.0, 1333359, 85328676, 86895, 85328676, 283119471]] [318625360, [52170, 104020, 6247200, 13140, 6247200, 12492810]] [5780371808, [891828, 1783016, 113702944, 38704, 113702944, 437444628]] [563607864, [87558, 174086, 11083824, 4918, 11083824, 43532294]] [312229615938.0, [47953725.0, 95907291, 6138012243, 5340891, 6138012243, 21131037915]] [10978950860.0, [1695391.0, 3377979, 215891136, 256547, 211743936, 711998483]]
Model_cost: [9934495366.0, [4471.5, 3193953, 204263608, 278689, 49400505, 768546]] [4268067876.0, [58911.0, 1333359, 85328676, 86895, 77870628, 1216827]] [313622080.0, [52.5, 104020, 6247200, 13140, 6247200, 27210]] [5306249664.0, [19933.0, 1680616, 106002464, 38704, 103509152, 1846014118]] [433222200.0, [714.0, 136838, 8678448, 5542, 7843056, 121392]] [307625048826.0, [7995.0, 95907291, 6138012243, 5340891, 6137123727, 95892675]] [1319956012.0, [540.0, 412411, 26356864, 32995, 25506688, 398419]]
Arch_Param: [32, 4096, 2048, 32, 1024, 128]
SK_cost: [11738915220.0, [1814901.0, 3619937, 231526584, 254881, 210308280, 767184289]] [4341335076.0, [666735.0, 1333359, 85328676, 86895, 85328676, 283119471]] [318625360, [52170, 104020, 6247200, 13140, 6247200, 12492810]] [5780371808, [891828, 1783016, 113702944, 38704, 113702944, 437444628]] [563607864, [87558, 174086, 11083824, 4918, 11083824, 43532294]] [312229615938.0, [47953725.0, 95907291, 6138012243, 5340891, 6138012243, 21131037915]] [10978950860.0, [1695391.0, 3377979, 215891136, 256547, 211743936, 711998483]]
Model_cost: [9934495366.0, [4471.5, 3193953, 204263608, 278689, 49400505, 768546]] [4268067876.0, [58911.0, 1333359, 85328676, 86895, 77870628, 1216827]] [313622080.0, [52.5, 104020, 6247200, 13140, 6247200, 27210]] [5306249664.0, [19933.0, 1680616, 106002464, 38704, 103509152, 1846014118]] [433099192.0, [712.0, 136502, 8678448, 4918, 7802288, 121388]] [307625048826.0, [7995.0, 95907291, 6138012243, 5340891, 6137123727, 95892675]] [1319956012.0, [540.0, 412411, 26356864, 32995, 25506688, 398419]]
Arch_Param: [32, 4096, 2048, 32, 1024, 256]
SK_cost: [11738915220.0, [1814901.0, 3619937, 231526584, 254881, 210308280, 767184289]] [4341335076.0, [666735.0, 1333359, 85328676, 86895, 85328676, 283119471]] [318625360, [52170, 104020, 6247200, 13140, 6247200, 12492810]] [5780371808, [891828, 1783016, 113702944, 38704, 113702944, 437444628]] [563607864, [87558, 174086, 11083824, 4918, 11083824, 43532294]] [312229615938.0, [47953725.0, 95907291, 6138012243, 5340891, 6138012243, 21131037915]] [10978950860.0, [1695391.0, 3377979, 215891136, 256547, 211743936, 711998483]]
Model_cost: [9934175446.0, [4467.0, 3193953, 204263608, 273697, 49400505, 770786]] [4268067876.0, [58911.0, 1333359, 85328676, 86895, 77870628, 1216827]] [313622080.0, [52.5, 104020, 6247200, 13140, 6247200, 27210]] [5306249664.0, [19933.0, 1680616, 106002464, 38704, 103509152, 1846014118]] [433030104.0, [711.0, 136502, 8678448, 4918, 7767792, 121113]] [307625048826.0, [7995.0, 95907291, 6138012243, 5340891, 6137123727, 95892675]] [1319956012.0, [540.0, 412411, 26356864, 32995, 25506688, 398419]]
Arch_Param: [32, 4096, 2048, 32, 1024, 512]
SK_cost: [11738915220.0, [1814901.0, 3619937, 231526584, 254881, 210308280, 767184289]] [4341335076.0, [666735.0, 1333359, 85328676, 86895, 85328676, 283119471]] [318625360, [52170, 104020, 6247200, 13140, 6247200, 12492810]] [5780371808, [891828, 1783016, 113702944, 38704, 113702944, 437444628]] [563607864, [87558, 174086, 11083824, 4918, 11083824, 43532294]] [312229615938.0, [47953725.0, 95907291, 6138012243, 5340891, 6138012243, 21131037915]] [10978950860.0, [1695391.0, 3377979, 215891136, 256547, 211743936, 711998483]]
Model_cost: [9934175446.0, [4467.0, 3193953, 204263608, 273697, 49400505, 770786]] [4268067876.0, [58911.0, 1333359, 85328676, 86895, 77870628, 1216827]] [313622080.0, [52.5, 104020, 6247200, 13140, 6247200, 27210]] [5306249664.0, [19933.0, 1680616, 106002464, 38704, 103509152, 1846014118]] [433030104.0, [711.0, 136502, 8678448, 4918, 7767792, 121113]] [307625048826.0, [7995.0, 95907291, 6138012243, 5340891, 6137123727, 95892675]] [1319956012.0, [540.0, 412411, 26356864, 32995, 25506688, 398419]]
Arch_Param: [32, 4096, 1024, 4, 256, 64]
SK_cost: [75283691668.0, [22803497.0, 91214401, 1459298552, 1634145, 1289391288, 4824681889]] [8474944548.0, [2556015.0, 10223727, 163578660, 164463, 163185444, 545001327]] [324750600, [104020, 390450, 6247200, 13170, 6247200, 12492810]] [5887225288, [1783016, 7106434, 113702944, 38794, 113702944, 437444628]] [4591906104, [1392646, 5545990, 88670256, 39302, 88670256, 348258310]] [635936810130.0, [191805207.0, 767215743, 12275433555, 10680855, 12275130963, 42260303067]] [21543488592.0, [6562107.0, 26148076, 417716928, 820436, 353006784, 1218624531]]
Model_cost: [62629642006.0, [57605.0, 80564801, 1288904952, 5243969, 49400505, 211234]] [8070910500.0, [124719.0, 10223727, 163578660, 164463, 77870628, 4866975]] [314774280.0, [100.0, 390450, 6247200, 13170, 6247200, 390410]] [5327986664.0, [39851.0, 6635394, 106002464, 38794, 103509152, 1846382172]] [3385178808, [11302, 4343302, 69427248, 267526, 8545520, 34352]] [605249561610.0, [21519.0, 767215743, 12275433555, 10680855, 6137123727, 383570187]] [2359278992.0, [3237.0, 2983404, 47652928, 135636, 25506688, 1504979]]
Arch_Param: [32, 4096, 1024, 4, 256, 128]
SK_cost: [75283691668.0, [22803497.0, 91214401, 1459298552, 1634145, 1289391288, 4824681889]] [8474944548.0, [2556015.0, 10223727, 163578660, 164463, 163185444, 545001327]] [324750600, [104020, 390450, 6247200, 13170, 6247200, 12492810]] [5887225288, [1783016, 7106434, 113702944, 38794, 113702944, 437444628]] [4591906104, [1392646, 5545990, 88670256, 39302, 88670256, 348258310]] [635936810130.0, [191805207.0, 767215743, 12275433555, 10680855, 12275130963, 42260303067]] [21543488592.0, [6562107.0, 26148076, 417716928, 820436, 353006784, 1218624531]]
Model_cost: [62629642006.0, [57605.0, 80564801, 1288904952, 5243969, 49400505, 211234]] [8070910500.0, [124719.0, 10223727, 163578660, 164463, 77870628, 4866975]] [314774280.0, [100.0, 390450, 6247200, 13170, 6247200, 390410]] [5327986664.0, [39851.0, 6635394, 106002464, 38794, 103509152, 1846382172]] [3370836792.0, [11286.0, 4343302, 69427248, 51590, 8285232, 487110]] [605249561610.0, [21519.0, 767215743, 12275433555, 10680855, 6137123727, 383570187]] [2357845392.0, [3237.0, 2983404, 47652928, 113236, 25506688, 1579987]]
Arch_Param: [32, 4096, 1024, 4, 256, 256]
SK_cost: [75283691668.0, [22803497.0, 91214401, 1459298552, 1634145, 1289391288, 4824681889]] [8474944548.0, [2556015.0, 10223727, 163578660, 164463, 163185444, 545001327]] [324750600, [104020, 390450, 6247200, 13170, 6247200, 12492810]] [5887225288, [1783016, 7106434, 113702944, 38794, 113702944, 437444628]] [4591906104, [1392646, 5545990, 88670256, 39302, 88670256, 348258310]] [635936810130.0, [191805207.0, 767215743, 12275433555, 10680855, 12275130963, 42260303067]] [21543488592.0, [6562107.0, 26148076, 417716928, 820436, 353006784, 1218624531]]
Model_cost: [62628560662.0, [57605.0, 80564801, 1288904952, 5206337, 50064057, 234850]] [8070910500.0, [124719.0, 10223727, 163578660, 164463, 77870628, 4866975]] [314774280.0, [100.0, 390450, 6247200, 13170, 6247200, 390410]] [5327986664.0, [39851.0, 6635394, 106002464, 38794, 103509152, 1846382172]] [3369760568.0, [11286.0, 4343302, 69427248, 39302, 8140336, 497254]] [605249561610.0, [21519.0, 767215743, 12275433555, 10680855, 6137123727, 383570187]] [2357845392.0, [3237.0, 2983404, 47652928, 113236, 25506688, 1579987]]
Arch_Param: [32, 4096, 1024, 4, 512, 64]
SK_cost: [75101262048.0, [22803497.0, 45607460, 1459298552, 1634116, 1289391288, 4824681889]] [8454497316.0, [2556015.0, 5111919, 163578660, 164463, 163185444, 545001327]] [323968440, [104020, 195230, 6247200, 13150, 6247200, 12492810]] [5873008600, [1783016, 3553222, 113702944, 38734, 113702944, 437444628]] [4580830520, [1392646, 2777094, 88670256, 39302, 88670256, 348258310]] [634402382034.0, [191805207.0, 383608719, 12275433555, 10680855, 12275130963, 42260303067]] [21491184888.0, [6562107.0, 13074038, 417716928, 820318, 353006784, 1218624531]]
Model_cost: [62468511586.0, [57605.0, 40282660, 1288904952, 5243940, 49400505, 203042]] [8050463268.0, [124719.0, 5111919, 163578660, 164463, 77870628, 2433543]] [313992120.0, [100.0, 195230, 6247200, 13150, 6247200, 195210]] [5314753016.0, [39851.0, 3327942, 106002464, 38734, 103509152, 1846183736]] [3376508600, [11302, 2175750, 69427248, 267526, 8545520, 34352]] [603715133514.0, [21519.0, 383608719, 12275433555, 10680855, 6137123727, 191785179]] [2353304632.0, [3237.0, 1491702, 47652928, 135518, 25506688, 756947]]
Arch_Param: [32, 4096, 1024, 4, 512, 128]
SK_cost: [75101262048.0, [22803497.0, 45607460, 1459298552, 1634116, 1289391288, 4824681889]] [8454497316.0, [2556015.0, 5111919, 163578660, 164463, 163185444, 545001327]] [323968440, [104020, 195230, 6247200, 13150, 6247200, 12492810]] [5873008600, [1783016, 3553222, 113702944, 38734, 113702944, 437444628]] [4580830520, [1392646, 2777094, 88670256, 39302, 88670256, 348258310]] [634402382034.0, [191805207.0, 383608719, 12275433555, 10680855, 12275130963, 42260303067]] [21491184888.0, [6562107.0, 13074038, 417716928, 820318, 353006784, 1218624531]]
Model_cost: [62468511586.0, [57605.0, 40282660, 1288904952, 5243940, 49400505, 203042]] [8050463268.0, [124719.0, 5111919, 163578660, 164463, 77870628, 2433543]] [313992120.0, [100.0, 195230, 6247200, 13150, 6247200, 195210]] [5314753016.0, [39851.0, 3327942, 106002464, 38734, 103509152, 1846183736]] [3362166584.0, [11286.0, 2175750, 69427248, 51590, 8285232, 244838]] [603715133514.0, [21519.0, 383608719, 12275433555, 10680855, 6137123727, 191785179]] [2351871032.0, [3237.0, 1491702, 47652928, 113118, 25506688, 790995]]
Arch_Param: [32, 4096, 1024, 4, 512, 256]
SK_cost: [75101262048.0, [22803497.0, 45607460, 1459298552, 1634116, 1289391288, 4824681889]] [8454497316.0, [2556015.0, 5111919, 163578660, 164463, 163185444, 545001327]] [323968440, [104020, 195230, 6247200, 13150, 6247200, 12492810]] [5873008600, [1783016, 3553222, 113702944, 38734, 113702944, 437444628]] [4580830520, [1392646, 2777094, 88670256, 39302, 88670256, 348258310]] [634402382034.0, [191805207.0, 383608719, 12275433555, 10680855, 12275130963, 42260303067]] [21491184888.0, [6562107.0, 13074038, 417716928, 820318, 353006784, 1218624531]]
Model_cost: [62467430242.0, [57605.0, 40282660, 1288904952, 5206308, 50064057, 226658]] [8050463268.0, [124719.0, 5111919, 163578660, 164463, 77870628, 2433543]] [313992120.0, [100.0, 195230, 6247200, 13150, 6247200, 195210]] [5314753016.0, [39851.0, 3327942, 106002464, 38734, 103509152, 1846183736]] [3361090360.0, [11286.0, 2175750, 69427248, 39302, 8140336, 249142]] [603715133514.0, [21519.0, 383608719, 12275433555, 10680855, 6137123727, 191785179]] [2351871032.0, [3237.0, 1491702, 47652928, 113118, 25506688, 790995]]
Arch_Param: [32, 4096, 1024, 4, 512, 512]
SK_cost: [75101262048.0, [22803497.0, 45607460, 1459298552, 1634116, 1289391288, 4824681889]] [8454497316.0, [2556015.0, 5111919, 163578660, 164463, 163185444, 545001327]] [323968440, [104020, 195230, 6247200, 13150, 6247200, 12492810]] [5873008600, [1783016, 3553222, 113702944, 38734, 113702944, 437444628]] [4580830520, [1392646, 2777094, 88670256, 39302, 88670256, 348258310]] [634402382034.0, [191805207.0, 383608719, 12275433555, 10680855, 12275130963, 42260303067]] [21491184888.0, [6562107.0, 13074038, 417716928, 820318, 353006784, 1218624531]]
Model_cost: [62248345442.0, [57605.0, 40282660, 1288904952, 1783108, 50064057, 1558114]] [8050463268.0, [124719.0, 5111919, 163578660, 164463, 77870628, 2433543]] [313992120.0, [100.0, 195230, 6247200, 13150, 6247200, 195210]] [5314753016.0, [39851.0, 3327942, 106002464, 38734, 103509152, 1846183736]] [3360552248.0, [11286.0, 2175750, 69427248, 39302, 7871280, 243358]] [603715133514.0, [21519.0, 383608719, 12275433555, 10680855, 6137123727, 191785179]] [2351256632.0, [3237.0, 1491702, 47652928, 103518, 25506688, 796755]]
Arch_Param: [32, 4096, 1024, 4, 1024, 64]
SK_cost: [75010097684.0, [22803497.0, 22816417, 1459298552, 1634113, 1289391288, 4824681889]] [8444273700.0, [2556015.0, 2556015, 163578660, 164463, 163185444, 545001327]] [323602960, [104020, 104020, 6247200, 13140, 6247200, 12492810]] [5865925856, [1783016, 1783016, 113702944, 38704, 113702944, 437444628]] [4575292728, [1392646, 1392646, 88670256, 39302, 88670256, 348258310]] [633635167986.0, [191805207.0, 191805207, 12275433555, 10680855, 12275130963, 42260303067]] [21465133388.0, [6562107.0, 6562107, 417716928, 820259, 353006784, 1218624531]]
Model_cost: [62387996822.0, [57605.0, 20154017, 1288904952, 5243937, 49400505, 198946]] [8040239652.0, [124719.0, 2556015, 163578660, 164463, 77870628, 1216827]] [313627120.0, [105.0, 104020, 6247200, 13140, 6247200, 27210]] [5308162272.0, [39856.0, 1680616, 106002464, 38704, 103509152, 1846014118]] [3372184248, [11302, 1094662, 69427248, 267526, 8545520, 34352]] [602947919466.0, [21519.0, 191805207, 12275433555, 10680855, 6137123727, 95892675]] [2350329996.0, [3237.0, 748987, 47652928, 135459, 25506688, 382931]]
Arch_Param: [32, 4096, 1024, 4, 1024, 128]
SK_cost: [75010097684.0, [22803497.0, 22816417, 1459298552, 1634113, 1289391288, 4824681889]] [8444273700.0, [2556015.0, 2556015, 163578660, 164463, 163185444, 545001327]] [323602960, [104020, 104020, 6247200, 13140, 6247200, 12492810]] [5865925856, [1783016, 1783016, 113702944, 38704, 113702944, 437444628]] [4575292728, [1392646, 1392646, 88670256, 39302, 88670256, 348258310]] [633635167986.0, [191805207.0, 191805207, 12275433555, 10680855, 12275130963, 42260303067]] [21465133388.0, [6562107.0, 6562107, 417716928, 820259, 353006784, 1218624531]]
Model_cost: [62387996822.0, [57605.0, 20154017, 1288904952, 5243937, 49400505, 198946]] [8040239652.0, [124719.0, 2556015, 163578660, 164463, 77870628, 1216827]] [313627120.0, [105.0, 104020, 6247200, 13140, 6247200, 27210]] [5308162272.0, [39856.0, 1680616, 106002464, 38704, 103509152, 1846014118]] [3357831480.0, [11286.0, 1091974, 69427248, 51590, 8285232, 123702]] [602947919466.0, [21519.0, 191805207, 12275433555, 10680855, 6137123727, 95892675]] [2348896396.0, [3237.0, 748987, 47652928, 113059, 25506688, 396499]]
Arch_Param: [32, 4096, 1024, 4, 1024, 256]
SK_cost: [75010097684.0, [22803497.0, 22816417, 1459298552, 1634113, 1289391288, 4824681889]] [8444273700.0, [2556015.0, 2556015, 163578660, 164463, 163185444, 545001327]] [323602960, [104020, 104020, 6247200, 13140, 6247200, 12492810]] [5865925856, [1783016, 1783016, 113702944, 38704, 113702944, 437444628]] [4575292728, [1392646, 1392646, 88670256, 39302, 88670256, 348258310]] [633635167986.0, [191805207.0, 191805207, 12275433555, 10680855, 12275130963, 42260303067]] [21465133388.0, [6562107.0, 6562107, 417716928, 820259, 353006784, 1218624531]]
Model_cost: [62386915478.0, [57605.0, 20154017, 1288904952, 5206305, 50064057, 210466]] [8040239652.0, [124719.0, 2556015, 163578660, 164463, 77870628, 1216827]] [313627120.0, [105.0, 104020, 6247200, 13140, 6247200, 27210]] [5308162272.0, [39856.0, 1680616, 106002464, 38704, 103509152, 1846014118]] [3356755256.0, [11286.0, 1091974, 69427248, 39302, 8140336, 125086]] [602947919466.0, [21519.0, 191805207, 12275433555, 10680855, 6137123727, 95892675]] [2348896396.0, [3237.0, 748987, 47652928, 113059, 25506688, 396499]]
Arch_Param: [32, 4096, 1024, 4, 1024, 512]
SK_cost: [75010097684.0, [22803497.0, 22816417, 1459298552, 1634113, 1289391288, 4824681889]] [8444273700.0, [2556015.0, 2556015, 163578660, 164463, 163185444, 545001327]] [323602960, [104020, 104020, 6247200, 13140, 6247200, 12492810]] [5865925856, [1783016, 1783016, 113702944, 38704, 113702944, 437444628]] [4575292728, [1392646, 1392646, 88670256, 39302, 88670256, 348258310]] [633635167986.0, [191805207.0, 191805207, 12275433555, 10680855, 12275130963, 42260303067]] [21465133388.0, [6562107.0, 6562107, 417716928, 820259, 353006784, 1218624531]]
Model_cost: [62167830678.0, [57605.0, 20154017, 1288904952, 1783105, 50064057, 780066]] [8040239652.0, [124719.0, 2556015, 163578660, 164463, 77870628, 1216827]] [313627120.0, [105.0, 104020, 6247200, 13140, 6247200, 27210]] [5308162272.0, [39856.0, 1680616, 106002464, 38704, 103509152, 1846014118]] [3356217144.0, [11286.0, 1091974, 69427248, 39302, 7871280, 121938]] [602947919466.0, [21519.0, 191805207, 12275433555, 10680855, 6137123727, 95892675]] [2348281996.0, [3237.0, 748987, 47652928, 103459, 25506688, 398419]]
Arch_Param: [32, 4096, 1024, 8, 256, 64]
SK_cost: [39088623764.0, [11837993.0, 47352385, 757568376, 845281, 672693432, 2505874849]] [4421329956.0, [1333359.0, 5333103, 85328676, 86895, 85328676, 283119471]] [324750600, [104020, 390450, 6247200, 13170, 6247200, 12492810]] [5887225288, [1783016, 7106434, 113702944, 38794, 113702944, 437444628]] [2295954744, [696326, 2772998, 44335152, 19654, 44335152, 174129158]] [317984034642.0, [95907291.0, 383626383, 6138012243, 5340891, 6138012243, 21131037915]] [14406081616.0, [4373307.0, 17443052, 278762688, 474836, 252736704, 852278291]]
Model_cost: [32553166742.0, [29745.0, 41814593, 668963704, 2718657, 49400505, 211234]] [4289711652.0, [117711.0, 5333103, 85328676, 86895, 77870628, 4866975]] [314774280.0, [100.0, 390450, 6247200, 13170, 6247200, 390410]] [5327986664.0, [39851.0, 6635394, 106002464, 38794, 103509152, 1846382172]] [1693583544.0, [5654.0, 2171654, 34713648, 28294, 8144112, 477744]] [308776677450.0, [15831.0, 383626383, 6138012243, 5340891, 6137123727, 383570187]] [1639902128.0, [1904.0, 2055020, 32839552, 65428, 25506688, 1579987]]
Arch_Param: [32, 4096, 1024, 8, 256, 128]
SK_cost: [39088623764.0, [11837993.0, 47352385, 757568376, 845281, 672693432, 2505874849]] [4421329956.0, [1333359.0, 5333103, 85328676, 86895, 85328676, 283119471]] [324750600, [104020, 390450, 6247200, 13170, 6247200, 12492810]] [5887225288, [1783016, 7106434, 113702944, 38794, 113702944, 437444628]] [2295954744, [696326, 2772998, 44335152, 19654, 44335152, 174129158]] [317984034642.0, [95907291.0, 383626383, 6138012243, 5340891, 6138012243, 21131037915]] [14406081616.0, [4373307.0, 17443052, 278762688, 474836, 252736704, 852278291]]
Model_cost: [32553166742.0, [29745.0, 41814593, 668963704, 2718657, 49400505, 211234]] [4289711652.0, [117711.0, 5333103, 85328676, 86895, 77870628, 4866975]] [314774280.0, [100.0, 390450, 6247200, 13170, 6247200, 390410]] [5327986664.0, [39851.0, 6635394, 106002464, 38794, 103509152, 1846382172]] [1693022264.0, [5646.0, 2171654, 34713648, 19654, 8140336, 497254]] [308776677450.0, [15831.0, 383626383, 6138012243, 5340891, 6137123727, 383570187]] [1639902128.0, [1904.0, 2055020, 32839552, 65428, 25506688, 1579987]]
Arch_Param: [32, 4096, 1024, 8, 256, 256]
SK_cost: [39088623764.0, [11837993.0, 47352385, 757568376, 845281, 672693432, 2505874849]] [4421329956.0, [1333359.0, 5333103, 85328676, 86895, 85328676, 283119471]] [324750600, [104020, 390450, 6247200, 13170, 6247200, 12492810]] [5887225288, [1783016, 7106434, 113702944, 38794, 113702944, 437444628]] [2295954744, [696326, 2772998, 44335152, 19654, 44335152, 174129158]] [317984034642.0, [95907291.0, 383626383, 6138012243, 5340891, 6138012243, 21131037915]] [14406081616.0, [4373307.0, 17443052, 278762688, 474836, 252736704, 852278291]]
Model_cost: [32439242646.0, [29745.0, 41814593, 668963704, 938593, 49400505, 3066402]] [4289711652.0, [117711.0, 5333103, 85328676, 86895, 77870628, 4866975]] [314774280.0, [100.0, 390450, 6247200, 13170, 6247200, 390410]] [5327986664.0, [39851.0, 6635394, 106002464, 38794, 103509152, 1846382172]] [1692484152.0, [5646.0, 2171654, 34713648, 19654, 7871280, 486198]] [308776677450.0, [15831.0, 383626383, 6138012243, 5340891, 6137123727, 383570187]] [1639582640.0, [1904.0, 2055020, 32839552, 60436, 25506688, 1593427]]
Arch_Param: [32, 4096, 1024, 8, 512, 64]
SK_cost: [38993918176.0, [11837993.0, 23676452, 757568376, 845252, 672693432, 2505874849]] [4410663972.0, [1333359.0, 2666607, 85328676, 86895, 85328676, 283119471]] [323968440, [104020, 195230, 6247200, 13150, 6247200, 12492810]] [5873008600, [1783016, 3553222, 113702944, 38734, 113702944, 437444628]] [2290416952, [696326, 1388550, 44335152, 19654, 44335152, 174129158]] [317216783730.0, [95907291.0, 191813655, 6138012243, 5340891, 6138012243, 21131037915]] [14371187960.0, [4373307.0, 8721526, 278762688, 474718, 252736704, 852278291]]
Model_cost: [32469536738.0, [29745.0, 20907556, 668963704, 2718628, 49400505, 203042]] [4279045668.0, [117711.0, 2666607, 85328676, 86895, 77870628, 2433543]] [313992120.0, [100.0, 195230, 6247200, 13150, 6247200, 195210]] [5314753016.0, [39851.0, 3327942, 106002464, 38734, 103509152, 1846183736]] [1689248440.0, [5654.0, 1087878, 34713648, 28294, 8144112, 240176]] [308009426538.0, [15831.0, 191813655, 6138012243, 5340891, 6137123727, 191785179]] [1635784536.0, [1904.0, 1027510, 32839552, 65310, 25506688, 790995]]
Arch_Param: [32, 4096, 1024, 8, 512, 128]
SK_cost: [38993918176.0, [11837993.0, 23676452, 757568376, 845252, 672693432, 2505874849]] [4410663972.0, [1333359.0, 2666607, 85328676, 86895, 85328676, 283119471]] [323968440, [104020, 195230, 6247200, 13150, 6247200, 12492810]] [5873008600, [1783016, 3553222, 113702944, 38734, 113702944, 437444628]] [2290416952, [696326, 1388550, 44335152, 19654, 44335152, 174129158]] [317216783730.0, [95907291.0, 191813655, 6138012243, 5340891, 6138012243, 21131037915]] [14371187960.0, [4373307.0, 8721526, 278762688, 474718, 252736704, 852278291]]
Model_cost: [32469536738.0, [29745.0, 20907556, 668963704, 2718628, 49400505, 203042]] [4279045668.0, [117711.0, 2666607, 85328676, 86895, 77870628, 2433543]] [313992120.0, [100.0, 195230, 6247200, 13150, 6247200, 195210]] [5314753016.0, [39851.0, 3327942, 106002464, 38734, 103509152, 1846183736]] [1688687160.0, [5646.0, 1087878, 34713648, 19654, 8140336, 249142]] [308009426538.0, [15831.0, 191813655, 6138012243, 5340891, 6137123727, 191785179]] [1635784536.0, [1904.0, 1027510, 32839552, 65310, 25506688, 790995]]
Arch_Param: [32, 4096, 1024, 8, 512, 256]
SK_cost: [38993918176.0, [11837993.0, 23676452, 757568376, 845252, 672693432, 2505874849]] [4410663972.0, [1333359.0, 2666607, 85328676, 86895, 85328676, 283119471]] [323968440, [104020, 195230, 6247200, 13150, 6247200, 12492810]] [5873008600, [1783016, 3553222, 113702944, 38734, 113702944, 437444628]] [2290416952, [696326, 1388550, 44335152, 19654, 44335152, 174129158]] [317216783730.0, [95907291.0, 191813655, 6138012243, 5340891, 6138012243, 21131037915]] [14371187960.0, [4373307.0, 8721526, 278762688, 474718, 252736704, 852278291]]
Model_cost: [32355612642.0, [29745.0, 20907556, 668963704, 938564, 49400505, 1534498]] [4279045668.0, [117711.0, 2666607, 85328676, 86895, 77870628, 2433543]] [313992120.0, [100.0, 195230, 6247200, 13150, 6247200, 195210]] [5314753016.0, [39851.0, 3327942, 106002464, 38734, 103509152, 1846183736]] [1688149048.0, [5646.0, 1087878, 34713648, 19654, 7871280, 243358]] [308009426538.0, [15831.0, 191813655, 6138012243, 5340891, 6137123727, 191785179]] [1635465048.0, [1904.0, 1027510, 32839552, 60318, 25506688, 796755]]
Arch_Param: [32, 4096, 1024, 8, 512, 512]
SK_cost: [38993918176.0, [11837993.0, 23676452, 757568376, 845252, 672693432, 2505874849]] [4410663972.0, [1333359.0, 2666607, 85328676, 86895, 85328676, 283119471]] [323968440, [104020, 195230, 6247200, 13150, 6247200, 12492810]] [5873008600, [1783016, 3553222, 113702944, 38734, 113702944, 437444628]] [2290416952, [696326, 1388550, 44335152, 19654, 44335152, 174129158]] [317216783730.0, [95907291.0, 191813655, 6138012243, 5340891, 6138012243, 21131037915]] [14371187960.0, [4373307.0, 8721526, 278762688, 474718, 252736704, 852278291]]
Model_cost: [32355612642.0, [29745.0, 20907556, 668963704, 938564, 49400505, 1534498]] [4279045668.0, [117711.0, 2666607, 85328676, 86895, 77870628, 2433543]] [313992120.0, [100.0, 195230, 6247200, 13150, 6247200, 195210]] [5314753016.0, [39851.0, 3327942, 106002464, 38734, 103509152, 1846183736]] [1688011064.0, [5646.0, 1087878, 34713648, 19654, 7802288, 242514]] [308009426538.0, [15831.0, 191813655, 6138012243, 5340891, 6137123727, 191785179]] [1635465048.0, [1904.0, 1027510, 32839552, 60318, 25506688, 796755]]
Arch_Param: [32, 4096, 1024, 8, 1024, 64]
SK_cost: [38946590996.0, [11837993.0, 11844705, 757568376, 845249, 672693432, 2505874849]] [4405330980.0, [1333359.0, 1333359, 85328676, 86895, 85328676, 283119471]] [323602960, [104020, 104020, 6247200, 13140, 6247200, 12492810]] [5865925856, [1783016, 1783016, 113702944, 38704, 113702944, 437444628]] [2287648056, [696326, 696326, 44335152, 19654, 44335152, 174129158]] [316833158274.0, [95907291.0, 95907291, 6138012243, 5340891, 6138012243, 21131037915]] [14353791308.0, [4373307.0, 4373307, 278762688, 474659, 252736704, 852278291]]
Model_cost: [32427747350.0, [29745.0, 10460257, 668963704, 2718625, 49400505, 198946]] [4273712676.0, [117711.0, 1333359, 85328676, 86895, 77870628, 1216827]] [313627120.0, [105.0, 104020, 6247200, 13140, 6247200, 27210]] [5308162272.0, [39856.0, 1680616, 106002464, 38704, 103509152, 1846014118]] [1687086264.0, [5654.0, 547334, 34713648, 28294, 8144112, 121392]] [307625801082.0, [15831.0, 95907291, 6138012243, 5340891, 6137123727, 95892675]] [1633732012.0, [1904.0, 515323, 32839552, 65251, 25506688, 396499]]
Arch_Param: [32, 4096, 1024, 8, 1024, 128]
SK_cost: [38946590996.0, [11837993.0, 11844705, 757568376, 845249, 672693432, 2505874849]] [4405330980.0, [1333359.0, 1333359, 85328676, 86895, 85328676, 283119471]] [323602960, [104020, 104020, 6247200, 13140, 6247200, 12492810]] [5865925856, [1783016, 1783016, 113702944, 38704, 113702944, 437444628]] [2287648056, [696326, 696326, 44335152, 19654, 44335152, 174129158]] [316833158274.0, [95907291.0, 95907291, 6138012243, 5340891, 6138012243, 21131037915]] [14353791308.0, [4373307.0, 4373307, 278762688, 474659, 252736704, 852278291]]
Model_cost: [32427747350.0, [29745.0, 10460257, 668963704, 2718625, 49400505, 198946]] [4273712676.0, [117711.0, 1333359, 85328676, 86895, 77870628, 1216827]] [313627120.0, [105.0, 104020, 6247200, 13140, 6247200, 27210]] [5308162272.0, [39856.0, 1680616, 106002464, 38704, 103509152, 1846014118]] [1686519608.0, [5646.0, 545990, 34713648, 19654, 8140336, 125086]] [307625801082.0, [15831.0, 95907291, 6138012243, 5340891, 6137123727, 95892675]] [1633732012.0, [1904.0, 515323, 32839552, 65251, 25506688, 396499]]
Arch_Param: [32, 4096, 1024, 8, 1024, 256]
SK_cost: [38946590996.0, [11837993.0, 11844705, 757568376, 845249, 672693432, 2505874849]] [4405330980.0, [1333359.0, 1333359, 85328676, 86895, 85328676, 283119471]] [323602960, [104020, 104020, 6247200, 13140, 6247200, 12492810]] [5865925856, [1783016, 1783016, 113702944, 38704, 113702944, 437444628]] [2287648056, [696326, 696326, 44335152, 19654, 44335152, 174129158]] [316833158274.0, [95907291.0, 95907291, 6138012243, 5340891, 6138012243, 21131037915]] [14353791308.0, [4373307.0, 4373307, 278762688, 474659, 252736704, 852278291]]
Model_cost: [32313823254.0, [29745.0, 10460257, 668963704, 938561, 49400505, 768546]] [4273712676.0, [117711.0, 1333359, 85328676, 86895, 77870628, 1216827]] [313627120.0, [105.0, 104020, 6247200, 13140, 6247200, 27210]] [5308162272.0, [39856.0, 1680616, 106002464, 38704, 103509152, 1846014118]] [1685981496.0, [5646.0, 545990, 34713648, 19654, 7871280, 121938]] [307625801082.0, [15831.0, 95907291, 6138012243, 5340891, 6137123727, 95892675]] [1633412524.0, [1904.0, 515323, 32839552, 60259, 25506688, 398419]]
Arch_Param: [32, 4096, 1024, 8, 1024, 512]
SK_cost: [38946590996.0, [11837993.0, 11844705, 757568376, 845249, 672693432, 2505874849]] [4405330980.0, [1333359.0, 1333359, 85328676, 86895, 85328676, 283119471]] [323602960, [104020, 104020, 6247200, 13140, 6247200, 12492810]] [5865925856, [1783016, 1783016, 113702944, 38704, 113702944, 437444628]] [2287648056, [696326, 696326, 44335152, 19654, 44335152, 174129158]] [316833158274.0, [95907291.0, 95907291, 6138012243, 5340891, 6138012243, 21131037915]] [14353791308.0, [4373307.0, 4373307, 278762688, 474659, 252736704, 852278291]]
Model_cost: [32313823254.0, [29745.0, 10460257, 668963704, 938561, 49400505, 768546]] [4273712676.0, [117711.0, 1333359, 85328676, 86895, 77870628, 1216827]] [313627120.0, [105.0, 104020, 6247200, 13140, 6247200, 27210]] [5308162272.0, [39856.0, 1680616, 106002464, 38704, 103509152, 1846014118]] [1685843512.0, [5646.0, 545990, 34713648, 19654, 7802288, 121388]] [307625801082.0, [15831.0, 95907291, 6138012243, 5340891, 6137123727, 95892675]] [1633412524.0, [1904.0, 515323, 32839552, 60259, 25506688, 398419]]
Arch_Param: [32, 4096, 1024, 16, 256, 64]
SK_cost: [20997872276.0, [6357321.0, 25429697, 406836408, 451617, 364399800, 1346637217]] [4421329956.0, [1333359.0, 5333103, 85328676, 86895, 85328676, 283119471]] [324750600, [104020, 390450, 6247200, 13170, 6247200, 12492810]] [5887225288, [1783016, 7106434, 113702944, 38794, 113702944, 437444628]] [1147979064, [348166, 1386502, 22167600, 9830, 22167600, 87064582]] [317984034642.0, [95907291.0, 383626383, 6138012243, 5340891, 6138012243, 21131037915]] [12256009296.0, [3709755.0, 14813420, 236848320, 329428, 225408192, 758758419]]
Model_cost: [17521415798.0, [15838.0, 22447809, 359126200, 1456961, 49400505, 211234]] [4289711652.0, [117711.0, 5333103, 85328676, 86895, 77870628, 4866975]] [314774280.0, [100.0, 390450, 6247200, 13170, 6247200, 390410]] [5327986664.0, [39851.0, 6635394, 106002464, 38794, 103509152, 1846382172]] [854536120.0, [2830.0, 1085830, 17356848, 14150, 7943408, 476720]] [308776677450.0, [15831.0, 383626383, 6138012243, 5340891, 6137123727, 383570187]] [1430007056.0, [1353.0, 1783660, 28517760, 44948, 25506688, 1579987]]
Arch_Param: [32, 4096, 1024, 16, 256, 128]
SK_cost: [20997872276.0, [6357321.0, 25429697, 406836408, 451617, 364399800, 1346637217]] [4421329956.0, [1333359.0, 5333103, 85328676, 86895, 85328676, 283119471]] [324750600, [104020, 390450, 6247200, 13170, 6247200, 12492810]] [5887225288, [1783016, 7106434, 113702944, 38794, 113702944, 437444628]] [1147979064, [348166, 1386502, 22167600, 9830, 22167600, 87064582]] [317984034642.0, [95907291.0, 383626383, 6138012243, 5340891, 6138012243, 21131037915]] [12256009296.0, [3709755.0, 14813420, 236848320, 329428, 225408192, 758758419]]
Model_cost: [17460072054.0, [15838.0, 22447809, 359126200, 498465, 49400505, 3066402]] [4289711652.0, [117711.0, 5333103, 85328676, 86895, 77870628, 4866975]] [314774280.0, [100.0, 390450, 6247200, 13170, 6247200, 390410]] [5327986664.0, [39851.0, 6635394, 106002464, 38794, 103509152, 1846382172]] [854115000.0, [2826.0, 1085830, 17356848, 9830, 7871280, 486198]] [308776677450.0, [15831.0, 383626383, 6138012243, 5340891, 6137123727, 383570187]] [1429835024.0, [1353.0, 1783660, 28517760, 42260, 25506688, 1593427]]
Arch_Param: [32, 4096, 1024, 16, 256, 256]
SK_cost: [20997872276.0, [6357321.0, 25429697, 406836408, 451617, 364399800, 1346637217]] [4421329956.0, [1333359.0, 5333103, 85328676, 86895, 85328676, 283119471]] [324750600, [104020, 390450, 6247200, 13170, 6247200, 12492810]] [5887225288, [1783016, 7106434, 113702944, 38794, 113702944, 437444628]] [1147979064, [348166, 1386502, 22167600, 9830, 22167600, 87064582]] [317984034642.0, [95907291.0, 383626383, 6138012243, 5340891, 6138012243, 21131037915]] [12256009296.0, [3709755.0, 14813420, 236848320, 329428, 225408192, 758758419]]
Model_cost: [17460072054.0, [15838.0, 22447809, 359126200, 498465, 49400505, 3066402]] [4289711652.0, [117711.0, 5333103, 85328676, 86895, 77870628, 4866975]] [314774280.0, [100.0, 390450, 6247200, 13170, 6247200, 390410]] [5327986664.0, [39851.0, 6635394, 106002464, 38794, 103509152, 1846382172]] [853977016.0, [2826.0, 1085830, 17356848, 9830, 7802288, 484766]] [308776677450.0, [15831.0, 383626383, 6138012243, 5340891, 6137123727, 383570187]] [1429835024.0, [1353.0, 1783660, 28517760, 42260, 25506688, 1593427]]
Arch_Param: [32, 4096, 1024, 16, 512, 64]
SK_cost: [20947012064.0, [6357321.0, 12715108, 406836408, 451588, 364399800, 1346637217]] [4410663972.0, [1333359.0, 2666607, 85328676, 86895, 85328676, 283119471]] [323968440, [104020, 195230, 6247200, 13150, 6247200, 12492810]] [5873008600, [1783016, 3553222, 113702944, 38734, 113702944, 437444628]] [1145210168, [348166, 694278, 22167600, 9830, 22167600, 87064582]] [317216783730.0, [95907291.0, 191813655, 6138012243, 5340891, 6138012243, 21131037915]] [12226374904.0, [3709755.0, 7406710, 236848320, 329310, 225408192, 758758419]]
Model_cost: [17476519362.0, [15838.0, 11224164, 359126200, 1456932, 49400505, 203042]] [4279045668.0, [117711.0, 2666607, 85328676, 86895, 77870628, 2433543]] [313992120.0, [100.0, 195230, 6247200, 13150, 6247200, 195210]] [5314753016.0, [39851.0, 3327942, 106002464, 38734, 103509152, 1846183736]] [852368568.0, [2830.0, 543942, 17356848, 14150, 7943408, 239152]] [308009426538.0, [15831.0, 191813655, 6138012243, 5340891, 6137123727, 191785179]] [1426432184.0, [1353.0, 891830, 28517760, 44830, 25506688, 790995]]
Arch_Param: [32, 4096, 1024, 16, 512, 128]
SK_cost: [20947012064.0, [6357321.0, 12715108, 406836408, 451588, 364399800, 1346637217]] [4410663972.0, [1333359.0, 2666607, 85328676, 86895, 85328676, 283119471]] [323968440, [104020, 195230, 6247200, 13150, 6247200, 12492810]] [5873008600, [1783016, 3553222, 113702944, 38734, 113702944, 437444628]] [1145210168, [348166, 694278, 22167600, 9830, 22167600, 87064582]] [317216783730.0, [95907291.0, 191813655, 6138012243, 5340891, 6138012243, 21131037915]] [12226374904.0, [3709755.0, 7406710, 236848320, 329310, 225408192, 758758419]]
Model_cost: [17415175618.0, [15838.0, 11224164, 359126200, 498436, 49400505, 1534498]] [4279045668.0, [117711.0, 2666607, 85328676, 86895, 77870628, 2433543]] [313992120.0, [100.0, 195230, 6247200, 13150, 6247200, 195210]] [5314753016.0, [39851.0, 3327942, 106002464, 38734, 103509152, 1846183736]] [851947448.0, [2826.0, 543942, 17356848, 9830, 7871280, 243358]] [308009426538.0, [15831.0, 191813655, 6138012243, 5340891, 6137123727, 191785179]] [1426260152.0, [1353.0, 891830, 28517760, 42142, 25506688, 796755]]
Arch_Param: [32, 4096, 1024, 16, 512, 256]
SK_cost: [20947012064.0, [6357321.0, 12715108, 406836408, 451588, 364399800, 1346637217]] [4410663972.0, [1333359.0, 2666607, 85328676, 86895, 85328676, 283119471]] [323968440, [104020, 195230, 6247200, 13150, 6247200, 12492810]] [5873008600, [1783016, 3553222, 113702944, 38734, 113702944, 437444628]] [1145210168, [348166, 694278, 22167600, 9830, 22167600, 87064582]] [317216783730.0, [95907291.0, 191813655, 6138012243, 5340891, 6138012243, 21131037915]] [12226374904.0, [3709755.0, 7406710, 236848320, 329310, 225408192, 758758419]]
Model_cost: [17415175618.0, [15838.0, 11224164, 359126200, 498436, 49400505, 1534498]] [4279045668.0, [117711.0, 2666607, 85328676, 86895, 77870628, 2433543]] [313992120.0, [100.0, 195230, 6247200, 13150, 6247200, 195210]] [5314753016.0, [39851.0, 3327942, 106002464, 38734, 103509152, 1846183736]] [851809464.0, [2826.0, 543942, 17356848, 9830, 7802288, 242514]] [308009426538.0, [15831.0, 191813655, 6138012243, 5340891, 6137123727, 191785179]] [1426260152.0, [1353.0, 891830, 28517760, 42142, 25506688, 796755]]
Arch_Param: [32, 4096, 1024, 16, 512, 512]
SK_cost: [20947012064.0, [6357321.0, 12715108, 406836408, 451588, 364399800, 1346637217]] [4410663972.0, [1333359.0, 2666607, 85328676, 86895, 85328676, 283119471]] [323968440, [104020, 195230, 6247200, 13150, 6247200, 12492810]] [5873008600, [1783016, 3553222, 113702944, 38734, 113702944, 437444628]] [1145210168, [348166, 694278, 22167600, 9830, 22167600, 87064582]] [317216783730.0, [95907291.0, 191813655, 6138012243, 5340891, 6138012243, 21131037915]] [12226374904.0, [3709755.0, 7406710, 236848320, 329310, 225408192, 758758419]]
Model_cost: [17414561218.0, [15838.0, 11224164, 359126200, 488836, 49400505, 1540898]] [4279045668.0, [117711.0, 2666607, 85328676, 86895, 77870628, 2433543]] [313992120.0, [100.0, 195230, 6247200, 13150, 6247200, 195210]] [5314753016.0, [39851.0, 3327942, 106002464, 38734, 103509152, 1846183736]] [851740472.0, [2826.0, 543942, 17356848, 9830, 7767792, 242092]] [308009426538.0, [15831.0, 191813655, 6138012243, 5340891, 6137123727, 191785179]] [1426260152.0, [1353.0, 891830, 28517760, 42142, 25506688, 796755]]
Arch_Param: [32, 4096, 1024, 16, 1024, 64]
SK_cost: [20921595156.0, [6357321.0, 6360929, 406836408, 451585, 364399800, 1346637217]] [4405330980.0, [1333359.0, 1333359, 85328676, 86895, 85328676, 283119471]] [323602960, [104020, 104020, 6247200, 13140, 6247200, 12492810]] [5865925856, [1783016, 1783016, 113702944, 38704, 113702944, 437444628]] [1143825720, [348166, 348166, 22167600, 9830, 22167600, 87064582]] [316833158274.0, [95907291.0, 95907291, 6138012243, 5340891, 6138012243, 21131037915]] [12211583308.0, [3709755.0, 3709755, 236848320, 329251, 225408192, 758758419]]
Model_cost: [17454084342.0, [15838.0, 5615457, 359126200, 1456929, 49400505, 198946]] [4273712676.0, [117711.0, 1333359, 85328676, 86895, 77870628, 1216827]] [313627120.0, [105.0, 104020, 6247200, 13140, 6247200, 27210]] [5308162272.0, [39856.0, 1680616, 106002464, 38704, 103509152, 1846014118]] [851287480.0, [2830.0, 273670, 17356848, 14150, 7943408, 120368]] [307625801082.0, [15831.0, 95907291, 6138012243, 5340891, 6137123727, 95892675]] [1424647948.0, [1353.0, 446715, 28517760, 44771, 25506688, 396499]]
Arch_Param: [32, 4096, 1024, 16, 1024, 128]
SK_cost: [20921595156.0, [6357321.0, 6360929, 406836408, 451585, 364399800, 1346637217]] [4405330980.0, [1333359.0, 1333359, 85328676, 86895, 85328676, 283119471]] [323602960, [104020, 104020, 6247200, 13140, 6247200, 12492810]] [5865925856, [1783016, 1783016, 113702944, 38704, 113702944, 437444628]] [1143825720, [348166, 348166, 22167600, 9830, 22167600, 87064582]] [316833158274.0, [95907291.0, 95907291, 6138012243, 5340891, 6138012243, 21131037915]] [12211583308.0, [3709755.0, 3709755, 236848320, 329251, 225408192, 758758419]]
Model_cost: [17392740598.0, [15838.0, 5615457, 359126200, 498433, 49400505, 768546]] [4273712676.0, [117711.0, 1333359, 85328676, 86895, 77870628, 1216827]] [313627120.0, [105.0, 104020, 6247200, 13140, 6247200, 27210]] [5308162272.0, [39856.0, 1680616, 106002464, 38704, 103509152, 1846014118]] [850863672.0, [2826.0, 272998, 17356848, 9830, 7871280, 121938]] [307625801082.0, [15831.0, 95907291, 6138012243, 5340891, 6137123727, 95892675]] [1424475916.0, [1353.0, 446715, 28517760, 42083, 25506688, 398419]]
Arch_Param: [32, 4096, 1024, 16, 1024, 256]
SK_cost: [20921595156.0, [6357321.0, 6360929, 406836408, 451585, 364399800, 1346637217]] [4405330980.0, [1333359.0, 1333359, 85328676, 86895, 85328676, 283119471]] [323602960, [104020, 104020, 6247200, 13140, 6247200, 12492810]] [5865925856, [1783016, 1783016, 113702944, 38704, 113702944, 437444628]] [1143825720, [348166, 348166, 22167600, 9830, 22167600, 87064582]] [316833158274.0, [95907291.0, 95907291, 6138012243, 5340891, 6138012243, 21131037915]] [12211583308.0, [3709755.0, 3709755, 236848320, 329251, 225408192, 758758419]]
Model_cost: [17392740598.0, [15838.0, 5615457, 359126200, 498433, 49400505, 768546]] [4273712676.0, [117711.0, 1333359, 85328676, 86895, 77870628, 1216827]] [313627120.0, [105.0, 104020, 6247200, 13140, 6247200, 27210]] [5308162272.0, [39856.0, 1680616, 106002464, 38704, 103509152, 1846014118]] [850725688.0, [2826.0, 272998, 17356848, 9830, 7802288, 121388]] [307625801082.0, [15831.0, 95907291, 6138012243, 5340891, 6137123727, 95892675]] [1424475916.0, [1353.0, 446715, 28517760, 42083, 25506688, 398419]]
Arch_Param: [32, 4096, 1024, 16, 1024, 512]
SK_cost: [20921595156.0, [6357321.0, 6360929, 406836408, 451585, 364399800, 1346637217]] [4405330980.0, [1333359.0, 1333359, 85328676, 86895, 85328676, 283119471]] [323602960, [104020, 104020, 6247200, 13140, 6247200, 12492810]] [5865925856, [1783016, 1783016, 113702944, 38704, 113702944, 437444628]] [1143825720, [348166, 348166, 22167600, 9830, 22167600, 87064582]] [316833158274.0, [95907291.0, 95907291, 6138012243, 5340891, 6138012243, 21131037915]] [12211583308.0, [3709755.0, 3709755, 236848320, 329251, 225408192, 758758419]]
Model_cost: [17392126198.0, [15838.0, 5615457, 359126200, 488833, 49400505, 770786]] [4273712676.0, [117711.0, 1333359, 85328676, 86895, 77870628, 1216827]] [313627120.0, [105.0, 104020, 6247200, 13140, 6247200, 27210]] [5308162272.0, [39856.0, 1680616, 106002464, 38704, 103509152, 1846014118]] [850656696.0, [2826.0, 272998, 17356848, 9830, 7767792, 121113]] [307625801082.0, [15831.0, 95907291, 6138012243, 5340891, 6137123727, 95892675]] [1424475916.0, [1353.0, 446715, 28517760, 42083, 25506688, 398419]]
Arch_Param: [32, 4096, 1024, 32, 256, 64]
SK_cost: [11955409556.0, [3617865.0, 14471873, 231526584, 254913, 210308280, 767184289]] [4421329956.0, [1333359.0, 5333103, 85328676, 86895, 85328676, 283119471]] [324750600, [104020, 390450, 6247200, 13170, 6247200, 12492810]] [5887225288, [1783016, 7106434, 113702944, 38794, 113702944, 437444628]] [573991224, [174086, 693254, 11083824, 4918, 11083824, 43532294]] [317984034642.0, [95907291.0, 383626383, 6138012243, 5340891, 6138012243, 21131037915]] [11180973136.0, [3377979.0, 13498604, 215891136, 256724, 211743936, 711998483]]
Model_cost: [9973217910.0, [8894.0, 12767937, 204263608, 278721, 49400505, 3066402]] [4289711652.0, [117711.0, 5333103, 85328676, 86895, 77870628, 4866975]] [314774280.0, [100.0, 390450, 6247200, 13170, 6247200, 390410]] [5327986664.0, [39851.0, 6635394, 106002464, 38794, 103509152, 1846382172]] [434914104.0, [1418.0, 542918, 8678448, 5542, 7843056, 483888]] [308776677450.0, [15831.0, 383626383, 6138012243, 5340891, 6137123727, 383570187]] [1324961168.0, [1077.0, 1647980, 26356864, 33172, 25506688, 1593427]]
Arch_Param: [32, 4096, 1024, 32, 256, 128]
SK_cost: [11955409556.0, [3617865.0, 14471873, 231526584, 254913, 210308280, 767184289]] [4421329956.0, [1333359.0, 5333103, 85328676, 86895, 85328676, 283119471]] [324750600, [104020, 390450, 6247200, 13170, 6247200, 12492810]] [5887225288, [1783016, 7106434, 113702944, 38794, 113702944, 437444628]] [573991224, [174086, 693254, 11083824, 4918, 11083824, 43532294]] [317984034642.0, [95907291.0, 383626383, 6138012243, 5340891, 6138012243, 21131037915]] [11180973136.0, [3377979.0, 13498604, 215891136, 256724, 211743936, 711998483]]
Model_cost: [9973217910.0, [8894.0, 12767937, 204263608, 278721, 49400505, 3066402]] [4289711652.0, [117711.0, 5333103, 85328676, 86895, 77870628, 4866975]] [314774280.0, [100.0, 390450, 6247200, 13170, 6247200, 390410]] [5327986664.0, [39851.0, 6635394, 106002464, 38794, 103509152, 1846382172]] [434792440.0, [1416.0, 542918, 8678448, 4918, 7802288, 484766]] [308776677450.0, [15831.0, 383626383, 6138012243, 5340891, 6137123727, 383570187]] [1324961168.0, [1077.0, 1647980, 26356864, 33172, 25506688, 1593427]]
Arch_Param: [32, 4096, 1024, 32, 256, 256]
SK_cost: [11955409556.0, [3617865.0, 14471873, 231526584, 254913, 210308280, 767184289]] [4421329956.0, [1333359.0, 5333103, 85328676, 86895, 85328676, 283119471]] [324750600, [104020, 390450, 6247200, 13170, 6247200, 12492810]] [5887225288, [1783016, 7106434, 113702944, 38794, 113702944, 437444628]] [573991224, [174086, 693254, 11083824, 4918, 11083824, 43532294]] [317984034642.0, [95907291.0, 383626383, 6138012243, 5340891, 6138012243, 21131037915]] [11180973136.0, [3377979.0, 13498604, 215891136, 256724, 211743936, 711998483]]
Model_cost: [9972898422.0, [8894.0, 12767937, 204263608, 273729, 49400505, 3081122]] [4289711652.0, [117711.0, 5333103, 85328676, 86895, 77870628, 4866975]] [314774280.0, [100.0, 390450, 6247200, 13170, 6247200, 390410]] [5327986664.0, [39851.0, 6635394, 106002464, 38794, 103509152, 1846382172]] [434723448.0, [1416.0, 542918, 8678448, 4918, 7767792, 484050]] [308776677450.0, [15831.0, 383626383, 6138012243, 5340891, 6137123727, 383570187]] [1324961168.0, [1077.0, 1647980, 26356864, 33172, 25506688, 1593427]]
Arch_Param: [32, 4096, 1024, 32, 512, 64]
SK_cost: [11926464992.0, [3617865.0, 7236196, 231526584, 254884, 210308280, 767184289]] [4410663972.0, [1333359.0, 2666607, 85328676, 86895, 85328676, 283119471]] [323968440, [104020, 195230, 6247200, 13150, 6247200, 12492810]] [5873008600, [1783016, 3553222, 113702944, 38734, 113702944, 437444628]] [572606776, [174086, 347142, 11083824, 4918, 11083824, 43532294]] [317216783730.0, [95907291.0, 191813655, 6138012243, 5340891, 6138012243, 21131037915]] [11153968376.0, [3377979.0, 6749302, 215891136, 256606, 211743936, 711998483]]
Model_cost: [9947681218.0, [8894.0, 6384228, 204263608, 278692, 49400505, 1534498]] [4279045668.0, [117711.0, 2666607, 85328676, 86895, 77870628, 2433543]] [313992120.0, [100.0, 195230, 6247200, 13150, 6247200, 195210]] [5314753016.0, [39851.0, 3327942, 106002464, 38734, 103509152, 1846183736]] [433830328.0, [1418.0, 271974, 8678448, 5542, 7843056, 242224]] [308009426538.0, [15831.0, 191813655, 6138012243, 5340891, 6137123727, 191785179]] [1321657656.0, [1077.0, 823990, 26356864, 33054, 25506688, 796755]]
Arch_Param: [32, 4096, 1024, 32, 512, 128]
SK_cost: [11926464992.0, [3617865.0, 7236196, 231526584, 254884, 210308280, 767184289]] [4410663972.0, [1333359.0, 2666607, 85328676, 86895, 85328676, 283119471]] [323968440, [104020, 195230, 6247200, 13150, 6247200, 12492810]] [5873008600, [1783016, 3553222, 113702944, 38734, 113702944, 437444628]] [572606776, [174086, 347142, 11083824, 4918, 11083824, 43532294]] [317216783730.0, [95907291.0, 191813655, 6138012243, 5340891, 6138012243, 21131037915]] [11153968376.0, [3377979.0, 6749302, 215891136, 256606, 211743936, 711998483]]
Model_cost: [9947681218.0, [8894.0, 6384228, 204263608, 278692, 49400505, 1534498]] [4279045668.0, [117711.0, 2666607, 85328676, 86895, 77870628, 2433543]] [313992120.0, [100.0, 195230, 6247200, 13150, 6247200, 195210]] [5314753016.0, [39851.0, 3327942, 106002464, 38734, 103509152, 1846183736]] [433708664.0, [1416.0, 271974, 8678448, 4918, 7802288, 242514]] [308009426538.0, [15831.0, 191813655, 6138012243, 5340891, 6137123727, 191785179]] [1321657656.0, [1077.0, 823990, 26356864, 33054, 25506688, 796755]]
Arch_Param: [32, 4096, 1024, 32, 512, 256]
SK_cost: [11926464992.0, [3617865.0, 7236196, 231526584, 254884, 210308280, 767184289]] [4410663972.0, [1333359.0, 2666607, 85328676, 86895, 85328676, 283119471]] [323968440, [104020, 195230, 6247200, 13150, 6247200, 12492810]] [5873008600, [1783016, 3553222, 113702944, 38734, 113702944, 437444628]] [572606776, [174086, 347142, 11083824, 4918, 11083824, 43532294]] [317216783730.0, [95907291.0, 191813655, 6138012243, 5340891, 6138012243, 21131037915]] [11153968376.0, [3377979.0, 6749302, 215891136, 256606, 211743936, 711998483]]
Model_cost: [9947361730.0, [8894.0, 6384228, 204263608, 273700, 49400505, 1540898]] [4279045668.0, [117711.0, 2666607, 85328676, 86895, 77870628, 2433543]] [313992120.0, [100.0, 195230, 6247200, 13150, 6247200, 195210]] [5314753016.0, [39851.0, 3327942, 106002464, 38734, 103509152, 1846183736]] [433639672.0, [1416.0, 271974, 8678448, 4918, 7767792, 242092]] [308009426538.0, [15831.0, 191813655, 6138012243, 5340891, 6137123727, 191785179]] [1321657656.0, [1077.0, 823990, 26356864, 33054, 25506688, 796755]]
Arch_Param: [32, 4096, 1024, 32, 512, 512]
SK_cost: [11926464992.0, [3617865.0, 7236196, 231526584, 254884, 210308280, 767184289]] [4410663972.0, [1333359.0, 2666607, 85328676, 86895, 85328676, 283119471]] [323968440, [104020, 195230, 6247200, 13150, 6247200, 12492810]] [5873008600, [1783016, 3553222, 113702944, 38734, 113702944, 437444628]] [572606776, [174086, 347142, 11083824, 4918, 11083824, 43532294]] [317216783730.0, [95907291.0, 191813655, 6138012243, 5340891, 6138012243, 21131037915]] [11153968376.0, [3377979.0, 6749302, 215891136, 256606, 211743936, 711998483]]
Model_cost: [9947361730.0, [8894.0, 6384228, 204263608, 273700, 49400505, 1540898]] [4279045668.0, [117711.0, 2666607, 85328676, 86895, 77870628, 2433543]] [313992120.0, [100.0, 195230, 6247200, 13150, 6247200, 195210]] [5314753016.0, [39851.0, 3327942, 106002464, 38734, 103509152, 1846183736]] [433639672.0, [1416.0, 271974, 8678448, 4918, 7767792, 242092]] [308009426538.0, [15831.0, 191813655, 6138012243, 5340891, 6137123727, 191785179]] [1321657656.0, [1077.0, 823990, 26356864, 33054, 25506688, 796755]]
Arch_Param: [32, 4096, 1024, 32, 1024, 64]
SK_cost: [11911999764.0, [3617865.0, 3619937, 231526584, 254881, 210308280, 767184289]] [4405330980.0, [1333359.0, 1333359, 85328676, 86895, 85328676, 283119471]] [323602960, [104020, 104020, 6247200, 13140, 6247200, 12492810]] [5865925856, [1783016, 1783016, 113702944, 38704, 113702944, 437444628]] [571914552, [174086, 174086, 11083824, 4918, 11083824, 43532294]] [316833158274.0, [95907291.0, 95907291, 6138012243, 5340891, 6138012243, 21131037915]] [11140479308.0, [3377979.0, 3377979, 215891136, 256547, 211743936, 711998483]]
Model_cost: [9934919926.0, [8894.0, 3193953, 204263608, 278689, 49400505, 768546]] [4273712676.0, [117711.0, 1333359, 85328676, 86895, 77870628, 1216827]] [313627120.0, [105.0, 104020, 6247200, 13140, 6247200, 27210]] [5308162272.0, [39856.0, 1680616, 106002464, 38704, 103509152, 1846014118]] [433289784.0, [1418.0, 136838, 8678448, 5542, 7843056, 121392]] [307625801082.0, [15831.0, 95907291, 6138012243, 5340891, 6137123727, 95892675]] [1320007564.0, [1077.0, 412411, 26356864, 32995, 25506688, 398419]]
Arch_Param: [32, 4096, 1024, 32, 1024, 128]
SK_cost: [11911999764.0, [3617865.0, 3619937, 231526584, 254881, 210308280, 767184289]] [4405330980.0, [1333359.0, 1333359, 85328676, 86895, 85328676, 283119471]] [323602960, [104020, 104020, 6247200, 13140, 6247200, 12492810]] [5865925856, [1783016, 1783016, 113702944, 38704, 113702944, 437444628]] [571914552, [174086, 174086, 11083824, 4918, 11083824, 43532294]] [316833158274.0, [95907291.0, 95907291, 6138012243, 5340891, 6138012243, 21131037915]] [11140479308.0, [3377979.0, 3377979, 215891136, 256547, 211743936, 711998483]]
Model_cost: [9934919926.0, [8894.0, 3193953, 204263608, 278689, 49400505, 768546]] [4273712676.0, [117711.0, 1333359, 85328676, 86895, 77870628, 1216827]] [313627120.0, [105.0, 104020, 6247200, 13140, 6247200, 27210]] [5308162272.0, [39856.0, 1680616, 106002464, 38704, 103509152, 1846014118]] [433166776.0, [1416.0, 136502, 8678448, 4918, 7802288, 121388]] [307625801082.0, [15831.0, 95907291, 6138012243, 5340891, 6137123727, 95892675]] [1320007564.0, [1077.0, 412411, 26356864, 32995, 25506688, 398419]]
Arch_Param: [32, 4096, 1024, 32, 1024, 256]
SK_cost: [11911999764.0, [3617865.0, 3619937, 231526584, 254881, 210308280, 767184289]] [4405330980.0, [1333359.0, 1333359, 85328676, 86895, 85328676, 283119471]] [323602960, [104020, 104020, 6247200, 13140, 6247200, 12492810]] [5865925856, [1783016, 1783016, 113702944, 38704, 113702944, 437444628]] [571914552, [174086, 174086, 11083824, 4918, 11083824, 43532294]] [316833158274.0, [95907291.0, 95907291, 6138012243, 5340891, 6138012243, 21131037915]] [11140479308.0, [3377979.0, 3377979, 215891136, 256547, 211743936, 711998483]]
Model_cost: [9934600438.0, [8894.0, 3193953, 204263608, 273697, 49400505, 770786]] [4273712676.0, [117711.0, 1333359, 85328676, 86895, 77870628, 1216827]] [313627120.0, [105.0, 104020, 6247200, 13140, 6247200, 27210]] [5308162272.0, [39856.0, 1680616, 106002464, 38704, 103509152, 1846014118]] [433097784.0, [1416.0, 136502, 8678448, 4918, 7767792, 121113]] [307625801082.0, [15831.0, 95907291, 6138012243, 5340891, 6137123727, 95892675]] [1320007564.0, [1077.0, 412411, 26356864, 32995, 25506688, 398419]]
Arch_Param: [32, 4096, 1024, 32, 1024, 512]
SK_cost: [11911999764.0, [3617865.0, 3619937, 231526584, 254881, 210308280, 767184289]] [4405330980.0, [1333359.0, 1333359, 85328676, 86895, 85328676, 283119471]] [323602960, [104020, 104020, 6247200, 13140, 6247200, 12492810]] [5865925856, [1783016, 1783016, 113702944, 38704, 113702944, 437444628]] [571914552, [174086, 174086, 11083824, 4918, 11083824, 43532294]] [316833158274.0, [95907291.0, 95907291, 6138012243, 5340891, 6138012243, 21131037915]] [11140479308.0, [3377979.0, 3377979, 215891136, 256547, 211743936, 711998483]]
Model_cost: [9934600438.0, [8894.0, 3193953, 204263608, 273697, 49400505, 770786]] [4273712676.0, [117711.0, 1333359, 85328676, 86895, 77870628, 1216827]] [313627120.0, [105.0, 104020, 6247200, 13140, 6247200, 27210]] [5308162272.0, [39856.0, 1680616, 106002464, 38704, 103509152, 1846014118]] [433097784.0, [1416.0, 136502, 8678448, 4918, 7767792, 121113]] [307625801082.0, [15831.0, 95907291, 6138012243, 5340891, 6137123727, 95892675]] [1320007564.0, [1077.0, 412411, 26356864, 32995, 25506688, 398419]]
