[[0, 0, 0, 0, 0, 0, 0, 0, 0, 0, 0], [0, 0, 0, 0, 0, 0, 0, 0, 0, 0, 0], [0, 0, 0, 0, 0, 0, 0, 0, 0, 0, 0], [0, 0, 0, 0, 0, 0, 0, 0, 0, 0, 0]]
Arch_Param: [32, 16384, 32768, 4, 256, 16]
SK_cost: [110863689060.95999, [717444.3433333333, 91214401, 1459298552, 1634145, 913427640, 919009]] [12925469100.0, [97263.0, 10223727, 163578660, 164463, 113640228, 132975]] [578720840.0, [3263.333333333285, 390450, 6247200, 13170, 6247200, 13130]] [10508509896.0, [55755.33333333302, 7106434, 113702944, 38794, 113702944, 120604]] [7875190206.4, [43372.399999999994, 5545990, 88670256, 39302, 81420848, 79558]] [984253467729.5881, [7107148.350000086, 767215743, 12275433555, 10680855, 8855921235, 9764571]] [33339902994.46154, [206235.69230769158, 26148076, 417716928, 820436, 297170112, 386528]]
Model_cost: [64519916570.64, [1898.1108333333334, 80564801, 1288904952, 2316545, 49400505, 84962]] [11341111980.0, [4011.0, 10223727, 163578660, 201327, 77870628, 92331]] [578408776.0, [12.666666666666666, 390450, 6247200, 13170, 6247200, 13130]] [9682790488.0, [1270.8333333333333, 6635394, 106002464, 38794, 103509152, 115866]] [3698518328.0, [359.0, 4343302, 69427248, 91654, 7767792, 9938]] [863915486625.6001, [821.3500000000001, 767215743, 12275433555, 14219799, 6137123727, 7106490]] [3432611282.6923075, [125.69471153846155, 2983404, 47652928, 113364, 25506688, 39328]]
Arch_Param: [32, 16384, 32768, 4, 256, 64]
SK_cost: [110863689060.95999, [717444.3433333333, 91214401, 1459298552, 1634145, 913427640, 919009]] [12925469100.0, [97263.0, 10223727, 163578660, 164463, 113640228, 132975]] [578720840.0, [3263.333333333285, 390450, 6247200, 13170, 6247200, 13130]] [10508509896.0, [55755.33333333302, 7106434, 113702944, 38794, 113702944, 120604]] [7875190206.4, [43372.399999999994, 5545990, 88670256, 39302, 81420848, 79558]] [984253467729.5881, [7107148.350000086, 767215743, 12275433555, 10680855, 8855921235, 9764571]] [33339902994.46154, [206235.69230769158, 26148076, 417716928, 820436, 297170112, 386528]]
Model_cost: [64519916570.64, [1898.1108333333334, 80564801, 1288904952, 2316545, 49400505, 84962]] [11338752684.0, [4011.0, 10223727, 163578660, 164463, 77870628, 92331]] [578408776.0, [12.666666666666666, 390450, 6247200, 13170, 6247200, 13130]] [9682790488.0, [1270.8333333333333, 6635394, 106002464, 38794, 103509152, 115866]] [3698518328.0, [359.0, 4343302, 69427248, 91654, 7767792, 9938]] [863688994209.6001, [821.3500000000001, 767215743, 12275433555, 10680855, 6137123727, 7106490]] [3432218066.6923075, [125.69471153846155, 2983404, 47652928, 107220, 25506688, 39328]]
Arch_Param: [32, 16384, 32768, 4, 256, 128]
SK_cost: [110863689060.95999, [717444.3433333333, 91214401, 1459298552, 1634145, 913427640, 919009]] [12925469100.0, [97263.0, 10223727, 163578660, 164463, 113640228, 132975]] [578720840.0, [3263.333333333285, 390450, 6247200, 13170, 6247200, 13130]] [10508509896.0, [55755.33333333302, 7106434, 113702944, 38794, 113702944, 120604]] [7875190206.4, [43372.399999999994, 5545990, 88670256, 39302, 81420848, 79558]] [984253467729.5881, [7107148.350000086, 767215743, 12275433555, 10680855, 8855921235, 9764571]] [33339902994.46154, [206235.69230769158, 26148076, 417716928, 820436, 297170112, 386528]]
Model_cost: [64519916570.64, [1898.1108333333334, 80564801, 1288904952, 2316545, 49400505, 84962]] [11338752684.0, [4011.0, 10223727, 163578660, 164463, 77870628, 92331]] [578408776.0, [12.666666666666666, 390450, 6247200, 13170, 6247200, 13130]] [9682790488.0, [1270.8333333333333, 6635394, 106002464, 38794, 103509152, 115866]] [3695241528.0, [359.0, 4343302, 69427248, 40454, 7767792, 9938]] [863688994209.6001, [821.3500000000001, 767215743, 12275433555, 10680855, 6137123727, 7106490]] [3431988690.6923075, [125.69471153846155, 2983404, 47652928, 103636, 25506688, 39328]]
Arch_Param: [32, 16384, 32768, 4, 256, 256]
SK_cost: [110863689060.95999, [717444.3433333333, 91214401, 1459298552, 1634145, 913427640, 919009]] [12925469100.0, [97263.0, 10223727, 163578660, 164463, 113640228, 132975]] [578720840.0, [3263.333333333285, 390450, 6247200, 13170, 6247200, 13130]] [10508509896.0, [55755.33333333302, 7106434, 113702944, 38794, 113702944, 120604]] [7875190206.4, [43372.399999999994, 5545990, 88670256, 39302, 81420848, 79558]] [984253467729.5881, [7107148.350000086, 767215743, 12275433555, 10680855, 8855921235, 9764571]] [33339902994.46154, [206235.69230769158, 26148076, 417716928, 820436, 297170112, 386528]]
Model_cost: [64519916570.64, [1898.1108333333334, 80564801, 1288904952, 2316545, 49400505, 84962]] [11338752684.0, [4011.0, 10223727, 163578660, 164463, 77870628, 92331]] [578408776.0, [12.666666666666666, 390450, 6247200, 13170, 6247200, 13130]] [9682790488.0, [1270.8333333333333, 6635394, 106002464, 38794, 103509152, 115866]] [3695241528.0, [359.0, 4343302, 69427248, 40454, 7767792, 9938]] [863688994209.6001, [821.3500000000001, 767215743, 12275433555, 10680855, 6137123727, 7106490]] [3431988690.6923075, [125.69471153846155, 2983404, 47652928, 103636, 25506688, 39328]]
Arch_Param: [32, 16384, 32768, 4, 512, 16]
SK_cost: [110681259440.95999, [717444.3433333333, 45607460, 1459298552, 1634116, 913427640, 919009]] [12905021868.0, [97263.0, 5111919, 163578660, 164463, 113640228, 132975]] [577938680.0, [3263.333333333285, 195230, 6247200, 13150, 6247200, 13130]] [10494293208.0, [55755.33333333302, 3553222, 113702944, 38734, 113702944, 120604]] [7864114622.4, [43372.399999999994, 2777094, 88670256, 39302, 81420848, 79558]] [982719039633.5881, [7107148.350000086, 383608719, 12275433555, 10680855, 8855921235, 9764571]] [33287599290.46154, [206235.69230769158, 13074038, 417716928, 820318, 297170112, 386528]]
Model_cost: [64358786150.64, [1898.1108333333334, 40282660, 1288904952, 2316516, 49400505, 84962]] [11320664748.0, [4011.0, 5111919, 163578660, 201327, 77870628, 92331]] [577626616.0, [12.666666666666666, 195230, 6247200, 13150, 6247200, 13130]] [9669556840.0, [1270.8333333333333, 3327942, 106002464, 38734, 103509152, 115866]] [3689851192.0, [359.0, 2176518, 69427248, 91654, 7767792, 9938]] [862381058529.6001, [821.3500000000001, 383608719, 12275433555, 14219799, 6137123727, 7106490]] [3426636922.6923075, [125.69471153846155, 1491702, 47652928, 113246, 25506688, 39328]]
Arch_Param: [32, 16384, 32768, 4, 512, 64]
SK_cost: [110681259440.95999, [717444.3433333333, 45607460, 1459298552, 1634116, 913427640, 919009]] [12905021868.0, [97263.0, 5111919, 163578660, 164463, 113640228, 132975]] [577938680.0, [3263.333333333285, 195230, 6247200, 13150, 6247200, 13130]] [10494293208.0, [55755.33333333302, 3553222, 113702944, 38734, 113702944, 120604]] [7864114622.4, [43372.399999999994, 2777094, 88670256, 39302, 81420848, 79558]] [982719039633.5881, [7107148.350000086, 383608719, 12275433555, 10680855, 8855921235, 9764571]] [33287599290.46154, [206235.69230769158, 13074038, 417716928, 820318, 297170112, 386528]]
Model_cost: [64358786150.64, [1898.1108333333334, 40282660, 1288904952, 2316516, 49400505, 84962]] [11318305452.0, [4011.0, 5111919, 163578660, 164463, 77870628, 92331]] [577626616.0, [12.666666666666666, 195230, 6247200, 13150, 6247200, 13130]] [9669556840.0, [1270.8333333333333, 3327942, 106002464, 38734, 103509152, 115866]] [3689851192.0, [359.0, 2176518, 69427248, 91654, 7767792, 9938]] [862154566113.6001, [821.3500000000001, 383608719, 12275433555, 10680855, 6137123727, 7106490]] [3426243706.6923075, [125.69471153846155, 1491702, 47652928, 107102, 25506688, 39328]]
Arch_Param: [32, 16384, 32768, 4, 512, 128]
SK_cost: [110681259440.95999, [717444.3433333333, 45607460, 1459298552, 1634116, 913427640, 919009]] [12905021868.0, [97263.0, 5111919, 163578660, 164463, 113640228, 132975]] [577938680.0, [3263.333333333285, 195230, 6247200, 13150, 6247200, 13130]] [10494293208.0, [55755.33333333302, 3553222, 113702944, 38734, 113702944, 120604]] [7864114622.4, [43372.399999999994, 2777094, 88670256, 39302, 81420848, 79558]] [982719039633.5881, [7107148.350000086, 383608719, 12275433555, 10680855, 8855921235, 9764571]] [33287599290.46154, [206235.69230769158, 13074038, 417716928, 820318, 297170112, 386528]]
Model_cost: [64358786150.64, [1898.1108333333334, 40282660, 1288904952, 2316516, 49400505, 84962]] [11318305452.0, [4011.0, 5111919, 163578660, 164463, 77870628, 92331]] [577626616.0, [12.666666666666666, 195230, 6247200, 13150, 6247200, 13130]] [9669556840.0, [1270.8333333333333, 3327942, 106002464, 38734, 103509152, 115866]] [3686574392.0, [359.0, 2176518, 69427248, 40454, 7767792, 9938]] [862154566113.6001, [821.3500000000001, 383608719, 12275433555, 10680855, 6137123727, 7106490]] [3426014330.6923075, [125.69471153846155, 1491702, 47652928, 103518, 25506688, 39328]]
Arch_Param: [32, 16384, 32768, 4, 512, 256]
SK_cost: [110681259440.95999, [717444.3433333333, 45607460, 1459298552, 1634116, 913427640, 919009]] [12905021868.0, [97263.0, 5111919, 163578660, 164463, 113640228, 132975]] [577938680.0, [3263.333333333285, 195230, 6247200, 13150, 6247200, 13130]] [10494293208.0, [55755.33333333302, 3553222, 113702944, 38734, 113702944, 120604]] [7864114622.4, [43372.399999999994, 2777094, 88670256, 39302, 81420848, 79558]] [982719039633.5881, [7107148.350000086, 383608719, 12275433555, 10680855, 8855921235, 9764571]] [33287599290.46154, [206235.69230769158, 13074038, 417716928, 820318, 297170112, 386528]]
Model_cost: [64358786150.64, [1898.1108333333334, 40282660, 1288904952, 2316516, 49400505, 84962]] [11318305452.0, [4011.0, 5111919, 163578660, 164463, 77870628, 92331]] [577626616.0, [12.666666666666666, 195230, 6247200, 13150, 6247200, 13130]] [9669556840.0, [1270.8333333333333, 3327942, 106002464, 38734, 103509152, 115866]] [3686574392.0, [359.0, 2176518, 69427248, 40454, 7767792, 9938]] [862154566113.6001, [821.3500000000001, 383608719, 12275433555, 10680855, 6137123727, 7106490]] [3426014330.6923075, [125.69471153846155, 1491702, 47652928, 103518, 25506688, 39328]]
Arch_Param: [32, 16384, 32768, 4, 512, 512]
SK_cost: [110681259440.95999, [717444.3433333333, 45607460, 1459298552, 1634116, 913427640, 919009]] [12905021868.0, [97263.0, 5111919, 163578660, 164463, 113640228, 132975]] [577938680.0, [3263.333333333285, 195230, 6247200, 13150, 6247200, 13130]] [10494293208.0, [55755.33333333302, 3553222, 113702944, 38734, 113702944, 120604]] [7864114622.4, [43372.399999999994, 2777094, 88670256, 39302, 81420848, 79558]] [982719039633.5881, [7107148.350000086, 383608719, 12275433555, 10680855, 8855921235, 9764571]] [33287599290.46154, [206235.69230769158, 13074038, 417716928, 820318, 297170112, 386528]]
Model_cost: [64314765030.64, [1862.1108333333334, 40282660, 1288904952, 1634116, 49400505, 81378]] [11318305452.0, [4011.0, 5111919, 163578660, 164463, 77870628, 92331]] [577626616.0, [12.666666666666666, 195230, 6247200, 13150, 6247200, 13130]] [9669556840.0, [1270.8333333333333, 3327942, 106002464, 38734, 103509152, 115866]] [3686574392.0, [359.0, 2176518, 69427248, 40454, 7767792, 9938]] [862154566113.6001, [821.3500000000001, 383608719, 12275433555, 10680855, 6137123727, 7106490]] [3426014330.6923075, [125.69471153846155, 1491702, 47652928, 103518, 25506688, 39328]]
Arch_Param: [32, 16384, 32768, 4, 1024, 16]
SK_cost: [110590095076.95999, [717444.3433333333, 22816417, 1459298552, 1634113, 913427640, 919009]] [12894798252.0, [97263.0, 2556015, 163578660, 164463, 113640228, 132975]] [577573200.0, [3263.333333333285, 104020, 6247200, 13140, 6247200, 13130]] [10487210464.0, [55755.33333333302, 1783016, 113702944, 38704, 113702944, 120604]] [7858576830.4, [43372.399999999994, 1392646, 88670256, 39302, 81420848, 79558]] [981951825585.5881, [7107148.350000086, 191805207, 12275433555, 10680855, 8855921235, 9764571]] [33261547790.46154, [206235.69230769158, 6562107, 417716928, 820259, 297170112, 386528]]
Model_cost: [64278271386.64, [1898.1108333333334, 20154017, 1288904952, 2316513, 49400505, 84962]] [11310441132.0, [4011.0, 2556015, 163578660, 201327, 77870628, 92331]] [577261136.0, [12.666666666666666, 104020, 6247200, 13140, 6247200, 13130]] [9662965616.0, [1270.8333333333333, 1680616, 106002464, 38704, 103509152, 115866]] [3685517624.0, [359.0, 1093126, 69427248, 91654, 7767792, 9938]] [861613844481.6001, [821.3500000000001, 191805207, 12275433555, 14219799, 6137123727, 7106490]] [3423662286.6923075, [125.69471153846155, 748987, 47652928, 113187, 25506688, 39328]]
Arch_Param: [32, 16384, 32768, 4, 1024, 64]
SK_cost: [110590095076.95999, [717444.3433333333, 22816417, 1459298552, 1634113, 913427640, 919009]] [12894798252.0, [97263.0, 2556015, 163578660, 164463, 113640228, 132975]] [577573200.0, [3263.333333333285, 104020, 6247200, 13140, 6247200, 13130]] [10487210464.0, [55755.33333333302, 1783016, 113702944, 38704, 113702944, 120604]] [7858576830.4, [43372.399999999994, 1392646, 88670256, 39302, 81420848, 79558]] [981951825585.5881, [7107148.350000086, 191805207, 12275433555, 10680855, 8855921235, 9764571]] [33261547790.46154, [206235.69230769158, 6562107, 417716928, 820259, 297170112, 386528]]
Model_cost: [64278271386.64, [1898.1108333333334, 20154017, 1288904952, 2316513, 49400505, 84962]] [11308081836.0, [4011.0, 2556015, 163578660, 164463, 77870628, 92331]] [577261136.0, [12.666666666666666, 104020, 6247200, 13140, 6247200, 13130]] [9662965616.0, [1270.8333333333333, 1680616, 106002464, 38704, 103509152, 115866]] [3685517624.0, [359.0, 1093126, 69427248, 91654, 7767792, 9938]] [861387352065.6001, [821.3500000000001, 191805207, 12275433555, 10680855, 6137123727, 7106490]] [3423269070.6923075, [125.69471153846155, 748987, 47652928, 107043, 25506688, 39328]]
Arch_Param: [32, 16384, 32768, 4, 1024, 128]
SK_cost: [110590095076.95999, [717444.3433333333, 22816417, 1459298552, 1634113, 913427640, 919009]] [12894798252.0, [97263.0, 2556015, 163578660, 164463, 113640228, 132975]] [577573200.0, [3263.333333333285, 104020, 6247200, 13140, 6247200, 13130]] [10487210464.0, [55755.33333333302, 1783016, 113702944, 38704, 113702944, 120604]] [7858576830.4, [43372.399999999994, 1392646, 88670256, 39302, 81420848, 79558]] [981951825585.5881, [7107148.350000086, 191805207, 12275433555, 10680855, 8855921235, 9764571]] [33261547790.46154, [206235.69230769158, 6562107, 417716928, 820259, 297170112, 386528]]
Model_cost: [64278271386.64, [1898.1108333333334, 20154017, 1288904952, 2316513, 49400505, 84962]] [11308081836.0, [4011.0, 2556015, 163578660, 164463, 77870628, 92331]] [577261136.0, [12.666666666666666, 104020, 6247200, 13140, 6247200, 13130]] [9662965616.0, [1270.8333333333333, 1680616, 106002464, 38704, 103509152, 115866]] [3682240824.0, [359.0, 1093126, 69427248, 40454, 7767792, 9938]] [861387352065.6001, [821.3500000000001, 191805207, 12275433555, 10680855, 6137123727, 7106490]] [3423039694.6923075, [125.69471153846155, 748987, 47652928, 103459, 25506688, 39328]]
Arch_Param: [32, 16384, 32768, 4, 1024, 256]
SK_cost: [110590095076.95999, [717444.3433333333, 22816417, 1459298552, 1634113, 913427640, 919009]] [12894798252.0, [97263.0, 2556015, 163578660, 164463, 113640228, 132975]] [577573200.0, [3263.333333333285, 104020, 6247200, 13140, 6247200, 13130]] [10487210464.0, [55755.33333333302, 1783016, 113702944, 38704, 113702944, 120604]] [7858576830.4, [43372.399999999994, 1392646, 88670256, 39302, 81420848, 79558]] [981951825585.5881, [7107148.350000086, 191805207, 12275433555, 10680855, 8855921235, 9764571]] [33261547790.46154, [206235.69230769158, 6562107, 417716928, 820259, 297170112, 386528]]
Model_cost: [64278271386.64, [1898.1108333333334, 20154017, 1288904952, 2316513, 49400505, 84962]] [11308081836.0, [4011.0, 2556015, 163578660, 164463, 77870628, 92331]] [577261136.0, [12.666666666666666, 104020, 6247200, 13140, 6247200, 13130]] [9662965616.0, [1270.8333333333333, 1680616, 106002464, 38704, 103509152, 115866]] [3682240824.0, [359.0, 1093126, 69427248, 40454, 7767792, 9938]] [861387352065.6001, [821.3500000000001, 191805207, 12275433555, 10680855, 6137123727, 7106490]] [3423039694.6923075, [125.69471153846155, 748987, 47652928, 103459, 25506688, 39328]]
Arch_Param: [32, 16384, 32768, 4, 1024, 512]
SK_cost: [110590095076.95999, [717444.3433333333, 22816417, 1459298552, 1634113, 913427640, 919009]] [12894798252.0, [97263.0, 2556015, 163578660, 164463, 113640228, 132975]] [577573200.0, [3263.333333333285, 104020, 6247200, 13140, 6247200, 13130]] [10487210464.0, [55755.33333333302, 1783016, 113702944, 38704, 113702944, 120604]] [7858576830.4, [43372.399999999994, 1392646, 88670256, 39302, 81420848, 79558]] [981951825585.5881, [7107148.350000086, 191805207, 12275433555, 10680855, 8855921235, 9764571]] [33261547790.46154, [206235.69230769158, 6562107, 417716928, 820259, 297170112, 386528]]
Model_cost: [64234250266.64, [1862.1108333333334, 20154017, 1288904952, 1634113, 49400505, 81378]] [11308081836.0, [4011.0, 2556015, 163578660, 164463, 77870628, 92331]] [577261136.0, [12.666666666666666, 104020, 6247200, 13140, 6247200, 13130]] [9662965616.0, [1270.8333333333333, 1680616, 106002464, 38704, 103509152, 115866]] [3682240824.0, [359.0, 1093126, 69427248, 40454, 7767792, 9938]] [861387352065.6001, [821.3500000000001, 191805207, 12275433555, 10680855, 6137123727, 7106490]] [3423039694.6923075, [125.69471153846155, 748987, 47652928, 103459, 25506688, 39328]]
Arch_Param: [32, 16384, 32768, 8, 256, 16]
SK_cost: [58022757072.479996, [372370.79666666663, 47352385, 757568376, 845281, 484822200, 500449]] [7892138412.0, [50991.0, 5333103, 85328676, 86895, 85328676, 105327]] [578720840.0, [3263.333333333285, 390450, 6247200, 13170, 6247200, 13130]] [10508509896.0, [55755.33333333302, 7106434, 113702944, 38794, 113702944, 120604]] [3941042827.2, [21689.199999999997, 2772998, 44335152, 19654, 40788528, 39878]] [567597212944.7921, [3553845.675000043, 383626383, 6138012243, 5340891, 6138012243, 7110363]] [23832404065.23077, [137297.84615384653, 17443052, 278762688, 474836, 234255552, 325088]]
Model_cost: [34536196857.32, [977.7637500000001, 41814593, 668963704, 1200129, 49400505, 84962]] [7558205292.0, [3789.0, 5333103, 85328676, 86895, 77870628, 92331]] [578408776.0, [12.666666666666666, 390450, 6247200, 13170, 6247200, 13130]] [9682790488.0, [1270.8333333333333, 6635394, 106002464, 38794, 103509152, 115866]] [2020631204.8, [202.8, 2171654, 34713648, 45830, 7767792, 9938]] [567216638128.8002, [634.1750000000001, 383626383, 6138012243, 5340891, 6137123727, 7106490]] [2714595096.8461537, [81.09214743589743, 2055020, 32839552, 62484, 25506688, 39328]]
Arch_Param: [32, 16384, 32768, 8, 256, 64]
SK_cost: [58022757072.479996, [372370.79666666663, 47352385, 757568376, 845281, 484822200, 500449]] [7892138412.0, [50991.0, 5333103, 85328676, 86895, 85328676, 105327]] [578720840.0, [3263.333333333285, 390450, 6247200, 13170, 6247200, 13130]] [10508509896.0, [55755.33333333302, 7106434, 113702944, 38794, 113702944, 120604]] [3941042827.2, [21689.199999999997, 2772998, 44335152, 19654, 40788528, 39878]] [567597212944.7921, [3553845.675000043, 383626383, 6138012243, 5340891, 6138012243, 7110363]] [23832404065.23077, [137297.84615384653, 17443052, 278762688, 474836, 234255552, 325088]]
Model_cost: [34536196857.32, [977.7637500000001, 41814593, 668963704, 1200129, 49400505, 84962]] [7558205292.0, [3789.0, 5333103, 85328676, 86895, 77870628, 92331]] [578408776.0, [12.666666666666666, 390450, 6247200, 13170, 6247200, 13130]] [9682790488.0, [1270.8333333333333, 6635394, 106002464, 38794, 103509152, 115866]] [2018991652.8, [190.8, 2171654, 34713648, 20230, 7767792, 9938]] [567216638128.8002, [634.1750000000001, 383626383, 6138012243, 5340891, 6137123727, 7106490]] [2714464024.8461537, [81.09214743589743, 2055020, 32839552, 60436, 25506688, 39328]]
Arch_Param: [32, 16384, 32768, 8, 256, 128]
SK_cost: [58022757072.479996, [372370.79666666663, 47352385, 757568376, 845281, 484822200, 500449]] [7892138412.0, [50991.0, 5333103, 85328676, 86895, 85328676, 105327]] [578720840.0, [3263.333333333285, 390450, 6247200, 13170, 6247200, 13130]] [10508509896.0, [55755.33333333302, 7106434, 113702944, 38794, 113702944, 120604]] [3941042827.2, [21689.199999999997, 2772998, 44335152, 19654, 40788528, 39878]] [567597212944.7921, [3553845.675000043, 383626383, 6138012243, 5340891, 6138012243, 7110363]] [23832404065.23077, [137297.84615384653, 17443052, 278762688, 474836, 234255552, 325088]]
Model_cost: [34536196857.32, [977.7637500000001, 41814593, 668963704, 1200129, 49400505, 84962]] [7558205292.0, [3789.0, 5333103, 85328676, 86895, 77870628, 92331]] [578408776.0, [12.666666666666666, 390450, 6247200, 13170, 6247200, 13130]] [9682790488.0, [1270.8333333333333, 6635394, 106002464, 38794, 103509152, 115866]] [2018991652.8, [190.8, 2171654, 34713648, 20230, 7767792, 9938]] [567216638128.8002, [634.1750000000001, 383626383, 6138012243, 5340891, 6137123727, 7106490]] [2714464024.8461537, [81.09214743589743, 2055020, 32839552, 60436, 25506688, 39328]]
Arch_Param: [32, 16384, 32768, 8, 256, 256]
SK_cost: [58022757072.479996, [372370.79666666663, 47352385, 757568376, 845281, 484822200, 500449]] [7892138412.0, [50991.0, 5333103, 85328676, 86895, 85328676, 105327]] [578720840.0, [3263.333333333285, 390450, 6247200, 13170, 6247200, 13130]] [10508509896.0, [55755.33333333302, 7106434, 113702944, 38794, 113702944, 120604]] [3941042827.2, [21689.199999999997, 2772998, 44335152, 19654, 40788528, 39878]] [567597212944.7921, [3553845.675000043, 383626383, 6138012243, 5340891, 6138012243, 7110363]] [23832404065.23077, [137297.84615384653, 17443052, 278762688, 474836, 234255552, 325088]]
Model_cost: [34513142489.32, [977.4304166666667, 41814593, 668963704, 845281, 49400505, 81378]] [7558205292.0, [3789.0, 5333103, 85328676, 86895, 77870628, 92331]] [578408776.0, [12.666666666666666, 390450, 6247200, 13170, 6247200, 13130]] [9682790488.0, [1270.8333333333333, 6635394, 106002464, 38794, 103509152, 115866]] [2018991652.8, [190.8, 2171654, 34713648, 20230, 7767792, 9938]] [567216638128.8002, [634.1750000000001, 383626383, 6138012243, 5340891, 6137123727, 7106490]] [2714464024.8461537, [81.09214743589743, 2055020, 32839552, 60436, 25506688, 39328]]
Arch_Param: [32, 16384, 32768, 8, 512, 16]
SK_cost: [57928051484.479996, [372370.79666666663, 23676452, 757568376, 845252, 484822200, 500449]] [7881472428.0, [50991.0, 2666607, 85328676, 86895, 85328676, 105327]] [577938680.0, [3263.333333333285, 195230, 6247200, 13150, 6247200, 13130]] [10494293208.0, [55755.33333333302, 3553222, 113702944, 38734, 113702944, 120604]] [3935505035.2, [21689.199999999997, 1388550, 44335152, 19654, 40788528, 39878]] [566829962032.7921, [3553845.675000043, 191813655, 6138012243, 5340891, 6138012243, 7110363]] [23797510409.23077, [137297.84615384653, 8721526, 278762688, 474718, 234255552, 325088]]
Model_cost: [34452566853.32, [977.7637500000001, 20907556, 668963704, 1200100, 49400505, 84962]] [7547539308.0, [3789.0, 2666607, 85328676, 86895, 77870628, 92331]] [577626616.0, [12.666666666666666, 195230, 6247200, 13150, 6247200, 13130]] [9669556840.0, [1270.8333333333333, 3327942, 106002464, 38734, 103509152, 115866]] [2016297636.8, [202.8, 1088262, 34713648, 45830, 7767792, 9938]] [566449387216.8002, [634.1750000000001, 191813655, 6138012243, 5340891, 6137123727, 7106490]] [2710477504.8461537, [81.09214743589743, 1027510, 32839552, 62366, 25506688, 39328]]
Arch_Param: [32, 16384, 32768, 8, 512, 64]
SK_cost: [57928051484.479996, [372370.79666666663, 23676452, 757568376, 845252, 484822200, 500449]] [7881472428.0, [50991.0, 2666607, 85328676, 86895, 85328676, 105327]] [577938680.0, [3263.333333333285, 195230, 6247200, 13150, 6247200, 13130]] [10494293208.0, [55755.33333333302, 3553222, 113702944, 38734, 113702944, 120604]] [3935505035.2, [21689.199999999997, 1388550, 44335152, 19654, 40788528, 39878]] [566829962032.7921, [3553845.675000043, 191813655, 6138012243, 5340891, 6138012243, 7110363]] [23797510409.23077, [137297.84615384653, 8721526, 278762688, 474718, 234255552, 325088]]
Model_cost: [34452566853.32, [977.7637500000001, 20907556, 668963704, 1200100, 49400505, 84962]] [7547539308.0, [3789.0, 2666607, 85328676, 86895, 77870628, 92331]] [577626616.0, [12.666666666666666, 195230, 6247200, 13150, 6247200, 13130]] [9669556840.0, [1270.8333333333333, 3327942, 106002464, 38734, 103509152, 115866]] [2014658084.8, [190.8, 1088262, 34713648, 20230, 7767792, 9938]] [566449387216.8002, [634.1750000000001, 191813655, 6138012243, 5340891, 6137123727, 7106490]] [2710346432.8461537, [81.09214743589743, 1027510, 32839552, 60318, 25506688, 39328]]
Arch_Param: [32, 16384, 32768, 8, 512, 128]
SK_cost: [57928051484.479996, [372370.79666666663, 23676452, 757568376, 845252, 484822200, 500449]] [7881472428.0, [50991.0, 2666607, 85328676, 86895, 85328676, 105327]] [577938680.0, [3263.333333333285, 195230, 6247200, 13150, 6247200, 13130]] [10494293208.0, [55755.33333333302, 3553222, 113702944, 38734, 113702944, 120604]] [3935505035.2, [21689.199999999997, 1388550, 44335152, 19654, 40788528, 39878]] [566829962032.7921, [3553845.675000043, 191813655, 6138012243, 5340891, 6138012243, 7110363]] [23797510409.23077, [137297.84615384653, 8721526, 278762688, 474718, 234255552, 325088]]
Model_cost: [34452566853.32, [977.7637500000001, 20907556, 668963704, 1200100, 49400505, 84962]] [7547539308.0, [3789.0, 2666607, 85328676, 86895, 77870628, 92331]] [577626616.0, [12.666666666666666, 195230, 6247200, 13150, 6247200, 13130]] [9669556840.0, [1270.8333333333333, 3327942, 106002464, 38734, 103509152, 115866]] [2014658084.8, [190.8, 1088262, 34713648, 20230, 7767792, 9938]] [566449387216.8002, [634.1750000000001, 191813655, 6138012243, 5340891, 6137123727, 7106490]] [2710346432.8461537, [81.09214743589743, 1027510, 32839552, 60318, 25506688, 39328]]
Arch_Param: [32, 16384, 32768, 8, 512, 256]
SK_cost: [57928051484.479996, [372370.79666666663, 23676452, 757568376, 845252, 484822200, 500449]] [7881472428.0, [50991.0, 2666607, 85328676, 86895, 85328676, 105327]] [577938680.0, [3263.333333333285, 195230, 6247200, 13150, 6247200, 13130]] [10494293208.0, [55755.33333333302, 3553222, 113702944, 38734, 113702944, 120604]] [3935505035.2, [21689.199999999997, 1388550, 44335152, 19654, 40788528, 39878]] [566829962032.7921, [3553845.675000043, 191813655, 6138012243, 5340891, 6138012243, 7110363]] [23797510409.23077, [137297.84615384653, 8721526, 278762688, 474718, 234255552, 325088]]
Model_cost: [34429512485.32, [977.4304166666667, 20907556, 668963704, 845252, 49400505, 81378]] [7547539308.0, [3789.0, 2666607, 85328676, 86895, 77870628, 92331]] [577626616.0, [12.666666666666666, 195230, 6247200, 13150, 6247200, 13130]] [9669556840.0, [1270.8333333333333, 3327942, 106002464, 38734, 103509152, 115866]] [2014658084.8, [190.8, 1088262, 34713648, 20230, 7767792, 9938]] [566449387216.8002, [634.1750000000001, 191813655, 6138012243, 5340891, 6137123727, 7106490]] [2710346432.8461537, [81.09214743589743, 1027510, 32839552, 60318, 25506688, 39328]]
Arch_Param: [32, 16384, 32768, 8, 512, 512]
SK_cost: [57928051484.479996, [372370.79666666663, 23676452, 757568376, 845252, 484822200, 500449]] [7881472428.0, [50991.0, 2666607, 85328676, 86895, 85328676, 105327]] [577938680.0, [3263.333333333285, 195230, 6247200, 13150, 6247200, 13130]] [10494293208.0, [55755.33333333302, 3553222, 113702944, 38734, 113702944, 120604]] [3935505035.2, [21689.199999999997, 1388550, 44335152, 19654, 40788528, 39878]] [566829962032.7921, [3553845.675000043, 191813655, 6138012243, 5340891, 6138012243, 7110363]] [23797510409.23077, [137297.84615384653, 8721526, 278762688, 474718, 234255552, 325088]]
Model_cost: [34429512485.32, [977.4304166666667, 20907556, 668963704, 845252, 49400505, 81378]] [7547539308.0, [3789.0, 2666607, 85328676, 86895, 77870628, 92331]] [577626616.0, [12.666666666666666, 195230, 6247200, 13150, 6247200, 13130]] [9669556840.0, [1270.8333333333333, 3327942, 106002464, 38734, 103509152, 115866]] [2014658084.8, [190.8, 1088262, 34713648, 20230, 7767792, 9938]] [566449387216.8002, [634.1750000000001, 191813655, 6138012243, 5340891, 6137123727, 7106490]] [2710346432.8461537, [81.09214743589743, 1027510, 32839552, 60318, 25506688, 39328]]
Arch_Param: [32, 16384, 32768, 8, 1024, 16]
SK_cost: [57880724304.479996, [372370.79666666663, 11844705, 757568376, 845249, 484822200, 500449]] [7876139436.0, [50991.0, 1333359, 85328676, 86895, 85328676, 105327]] [577573200.0, [3263.333333333285, 104020, 6247200, 13140, 6247200, 13130]] [10487210464.0, [55755.33333333302, 1783016, 113702944, 38704, 113702944, 120604]] [3932736139.2, [21689.199999999997, 696326, 44335152, 19654, 40788528, 39878]] [566446336576.7921, [3553845.675000043, 95907291, 6138012243, 5340891, 6138012243, 7110363]] [23780113757.23077, [137297.84615384653, 4373307, 278762688, 474659, 234255552, 325088]]
Model_cost: [34410777465.32, [977.7637500000001, 10460257, 668963704, 1200097, 49400505, 84962]] [7542206316.0, [3789.0, 1333359, 85328676, 86895, 77870628, 92331]] [577261136.0, [12.666666666666666, 104020, 6247200, 13140, 6247200, 13130]] [9662965616.0, [1270.8333333333333, 1680616, 106002464, 38704, 103509152, 115866]] [2014130852.8, [202.8, 546566, 34713648, 45830, 7767792, 9938]] [566065761760.8002, [634.1750000000001, 95907291, 6138012243, 5340891, 6137123727, 7106490]] [2708424980.8461537, [81.09214743589743, 515323, 32839552, 62307, 25506688, 39328]]
Arch_Param: [32, 16384, 32768, 8, 1024, 64]
SK_cost: [57880724304.479996, [372370.79666666663, 11844705, 757568376, 845249, 484822200, 500449]] [7876139436.0, [50991.0, 1333359, 85328676, 86895, 85328676, 105327]] [577573200.0, [3263.333333333285, 104020, 6247200, 13140, 6247200, 13130]] [10487210464.0, [55755.33333333302, 1783016, 113702944, 38704, 113702944, 120604]] [3932736139.2, [21689.199999999997, 696326, 44335152, 19654, 40788528, 39878]] [566446336576.7921, [3553845.675000043, 95907291, 6138012243, 5340891, 6138012243, 7110363]] [23780113757.23077, [137297.84615384653, 4373307, 278762688, 474659, 234255552, 325088]]
Model_cost: [34410777465.32, [977.7637500000001, 10460257, 668963704, 1200097, 49400505, 84962]] [7542206316.0, [3789.0, 1333359, 85328676, 86895, 77870628, 92331]] [577261136.0, [12.666666666666666, 104020, 6247200, 13140, 6247200, 13130]] [9662965616.0, [1270.8333333333333, 1680616, 106002464, 38704, 103509152, 115866]] [2012491300.8, [190.8, 546566, 34713648, 20230, 7767792, 9938]] [566065761760.8002, [634.1750000000001, 95907291, 6138012243, 5340891, 6137123727, 7106490]] [2708293908.8461537, [81.09214743589743, 515323, 32839552, 60259, 25506688, 39328]]
Arch_Param: [32, 16384, 32768, 8, 1024, 128]
SK_cost: [57880724304.479996, [372370.79666666663, 11844705, 757568376, 845249, 484822200, 500449]] [7876139436.0, [50991.0, 1333359, 85328676, 86895, 85328676, 105327]] [577573200.0, [3263.333333333285, 104020, 6247200, 13140, 6247200, 13130]] [10487210464.0, [55755.33333333302, 1783016, 113702944, 38704, 113702944, 120604]] [3932736139.2, [21689.199999999997, 696326, 44335152, 19654, 40788528, 39878]] [566446336576.7921, [3553845.675000043, 95907291, 6138012243, 5340891, 6138012243, 7110363]] [23780113757.23077, [137297.84615384653, 4373307, 278762688, 474659, 234255552, 325088]]
Model_cost: [34410777465.32, [977.7637500000001, 10460257, 668963704, 1200097, 49400505, 84962]] [7542206316.0, [3789.0, 1333359, 85328676, 86895, 77870628, 92331]] [577261136.0, [12.666666666666666, 104020, 6247200, 13140, 6247200, 13130]] [9662965616.0, [1270.8333333333333, 1680616, 106002464, 38704, 103509152, 115866]] [2012491300.8, [190.8, 546566, 34713648, 20230, 7767792, 9938]] [566065761760.8002, [634.1750000000001, 95907291, 6138012243, 5340891, 6137123727, 7106490]] [2708293908.8461537, [81.09214743589743, 515323, 32839552, 60259, 25506688, 39328]]
Arch_Param: [32, 16384, 32768, 8, 1024, 256]
SK_cost: [57880724304.479996, [372370.79666666663, 11844705, 757568376, 845249, 484822200, 500449]] [7876139436.0, [50991.0, 1333359, 85328676, 86895, 85328676, 105327]] [577573200.0, [3263.333333333285, 104020, 6247200, 13140, 6247200, 13130]] [10487210464.0, [55755.33333333302, 1783016, 113702944, 38704, 113702944, 120604]] [3932736139.2, [21689.199999999997, 696326, 44335152, 19654, 40788528, 39878]] [566446336576.7921, [3553845.675000043, 95907291, 6138012243, 5340891, 6138012243, 7110363]] [23780113757.23077, [137297.84615384653, 4373307, 278762688, 474659, 234255552, 325088]]
Model_cost: [34387723097.32, [977.4304166666667, 10460257, 668963704, 845249, 49400505, 81378]] [7542206316.0, [3789.0, 1333359, 85328676, 86895, 77870628, 92331]] [577261136.0, [12.666666666666666, 104020, 6247200, 13140, 6247200, 13130]] [9662965616.0, [1270.8333333333333, 1680616, 106002464, 38704, 103509152, 115866]] [2012491300.8, [190.8, 546566, 34713648, 20230, 7767792, 9938]] [566065761760.8002, [634.1750000000001, 95907291, 6138012243, 5340891, 6137123727, 7106490]] [2708293908.8461537, [81.09214743589743, 515323, 32839552, 60259, 25506688, 39328]]
Arch_Param: [32, 16384, 32768, 8, 1024, 512]
SK_cost: [57880724304.479996, [372370.79666666663, 11844705, 757568376, 845249, 484822200, 500449]] [7876139436.0, [50991.0, 1333359, 85328676, 86895, 85328676, 105327]] [577573200.0, [3263.333333333285, 104020, 6247200, 13140, 6247200, 13130]] [10487210464.0, [55755.33333333302, 1783016, 113702944, 38704, 113702944, 120604]] [3932736139.2, [21689.199999999997, 696326, 44335152, 19654, 40788528, 39878]] [566446336576.7921, [3553845.675000043, 95907291, 6138012243, 5340891, 6138012243, 7110363]] [23780113757.23077, [137297.84615384653, 4373307, 278762688, 474659, 234255552, 325088]]
Model_cost: [34387723097.32, [977.4304166666667, 10460257, 668963704, 845249, 49400505, 81378]] [7542206316.0, [3789.0, 1333359, 85328676, 86895, 77870628, 92331]] [577261136.0, [12.666666666666666, 104020, 6247200, 13140, 6247200, 13130]] [9662965616.0, [1270.8333333333333, 1680616, 106002464, 38704, 103509152, 115866]] [2012491300.8, [190.8, 546566, 34713648, 20230, 7767792, 9938]] [566065761760.8002, [634.1750000000001, 95907291, 6138012243, 5340891, 6137123727, 7106490]] [2708293908.8461537, [81.09214743589743, 515323, 32839552, 60259, 25506688, 39328]]
Arch_Param: [32, 16384, 32768, 16, 256, 16]
SK_cost: [31608769990.239998, [199904.02333333332, 25429697, 406836408, 451617, 270519480, 291169]] [7892138412.0, [50991.0, 5333103, 85328676, 86895, 85328676, 105327]] [578720840.0, [3263.333333333285, 390450, 6247200, 13170, 6247200, 13130]] [10508509896.0, [55755.33333333302, 7106434, 113702944, 38794, 113702944, 120604]] [1973969137.6, [10847.599999999999, 1386502, 22167600, 9830, 20472368, 20038]] [567597212944.7921, [3553845.675000043, 383626383, 6138012243, 5340891, 6138012243, 7110363]] [21058902507.076923, [116288.61538461514, 14813420, 236848320, 329428, 217478336, 308704]]
Model_cost: [19550813717.16, [564.7204166666667, 22447809, 359126200, 642689, 49400505, 84962]] [7558205292.0, [3789.0, 5333103, 85328676, 86895, 77870628, 92331]] [578408776.0, [12.666666666666666, 390450, 6247200, 13170, 6247200, 13130]] [9682790488.0, [1270.8333333333333, 6635394, 106002464, 38794, 103509152, 115866]] [1181685886.4, [106.4, 1085830, 17356848, 22918, 7767792, 9938]] [567216638128.8002, [634.1750000000001, 383626383, 6138012243, 5340891, 6137123727, 7106490]] [2504833005.6153846, [61.975160256410255, 1783660, 28517760, 43284, 25506688, 39328]]
Arch_Param: [32, 16384, 32768, 16, 256, 64]
SK_cost: [31608769990.239998, [199904.02333333332, 25429697, 406836408, 451617, 270519480, 291169]] [7892138412.0, [50991.0, 5333103, 85328676, 86895, 85328676, 105327]] [578720840.0, [3263.333333333285, 390450, 6247200, 13170, 6247200, 13130]] [10508509896.0, [55755.33333333302, 7106434, 113702944, 38794, 113702944, 120604]] [1973969137.6, [10847.599999999999, 1386502, 22167600, 9830, 20472368, 20038]] [567597212944.7921, [3553845.675000043, 383626383, 6138012243, 5340891, 6138012243, 7110363]] [21058902507.076923, [116288.61538461514, 14813420, 236848320, 329428, 217478336, 308704]]
Model_cost: [19550813717.16, [564.7204166666667, 22447809, 359126200, 642689, 49400505, 84962]] [7558205292.0, [3789.0, 5333103, 85328676, 86895, 77870628, 92331]] [578408776.0, [12.666666666666666, 390450, 6247200, 13170, 6247200, 13130]] [9682790488.0, [1270.8333333333333, 6635394, 106002464, 38794, 103509152, 115866]] [1180866686.4, [106.4, 1085830, 17356848, 10118, 7767792, 9938]] [567216638128.8002, [634.1750000000001, 383626383, 6138012243, 5340891, 6137123727, 7106490]] [2504767469.6153846, [61.975160256410255, 1783660, 28517760, 42260, 25506688, 39328]]
Arch_Param: [32, 16384, 32768, 16, 256, 128]
SK_cost: [31608769990.239998, [199904.02333333332, 25429697, 406836408, 451617, 270519480, 291169]] [7892138412.0, [50991.0, 5333103, 85328676, 86895, 85328676, 105327]] [578720840.0, [3263.333333333285, 390450, 6247200, 13170, 6247200, 13130]] [10508509896.0, [55755.33333333302, 7106434, 113702944, 38794, 113702944, 120604]] [1973969137.6, [10847.599999999999, 1386502, 22167600, 9830, 20472368, 20038]] [567597212944.7921, [3553845.675000043, 383626383, 6138012243, 5340891, 6138012243, 7110363]] [21058902507.076923, [116288.61538461514, 14813420, 236848320, 329428, 217478336, 308704]]
Model_cost: [19538238229.16, [535.3870833333333, 22447809, 359126200, 451617, 49400505, 81378]] [7558205292.0, [3789.0, 5333103, 85328676, 86895, 77870628, 92331]] [578408776.0, [12.666666666666666, 390450, 6247200, 13170, 6247200, 13130]] [9682790488.0, [1270.8333333333333, 6635394, 106002464, 38794, 103509152, 115866]] [1180866686.4, [106.4, 1085830, 17356848, 10118, 7767792, 9938]] [567216638128.8002, [634.1750000000001, 383626383, 6138012243, 5340891, 6137123727, 7106490]] [2504767469.6153846, [61.975160256410255, 1783660, 28517760, 42260, 25506688, 39328]]
Arch_Param: [32, 16384, 32768, 16, 256, 256]
SK_cost: [31608769990.239998, [199904.02333333332, 25429697, 406836408, 451617, 270519480, 291169]] [7892138412.0, [50991.0, 5333103, 85328676, 86895, 85328676, 105327]] [578720840.0, [3263.333333333285, 390450, 6247200, 13170, 6247200, 13130]] [10508509896.0, [55755.33333333302, 7106434, 113702944, 38794, 113702944, 120604]] [1973969137.6, [10847.599999999999, 1386502, 22167600, 9830, 20472368, 20038]] [567597212944.7921, [3553845.675000043, 383626383, 6138012243, 5340891, 6138012243, 7110363]] [21058902507.076923, [116288.61538461514, 14813420, 236848320, 329428, 217478336, 308704]]
Model_cost: [19538238229.16, [535.3870833333333, 22447809, 359126200, 451617, 49400505, 81378]] [7558205292.0, [3789.0, 5333103, 85328676, 86895, 77870628, 92331]] [578408776.0, [12.666666666666666, 390450, 6247200, 13170, 6247200, 13130]] [9682790488.0, [1270.8333333333333, 6635394, 106002464, 38794, 103509152, 115866]] [1180866686.4, [106.4, 1085830, 17356848, 10118, 7767792, 9938]] [567216638128.8002, [634.1750000000001, 383626383, 6138012243, 5340891, 6137123727, 7106490]] [2504767469.6153846, [61.975160256410255, 1783660, 28517760, 42260, 25506688, 39328]]
Arch_Param: [32, 16384, 32768, 16, 512, 16]
SK_cost: [31557909778.239998, [199904.02333333332, 12715108, 406836408, 451588, 270519480, 291169]] [7881472428.0, [50991.0, 2666607, 85328676, 86895, 85328676, 105327]] [577938680.0, [3263.333333333285, 195230, 6247200, 13150, 6247200, 13130]] [10494293208.0, [55755.33333333302, 3553222, 113702944, 38734, 113702944, 120604]] [1971200241.6, [10847.599999999999, 694278, 22167600, 9830, 20472368, 20038]] [566829962032.7921, [3553845.675000043, 191813655, 6138012243, 5340891, 6138012243, 7110363]] [21029268115.076923, [116288.61538461514, 7406710, 236848320, 329310, 217478336, 308704]]
Model_cost: [19505917281.16, [564.7204166666667, 11224164, 359126200, 642660, 49400505, 84962]] [7547539308.0, [3789.0, 2666607, 85328676, 86895, 77870628, 92331]] [577626616.0, [12.666666666666666, 195230, 6247200, 13150, 6247200, 13130]] [9669556840.0, [1270.8333333333333, 3327942, 106002464, 38734, 103509152, 115866]] [1179519102.4, [106.4, 544134, 17356848, 22918, 7767792, 9938]] [566449387216.8002, [634.1750000000001, 191813655, 6138012243, 5340891, 6137123727, 7106490]] [2501258133.6153846, [61.975160256410255, 891830, 28517760, 43166, 25506688, 39328]]
Arch_Param: [32, 16384, 32768, 16, 512, 64]
SK_cost: [31557909778.239998, [199904.02333333332, 12715108, 406836408, 451588, 270519480, 291169]] [7881472428.0, [50991.0, 2666607, 85328676, 86895, 85328676, 105327]] [577938680.0, [3263.333333333285, 195230, 6247200, 13150, 6247200, 13130]] [10494293208.0, [55755.33333333302, 3553222, 113702944, 38734, 113702944, 120604]] [1971200241.6, [10847.599999999999, 694278, 22167600, 9830, 20472368, 20038]] [566829962032.7921, [3553845.675000043, 191813655, 6138012243, 5340891, 6138012243, 7110363]] [21029268115.076923, [116288.61538461514, 7406710, 236848320, 329310, 217478336, 308704]]
Model_cost: [19505917281.16, [564.7204166666667, 11224164, 359126200, 642660, 49400505, 84962]] [7547539308.0, [3789.0, 2666607, 85328676, 86895, 77870628, 92331]] [577626616.0, [12.666666666666666, 195230, 6247200, 13150, 6247200, 13130]] [9669556840.0, [1270.8333333333333, 3327942, 106002464, 38734, 103509152, 115866]] [1178699902.4, [106.4, 544134, 17356848, 10118, 7767792, 9938]] [566449387216.8002, [634.1750000000001, 191813655, 6138012243, 5340891, 6137123727, 7106490]] [2501192597.6153846, [61.975160256410255, 891830, 28517760, 42142, 25506688, 39328]]
Arch_Param: [32, 16384, 32768, 16, 512, 128]
SK_cost: [31557909778.239998, [199904.02333333332, 12715108, 406836408, 451588, 270519480, 291169]] [7881472428.0, [50991.0, 2666607, 85328676, 86895, 85328676, 105327]] [577938680.0, [3263.333333333285, 195230, 6247200, 13150, 6247200, 13130]] [10494293208.0, [55755.33333333302, 3553222, 113702944, 38734, 113702944, 120604]] [1971200241.6, [10847.599999999999, 694278, 22167600, 9830, 20472368, 20038]] [566829962032.7921, [3553845.675000043, 191813655, 6138012243, 5340891, 6138012243, 7110363]] [21029268115.076923, [116288.61538461514, 7406710, 236848320, 329310, 217478336, 308704]]
Model_cost: [19493341793.16, [535.3870833333333, 11224164, 359126200, 451588, 49400505, 81378]] [7547539308.0, [3789.0, 2666607, 85328676, 86895, 77870628, 92331]] [577626616.0, [12.666666666666666, 195230, 6247200, 13150, 6247200, 13130]] [9669556840.0, [1270.8333333333333, 3327942, 106002464, 38734, 103509152, 115866]] [1178699902.4, [106.4, 544134, 17356848, 10118, 7767792, 9938]] [566449387216.8002, [634.1750000000001, 191813655, 6138012243, 5340891, 6137123727, 7106490]] [2501192597.6153846, [61.975160256410255, 891830, 28517760, 42142, 25506688, 39328]]
Arch_Param: [32, 16384, 32768, 16, 512, 256]
SK_cost: [31557909778.239998, [199904.02333333332, 12715108, 406836408, 451588, 270519480, 291169]] [7881472428.0, [50991.0, 2666607, 85328676, 86895, 85328676, 105327]] [577938680.0, [3263.333333333285, 195230, 6247200, 13150, 6247200, 13130]] [10494293208.0, [55755.33333333302, 3553222, 113702944, 38734, 113702944, 120604]] [1971200241.6, [10847.599999999999, 694278, 22167600, 9830, 20472368, 20038]] [566829962032.7921, [3553845.675000043, 191813655, 6138012243, 5340891, 6138012243, 7110363]] [21029268115.076923, [116288.61538461514, 7406710, 236848320, 329310, 217478336, 308704]]
Model_cost: [19493341793.16, [535.3870833333333, 11224164, 359126200, 451588, 49400505, 81378]] [7547539308.0, [3789.0, 2666607, 85328676, 86895, 77870628, 92331]] [577626616.0, [12.666666666666666, 195230, 6247200, 13150, 6247200, 13130]] [9669556840.0, [1270.8333333333333, 3327942, 106002464, 38734, 103509152, 115866]] [1178699902.4, [106.4, 544134, 17356848, 10118, 7767792, 9938]] [566449387216.8002, [634.1750000000001, 191813655, 6138012243, 5340891, 6137123727, 7106490]] [2501192597.6153846, [61.975160256410255, 891830, 28517760, 42142, 25506688, 39328]]
Arch_Param: [32, 16384, 32768, 16, 512, 512]
SK_cost: [31557909778.239998, [199904.02333333332, 12715108, 406836408, 451588, 270519480, 291169]] [7881472428.0, [50991.0, 2666607, 85328676, 86895, 85328676, 105327]] [577938680.0, [3263.333333333285, 195230, 6247200, 13150, 6247200, 13130]] [10494293208.0, [55755.33333333302, 3553222, 113702944, 38734, 113702944, 120604]] [1971200241.6, [10847.599999999999, 694278, 22167600, 9830, 20472368, 20038]] [566829962032.7921, [3553845.675000043, 191813655, 6138012243, 5340891, 6138012243, 7110363]] [21029268115.076923, [116288.61538461514, 7406710, 236848320, 329310, 217478336, 308704]]
Model_cost: [19493341793.16, [535.3870833333333, 11224164, 359126200, 451588, 49400505, 81378]] [7547539308.0, [3789.0, 2666607, 85328676, 86895, 77870628, 92331]] [577626616.0, [12.666666666666666, 195230, 6247200, 13150, 6247200, 13130]] [9669556840.0, [1270.8333333333333, 3327942, 106002464, 38734, 103509152, 115866]] [1178680414.4, [103.4, 543942, 17356848, 9830, 7767792, 9938]] [566449387216.8002, [634.1750000000001, 191813655, 6138012243, 5340891, 6137123727, 7106490]] [2501192597.6153846, [61.975160256410255, 891830, 28517760, 42142, 25506688, 39328]]
Arch_Param: [32, 16384, 32768, 16, 1024, 16]
SK_cost: [31532492870.239998, [199904.02333333332, 6360929, 406836408, 451585, 270519480, 291169]] [7876139436.0, [50991.0, 1333359, 85328676, 86895, 85328676, 105327]] [577573200.0, [3263.333333333285, 104020, 6247200, 13140, 6247200, 13130]] [10487210464.0, [55755.33333333302, 1783016, 113702944, 38704, 113702944, 120604]] [1969815793.6, [10847.599999999999, 348166, 22167600, 9830, 20472368, 20038]] [566446336576.7921, [3553845.675000043, 95907291, 6138012243, 5340891, 6138012243, 7110363]] [21014476519.076923, [116288.61538461514, 3709755, 236848320, 329251, 217478336, 308704]]
Model_cost: [19483482261.16, [564.7204166666667, 5615457, 359126200, 642657, 49400505, 84962]] [7542206316.0, [3789.0, 1333359, 85328676, 86895, 77870628, 92331]] [577261136.0, [12.666666666666666, 104020, 6247200, 13140, 6247200, 13130]] [9662965616.0, [1270.8333333333333, 1680616, 106002464, 38704, 103509152, 115866]] [1178435710.4, [106.4, 273286, 17356848, 22918, 7767792, 9938]] [566065761760.8002, [634.1750000000001, 95907291, 6138012243, 5340891, 6137123727, 7106490]] [2499473897.6153846, [61.975160256410255, 446715, 28517760, 43107, 25506688, 39328]]
Arch_Param: [32, 16384, 32768, 16, 1024, 64]
SK_cost: [31532492870.239998, [199904.02333333332, 6360929, 406836408, 451585, 270519480, 291169]] [7876139436.0, [50991.0, 1333359, 85328676, 86895, 85328676, 105327]] [577573200.0, [3263.333333333285, 104020, 6247200, 13140, 6247200, 13130]] [10487210464.0, [55755.33333333302, 1783016, 113702944, 38704, 113702944, 120604]] [1969815793.6, [10847.599999999999, 348166, 22167600, 9830, 20472368, 20038]] [566446336576.7921, [3553845.675000043, 95907291, 6138012243, 5340891, 6138012243, 7110363]] [21014476519.076923, [116288.61538461514, 3709755, 236848320, 329251, 217478336, 308704]]
Model_cost: [19483482261.16, [564.7204166666667, 5615457, 359126200, 642657, 49400505, 84962]] [7542206316.0, [3789.0, 1333359, 85328676, 86895, 77870628, 92331]] [577261136.0, [12.666666666666666, 104020, 6247200, 13140, 6247200, 13130]] [9662965616.0, [1270.8333333333333, 1680616, 106002464, 38704, 103509152, 115866]] [1177616510.4, [106.4, 273286, 17356848, 10118, 7767792, 9938]] [566065761760.8002, [634.1750000000001, 95907291, 6138012243, 5340891, 6137123727, 7106490]] [2499408361.6153846, [61.975160256410255, 446715, 28517760, 42083, 25506688, 39328]]
Arch_Param: [32, 16384, 32768, 16, 1024, 128]
SK_cost: [31532492870.239998, [199904.02333333332, 6360929, 406836408, 451585, 270519480, 291169]] [7876139436.0, [50991.0, 1333359, 85328676, 86895, 85328676, 105327]] [577573200.0, [3263.333333333285, 104020, 6247200, 13140, 6247200, 13130]] [10487210464.0, [55755.33333333302, 1783016, 113702944, 38704, 113702944, 120604]] [1969815793.6, [10847.599999999999, 348166, 22167600, 9830, 20472368, 20038]] [566446336576.7921, [3553845.675000043, 95907291, 6138012243, 5340891, 6138012243, 7110363]] [21014476519.076923, [116288.61538461514, 3709755, 236848320, 329251, 217478336, 308704]]
Model_cost: [19470906773.16, [535.3870833333333, 5615457, 359126200, 451585, 49400505, 81378]] [7542206316.0, [3789.0, 1333359, 85328676, 86895, 77870628, 92331]] [577261136.0, [12.666666666666666, 104020, 6247200, 13140, 6247200, 13130]] [9662965616.0, [1270.8333333333333, 1680616, 106002464, 38704, 103509152, 115866]] [1177616510.4, [106.4, 273286, 17356848, 10118, 7767792, 9938]] [566065761760.8002, [634.1750000000001, 95907291, 6138012243, 5340891, 6137123727, 7106490]] [2499408361.6153846, [61.975160256410255, 446715, 28517760, 42083, 25506688, 39328]]
Arch_Param: [32, 16384, 32768, 16, 1024, 256]
SK_cost: [31532492870.239998, [199904.02333333332, 6360929, 406836408, 451585, 270519480, 291169]] [7876139436.0, [50991.0, 1333359, 85328676, 86895, 85328676, 105327]] [577573200.0, [3263.333333333285, 104020, 6247200, 13140, 6247200, 13130]] [10487210464.0, [55755.33333333302, 1783016, 113702944, 38704, 113702944, 120604]] [1969815793.6, [10847.599999999999, 348166, 22167600, 9830, 20472368, 20038]] [566446336576.7921, [3553845.675000043, 95907291, 6138012243, 5340891, 6138012243, 7110363]] [21014476519.076923, [116288.61538461514, 3709755, 236848320, 329251, 217478336, 308704]]
Model_cost: [19470906773.16, [535.3870833333333, 5615457, 359126200, 451585, 49400505, 81378]] [7542206316.0, [3789.0, 1333359, 85328676, 86895, 77870628, 92331]] [577261136.0, [12.666666666666666, 104020, 6247200, 13140, 6247200, 13130]] [9662965616.0, [1270.8333333333333, 1680616, 106002464, 38704, 103509152, 115866]] [1177616510.4, [106.4, 273286, 17356848, 10118, 7767792, 9938]] [566065761760.8002, [634.1750000000001, 95907291, 6138012243, 5340891, 6137123727, 7106490]] [2499408361.6153846, [61.975160256410255, 446715, 28517760, 42083, 25506688, 39328]]
Arch_Param: [32, 16384, 32768, 16, 1024, 512]
SK_cost: [31532492870.239998, [199904.02333333332, 6360929, 406836408, 451585, 270519480, 291169]] [7876139436.0, [50991.0, 1333359, 85328676, 86895, 85328676, 105327]] [577573200.0, [3263.333333333285, 104020, 6247200, 13140, 6247200, 13130]] [10487210464.0, [55755.33333333302, 1783016, 113702944, 38704, 113702944, 120604]] [1969815793.6, [10847.599999999999, 348166, 22167600, 9830, 20472368, 20038]] [566446336576.7921, [3553845.675000043, 95907291, 6138012243, 5340891, 6138012243, 7110363]] [21014476519.076923, [116288.61538461514, 3709755, 236848320, 329251, 217478336, 308704]]
Model_cost: [19470906773.16, [535.3870833333333, 5615457, 359126200, 451585, 49400505, 81378]] [7542206316.0, [3789.0, 1333359, 85328676, 86895, 77870628, 92331]] [577261136.0, [12.666666666666666, 104020, 6247200, 13140, 6247200, 13130]] [9662965616.0, [1270.8333333333333, 1680616, 106002464, 38704, 103509152, 115866]] [1177596638.4, [103.4, 272998, 17356848, 9830, 7767792, 9938]] [566065761760.8002, [634.1750000000001, 95907291, 6138012243, 5340891, 6137123727, 7106490]] [2499408361.6153846, [61.975160256410255, 446715, 28517760, 42083, 25506688, 39328]]
Arch_Param: [32, 16384, 32768, 32, 256, 16]
SK_cost: [18404497514.08, [113703.06333333332, 14471873, 231526584, 254913, 163368120, 186529]] [7892138412.0, [50991.0, 5333103, 85328676, 86895, 85328676, 105327]] [578720840.0, [3263.333333333285, 390450, 6247200, 13170, 6247200, 13130]] [10508509896.0, [55755.33333333302, 7106434, 113702944, 38794, 113702944, 120604]] [990432292.8, [5426.799999999999, 693254, 11083824, 4918, 10314288, 10118]] [567597212944.7921, [3553845.675000043, 383626383, 6138012243, 5340891, 6138012243, 7110363]] [19672151728.0, [105784.00000000015, 13498604, 215891136, 256724, 209089728, 300512]]
Model_cost: [12060839971.720001, [356.8720833333333, 12767937, 204263608, 364097, 49400505, 84962]] [7558205292.0, [3789.0, 5333103, 85328676, 86895, 77870628, 92331]] [578408776.0, [12.666666666666666, 390450, 6247200, 13170, 6247200, 13130]] [9682790488.0, [1270.8333333333333, 6635394, 106002464, 38794, 103509152, 115866]] [761803627.2, [58.2, 542918, 8678448, 5062, 7767792, 9938]] [567216638128.8002, [634.1750000000001, 383626383, 6138012243, 5340891, 6137123727, 7106490]] [2399919288.0, [53.416666666666664, 1647980, 26356864, 33172, 25506688, 39328]]
Arch_Param: [32, 16384, 32768, 32, 256, 64]
SK_cost: [18404497514.08, [113703.06333333332, 14471873, 231526584, 254913, 163368120, 186529]] [7892138412.0, [50991.0, 5333103, 85328676, 86895, 85328676, 105327]] [578720840.0, [3263.333333333285, 390450, 6247200, 13170, 6247200, 13130]] [10508509896.0, [55755.33333333302, 7106434, 113702944, 38794, 113702944, 120604]] [990432292.8, [5426.799999999999, 693254, 11083824, 4918, 10314288, 10118]] [567597212944.7921, [3553845.675000043, 383626383, 6138012243, 5340891, 6138012243, 7110363]] [19672151728.0, [105784.00000000015, 13498604, 215891136, 256724, 209089728, 300512]]
Model_cost: [12053505027.720001, [324.53875, 12767937, 204263608, 254913, 49400505, 81378]] [7558205292.0, [3789.0, 5333103, 85328676, 86895, 77870628, 92331]] [578408776.0, [12.666666666666666, 390450, 6247200, 13170, 6247200, 13130]] [9682790488.0, [1270.8333333333333, 6635394, 106002464, 38794, 103509152, 115866]] [761803627.2, [58.2, 542918, 8678448, 5062, 7767792, 9938]] [567216638128.8002, [634.1750000000001, 383626383, 6138012243, 5340891, 6137123727, 7106490]] [2399919288.0, [53.416666666666664, 1647980, 26356864, 33172, 25506688, 39328]]
Arch_Param: [32, 16384, 32768, 32, 256, 128]
SK_cost: [18404497514.08, [113703.06333333332, 14471873, 231526584, 254913, 163368120, 186529]] [7892138412.0, [50991.0, 5333103, 85328676, 86895, 85328676, 105327]] [578720840.0, [3263.333333333285, 390450, 6247200, 13170, 6247200, 13130]] [10508509896.0, [55755.33333333302, 7106434, 113702944, 38794, 113702944, 120604]] [990432292.8, [5426.799999999999, 693254, 11083824, 4918, 10314288, 10118]] [567597212944.7921, [3553845.675000043, 383626383, 6138012243, 5340891, 6138012243, 7110363]] [19672151728.0, [105784.00000000015, 13498604, 215891136, 256724, 209089728, 300512]]
Model_cost: [12053505027.720001, [324.53875, 12767937, 204263608, 254913, 49400505, 81378]] [7558205292.0, [3789.0, 5333103, 85328676, 86895, 77870628, 92331]] [578408776.0, [12.666666666666666, 390450, 6247200, 13170, 6247200, 13130]] [9682790488.0, [1270.8333333333333, 6635394, 106002464, 38794, 103509152, 115866]] [761803627.2, [58.2, 542918, 8678448, 5062, 7767792, 9938]] [567216638128.8002, [634.1750000000001, 383626383, 6138012243, 5340891, 6137123727, 7106490]] [2399919288.0, [53.416666666666664, 1647980, 26356864, 33172, 25506688, 39328]]
Arch_Param: [32, 16384, 32768, 32, 256, 256]
SK_cost: [18404497514.08, [113703.06333333332, 14471873, 231526584, 254913, 163368120, 186529]] [7892138412.0, [50991.0, 5333103, 85328676, 86895, 85328676, 105327]] [578720840.0, [3263.333333333285, 390450, 6247200, 13170, 6247200, 13130]] [10508509896.0, [55755.33333333302, 7106434, 113702944, 38794, 113702944, 120604]] [990432292.8, [5426.799999999999, 693254, 11083824, 4918, 10314288, 10118]] [567597212944.7921, [3553845.675000043, 383626383, 6138012243, 5340891, 6138012243, 7110363]] [19672151728.0, [105784.00000000015, 13498604, 215891136, 256724, 209089728, 300512]]
Model_cost: [12053505027.720001, [324.53875, 12767937, 204263608, 254913, 49400505, 81378]] [7558205292.0, [3789.0, 5333103, 85328676, 86895, 77870628, 92331]] [578408776.0, [12.666666666666666, 390450, 6247200, 13170, 6247200, 13130]] [9682790488.0, [1270.8333333333333, 6635394, 106002464, 38794, 103509152, 115866]] [761794123.2, [55.2, 542918, 8678448, 4918, 7767792, 9938]] [567216638128.8002, [634.1750000000001, 383626383, 6138012243, 5340891, 6137123727, 7106490]] [2399919288.0, [53.416666666666664, 1647980, 26356864, 33172, 25506688, 39328]]
Arch_Param: [32, 16384, 32768, 32, 512, 16]
SK_cost: [18375552950.08, [113703.06333333332, 7236196, 231526584, 254884, 163368120, 186529]] [7881472428.0, [50991.0, 2666607, 85328676, 86895, 85328676, 105327]] [577938680.0, [3263.333333333285, 195230, 6247200, 13150, 6247200, 13130]] [10494293208.0, [55755.33333333302, 3553222, 113702944, 38734, 113702944, 120604]] [989047844.8, [5426.799999999999, 347142, 11083824, 4918, 10314288, 10118]] [566829962032.7921, [3553845.675000043, 191813655, 6138012243, 5340891, 6138012243, 7110363]] [19645146968.0, [105784.00000000015, 6749302, 215891136, 256606, 209089728, 300512]]
Model_cost: [12035303279.720001, [356.8720833333333, 6384228, 204263608, 364068, 49400505, 84962]] [7547539308.0, [3789.0, 2666607, 85328676, 86895, 77870628, 92331]] [577626616.0, [12.666666666666666, 195230, 6247200, 13150, 6247200, 13130]] [9669556840.0, [1270.8333333333333, 3327942, 106002464, 38734, 103509152, 115866]] [760720235.2, [58.2, 272070, 8678448, 5062, 7767792, 9938]] [566449387216.8002, [634.1750000000001, 191813655, 6138012243, 5340891, 6137123727, 7106490]] [2396615776.0, [53.416666666666664, 823990, 26356864, 33054, 25506688, 39328]]
Arch_Param: [32, 16384, 32768, 32, 512, 64]
SK_cost: [18375552950.08, [113703.06333333332, 7236196, 231526584, 254884, 163368120, 186529]] [7881472428.0, [50991.0, 2666607, 85328676, 86895, 85328676, 105327]] [577938680.0, [3263.333333333285, 195230, 6247200, 13150, 6247200, 13130]] [10494293208.0, [55755.33333333302, 3553222, 113702944, 38734, 113702944, 120604]] [989047844.8, [5426.799999999999, 347142, 11083824, 4918, 10314288, 10118]] [566829962032.7921, [3553845.675000043, 191813655, 6138012243, 5340891, 6138012243, 7110363]] [19645146968.0, [105784.00000000015, 6749302, 215891136, 256606, 209089728, 300512]]
Model_cost: [12027968335.720001, [324.53875, 6384228, 204263608, 254884, 49400505, 81378]] [7547539308.0, [3789.0, 2666607, 85328676, 86895, 77870628, 92331]] [577626616.0, [12.666666666666666, 195230, 6247200, 13150, 6247200, 13130]] [9669556840.0, [1270.8333333333333, 3327942, 106002464, 38734, 103509152, 115866]] [760720235.2, [58.2, 272070, 8678448, 5062, 7767792, 9938]] [566449387216.8002, [634.1750000000001, 191813655, 6138012243, 5340891, 6137123727, 7106490]] [2396615776.0, [53.416666666666664, 823990, 26356864, 33054, 25506688, 39328]]
Arch_Param: [32, 16384, 32768, 32, 512, 128]
SK_cost: [18375552950.08, [113703.06333333332, 7236196, 231526584, 254884, 163368120, 186529]] [7881472428.0, [50991.0, 2666607, 85328676, 86895, 85328676, 105327]] [577938680.0, [3263.333333333285, 195230, 6247200, 13150, 6247200, 13130]] [10494293208.0, [55755.33333333302, 3553222, 113702944, 38734, 113702944, 120604]] [989047844.8, [5426.799999999999, 347142, 11083824, 4918, 10314288, 10118]] [566829962032.7921, [3553845.675000043, 191813655, 6138012243, 5340891, 6138012243, 7110363]] [19645146968.0, [105784.00000000015, 6749302, 215891136, 256606, 209089728, 300512]]
Model_cost: [12027968335.720001, [324.53875, 6384228, 204263608, 254884, 49400505, 81378]] [7547539308.0, [3789.0, 2666607, 85328676, 86895, 77870628, 92331]] [577626616.0, [12.666666666666666, 195230, 6247200, 13150, 6247200, 13130]] [9669556840.0, [1270.8333333333333, 3327942, 106002464, 38734, 103509152, 115866]] [760720235.2, [58.2, 272070, 8678448, 5062, 7767792, 9938]] [566449387216.8002, [634.1750000000001, 191813655, 6138012243, 5340891, 6137123727, 7106490]] [2396615776.0, [53.416666666666664, 823990, 26356864, 33054, 25506688, 39328]]
Arch_Param: [32, 16384, 32768, 32, 512, 256]
SK_cost: [18375552950.08, [113703.06333333332, 7236196, 231526584, 254884, 163368120, 186529]] [7881472428.0, [50991.0, 2666607, 85328676, 86895, 85328676, 105327]] [577938680.0, [3263.333333333285, 195230, 6247200, 13150, 6247200, 13130]] [10494293208.0, [55755.33333333302, 3553222, 113702944, 38734, 113702944, 120604]] [989047844.8, [5426.799999999999, 347142, 11083824, 4918, 10314288, 10118]] [566829962032.7921, [3553845.675000043, 191813655, 6138012243, 5340891, 6138012243, 7110363]] [19645146968.0, [105784.00000000015, 6749302, 215891136, 256606, 209089728, 300512]]
Model_cost: [12027968335.720001, [324.53875, 6384228, 204263608, 254884, 49400505, 81378]] [7547539308.0, [3789.0, 2666607, 85328676, 86895, 77870628, 92331]] [577626616.0, [12.666666666666666, 195230, 6247200, 13150, 6247200, 13130]] [9669556840.0, [1270.8333333333333, 3327942, 106002464, 38734, 103509152, 115866]] [760710347.2, [55.2, 271974, 8678448, 4918, 7767792, 9938]] [566449387216.8002, [634.1750000000001, 191813655, 6138012243, 5340891, 6137123727, 7106490]] [2396615776.0, [53.416666666666664, 823990, 26356864, 33054, 25506688, 39328]]
Arch_Param: [32, 16384, 32768, 32, 512, 512]
SK_cost: [18375552950.08, [113703.06333333332, 7236196, 231526584, 254884, 163368120, 186529]] [7881472428.0, [50991.0, 2666607, 85328676, 86895, 85328676, 105327]] [577938680.0, [3263.333333333285, 195230, 6247200, 13150, 6247200, 13130]] [10494293208.0, [55755.33333333302, 3553222, 113702944, 38734, 113702944, 120604]] [989047844.8, [5426.799999999999, 347142, 11083824, 4918, 10314288, 10118]] [566829962032.7921, [3553845.675000043, 191813655, 6138012243, 5340891, 6138012243, 7110363]] [19645146968.0, [105784.00000000015, 6749302, 215891136, 256606, 209089728, 300512]]
Model_cost: [12027968335.720001, [324.53875, 6384228, 204263608, 254884, 49400505, 81378]] [7547539308.0, [3789.0, 2666607, 85328676, 86895, 77870628, 92331]] [577626616.0, [12.666666666666666, 195230, 6247200, 13150, 6247200, 13130]] [9669556840.0, [1270.8333333333333, 3327942, 106002464, 38734, 103509152, 115866]] [760710347.2, [55.2, 271974, 8678448, 4918, 7767792, 9938]] [566449387216.8002, [634.1750000000001, 191813655, 6138012243, 5340891, 6137123727, 7106490]] [2396615776.0, [53.416666666666664, 823990, 26356864, 33054, 25506688, 39328]]
Arch_Param: [32, 16384, 32768, 32, 1024, 16]
SK_cost: [18361087722.08, [113703.06333333332, 3619937, 231526584, 254881, 163368120, 186529]] [7876139436.0, [50991.0, 1333359, 85328676, 86895, 85328676, 105327]] [577573200.0, [3263.333333333285, 104020, 6247200, 13140, 6247200, 13130]] [10487210464.0, [55755.33333333302, 1783016, 113702944, 38704, 113702944, 120604]] [988355620.8, [5426.799999999999, 174086, 11083824, 4918, 10314288, 10118]] [566446336576.7921, [3553845.675000043, 95907291, 6138012243, 5340891, 6138012243, 7110363]] [19631657900.0, [105784.00000000015, 3377979, 215891136, 256547, 209089728, 300512]]
Model_cost: [12022541987.720001, [356.8720833333333, 3193953, 204263608, 364065, 49400505, 84962]] [7542206316.0, [3789.0, 1333359, 85328676, 86895, 77870628, 92331]] [577261136.0, [12.666666666666666, 104020, 6247200, 13140, 6247200, 13130]] [9662965616.0, [1270.8333333333333, 1680616, 106002464, 38704, 103509152, 115866]] [760178539.2, [58.2, 136646, 8678448, 5062, 7767792, 9938]] [566065761760.8002, [634.1750000000001, 95907291, 6138012243, 5340891, 6137123727, 7106490]] [2394965684.0, [53.416666666666664, 412411, 26356864, 32995, 25506688, 39328]]
Arch_Param: [32, 16384, 32768, 32, 1024, 64]
SK_cost: [18361087722.08, [113703.06333333332, 3619937, 231526584, 254881, 163368120, 186529]] [7876139436.0, [50991.0, 1333359, 85328676, 86895, 85328676, 105327]] [577573200.0, [3263.333333333285, 104020, 6247200, 13140, 6247200, 13130]] [10487210464.0, [55755.33333333302, 1783016, 113702944, 38704, 113702944, 120604]] [988355620.8, [5426.799999999999, 174086, 11083824, 4918, 10314288, 10118]] [566446336576.7921, [3553845.675000043, 95907291, 6138012243, 5340891, 6138012243, 7110363]] [19631657900.0, [105784.00000000015, 3377979, 215891136, 256547, 209089728, 300512]]
Model_cost: [12015207043.720001, [324.53875, 3193953, 204263608, 254881, 49400505, 81378]] [7542206316.0, [3789.0, 1333359, 85328676, 86895, 77870628, 92331]] [577261136.0, [12.666666666666666, 104020, 6247200, 13140, 6247200, 13130]] [9662965616.0, [1270.8333333333333, 1680616, 106002464, 38704, 103509152, 115866]] [760178539.2, [58.2, 136646, 8678448, 5062, 7767792, 9938]] [566065761760.8002, [634.1750000000001, 95907291, 6138012243, 5340891, 6137123727, 7106490]] [2394965684.0, [53.416666666666664, 412411, 26356864, 32995, 25506688, 39328]]
Arch_Param: [32, 16384, 32768, 32, 1024, 128]
SK_cost: [18361087722.08, [113703.06333333332, 3619937, 231526584, 254881, 163368120, 186529]] [7876139436.0, [50991.0, 1333359, 85328676, 86895, 85328676, 105327]] [577573200.0, [3263.333333333285, 104020, 6247200, 13140, 6247200, 13130]] [10487210464.0, [55755.33333333302, 1783016, 113702944, 38704, 113702944, 120604]] [988355620.8, [5426.799999999999, 174086, 11083824, 4918, 10314288, 10118]] [566446336576.7921, [3553845.675000043, 95907291, 6138012243, 5340891, 6138012243, 7110363]] [19631657900.0, [105784.00000000015, 3377979, 215891136, 256547, 209089728, 300512]]
Model_cost: [12015207043.720001, [324.53875, 3193953, 204263608, 254881, 49400505, 81378]] [7542206316.0, [3789.0, 1333359, 85328676, 86895, 77870628, 92331]] [577261136.0, [12.666666666666666, 104020, 6247200, 13140, 6247200, 13130]] [9662965616.0, [1270.8333333333333, 1680616, 106002464, 38704, 103509152, 115866]] [760178539.2, [58.2, 136646, 8678448, 5062, 7767792, 9938]] [566065761760.8002, [634.1750000000001, 95907291, 6138012243, 5340891, 6137123727, 7106490]] [2394965684.0, [53.416666666666664, 412411, 26356864, 32995, 25506688, 39328]]
Arch_Param: [32, 16384, 32768, 32, 1024, 256]
SK_cost: [18361087722.08, [113703.06333333332, 3619937, 231526584, 254881, 163368120, 186529]] [7876139436.0, [50991.0, 1333359, 85328676, 86895, 85328676, 105327]] [577573200.0, [3263.333333333285, 104020, 6247200, 13140, 6247200, 13130]] [10487210464.0, [55755.33333333302, 1783016, 113702944, 38704, 113702944, 120604]] [988355620.8, [5426.799999999999, 174086, 11083824, 4918, 10314288, 10118]] [566446336576.7921, [3553845.675000043, 95907291, 6138012243, 5340891, 6138012243, 7110363]] [19631657900.0, [105784.00000000015, 3377979, 215891136, 256547, 209089728, 300512]]
Model_cost: [12015207043.720001, [324.53875, 3193953, 204263608, 254881, 49400505, 81378]] [7542206316.0, [3789.0, 1333359, 85328676, 86895, 77870628, 92331]] [577261136.0, [12.666666666666666, 104020, 6247200, 13140, 6247200, 13130]] [9662965616.0, [1270.8333333333333, 1680616, 106002464, 38704, 103509152, 115866]] [760168459.2, [55.2, 136502, 8678448, 4918, 7767792, 9938]] [566065761760.8002, [634.1750000000001, 95907291, 6138012243, 5340891, 6137123727, 7106490]] [2394965684.0, [53.416666666666664, 412411, 26356864, 32995, 25506688, 39328]]
Arch_Param: [32, 16384, 32768, 32, 1024, 512]
SK_cost: [18361087722.08, [113703.06333333332, 3619937, 231526584, 254881, 163368120, 186529]] [7876139436.0, [50991.0, 1333359, 85328676, 86895, 85328676, 105327]] [577573200.0, [3263.333333333285, 104020, 6247200, 13140, 6247200, 13130]] [10487210464.0, [55755.33333333302, 1783016, 113702944, 38704, 113702944, 120604]] [988355620.8, [5426.799999999999, 174086, 11083824, 4918, 10314288, 10118]] [566446336576.7921, [3553845.675000043, 95907291, 6138012243, 5340891, 6138012243, 7110363]] [19631657900.0, [105784.00000000015, 3377979, 215891136, 256547, 209089728, 300512]]
Model_cost: [12015207043.720001, [324.53875, 3193953, 204263608, 254881, 49400505, 81378]] [7542206316.0, [3789.0, 1333359, 85328676, 86895, 77870628, 92331]] [577261136.0, [12.666666666666666, 104020, 6247200, 13140, 6247200, 13130]] [9662965616.0, [1270.8333333333333, 1680616, 106002464, 38704, 103509152, 115866]] [760168459.2, [55.2, 136502, 8678448, 4918, 7767792, 9938]] [566065761760.8002, [634.1750000000001, 95907291, 6138012243, 5340891, 6137123727, 7106490]] [2394965684.0, [53.416666666666664, 412411, 26356864, 32995, 25506688, 39328]]
Arch_Param: [32, 16384, 16384, 4, 256, 16]
SK_cost: [110935547392.97298, [1465968.6351351351, 91214401, 1459298552, 1634145, 913427640, 919009]] [12934795692.0, [194415.0, 10223727, 163578660, 164463, 113640228, 132975]] [579033160.0, [6516.66666666657, 390450, 6247200, 13170, 6247200, 13130]] [10513876872.0, [111661.33333333023, 7106434, 113702944, 38794, 113702944, 120604]] [7879432024.0, [87558.0, 5545990, 88670256, 39302, 81420848, 79558]] [984935738707.2113, [14214137.700000172, 767215743, 12275433555, 10680855, 8855921235, 9764571]] [33360990640.0, [425898.6666666666, 26148076, 417716928, 820436, 297170112, 386528]]
Model_cost: [64520086322.7027, [3666.3614864864867, 80564801, 1288904952, 2316545, 49400505, 84962]] [11341486380.0, [7911.0, 10223727, 163578660, 201327, 77870628, 92331]] [578409032.0, [15.333333333333332, 390450, 6247200, 13170, 6247200, 13130]] [9682909608.0, [2511.6666666666665, 6635394, 106002464, 38794, 103509152, 115866]] [3698552120.0, [711.0, 4343302, 69427248, 91654, 7767792, 9938]] [863915550211.1998, [1483.7000000000003, 767215743, 12275433555, 14219799, 6137123727, 7106490]] [3432621230.0, [229.3125, 2983404, 47652928, 113364, 25506688, 39328]]
Arch_Param: [32, 16384, 16384, 4, 256, 64]
SK_cost: [110935547392.97298, [1465968.6351351351, 91214401, 1459298552, 1634145, 913427640, 919009]] [12934795692.0, [194415.0, 10223727, 163578660, 164463, 113640228, 132975]] [579033160.0, [6516.66666666657, 390450, 6247200, 13170, 6247200, 13130]] [10513876872.0, [111661.33333333023, 7106434, 113702944, 38794, 113702944, 120604]] [7879432024.0, [87558.0, 5545990, 88670256, 39302, 81420848, 79558]] [984935738707.2113, [14214137.700000172, 767215743, 12275433555, 10680855, 8855921235, 9764571]] [33360990640.0, [425898.6666666666, 26148076, 417716928, 820436, 297170112, 386528]]
Model_cost: [64520086322.7027, [3666.3614864864867, 80564801, 1288904952, 2316545, 49400505, 84962]] [11339127084.0, [7911.0, 10223727, 163578660, 164463, 77870628, 92331]] [578409032.0, [15.333333333333332, 390450, 6247200, 13170, 6247200, 13130]] [9682909608.0, [2511.6666666666665, 6635394, 106002464, 38794, 103509152, 115866]] [3698552120.0, [711.0, 4343302, 69427248, 91654, 7767792, 9938]] [863689057795.1998, [1483.7000000000003, 767215743, 12275433555, 10680855, 6137123727, 7106490]] [3432227438.0, [223.3125, 2983404, 47652928, 107220, 25506688, 39328]]
Arch_Param: [32, 16384, 16384, 4, 256, 128]
SK_cost: [110935547392.97298, [1465968.6351351351, 91214401, 1459298552, 1634145, 913427640, 919009]] [12934795692.0, [194415.0, 10223727, 163578660, 164463, 113640228, 132975]] [579033160.0, [6516.66666666657, 390450, 6247200, 13170, 6247200, 13130]] [10513876872.0, [111661.33333333023, 7106434, 113702944, 38794, 113702944, 120604]] [7879432024.0, [87558.0, 5545990, 88670256, 39302, 81420848, 79558]] [984935738707.2113, [14214137.700000172, 767215743, 12275433555, 10680855, 8855921235, 9764571]] [33360990640.0, [425898.6666666666, 26148076, 417716928, 820436, 297170112, 386528]]
Model_cost: [64520086322.7027, [3666.3614864864867, 80564801, 1288904952, 2316545, 49400505, 84962]] [11339127084.0, [7911.0, 10223727, 163578660, 164463, 77870628, 92331]] [578409032.0, [15.333333333333332, 390450, 6247200, 13170, 6247200, 13130]] [9682909608.0, [2511.6666666666665, 6635394, 106002464, 38794, 103509152, 115866]] [3695275320.0, [711.0, 4343302, 69427248, 40454, 7767792, 9938]] [863689057795.1998, [1483.7000000000003, 767215743, 12275433555, 10680855, 6137123727, 7106490]] [3431998062.0, [223.3125, 2983404, 47652928, 103636, 25506688, 39328]]
Arch_Param: [32, 16384, 16384, 4, 256, 256]
SK_cost: [110935547392.97298, [1465968.6351351351, 91214401, 1459298552, 1634145, 913427640, 919009]] [12934795692.0, [194415.0, 10223727, 163578660, 164463, 113640228, 132975]] [579033160.0, [6516.66666666657, 390450, 6247200, 13170, 6247200, 13130]] [10513876872.0, [111661.33333333023, 7106434, 113702944, 38794, 113702944, 120604]] [7879432024.0, [87558.0, 5545990, 88670256, 39302, 81420848, 79558]] [984935738707.2113, [14214137.700000172, 767215743, 12275433555, 10680855, 8855921235, 9764571]] [33360990640.0, [425898.6666666666, 26148076, 417716928, 820436, 297170112, 386528]]
Model_cost: [64520086322.7027, [3666.3614864864867, 80564801, 1288904952, 2316545, 49400505, 84962]] [11339127084.0, [7911.0, 10223727, 163578660, 164463, 77870628, 92331]] [578409032.0, [15.333333333333332, 390450, 6247200, 13170, 6247200, 13130]] [9682909608.0, [2511.6666666666665, 6635394, 106002464, 38794, 103509152, 115866]] [3695275320.0, [711.0, 4343302, 69427248, 40454, 7767792, 9938]] [863689057795.1998, [1483.7000000000003, 767215743, 12275433555, 10680855, 6137123727, 7106490]] [3431998062.0, [223.3125, 2983404, 47652928, 103636, 25506688, 39328]]
Arch_Param: [32, 16384, 16384, 4, 512, 16]
SK_cost: [110753117772.97298, [1465968.6351351351, 45607460, 1459298552, 1634116, 913427640, 919009]] [12914348460.0, [194415.0, 5111919, 163578660, 164463, 113640228, 132975]] [578251000.0, [6516.66666666657, 195230, 6247200, 13150, 6247200, 13130]] [10499660184.0, [111661.33333333023, 3553222, 113702944, 38734, 113702944, 120604]] [7868356440.0, [87558.0, 2777094, 88670256, 39302, 81420848, 79558]] [983401310611.2113, [14214137.700000172, 383608719, 12275433555, 10680855, 8855921235, 9764571]] [33308686936.0, [425898.6666666666, 13074038, 417716928, 820318, 297170112, 386528]]
Model_cost: [64358955902.7027, [3666.3614864864867, 40282660, 1288904952, 2316516, 49400505, 84962]] [11321039148.0, [7911.0, 5111919, 163578660, 201327, 77870628, 92331]] [577626872.0, [15.333333333333332, 195230, 6247200, 13150, 6247200, 13130]] [9669675960.0, [2511.6666666666665, 3327942, 106002464, 38734, 103509152, 115866]] [3689884984.0, [711.0, 2176518, 69427248, 91654, 7767792, 9938]] [862381122115.1998, [1483.7000000000003, 383608719, 12275433555, 14219799, 6137123727, 7106490]] [3426646870.0, [229.3125, 1491702, 47652928, 113246, 25506688, 39328]]
Arch_Param: [32, 16384, 16384, 4, 512, 64]
SK_cost: [110753117772.97298, [1465968.6351351351, 45607460, 1459298552, 1634116, 913427640, 919009]] [12914348460.0, [194415.0, 5111919, 163578660, 164463, 113640228, 132975]] [578251000.0, [6516.66666666657, 195230, 6247200, 13150, 6247200, 13130]] [10499660184.0, [111661.33333333023, 3553222, 113702944, 38734, 113702944, 120604]] [7868356440.0, [87558.0, 2777094, 88670256, 39302, 81420848, 79558]] [983401310611.2113, [14214137.700000172, 383608719, 12275433555, 10680855, 8855921235, 9764571]] [33308686936.0, [425898.6666666666, 13074038, 417716928, 820318, 297170112, 386528]]
Model_cost: [64358955902.7027, [3666.3614864864867, 40282660, 1288904952, 2316516, 49400505, 84962]] [11318679852.0, [7911.0, 5111919, 163578660, 164463, 77870628, 92331]] [577626872.0, [15.333333333333332, 195230, 6247200, 13150, 6247200, 13130]] [9669675960.0, [2511.6666666666665, 3327942, 106002464, 38734, 103509152, 115866]] [3689884984.0, [711.0, 2176518, 69427248, 91654, 7767792, 9938]] [862154629699.1998, [1483.7000000000003, 383608719, 12275433555, 10680855, 6137123727, 7106490]] [3426253078.0, [223.3125, 1491702, 47652928, 107102, 25506688, 39328]]
Arch_Param: [32, 16384, 16384, 4, 512, 128]
SK_cost: [110753117772.97298, [1465968.6351351351, 45607460, 1459298552, 1634116, 913427640, 919009]] [12914348460.0, [194415.0, 5111919, 163578660, 164463, 113640228, 132975]] [578251000.0, [6516.66666666657, 195230, 6247200, 13150, 6247200, 13130]] [10499660184.0, [111661.33333333023, 3553222, 113702944, 38734, 113702944, 120604]] [7868356440.0, [87558.0, 2777094, 88670256, 39302, 81420848, 79558]] [983401310611.2113, [14214137.700000172, 383608719, 12275433555, 10680855, 8855921235, 9764571]] [33308686936.0, [425898.6666666666, 13074038, 417716928, 820318, 297170112, 386528]]
Model_cost: [64358955902.7027, [3666.3614864864867, 40282660, 1288904952, 2316516, 49400505, 84962]] [11318679852.0, [7911.0, 5111919, 163578660, 164463, 77870628, 92331]] [577626872.0, [15.333333333333332, 195230, 6247200, 13150, 6247200, 13130]] [9669675960.0, [2511.6666666666665, 3327942, 106002464, 38734, 103509152, 115866]] [3686608184.0, [711.0, 2176518, 69427248, 40454, 7767792, 9938]] [862154629699.1998, [1483.7000000000003, 383608719, 12275433555, 10680855, 6137123727, 7106490]] [3426023702.0, [223.3125, 1491702, 47652928, 103518, 25506688, 39328]]
Arch_Param: [32, 16384, 16384, 4, 512, 256]
SK_cost: [110753117772.97298, [1465968.6351351351, 45607460, 1459298552, 1634116, 913427640, 919009]] [12914348460.0, [194415.0, 5111919, 163578660, 164463, 113640228, 132975]] [578251000.0, [6516.66666666657, 195230, 6247200, 13150, 6247200, 13130]] [10499660184.0, [111661.33333333023, 3553222, 113702944, 38734, 113702944, 120604]] [7868356440.0, [87558.0, 2777094, 88670256, 39302, 81420848, 79558]] [983401310611.2113, [14214137.700000172, 383608719, 12275433555, 10680855, 8855921235, 9764571]] [33308686936.0, [425898.6666666666, 13074038, 417716928, 820318, 297170112, 386528]]
Model_cost: [64358955902.7027, [3666.3614864864867, 40282660, 1288904952, 2316516, 49400505, 84962]] [11318679852.0, [7911.0, 5111919, 163578660, 164463, 77870628, 92331]] [577626872.0, [15.333333333333332, 195230, 6247200, 13150, 6247200, 13130]] [9669675960.0, [2511.6666666666665, 3327942, 106002464, 38734, 103509152, 115866]] [3686608184.0, [711.0, 2176518, 69427248, 40454, 7767792, 9938]] [862154629699.1998, [1483.7000000000003, 383608719, 12275433555, 10680855, 6137123727, 7106490]] [3426023702.0, [223.3125, 1491702, 47652928, 103518, 25506688, 39328]]
Arch_Param: [32, 16384, 16384, 4, 512, 512]
SK_cost: [110753117772.97298, [1465968.6351351351, 45607460, 1459298552, 1634116, 913427640, 919009]] [12914348460.0, [194415.0, 5111919, 163578660, 164463, 113640228, 132975]] [578251000.0, [6516.66666666657, 195230, 6247200, 13150, 6247200, 13130]] [10499660184.0, [111661.33333333023, 3553222, 113702944, 38734, 113702944, 120604]] [7868356440.0, [87558.0, 2777094, 88670256, 39302, 81420848, 79558]] [983401310611.2113, [14214137.700000172, 383608719, 12275433555, 10680855, 8855921235, 9764571]] [33308686936.0, [425898.6666666666, 13074038, 417716928, 820318, 297170112, 386528]]
Model_cost: [64314937470.7027, [3658.3614864864867, 40282660, 1288904952, 1634116, 49400505, 81378]] [11318679852.0, [7911.0, 5111919, 163578660, 164463, 77870628, 92331]] [577626872.0, [15.333333333333332, 195230, 6247200, 13150, 6247200, 13130]] [9669675960.0, [2511.6666666666665, 3327942, 106002464, 38734, 103509152, 115866]] [3686608184.0, [711.0, 2176518, 69427248, 40454, 7767792, 9938]] [862154629699.1998, [1483.7000000000003, 383608719, 12275433555, 10680855, 6137123727, 7106490]] [3426023702.0, [223.3125, 1491702, 47652928, 103518, 25506688, 39328]]
Arch_Param: [32, 16384, 16384, 4, 1024, 16]
SK_cost: [110661953408.97298, [1465968.6351351351, 22816417, 1459298552, 1634113, 913427640, 919009]] [12904124844.0, [194415.0, 2556015, 163578660, 164463, 113640228, 132975]] [577885520.0, [6516.66666666657, 104020, 6247200, 13140, 6247200, 13130]] [10492577440.0, [111661.33333333023, 1783016, 113702944, 38704, 113702944, 120604]] [7862818648.0, [87558.0, 1392646, 88670256, 39302, 81420848, 79558]] [982634096563.2113, [14214137.700000172, 191805207, 12275433555, 10680855, 8855921235, 9764571]] [33282635436.0, [425898.6666666666, 6562107, 417716928, 820259, 297170112, 386528]]
Model_cost: [64278441138.7027, [3666.3614864864867, 20154017, 1288904952, 2316513, 49400505, 84962]] [11310815532.0, [7911.0, 2556015, 163578660, 201327, 77870628, 92331]] [577261392.0, [15.333333333333332, 104020, 6247200, 13140, 6247200, 13130]] [9663084736.0, [2511.6666666666665, 1680616, 106002464, 38704, 103509152, 115866]] [3685551416.0, [711.0, 1093126, 69427248, 91654, 7767792, 9938]] [861613908067.1998, [1483.7000000000003, 191805207, 12275433555, 14219799, 6137123727, 7106490]] [3423672234.0, [229.3125, 748987, 47652928, 113187, 25506688, 39328]]
Arch_Param: [32, 16384, 16384, 4, 1024, 64]
SK_cost: [110661953408.97298, [1465968.6351351351, 22816417, 1459298552, 1634113, 913427640, 919009]] [12904124844.0, [194415.0, 2556015, 163578660, 164463, 113640228, 132975]] [577885520.0, [6516.66666666657, 104020, 6247200, 13140, 6247200, 13130]] [10492577440.0, [111661.33333333023, 1783016, 113702944, 38704, 113702944, 120604]] [7862818648.0, [87558.0, 1392646, 88670256, 39302, 81420848, 79558]] [982634096563.2113, [14214137.700000172, 191805207, 12275433555, 10680855, 8855921235, 9764571]] [33282635436.0, [425898.6666666666, 6562107, 417716928, 820259, 297170112, 386528]]
Model_cost: [64278441138.7027, [3666.3614864864867, 20154017, 1288904952, 2316513, 49400505, 84962]] [11308456236.0, [7911.0, 2556015, 163578660, 164463, 77870628, 92331]] [577261392.0, [15.333333333333332, 104020, 6247200, 13140, 6247200, 13130]] [9663084736.0, [2511.6666666666665, 1680616, 106002464, 38704, 103509152, 115866]] [3685551416.0, [711.0, 1093126, 69427248, 91654, 7767792, 9938]] [861387415651.1998, [1483.7000000000003, 191805207, 12275433555, 10680855, 6137123727, 7106490]] [3423278442.0, [223.3125, 748987, 47652928, 107043, 25506688, 39328]]
Arch_Param: [32, 16384, 16384, 4, 1024, 128]
SK_cost: [110661953408.97298, [1465968.6351351351, 22816417, 1459298552, 1634113, 913427640, 919009]] [12904124844.0, [194415.0, 2556015, 163578660, 164463, 113640228, 132975]] [577885520.0, [6516.66666666657, 104020, 6247200, 13140, 6247200, 13130]] [10492577440.0, [111661.33333333023, 1783016, 113702944, 38704, 113702944, 120604]] [7862818648.0, [87558.0, 1392646, 88670256, 39302, 81420848, 79558]] [982634096563.2113, [14214137.700000172, 191805207, 12275433555, 10680855, 8855921235, 9764571]] [33282635436.0, [425898.6666666666, 6562107, 417716928, 820259, 297170112, 386528]]
Model_cost: [64278441138.7027, [3666.3614864864867, 20154017, 1288904952, 2316513, 49400505, 84962]] [11308456236.0, [7911.0, 2556015, 163578660, 164463, 77870628, 92331]] [577261392.0, [15.333333333333332, 104020, 6247200, 13140, 6247200, 13130]] [9663084736.0, [2511.6666666666665, 1680616, 106002464, 38704, 103509152, 115866]] [3682274616.0, [711.0, 1093126, 69427248, 40454, 7767792, 9938]] [861387415651.1998, [1483.7000000000003, 191805207, 12275433555, 10680855, 6137123727, 7106490]] [3423049066.0, [223.3125, 748987, 47652928, 103459, 25506688, 39328]]
Arch_Param: [32, 16384, 16384, 4, 1024, 256]
SK_cost: [110661953408.97298, [1465968.6351351351, 22816417, 1459298552, 1634113, 913427640, 919009]] [12904124844.0, [194415.0, 2556015, 163578660, 164463, 113640228, 132975]] [577885520.0, [6516.66666666657, 104020, 6247200, 13140, 6247200, 13130]] [10492577440.0, [111661.33333333023, 1783016, 113702944, 38704, 113702944, 120604]] [7862818648.0, [87558.0, 1392646, 88670256, 39302, 81420848, 79558]] [982634096563.2113, [14214137.700000172, 191805207, 12275433555, 10680855, 8855921235, 9764571]] [33282635436.0, [425898.6666666666, 6562107, 417716928, 820259, 297170112, 386528]]
Model_cost: [64278441138.7027, [3666.3614864864867, 20154017, 1288904952, 2316513, 49400505, 84962]] [11308456236.0, [7911.0, 2556015, 163578660, 164463, 77870628, 92331]] [577261392.0, [15.333333333333332, 104020, 6247200, 13140, 6247200, 13130]] [9663084736.0, [2511.6666666666665, 1680616, 106002464, 38704, 103509152, 115866]] [3682274616.0, [711.0, 1093126, 69427248, 40454, 7767792, 9938]] [861387415651.1998, [1483.7000000000003, 191805207, 12275433555, 10680855, 6137123727, 7106490]] [3423049066.0, [223.3125, 748987, 47652928, 103459, 25506688, 39328]]
Arch_Param: [32, 16384, 16384, 4, 1024, 512]
SK_cost: [110661953408.97298, [1465968.6351351351, 22816417, 1459298552, 1634113, 913427640, 919009]] [12904124844.0, [194415.0, 2556015, 163578660, 164463, 113640228, 132975]] [577885520.0, [6516.66666666657, 104020, 6247200, 13140, 6247200, 13130]] [10492577440.0, [111661.33333333023, 1783016, 113702944, 38704, 113702944, 120604]] [7862818648.0, [87558.0, 1392646, 88670256, 39302, 81420848, 79558]] [982634096563.2113, [14214137.700000172, 191805207, 12275433555, 10680855, 8855921235, 9764571]] [33282635436.0, [425898.6666666666, 6562107, 417716928, 820259, 297170112, 386528]]
Model_cost: [64234422706.7027, [3658.3614864864867, 20154017, 1288904952, 1634113, 49400505, 81378]] [11308456236.0, [7911.0, 2556015, 163578660, 164463, 77870628, 92331]] [577261392.0, [15.333333333333332, 104020, 6247200, 13140, 6247200, 13130]] [9663084736.0, [2511.6666666666665, 1680616, 106002464, 38704, 103509152, 115866]] [3682274616.0, [711.0, 1093126, 69427248, 40454, 7767792, 9938]] [861387415651.1998, [1483.7000000000003, 191805207, 12275433555, 10680855, 6137123727, 7106490]] [3423049066.0, [223.3125, 748987, 47652928, 103459, 25506688, 39328]]
Arch_Param: [32, 16384, 16384, 8, 256, 16]
SK_cost: [58059994922.48649, [760265.0675675676, 47352385, 757568376, 845281, 484822200, 500449]] [7897022892.0, [101871.0, 5333103, 85328676, 86895, 85328676, 105327]] [579033160.0, [6516.66666666657, 390450, 6247200, 13170, 6247200, 13130]] [10513876872.0, [111661.33333333023, 7106434, 113702944, 38794, 113702944, 120604]] [3943163736.0, [43782.0, 2772998, 44335152, 19654, 40788528, 39878]] [567938366865.6067, [7107532.350000086, 383626383, 6138012243, 5340891, 6138012243, 7110363]] [23846252976.0, [281557.3333333333, 17443052, 278762688, 474836, 234255552, 325088]]
Model_cost: [34536287689.35135, [1923.9307432432433, 41814593, 668963704, 1200129, 49400505, 84962]] [7558558380.0, [7467.0, 5333103, 85328676, 86895, 77870628, 92331]] [578409032.0, [15.333333333333332, 390450, 6247200, 13170, 6247200, 13130]] [9682909608.0, [2511.6666666666665, 6635394, 106002464, 38794, 103509152, 115866]] [2020646200.0, [359.0, 2171654, 34713648, 45830, 7767792, 9938]] [567216683745.5999, [1109.3500000000001, 383626383, 6138012243, 5340891, 6137123727, 7106490]] [2714601358.0, [146.3125, 2055020, 32839552, 62484, 25506688, 39328]]
Arch_Param: [32, 16384, 16384, 8, 256, 64]
SK_cost: [58059994922.48649, [760265.0675675676, 47352385, 757568376, 845281, 484822200, 500449]] [7897022892.0, [101871.0, 5333103, 85328676, 86895, 85328676, 105327]] [579033160.0, [6516.66666666657, 390450, 6247200, 13170, 6247200, 13130]] [10513876872.0, [111661.33333333023, 7106434, 113702944, 38794, 113702944, 120604]] [3943163736.0, [43782.0, 2772998, 44335152, 19654, 40788528, 39878]] [567938366865.6067, [7107532.350000086, 383626383, 6138012243, 5340891, 6138012243, 7110363]] [23846252976.0, [281557.3333333333, 17443052, 278762688, 474836, 234255552, 325088]]
Model_cost: [34536287689.35135, [1923.9307432432433, 41814593, 668963704, 1200129, 49400505, 84962]] [7558558380.0, [7467.0, 5333103, 85328676, 86895, 77870628, 92331]] [578409032.0, [15.333333333333332, 390450, 6247200, 13170, 6247200, 13130]] [9682909608.0, [2511.6666666666665, 6635394, 106002464, 38794, 103509152, 115866]] [2019007800.0, [359.0, 2171654, 34713648, 20230, 7767792, 9938]] [567216683745.5999, [1109.3500000000001, 383626383, 6138012243, 5340891, 6137123727, 7106490]] [2714469902.0, [142.3125, 2055020, 32839552, 60436, 25506688, 39328]]
Arch_Param: [32, 16384, 16384, 8, 256, 128]
SK_cost: [58059994922.48649, [760265.0675675676, 47352385, 757568376, 845281, 484822200, 500449]] [7897022892.0, [101871.0, 5333103, 85328676, 86895, 85328676, 105327]] [579033160.0, [6516.66666666657, 390450, 6247200, 13170, 6247200, 13130]] [10513876872.0, [111661.33333333023, 7106434, 113702944, 38794, 113702944, 120604]] [3943163736.0, [43782.0, 2772998, 44335152, 19654, 40788528, 39878]] [567938366865.6067, [7107532.350000086, 383626383, 6138012243, 5340891, 6138012243, 7110363]] [23846252976.0, [281557.3333333333, 17443052, 278762688, 474836, 234255552, 325088]]
Model_cost: [34536287689.35135, [1923.9307432432433, 41814593, 668963704, 1200129, 49400505, 84962]] [7558558380.0, [7467.0, 5333103, 85328676, 86895, 77870628, 92331]] [578409032.0, [15.333333333333332, 390450, 6247200, 13170, 6247200, 13130]] [9682909608.0, [2511.6666666666665, 6635394, 106002464, 38794, 103509152, 115866]] [2019007800.0, [359.0, 2171654, 34713648, 20230, 7767792, 9938]] [567216683745.5999, [1109.3500000000001, 383626383, 6138012243, 5340891, 6137123727, 7106490]] [2714469902.0, [142.3125, 2055020, 32839552, 60436, 25506688, 39328]]
Arch_Param: [32, 16384, 16384, 8, 256, 256]
SK_cost: [58059994922.48649, [760265.0675675676, 47352385, 757568376, 845281, 484822200, 500449]] [7897022892.0, [101871.0, 5333103, 85328676, 86895, 85328676, 105327]] [579033160.0, [6516.66666666657, 390450, 6247200, 13170, 6247200, 13130]] [10513876872.0, [111661.33333333023, 7106434, 113702944, 38794, 113702944, 120604]] [3943163736.0, [43782.0, 2772998, 44335152, 19654, 40788528, 39878]] [567938366865.6067, [7107532.350000086, 383626383, 6138012243, 5340891, 6138012243, 7110363]] [23846252976.0, [281557.3333333333, 17443052, 278762688, 474836, 234255552, 325088]]
Model_cost: [34513232393.35135, [1913.9307432432433, 41814593, 668963704, 845281, 49400505, 81378]] [7558558380.0, [7467.0, 5333103, 85328676, 86895, 77870628, 92331]] [578409032.0, [15.333333333333332, 390450, 6247200, 13170, 6247200, 13130]] [9682909608.0, [2511.6666666666665, 6635394, 106002464, 38794, 103509152, 115866]] [2019007800.0, [359.0, 2171654, 34713648, 20230, 7767792, 9938]] [567216683745.5999, [1109.3500000000001, 383626383, 6138012243, 5340891, 6137123727, 7106490]] [2714469902.0, [142.3125, 2055020, 32839552, 60436, 25506688, 39328]]
Arch_Param: [32, 16384, 16384, 8, 512, 16]
SK_cost: [57965289334.48649, [760265.0675675676, 23676452, 757568376, 845252, 484822200, 500449]] [7886356908.0, [101871.0, 2666607, 85328676, 86895, 85328676, 105327]] [578251000.0, [6516.66666666657, 195230, 6247200, 13150, 6247200, 13130]] [10499660184.0, [111661.33333333023, 3553222, 113702944, 38734, 113702944, 120604]] [3937625944.0, [43782.0, 1388550, 44335152, 19654, 40788528, 39878]] [567171115953.6067, [7107532.350000086, 191813655, 6138012243, 5340891, 6138012243, 7110363]] [23811359320.0, [281557.3333333333, 8721526, 278762688, 474718, 234255552, 325088]]
Model_cost: [34452657685.35135, [1923.9307432432433, 20907556, 668963704, 1200100, 49400505, 84962]] [7547892396.0, [7467.0, 2666607, 85328676, 86895, 77870628, 92331]] [577626872.0, [15.333333333333332, 195230, 6247200, 13150, 6247200, 13130]] [9669675960.0, [2511.6666666666665, 3327942, 106002464, 38734, 103509152, 115866]] [2016312632.0, [359.0, 1088262, 34713648, 45830, 7767792, 9938]] [566449432833.5999, [1109.3500000000001, 191813655, 6138012243, 5340891, 6137123727, 7106490]] [2710483766.0, [146.3125, 1027510, 32839552, 62366, 25506688, 39328]]
Arch_Param: [32, 16384, 16384, 8, 512, 64]
SK_cost: [57965289334.48649, [760265.0675675676, 23676452, 757568376, 845252, 484822200, 500449]] [7886356908.0, [101871.0, 2666607, 85328676, 86895, 85328676, 105327]] [578251000.0, [6516.66666666657, 195230, 6247200, 13150, 6247200, 13130]] [10499660184.0, [111661.33333333023, 3553222, 113702944, 38734, 113702944, 120604]] [3937625944.0, [43782.0, 1388550, 44335152, 19654, 40788528, 39878]] [567171115953.6067, [7107532.350000086, 191813655, 6138012243, 5340891, 6138012243, 7110363]] [23811359320.0, [281557.3333333333, 8721526, 278762688, 474718, 234255552, 325088]]
Model_cost: [34452657685.35135, [1923.9307432432433, 20907556, 668963704, 1200100, 49400505, 84962]] [7547892396.0, [7467.0, 2666607, 85328676, 86895, 77870628, 92331]] [577626872.0, [15.333333333333332, 195230, 6247200, 13150, 6247200, 13130]] [9669675960.0, [2511.6666666666665, 3327942, 106002464, 38734, 103509152, 115866]] [2014674232.0, [359.0, 1088262, 34713648, 20230, 7767792, 9938]] [566449432833.5999, [1109.3500000000001, 191813655, 6138012243, 5340891, 6137123727, 7106490]] [2710352310.0, [142.3125, 1027510, 32839552, 60318, 25506688, 39328]]
Arch_Param: [32, 16384, 16384, 8, 512, 128]
SK_cost: [57965289334.48649, [760265.0675675676, 23676452, 757568376, 845252, 484822200, 500449]] [7886356908.0, [101871.0, 2666607, 85328676, 86895, 85328676, 105327]] [578251000.0, [6516.66666666657, 195230, 6247200, 13150, 6247200, 13130]] [10499660184.0, [111661.33333333023, 3553222, 113702944, 38734, 113702944, 120604]] [3937625944.0, [43782.0, 1388550, 44335152, 19654, 40788528, 39878]] [567171115953.6067, [7107532.350000086, 191813655, 6138012243, 5340891, 6138012243, 7110363]] [23811359320.0, [281557.3333333333, 8721526, 278762688, 474718, 234255552, 325088]]
Model_cost: [34452657685.35135, [1923.9307432432433, 20907556, 668963704, 1200100, 49400505, 84962]] [7547892396.0, [7467.0, 2666607, 85328676, 86895, 77870628, 92331]] [577626872.0, [15.333333333333332, 195230, 6247200, 13150, 6247200, 13130]] [9669675960.0, [2511.6666666666665, 3327942, 106002464, 38734, 103509152, 115866]] [2014674232.0, [359.0, 1088262, 34713648, 20230, 7767792, 9938]] [566449432833.5999, [1109.3500000000001, 191813655, 6138012243, 5340891, 6137123727, 7106490]] [2710352310.0, [142.3125, 1027510, 32839552, 60318, 25506688, 39328]]
Arch_Param: [32, 16384, 16384, 8, 512, 256]
SK_cost: [57965289334.48649, [760265.0675675676, 23676452, 757568376, 845252, 484822200, 500449]] [7886356908.0, [101871.0, 2666607, 85328676, 86895, 85328676, 105327]] [578251000.0, [6516.66666666657, 195230, 6247200, 13150, 6247200, 13130]] [10499660184.0, [111661.33333333023, 3553222, 113702944, 38734, 113702944, 120604]] [3937625944.0, [43782.0, 1388550, 44335152, 19654, 40788528, 39878]] [567171115953.6067, [7107532.350000086, 191813655, 6138012243, 5340891, 6138012243, 7110363]] [23811359320.0, [281557.3333333333, 8721526, 278762688, 474718, 234255552, 325088]]
Model_cost: [34429602389.35135, [1913.9307432432433, 20907556, 668963704, 845252, 49400505, 81378]] [7547892396.0, [7467.0, 2666607, 85328676, 86895, 77870628, 92331]] [577626872.0, [15.333333333333332, 195230, 6247200, 13150, 6247200, 13130]] [9669675960.0, [2511.6666666666665, 3327942, 106002464, 38734, 103509152, 115866]] [2014674232.0, [359.0, 1088262, 34713648, 20230, 7767792, 9938]] [566449432833.5999, [1109.3500000000001, 191813655, 6138012243, 5340891, 6137123727, 7106490]] [2710352310.0, [142.3125, 1027510, 32839552, 60318, 25506688, 39328]]
Arch_Param: [32, 16384, 16384, 8, 512, 512]
SK_cost: [57965289334.48649, [760265.0675675676, 23676452, 757568376, 845252, 484822200, 500449]] [7886356908.0, [101871.0, 2666607, 85328676, 86895, 85328676, 105327]] [578251000.0, [6516.66666666657, 195230, 6247200, 13150, 6247200, 13130]] [10499660184.0, [111661.33333333023, 3553222, 113702944, 38734, 113702944, 120604]] [3937625944.0, [43782.0, 1388550, 44335152, 19654, 40788528, 39878]] [567171115953.6067, [7107532.350000086, 191813655, 6138012243, 5340891, 6138012243, 7110363]] [23811359320.0, [281557.3333333333, 8721526, 278762688, 474718, 234255552, 325088]]
Model_cost: [34429602389.35135, [1913.9307432432433, 20907556, 668963704, 845252, 49400505, 81378]] [7547892396.0, [7467.0, 2666607, 85328676, 86895, 77870628, 92331]] [577626872.0, [15.333333333333332, 195230, 6247200, 13150, 6247200, 13130]] [9669675960.0, [2511.6666666666665, 3327942, 106002464, 38734, 103509152, 115866]] [2014674232.0, [359.0, 1088262, 34713648, 20230, 7767792, 9938]] [566449432833.5999, [1109.3500000000001, 191813655, 6138012243, 5340891, 6137123727, 7106490]] [2710352310.0, [142.3125, 1027510, 32839552, 60318, 25506688, 39328]]
Arch_Param: [32, 16384, 16384, 8, 1024, 16]
SK_cost: [57917962154.48649, [760265.0675675676, 11844705, 757568376, 845249, 484822200, 500449]] [7881023916.0, [101871.0, 1333359, 85328676, 86895, 85328676, 105327]] [577885520.0, [6516.66666666657, 104020, 6247200, 13140, 6247200, 13130]] [10492577440.0, [111661.33333333023, 1783016, 113702944, 38704, 113702944, 120604]] [3934857048.0, [43782.0, 696326, 44335152, 19654, 40788528, 39878]] [566787490497.6067, [7107532.350000086, 95907291, 6138012243, 5340891, 6138012243, 7110363]] [23793962668.0, [281557.3333333333, 4373307, 278762688, 474659, 234255552, 325088]]
Model_cost: [34410868297.35135, [1923.9307432432433, 10460257, 668963704, 1200097, 49400505, 84962]] [7542559404.0, [7467.0, 1333359, 85328676, 86895, 77870628, 92331]] [577261392.0, [15.333333333333332, 104020, 6247200, 13140, 6247200, 13130]] [9663084736.0, [2511.6666666666665, 1680616, 106002464, 38704, 103509152, 115866]] [2014145848.0, [359.0, 546566, 34713648, 45830, 7767792, 9938]] [566065807377.5999, [1109.3500000000001, 95907291, 6138012243, 5340891, 6137123727, 7106490]] [2708431242.0, [146.3125, 515323, 32839552, 62307, 25506688, 39328]]
Arch_Param: [32, 16384, 16384, 8, 1024, 64]
SK_cost: [57917962154.48649, [760265.0675675676, 11844705, 757568376, 845249, 484822200, 500449]] [7881023916.0, [101871.0, 1333359, 85328676, 86895, 85328676, 105327]] [577885520.0, [6516.66666666657, 104020, 6247200, 13140, 6247200, 13130]] [10492577440.0, [111661.33333333023, 1783016, 113702944, 38704, 113702944, 120604]] [3934857048.0, [43782.0, 696326, 44335152, 19654, 40788528, 39878]] [566787490497.6067, [7107532.350000086, 95907291, 6138012243, 5340891, 6138012243, 7110363]] [23793962668.0, [281557.3333333333, 4373307, 278762688, 474659, 234255552, 325088]]
Model_cost: [34410868297.35135, [1923.9307432432433, 10460257, 668963704, 1200097, 49400505, 84962]] [7542559404.0, [7467.0, 1333359, 85328676, 86895, 77870628, 92331]] [577261392.0, [15.333333333333332, 104020, 6247200, 13140, 6247200, 13130]] [9663084736.0, [2511.6666666666665, 1680616, 106002464, 38704, 103509152, 115866]] [2012507448.0, [359.0, 546566, 34713648, 20230, 7767792, 9938]] [566065807377.5999, [1109.3500000000001, 95907291, 6138012243, 5340891, 6137123727, 7106490]] [2708299786.0, [142.3125, 515323, 32839552, 60259, 25506688, 39328]]
Arch_Param: [32, 16384, 16384, 8, 1024, 128]
SK_cost: [57917962154.48649, [760265.0675675676, 11844705, 757568376, 845249, 484822200, 500449]] [7881023916.0, [101871.0, 1333359, 85328676, 86895, 85328676, 105327]] [577885520.0, [6516.66666666657, 104020, 6247200, 13140, 6247200, 13130]] [10492577440.0, [111661.33333333023, 1783016, 113702944, 38704, 113702944, 120604]] [3934857048.0, [43782.0, 696326, 44335152, 19654, 40788528, 39878]] [566787490497.6067, [7107532.350000086, 95907291, 6138012243, 5340891, 6138012243, 7110363]] [23793962668.0, [281557.3333333333, 4373307, 278762688, 474659, 234255552, 325088]]
Model_cost: [34410868297.35135, [1923.9307432432433, 10460257, 668963704, 1200097, 49400505, 84962]] [7542559404.0, [7467.0, 1333359, 85328676, 86895, 77870628, 92331]] [577261392.0, [15.333333333333332, 104020, 6247200, 13140, 6247200, 13130]] [9663084736.0, [2511.6666666666665, 1680616, 106002464, 38704, 103509152, 115866]] [2012507448.0, [359.0, 546566, 34713648, 20230, 7767792, 9938]] [566065807377.5999, [1109.3500000000001, 95907291, 6138012243, 5340891, 6137123727, 7106490]] [2708299786.0, [142.3125, 515323, 32839552, 60259, 25506688, 39328]]
Arch_Param: [32, 16384, 16384, 8, 1024, 256]
SK_cost: [57917962154.48649, [760265.0675675676, 11844705, 757568376, 845249, 484822200, 500449]] [7881023916.0, [101871.0, 1333359, 85328676, 86895, 85328676, 105327]] [577885520.0, [6516.66666666657, 104020, 6247200, 13140, 6247200, 13130]] [10492577440.0, [111661.33333333023, 1783016, 113702944, 38704, 113702944, 120604]] [3934857048.0, [43782.0, 696326, 44335152, 19654, 40788528, 39878]] [566787490497.6067, [7107532.350000086, 95907291, 6138012243, 5340891, 6138012243, 7110363]] [23793962668.0, [281557.3333333333, 4373307, 278762688, 474659, 234255552, 325088]]
Model_cost: [34387813001.35135, [1913.9307432432433, 10460257, 668963704, 845249, 49400505, 81378]] [7542559404.0, [7467.0, 1333359, 85328676, 86895, 77870628, 92331]] [577261392.0, [15.333333333333332, 104020, 6247200, 13140, 6247200, 13130]] [9663084736.0, [2511.6666666666665, 1680616, 106002464, 38704, 103509152, 115866]] [2012507448.0, [359.0, 546566, 34713648, 20230, 7767792, 9938]] [566065807377.5999, [1109.3500000000001, 95907291, 6138012243, 5340891, 6137123727, 7106490]] [2708299786.0, [142.3125, 515323, 32839552, 60259, 25506688, 39328]]
Arch_Param: [32, 16384, 16384, 8, 1024, 512]
SK_cost: [57917962154.48649, [760265.0675675676, 11844705, 757568376, 845249, 484822200, 500449]] [7881023916.0, [101871.0, 1333359, 85328676, 86895, 85328676, 105327]] [577885520.0, [6516.66666666657, 104020, 6247200, 13140, 6247200, 13130]] [10492577440.0, [111661.33333333023, 1783016, 113702944, 38704, 113702944, 120604]] [3934857048.0, [43782.0, 696326, 44335152, 19654, 40788528, 39878]] [566787490497.6067, [7107532.350000086, 95907291, 6138012243, 5340891, 6138012243, 7110363]] [23793962668.0, [281557.3333333333, 4373307, 278762688, 474659, 234255552, 325088]]
Model_cost: [34387813001.35135, [1913.9307432432433, 10460257, 668963704, 845249, 49400505, 81378]] [7542559404.0, [7467.0, 1333359, 85328676, 86895, 77870628, 92331]] [577261392.0, [15.333333333333332, 104020, 6247200, 13140, 6247200, 13130]] [9663084736.0, [2511.6666666666665, 1680616, 106002464, 38704, 103509152, 115866]] [2012507448.0, [359.0, 546566, 34713648, 20230, 7767792, 9938]] [566065807377.5999, [1109.3500000000001, 95907291, 6138012243, 5340891, 6137123727, 7106490]] [2708299786.0, [142.3125, 515323, 32839552, 60259, 25506688, 39328]]
Arch_Param: [32, 16384, 16384, 16, 256, 16]
SK_cost: [31628707391.243244, [407585.2837837838, 25429697, 406836408, 451617, 270519480, 291169]] [7897022892.0, [101871.0, 5333103, 85328676, 86895, 85328676, 105327]] [579033160.0, [6516.66666666657, 390450, 6247200, 13170, 6247200, 13130]] [10513876872.0, [111661.33333333023, 7106434, 113702944, 38794, 113702944, 120604]] [1975029592.0, [21894.0, 1386502, 22167600, 9830, 20472368, 20038]] [567938366865.6067, [7107532.350000086, 383626383, 6138012243, 5340891, 6138012243, 7110363]] [21070424496.0, [236309.33333333334, 14813420, 236848320, 329428, 217478336, 308704]]
Model_cost: [19550864413.675674, [1092.8091216216217, 22447809, 359126200, 642689, 49400505, 84962]] [7558558380.0, [7467.0, 5333103, 85328676, 86895, 77870628, 92331]] [578409032.0, [15.333333333333332, 390450, 6247200, 13170, 6247200, 13130]] [9682909608.0, [2511.6666666666665, 6635394, 106002464, 38794, 103509152, 115866]] [1181695160.0, [203.0, 1085830, 17356848, 22918, 7767792, 9938]] [567216683745.5999, [1109.3500000000001, 383626383, 6138012243, 5340891, 6137123727, 7106490]] [2504837658.0, [110.4375, 1783660, 28517760, 43284, 25506688, 39328]]
Arch_Param: [32, 16384, 16384, 16, 256, 64]
SK_cost: [31628707391.243244, [407585.2837837838, 25429697, 406836408, 451617, 270519480, 291169]] [7897022892.0, [101871.0, 5333103, 85328676, 86895, 85328676, 105327]] [579033160.0, [6516.66666666657, 390450, 6247200, 13170, 6247200, 13130]] [10513876872.0, [111661.33333333023, 7106434, 113702944, 38794, 113702944, 120604]] [1975029592.0, [21894.0, 1386502, 22167600, 9830, 20472368, 20038]] [567938366865.6067, [7107532.350000086, 383626383, 6138012243, 5340891, 6138012243, 7110363]] [21070424496.0, [236309.33333333334, 14813420, 236848320, 329428, 217478336, 308704]]
Model_cost: [19550864413.675674, [1092.8091216216217, 22447809, 359126200, 642689, 49400505, 84962]] [7558558380.0, [7467.0, 5333103, 85328676, 86895, 77870628, 92331]] [578409032.0, [15.333333333333332, 390450, 6247200, 13170, 6247200, 13130]] [9682909608.0, [2511.6666666666665, 6635394, 106002464, 38794, 103509152, 115866]] [1180874808.0, [191.0, 1085830, 17356848, 10118, 7767792, 9938]] [567216683745.5999, [1109.3500000000001, 383626383, 6138012243, 5340891, 6137123727, 7106490]] [2504771738.0, [106.4375, 1783660, 28517760, 42260, 25506688, 39328]]
Arch_Param: [32, 16384, 16384, 16, 256, 128]
SK_cost: [31628707391.243244, [407585.2837837838, 25429697, 406836408, 451617, 270519480, 291169]] [7897022892.0, [101871.0, 5333103, 85328676, 86895, 85328676, 105327]] [579033160.0, [6516.66666666657, 390450, 6247200, 13170, 6247200, 13130]] [10513876872.0, [111661.33333333023, 7106434, 113702944, 38794, 113702944, 120604]] [1975029592.0, [21894.0, 1386502, 22167600, 9830, 20472368, 20038]] [567938366865.6067, [7107532.350000086, 383626383, 6138012243, 5340891, 6138012243, 7110363]] [21070424496.0, [236309.33333333334, 14813420, 236848320, 329428, 217478336, 308704]]
Model_cost: [19538285981.675674, [1032.8091216216217, 22447809, 359126200, 451617, 49400505, 81378]] [7558558380.0, [7467.0, 5333103, 85328676, 86895, 77870628, 92331]] [578409032.0, [15.333333333333332, 390450, 6247200, 13170, 6247200, 13130]] [9682909608.0, [2511.6666666666665, 6635394, 106002464, 38794, 103509152, 115866]] [1180874808.0, [191.0, 1085830, 17356848, 10118, 7767792, 9938]] [567216683745.5999, [1109.3500000000001, 383626383, 6138012243, 5340891, 6137123727, 7106490]] [2504771738.0, [106.4375, 1783660, 28517760, 42260, 25506688, 39328]]
Arch_Param: [32, 16384, 16384, 16, 256, 256]
SK_cost: [31628707391.243244, [407585.2837837838, 25429697, 406836408, 451617, 270519480, 291169]] [7897022892.0, [101871.0, 5333103, 85328676, 86895, 85328676, 105327]] [579033160.0, [6516.66666666657, 390450, 6247200, 13170, 6247200, 13130]] [10513876872.0, [111661.33333333023, 7106434, 113702944, 38794, 113702944, 120604]] [1975029592.0, [21894.0, 1386502, 22167600, 9830, 20472368, 20038]] [567938366865.6067, [7107532.350000086, 383626383, 6138012243, 5340891, 6138012243, 7110363]] [21070424496.0, [236309.33333333334, 14813420, 236848320, 329428, 217478336, 308704]]
Model_cost: [19538285981.675674, [1032.8091216216217, 22447809, 359126200, 451617, 49400505, 81378]] [7558558380.0, [7467.0, 5333103, 85328676, 86895, 77870628, 92331]] [578409032.0, [15.333333333333332, 390450, 6247200, 13170, 6247200, 13130]] [9682909608.0, [2511.6666666666665, 6635394, 106002464, 38794, 103509152, 115866]] [1180874808.0, [191.0, 1085830, 17356848, 10118, 7767792, 9938]] [567216683745.5999, [1109.3500000000001, 383626383, 6138012243, 5340891, 6137123727, 7106490]] [2504771738.0, [106.4375, 1783660, 28517760, 42260, 25506688, 39328]]
Arch_Param: [32, 16384, 16384, 16, 512, 16]
SK_cost: [31577847179.243244, [407585.2837837838, 12715108, 406836408, 451588, 270519480, 291169]] [7886356908.0, [101871.0, 2666607, 85328676, 86895, 85328676, 105327]] [578251000.0, [6516.66666666657, 195230, 6247200, 13150, 6247200, 13130]] [10499660184.0, [111661.33333333023, 3553222, 113702944, 38734, 113702944, 120604]] [1972260696.0, [21894.0, 694278, 22167600, 9830, 20472368, 20038]] [567171115953.6067, [7107532.350000086, 191813655, 6138012243, 5340891, 6138012243, 7110363]] [21040790104.0, [236309.33333333334, 7406710, 236848320, 329310, 217478336, 308704]]
Model_cost: [19505967977.675674, [1092.8091216216217, 11224164, 359126200, 642660, 49400505, 84962]] [7547892396.0, [7467.0, 2666607, 85328676, 86895, 77870628, 92331]] [577626872.0, [15.333333333333332, 195230, 6247200, 13150, 6247200, 13130]] [9669675960.0, [2511.6666666666665, 3327942, 106002464, 38734, 103509152, 115866]] [1179528376.0, [203.0, 544134, 17356848, 22918, 7767792, 9938]] [566449432833.5999, [1109.3500000000001, 191813655, 6138012243, 5340891, 6137123727, 7106490]] [2501262786.0, [110.4375, 891830, 28517760, 43166, 25506688, 39328]]
Arch_Param: [32, 16384, 16384, 16, 512, 64]
SK_cost: [31577847179.243244, [407585.2837837838, 12715108, 406836408, 451588, 270519480, 291169]] [7886356908.0, [101871.0, 2666607, 85328676, 86895, 85328676, 105327]] [578251000.0, [6516.66666666657, 195230, 6247200, 13150, 6247200, 13130]] [10499660184.0, [111661.33333333023, 3553222, 113702944, 38734, 113702944, 120604]] [1972260696.0, [21894.0, 694278, 22167600, 9830, 20472368, 20038]] [567171115953.6067, [7107532.350000086, 191813655, 6138012243, 5340891, 6138012243, 7110363]] [21040790104.0, [236309.33333333334, 7406710, 236848320, 329310, 217478336, 308704]]
Model_cost: [19505967977.675674, [1092.8091216216217, 11224164, 359126200, 642660, 49400505, 84962]] [7547892396.0, [7467.0, 2666607, 85328676, 86895, 77870628, 92331]] [577626872.0, [15.333333333333332, 195230, 6247200, 13150, 6247200, 13130]] [9669675960.0, [2511.6666666666665, 3327942, 106002464, 38734, 103509152, 115866]] [1178708024.0, [191.0, 544134, 17356848, 10118, 7767792, 9938]] [566449432833.5999, [1109.3500000000001, 191813655, 6138012243, 5340891, 6137123727, 7106490]] [2501196866.0, [106.4375, 891830, 28517760, 42142, 25506688, 39328]]
Arch_Param: [32, 16384, 16384, 16, 512, 128]
SK_cost: [31577847179.243244, [407585.2837837838, 12715108, 406836408, 451588, 270519480, 291169]] [7886356908.0, [101871.0, 2666607, 85328676, 86895, 85328676, 105327]] [578251000.0, [6516.66666666657, 195230, 6247200, 13150, 6247200, 13130]] [10499660184.0, [111661.33333333023, 3553222, 113702944, 38734, 113702944, 120604]] [1972260696.0, [21894.0, 694278, 22167600, 9830, 20472368, 20038]] [567171115953.6067, [7107532.350000086, 191813655, 6138012243, 5340891, 6138012243, 7110363]] [21040790104.0, [236309.33333333334, 7406710, 236848320, 329310, 217478336, 308704]]
Model_cost: [19493389545.675674, [1032.8091216216217, 11224164, 359126200, 451588, 49400505, 81378]] [7547892396.0, [7467.0, 2666607, 85328676, 86895, 77870628, 92331]] [577626872.0, [15.333333333333332, 195230, 6247200, 13150, 6247200, 13130]] [9669675960.0, [2511.6666666666665, 3327942, 106002464, 38734, 103509152, 115866]] [1178708024.0, [191.0, 544134, 17356848, 10118, 7767792, 9938]] [566449432833.5999, [1109.3500000000001, 191813655, 6138012243, 5340891, 6137123727, 7106490]] [2501196866.0, [106.4375, 891830, 28517760, 42142, 25506688, 39328]]
Arch_Param: [32, 16384, 16384, 16, 512, 256]
SK_cost: [31577847179.243244, [407585.2837837838, 12715108, 406836408, 451588, 270519480, 291169]] [7886356908.0, [101871.0, 2666607, 85328676, 86895, 85328676, 105327]] [578251000.0, [6516.66666666657, 195230, 6247200, 13150, 6247200, 13130]] [10499660184.0, [111661.33333333023, 3553222, 113702944, 38734, 113702944, 120604]] [1972260696.0, [21894.0, 694278, 22167600, 9830, 20472368, 20038]] [567171115953.6067, [7107532.350000086, 191813655, 6138012243, 5340891, 6138012243, 7110363]] [21040790104.0, [236309.33333333334, 7406710, 236848320, 329310, 217478336, 308704]]
Model_cost: [19493389545.675674, [1032.8091216216217, 11224164, 359126200, 451588, 49400505, 81378]] [7547892396.0, [7467.0, 2666607, 85328676, 86895, 77870628, 92331]] [577626872.0, [15.333333333333332, 195230, 6247200, 13150, 6247200, 13130]] [9669675960.0, [2511.6666666666665, 3327942, 106002464, 38734, 103509152, 115866]] [1178708024.0, [191.0, 544134, 17356848, 10118, 7767792, 9938]] [566449432833.5999, [1109.3500000000001, 191813655, 6138012243, 5340891, 6137123727, 7106490]] [2501196866.0, [106.4375, 891830, 28517760, 42142, 25506688, 39328]]
Arch_Param: [32, 16384, 16384, 16, 512, 512]
SK_cost: [31577847179.243244, [407585.2837837838, 12715108, 406836408, 451588, 270519480, 291169]] [7886356908.0, [101871.0, 2666607, 85328676, 86895, 85328676, 105327]] [578251000.0, [6516.66666666657, 195230, 6247200, 13150, 6247200, 13130]] [10499660184.0, [111661.33333333023, 3553222, 113702944, 38734, 113702944, 120604]] [1972260696.0, [21894.0, 694278, 22167600, 9830, 20472368, 20038]] [567171115953.6067, [7107532.350000086, 191813655, 6138012243, 5340891, 6138012243, 7110363]] [21040790104.0, [236309.33333333334, 7406710, 236848320, 329310, 217478336, 308704]]
Model_cost: [19493389545.675674, [1032.8091216216217, 11224164, 359126200, 451588, 49400505, 81378]] [7547892396.0, [7467.0, 2666607, 85328676, 86895, 77870628, 92331]] [577626872.0, [15.333333333333332, 195230, 6247200, 13150, 6247200, 13130]] [9669675960.0, [2511.6666666666665, 3327942, 106002464, 38734, 103509152, 115866]] [1178688632.0, [189.0, 543942, 17356848, 9830, 7767792, 9938]] [566449432833.5999, [1109.3500000000001, 191813655, 6138012243, 5340891, 6137123727, 7106490]] [2501196866.0, [106.4375, 891830, 28517760, 42142, 25506688, 39328]]
Arch_Param: [32, 16384, 16384, 16, 1024, 16]
SK_cost: [31552430271.243244, [407585.2837837838, 6360929, 406836408, 451585, 270519480, 291169]] [7881023916.0, [101871.0, 1333359, 85328676, 86895, 85328676, 105327]] [577885520.0, [6516.66666666657, 104020, 6247200, 13140, 6247200, 13130]] [10492577440.0, [111661.33333333023, 1783016, 113702944, 38704, 113702944, 120604]] [1970876248.0, [21894.0, 348166, 22167600, 9830, 20472368, 20038]] [566787490497.6067, [7107532.350000086, 95907291, 6138012243, 5340891, 6138012243, 7110363]] [21025998508.0, [236309.33333333334, 3709755, 236848320, 329251, 217478336, 308704]]
Model_cost: [19483532957.675674, [1092.8091216216217, 5615457, 359126200, 642657, 49400505, 84962]] [7542559404.0, [7467.0, 1333359, 85328676, 86895, 77870628, 92331]] [577261392.0, [15.333333333333332, 104020, 6247200, 13140, 6247200, 13130]] [9663084736.0, [2511.6666666666665, 1680616, 106002464, 38704, 103509152, 115866]] [1178444984.0, [203.0, 273286, 17356848, 22918, 7767792, 9938]] [566065807377.5999, [1109.3500000000001, 95907291, 6138012243, 5340891, 6137123727, 7106490]] [2499478550.0, [110.4375, 446715, 28517760, 43107, 25506688, 39328]]
Arch_Param: [32, 16384, 16384, 16, 1024, 64]
SK_cost: [31552430271.243244, [407585.2837837838, 6360929, 406836408, 451585, 270519480, 291169]] [7881023916.0, [101871.0, 1333359, 85328676, 86895, 85328676, 105327]] [577885520.0, [6516.66666666657, 104020, 6247200, 13140, 6247200, 13130]] [10492577440.0, [111661.33333333023, 1783016, 113702944, 38704, 113702944, 120604]] [1970876248.0, [21894.0, 348166, 22167600, 9830, 20472368, 20038]] [566787490497.6067, [7107532.350000086, 95907291, 6138012243, 5340891, 6138012243, 7110363]] [21025998508.0, [236309.33333333334, 3709755, 236848320, 329251, 217478336, 308704]]
Model_cost: [19483532957.675674, [1092.8091216216217, 5615457, 359126200, 642657, 49400505, 84962]] [7542559404.0, [7467.0, 1333359, 85328676, 86895, 77870628, 92331]] [577261392.0, [15.333333333333332, 104020, 6247200, 13140, 6247200, 13130]] [9663084736.0, [2511.6666666666665, 1680616, 106002464, 38704, 103509152, 115866]] [1177624632.0, [191.0, 273286, 17356848, 10118, 7767792, 9938]] [566065807377.5999, [1109.3500000000001, 95907291, 6138012243, 5340891, 6137123727, 7106490]] [2499412630.0, [106.4375, 446715, 28517760, 42083, 25506688, 39328]]
Arch_Param: [32, 16384, 16384, 16, 1024, 128]
SK_cost: [31552430271.243244, [407585.2837837838, 6360929, 406836408, 451585, 270519480, 291169]] [7881023916.0, [101871.0, 1333359, 85328676, 86895, 85328676, 105327]] [577885520.0, [6516.66666666657, 104020, 6247200, 13140, 6247200, 13130]] [10492577440.0, [111661.33333333023, 1783016, 113702944, 38704, 113702944, 120604]] [1970876248.0, [21894.0, 348166, 22167600, 9830, 20472368, 20038]] [566787490497.6067, [7107532.350000086, 95907291, 6138012243, 5340891, 6138012243, 7110363]] [21025998508.0, [236309.33333333334, 3709755, 236848320, 329251, 217478336, 308704]]
Model_cost: [19470954525.675674, [1032.8091216216217, 5615457, 359126200, 451585, 49400505, 81378]] [7542559404.0, [7467.0, 1333359, 85328676, 86895, 77870628, 92331]] [577261392.0, [15.333333333333332, 104020, 6247200, 13140, 6247200, 13130]] [9663084736.0, [2511.6666666666665, 1680616, 106002464, 38704, 103509152, 115866]] [1177624632.0, [191.0, 273286, 17356848, 10118, 7767792, 9938]] [566065807377.5999, [1109.3500000000001, 95907291, 6138012243, 5340891, 6137123727, 7106490]] [2499412630.0, [106.4375, 446715, 28517760, 42083, 25506688, 39328]]
Arch_Param: [32, 16384, 16384, 16, 1024, 256]
SK_cost: [31552430271.243244, [407585.2837837838, 6360929, 406836408, 451585, 270519480, 291169]] [7881023916.0, [101871.0, 1333359, 85328676, 86895, 85328676, 105327]] [577885520.0, [6516.66666666657, 104020, 6247200, 13140, 6247200, 13130]] [10492577440.0, [111661.33333333023, 1783016, 113702944, 38704, 113702944, 120604]] [1970876248.0, [21894.0, 348166, 22167600, 9830, 20472368, 20038]] [566787490497.6067, [7107532.350000086, 95907291, 6138012243, 5340891, 6138012243, 7110363]] [21025998508.0, [236309.33333333334, 3709755, 236848320, 329251, 217478336, 308704]]
Model_cost: [19470954525.675674, [1032.8091216216217, 5615457, 359126200, 451585, 49400505, 81378]] [7542559404.0, [7467.0, 1333359, 85328676, 86895, 77870628, 92331]] [577261392.0, [15.333333333333332, 104020, 6247200, 13140, 6247200, 13130]] [9663084736.0, [2511.6666666666665, 1680616, 106002464, 38704, 103509152, 115866]] [1177624632.0, [191.0, 273286, 17356848, 10118, 7767792, 9938]] [566065807377.5999, [1109.3500000000001, 95907291, 6138012243, 5340891, 6137123727, 7106490]] [2499412630.0, [106.4375, 446715, 28517760, 42083, 25506688, 39328]]
Arch_Param: [32, 16384, 16384, 16, 1024, 512]
SK_cost: [31552430271.243244, [407585.2837837838, 6360929, 406836408, 451585, 270519480, 291169]] [7881023916.0, [101871.0, 1333359, 85328676, 86895, 85328676, 105327]] [577885520.0, [6516.66666666657, 104020, 6247200, 13140, 6247200, 13130]] [10492577440.0, [111661.33333333023, 1783016, 113702944, 38704, 113702944, 120604]] [1970876248.0, [21894.0, 348166, 22167600, 9830, 20472368, 20038]] [566787490497.6067, [7107532.350000086, 95907291, 6138012243, 5340891, 6138012243, 7110363]] [21025998508.0, [236309.33333333334, 3709755, 236848320, 329251, 217478336, 308704]]
Model_cost: [19470954525.675674, [1032.8091216216217, 5615457, 359126200, 451585, 49400505, 81378]] [7542559404.0, [7467.0, 1333359, 85328676, 86895, 77870628, 92331]] [577261392.0, [15.333333333333332, 104020, 6247200, 13140, 6247200, 13130]] [9663084736.0, [2511.6666666666665, 1680616, 106002464, 38704, 103509152, 115866]] [1177604856.0, [189.0, 272998, 17356848, 9830, 7767792, 9938]] [566065807377.5999, [1109.3500000000001, 95907291, 6138012243, 5340891, 6137123727, 7106490]] [2499412630.0, [106.4375, 446715, 28517760, 42083, 25506688, 39328]]
Arch_Param: [32, 16384, 16384, 32, 256, 16]
SK_cost: [18415790876.64865, [231342.25675675675, 14471873, 231526584, 254913, 163368120, 186529]] [7897022892.0, [101871.0, 5333103, 85328676, 86895, 85328676, 105327]] [579033160.0, [6516.66666666657, 390450, 6247200, 13170, 6247200, 13130]] [10513876872.0, [111661.33333333023, 7106434, 113702944, 38794, 113702944, 120604]] [990962520.0, [10950.0, 693254, 11083824, 4918, 10314288, 10118]] [567938366865.6067, [7107532.350000086, 383626383, 6138012243, 5340891, 6138012243, 7110363]] [19682510256.0, [213685.3333333333, 13498604, 215891136, 256724, 209089728, 300512]]
Model_cost: [12060863097.135136, [597.7618243243244, 12767937, 204263608, 364097, 49400505, 84962]] [7558558380.0, [7467.0, 5333103, 85328676, 86895, 77870628, 92331]] [578409032.0, [15.333333333333332, 390450, 6247200, 13170, 6247200, 13130]] [9682909608.0, [2511.6666666666665, 6635394, 106002464, 38794, 103509152, 115866]] [761808312.0, [107.0, 542918, 8678448, 5062, 7767792, 9938]] [567216683745.5999, [1109.3500000000001, 383626383, 6138012243, 5340891, 6137123727, 7106490]] [2399922944.0, [91.5, 1647980, 26356864, 33172, 25506688, 39328]]
Arch_Param: [32, 16384, 16384, 32, 256, 64]
SK_cost: [18415790876.64865, [231342.25675675675, 14471873, 231526584, 254913, 163368120, 186529]] [7897022892.0, [101871.0, 5333103, 85328676, 86895, 85328676, 105327]] [579033160.0, [6516.66666666657, 390450, 6247200, 13170, 6247200, 13130]] [10513876872.0, [111661.33333333023, 7106434, 113702944, 38794, 113702944, 120604]] [990962520.0, [10950.0, 693254, 11083824, 4918, 10314288, 10118]] [567938366865.6067, [7107532.350000086, 383626383, 6138012243, 5340891, 6138012243, 7110363]] [19682510256.0, [213685.3333333333, 13498604, 215891136, 256724, 209089728, 300512]]
Model_cost: [12053530681.135136, [591.7618243243244, 12767937, 204263608, 254913, 49400505, 81378]] [7558558380.0, [7467.0, 5333103, 85328676, 86895, 77870628, 92331]] [578409032.0, [15.333333333333332, 390450, 6247200, 13170, 6247200, 13130]] [9682909608.0, [2511.6666666666665, 6635394, 106002464, 38794, 103509152, 115866]] [761808312.0, [107.0, 542918, 8678448, 5062, 7767792, 9938]] [567216683745.5999, [1109.3500000000001, 383626383, 6138012243, 5340891, 6137123727, 7106490]] [2399922944.0, [91.5, 1647980, 26356864, 33172, 25506688, 39328]]
Arch_Param: [32, 16384, 16384, 32, 256, 128]
SK_cost: [18415790876.64865, [231342.25675675675, 14471873, 231526584, 254913, 163368120, 186529]] [7897022892.0, [101871.0, 5333103, 85328676, 86895, 85328676, 105327]] [579033160.0, [6516.66666666657, 390450, 6247200, 13170, 6247200, 13130]] [10513876872.0, [111661.33333333023, 7106434, 113702944, 38794, 113702944, 120604]] [990962520.0, [10950.0, 693254, 11083824, 4918, 10314288, 10118]] [567938366865.6067, [7107532.350000086, 383626383, 6138012243, 5340891, 6138012243, 7110363]] [19682510256.0, [213685.3333333333, 13498604, 215891136, 256724, 209089728, 300512]]
Model_cost: [12053530681.135136, [591.7618243243244, 12767937, 204263608, 254913, 49400505, 81378]] [7558558380.0, [7467.0, 5333103, 85328676, 86895, 77870628, 92331]] [578409032.0, [15.333333333333332, 390450, 6247200, 13170, 6247200, 13130]] [9682909608.0, [2511.6666666666665, 6635394, 106002464, 38794, 103509152, 115866]] [761808312.0, [107.0, 542918, 8678448, 5062, 7767792, 9938]] [567216683745.5999, [1109.3500000000001, 383626383, 6138012243, 5340891, 6137123727, 7106490]] [2399922944.0, [91.5, 1647980, 26356864, 33172, 25506688, 39328]]
Arch_Param: [32, 16384, 16384, 32, 256, 256]
SK_cost: [18415790876.64865, [231342.25675675675, 14471873, 231526584, 254913, 163368120, 186529]] [7897022892.0, [101871.0, 5333103, 85328676, 86895, 85328676, 105327]] [579033160.0, [6516.66666666657, 390450, 6247200, 13170, 6247200, 13130]] [10513876872.0, [111661.33333333023, 7106434, 113702944, 38794, 113702944, 120604]] [990962520.0, [10950.0, 693254, 11083824, 4918, 10314288, 10118]] [567938366865.6067, [7107532.350000086, 383626383, 6138012243, 5340891, 6138012243, 7110363]] [19682510256.0, [213685.3333333333, 13498604, 215891136, 256724, 209089728, 300512]]
Model_cost: [12053530681.135136, [591.7618243243244, 12767937, 204263608, 254913, 49400505, 81378]] [7558558380.0, [7467.0, 5333103, 85328676, 86895, 77870628, 92331]] [578409032.0, [15.333333333333332, 390450, 6247200, 13170, 6247200, 13130]] [9682909608.0, [2511.6666666666665, 6635394, 106002464, 38794, 103509152, 115866]] [761798808.0, [104.0, 542918, 8678448, 4918, 7767792, 9938]] [567216683745.5999, [1109.3500000000001, 383626383, 6138012243, 5340891, 6137123727, 7106490]] [2399922944.0, [91.5, 1647980, 26356864, 33172, 25506688, 39328]]
Arch_Param: [32, 16384, 16384, 32, 512, 16]
SK_cost: [18386846312.64865, [231342.25675675675, 7236196, 231526584, 254884, 163368120, 186529]] [7886356908.0, [101871.0, 2666607, 85328676, 86895, 85328676, 105327]] [578251000.0, [6516.66666666657, 195230, 6247200, 13150, 6247200, 13130]] [10499660184.0, [111661.33333333023, 3553222, 113702944, 38734, 113702944, 120604]] [989578072.0, [10950.0, 347142, 11083824, 4918, 10314288, 10118]] [567171115953.6067, [7107532.350000086, 191813655, 6138012243, 5340891, 6138012243, 7110363]] [19655505496.0, [213685.3333333333, 6749302, 215891136, 256606, 209089728, 300512]]
Model_cost: [12035326405.135136, [597.7618243243244, 6384228, 204263608, 364068, 49400505, 84962]] [7547892396.0, [7467.0, 2666607, 85328676, 86895, 77870628, 92331]] [577626872.0, [15.333333333333332, 195230, 6247200, 13150, 6247200, 13130]] [9669675960.0, [2511.6666666666665, 3327942, 106002464, 38734, 103509152, 115866]] [760724920.0, [107.0, 272070, 8678448, 5062, 7767792, 9938]] [566449432833.5999, [1109.3500000000001, 191813655, 6138012243, 5340891, 6137123727, 7106490]] [2396619432.0, [91.5, 823990, 26356864, 33054, 25506688, 39328]]
Arch_Param: [32, 16384, 16384, 32, 512, 64]
SK_cost: [18386846312.64865, [231342.25675675675, 7236196, 231526584, 254884, 163368120, 186529]] [7886356908.0, [101871.0, 2666607, 85328676, 86895, 85328676, 105327]] [578251000.0, [6516.66666666657, 195230, 6247200, 13150, 6247200, 13130]] [10499660184.0, [111661.33333333023, 3553222, 113702944, 38734, 113702944, 120604]] [989578072.0, [10950.0, 347142, 11083824, 4918, 10314288, 10118]] [567171115953.6067, [7107532.350000086, 191813655, 6138012243, 5340891, 6138012243, 7110363]] [19655505496.0, [213685.3333333333, 6749302, 215891136, 256606, 209089728, 300512]]
Model_cost: [12027993989.135136, [591.7618243243244, 6384228, 204263608, 254884, 49400505, 81378]] [7547892396.0, [7467.0, 2666607, 85328676, 86895, 77870628, 92331]] [577626872.0, [15.333333333333332, 195230, 6247200, 13150, 6247200, 13130]] [9669675960.0, [2511.6666666666665, 3327942, 106002464, 38734, 103509152, 115866]] [760724920.0, [107.0, 272070, 8678448, 5062, 7767792, 9938]] [566449432833.5999, [1109.3500000000001, 191813655, 6138012243, 5340891, 6137123727, 7106490]] [2396619432.0, [91.5, 823990, 26356864, 33054, 25506688, 39328]]
Arch_Param: [32, 16384, 16384, 32, 512, 128]
SK_cost: [18386846312.64865, [231342.25675675675, 7236196, 231526584, 254884, 163368120, 186529]] [7886356908.0, [101871.0, 2666607, 85328676, 86895, 85328676, 105327]] [578251000.0, [6516.66666666657, 195230, 6247200, 13150, 6247200, 13130]] [10499660184.0, [111661.33333333023, 3553222, 113702944, 38734, 113702944, 120604]] [989578072.0, [10950.0, 347142, 11083824, 4918, 10314288, 10118]] [567171115953.6067, [7107532.350000086, 191813655, 6138012243, 5340891, 6138012243, 7110363]] [19655505496.0, [213685.3333333333, 6749302, 215891136, 256606, 209089728, 300512]]
Model_cost: [12027993989.135136, [591.7618243243244, 6384228, 204263608, 254884, 49400505, 81378]] [7547892396.0, [7467.0, 2666607, 85328676, 86895, 77870628, 92331]] [577626872.0, [15.333333333333332, 195230, 6247200, 13150, 6247200, 13130]] [9669675960.0, [2511.6666666666665, 3327942, 106002464, 38734, 103509152, 115866]] [760724920.0, [107.0, 272070, 8678448, 5062, 7767792, 9938]] [566449432833.5999, [1109.3500000000001, 191813655, 6138012243, 5340891, 6137123727, 7106490]] [2396619432.0, [91.5, 823990, 26356864, 33054, 25506688, 39328]]
Arch_Param: [32, 16384, 16384, 32, 512, 256]
SK_cost: [18386846312.64865, [231342.25675675675, 7236196, 231526584, 254884, 163368120, 186529]] [7886356908.0, [101871.0, 2666607, 85328676, 86895, 85328676, 105327]] [578251000.0, [6516.66666666657, 195230, 6247200, 13150, 6247200, 13130]] [10499660184.0, [111661.33333333023, 3553222, 113702944, 38734, 113702944, 120604]] [989578072.0, [10950.0, 347142, 11083824, 4918, 10314288, 10118]] [567171115953.6067, [7107532.350000086, 191813655, 6138012243, 5340891, 6138012243, 7110363]] [19655505496.0, [213685.3333333333, 6749302, 215891136, 256606, 209089728, 300512]]
Model_cost: [12027993989.135136, [591.7618243243244, 6384228, 204263608, 254884, 49400505, 81378]] [7547892396.0, [7467.0, 2666607, 85328676, 86895, 77870628, 92331]] [577626872.0, [15.333333333333332, 195230, 6247200, 13150, 6247200, 13130]] [9669675960.0, [2511.6666666666665, 3327942, 106002464, 38734, 103509152, 115866]] [760715032.0, [104.0, 271974, 8678448, 4918, 7767792, 9938]] [566449432833.5999, [1109.3500000000001, 191813655, 6138012243, 5340891, 6137123727, 7106490]] [2396619432.0, [91.5, 823990, 26356864, 33054, 25506688, 39328]]
Arch_Param: [32, 16384, 16384, 32, 512, 512]
SK_cost: [18386846312.64865, [231342.25675675675, 7236196, 231526584, 254884, 163368120, 186529]] [7886356908.0, [101871.0, 2666607, 85328676, 86895, 85328676, 105327]] [578251000.0, [6516.66666666657, 195230, 6247200, 13150, 6247200, 13130]] [10499660184.0, [111661.33333333023, 3553222, 113702944, 38734, 113702944, 120604]] [989578072.0, [10950.0, 347142, 11083824, 4918, 10314288, 10118]] [567171115953.6067, [7107532.350000086, 191813655, 6138012243, 5340891, 6138012243, 7110363]] [19655505496.0, [213685.3333333333, 6749302, 215891136, 256606, 209089728, 300512]]
Model_cost: [12027993989.135136, [591.7618243243244, 6384228, 204263608, 254884, 49400505, 81378]] [7547892396.0, [7467.0, 2666607, 85328676, 86895, 77870628, 92331]] [577626872.0, [15.333333333333332, 195230, 6247200, 13150, 6247200, 13130]] [9669675960.0, [2511.6666666666665, 3327942, 106002464, 38734, 103509152, 115866]] [760715032.0, [104.0, 271974, 8678448, 4918, 7767792, 9938]] [566449432833.5999, [1109.3500000000001, 191813655, 6138012243, 5340891, 6137123727, 7106490]] [2396619432.0, [91.5, 823990, 26356864, 33054, 25506688, 39328]]
Arch_Param: [32, 16384, 16384, 32, 1024, 16]
SK_cost: [18372381084.64865, [231342.25675675675, 3619937, 231526584, 254881, 163368120, 186529]] [7881023916.0, [101871.0, 1333359, 85328676, 86895, 85328676, 105327]] [577885520.0, [6516.66666666657, 104020, 6247200, 13140, 6247200, 13130]] [10492577440.0, [111661.33333333023, 1783016, 113702944, 38704, 113702944, 120604]] [988885848.0, [10950.0, 174086, 11083824, 4918, 10314288, 10118]] [566787490497.6067, [7107532.350000086, 95907291, 6138012243, 5340891, 6138012243, 7110363]] [19642016428.0, [213685.3333333333, 3377979, 215891136, 256547, 209089728, 300512]]
Model_cost: [12022565113.135136, [597.7618243243244, 3193953, 204263608, 364065, 49400505, 84962]] [7542559404.0, [7467.0, 1333359, 85328676, 86895, 77870628, 92331]] [577261392.0, [15.333333333333332, 104020, 6247200, 13140, 6247200, 13130]] [9663084736.0, [2511.6666666666665, 1680616, 106002464, 38704, 103509152, 115866]] [760183224.0, [107.0, 136646, 8678448, 5062, 7767792, 9938]] [566065807377.5999, [1109.3500000000001, 95907291, 6138012243, 5340891, 6137123727, 7106490]] [2394969340.0, [91.5, 412411, 26356864, 32995, 25506688, 39328]]
Arch_Param: [32, 16384, 16384, 32, 1024, 64]
SK_cost: [18372381084.64865, [231342.25675675675, 3619937, 231526584, 254881, 163368120, 186529]] [7881023916.0, [101871.0, 1333359, 85328676, 86895, 85328676, 105327]] [577885520.0, [6516.66666666657, 104020, 6247200, 13140, 6247200, 13130]] [10492577440.0, [111661.33333333023, 1783016, 113702944, 38704, 113702944, 120604]] [988885848.0, [10950.0, 174086, 11083824, 4918, 10314288, 10118]] [566787490497.6067, [7107532.350000086, 95907291, 6138012243, 5340891, 6138012243, 7110363]] [19642016428.0, [213685.3333333333, 3377979, 215891136, 256547, 209089728, 300512]]
Model_cost: [12015232697.135136, [591.7618243243244, 3193953, 204263608, 254881, 49400505, 81378]] [7542559404.0, [7467.0, 1333359, 85328676, 86895, 77870628, 92331]] [577261392.0, [15.333333333333332, 104020, 6247200, 13140, 6247200, 13130]] [9663084736.0, [2511.6666666666665, 1680616, 106002464, 38704, 103509152, 115866]] [760183224.0, [107.0, 136646, 8678448, 5062, 7767792, 9938]] [566065807377.5999, [1109.3500000000001, 95907291, 6138012243, 5340891, 6137123727, 7106490]] [2394969340.0, [91.5, 412411, 26356864, 32995, 25506688, 39328]]
Arch_Param: [32, 16384, 16384, 32, 1024, 128]
SK_cost: [18372381084.64865, [231342.25675675675, 3619937, 231526584, 254881, 163368120, 186529]] [7881023916.0, [101871.0, 1333359, 85328676, 86895, 85328676, 105327]] [577885520.0, [6516.66666666657, 104020, 6247200, 13140, 6247200, 13130]] [10492577440.0, [111661.33333333023, 1783016, 113702944, 38704, 113702944, 120604]] [988885848.0, [10950.0, 174086, 11083824, 4918, 10314288, 10118]] [566787490497.6067, [7107532.350000086, 95907291, 6138012243, 5340891, 6138012243, 7110363]] [19642016428.0, [213685.3333333333, 3377979, 215891136, 256547, 209089728, 300512]]
Model_cost: [12015232697.135136, [591.7618243243244, 3193953, 204263608, 254881, 49400505, 81378]] [7542559404.0, [7467.0, 1333359, 85328676, 86895, 77870628, 92331]] [577261392.0, [15.333333333333332, 104020, 6247200, 13140, 6247200, 13130]] [9663084736.0, [2511.6666666666665, 1680616, 106002464, 38704, 103509152, 115866]] [760183224.0, [107.0, 136646, 8678448, 5062, 7767792, 9938]] [566065807377.5999, [1109.3500000000001, 95907291, 6138012243, 5340891, 6137123727, 7106490]] [2394969340.0, [91.5, 412411, 26356864, 32995, 25506688, 39328]]
Arch_Param: [32, 16384, 16384, 32, 1024, 256]
SK_cost: [18372381084.64865, [231342.25675675675, 3619937, 231526584, 254881, 163368120, 186529]] [7881023916.0, [101871.0, 1333359, 85328676, 86895, 85328676, 105327]] [577885520.0, [6516.66666666657, 104020, 6247200, 13140, 6247200, 13130]] [10492577440.0, [111661.33333333023, 1783016, 113702944, 38704, 113702944, 120604]] [988885848.0, [10950.0, 174086, 11083824, 4918, 10314288, 10118]] [566787490497.6067, [7107532.350000086, 95907291, 6138012243, 5340891, 6138012243, 7110363]] [19642016428.0, [213685.3333333333, 3377979, 215891136, 256547, 209089728, 300512]]
Model_cost: [12015232697.135136, [591.7618243243244, 3193953, 204263608, 254881, 49400505, 81378]] [7542559404.0, [7467.0, 1333359, 85328676, 86895, 77870628, 92331]] [577261392.0, [15.333333333333332, 104020, 6247200, 13140, 6247200, 13130]] [9663084736.0, [2511.6666666666665, 1680616, 106002464, 38704, 103509152, 115866]] [760173144.0, [104.0, 136502, 8678448, 4918, 7767792, 9938]] [566065807377.5999, [1109.3500000000001, 95907291, 6138012243, 5340891, 6137123727, 7106490]] [2394969340.0, [91.5, 412411, 26356864, 32995, 25506688, 39328]]
Arch_Param: [32, 16384, 16384, 32, 1024, 512]
SK_cost: [18372381084.64865, [231342.25675675675, 3619937, 231526584, 254881, 163368120, 186529]] [7881023916.0, [101871.0, 1333359, 85328676, 86895, 85328676, 105327]] [577885520.0, [6516.66666666657, 104020, 6247200, 13140, 6247200, 13130]] [10492577440.0, [111661.33333333023, 1783016, 113702944, 38704, 113702944, 120604]] [988885848.0, [10950.0, 174086, 11083824, 4918, 10314288, 10118]] [566787490497.6067, [7107532.350000086, 95907291, 6138012243, 5340891, 6138012243, 7110363]] [19642016428.0, [213685.3333333333, 3377979, 215891136, 256547, 209089728, 300512]]
Model_cost: [12015232697.135136, [591.7618243243244, 3193953, 204263608, 254881, 49400505, 81378]] [7542559404.0, [7467.0, 1333359, 85328676, 86895, 77870628, 92331]] [577261392.0, [15.333333333333332, 104020, 6247200, 13140, 6247200, 13130]] [9663084736.0, [2511.6666666666665, 1680616, 106002464, 38704, 103509152, 115866]] [760173144.0, [104.0, 136502, 8678448, 4918, 7767792, 9938]] [566065807377.5999, [1109.3500000000001, 95907291, 6138012243, 5340891, 6137123727, 7106490]] [2394969340.0, [91.5, 412411, 26356864, 32995, 25506688, 39328]]
Arch_Param: [32, 16384, 8192, 4, 256, 16]
SK_cost: [111076280793.33333, [2931941.5555555555, 91214401, 1459298552, 1634145, 913427640, 919009]] [12953448876.0, [388719.0, 10223727, 163578660, 164463, 113640228, 132975]] [579668040.0, [13130.0, 390450, 6247200, 13170, 6247200, 13130]] [10524614920.0, [223516.0, 7106434, 113702944, 38794, 113702944, 120604]] [7887837016.0, [175110.0, 5545990, 88670256, 39302, 81420848, 79558]] [986300295408.0, [28428270.0, 767215743, 12275433555, 10680855, 8855921235, 9764571]] [33401875376.0, [851781.3333333333, 26148076, 417716928, 820436, 297170112, 386528]]
Model_cost: [64520433880.0, [7286.75, 80564801, 1288904952, 2316545, 49400505, 84962]] [11342232876.0, [15687.0, 10223727, 163578660, 201327, 77870628, 92331]] [578409576.0, [21.0, 390450, 6247200, 13170, 6247200, 13130]] [9683148872.0, [5004.0, 6635394, 106002464, 38794, 103509152, 115866]] [3698619800, [1416, 4343302, 69427248, 91654, 7767792, 9938]] [863915688576.0, [2925.0, 767215743, 12275433555, 14219799, 6137123727, 7106490]] [3432639308.0, [417.625, 2983404, 47652928, 113364, 25506688, 39328]]
Arch_Param: [32, 16384, 8192, 4, 256, 64]
SK_cost: [111076280793.33333, [2931941.5555555555, 91214401, 1459298552, 1634145, 913427640, 919009]] [12953448876.0, [388719.0, 10223727, 163578660, 164463, 113640228, 132975]] [579668040.0, [13130.0, 390450, 6247200, 13170, 6247200, 13130]] [10524614920.0, [223516.0, 7106434, 113702944, 38794, 113702944, 120604]] [7887837016.0, [175110.0, 5545990, 88670256, 39302, 81420848, 79558]] [986300295408.0, [28428270.0, 767215743, 12275433555, 10680855, 8855921235, 9764571]] [33401875376.0, [851781.3333333333, 26148076, 417716928, 820436, 297170112, 386528]]
Model_cost: [64520433880.0, [7286.75, 80564801, 1288904952, 2316545, 49400505, 84962]] [11339873580.0, [15687.0, 10223727, 163578660, 164463, 77870628, 92331]] [578409576.0, [21.0, 390450, 6247200, 13170, 6247200, 13130]] [9683148872.0, [5004.0, 6635394, 106002464, 38794, 103509152, 115866]] [3698619800, [1416, 4343302, 69427248, 91654, 7767792, 9938]] [863689196160.0, [2925.0, 767215743, 12275433555, 10680855, 6137123727, 7106490]] [3432246092.0, [417.625, 2983404, 47652928, 107220, 25506688, 39328]]
Arch_Param: [32, 16384, 8192, 4, 256, 128]
SK_cost: [111076280793.33333, [2931941.5555555555, 91214401, 1459298552, 1634145, 913427640, 919009]] [12953448876.0, [388719.0, 10223727, 163578660, 164463, 113640228, 132975]] [579668040.0, [13130.0, 390450, 6247200, 13170, 6247200, 13130]] [10524614920.0, [223516.0, 7106434, 113702944, 38794, 113702944, 120604]] [7887837016.0, [175110.0, 5545990, 88670256, 39302, 81420848, 79558]] [986300295408.0, [28428270.0, 767215743, 12275433555, 10680855, 8855921235, 9764571]] [33401875376.0, [851781.3333333333, 26148076, 417716928, 820436, 297170112, 386528]]
Model_cost: [64520433880.0, [7286.75, 80564801, 1288904952, 2316545, 49400505, 84962]] [11339873580.0, [15687.0, 10223727, 163578660, 164463, 77870628, 92331]] [578409576.0, [21.0, 390450, 6247200, 13170, 6247200, 13130]] [9683148872.0, [5004.0, 6635394, 106002464, 38794, 103509152, 115866]] [3695343000, [1416, 4343302, 69427248, 40454, 7767792, 9938]] [863689196160.0, [2925.0, 767215743, 12275433555, 10680855, 6137123727, 7106490]] [3432016716.0, [417.625, 2983404, 47652928, 103636, 25506688, 39328]]
Arch_Param: [32, 16384, 8192, 4, 256, 256]
SK_cost: [111076280793.33333, [2931941.5555555555, 91214401, 1459298552, 1634145, 913427640, 919009]] [12953448876.0, [388719.0, 10223727, 163578660, 164463, 113640228, 132975]] [579668040.0, [13130.0, 390450, 6247200, 13170, 6247200, 13130]] [10524614920.0, [223516.0, 7106434, 113702944, 38794, 113702944, 120604]] [7887837016.0, [175110.0, 5545990, 88670256, 39302, 81420848, 79558]] [986300295408.0, [28428270.0, 767215743, 12275433555, 10680855, 8855921235, 9764571]] [33401875376.0, [851781.3333333333, 26148076, 417716928, 820436, 297170112, 386528]]
Model_cost: [64520433880.0, [7286.75, 80564801, 1288904952, 2316545, 49400505, 84962]] [11339873580.0, [15687.0, 10223727, 163578660, 164463, 77870628, 92331]] [578409576.0, [21.0, 390450, 6247200, 13170, 6247200, 13130]] [9683148872.0, [5004.0, 6635394, 106002464, 38794, 103509152, 115866]] [3695343000, [1416, 4343302, 69427248, 40454, 7767792, 9938]] [863689196160.0, [2925.0, 767215743, 12275433555, 10680855, 6137123727, 7106490]] [3432016716.0, [417.625, 2983404, 47652928, 103636, 25506688, 39328]]
Arch_Param: [32, 16384, 8192, 4, 512, 16]
SK_cost: [110893851173.33333, [2931941.5555555555, 45607460, 1459298552, 1634116, 913427640, 919009]] [12933001644.0, [388719.0, 5111919, 163578660, 164463, 113640228, 132975]] [578885880.0, [13130.0, 195230, 6247200, 13150, 6247200, 13130]] [10510398232.0, [223516.0, 3553222, 113702944, 38734, 113702944, 120604]] [7876761432.0, [175110.0, 2777094, 88670256, 39302, 81420848, 79558]] [984765867312.0, [28428270.0, 383608719, 12275433555, 10680855, 8855921235, 9764571]] [33349571672.0, [851781.3333333333, 13074038, 417716928, 820318, 297170112, 386528]]
Model_cost: [64359303460.0, [7286.75, 40282660, 1288904952, 2316516, 49400505, 84962]] [11321785644.0, [15687.0, 5111919, 163578660, 201327, 77870628, 92331]] [577627416.0, [21.0, 195230, 6247200, 13150, 6247200, 13130]] [9669915224.0, [5004.0, 3327942, 106002464, 38734, 103509152, 115866]] [3689952664, [1416, 2176518, 69427248, 91654, 7767792, 9938]] [862381260480.0, [2925.0, 383608719, 12275433555, 14219799, 6137123727, 7106490]] [3426664948.0, [417.625, 1491702, 47652928, 113246, 25506688, 39328]]
Arch_Param: [32, 16384, 8192, 4, 512, 64]
SK_cost: [110893851173.33333, [2931941.5555555555, 45607460, 1459298552, 1634116, 913427640, 919009]] [12933001644.0, [388719.0, 5111919, 163578660, 164463, 113640228, 132975]] [578885880.0, [13130.0, 195230, 6247200, 13150, 6247200, 13130]] [10510398232.0, [223516.0, 3553222, 113702944, 38734, 113702944, 120604]] [7876761432.0, [175110.0, 2777094, 88670256, 39302, 81420848, 79558]] [984765867312.0, [28428270.0, 383608719, 12275433555, 10680855, 8855921235, 9764571]] [33349571672.0, [851781.3333333333, 13074038, 417716928, 820318, 297170112, 386528]]
Model_cost: [64359303460.0, [7286.75, 40282660, 1288904952, 2316516, 49400505, 84962]] [11319426348.0, [15687.0, 5111919, 163578660, 164463, 77870628, 92331]] [577627416.0, [21.0, 195230, 6247200, 13150, 6247200, 13130]] [9669915224.0, [5004.0, 3327942, 106002464, 38734, 103509152, 115866]] [3689952664, [1416, 2176518, 69427248, 91654, 7767792, 9938]] [862154768064.0, [2925.0, 383608719, 12275433555, 10680855, 6137123727, 7106490]] [3426271732.0, [417.625, 1491702, 47652928, 107102, 25506688, 39328]]
Arch_Param: [32, 16384, 8192, 4, 512, 128]
SK_cost: [110893851173.33333, [2931941.5555555555, 45607460, 1459298552, 1634116, 913427640, 919009]] [12933001644.0, [388719.0, 5111919, 163578660, 164463, 113640228, 132975]] [578885880.0, [13130.0, 195230, 6247200, 13150, 6247200, 13130]] [10510398232.0, [223516.0, 3553222, 113702944, 38734, 113702944, 120604]] [7876761432.0, [175110.0, 2777094, 88670256, 39302, 81420848, 79558]] [984765867312.0, [28428270.0, 383608719, 12275433555, 10680855, 8855921235, 9764571]] [33349571672.0, [851781.3333333333, 13074038, 417716928, 820318, 297170112, 386528]]
Model_cost: [64359303460.0, [7286.75, 40282660, 1288904952, 2316516, 49400505, 84962]] [11319426348.0, [15687.0, 5111919, 163578660, 164463, 77870628, 92331]] [577627416.0, [21.0, 195230, 6247200, 13150, 6247200, 13130]] [9669915224.0, [5004.0, 3327942, 106002464, 38734, 103509152, 115866]] [3686675864, [1416, 2176518, 69427248, 40454, 7767792, 9938]] [862154768064.0, [2925.0, 383608719, 12275433555, 10680855, 6137123727, 7106490]] [3426042356.0, [417.625, 1491702, 47652928, 103518, 25506688, 39328]]
Arch_Param: [32, 16384, 8192, 4, 512, 256]
SK_cost: [110893851173.33333, [2931941.5555555555, 45607460, 1459298552, 1634116, 913427640, 919009]] [12933001644.0, [388719.0, 5111919, 163578660, 164463, 113640228, 132975]] [578885880.0, [13130.0, 195230, 6247200, 13150, 6247200, 13130]] [10510398232.0, [223516.0, 3553222, 113702944, 38734, 113702944, 120604]] [7876761432.0, [175110.0, 2777094, 88670256, 39302, 81420848, 79558]] [984765867312.0, [28428270.0, 383608719, 12275433555, 10680855, 8855921235, 9764571]] [33349571672.0, [851781.3333333333, 13074038, 417716928, 820318, 297170112, 386528]]
Model_cost: [64359303460.0, [7286.75, 40282660, 1288904952, 2316516, 49400505, 84962]] [11319426348.0, [15687.0, 5111919, 163578660, 164463, 77870628, 92331]] [577627416.0, [21.0, 195230, 6247200, 13150, 6247200, 13130]] [9669915224.0, [5004.0, 3327942, 106002464, 38734, 103509152, 115866]] [3686675864, [1416, 2176518, 69427248, 40454, 7767792, 9938]] [862154768064.0, [2925.0, 383608719, 12275433555, 10680855, 6137123727, 7106490]] [3426042356.0, [417.625, 1491702, 47652928, 103518, 25506688, 39328]]
Arch_Param: [32, 16384, 8192, 4, 512, 512]
SK_cost: [110893851173.33333, [2931941.5555555555, 45607460, 1459298552, 1634116, 913427640, 919009]] [12933001644.0, [388719.0, 5111919, 163578660, 164463, 113640228, 132975]] [578885880.0, [13130.0, 195230, 6247200, 13150, 6247200, 13130]] [10510398232.0, [223516.0, 3553222, 113702944, 38734, 113702944, 120604]] [7876761432.0, [175110.0, 2777094, 88670256, 39302, 81420848, 79558]] [984765867312.0, [28428270.0, 383608719, 12275433555, 10680855, 8855921235, 9764571]] [33349571672.0, [851781.3333333333, 13074038, 417716928, 820318, 297170112, 386528]]
Model_cost: [64315282052.0, [7247.75, 40282660, 1288904952, 1634116, 49400505, 81378]] [11319426348.0, [15687.0, 5111919, 163578660, 164463, 77870628, 92331]] [577627416.0, [21.0, 195230, 6247200, 13150, 6247200, 13130]] [9669915224.0, [5004.0, 3327942, 106002464, 38734, 103509152, 115866]] [3686675864, [1416, 2176518, 69427248, 40454, 7767792, 9938]] [862154768064.0, [2925.0, 383608719, 12275433555, 10680855, 6137123727, 7106490]] [3426042356.0, [417.625, 1491702, 47652928, 103518, 25506688, 39328]]
Arch_Param: [32, 16384, 8192, 4, 1024, 16]
SK_cost: [110802686809.33333, [2931941.5555555555, 22816417, 1459298552, 1634113, 913427640, 919009]] [12922778028.0, [388719.0, 2556015, 163578660, 164463, 113640228, 132975]] [578520400.0, [13130.0, 104020, 6247200, 13140, 6247200, 13130]] [10503315488.0, [223516.0, 1783016, 113702944, 38704, 113702944, 120604]] [7871223640.0, [175110.0, 1392646, 88670256, 39302, 81420848, 79558]] [983998653264.0, [28428270.0, 191805207, 12275433555, 10680855, 8855921235, 9764571]] [33323520172.0, [851781.3333333333, 6562107, 417716928, 820259, 297170112, 386528]]
Model_cost: [64278788696.0, [7286.75, 20154017, 1288904952, 2316513, 49400505, 84962]] [11311562028.0, [15687.0, 2556015, 163578660, 201327, 77870628, 92331]] [577261936.0, [21.0, 104020, 6247200, 13140, 6247200, 13130]] [9663324000.0, [5004.0, 1680616, 106002464, 38704, 103509152, 115866]] [3685619096, [1416, 1093126, 69427248, 91654, 7767792, 9938]] [861614046432.0, [2925.0, 191805207, 12275433555, 14219799, 6137123727, 7106490]] [3423690312.0, [417.625, 748987, 47652928, 113187, 25506688, 39328]]
Arch_Param: [32, 16384, 8192, 4, 1024, 64]
SK_cost: [110802686809.33333, [2931941.5555555555, 22816417, 1459298552, 1634113, 913427640, 919009]] [12922778028.0, [388719.0, 2556015, 163578660, 164463, 113640228, 132975]] [578520400.0, [13130.0, 104020, 6247200, 13140, 6247200, 13130]] [10503315488.0, [223516.0, 1783016, 113702944, 38704, 113702944, 120604]] [7871223640.0, [175110.0, 1392646, 88670256, 39302, 81420848, 79558]] [983998653264.0, [28428270.0, 191805207, 12275433555, 10680855, 8855921235, 9764571]] [33323520172.0, [851781.3333333333, 6562107, 417716928, 820259, 297170112, 386528]]
Model_cost: [64278788696.0, [7286.75, 20154017, 1288904952, 2316513, 49400505, 84962]] [11309202732.0, [15687.0, 2556015, 163578660, 164463, 77870628, 92331]] [577261936.0, [21.0, 104020, 6247200, 13140, 6247200, 13130]] [9663324000.0, [5004.0, 1680616, 106002464, 38704, 103509152, 115866]] [3685619096, [1416, 1093126, 69427248, 91654, 7767792, 9938]] [861387554016.0, [2925.0, 191805207, 12275433555, 10680855, 6137123727, 7106490]] [3423297096.0, [417.625, 748987, 47652928, 107043, 25506688, 39328]]
Arch_Param: [32, 16384, 8192, 4, 1024, 128]
SK_cost: [110802686809.33333, [2931941.5555555555, 22816417, 1459298552, 1634113, 913427640, 919009]] [12922778028.0, [388719.0, 2556015, 163578660, 164463, 113640228, 132975]] [578520400.0, [13130.0, 104020, 6247200, 13140, 6247200, 13130]] [10503315488.0, [223516.0, 1783016, 113702944, 38704, 113702944, 120604]] [7871223640.0, [175110.0, 1392646, 88670256, 39302, 81420848, 79558]] [983998653264.0, [28428270.0, 191805207, 12275433555, 10680855, 8855921235, 9764571]] [33323520172.0, [851781.3333333333, 6562107, 417716928, 820259, 297170112, 386528]]
Model_cost: [64278788696.0, [7286.75, 20154017, 1288904952, 2316513, 49400505, 84962]] [11309202732.0, [15687.0, 2556015, 163578660, 164463, 77870628, 92331]] [577261936.0, [21.0, 104020, 6247200, 13140, 6247200, 13130]] [9663324000.0, [5004.0, 1680616, 106002464, 38704, 103509152, 115866]] [3682342296, [1416, 1093126, 69427248, 40454, 7767792, 9938]] [861387554016.0, [2925.0, 191805207, 12275433555, 10680855, 6137123727, 7106490]] [3423067720.0, [417.625, 748987, 47652928, 103459, 25506688, 39328]]
Arch_Param: [32, 16384, 8192, 4, 1024, 256]
SK_cost: [110802686809.33333, [2931941.5555555555, 22816417, 1459298552, 1634113, 913427640, 919009]] [12922778028.0, [388719.0, 2556015, 163578660, 164463, 113640228, 132975]] [578520400.0, [13130.0, 104020, 6247200, 13140, 6247200, 13130]] [10503315488.0, [223516.0, 1783016, 113702944, 38704, 113702944, 120604]] [7871223640.0, [175110.0, 1392646, 88670256, 39302, 81420848, 79558]] [983998653264.0, [28428270.0, 191805207, 12275433555, 10680855, 8855921235, 9764571]] [33323520172.0, [851781.3333333333, 6562107, 417716928, 820259, 297170112, 386528]]
Model_cost: [64278788696.0, [7286.75, 20154017, 1288904952, 2316513, 49400505, 84962]] [11309202732.0, [15687.0, 2556015, 163578660, 164463, 77870628, 92331]] [577261936.0, [21.0, 104020, 6247200, 13140, 6247200, 13130]] [9663324000.0, [5004.0, 1680616, 106002464, 38704, 103509152, 115866]] [3682342296, [1416, 1093126, 69427248, 40454, 7767792, 9938]] [861387554016.0, [2925.0, 191805207, 12275433555, 10680855, 6137123727, 7106490]] [3423067720.0, [417.625, 748987, 47652928, 103459, 25506688, 39328]]
Arch_Param: [32, 16384, 8192, 4, 1024, 512]
SK_cost: [110802686809.33333, [2931941.5555555555, 22816417, 1459298552, 1634113, 913427640, 919009]] [12922778028.0, [388719.0, 2556015, 163578660, 164463, 113640228, 132975]] [578520400.0, [13130.0, 104020, 6247200, 13140, 6247200, 13130]] [10503315488.0, [223516.0, 1783016, 113702944, 38704, 113702944, 120604]] [7871223640.0, [175110.0, 1392646, 88670256, 39302, 81420848, 79558]] [983998653264.0, [28428270.0, 191805207, 12275433555, 10680855, 8855921235, 9764571]] [33323520172.0, [851781.3333333333, 6562107, 417716928, 820259, 297170112, 386528]]
Model_cost: [64234767288.0, [7247.75, 20154017, 1288904952, 1634113, 49400505, 81378]] [11309202732.0, [15687.0, 2556015, 163578660, 164463, 77870628, 92331]] [577261936.0, [21.0, 104020, 6247200, 13140, 6247200, 13130]] [9663324000.0, [5004.0, 1680616, 106002464, 38704, 103509152, 115866]] [3682342296, [1416, 1093126, 69427248, 40454, 7767792, 9938]] [861387554016.0, [2925.0, 191805207, 12275433555, 10680855, 6137123727, 7106490]] [3423067720.0, [417.625, 748987, 47652928, 103459, 25506688, 39328]]
Arch_Param: [32, 16384, 8192, 8, 256, 16]
SK_cost: [58132978990.666664, [1520515.7777777778, 47352385, 757568376, 845281, 484822200, 500449]] [7906791852.0, [203631.0, 5333103, 85328676, 86895, 85328676, 105327]] [579668040.0, [13130.0, 390450, 6247200, 13170, 6247200, 13130]] [10524614920.0, [223516.0, 7106434, 113702944, 38794, 113702944, 120604]] [3947366232.0, [87558.0, 2772998, 44335152, 19654, 40788528, 39878]] [568620682080.0, [14214982.5, 383626383, 6138012243, 5340891, 6138012243, 7110363]] [23873280944.0, [563098.6666666666, 17443052, 278762688, 474836, 234255552, 325088]]
Model_cost: [34536467902.66667, [3801.152777777778, 41814593, 668963704, 1200129, 49400505, 84962]] [7559264556.0, [14823.0, 5333103, 85328676, 86895, 77870628, 92331]] [578409576.0, [21.0, 390450, 6247200, 13170, 6247200, 13130]] [9683148872.0, [5004.0, 6635394, 106002464, 38794, 103509152, 115866]] [2020679992, [711, 2171654, 34713648, 45830, 7767792, 9938]] [567216782352.0, [2136.5, 383626383, 6138012243, 5340891, 6137123727, 7106490]] [2714611852.0, [255.625, 2055020, 32839552, 62484, 25506688, 39328]]
Arch_Param: [32, 16384, 8192, 8, 256, 64]
SK_cost: [58132978990.666664, [1520515.7777777778, 47352385, 757568376, 845281, 484822200, 500449]] [7906791852.0, [203631.0, 5333103, 85328676, 86895, 85328676, 105327]] [579668040.0, [13130.0, 390450, 6247200, 13170, 6247200, 13130]] [10524614920.0, [223516.0, 7106434, 113702944, 38794, 113702944, 120604]] [3947366232.0, [87558.0, 2772998, 44335152, 19654, 40788528, 39878]] [568620682080.0, [14214982.5, 383626383, 6138012243, 5340891, 6138012243, 7110363]] [23873280944.0, [563098.6666666666, 17443052, 278762688, 474836, 234255552, 325088]]
Model_cost: [34536467902.66667, [3801.152777777778, 41814593, 668963704, 1200129, 49400505, 84962]] [7559264556.0, [14823.0, 5333103, 85328676, 86895, 77870628, 92331]] [578409576.0, [21.0, 390450, 6247200, 13170, 6247200, 13130]] [9683148872.0, [5004.0, 6635394, 106002464, 38794, 103509152, 115866]] [2019041592, [711, 2171654, 34713648, 20230, 7767792, 9938]] [567216782352.0, [2136.5, 383626383, 6138012243, 5340891, 6137123727, 7106490]] [2714480396.0, [251.625, 2055020, 32839552, 60436, 25506688, 39328]]
Arch_Param: [32, 16384, 8192, 8, 256, 128]
SK_cost: [58132978990.666664, [1520515.7777777778, 47352385, 757568376, 845281, 484822200, 500449]] [7906791852.0, [203631.0, 5333103, 85328676, 86895, 85328676, 105327]] [579668040.0, [13130.0, 390450, 6247200, 13170, 6247200, 13130]] [10524614920.0, [223516.0, 7106434, 113702944, 38794, 113702944, 120604]] [3947366232.0, [87558.0, 2772998, 44335152, 19654, 40788528, 39878]] [568620682080.0, [14214982.5, 383626383, 6138012243, 5340891, 6138012243, 7110363]] [23873280944.0, [563098.6666666666, 17443052, 278762688, 474836, 234255552, 325088]]
Model_cost: [34536467902.66667, [3801.152777777778, 41814593, 668963704, 1200129, 49400505, 84962]] [7559264556.0, [14823.0, 5333103, 85328676, 86895, 77870628, 92331]] [578409576.0, [21.0, 390450, 6247200, 13170, 6247200, 13130]] [9683148872.0, [5004.0, 6635394, 106002464, 38794, 103509152, 115866]] [2019041592, [711, 2171654, 34713648, 20230, 7767792, 9938]] [567216782352.0, [2136.5, 383626383, 6138012243, 5340891, 6137123727, 7106490]] [2714480396.0, [251.625, 2055020, 32839552, 60436, 25506688, 39328]]
Arch_Param: [32, 16384, 8192, 8, 256, 256]
SK_cost: [58132978990.666664, [1520515.7777777778, 47352385, 757568376, 845281, 484822200, 500449]] [7906791852.0, [203631.0, 5333103, 85328676, 86895, 85328676, 105327]] [579668040.0, [13130.0, 390450, 6247200, 13170, 6247200, 13130]] [10524614920.0, [223516.0, 7106434, 113702944, 38794, 113702944, 120604]] [3947366232.0, [87558.0, 2772998, 44335152, 19654, 40788528, 39878]] [568620682080.0, [14214982.5, 383626383, 6138012243, 5340891, 6138012243, 7110363]] [23873280944.0, [563098.6666666666, 17443052, 278762688, 474836, 234255552, 325088]]
Model_cost: [34513410206.66667, [3766.152777777778, 41814593, 668963704, 845281, 49400505, 81378]] [7559264556.0, [14823.0, 5333103, 85328676, 86895, 77870628, 92331]] [578409576.0, [21.0, 390450, 6247200, 13170, 6247200, 13130]] [9683148872.0, [5004.0, 6635394, 106002464, 38794, 103509152, 115866]] [2019041592, [711, 2171654, 34713648, 20230, 7767792, 9938]] [567216782352.0, [2136.5, 383626383, 6138012243, 5340891, 6137123727, 7106490]] [2714480396.0, [251.625, 2055020, 32839552, 60436, 25506688, 39328]]
Arch_Param: [32, 16384, 8192, 8, 512, 16]
SK_cost: [58038273402.666664, [1520515.7777777778, 23676452, 757568376, 845252, 484822200, 500449]] [7896125868.0, [203631.0, 2666607, 85328676, 86895, 85328676, 105327]] [578885880.0, [13130.0, 195230, 6247200, 13150, 6247200, 13130]] [10510398232.0, [223516.0, 3553222, 113702944, 38734, 113702944, 120604]] [3941828440.0, [87558.0, 1388550, 44335152, 19654, 40788528, 39878]] [567853431168.0, [14214982.5, 191813655, 6138012243, 5340891, 6138012243, 7110363]] [23838387288.0, [563098.6666666666, 8721526, 278762688, 474718, 234255552, 325088]]
Model_cost: [34452837898.66667, [3801.152777777778, 20907556, 668963704, 1200100, 49400505, 84962]] [7548598572.0, [14823.0, 2666607, 85328676, 86895, 77870628, 92331]] [577627416.0, [21.0, 195230, 6247200, 13150, 6247200, 13130]] [9669915224.0, [5004.0, 3327942, 106002464, 38734, 103509152, 115866]] [2016346424, [711, 1088262, 34713648, 45830, 7767792, 9938]] [566449531440.0, [2136.5, 191813655, 6138012243, 5340891, 6137123727, 7106490]] [2710494260.0, [255.625, 1027510, 32839552, 62366, 25506688, 39328]]
Arch_Param: [32, 16384, 8192, 8, 512, 64]
SK_cost: [58038273402.666664, [1520515.7777777778, 23676452, 757568376, 845252, 484822200, 500449]] [7896125868.0, [203631.0, 2666607, 85328676, 86895, 85328676, 105327]] [578885880.0, [13130.0, 195230, 6247200, 13150, 6247200, 13130]] [10510398232.0, [223516.0, 3553222, 113702944, 38734, 113702944, 120604]] [3941828440.0, [87558.0, 1388550, 44335152, 19654, 40788528, 39878]] [567853431168.0, [14214982.5, 191813655, 6138012243, 5340891, 6138012243, 7110363]] [23838387288.0, [563098.6666666666, 8721526, 278762688, 474718, 234255552, 325088]]
Model_cost: [34452837898.66667, [3801.152777777778, 20907556, 668963704, 1200100, 49400505, 84962]] [7548598572.0, [14823.0, 2666607, 85328676, 86895, 77870628, 92331]] [577627416.0, [21.0, 195230, 6247200, 13150, 6247200, 13130]] [9669915224.0, [5004.0, 3327942, 106002464, 38734, 103509152, 115866]] [2014708024, [711, 1088262, 34713648, 20230, 7767792, 9938]] [566449531440.0, [2136.5, 191813655, 6138012243, 5340891, 6137123727, 7106490]] [2710362804.0, [251.625, 1027510, 32839552, 60318, 25506688, 39328]]
Arch_Param: [32, 16384, 8192, 8, 512, 128]
SK_cost: [58038273402.666664, [1520515.7777777778, 23676452, 757568376, 845252, 484822200, 500449]] [7896125868.0, [203631.0, 2666607, 85328676, 86895, 85328676, 105327]] [578885880.0, [13130.0, 195230, 6247200, 13150, 6247200, 13130]] [10510398232.0, [223516.0, 3553222, 113702944, 38734, 113702944, 120604]] [3941828440.0, [87558.0, 1388550, 44335152, 19654, 40788528, 39878]] [567853431168.0, [14214982.5, 191813655, 6138012243, 5340891, 6138012243, 7110363]] [23838387288.0, [563098.6666666666, 8721526, 278762688, 474718, 234255552, 325088]]
Model_cost: [34452837898.66667, [3801.152777777778, 20907556, 668963704, 1200100, 49400505, 84962]] [7548598572.0, [14823.0, 2666607, 85328676, 86895, 77870628, 92331]] [577627416.0, [21.0, 195230, 6247200, 13150, 6247200, 13130]] [9669915224.0, [5004.0, 3327942, 106002464, 38734, 103509152, 115866]] [2014708024, [711, 1088262, 34713648, 20230, 7767792, 9938]] [566449531440.0, [2136.5, 191813655, 6138012243, 5340891, 6137123727, 7106490]] [2710362804.0, [251.625, 1027510, 32839552, 60318, 25506688, 39328]]
Arch_Param: [32, 16384, 8192, 8, 512, 256]
SK_cost: [58038273402.666664, [1520515.7777777778, 23676452, 757568376, 845252, 484822200, 500449]] [7896125868.0, [203631.0, 2666607, 85328676, 86895, 85328676, 105327]] [578885880.0, [13130.0, 195230, 6247200, 13150, 6247200, 13130]] [10510398232.0, [223516.0, 3553222, 113702944, 38734, 113702944, 120604]] [3941828440.0, [87558.0, 1388550, 44335152, 19654, 40788528, 39878]] [567853431168.0, [14214982.5, 191813655, 6138012243, 5340891, 6138012243, 7110363]] [23838387288.0, [563098.6666666666, 8721526, 278762688, 474718, 234255552, 325088]]
Model_cost: [34429780202.66667, [3766.152777777778, 20907556, 668963704, 845252, 49400505, 81378]] [7548598572.0, [14823.0, 2666607, 85328676, 86895, 77870628, 92331]] [577627416.0, [21.0, 195230, 6247200, 13150, 6247200, 13130]] [9669915224.0, [5004.0, 3327942, 106002464, 38734, 103509152, 115866]] [2014708024, [711, 1088262, 34713648, 20230, 7767792, 9938]] [566449531440.0, [2136.5, 191813655, 6138012243, 5340891, 6137123727, 7106490]] [2710362804.0, [251.625, 1027510, 32839552, 60318, 25506688, 39328]]
Arch_Param: [32, 16384, 8192, 8, 512, 512]
SK_cost: [58038273402.666664, [1520515.7777777778, 23676452, 757568376, 845252, 484822200, 500449]] [7896125868.0, [203631.0, 2666607, 85328676, 86895, 85328676, 105327]] [578885880.0, [13130.0, 195230, 6247200, 13150, 6247200, 13130]] [10510398232.0, [223516.0, 3553222, 113702944, 38734, 113702944, 120604]] [3941828440.0, [87558.0, 1388550, 44335152, 19654, 40788528, 39878]] [567853431168.0, [14214982.5, 191813655, 6138012243, 5340891, 6138012243, 7110363]] [23838387288.0, [563098.6666666666, 8721526, 278762688, 474718, 234255552, 325088]]
Model_cost: [34429780202.66667, [3766.152777777778, 20907556, 668963704, 845252, 49400505, 81378]] [7548598572.0, [14823.0, 2666607, 85328676, 86895, 77870628, 92331]] [577627416.0, [21.0, 195230, 6247200, 13150, 6247200, 13130]] [9669915224.0, [5004.0, 3327942, 106002464, 38734, 103509152, 115866]] [2014708024, [711, 1088262, 34713648, 20230, 7767792, 9938]] [566449531440.0, [2136.5, 191813655, 6138012243, 5340891, 6137123727, 7106490]] [2710362804.0, [251.625, 1027510, 32839552, 60318, 25506688, 39328]]
Arch_Param: [32, 16384, 8192, 8, 1024, 16]
SK_cost: [57990946222.666664, [1520515.7777777778, 11844705, 757568376, 845249, 484822200, 500449]] [7890792876.0, [203631.0, 1333359, 85328676, 86895, 85328676, 105327]] [578520400.0, [13130.0, 104020, 6247200, 13140, 6247200, 13130]] [10503315488.0, [223516.0, 1783016, 113702944, 38704, 113702944, 120604]] [3939059544.0, [87558.0, 696326, 44335152, 19654, 40788528, 39878]] [567469805712.0, [14214982.5, 95907291, 6138012243, 5340891, 6138012243, 7110363]] [23820990636.0, [563098.6666666666, 4373307, 278762688, 474659, 234255552, 325088]]
Model_cost: [34411048510.66667, [3801.152777777778, 10460257, 668963704, 1200097, 49400505, 84962]] [7543265580.0, [14823.0, 1333359, 85328676, 86895, 77870628, 92331]] [577261936.0, [21.0, 104020, 6247200, 13140, 6247200, 13130]] [9663324000.0, [5004.0, 1680616, 106002464, 38704, 103509152, 115866]] [2014179640, [711, 546566, 34713648, 45830, 7767792, 9938]] [566065905984.0, [2136.5, 95907291, 6138012243, 5340891, 6137123727, 7106490]] [2708441736.0, [255.625, 515323, 32839552, 62307, 25506688, 39328]]
Arch_Param: [32, 16384, 8192, 8, 1024, 64]
SK_cost: [57990946222.666664, [1520515.7777777778, 11844705, 757568376, 845249, 484822200, 500449]] [7890792876.0, [203631.0, 1333359, 85328676, 86895, 85328676, 105327]] [578520400.0, [13130.0, 104020, 6247200, 13140, 6247200, 13130]] [10503315488.0, [223516.0, 1783016, 113702944, 38704, 113702944, 120604]] [3939059544.0, [87558.0, 696326, 44335152, 19654, 40788528, 39878]] [567469805712.0, [14214982.5, 95907291, 6138012243, 5340891, 6138012243, 7110363]] [23820990636.0, [563098.6666666666, 4373307, 278762688, 474659, 234255552, 325088]]
Model_cost: [34411048510.66667, [3801.152777777778, 10460257, 668963704, 1200097, 49400505, 84962]] [7543265580.0, [14823.0, 1333359, 85328676, 86895, 77870628, 92331]] [577261936.0, [21.0, 104020, 6247200, 13140, 6247200, 13130]] [9663324000.0, [5004.0, 1680616, 106002464, 38704, 103509152, 115866]] [2012541240, [711, 546566, 34713648, 20230, 7767792, 9938]] [566065905984.0, [2136.5, 95907291, 6138012243, 5340891, 6137123727, 7106490]] [2708310280.0, [251.625, 515323, 32839552, 60259, 25506688, 39328]]
Arch_Param: [32, 16384, 8192, 8, 1024, 128]
SK_cost: [57990946222.666664, [1520515.7777777778, 11844705, 757568376, 845249, 484822200, 500449]] [7890792876.0, [203631.0, 1333359, 85328676, 86895, 85328676, 105327]] [578520400.0, [13130.0, 104020, 6247200, 13140, 6247200, 13130]] [10503315488.0, [223516.0, 1783016, 113702944, 38704, 113702944, 120604]] [3939059544.0, [87558.0, 696326, 44335152, 19654, 40788528, 39878]] [567469805712.0, [14214982.5, 95907291, 6138012243, 5340891, 6138012243, 7110363]] [23820990636.0, [563098.6666666666, 4373307, 278762688, 474659, 234255552, 325088]]
Model_cost: [34411048510.66667, [3801.152777777778, 10460257, 668963704, 1200097, 49400505, 84962]] [7543265580.0, [14823.0, 1333359, 85328676, 86895, 77870628, 92331]] [577261936.0, [21.0, 104020, 6247200, 13140, 6247200, 13130]] [9663324000.0, [5004.0, 1680616, 106002464, 38704, 103509152, 115866]] [2012541240, [711, 546566, 34713648, 20230, 7767792, 9938]] [566065905984.0, [2136.5, 95907291, 6138012243, 5340891, 6137123727, 7106490]] [2708310280.0, [251.625, 515323, 32839552, 60259, 25506688, 39328]]
Arch_Param: [32, 16384, 8192, 8, 1024, 256]
SK_cost: [57990946222.666664, [1520515.7777777778, 11844705, 757568376, 845249, 484822200, 500449]] [7890792876.0, [203631.0, 1333359, 85328676, 86895, 85328676, 105327]] [578520400.0, [13130.0, 104020, 6247200, 13140, 6247200, 13130]] [10503315488.0, [223516.0, 1783016, 113702944, 38704, 113702944, 120604]] [3939059544.0, [87558.0, 696326, 44335152, 19654, 40788528, 39878]] [567469805712.0, [14214982.5, 95907291, 6138012243, 5340891, 6138012243, 7110363]] [23820990636.0, [563098.6666666666, 4373307, 278762688, 474659, 234255552, 325088]]
Model_cost: [34387990814.66667, [3766.152777777778, 10460257, 668963704, 845249, 49400505, 81378]] [7543265580.0, [14823.0, 1333359, 85328676, 86895, 77870628, 92331]] [577261936.0, [21.0, 104020, 6247200, 13140, 6247200, 13130]] [9663324000.0, [5004.0, 1680616, 106002464, 38704, 103509152, 115866]] [2012541240, [711, 546566, 34713648, 20230, 7767792, 9938]] [566065905984.0, [2136.5, 95907291, 6138012243, 5340891, 6137123727, 7106490]] [2708310280.0, [251.625, 515323, 32839552, 60259, 25506688, 39328]]
Arch_Param: [32, 16384, 8192, 8, 1024, 512]
SK_cost: [57990946222.666664, [1520515.7777777778, 11844705, 757568376, 845249, 484822200, 500449]] [7890792876.0, [203631.0, 1333359, 85328676, 86895, 85328676, 105327]] [578520400.0, [13130.0, 104020, 6247200, 13140, 6247200, 13130]] [10503315488.0, [223516.0, 1783016, 113702944, 38704, 113702944, 120604]] [3939059544.0, [87558.0, 696326, 44335152, 19654, 40788528, 39878]] [567469805712.0, [14214982.5, 95907291, 6138012243, 5340891, 6138012243, 7110363]] [23820990636.0, [563098.6666666666, 4373307, 278762688, 474659, 234255552, 325088]]
Model_cost: [34387990814.66667, [3766.152777777778, 10460257, 668963704, 845249, 49400505, 81378]] [7543265580.0, [14823.0, 1333359, 85328676, 86895, 77870628, 92331]] [577261936.0, [21.0, 104020, 6247200, 13140, 6247200, 13130]] [9663324000.0, [5004.0, 1680616, 106002464, 38704, 103509152, 115866]] [2012541240, [711, 546566, 34713648, 20230, 7767792, 9938]] [566065905984.0, [2136.5, 95907291, 6138012243, 5340891, 6137123727, 7106490]] [2708310280.0, [251.625, 515323, 32839552, 60259, 25506688, 39328]]
Arch_Param: [32, 16384, 8192, 16, 256, 16]
SK_cost: [31667833305.333332, [815146.8888888889, 25429697, 406836408, 451617, 270519480, 291169]] [7906791852.0, [203631.0, 5333103, 85328676, 86895, 85328676, 105327]] [579668040.0, [13130.0, 390450, 6247200, 13170, 6247200, 13130]] [10524614920.0, [223516.0, 7106434, 113702944, 38794, 113702944, 120604]] [1977130840.0, [43782.0, 1386502, 22167600, 9830, 20472368, 20038]] [568620682080.0, [14214982.5, 383626383, 6138012243, 5340891, 6138012243, 7110363]] [21093108656.0, [472602.6666666667, 14813420, 236848320, 329428, 217478336, 308704]]
Model_cost: [19550957145.333336, [2058.7638888888887, 22447809, 359126200, 642689, 49400505, 84962]] [7559264556.0, [14823.0, 5333103, 85328676, 86895, 77870628, 92331]] [578409576.0, [21.0, 390450, 6247200, 13170, 6247200, 13130]] [9683148872.0, [5004.0, 6635394, 106002464, 38794, 103509152, 115866]] [1181710136, [359, 1085830, 17356848, 22918, 7767792, 9938]] [567216782352.0, [2136.5, 383626383, 6138012243, 5340891, 6137123727, 7106490]] [2504845092.0, [187.875, 1783660, 28517760, 43284, 25506688, 39328]]
Arch_Param: [32, 16384, 8192, 16, 256, 64]
SK_cost: [31667833305.333332, [815146.8888888889, 25429697, 406836408, 451617, 270519480, 291169]] [7906791852.0, [203631.0, 5333103, 85328676, 86895, 85328676, 105327]] [579668040.0, [13130.0, 390450, 6247200, 13170, 6247200, 13130]] [10524614920.0, [223516.0, 7106434, 113702944, 38794, 113702944, 120604]] [1977130840.0, [43782.0, 1386502, 22167600, 9830, 20472368, 20038]] [568620682080.0, [14214982.5, 383626383, 6138012243, 5340891, 6138012243, 7110363]] [21093108656.0, [472602.6666666667, 14813420, 236848320, 329428, 217478336, 308704]]
Model_cost: [19550957145.333336, [2058.7638888888887, 22447809, 359126200, 642689, 49400505, 84962]] [7559264556.0, [14823.0, 5333103, 85328676, 86895, 77870628, 92331]] [578409576.0, [21.0, 390450, 6247200, 13170, 6247200, 13130]] [9683148872.0, [5004.0, 6635394, 106002464, 38794, 103509152, 115866]] [1180890936, [359, 1085830, 17356848, 10118, 7767792, 9938]] [567216782352.0, [2136.5, 383626383, 6138012243, 5340891, 6137123727, 7106490]] [2504779172.0, [183.875, 1783660, 28517760, 42260, 25506688, 39328]]
Arch_Param: [32, 16384, 8192, 16, 256, 128]
SK_cost: [31667833305.333332, [815146.8888888889, 25429697, 406836408, 451617, 270519480, 291169]] [7906791852.0, [203631.0, 5333103, 85328676, 86895, 85328676, 105327]] [579668040.0, [13130.0, 390450, 6247200, 13170, 6247200, 13130]] [10524614920.0, [223516.0, 7106434, 113702944, 38794, 113702944, 120604]] [1977130840.0, [43782.0, 1386502, 22167600, 9830, 20472368, 20038]] [568620682080.0, [14214982.5, 383626383, 6138012243, 5340891, 6138012243, 7110363]] [21093108656.0, [472602.6666666667, 14813420, 236848320, 329428, 217478336, 308704]]
Model_cost: [19538381305.333336, [2025.763888888889, 22447809, 359126200, 451617, 49400505, 81378]] [7559264556.0, [14823.0, 5333103, 85328676, 86895, 77870628, 92331]] [578409576.0, [21.0, 390450, 6247200, 13170, 6247200, 13130]] [9683148872.0, [5004.0, 6635394, 106002464, 38794, 103509152, 115866]] [1180890936, [359, 1085830, 17356848, 10118, 7767792, 9938]] [567216782352.0, [2136.5, 383626383, 6138012243, 5340891, 6137123727, 7106490]] [2504779172.0, [183.875, 1783660, 28517760, 42260, 25506688, 39328]]
Arch_Param: [32, 16384, 8192, 16, 256, 256]
SK_cost: [31667833305.333332, [815146.8888888889, 25429697, 406836408, 451617, 270519480, 291169]] [7906791852.0, [203631.0, 5333103, 85328676, 86895, 85328676, 105327]] [579668040.0, [13130.0, 390450, 6247200, 13170, 6247200, 13130]] [10524614920.0, [223516.0, 7106434, 113702944, 38794, 113702944, 120604]] [1977130840.0, [43782.0, 1386502, 22167600, 9830, 20472368, 20038]] [568620682080.0, [14214982.5, 383626383, 6138012243, 5340891, 6138012243, 7110363]] [21093108656.0, [472602.6666666667, 14813420, 236848320, 329428, 217478336, 308704]]
Model_cost: [19538381305.333336, [2025.763888888889, 22447809, 359126200, 451617, 49400505, 81378]] [7559264556.0, [14823.0, 5333103, 85328676, 86895, 77870628, 92331]] [578409576.0, [21.0, 390450, 6247200, 13170, 6247200, 13130]] [9683148872.0, [5004.0, 6635394, 106002464, 38794, 103509152, 115866]] [1180890936, [359, 1085830, 17356848, 10118, 7767792, 9938]] [567216782352.0, [2136.5, 383626383, 6138012243, 5340891, 6137123727, 7106490]] [2504779172.0, [183.875, 1783660, 28517760, 42260, 25506688, 39328]]
Arch_Param: [32, 16384, 8192, 16, 512, 16]
SK_cost: [31616973093.333332, [815146.8888888889, 12715108, 406836408, 451588, 270519480, 291169]] [7896125868.0, [203631.0, 2666607, 85328676, 86895, 85328676, 105327]] [578885880.0, [13130.0, 195230, 6247200, 13150, 6247200, 13130]] [10510398232.0, [223516.0, 3553222, 113702944, 38734, 113702944, 120604]] [1974361944.0, [43782.0, 694278, 22167600, 9830, 20472368, 20038]] [567853431168.0, [14214982.5, 191813655, 6138012243, 5340891, 6138012243, 7110363]] [21063474264.0, [472602.6666666667, 7406710, 236848320, 329310, 217478336, 308704]]
Model_cost: [19506060709.333336, [2058.7638888888887, 11224164, 359126200, 642660, 49400505, 84962]] [7548598572.0, [14823.0, 2666607, 85328676, 86895, 77870628, 92331]] [577627416.0, [21.0, 195230, 6247200, 13150, 6247200, 13130]] [9669915224.0, [5004.0, 3327942, 106002464, 38734, 103509152, 115866]] [1179543352, [359, 544134, 17356848, 22918, 7767792, 9938]] [566449531440.0, [2136.5, 191813655, 6138012243, 5340891, 6137123727, 7106490]] [2501270220.0, [187.875, 891830, 28517760, 43166, 25506688, 39328]]
Arch_Param: [32, 16384, 8192, 16, 512, 64]
SK_cost: [31616973093.333332, [815146.8888888889, 12715108, 406836408, 451588, 270519480, 291169]] [7896125868.0, [203631.0, 2666607, 85328676, 86895, 85328676, 105327]] [578885880.0, [13130.0, 195230, 6247200, 13150, 6247200, 13130]] [10510398232.0, [223516.0, 3553222, 113702944, 38734, 113702944, 120604]] [1974361944.0, [43782.0, 694278, 22167600, 9830, 20472368, 20038]] [567853431168.0, [14214982.5, 191813655, 6138012243, 5340891, 6138012243, 7110363]] [21063474264.0, [472602.6666666667, 7406710, 236848320, 329310, 217478336, 308704]]
Model_cost: [19506060709.333336, [2058.7638888888887, 11224164, 359126200, 642660, 49400505, 84962]] [7548598572.0, [14823.0, 2666607, 85328676, 86895, 77870628, 92331]] [577627416.0, [21.0, 195230, 6247200, 13150, 6247200, 13130]] [9669915224.0, [5004.0, 3327942, 106002464, 38734, 103509152, 115866]] [1178724152, [359, 544134, 17356848, 10118, 7767792, 9938]] [566449531440.0, [2136.5, 191813655, 6138012243, 5340891, 6137123727, 7106490]] [2501204300.0, [183.875, 891830, 28517760, 42142, 25506688, 39328]]
Arch_Param: [32, 16384, 8192, 16, 512, 128]
SK_cost: [31616973093.333332, [815146.8888888889, 12715108, 406836408, 451588, 270519480, 291169]] [7896125868.0, [203631.0, 2666607, 85328676, 86895, 85328676, 105327]] [578885880.0, [13130.0, 195230, 6247200, 13150, 6247200, 13130]] [10510398232.0, [223516.0, 3553222, 113702944, 38734, 113702944, 120604]] [1974361944.0, [43782.0, 694278, 22167600, 9830, 20472368, 20038]] [567853431168.0, [14214982.5, 191813655, 6138012243, 5340891, 6138012243, 7110363]] [21063474264.0, [472602.6666666667, 7406710, 236848320, 329310, 217478336, 308704]]
Model_cost: [19493484869.333336, [2025.763888888889, 11224164, 359126200, 451588, 49400505, 81378]] [7548598572.0, [14823.0, 2666607, 85328676, 86895, 77870628, 92331]] [577627416.0, [21.0, 195230, 6247200, 13150, 6247200, 13130]] [9669915224.0, [5004.0, 3327942, 106002464, 38734, 103509152, 115866]] [1178724152, [359, 544134, 17356848, 10118, 7767792, 9938]] [566449531440.0, [2136.5, 191813655, 6138012243, 5340891, 6137123727, 7106490]] [2501204300.0, [183.875, 891830, 28517760, 42142, 25506688, 39328]]
Arch_Param: [32, 16384, 8192, 16, 512, 256]
SK_cost: [31616973093.333332, [815146.8888888889, 12715108, 406836408, 451588, 270519480, 291169]] [7896125868.0, [203631.0, 2666607, 85328676, 86895, 85328676, 105327]] [578885880.0, [13130.0, 195230, 6247200, 13150, 6247200, 13130]] [10510398232.0, [223516.0, 3553222, 113702944, 38734, 113702944, 120604]] [1974361944.0, [43782.0, 694278, 22167600, 9830, 20472368, 20038]] [567853431168.0, [14214982.5, 191813655, 6138012243, 5340891, 6138012243, 7110363]] [21063474264.0, [472602.6666666667, 7406710, 236848320, 329310, 217478336, 308704]]
Model_cost: [19493484869.333336, [2025.763888888889, 11224164, 359126200, 451588, 49400505, 81378]] [7548598572.0, [14823.0, 2666607, 85328676, 86895, 77870628, 92331]] [577627416.0, [21.0, 195230, 6247200, 13150, 6247200, 13130]] [9669915224.0, [5004.0, 3327942, 106002464, 38734, 103509152, 115866]] [1178724152, [359, 544134, 17356848, 10118, 7767792, 9938]] [566449531440.0, [2136.5, 191813655, 6138012243, 5340891, 6137123727, 7106490]] [2501204300.0, [183.875, 891830, 28517760, 42142, 25506688, 39328]]
Arch_Param: [32, 16384, 8192, 16, 512, 512]
SK_cost: [31616973093.333332, [815146.8888888889, 12715108, 406836408, 451588, 270519480, 291169]] [7896125868.0, [203631.0, 2666607, 85328676, 86895, 85328676, 105327]] [578885880.0, [13130.0, 195230, 6247200, 13150, 6247200, 13130]] [10510398232.0, [223516.0, 3553222, 113702944, 38734, 113702944, 120604]] [1974361944.0, [43782.0, 694278, 22167600, 9830, 20472368, 20038]] [567853431168.0, [14214982.5, 191813655, 6138012243, 5340891, 6138012243, 7110363]] [21063474264.0, [472602.6666666667, 7406710, 236848320, 329310, 217478336, 308704]]
Model_cost: [19493484869.333336, [2025.763888888889, 11224164, 359126200, 451588, 49400505, 81378]] [7548598572.0, [14823.0, 2666607, 85328676, 86895, 77870628, 92331]] [577627416.0, [21.0, 195230, 6247200, 13150, 6247200, 13130]] [9669915224.0, [5004.0, 3327942, 106002464, 38734, 103509152, 115866]] [1178704952, [359, 543942, 17356848, 9830, 7767792, 9938]] [566449531440.0, [2136.5, 191813655, 6138012243, 5340891, 6137123727, 7106490]] [2501204300.0, [183.875, 891830, 28517760, 42142, 25506688, 39328]]
Arch_Param: [32, 16384, 8192, 16, 1024, 16]
SK_cost: [31591556185.333332, [815146.8888888889, 6360929, 406836408, 451585, 270519480, 291169]] [7890792876.0, [203631.0, 1333359, 85328676, 86895, 85328676, 105327]] [578520400.0, [13130.0, 104020, 6247200, 13140, 6247200, 13130]] [10503315488.0, [223516.0, 1783016, 113702944, 38704, 113702944, 120604]] [1972977496.0, [43782.0, 348166, 22167600, 9830, 20472368, 20038]] [567469805712.0, [14214982.5, 95907291, 6138012243, 5340891, 6138012243, 7110363]] [21048682668.0, [472602.6666666667, 3709755, 236848320, 329251, 217478336, 308704]]
Model_cost: [19483625689.333336, [2058.7638888888887, 5615457, 359126200, 642657, 49400505, 84962]] [7543265580.0, [14823.0, 1333359, 85328676, 86895, 77870628, 92331]] [577261936.0, [21.0, 104020, 6247200, 13140, 6247200, 13130]] [9663324000.0, [5004.0, 1680616, 106002464, 38704, 103509152, 115866]] [1178459960, [359, 273286, 17356848, 22918, 7767792, 9938]] [566065905984.0, [2136.5, 95907291, 6138012243, 5340891, 6137123727, 7106490]] [2499485984.0, [187.875, 446715, 28517760, 43107, 25506688, 39328]]
Arch_Param: [32, 16384, 8192, 16, 1024, 64]
SK_cost: [31591556185.333332, [815146.8888888889, 6360929, 406836408, 451585, 270519480, 291169]] [7890792876.0, [203631.0, 1333359, 85328676, 86895, 85328676, 105327]] [578520400.0, [13130.0, 104020, 6247200, 13140, 6247200, 13130]] [10503315488.0, [223516.0, 1783016, 113702944, 38704, 113702944, 120604]] [1972977496.0, [43782.0, 348166, 22167600, 9830, 20472368, 20038]] [567469805712.0, [14214982.5, 95907291, 6138012243, 5340891, 6138012243, 7110363]] [21048682668.0, [472602.6666666667, 3709755, 236848320, 329251, 217478336, 308704]]
Model_cost: [19483625689.333336, [2058.7638888888887, 5615457, 359126200, 642657, 49400505, 84962]] [7543265580.0, [14823.0, 1333359, 85328676, 86895, 77870628, 92331]] [577261936.0, [21.0, 104020, 6247200, 13140, 6247200, 13130]] [9663324000.0, [5004.0, 1680616, 106002464, 38704, 103509152, 115866]] [1177640760, [359, 273286, 17356848, 10118, 7767792, 9938]] [566065905984.0, [2136.5, 95907291, 6138012243, 5340891, 6137123727, 7106490]] [2499420064.0, [183.875, 446715, 28517760, 42083, 25506688, 39328]]
Arch_Param: [32, 16384, 8192, 16, 1024, 128]
SK_cost: [31591556185.333332, [815146.8888888889, 6360929, 406836408, 451585, 270519480, 291169]] [7890792876.0, [203631.0, 1333359, 85328676, 86895, 85328676, 105327]] [578520400.0, [13130.0, 104020, 6247200, 13140, 6247200, 13130]] [10503315488.0, [223516.0, 1783016, 113702944, 38704, 113702944, 120604]] [1972977496.0, [43782.0, 348166, 22167600, 9830, 20472368, 20038]] [567469805712.0, [14214982.5, 95907291, 6138012243, 5340891, 6138012243, 7110363]] [21048682668.0, [472602.6666666667, 3709755, 236848320, 329251, 217478336, 308704]]
Model_cost: [19471049849.333336, [2025.763888888889, 5615457, 359126200, 451585, 49400505, 81378]] [7543265580.0, [14823.0, 1333359, 85328676, 86895, 77870628, 92331]] [577261936.0, [21.0, 104020, 6247200, 13140, 6247200, 13130]] [9663324000.0, [5004.0, 1680616, 106002464, 38704, 103509152, 115866]] [1177640760, [359, 273286, 17356848, 10118, 7767792, 9938]] [566065905984.0, [2136.5, 95907291, 6138012243, 5340891, 6137123727, 7106490]] [2499420064.0, [183.875, 446715, 28517760, 42083, 25506688, 39328]]
Arch_Param: [32, 16384, 8192, 16, 1024, 256]
SK_cost: [31591556185.333332, [815146.8888888889, 6360929, 406836408, 451585, 270519480, 291169]] [7890792876.0, [203631.0, 1333359, 85328676, 86895, 85328676, 105327]] [578520400.0, [13130.0, 104020, 6247200, 13140, 6247200, 13130]] [10503315488.0, [223516.0, 1783016, 113702944, 38704, 113702944, 120604]] [1972977496.0, [43782.0, 348166, 22167600, 9830, 20472368, 20038]] [567469805712.0, [14214982.5, 95907291, 6138012243, 5340891, 6138012243, 7110363]] [21048682668.0, [472602.6666666667, 3709755, 236848320, 329251, 217478336, 308704]]
Model_cost: [19471049849.333336, [2025.763888888889, 5615457, 359126200, 451585, 49400505, 81378]] [7543265580.0, [14823.0, 1333359, 85328676, 86895, 77870628, 92331]] [577261936.0, [21.0, 104020, 6247200, 13140, 6247200, 13130]] [9663324000.0, [5004.0, 1680616, 106002464, 38704, 103509152, 115866]] [1177640760, [359, 273286, 17356848, 10118, 7767792, 9938]] [566065905984.0, [2136.5, 95907291, 6138012243, 5340891, 6137123727, 7106490]] [2499420064.0, [183.875, 446715, 28517760, 42083, 25506688, 39328]]
Arch_Param: [32, 16384, 8192, 16, 1024, 512]
SK_cost: [31591556185.333332, [815146.8888888889, 6360929, 406836408, 451585, 270519480, 291169]] [7890792876.0, [203631.0, 1333359, 85328676, 86895, 85328676, 105327]] [578520400.0, [13130.0, 104020, 6247200, 13140, 6247200, 13130]] [10503315488.0, [223516.0, 1783016, 113702944, 38704, 113702944, 120604]] [1972977496.0, [43782.0, 348166, 22167600, 9830, 20472368, 20038]] [567469805712.0, [14214982.5, 95907291, 6138012243, 5340891, 6138012243, 7110363]] [21048682668.0, [472602.6666666667, 3709755, 236848320, 329251, 217478336, 308704]]
Model_cost: [19471049849.333336, [2025.763888888889, 5615457, 359126200, 451585, 49400505, 81378]] [7543265580.0, [14823.0, 1333359, 85328676, 86895, 77870628, 92331]] [577261936.0, [21.0, 104020, 6247200, 13140, 6247200, 13130]] [9663324000.0, [5004.0, 1680616, 106002464, 38704, 103509152, 115866]] [1177621176, [359, 272998, 17356848, 9830, 7767792, 9938]] [566065905984.0, [2136.5, 95907291, 6138012243, 5340891, 6137123727, 7106490]] [2499420064.0, [183.875, 446715, 28517760, 42083, 25506688, 39328]]
Arch_Param: [32, 16384, 8192, 32, 256, 16]
SK_cost: [18437997017.333336, [462656.22222222225, 14471873, 231526584, 254913, 163368120, 186529]] [7906791852.0, [203631.0, 5333103, 85328676, 86895, 85328676, 105327]] [579668040.0, [13130.0, 390450, 6247200, 13170, 6247200, 13130]] [10524614920.0, [223516.0, 7106434, 113702944, 38794, 113702944, 120604]] [992013144.0, [21894.0, 693254, 11083824, 4918, 10314288, 10118]] [568620682080.0, [14214982.5, 383626383, 6138012243, 5340891, 6138012243, 7110363]] [19703022512.0, [427354.6666666666, 13498604, 215891136, 256724, 209089728, 300512]]
Model_cost: [12060915881.333332, [1147.5972222222222, 12767937, 204263608, 364097, 49400505, 84962]] [7559264556.0, [14823.0, 5333103, 85328676, 86895, 77870628, 92331]] [578409576.0, [21.0, 390450, 6247200, 13170, 6247200, 13130]] [9683148872.0, [5004.0, 6635394, 106002464, 38794, 103509152, 115866]] [761816376, [191, 542918, 8678448, 5062, 7767792, 9938]] [567216782352.0, [2136.5, 383626383, 6138012243, 5340891, 6137123727, 7106490]] [2399928656.0, [151.0, 1647980, 26356864, 33172, 25506688, 39328]]
Arch_Param: [32, 16384, 8192, 32, 256, 64]
SK_cost: [18437997017.333336, [462656.22222222225, 14471873, 231526584, 254913, 163368120, 186529]] [7906791852.0, [203631.0, 5333103, 85328676, 86895, 85328676, 105327]] [579668040.0, [13130.0, 390450, 6247200, 13170, 6247200, 13130]] [10524614920.0, [223516.0, 7106434, 113702944, 38794, 113702944, 120604]] [992013144.0, [21894.0, 693254, 11083824, 4918, 10314288, 10118]] [568620682080.0, [14214982.5, 383626383, 6138012243, 5340891, 6138012243, 7110363]] [19703022512.0, [427354.6666666666, 13498604, 215891136, 256724, 209089728, 300512]]
Model_cost: [12053583657.333332, [1143.5972222222222, 12767937, 204263608, 254913, 49400505, 81378]] [7559264556.0, [14823.0, 5333103, 85328676, 86895, 77870628, 92331]] [578409576.0, [21.0, 390450, 6247200, 13170, 6247200, 13130]] [9683148872.0, [5004.0, 6635394, 106002464, 38794, 103509152, 115866]] [761816376, [191, 542918, 8678448, 5062, 7767792, 9938]] [567216782352.0, [2136.5, 383626383, 6138012243, 5340891, 6137123727, 7106490]] [2399928656.0, [151.0, 1647980, 26356864, 33172, 25506688, 39328]]
Arch_Param: [32, 16384, 8192, 32, 256, 128]
SK_cost: [18437997017.333336, [462656.22222222225, 14471873, 231526584, 254913, 163368120, 186529]] [7906791852.0, [203631.0, 5333103, 85328676, 86895, 85328676, 105327]] [579668040.0, [13130.0, 390450, 6247200, 13170, 6247200, 13130]] [10524614920.0, [223516.0, 7106434, 113702944, 38794, 113702944, 120604]] [992013144.0, [21894.0, 693254, 11083824, 4918, 10314288, 10118]] [568620682080.0, [14214982.5, 383626383, 6138012243, 5340891, 6138012243, 7110363]] [19703022512.0, [427354.6666666666, 13498604, 215891136, 256724, 209089728, 300512]]
Model_cost: [12053583657.333332, [1143.5972222222222, 12767937, 204263608, 254913, 49400505, 81378]] [7559264556.0, [14823.0, 5333103, 85328676, 86895, 77870628, 92331]] [578409576.0, [21.0, 390450, 6247200, 13170, 6247200, 13130]] [9683148872.0, [5004.0, 6635394, 106002464, 38794, 103509152, 115866]] [761816376, [191, 542918, 8678448, 5062, 7767792, 9938]] [567216782352.0, [2136.5, 383626383, 6138012243, 5340891, 6137123727, 7106490]] [2399928656.0, [151.0, 1647980, 26356864, 33172, 25506688, 39328]]
Arch_Param: [32, 16384, 8192, 32, 256, 256]
SK_cost: [18437997017.333336, [462656.22222222225, 14471873, 231526584, 254913, 163368120, 186529]] [7906791852.0, [203631.0, 5333103, 85328676, 86895, 85328676, 105327]] [579668040.0, [13130.0, 390450, 6247200, 13170, 6247200, 13130]] [10524614920.0, [223516.0, 7106434, 113702944, 38794, 113702944, 120604]] [992013144.0, [21894.0, 693254, 11083824, 4918, 10314288, 10118]] [568620682080.0, [14214982.5, 383626383, 6138012243, 5340891, 6138012243, 7110363]] [19703022512.0, [427354.6666666666, 13498604, 215891136, 256724, 209089728, 300512]]
Model_cost: [12053583657.333332, [1143.5972222222222, 12767937, 204263608, 254913, 49400505, 81378]] [7559264556.0, [14823.0, 5333103, 85328676, 86895, 77870628, 92331]] [578409576.0, [21.0, 390450, 6247200, 13170, 6247200, 13130]] [9683148872.0, [5004.0, 6635394, 106002464, 38794, 103509152, 115866]] [761806968, [189, 542918, 8678448, 4918, 7767792, 9938]] [567216782352.0, [2136.5, 383626383, 6138012243, 5340891, 6137123727, 7106490]] [2399928656.0, [151.0, 1647980, 26356864, 33172, 25506688, 39328]]
Arch_Param: [32, 16384, 8192, 32, 512, 16]
SK_cost: [18409052453.333336, [462656.22222222225, 7236196, 231526584, 254884, 163368120, 186529]] [7896125868.0, [203631.0, 2666607, 85328676, 86895, 85328676, 105327]] [578885880.0, [13130.0, 195230, 6247200, 13150, 6247200, 13130]] [10510398232.0, [223516.0, 3553222, 113702944, 38734, 113702944, 120604]] [990628696.0, [21894.0, 347142, 11083824, 4918, 10314288, 10118]] [567853431168.0, [14214982.5, 191813655, 6138012243, 5340891, 6138012243, 7110363]] [19676017752.0, [427354.6666666666, 6749302, 215891136, 256606, 209089728, 300512]]
Model_cost: [12035379189.333332, [1147.5972222222222, 6384228, 204263608, 364068, 49400505, 84962]] [7548598572.0, [14823.0, 2666607, 85328676, 86895, 77870628, 92331]] [577627416.0, [21.0, 195230, 6247200, 13150, 6247200, 13130]] [9669915224.0, [5004.0, 3327942, 106002464, 38734, 103509152, 115866]] [760732984, [191, 272070, 8678448, 5062, 7767792, 9938]] [566449531440.0, [2136.5, 191813655, 6138012243, 5340891, 6137123727, 7106490]] [2396625144.0, [151.0, 823990, 26356864, 33054, 25506688, 39328]]
Arch_Param: [32, 16384, 8192, 32, 512, 64]
SK_cost: [18409052453.333336, [462656.22222222225, 7236196, 231526584, 254884, 163368120, 186529]] [7896125868.0, [203631.0, 2666607, 85328676, 86895, 85328676, 105327]] [578885880.0, [13130.0, 195230, 6247200, 13150, 6247200, 13130]] [10510398232.0, [223516.0, 3553222, 113702944, 38734, 113702944, 120604]] [990628696.0, [21894.0, 347142, 11083824, 4918, 10314288, 10118]] [567853431168.0, [14214982.5, 191813655, 6138012243, 5340891, 6138012243, 7110363]] [19676017752.0, [427354.6666666666, 6749302, 215891136, 256606, 209089728, 300512]]
Model_cost: [12028046965.333332, [1143.5972222222222, 6384228, 204263608, 254884, 49400505, 81378]] [7548598572.0, [14823.0, 2666607, 85328676, 86895, 77870628, 92331]] [577627416.0, [21.0, 195230, 6247200, 13150, 6247200, 13130]] [9669915224.0, [5004.0, 3327942, 106002464, 38734, 103509152, 115866]] [760732984, [191, 272070, 8678448, 5062, 7767792, 9938]] [566449531440.0, [2136.5, 191813655, 6138012243, 5340891, 6137123727, 7106490]] [2396625144.0, [151.0, 823990, 26356864, 33054, 25506688, 39328]]
Arch_Param: [32, 16384, 8192, 32, 512, 128]
SK_cost: [18409052453.333336, [462656.22222222225, 7236196, 231526584, 254884, 163368120, 186529]] [7896125868.0, [203631.0, 2666607, 85328676, 86895, 85328676, 105327]] [578885880.0, [13130.0, 195230, 6247200, 13150, 6247200, 13130]] [10510398232.0, [223516.0, 3553222, 113702944, 38734, 113702944, 120604]] [990628696.0, [21894.0, 347142, 11083824, 4918, 10314288, 10118]] [567853431168.0, [14214982.5, 191813655, 6138012243, 5340891, 6138012243, 7110363]] [19676017752.0, [427354.6666666666, 6749302, 215891136, 256606, 209089728, 300512]]
Model_cost: [12028046965.333332, [1143.5972222222222, 6384228, 204263608, 254884, 49400505, 81378]] [7548598572.0, [14823.0, 2666607, 85328676, 86895, 77870628, 92331]] [577627416.0, [21.0, 195230, 6247200, 13150, 6247200, 13130]] [9669915224.0, [5004.0, 3327942, 106002464, 38734, 103509152, 115866]] [760732984, [191, 272070, 8678448, 5062, 7767792, 9938]] [566449531440.0, [2136.5, 191813655, 6138012243, 5340891, 6137123727, 7106490]] [2396625144.0, [151.0, 823990, 26356864, 33054, 25506688, 39328]]
Arch_Param: [32, 16384, 8192, 32, 512, 256]
SK_cost: [18409052453.333336, [462656.22222222225, 7236196, 231526584, 254884, 163368120, 186529]] [7896125868.0, [203631.0, 2666607, 85328676, 86895, 85328676, 105327]] [578885880.0, [13130.0, 195230, 6247200, 13150, 6247200, 13130]] [10510398232.0, [223516.0, 3553222, 113702944, 38734, 113702944, 120604]] [990628696.0, [21894.0, 347142, 11083824, 4918, 10314288, 10118]] [567853431168.0, [14214982.5, 191813655, 6138012243, 5340891, 6138012243, 7110363]] [19676017752.0, [427354.6666666666, 6749302, 215891136, 256606, 209089728, 300512]]
Model_cost: [12028046965.333332, [1143.5972222222222, 6384228, 204263608, 254884, 49400505, 81378]] [7548598572.0, [14823.0, 2666607, 85328676, 86895, 77870628, 92331]] [577627416.0, [21.0, 195230, 6247200, 13150, 6247200, 13130]] [9669915224.0, [5004.0, 3327942, 106002464, 38734, 103509152, 115866]] [760723192, [189, 271974, 8678448, 4918, 7767792, 9938]] [566449531440.0, [2136.5, 191813655, 6138012243, 5340891, 6137123727, 7106490]] [2396625144.0, [151.0, 823990, 26356864, 33054, 25506688, 39328]]
Arch_Param: [32, 16384, 8192, 32, 512, 512]
SK_cost: [18409052453.333336, [462656.22222222225, 7236196, 231526584, 254884, 163368120, 186529]] [7896125868.0, [203631.0, 2666607, 85328676, 86895, 85328676, 105327]] [578885880.0, [13130.0, 195230, 6247200, 13150, 6247200, 13130]] [10510398232.0, [223516.0, 3553222, 113702944, 38734, 113702944, 120604]] [990628696.0, [21894.0, 347142, 11083824, 4918, 10314288, 10118]] [567853431168.0, [14214982.5, 191813655, 6138012243, 5340891, 6138012243, 7110363]] [19676017752.0, [427354.6666666666, 6749302, 215891136, 256606, 209089728, 300512]]
Model_cost: [12028046965.333332, [1143.5972222222222, 6384228, 204263608, 254884, 49400505, 81378]] [7548598572.0, [14823.0, 2666607, 85328676, 86895, 77870628, 92331]] [577627416.0, [21.0, 195230, 6247200, 13150, 6247200, 13130]] [9669915224.0, [5004.0, 3327942, 106002464, 38734, 103509152, 115866]] [760723192, [189, 271974, 8678448, 4918, 7767792, 9938]] [566449531440.0, [2136.5, 191813655, 6138012243, 5340891, 6137123727, 7106490]] [2396625144.0, [151.0, 823990, 26356864, 33054, 25506688, 39328]]
Arch_Param: [32, 16384, 8192, 32, 1024, 16]
SK_cost: [18394587225.333336, [462656.22222222225, 3619937, 231526584, 254881, 163368120, 186529]] [7890792876.0, [203631.0, 1333359, 85328676, 86895, 85328676, 105327]] [578520400.0, [13130.0, 104020, 6247200, 13140, 6247200, 13130]] [10503315488.0, [223516.0, 1783016, 113702944, 38704, 113702944, 120604]] [989936472.0, [21894.0, 174086, 11083824, 4918, 10314288, 10118]] [567469805712.0, [14214982.5, 95907291, 6138012243, 5340891, 6138012243, 7110363]] [19662528684.0, [427354.6666666666, 3377979, 215891136, 256547, 209089728, 300512]]
Model_cost: [12022617897.333332, [1147.5972222222222, 3193953, 204263608, 364065, 49400505, 84962]] [7543265580.0, [14823.0, 1333359, 85328676, 86895, 77870628, 92331]] [577261936.0, [21.0, 104020, 6247200, 13140, 6247200, 13130]] [9663324000.0, [5004.0, 1680616, 106002464, 38704, 103509152, 115866]] [760191288, [191, 136646, 8678448, 5062, 7767792, 9938]] [566065905984.0, [2136.5, 95907291, 6138012243, 5340891, 6137123727, 7106490]] [2394975052.0, [151.0, 412411, 26356864, 32995, 25506688, 39328]]
Arch_Param: [32, 16384, 8192, 32, 1024, 64]
SK_cost: [18394587225.333336, [462656.22222222225, 3619937, 231526584, 254881, 163368120, 186529]] [7890792876.0, [203631.0, 1333359, 85328676, 86895, 85328676, 105327]] [578520400.0, [13130.0, 104020, 6247200, 13140, 6247200, 13130]] [10503315488.0, [223516.0, 1783016, 113702944, 38704, 113702944, 120604]] [989936472.0, [21894.0, 174086, 11083824, 4918, 10314288, 10118]] [567469805712.0, [14214982.5, 95907291, 6138012243, 5340891, 6138012243, 7110363]] [19662528684.0, [427354.6666666666, 3377979, 215891136, 256547, 209089728, 300512]]
Model_cost: [12015285673.333332, [1143.5972222222222, 3193953, 204263608, 254881, 49400505, 81378]] [7543265580.0, [14823.0, 1333359, 85328676, 86895, 77870628, 92331]] [577261936.0, [21.0, 104020, 6247200, 13140, 6247200, 13130]] [9663324000.0, [5004.0, 1680616, 106002464, 38704, 103509152, 115866]] [760191288, [191, 136646, 8678448, 5062, 7767792, 9938]] [566065905984.0, [2136.5, 95907291, 6138012243, 5340891, 6137123727, 7106490]] [2394975052.0, [151.0, 412411, 26356864, 32995, 25506688, 39328]]
Arch_Param: [32, 16384, 8192, 32, 1024, 128]
SK_cost: [18394587225.333336, [462656.22222222225, 3619937, 231526584, 254881, 163368120, 186529]] [7890792876.0, [203631.0, 1333359, 85328676, 86895, 85328676, 105327]] [578520400.0, [13130.0, 104020, 6247200, 13140, 6247200, 13130]] [10503315488.0, [223516.0, 1783016, 113702944, 38704, 113702944, 120604]] [989936472.0, [21894.0, 174086, 11083824, 4918, 10314288, 10118]] [567469805712.0, [14214982.5, 95907291, 6138012243, 5340891, 6138012243, 7110363]] [19662528684.0, [427354.6666666666, 3377979, 215891136, 256547, 209089728, 300512]]
Model_cost: [12015285673.333332, [1143.5972222222222, 3193953, 204263608, 254881, 49400505, 81378]] [7543265580.0, [14823.0, 1333359, 85328676, 86895, 77870628, 92331]] [577261936.0, [21.0, 104020, 6247200, 13140, 6247200, 13130]] [9663324000.0, [5004.0, 1680616, 106002464, 38704, 103509152, 115866]] [760191288, [191, 136646, 8678448, 5062, 7767792, 9938]] [566065905984.0, [2136.5, 95907291, 6138012243, 5340891, 6137123727, 7106490]] [2394975052.0, [151.0, 412411, 26356864, 32995, 25506688, 39328]]
Arch_Param: [32, 16384, 8192, 32, 1024, 256]
SK_cost: [18394587225.333336, [462656.22222222225, 3619937, 231526584, 254881, 163368120, 186529]] [7890792876.0, [203631.0, 1333359, 85328676, 86895, 85328676, 105327]] [578520400.0, [13130.0, 104020, 6247200, 13140, 6247200, 13130]] [10503315488.0, [223516.0, 1783016, 113702944, 38704, 113702944, 120604]] [989936472.0, [21894.0, 174086, 11083824, 4918, 10314288, 10118]] [567469805712.0, [14214982.5, 95907291, 6138012243, 5340891, 6138012243, 7110363]] [19662528684.0, [427354.6666666666, 3377979, 215891136, 256547, 209089728, 300512]]
Model_cost: [12015285673.333332, [1143.5972222222222, 3193953, 204263608, 254881, 49400505, 81378]] [7543265580.0, [14823.0, 1333359, 85328676, 86895, 77870628, 92331]] [577261936.0, [21.0, 104020, 6247200, 13140, 6247200, 13130]] [9663324000.0, [5004.0, 1680616, 106002464, 38704, 103509152, 115866]] [760181304, [189, 136502, 8678448, 4918, 7767792, 9938]] [566065905984.0, [2136.5, 95907291, 6138012243, 5340891, 6137123727, 7106490]] [2394975052.0, [151.0, 412411, 26356864, 32995, 25506688, 39328]]
Arch_Param: [32, 16384, 8192, 32, 1024, 512]
SK_cost: [18394587225.333336, [462656.22222222225, 3619937, 231526584, 254881, 163368120, 186529]] [7890792876.0, [203631.0, 1333359, 85328676, 86895, 85328676, 105327]] [578520400.0, [13130.0, 104020, 6247200, 13140, 6247200, 13130]] [10503315488.0, [223516.0, 1783016, 113702944, 38704, 113702944, 120604]] [989936472.0, [21894.0, 174086, 11083824, 4918, 10314288, 10118]] [567469805712.0, [14214982.5, 95907291, 6138012243, 5340891, 6138012243, 7110363]] [19662528684.0, [427354.6666666666, 3377979, 215891136, 256547, 209089728, 300512]]
Model_cost: [12015285673.333332, [1143.5972222222222, 3193953, 204263608, 254881, 49400505, 81378]] [7543265580.0, [14823.0, 1333359, 85328676, 86895, 77870628, 92331]] [577261936.0, [21.0, 104020, 6247200, 13140, 6247200, 13130]] [9663324000.0, [5004.0, 1680616, 106002464, 38704, 103509152, 115866]] [760181304, [189, 136502, 8678448, 4918, 7767792, 9938]] [566065905984.0, [2136.5, 95907291, 6138012243, 5340891, 6137123727, 7106490]] [2394975052.0, [151.0, 412411, 26356864, 32995, 25506688, 39328]]
Arch_Param: [32, 16384, 4096, 4, 256, 16]
SK_cost: [111348786062.66667, [5770538.111111111, 91214401, 1459298552, 1634145, 913427640, 919009]] [12977484204.0, [639087.0, 10223727, 163578660, 164463, 113640228, 132975]] [580927560, [26250, 390450, 6247200, 13170, 6247200, 13130]] [10546021384, [446500, 7106434, 113702944, 38794, 113702944, 120604]] [7904647000, [350214, 5545990, 88670256, 39302, 81420848, 79558]] [988174517904.0, [47951421.0, 767215743, 12275433555, 10680855, 8855921235, 9764571]] [33481564368.0, [1681875.0, 26148076, 417716928, 820436, 297170112, 386528]]
Model_cost: [64521120160.0, [14435.5, 80564801, 1288904952, 2316545, 49400505, 84962]] [11343725868.0, [31263.0, 10223727, 163578660, 201327, 77870628, 92307]] [578410632, [32, 390450, 6247200, 13170, 6247200, 13130]] [9683626376.0, [9978.0, 6635394, 106002464, 38794, 103509152, 115866]] [3698755160, [2826, 4343302, 69427248, 91654, 7767792, 9938]] [863915953920.0, [5691.0, 767215743, 12275433555, 14219799, 6137123727, 7106488]] [3432677768.0, [818.25, 2983404, 47652928, 113364, 25506688, 39328]]
Arch_Param: [32, 16384, 4096, 4, 256, 64]
SK_cost: [111348786062.66667, [5770538.111111111, 91214401, 1459298552, 1634145, 913427640, 919009]] [12977484204.0, [639087.0, 10223727, 163578660, 164463, 113640228, 132975]] [580927560, [26250, 390450, 6247200, 13170, 6247200, 13130]] [10546021384, [446500, 7106434, 113702944, 38794, 113702944, 120604]] [7904647000, [350214, 5545990, 88670256, 39302, 81420848, 79558]] [988174517904.0, [47951421.0, 767215743, 12275433555, 10680855, 8855921235, 9764571]] [33481564368.0, [1681875.0, 26148076, 417716928, 820436, 297170112, 386528]]
Model_cost: [64521120160.0, [14435.5, 80564801, 1288904952, 2316545, 49400505, 84962]] [11341366572.0, [31263.0, 10223727, 163578660, 164463, 77870628, 92307]] [578410632, [32, 390450, 6247200, 13170, 6247200, 13130]] [9683626376.0, [9978.0, 6635394, 106002464, 38794, 103509152, 115866]] [3698755160, [2826, 4343302, 69427248, 91654, 7767792, 9938]] [863689461504.0, [5691.0, 767215743, 12275433555, 10680855, 6137123727, 7106488]] [3432284552.0, [818.25, 2983404, 47652928, 107220, 25506688, 39328]]
Arch_Param: [32, 16384, 4096, 4, 256, 128]
SK_cost: [111348786062.66667, [5770538.111111111, 91214401, 1459298552, 1634145, 913427640, 919009]] [12977484204.0, [639087.0, 10223727, 163578660, 164463, 113640228, 132975]] [580927560, [26250, 390450, 6247200, 13170, 6247200, 13130]] [10546021384, [446500, 7106434, 113702944, 38794, 113702944, 120604]] [7904647000, [350214, 5545990, 88670256, 39302, 81420848, 79558]] [988174517904.0, [47951421.0, 767215743, 12275433555, 10680855, 8855921235, 9764571]] [33481564368.0, [1681875.0, 26148076, 417716928, 820436, 297170112, 386528]]
Model_cost: [64521120160.0, [14435.5, 80564801, 1288904952, 2316545, 49400505, 84962]] [11341366572.0, [31263.0, 10223727, 163578660, 164463, 77870628, 92307]] [578410632, [32, 390450, 6247200, 13170, 6247200, 13130]] [9683626376.0, [9978.0, 6635394, 106002464, 38794, 103509152, 115866]] [3695478360, [2826, 4343302, 69427248, 40454, 7767792, 9938]] [863689461504.0, [5691.0, 767215743, 12275433555, 10680855, 6137123727, 7106488]] [3432055176.0, [818.25, 2983404, 47652928, 103636, 25506688, 39328]]
Arch_Param: [32, 16384, 4096, 4, 256, 256]
SK_cost: [111348786062.66667, [5770538.111111111, 91214401, 1459298552, 1634145, 913427640, 919009]] [12977484204.0, [639087.0, 10223727, 163578660, 164463, 113640228, 132975]] [580927560, [26250, 390450, 6247200, 13170, 6247200, 13130]] [10546021384, [446500, 7106434, 113702944, 38794, 113702944, 120604]] [7904647000, [350214, 5545990, 88670256, 39302, 81420848, 79558]] [988174517904.0, [47951421.0, 767215743, 12275433555, 10680855, 8855921235, 9764571]] [33481564368.0, [1681875.0, 26148076, 417716928, 820436, 297170112, 386528]]
Model_cost: [64521120160.0, [14435.5, 80564801, 1288904952, 2316545, 49400505, 84962]] [11341366572.0, [31263.0, 10223727, 163578660, 164463, 77870628, 92307]] [578410632, [32, 390450, 6247200, 13170, 6247200, 13130]] [9683626376.0, [9978.0, 6635394, 106002464, 38794, 103509152, 115866]] [3695478360, [2826, 4343302, 69427248, 40454, 7767792, 9938]] [863689461504.0, [5691.0, 767215743, 12275433555, 10680855, 6137123727, 7106488]] [3432055176.0, [818.25, 2983404, 47652928, 103636, 25506688, 39328]]
Arch_Param: [32, 16384, 4096, 4, 512, 16]
SK_cost: [111166356442.66667, [5770538.111111111, 45607460, 1459298552, 1634116, 913427640, 919009]] [12957036972.0, [639087.0, 5111919, 163578660, 164463, 113640228, 132975]] [580145400, [26250, 195230, 6247200, 13150, 6247200, 13130]] [10531804696, [446500, 3553222, 113702944, 38734, 113702944, 120604]] [7893571416, [350214, 2777094, 88670256, 39302, 81420848, 79558]] [986640089808.0, [47951421.0, 383608719, 12275433555, 10680855, 8855921235, 9764571]] [33429260664.0, [1681875.0, 13074038, 417716928, 820318, 297170112, 386528]]
Model_cost: [64359989740.0, [14435.5, 40282660, 1288904952, 2316516, 49400505, 84962]] [11323278636.0, [31263.0, 5111919, 163578660, 201327, 77870628, 92307]] [577628472, [32, 195230, 6247200, 13150, 6247200, 13130]] [9670392728.0, [9978.0, 3327942, 106002464, 38734, 103509152, 115866]] [3690088024, [2826, 2176518, 69427248, 91654, 7767792, 9938]] [862381525824.0, [5691.0, 383608719, 12275433555, 14219799, 6137123727, 7106488]] [3426703408.0, [818.25, 1491702, 47652928, 113246, 25506688, 39328]]
Arch_Param: [32, 16384, 4096, 4, 512, 64]
SK_cost: [111166356442.66667, [5770538.111111111, 45607460, 1459298552, 1634116, 913427640, 919009]] [12957036972.0, [639087.0, 5111919, 163578660, 164463, 113640228, 132975]] [580145400, [26250, 195230, 6247200, 13150, 6247200, 13130]] [10531804696, [446500, 3553222, 113702944, 38734, 113702944, 120604]] [7893571416, [350214, 2777094, 88670256, 39302, 81420848, 79558]] [986640089808.0, [47951421.0, 383608719, 12275433555, 10680855, 8855921235, 9764571]] [33429260664.0, [1681875.0, 13074038, 417716928, 820318, 297170112, 386528]]
Model_cost: [64359989740.0, [14435.5, 40282660, 1288904952, 2316516, 49400505, 84962]] [11320919340.0, [31263.0, 5111919, 163578660, 164463, 77870628, 92307]] [577628472, [32, 195230, 6247200, 13150, 6247200, 13130]] [9670392728.0, [9978.0, 3327942, 106002464, 38734, 103509152, 115866]] [3690088024, [2826, 2176518, 69427248, 91654, 7767792, 9938]] [862155033408.0, [5691.0, 383608719, 12275433555, 10680855, 6137123727, 7106488]] [3426310192.0, [818.25, 1491702, 47652928, 107102, 25506688, 39328]]
Arch_Param: [32, 16384, 4096, 4, 512, 128]
SK_cost: [111166356442.66667, [5770538.111111111, 45607460, 1459298552, 1634116, 913427640, 919009]] [12957036972.0, [639087.0, 5111919, 163578660, 164463, 113640228, 132975]] [580145400, [26250, 195230, 6247200, 13150, 6247200, 13130]] [10531804696, [446500, 3553222, 113702944, 38734, 113702944, 120604]] [7893571416, [350214, 2777094, 88670256, 39302, 81420848, 79558]] [986640089808.0, [47951421.0, 383608719, 12275433555, 10680855, 8855921235, 9764571]] [33429260664.0, [1681875.0, 13074038, 417716928, 820318, 297170112, 386528]]
Model_cost: [64359989740.0, [14435.5, 40282660, 1288904952, 2316516, 49400505, 84962]] [11320919340.0, [31263.0, 5111919, 163578660, 164463, 77870628, 92307]] [577628472, [32, 195230, 6247200, 13150, 6247200, 13130]] [9670392728.0, [9978.0, 3327942, 106002464, 38734, 103509152, 115866]] [3686811224, [2826, 2176518, 69427248, 40454, 7767792, 9938]] [862155033408.0, [5691.0, 383608719, 12275433555, 10680855, 6137123727, 7106488]] [3426080816.0, [818.25, 1491702, 47652928, 103518, 25506688, 39328]]
Arch_Param: [32, 16384, 4096, 4, 512, 256]
SK_cost: [111166356442.66667, [5770538.111111111, 45607460, 1459298552, 1634116, 913427640, 919009]] [12957036972.0, [639087.0, 5111919, 163578660, 164463, 113640228, 132975]] [580145400, [26250, 195230, 6247200, 13150, 6247200, 13130]] [10531804696, [446500, 3553222, 113702944, 38734, 113702944, 120604]] [7893571416, [350214, 2777094, 88670256, 39302, 81420848, 79558]] [986640089808.0, [47951421.0, 383608719, 12275433555, 10680855, 8855921235, 9764571]] [33429260664.0, [1681875.0, 13074038, 417716928, 820318, 297170112, 386528]]
Model_cost: [64359989740.0, [14435.5, 40282660, 1288904952, 2316516, 49400505, 84962]] [11320919340.0, [31263.0, 5111919, 163578660, 164463, 77870628, 92307]] [577628472, [32, 195230, 6247200, 13150, 6247200, 13130]] [9670392728.0, [9978.0, 3327942, 106002464, 38734, 103509152, 115866]] [3686811224, [2826, 2176518, 69427248, 40454, 7767792, 9938]] [862155033408.0, [5691.0, 383608719, 12275433555, 10680855, 6137123727, 7106488]] [3426080816.0, [818.25, 1491702, 47652928, 103518, 25506688, 39328]]
Arch_Param: [32, 16384, 4096, 4, 512, 512]
SK_cost: [111166356442.66667, [5770538.111111111, 45607460, 1459298552, 1634116, 913427640, 919009]] [12957036972.0, [639087.0, 5111919, 163578660, 164463, 113640228, 132975]] [580145400, [26250, 195230, 6247200, 13150, 6247200, 13130]] [10531804696, [446500, 3553222, 113702944, 38734, 113702944, 120604]] [7893571416, [350214, 2777094, 88670256, 39302, 81420848, 79558]] [986640089808.0, [47951421.0, 383608719, 12275433555, 10680855, 8855921235, 9764571]] [33429260664.0, [1681875.0, 13074038, 417716928, 820318, 297170112, 386528]]
Model_cost: [64315971500.0, [14429.5, 40282660, 1288904952, 1634116, 49400505, 81378]] [11320919340.0, [31263.0, 5111919, 163578660, 164463, 77870628, 92307]] [577628472, [32, 195230, 6247200, 13150, 6247200, 13130]] [9670392728.0, [9978.0, 3327942, 106002464, 38734, 103509152, 115866]] [3686811224, [2826, 2176518, 69427248, 40454, 7767792, 9938]] [862155033408.0, [5691.0, 383608719, 12275433555, 10680855, 6137123727, 7106488]] [3426080816.0, [818.25, 1491702, 47652928, 103518, 25506688, 39328]]
Arch_Param: [32, 16384, 4096, 4, 1024, 16]
SK_cost: [111075192078.66667, [5770538.111111111, 22816417, 1459298552, 1634113, 913427640, 919009]] [12946813356.0, [639087.0, 2556015, 163578660, 164463, 113640228, 132975]] [579779920, [26250, 104020, 6247200, 13140, 6247200, 13130]] [10524721952, [446500, 1783016, 113702944, 38704, 113702944, 120604]] [7888033624, [350214, 1392646, 88670256, 39302, 81420848, 79558]] [985872875760.0, [47951421.0, 191805207, 12275433555, 10680855, 8855921235, 9764571]] [33403209164.0, [1681875.0, 6562107, 417716928, 820259, 297170112, 386528]]
Model_cost: [64279474976.0, [14435.5, 20154017, 1288904952, 2316513, 49400505, 84962]] [11313055020.0, [31263.0, 2556015, 163578660, 201327, 77870628, 92307]] [577262992, [32, 104020, 6247200, 13140, 6247200, 13130]] [9663801504.0, [9978.0, 1680616, 106002464, 38704, 103509152, 115866]] [3685754456, [2826, 1093126, 69427248, 91654, 7767792, 9938]] [861614311776.0, [5691.0, 191805207, 12275433555, 14219799, 6137123727, 7106488]] [3423728772.0, [818.25, 748987, 47652928, 113187, 25506688, 39328]]
Arch_Param: [32, 16384, 4096, 4, 1024, 64]
SK_cost: [111075192078.66667, [5770538.111111111, 22816417, 1459298552, 1634113, 913427640, 919009]] [12946813356.0, [639087.0, 2556015, 163578660, 164463, 113640228, 132975]] [579779920, [26250, 104020, 6247200, 13140, 6247200, 13130]] [10524721952, [446500, 1783016, 113702944, 38704, 113702944, 120604]] [7888033624, [350214, 1392646, 88670256, 39302, 81420848, 79558]] [985872875760.0, [47951421.0, 191805207, 12275433555, 10680855, 8855921235, 9764571]] [33403209164.0, [1681875.0, 6562107, 417716928, 820259, 297170112, 386528]]
Model_cost: [64279474976.0, [14435.5, 20154017, 1288904952, 2316513, 49400505, 84962]] [11310695724.0, [31263.0, 2556015, 163578660, 164463, 77870628, 92307]] [577262992, [32, 104020, 6247200, 13140, 6247200, 13130]] [9663801504.0, [9978.0, 1680616, 106002464, 38704, 103509152, 115866]] [3685754456, [2826, 1093126, 69427248, 91654, 7767792, 9938]] [861387819360.0, [5691.0, 191805207, 12275433555, 10680855, 6137123727, 7106488]] [3423335556.0, [818.25, 748987, 47652928, 107043, 25506688, 39328]]
Arch_Param: [32, 16384, 4096, 4, 1024, 128]
SK_cost: [111075192078.66667, [5770538.111111111, 22816417, 1459298552, 1634113, 913427640, 919009]] [12946813356.0, [639087.0, 2556015, 163578660, 164463, 113640228, 132975]] [579779920, [26250, 104020, 6247200, 13140, 6247200, 13130]] [10524721952, [446500, 1783016, 113702944, 38704, 113702944, 120604]] [7888033624, [350214, 1392646, 88670256, 39302, 81420848, 79558]] [985872875760.0, [47951421.0, 191805207, 12275433555, 10680855, 8855921235, 9764571]] [33403209164.0, [1681875.0, 6562107, 417716928, 820259, 297170112, 386528]]
Model_cost: [64279474976.0, [14435.5, 20154017, 1288904952, 2316513, 49400505, 84962]] [11310695724.0, [31263.0, 2556015, 163578660, 164463, 77870628, 92307]] [577262992, [32, 104020, 6247200, 13140, 6247200, 13130]] [9663801504.0, [9978.0, 1680616, 106002464, 38704, 103509152, 115866]] [3682477656, [2826, 1093126, 69427248, 40454, 7767792, 9938]] [861387819360.0, [5691.0, 191805207, 12275433555, 10680855, 6137123727, 7106488]] [3423106180.0, [818.25, 748987, 47652928, 103459, 25506688, 39328]]
Arch_Param: [32, 16384, 4096, 4, 1024, 256]
SK_cost: [111075192078.66667, [5770538.111111111, 22816417, 1459298552, 1634113, 913427640, 919009]] [12946813356.0, [639087.0, 2556015, 163578660, 164463, 113640228, 132975]] [579779920, [26250, 104020, 6247200, 13140, 6247200, 13130]] [10524721952, [446500, 1783016, 113702944, 38704, 113702944, 120604]] [7888033624, [350214, 1392646, 88670256, 39302, 81420848, 79558]] [985872875760.0, [47951421.0, 191805207, 12275433555, 10680855, 8855921235, 9764571]] [33403209164.0, [1681875.0, 6562107, 417716928, 820259, 297170112, 386528]]
Model_cost: [64279474976.0, [14435.5, 20154017, 1288904952, 2316513, 49400505, 84962]] [11310695724.0, [31263.0, 2556015, 163578660, 164463, 77870628, 92307]] [577262992, [32, 104020, 6247200, 13140, 6247200, 13130]] [9663801504.0, [9978.0, 1680616, 106002464, 38704, 103509152, 115866]] [3682477656, [2826, 1093126, 69427248, 40454, 7767792, 9938]] [861387819360.0, [5691.0, 191805207, 12275433555, 10680855, 6137123727, 7106488]] [3423106180.0, [818.25, 748987, 47652928, 103459, 25506688, 39328]]
Arch_Param: [32, 16384, 4096, 4, 1024, 512]
SK_cost: [111075192078.66667, [5770538.111111111, 22816417, 1459298552, 1634113, 913427640, 919009]] [12946813356.0, [639087.0, 2556015, 163578660, 164463, 113640228, 132975]] [579779920, [26250, 104020, 6247200, 13140, 6247200, 13130]] [10524721952, [446500, 1783016, 113702944, 38704, 113702944, 120604]] [7888033624, [350214, 1392646, 88670256, 39302, 81420848, 79558]] [985872875760.0, [47951421.0, 191805207, 12275433555, 10680855, 8855921235, 9764571]] [33403209164.0, [1681875.0, 6562107, 417716928, 820259, 297170112, 386528]]
Model_cost: [64235456736.0, [14429.5, 20154017, 1288904952, 1634113, 49400505, 81378]] [11310695724.0, [31263.0, 2556015, 163578660, 164463, 77870628, 92307]] [577262992, [32, 104020, 6247200, 13140, 6247200, 13130]] [9663801504.0, [9978.0, 1680616, 106002464, 38704, 103509152, 115866]] [3682477656, [2826, 1093126, 69427248, 40454, 7767792, 9938]] [861387819360.0, [5691.0, 191805207, 12275433555, 10680855, 6137123727, 7106488]] [3423106180.0, [818.25, 748987, 47652928, 103459, 25506688, 39328]]
Arch_Param: [32, 16384, 4096, 8, 256, 16]
SK_cost: [58274466361.333336, [2994342.5555555555, 47352385, 757568376, 845281, 484822200, 500449]] [7919251884.0, [333423.0, 5333103, 85328676, 86895, 85328676, 105327]] [580927560, [26250, 390450, 6247200, 13170, 6247200, 13130]] [10546021384, [446500, 7106434, 113702944, 38794, 113702944, 120604]] [3955771224, [175110, 2772998, 44335152, 19654, 40788528, 39878]] [569557830192.0, [23976942.0, 383626383, 6138012243, 5340891, 6138012243, 7110363]] [23926223056.0, [1114579.0, 17443052, 278762688, 474836, 234255552, 325088]]
Model_cost: [34536820376.0, [7472.75, 41814593, 668963704, 1200129, 49400505, 84962]] [7560672300.0, [29511.0, 5333103, 85328676, 86895, 77870628, 92307]] [578410632, [32, 390450, 6247200, 13170, 6247200, 13130]] [9683626376.0, [9978.0, 6635394, 106002464, 38794, 103509152, 115866]] [2020747672, [1416, 2171654, 34713648, 45830, 7767792, 9938]] [567216968448.0, [4077.0, 383626383, 6138012243, 5340891, 6137123727, 7106488]] [2714633704.0, [483.25, 2055020, 32839552, 62484, 25506688, 39328]]
Arch_Param: [32, 16384, 4096, 8, 256, 64]
SK_cost: [58274466361.333336, [2994342.5555555555, 47352385, 757568376, 845281, 484822200, 500449]] [7919251884.0, [333423.0, 5333103, 85328676, 86895, 85328676, 105327]] [580927560, [26250, 390450, 6247200, 13170, 6247200, 13130]] [10546021384, [446500, 7106434, 113702944, 38794, 113702944, 120604]] [3955771224, [175110, 2772998, 44335152, 19654, 40788528, 39878]] [569557830192.0, [23976942.0, 383626383, 6138012243, 5340891, 6138012243, 7110363]] [23926223056.0, [1114579.0, 17443052, 278762688, 474836, 234255552, 325088]]
Model_cost: [34536820376.0, [7472.75, 41814593, 668963704, 1200129, 49400505, 84962]] [7560672300.0, [29511.0, 5333103, 85328676, 86895, 77870628, 92307]] [578410632, [32, 390450, 6247200, 13170, 6247200, 13130]] [9683626376.0, [9978.0, 6635394, 106002464, 38794, 103509152, 115866]] [2019109272, [1416, 2171654, 34713648, 20230, 7767792, 9938]] [567216968448.0, [4077.0, 383626383, 6138012243, 5340891, 6137123727, 7106488]] [2714502632.0, [483.25, 2055020, 32839552, 60436, 25506688, 39328]]
Arch_Param: [32, 16384, 4096, 8, 256, 128]
SK_cost: [58274466361.333336, [2994342.5555555555, 47352385, 757568376, 845281, 484822200, 500449]] [7919251884.0, [333423.0, 5333103, 85328676, 86895, 85328676, 105327]] [580927560, [26250, 390450, 6247200, 13170, 6247200, 13130]] [10546021384, [446500, 7106434, 113702944, 38794, 113702944, 120604]] [3955771224, [175110, 2772998, 44335152, 19654, 40788528, 39878]] [569557830192.0, [23976942.0, 383626383, 6138012243, 5340891, 6138012243, 7110363]] [23926223056.0, [1114579.0, 17443052, 278762688, 474836, 234255552, 325088]]
Model_cost: [34536820376.0, [7472.75, 41814593, 668963704, 1200129, 49400505, 84962]] [7560672300.0, [29511.0, 5333103, 85328676, 86895, 77870628, 92307]] [578410632, [32, 390450, 6247200, 13170, 6247200, 13130]] [9683626376.0, [9978.0, 6635394, 106002464, 38794, 103509152, 115866]] [2019109272, [1416, 2171654, 34713648, 20230, 7767792, 9938]] [567216968448.0, [4077.0, 383626383, 6138012243, 5340891, 6137123727, 7106488]] [2714502632.0, [483.25, 2055020, 32839552, 60436, 25506688, 39328]]
Arch_Param: [32, 16384, 4096, 8, 256, 256]
SK_cost: [58274466361.333336, [2994342.5555555555, 47352385, 757568376, 845281, 484822200, 500449]] [7919251884.0, [333423.0, 5333103, 85328676, 86895, 85328676, 105327]] [580927560, [26250, 390450, 6247200, 13170, 6247200, 13130]] [10546021384, [446500, 7106434, 113702944, 38794, 113702944, 120604]] [3955771224, [175110, 2772998, 44335152, 19654, 40788528, 39878]] [569557830192.0, [23976942.0, 383626383, 6138012243, 5340891, 6138012243, 7110363]] [23926223056.0, [1114579.0, 17443052, 278762688, 474836, 234255552, 325088]]
Model_cost: [34513765464.0, [7466.75, 41814593, 668963704, 845281, 49400505, 81378]] [7560672300.0, [29511.0, 5333103, 85328676, 86895, 77870628, 92307]] [578410632, [32, 390450, 6247200, 13170, 6247200, 13130]] [9683626376.0, [9978.0, 6635394, 106002464, 38794, 103509152, 115866]] [2019109272, [1416, 2171654, 34713648, 20230, 7767792, 9938]] [567216968448.0, [4077.0, 383626383, 6138012243, 5340891, 6137123727, 7106488]] [2714502632.0, [483.25, 2055020, 32839552, 60436, 25506688, 39328]]
Arch_Param: [32, 16384, 4096, 8, 512, 16]
SK_cost: [58179760773.333336, [2994342.5555555555, 23676452, 757568376, 845252, 484822200, 500449]] [7908585900.0, [333423.0, 2666607, 85328676, 86895, 85328676, 105327]] [580145400, [26250, 195230, 6247200, 13150, 6247200, 13130]] [10531804696, [446500, 3553222, 113702944, 38734, 113702944, 120604]] [3950233432, [175110, 1388550, 44335152, 19654, 40788528, 39878]] [568790579280.0, [23976942.0, 191813655, 6138012243, 5340891, 6138012243, 7110363]] [23891329400.0, [1114579.0, 8721526, 278762688, 474718, 234255552, 325088]]
Model_cost: [34453190372.0, [7472.75, 20907556, 668963704, 1200100, 49400505, 84962]] [7550006316.0, [29511.0, 2666607, 85328676, 86895, 77870628, 92307]] [577628472, [32, 195230, 6247200, 13150, 6247200, 13130]] [9670392728.0, [9978.0, 3327942, 106002464, 38734, 103509152, 115866]] [2016414104, [1416, 1088262, 34713648, 45830, 7767792, 9938]] [566449717536.0, [4077.0, 191813655, 6138012243, 5340891, 6137123727, 7106488]] [2710516112.0, [483.25, 1027510, 32839552, 62366, 25506688, 39328]]
Arch_Param: [32, 16384, 4096, 8, 512, 64]
SK_cost: [58179760773.333336, [2994342.5555555555, 23676452, 757568376, 845252, 484822200, 500449]] [7908585900.0, [333423.0, 2666607, 85328676, 86895, 85328676, 105327]] [580145400, [26250, 195230, 6247200, 13150, 6247200, 13130]] [10531804696, [446500, 3553222, 113702944, 38734, 113702944, 120604]] [3950233432, [175110, 1388550, 44335152, 19654, 40788528, 39878]] [568790579280.0, [23976942.0, 191813655, 6138012243, 5340891, 6138012243, 7110363]] [23891329400.0, [1114579.0, 8721526, 278762688, 474718, 234255552, 325088]]
Model_cost: [34453190372.0, [7472.75, 20907556, 668963704, 1200100, 49400505, 84962]] [7550006316.0, [29511.0, 2666607, 85328676, 86895, 77870628, 92307]] [577628472, [32, 195230, 6247200, 13150, 6247200, 13130]] [9670392728.0, [9978.0, 3327942, 106002464, 38734, 103509152, 115866]] [2014775704, [1416, 1088262, 34713648, 20230, 7767792, 9938]] [566449717536.0, [4077.0, 191813655, 6138012243, 5340891, 6137123727, 7106488]] [2710385040.0, [483.25, 1027510, 32839552, 60318, 25506688, 39328]]
Arch_Param: [32, 16384, 4096, 8, 512, 128]
SK_cost: [58179760773.333336, [2994342.5555555555, 23676452, 757568376, 845252, 484822200, 500449]] [7908585900.0, [333423.0, 2666607, 85328676, 86895, 85328676, 105327]] [580145400, [26250, 195230, 6247200, 13150, 6247200, 13130]] [10531804696, [446500, 3553222, 113702944, 38734, 113702944, 120604]] [3950233432, [175110, 1388550, 44335152, 19654, 40788528, 39878]] [568790579280.0, [23976942.0, 191813655, 6138012243, 5340891, 6138012243, 7110363]] [23891329400.0, [1114579.0, 8721526, 278762688, 474718, 234255552, 325088]]
Model_cost: [34453190372.0, [7472.75, 20907556, 668963704, 1200100, 49400505, 84962]] [7550006316.0, [29511.0, 2666607, 85328676, 86895, 77870628, 92307]] [577628472, [32, 195230, 6247200, 13150, 6247200, 13130]] [9670392728.0, [9978.0, 3327942, 106002464, 38734, 103509152, 115866]] [2014775704, [1416, 1088262, 34713648, 20230, 7767792, 9938]] [566449717536.0, [4077.0, 191813655, 6138012243, 5340891, 6137123727, 7106488]] [2710385040.0, [483.25, 1027510, 32839552, 60318, 25506688, 39328]]
Arch_Param: [32, 16384, 4096, 8, 512, 256]
SK_cost: [58179760773.333336, [2994342.5555555555, 23676452, 757568376, 845252, 484822200, 500449]] [7908585900.0, [333423.0, 2666607, 85328676, 86895, 85328676, 105327]] [580145400, [26250, 195230, 6247200, 13150, 6247200, 13130]] [10531804696, [446500, 3553222, 113702944, 38734, 113702944, 120604]] [3950233432, [175110, 1388550, 44335152, 19654, 40788528, 39878]] [568790579280.0, [23976942.0, 191813655, 6138012243, 5340891, 6138012243, 7110363]] [23891329400.0, [1114579.0, 8721526, 278762688, 474718, 234255552, 325088]]
Model_cost: [34430135460.0, [7466.75, 20907556, 668963704, 845252, 49400505, 81378]] [7550006316.0, [29511.0, 2666607, 85328676, 86895, 77870628, 92307]] [577628472, [32, 195230, 6247200, 13150, 6247200, 13130]] [9670392728.0, [9978.0, 3327942, 106002464, 38734, 103509152, 115866]] [2014775704, [1416, 1088262, 34713648, 20230, 7767792, 9938]] [566449717536.0, [4077.0, 191813655, 6138012243, 5340891, 6137123727, 7106488]] [2710385040.0, [483.25, 1027510, 32839552, 60318, 25506688, 39328]]
Arch_Param: [32, 16384, 4096, 8, 512, 512]
SK_cost: [58179760773.333336, [2994342.5555555555, 23676452, 757568376, 845252, 484822200, 500449]] [7908585900.0, [333423.0, 2666607, 85328676, 86895, 85328676, 105327]] [580145400, [26250, 195230, 6247200, 13150, 6247200, 13130]] [10531804696, [446500, 3553222, 113702944, 38734, 113702944, 120604]] [3950233432, [175110, 1388550, 44335152, 19654, 40788528, 39878]] [568790579280.0, [23976942.0, 191813655, 6138012243, 5340891, 6138012243, 7110363]] [23891329400.0, [1114579.0, 8721526, 278762688, 474718, 234255552, 325088]]
Model_cost: [34430135460.0, [7466.75, 20907556, 668963704, 845252, 49400505, 81378]] [7550006316.0, [29511.0, 2666607, 85328676, 86895, 77870628, 92307]] [577628472, [32, 195230, 6247200, 13150, 6247200, 13130]] [9670392728.0, [9978.0, 3327942, 106002464, 38734, 103509152, 115866]] [2014775704, [1416, 1088262, 34713648, 20230, 7767792, 9938]] [566449717536.0, [4077.0, 191813655, 6138012243, 5340891, 6137123727, 7106488]] [2710385040.0, [483.25, 1027510, 32839552, 60318, 25506688, 39328]]
Arch_Param: [32, 16384, 4096, 8, 1024, 16]
SK_cost: [58132433593.333336, [2994342.5555555555, 11844705, 757568376, 845249, 484822200, 500449]] [7903252908.0, [333423.0, 1333359, 85328676, 86895, 85328676, 105327]] [579779920, [26250, 104020, 6247200, 13140, 6247200, 13130]] [10524721952, [446500, 1783016, 113702944, 38704, 113702944, 120604]] [3947464536, [175110, 696326, 44335152, 19654, 40788528, 39878]] [568406953824.0, [23976942.0, 95907291, 6138012243, 5340891, 6138012243, 7110363]] [23873932748.0, [1114579.0, 4373307, 278762688, 474659, 234255552, 325088]]
Model_cost: [34411400984.0, [7472.75, 10460257, 668963704, 1200097, 49400505, 84962]] [7544673324.0, [29511.0, 1333359, 85328676, 86895, 77870628, 92307]] [577262992, [32, 104020, 6247200, 13140, 6247200, 13130]] [9663801504.0, [9978.0, 1680616, 106002464, 38704, 103509152, 115866]] [2014247320, [1416, 546566, 34713648, 45830, 7767792, 9938]] [566066092080.0, [4077.0, 95907291, 6138012243, 5340891, 6137123727, 7106488]] [2708463588.0, [483.25, 515323, 32839552, 62307, 25506688, 39328]]
Arch_Param: [32, 16384, 4096, 8, 1024, 64]
SK_cost: [58132433593.333336, [2994342.5555555555, 11844705, 757568376, 845249, 484822200, 500449]] [7903252908.0, [333423.0, 1333359, 85328676, 86895, 85328676, 105327]] [579779920, [26250, 104020, 6247200, 13140, 6247200, 13130]] [10524721952, [446500, 1783016, 113702944, 38704, 113702944, 120604]] [3947464536, [175110, 696326, 44335152, 19654, 40788528, 39878]] [568406953824.0, [23976942.0, 95907291, 6138012243, 5340891, 6138012243, 7110363]] [23873932748.0, [1114579.0, 4373307, 278762688, 474659, 234255552, 325088]]
Model_cost: [34411400984.0, [7472.75, 10460257, 668963704, 1200097, 49400505, 84962]] [7544673324.0, [29511.0, 1333359, 85328676, 86895, 77870628, 92307]] [577262992, [32, 104020, 6247200, 13140, 6247200, 13130]] [9663801504.0, [9978.0, 1680616, 106002464, 38704, 103509152, 115866]] [2012608920, [1416, 546566, 34713648, 20230, 7767792, 9938]] [566066092080.0, [4077.0, 95907291, 6138012243, 5340891, 6137123727, 7106488]] [2708332516.0, [483.25, 515323, 32839552, 60259, 25506688, 39328]]
Arch_Param: [32, 16384, 4096, 8, 1024, 128]
SK_cost: [58132433593.333336, [2994342.5555555555, 11844705, 757568376, 845249, 484822200, 500449]] [7903252908.0, [333423.0, 1333359, 85328676, 86895, 85328676, 105327]] [579779920, [26250, 104020, 6247200, 13140, 6247200, 13130]] [10524721952, [446500, 1783016, 113702944, 38704, 113702944, 120604]] [3947464536, [175110, 696326, 44335152, 19654, 40788528, 39878]] [568406953824.0, [23976942.0, 95907291, 6138012243, 5340891, 6138012243, 7110363]] [23873932748.0, [1114579.0, 4373307, 278762688, 474659, 234255552, 325088]]
Model_cost: [34411400984.0, [7472.75, 10460257, 668963704, 1200097, 49400505, 84962]] [7544673324.0, [29511.0, 1333359, 85328676, 86895, 77870628, 92307]] [577262992, [32, 104020, 6247200, 13140, 6247200, 13130]] [9663801504.0, [9978.0, 1680616, 106002464, 38704, 103509152, 115866]] [2012608920, [1416, 546566, 34713648, 20230, 7767792, 9938]] [566066092080.0, [4077.0, 95907291, 6138012243, 5340891, 6137123727, 7106488]] [2708332516.0, [483.25, 515323, 32839552, 60259, 25506688, 39328]]
Arch_Param: [32, 16384, 4096, 8, 1024, 256]
SK_cost: [58132433593.333336, [2994342.5555555555, 11844705, 757568376, 845249, 484822200, 500449]] [7903252908.0, [333423.0, 1333359, 85328676, 86895, 85328676, 105327]] [579779920, [26250, 104020, 6247200, 13140, 6247200, 13130]] [10524721952, [446500, 1783016, 113702944, 38704, 113702944, 120604]] [3947464536, [175110, 696326, 44335152, 19654, 40788528, 39878]] [568406953824.0, [23976942.0, 95907291, 6138012243, 5340891, 6138012243, 7110363]] [23873932748.0, [1114579.0, 4373307, 278762688, 474659, 234255552, 325088]]
Model_cost: [34388346072.0, [7466.75, 10460257, 668963704, 845249, 49400505, 81378]] [7544673324.0, [29511.0, 1333359, 85328676, 86895, 77870628, 92307]] [577262992, [32, 104020, 6247200, 13140, 6247200, 13130]] [9663801504.0, [9978.0, 1680616, 106002464, 38704, 103509152, 115866]] [2012608920, [1416, 546566, 34713648, 20230, 7767792, 9938]] [566066092080.0, [4077.0, 95907291, 6138012243, 5340891, 6137123727, 7106488]] [2708332516.0, [483.25, 515323, 32839552, 60259, 25506688, 39328]]
Arch_Param: [32, 16384, 4096, 8, 1024, 512]
SK_cost: [58132433593.333336, [2994342.5555555555, 11844705, 757568376, 845249, 484822200, 500449]] [7903252908.0, [333423.0, 1333359, 85328676, 86895, 85328676, 105327]] [579779920, [26250, 104020, 6247200, 13140, 6247200, 13130]] [10524721952, [446500, 1783016, 113702944, 38704, 113702944, 120604]] [3947464536, [175110, 696326, 44335152, 19654, 40788528, 39878]] [568406953824.0, [23976942.0, 95907291, 6138012243, 5340891, 6138012243, 7110363]] [23873932748.0, [1114579.0, 4373307, 278762688, 474659, 234255552, 325088]]
Model_cost: [34388346072.0, [7466.75, 10460257, 668963704, 845249, 49400505, 81378]] [7544673324.0, [29511.0, 1333359, 85328676, 86895, 77870628, 92307]] [577262992, [32, 104020, 6247200, 13140, 6247200, 13130]] [9663801504.0, [9978.0, 1680616, 106002464, 38704, 103509152, 115866]] [2012608920, [1416, 546566, 34713648, 20230, 7767792, 9938]] [566066092080.0, [4077.0, 95907291, 6138012243, 5340891, 6137123727, 7106488]] [2708332516.0, [483.25, 515323, 32839552, 60259, 25506688, 39328]]
Arch_Param: [32, 16384, 4096, 16, 256, 16]
SK_cost: [31743835534.666668, [1606836.7777777778, 25429697, 406836408, 451617, 270519480, 291169]] [7919251884.0, [333423.0, 5333103, 85328676, 86895, 85328676, 105327]] [580927560, [26250, 390450, 6247200, 13170, 6247200, 13130]] [10546021384, [446500, 7106434, 113702944, 38794, 113702944, 120604]] [1981333336, [87558, 1386502, 22167600, 9830, 20472368, 20038]] [569557830192.0, [23976942.0, 383626383, 6138012243, 5340891, 6138012243, 7110363]] [21137854672.0, [938707.0, 14813420, 236848320, 329428, 217478336, 308704]]
Model_cost: [19551142786.666664, [3992.527777777778, 22447809, 359126200, 642689, 49400505, 84962]] [7560672300.0, [29511.0, 5333103, 85328676, 86895, 77870628, 92307]] [578410632, [32, 390450, 6247200, 13170, 6247200, 13130]] [9683626376.0, [9978.0, 6635394, 106002464, 38794, 103509152, 115866]] [1181743928, [711, 1085830, 17356848, 22918, 7767792, 9938]] [567216968448.0, [4077.0, 383626383, 6138012243, 5340891, 6137123727, 7106488]] [2504860440.0, [347.75, 1783660, 28517760, 43284, 25506688, 39328]]
Arch_Param: [32, 16384, 4096, 16, 256, 64]
SK_cost: [31743835534.666668, [1606836.7777777778, 25429697, 406836408, 451617, 270519480, 291169]] [7919251884.0, [333423.0, 5333103, 85328676, 86895, 85328676, 105327]] [580927560, [26250, 390450, 6247200, 13170, 6247200, 13130]] [10546021384, [446500, 7106434, 113702944, 38794, 113702944, 120604]] [1981333336, [87558, 1386502, 22167600, 9830, 20472368, 20038]] [569557830192.0, [23976942.0, 383626383, 6138012243, 5340891, 6138012243, 7110363]] [21137854672.0, [938707.0, 14813420, 236848320, 329428, 217478336, 308704]]
Model_cost: [19551142786.666664, [3992.527777777778, 22447809, 359126200, 642689, 49400505, 84962]] [7560672300.0, [29511.0, 5333103, 85328676, 86895, 77870628, 92307]] [578410632, [32, 390450, 6247200, 13170, 6247200, 13130]] [9683626376.0, [9978.0, 6635394, 106002464, 38794, 103509152, 115866]] [1180924728, [711, 1085830, 17356848, 10118, 7767792, 9938]] [567216968448.0, [4077.0, 383626383, 6138012243, 5340891, 6137123727, 7106488]] [2504794520.0, [343.75, 1783660, 28517760, 42260, 25506688, 39328]]
Arch_Param: [32, 16384, 4096, 16, 256, 128]
SK_cost: [31743835534.666668, [1606836.7777777778, 25429697, 406836408, 451617, 270519480, 291169]] [7919251884.0, [333423.0, 5333103, 85328676, 86895, 85328676, 105327]] [580927560, [26250, 390450, 6247200, 13170, 6247200, 13130]] [10546021384, [446500, 7106434, 113702944, 38794, 113702944, 120604]] [1981333336, [87558, 1386502, 22167600, 9830, 20472368, 20038]] [569557830192.0, [23976942.0, 383626383, 6138012243, 5340891, 6138012243, 7110363]] [21137854672.0, [938707.0, 14813420, 236848320, 329428, 217478336, 308704]]
Model_cost: [19538569922.666664, [3990.527777777778, 22447809, 359126200, 451617, 49400505, 81378]] [7560672300.0, [29511.0, 5333103, 85328676, 86895, 77870628, 92307]] [578410632, [32, 390450, 6247200, 13170, 6247200, 13130]] [9683626376.0, [9978.0, 6635394, 106002464, 38794, 103509152, 115866]] [1180924728, [711, 1085830, 17356848, 10118, 7767792, 9938]] [567216968448.0, [4077.0, 383626383, 6138012243, 5340891, 6137123727, 7106488]] [2504794520.0, [343.75, 1783660, 28517760, 42260, 25506688, 39328]]
Arch_Param: [32, 16384, 4096, 16, 256, 256]
SK_cost: [31743835534.666668, [1606836.7777777778, 25429697, 406836408, 451617, 270519480, 291169]] [7919251884.0, [333423.0, 5333103, 85328676, 86895, 85328676, 105327]] [580927560, [26250, 390450, 6247200, 13170, 6247200, 13130]] [10546021384, [446500, 7106434, 113702944, 38794, 113702944, 120604]] [1981333336, [87558, 1386502, 22167600, 9830, 20472368, 20038]] [569557830192.0, [23976942.0, 383626383, 6138012243, 5340891, 6138012243, 7110363]] [21137854672.0, [938707.0, 14813420, 236848320, 329428, 217478336, 308704]]
Model_cost: [19538569922.666664, [3990.527777777778, 22447809, 359126200, 451617, 49400505, 81378]] [7560672300.0, [29511.0, 5333103, 85328676, 86895, 77870628, 92307]] [578410632, [32, 390450, 6247200, 13170, 6247200, 13130]] [9683626376.0, [9978.0, 6635394, 106002464, 38794, 103509152, 115866]] [1180924728, [711, 1085830, 17356848, 10118, 7767792, 9938]] [567216968448.0, [4077.0, 383626383, 6138012243, 5340891, 6137123727, 7106488]] [2504794520.0, [343.75, 1783660, 28517760, 42260, 25506688, 39328]]
Arch_Param: [32, 16384, 4096, 16, 512, 16]
SK_cost: [31692975322.666668, [1606836.7777777778, 12715108, 406836408, 451588, 270519480, 291169]] [7908585900.0, [333423.0, 2666607, 85328676, 86895, 85328676, 105327]] [580145400, [26250, 195230, 6247200, 13150, 6247200, 13130]] [10531804696, [446500, 3553222, 113702944, 38734, 113702944, 120604]] [1978564440, [87558, 694278, 22167600, 9830, 20472368, 20038]] [568790579280.0, [23976942.0, 191813655, 6138012243, 5340891, 6138012243, 7110363]] [21108220280.0, [938707.0, 7406710, 236848320, 329310, 217478336, 308704]]
Model_cost: [19506246350.666664, [3992.527777777778, 11224164, 359126200, 642660, 49400505, 84962]] [7550006316.0, [29511.0, 2666607, 85328676, 86895, 77870628, 92307]] [577628472, [32, 195230, 6247200, 13150, 6247200, 13130]] [9670392728.0, [9978.0, 3327942, 106002464, 38734, 103509152, 115866]] [1179577144, [711, 544134, 17356848, 22918, 7767792, 9938]] [566449717536.0, [4077.0, 191813655, 6138012243, 5340891, 6137123727, 7106488]] [2501285568.0, [347.75, 891830, 28517760, 43166, 25506688, 39328]]
Arch_Param: [32, 16384, 4096, 16, 512, 64]
SK_cost: [31692975322.666668, [1606836.7777777778, 12715108, 406836408, 451588, 270519480, 291169]] [7908585900.0, [333423.0, 2666607, 85328676, 86895, 85328676, 105327]] [580145400, [26250, 195230, 6247200, 13150, 6247200, 13130]] [10531804696, [446500, 3553222, 113702944, 38734, 113702944, 120604]] [1978564440, [87558, 694278, 22167600, 9830, 20472368, 20038]] [568790579280.0, [23976942.0, 191813655, 6138012243, 5340891, 6138012243, 7110363]] [21108220280.0, [938707.0, 7406710, 236848320, 329310, 217478336, 308704]]
Model_cost: [19506246350.666664, [3992.527777777778, 11224164, 359126200, 642660, 49400505, 84962]] [7550006316.0, [29511.0, 2666607, 85328676, 86895, 77870628, 92307]] [577628472, [32, 195230, 6247200, 13150, 6247200, 13130]] [9670392728.0, [9978.0, 3327942, 106002464, 38734, 103509152, 115866]] [1178757944, [711, 544134, 17356848, 10118, 7767792, 9938]] [566449717536.0, [4077.0, 191813655, 6138012243, 5340891, 6137123727, 7106488]] [2501219648.0, [343.75, 891830, 28517760, 42142, 25506688, 39328]]
Arch_Param: [32, 16384, 4096, 16, 512, 128]
SK_cost: [31692975322.666668, [1606836.7777777778, 12715108, 406836408, 451588, 270519480, 291169]] [7908585900.0, [333423.0, 2666607, 85328676, 86895, 85328676, 105327]] [580145400, [26250, 195230, 6247200, 13150, 6247200, 13130]] [10531804696, [446500, 3553222, 113702944, 38734, 113702944, 120604]] [1978564440, [87558, 694278, 22167600, 9830, 20472368, 20038]] [568790579280.0, [23976942.0, 191813655, 6138012243, 5340891, 6138012243, 7110363]] [21108220280.0, [938707.0, 7406710, 236848320, 329310, 217478336, 308704]]
Model_cost: [19493673486.666664, [3990.527777777778, 11224164, 359126200, 451588, 49400505, 81378]] [7550006316.0, [29511.0, 2666607, 85328676, 86895, 77870628, 92307]] [577628472, [32, 195230, 6247200, 13150, 6247200, 13130]] [9670392728.0, [9978.0, 3327942, 106002464, 38734, 103509152, 115866]] [1178757944, [711, 544134, 17356848, 10118, 7767792, 9938]] [566449717536.0, [4077.0, 191813655, 6138012243, 5340891, 6137123727, 7106488]] [2501219648.0, [343.75, 891830, 28517760, 42142, 25506688, 39328]]
Arch_Param: [32, 16384, 4096, 16, 512, 256]
SK_cost: [31692975322.666668, [1606836.7777777778, 12715108, 406836408, 451588, 270519480, 291169]] [7908585900.0, [333423.0, 2666607, 85328676, 86895, 85328676, 105327]] [580145400, [26250, 195230, 6247200, 13150, 6247200, 13130]] [10531804696, [446500, 3553222, 113702944, 38734, 113702944, 120604]] [1978564440, [87558, 694278, 22167600, 9830, 20472368, 20038]] [568790579280.0, [23976942.0, 191813655, 6138012243, 5340891, 6138012243, 7110363]] [21108220280.0, [938707.0, 7406710, 236848320, 329310, 217478336, 308704]]
Model_cost: [19493673486.666664, [3990.527777777778, 11224164, 359126200, 451588, 49400505, 81378]] [7550006316.0, [29511.0, 2666607, 85328676, 86895, 77870628, 92307]] [577628472, [32, 195230, 6247200, 13150, 6247200, 13130]] [9670392728.0, [9978.0, 3327942, 106002464, 38734, 103509152, 115866]] [1178757944, [711, 544134, 17356848, 10118, 7767792, 9938]] [566449717536.0, [4077.0, 191813655, 6138012243, 5340891, 6137123727, 7106488]] [2501219648.0, [343.75, 891830, 28517760, 42142, 25506688, 39328]]
Arch_Param: [32, 16384, 4096, 16, 512, 512]
SK_cost: [31692975322.666668, [1606836.7777777778, 12715108, 406836408, 451588, 270519480, 291169]] [7908585900.0, [333423.0, 2666607, 85328676, 86895, 85328676, 105327]] [580145400, [26250, 195230, 6247200, 13150, 6247200, 13130]] [10531804696, [446500, 3553222, 113702944, 38734, 113702944, 120604]] [1978564440, [87558, 694278, 22167600, 9830, 20472368, 20038]] [568790579280.0, [23976942.0, 191813655, 6138012243, 5340891, 6138012243, 7110363]] [21108220280.0, [938707.0, 7406710, 236848320, 329310, 217478336, 308704]]
Model_cost: [19493673486.666664, [3990.527777777778, 11224164, 359126200, 451588, 49400505, 81378]] [7550006316.0, [29511.0, 2666607, 85328676, 86895, 77870628, 92307]] [577628472, [32, 195230, 6247200, 13150, 6247200, 13130]] [9670392728.0, [9978.0, 3327942, 106002464, 38734, 103509152, 115866]] [1178738744, [711, 543942, 17356848, 9830, 7767792, 9938]] [566449717536.0, [4077.0, 191813655, 6138012243, 5340891, 6137123727, 7106488]] [2501219648.0, [343.75, 891830, 28517760, 42142, 25506688, 39328]]
Arch_Param: [32, 16384, 4096, 16, 1024, 16]
SK_cost: [31667558414.666668, [1606836.7777777778, 6360929, 406836408, 451585, 270519480, 291169]] [7903252908.0, [333423.0, 1333359, 85328676, 86895, 85328676, 105327]] [579779920, [26250, 104020, 6247200, 13140, 6247200, 13130]] [10524721952, [446500, 1783016, 113702944, 38704, 113702944, 120604]] [1977179992, [87558, 348166, 22167600, 9830, 20472368, 20038]] [568406953824.0, [23976942.0, 95907291, 6138012243, 5340891, 6138012243, 7110363]] [21093428684.0, [938707.0, 3709755, 236848320, 329251, 217478336, 308704]]
Model_cost: [19483811330.666664, [3992.527777777778, 5615457, 359126200, 642657, 49400505, 84962]] [7544673324.0, [29511.0, 1333359, 85328676, 86895, 77870628, 92307]] [577262992, [32, 104020, 6247200, 13140, 6247200, 13130]] [9663801504.0, [9978.0, 1680616, 106002464, 38704, 103509152, 115866]] [1178493752, [711, 273286, 17356848, 22918, 7767792, 9938]] [566066092080.0, [4077.0, 95907291, 6138012243, 5340891, 6137123727, 7106488]] [2499501332.0, [347.75, 446715, 28517760, 43107, 25506688, 39328]]
Arch_Param: [32, 16384, 4096, 16, 1024, 64]
SK_cost: [31667558414.666668, [1606836.7777777778, 6360929, 406836408, 451585, 270519480, 291169]] [7903252908.0, [333423.0, 1333359, 85328676, 86895, 85328676, 105327]] [579779920, [26250, 104020, 6247200, 13140, 6247200, 13130]] [10524721952, [446500, 1783016, 113702944, 38704, 113702944, 120604]] [1977179992, [87558, 348166, 22167600, 9830, 20472368, 20038]] [568406953824.0, [23976942.0, 95907291, 6138012243, 5340891, 6138012243, 7110363]] [21093428684.0, [938707.0, 3709755, 236848320, 329251, 217478336, 308704]]
Model_cost: [19483811330.666664, [3992.527777777778, 5615457, 359126200, 642657, 49400505, 84962]] [7544673324.0, [29511.0, 1333359, 85328676, 86895, 77870628, 92307]] [577262992, [32, 104020, 6247200, 13140, 6247200, 13130]] [9663801504.0, [9978.0, 1680616, 106002464, 38704, 103509152, 115866]] [1177674552, [711, 273286, 17356848, 10118, 7767792, 9938]] [566066092080.0, [4077.0, 95907291, 6138012243, 5340891, 6137123727, 7106488]] [2499435412.0, [343.75, 446715, 28517760, 42083, 25506688, 39328]]
Arch_Param: [32, 16384, 4096, 16, 1024, 128]
SK_cost: [31667558414.666668, [1606836.7777777778, 6360929, 406836408, 451585, 270519480, 291169]] [7903252908.0, [333423.0, 1333359, 85328676, 86895, 85328676, 105327]] [579779920, [26250, 104020, 6247200, 13140, 6247200, 13130]] [10524721952, [446500, 1783016, 113702944, 38704, 113702944, 120604]] [1977179992, [87558, 348166, 22167600, 9830, 20472368, 20038]] [568406953824.0, [23976942.0, 95907291, 6138012243, 5340891, 6138012243, 7110363]] [21093428684.0, [938707.0, 3709755, 236848320, 329251, 217478336, 308704]]
Model_cost: [19471238466.666664, [3990.527777777778, 5615457, 359126200, 451585, 49400505, 81378]] [7544673324.0, [29511.0, 1333359, 85328676, 86895, 77870628, 92307]] [577262992, [32, 104020, 6247200, 13140, 6247200, 13130]] [9663801504.0, [9978.0, 1680616, 106002464, 38704, 103509152, 115866]] [1177674552, [711, 273286, 17356848, 10118, 7767792, 9938]] [566066092080.0, [4077.0, 95907291, 6138012243, 5340891, 6137123727, 7106488]] [2499435412.0, [343.75, 446715, 28517760, 42083, 25506688, 39328]]
Arch_Param: [32, 16384, 4096, 16, 1024, 256]
SK_cost: [31667558414.666668, [1606836.7777777778, 6360929, 406836408, 451585, 270519480, 291169]] [7903252908.0, [333423.0, 1333359, 85328676, 86895, 85328676, 105327]] [579779920, [26250, 104020, 6247200, 13140, 6247200, 13130]] [10524721952, [446500, 1783016, 113702944, 38704, 113702944, 120604]] [1977179992, [87558, 348166, 22167600, 9830, 20472368, 20038]] [568406953824.0, [23976942.0, 95907291, 6138012243, 5340891, 6138012243, 7110363]] [21093428684.0, [938707.0, 3709755, 236848320, 329251, 217478336, 308704]]
Model_cost: [19471238466.666664, [3990.527777777778, 5615457, 359126200, 451585, 49400505, 81378]] [7544673324.0, [29511.0, 1333359, 85328676, 86895, 77870628, 92307]] [577262992, [32, 104020, 6247200, 13140, 6247200, 13130]] [9663801504.0, [9978.0, 1680616, 106002464, 38704, 103509152, 115866]] [1177674552, [711, 273286, 17356848, 10118, 7767792, 9938]] [566066092080.0, [4077.0, 95907291, 6138012243, 5340891, 6137123727, 7106488]] [2499435412.0, [343.75, 446715, 28517760, 42083, 25506688, 39328]]
Arch_Param: [32, 16384, 4096, 16, 1024, 512]
SK_cost: [31667558414.666668, [1606836.7777777778, 6360929, 406836408, 451585, 270519480, 291169]] [7903252908.0, [333423.0, 1333359, 85328676, 86895, 85328676, 105327]] [579779920, [26250, 104020, 6247200, 13140, 6247200, 13130]] [10524721952, [446500, 1783016, 113702944, 38704, 113702944, 120604]] [1977179992, [87558, 348166, 22167600, 9830, 20472368, 20038]] [568406953824.0, [23976942.0, 95907291, 6138012243, 5340891, 6138012243, 7110363]] [21093428684.0, [938707.0, 3709755, 236848320, 329251, 217478336, 308704]]
Model_cost: [19471238466.666664, [3990.527777777778, 5615457, 359126200, 451585, 49400505, 81378]] [7544673324.0, [29511.0, 1333359, 85328676, 86895, 77870628, 92307]] [577262992, [32, 104020, 6247200, 13140, 6247200, 13130]] [9663801504.0, [9978.0, 1680616, 106002464, 38704, 103509152, 115866]] [1177654968, [711, 272998, 17356848, 9830, 7767792, 9938]] [566066092080.0, [4077.0, 95907291, 6138012243, 5340891, 6137123727, 7106488]] [2499435412.0, [343.75, 446715, 28517760, 42083, 25506688, 39328]]
Arch_Param: [32, 16384, 4096, 32, 256, 16]
SK_cost: [18481266062.666664, [913375.4444444445, 14471873, 231526584, 254913, 163368120, 186529]] [7919251884.0, [333423.0, 5333103, 85328676, 86895, 85328676, 105327]] [580927560, [26250, 390450, 6247200, 13170, 6247200, 13130]] [10546021384, [446500, 7106434, 113702944, 38794, 113702944, 120604]] [994114392, [43782, 693254, 11083824, 4918, 10314288, 10118]] [569557830192.0, [23976942.0, 383626383, 6138012243, 5340891, 6138012243, 7110363]] [19743670480.0, [850771.0, 13498604, 215891136, 256724, 209089728, 300512]]
Model_cost: [12061021922.666668, [2252.1944444444443, 12767937, 204263608, 364097, 49400505, 84962]] [7560672300.0, [29511.0, 5333103, 85328676, 86895, 77870628, 92307]] [578410632, [32, 390450, 6247200, 13170, 6247200, 13130]] [9683626376.0, [9978.0, 6635394, 106002464, 38794, 103509152, 115866]] [761832504, [359, 542918, 8678448, 5062, 7767792, 9938]] [567216968448.0, [4077.0, 383626383, 6138012243, 5340891, 6137123727, 7106488]] [2399940656.0, [276.0, 1647980, 26356864, 33172, 25506688, 39328]]
Arch_Param: [32, 16384, 4096, 32, 256, 64]
SK_cost: [18481266062.666664, [913375.4444444445, 14471873, 231526584, 254913, 163368120, 186529]] [7919251884.0, [333423.0, 5333103, 85328676, 86895, 85328676, 105327]] [580927560, [26250, 390450, 6247200, 13170, 6247200, 13130]] [10546021384, [446500, 7106434, 113702944, 38794, 113702944, 120604]] [994114392, [43782, 693254, 11083824, 4918, 10314288, 10118]] [569557830192.0, [23976942.0, 383626383, 6138012243, 5340891, 6138012243, 7110363]] [19743670480.0, [850771.0, 13498604, 215891136, 256724, 209089728, 300512]]
Model_cost: [12053690082.666668, [2252.1944444444443, 12767937, 204263608, 254913, 49400505, 81378]] [7560672300.0, [29511.0, 5333103, 85328676, 86895, 77870628, 92307]] [578410632, [32, 390450, 6247200, 13170, 6247200, 13130]] [9683626376.0, [9978.0, 6635394, 106002464, 38794, 103509152, 115866]] [761832504, [359, 542918, 8678448, 5062, 7767792, 9938]] [567216968448.0, [4077.0, 383626383, 6138012243, 5340891, 6137123727, 7106488]] [2399940656.0, [276.0, 1647980, 26356864, 33172, 25506688, 39328]]
Arch_Param: [32, 16384, 4096, 32, 256, 128]
SK_cost: [18481266062.666664, [913375.4444444445, 14471873, 231526584, 254913, 163368120, 186529]] [7919251884.0, [333423.0, 5333103, 85328676, 86895, 85328676, 105327]] [580927560, [26250, 390450, 6247200, 13170, 6247200, 13130]] [10546021384, [446500, 7106434, 113702944, 38794, 113702944, 120604]] [994114392, [43782, 693254, 11083824, 4918, 10314288, 10118]] [569557830192.0, [23976942.0, 383626383, 6138012243, 5340891, 6138012243, 7110363]] [19743670480.0, [850771.0, 13498604, 215891136, 256724, 209089728, 300512]]
Model_cost: [12053690082.666668, [2252.1944444444443, 12767937, 204263608, 254913, 49400505, 81378]] [7560672300.0, [29511.0, 5333103, 85328676, 86895, 77870628, 92307]] [578410632, [32, 390450, 6247200, 13170, 6247200, 13130]] [9683626376.0, [9978.0, 6635394, 106002464, 38794, 103509152, 115866]] [761832504, [359, 542918, 8678448, 5062, 7767792, 9938]] [567216968448.0, [4077.0, 383626383, 6138012243, 5340891, 6137123727, 7106488]] [2399940656.0, [276.0, 1647980, 26356864, 33172, 25506688, 39328]]
Arch_Param: [32, 16384, 4096, 32, 256, 256]
SK_cost: [18481266062.666664, [913375.4444444445, 14471873, 231526584, 254913, 163368120, 186529]] [7919251884.0, [333423.0, 5333103, 85328676, 86895, 85328676, 105327]] [580927560, [26250, 390450, 6247200, 13170, 6247200, 13130]] [10546021384, [446500, 7106434, 113702944, 38794, 113702944, 120604]] [994114392, [43782, 693254, 11083824, 4918, 10314288, 10118]] [569557830192.0, [23976942.0, 383626383, 6138012243, 5340891, 6138012243, 7110363]] [19743670480.0, [850771.0, 13498604, 215891136, 256724, 209089728, 300512]]
Model_cost: [12053690082.666668, [2252.1944444444443, 12767937, 204263608, 254913, 49400505, 81378]] [7560672300.0, [29511.0, 5333103, 85328676, 86895, 77870628, 92307]] [578410632, [32, 390450, 6247200, 13170, 6247200, 13130]] [9683626376.0, [9978.0, 6635394, 106002464, 38794, 103509152, 115866]] [761823288, [359, 542918, 8678448, 4918, 7767792, 9938]] [567216968448.0, [4077.0, 383626383, 6138012243, 5340891, 6137123727, 7106488]] [2399940656.0, [276.0, 1647980, 26356864, 33172, 25506688, 39328]]
Arch_Param: [32, 16384, 4096, 32, 512, 16]
SK_cost: [18452321498.666664, [913375.4444444445, 7236196, 231526584, 254884, 163368120, 186529]] [7908585900.0, [333423.0, 2666607, 85328676, 86895, 85328676, 105327]] [580145400, [26250, 195230, 6247200, 13150, 6247200, 13130]] [10531804696, [446500, 3553222, 113702944, 38734, 113702944, 120604]] [992729944, [43782, 347142, 11083824, 4918, 10314288, 10118]] [568790579280.0, [23976942.0, 191813655, 6138012243, 5340891, 6138012243, 7110363]] [19716665720.0, [850771.0, 6749302, 215891136, 256606, 209089728, 300512]]
Model_cost: [12035485230.666668, [2252.1944444444443, 6384228, 204263608, 364068, 49400505, 84962]] [7550006316.0, [29511.0, 2666607, 85328676, 86895, 77870628, 92307]] [577628472, [32, 195230, 6247200, 13150, 6247200, 13130]] [9670392728.0, [9978.0, 3327942, 106002464, 38734, 103509152, 115866]] [760749112, [359, 272070, 8678448, 5062, 7767792, 9938]] [566449717536.0, [4077.0, 191813655, 6138012243, 5340891, 6137123727, 7106488]] [2396637144.0, [276.0, 823990, 26356864, 33054, 25506688, 39328]]
Arch_Param: [32, 16384, 4096, 32, 512, 64]
SK_cost: [18452321498.666664, [913375.4444444445, 7236196, 231526584, 254884, 163368120, 186529]] [7908585900.0, [333423.0, 2666607, 85328676, 86895, 85328676, 105327]] [580145400, [26250, 195230, 6247200, 13150, 6247200, 13130]] [10531804696, [446500, 3553222, 113702944, 38734, 113702944, 120604]] [992729944, [43782, 347142, 11083824, 4918, 10314288, 10118]] [568790579280.0, [23976942.0, 191813655, 6138012243, 5340891, 6138012243, 7110363]] [19716665720.0, [850771.0, 6749302, 215891136, 256606, 209089728, 300512]]
Model_cost: [12028153390.666668, [2252.1944444444443, 6384228, 204263608, 254884, 49400505, 81378]] [7550006316.0, [29511.0, 2666607, 85328676, 86895, 77870628, 92307]] [577628472, [32, 195230, 6247200, 13150, 6247200, 13130]] [9670392728.0, [9978.0, 3327942, 106002464, 38734, 103509152, 115866]] [760749112, [359, 272070, 8678448, 5062, 7767792, 9938]] [566449717536.0, [4077.0, 191813655, 6138012243, 5340891, 6137123727, 7106488]] [2396637144.0, [276.0, 823990, 26356864, 33054, 25506688, 39328]]
Arch_Param: [32, 16384, 4096, 32, 512, 128]
SK_cost: [18452321498.666664, [913375.4444444445, 7236196, 231526584, 254884, 163368120, 186529]] [7908585900.0, [333423.0, 2666607, 85328676, 86895, 85328676, 105327]] [580145400, [26250, 195230, 6247200, 13150, 6247200, 13130]] [10531804696, [446500, 3553222, 113702944, 38734, 113702944, 120604]] [992729944, [43782, 347142, 11083824, 4918, 10314288, 10118]] [568790579280.0, [23976942.0, 191813655, 6138012243, 5340891, 6138012243, 7110363]] [19716665720.0, [850771.0, 6749302, 215891136, 256606, 209089728, 300512]]
Model_cost: [12028153390.666668, [2252.1944444444443, 6384228, 204263608, 254884, 49400505, 81378]] [7550006316.0, [29511.0, 2666607, 85328676, 86895, 77870628, 92307]] [577628472, [32, 195230, 6247200, 13150, 6247200, 13130]] [9670392728.0, [9978.0, 3327942, 106002464, 38734, 103509152, 115866]] [760749112, [359, 272070, 8678448, 5062, 7767792, 9938]] [566449717536.0, [4077.0, 191813655, 6138012243, 5340891, 6137123727, 7106488]] [2396637144.0, [276.0, 823990, 26356864, 33054, 25506688, 39328]]
Arch_Param: [32, 16384, 4096, 32, 512, 256]
SK_cost: [18452321498.666664, [913375.4444444445, 7236196, 231526584, 254884, 163368120, 186529]] [7908585900.0, [333423.0, 2666607, 85328676, 86895, 85328676, 105327]] [580145400, [26250, 195230, 6247200, 13150, 6247200, 13130]] [10531804696, [446500, 3553222, 113702944, 38734, 113702944, 120604]] [992729944, [43782, 347142, 11083824, 4918, 10314288, 10118]] [568790579280.0, [23976942.0, 191813655, 6138012243, 5340891, 6138012243, 7110363]] [19716665720.0, [850771.0, 6749302, 215891136, 256606, 209089728, 300512]]
Model_cost: [12028153390.666668, [2252.1944444444443, 6384228, 204263608, 254884, 49400505, 81378]] [7550006316.0, [29511.0, 2666607, 85328676, 86895, 77870628, 92307]] [577628472, [32, 195230, 6247200, 13150, 6247200, 13130]] [9670392728.0, [9978.0, 3327942, 106002464, 38734, 103509152, 115866]] [760739512, [359, 271974, 8678448, 4918, 7767792, 9938]] [566449717536.0, [4077.0, 191813655, 6138012243, 5340891, 6137123727, 7106488]] [2396637144.0, [276.0, 823990, 26356864, 33054, 25506688, 39328]]
Arch_Param: [32, 16384, 4096, 32, 512, 512]
SK_cost: [18452321498.666664, [913375.4444444445, 7236196, 231526584, 254884, 163368120, 186529]] [7908585900.0, [333423.0, 2666607, 85328676, 86895, 85328676, 105327]] [580145400, [26250, 195230, 6247200, 13150, 6247200, 13130]] [10531804696, [446500, 3553222, 113702944, 38734, 113702944, 120604]] [992729944, [43782, 347142, 11083824, 4918, 10314288, 10118]] [568790579280.0, [23976942.0, 191813655, 6138012243, 5340891, 6138012243, 7110363]] [19716665720.0, [850771.0, 6749302, 215891136, 256606, 209089728, 300512]]
Model_cost: [12028153390.666668, [2252.1944444444443, 6384228, 204263608, 254884, 49400505, 81378]] [7550006316.0, [29511.0, 2666607, 85328676, 86895, 77870628, 92307]] [577628472, [32, 195230, 6247200, 13150, 6247200, 13130]] [9670392728.0, [9978.0, 3327942, 106002464, 38734, 103509152, 115866]] [760739512, [359, 271974, 8678448, 4918, 7767792, 9938]] [566449717536.0, [4077.0, 191813655, 6138012243, 5340891, 6137123727, 7106488]] [2396637144.0, [276.0, 823990, 26356864, 33054, 25506688, 39328]]
Arch_Param: [32, 16384, 4096, 32, 1024, 16]
SK_cost: [18437856270.666664, [913375.4444444445, 3619937, 231526584, 254881, 163368120, 186529]] [7903252908.0, [333423.0, 1333359, 85328676, 86895, 85328676, 105327]] [579779920, [26250, 104020, 6247200, 13140, 6247200, 13130]] [10524721952, [446500, 1783016, 113702944, 38704, 113702944, 120604]] [992037720, [43782, 174086, 11083824, 4918, 10314288, 10118]] [568406953824.0, [23976942.0, 95907291, 6138012243, 5340891, 6138012243, 7110363]] [19703176652.0, [850771.0, 3377979, 215891136, 256547, 209089728, 300512]]
Model_cost: [12022723938.666668, [2252.1944444444443, 3193953, 204263608, 364065, 49400505, 84962]] [7544673324.0, [29511.0, 1333359, 85328676, 86895, 77870628, 92307]] [577262992, [32, 104020, 6247200, 13140, 6247200, 13130]] [9663801504.0, [9978.0, 1680616, 106002464, 38704, 103509152, 115866]] [760207416, [359, 136646, 8678448, 5062, 7767792, 9938]] [566066092080.0, [4077.0, 95907291, 6138012243, 5340891, 6137123727, 7106488]] [2394987052.0, [276.0, 412411, 26356864, 32995, 25506688, 39328]]
Arch_Param: [32, 16384, 4096, 32, 1024, 64]
SK_cost: [18437856270.666664, [913375.4444444445, 3619937, 231526584, 254881, 163368120, 186529]] [7903252908.0, [333423.0, 1333359, 85328676, 86895, 85328676, 105327]] [579779920, [26250, 104020, 6247200, 13140, 6247200, 13130]] [10524721952, [446500, 1783016, 113702944, 38704, 113702944, 120604]] [992037720, [43782, 174086, 11083824, 4918, 10314288, 10118]] [568406953824.0, [23976942.0, 95907291, 6138012243, 5340891, 6138012243, 7110363]] [19703176652.0, [850771.0, 3377979, 215891136, 256547, 209089728, 300512]]
Model_cost: [12015392098.666668, [2252.1944444444443, 3193953, 204263608, 254881, 49400505, 81378]] [7544673324.0, [29511.0, 1333359, 85328676, 86895, 77870628, 92307]] [577262992, [32, 104020, 6247200, 13140, 6247200, 13130]] [9663801504.0, [9978.0, 1680616, 106002464, 38704, 103509152, 115866]] [760207416, [359, 136646, 8678448, 5062, 7767792, 9938]] [566066092080.0, [4077.0, 95907291, 6138012243, 5340891, 6137123727, 7106488]] [2394987052.0, [276.0, 412411, 26356864, 32995, 25506688, 39328]]
Arch_Param: [32, 16384, 4096, 32, 1024, 128]
SK_cost: [18437856270.666664, [913375.4444444445, 3619937, 231526584, 254881, 163368120, 186529]] [7903252908.0, [333423.0, 1333359, 85328676, 86895, 85328676, 105327]] [579779920, [26250, 104020, 6247200, 13140, 6247200, 13130]] [10524721952, [446500, 1783016, 113702944, 38704, 113702944, 120604]] [992037720, [43782, 174086, 11083824, 4918, 10314288, 10118]] [568406953824.0, [23976942.0, 95907291, 6138012243, 5340891, 6138012243, 7110363]] [19703176652.0, [850771.0, 3377979, 215891136, 256547, 209089728, 300512]]
Model_cost: [12015392098.666668, [2252.1944444444443, 3193953, 204263608, 254881, 49400505, 81378]] [7544673324.0, [29511.0, 1333359, 85328676, 86895, 77870628, 92307]] [577262992, [32, 104020, 6247200, 13140, 6247200, 13130]] [9663801504.0, [9978.0, 1680616, 106002464, 38704, 103509152, 115866]] [760207416, [359, 136646, 8678448, 5062, 7767792, 9938]] [566066092080.0, [4077.0, 95907291, 6138012243, 5340891, 6137123727, 7106488]] [2394987052.0, [276.0, 412411, 26356864, 32995, 25506688, 39328]]
Arch_Param: [32, 16384, 4096, 32, 1024, 256]
SK_cost: [18437856270.666664, [913375.4444444445, 3619937, 231526584, 254881, 163368120, 186529]] [7903252908.0, [333423.0, 1333359, 85328676, 86895, 85328676, 105327]] [579779920, [26250, 104020, 6247200, 13140, 6247200, 13130]] [10524721952, [446500, 1783016, 113702944, 38704, 113702944, 120604]] [992037720, [43782, 174086, 11083824, 4918, 10314288, 10118]] [568406953824.0, [23976942.0, 95907291, 6138012243, 5340891, 6138012243, 7110363]] [19703176652.0, [850771.0, 3377979, 215891136, 256547, 209089728, 300512]]
Model_cost: [12015392098.666668, [2252.1944444444443, 3193953, 204263608, 254881, 49400505, 81378]] [7544673324.0, [29511.0, 1333359, 85328676, 86895, 77870628, 92307]] [577262992, [32, 104020, 6247200, 13140, 6247200, 13130]] [9663801504.0, [9978.0, 1680616, 106002464, 38704, 103509152, 115866]] [760197624, [359, 136502, 8678448, 4918, 7767792, 9938]] [566066092080.0, [4077.0, 95907291, 6138012243, 5340891, 6137123727, 7106488]] [2394987052.0, [276.0, 412411, 26356864, 32995, 25506688, 39328]]
Arch_Param: [32, 16384, 4096, 32, 1024, 512]
SK_cost: [18437856270.666664, [913375.4444444445, 3619937, 231526584, 254881, 163368120, 186529]] [7903252908.0, [333423.0, 1333359, 85328676, 86895, 85328676, 105327]] [579779920, [26250, 104020, 6247200, 13140, 6247200, 13130]] [10524721952, [446500, 1783016, 113702944, 38704, 113702944, 120604]] [992037720, [43782, 174086, 11083824, 4918, 10314288, 10118]] [568406953824.0, [23976942.0, 95907291, 6138012243, 5340891, 6138012243, 7110363]] [19703176652.0, [850771.0, 3377979, 215891136, 256547, 209089728, 300512]]
Model_cost: [12015392098.666668, [2252.1944444444443, 3193953, 204263608, 254881, 49400505, 81378]] [7544673324.0, [29511.0, 1333359, 85328676, 86895, 77870628, 92307]] [577262992, [32, 104020, 6247200, 13140, 6247200, 13130]] [9663801504.0, [9978.0, 1680616, 106002464, 38704, 103509152, 115866]] [760197624, [359, 136502, 8678448, 4918, 7767792, 9938]] [566066092080.0, [4077.0, 95907291, 6138012243, 5340891, 6137123727, 7106488]] [2394987052.0, [276.0, 412411, 26356864, 32995, 25506688, 39328]]
Arch_Param: [32, 16384, 2048, 4, 256, 16]
SK_cost: [111893862820.0, [11448421.0, 91214401, 1459298552, 1634145, 913427640, 919009]] [13038825900.0, [1278063.0, 10223727, 163578660, 164463, 113640228, 132975]] [583415880, [52170, 390450, 6247200, 13170, 6247200, 13130]] [10588772872, [891828, 7106434, 113702944, 38794, 113702944, 120604]] [7938266968, [700422, 5545990, 88670256, 39302, 81420848, 79558]] [992777839056.0, [95902683.0, 767215743, 12275433555, 10680855, 8855921235, 9764571]] [33639337296.0, [3325343.0, 26148076, 417716928, 820436, 297170112, 386528]]
Model_cost: [64522501360.0, [28823.0, 80564801, 1288904952, 2316545, 49400505, 84962]] [11346716460.0, [62415.0, 10223727, 163578660, 201327, 77870628, 92307]] [578412648, [53, 390450, 6247200, 13170, 6247200, 13130]] [9684581768, [19934, 6635394, 106002464, 38794, 103509152, 115862]] [3699025880, [5646, 4343302, 69427248, 91654, 7767792, 9938]] [863916484992.0, [11223.0, 767215743, 12275433555, 14219799, 6137123727, 7106488]] [3432755264.0, [1625.5, 2983404, 47652928, 113364, 25506688, 39328]]
Arch_Param: [32, 16384, 2048, 4, 256, 64]
SK_cost: [111893862820.0, [11448421.0, 91214401, 1459298552, 1634145, 913427640, 919009]] [13038825900.0, [1278063.0, 10223727, 163578660, 164463, 113640228, 132975]] [583415880, [52170, 390450, 6247200, 13170, 6247200, 13130]] [10588772872, [891828, 7106434, 113702944, 38794, 113702944, 120604]] [7938266968, [700422, 5545990, 88670256, 39302, 81420848, 79558]] [992777839056.0, [95902683.0, 767215743, 12275433555, 10680855, 8855921235, 9764571]] [33639337296.0, [3325343.0, 26148076, 417716928, 820436, 297170112, 386528]]
Model_cost: [64522501360.0, [28823.0, 80564801, 1288904952, 2316545, 49400505, 84962]] [11344357164.0, [62415.0, 10223727, 163578660, 164463, 77870628, 92307]] [578412648, [53, 390450, 6247200, 13170, 6247200, 13130]] [9684581768, [19934, 6635394, 106002464, 38794, 103509152, 115862]] [3699025880, [5646, 4343302, 69427248, 91654, 7767792, 9938]] [863689992576.0, [11223.0, 767215743, 12275433555, 10680855, 6137123727, 7106488]] [3432362048.0, [1625.5, 2983404, 47652928, 107220, 25506688, 39328]]
Arch_Param: [32, 16384, 2048, 4, 256, 128]
SK_cost: [111893862820.0, [11448421.0, 91214401, 1459298552, 1634145, 913427640, 919009]] [13038825900.0, [1278063.0, 10223727, 163578660, 164463, 113640228, 132975]] [583415880, [52170, 390450, 6247200, 13170, 6247200, 13130]] [10588772872, [891828, 7106434, 113702944, 38794, 113702944, 120604]] [7938266968, [700422, 5545990, 88670256, 39302, 81420848, 79558]] [992777839056.0, [95902683.0, 767215743, 12275433555, 10680855, 8855921235, 9764571]] [33639337296.0, [3325343.0, 26148076, 417716928, 820436, 297170112, 386528]]
Model_cost: [64522501360.0, [28823.0, 80564801, 1288904952, 2316545, 49400505, 84962]] [11344357164.0, [62415.0, 10223727, 163578660, 164463, 77870628, 92307]] [578412648, [53, 390450, 6247200, 13170, 6247200, 13130]] [9684581768, [19934, 6635394, 106002464, 38794, 103509152, 115862]] [3695749080, [5646, 4343302, 69427248, 40454, 7767792, 9938]] [863689992576.0, [11223.0, 767215743, 12275433555, 10680855, 6137123727, 7106488]] [3432132288.0, [1621.5, 2983404, 47652928, 103636, 25506688, 39328]]
Arch_Param: [32, 16384, 2048, 4, 256, 256]
SK_cost: [111893862820.0, [11448421.0, 91214401, 1459298552, 1634145, 913427640, 919009]] [13038825900.0, [1278063.0, 10223727, 163578660, 164463, 113640228, 132975]] [583415880, [52170, 390450, 6247200, 13170, 6247200, 13130]] [10588772872, [891828, 7106434, 113702944, 38794, 113702944, 120604]] [7938266968, [700422, 5545990, 88670256, 39302, 81420848, 79558]] [992777839056.0, [95902683.0, 767215743, 12275433555, 10680855, 8855921235, 9764571]] [33639337296.0, [3325343.0, 26148076, 417716928, 820436, 297170112, 386528]]
Model_cost: [64522501360.0, [28823.0, 80564801, 1288904952, 2316545, 49400505, 84962]] [11344357164.0, [62415.0, 10223727, 163578660, 164463, 77870628, 92307]] [578412648, [53, 390450, 6247200, 13170, 6247200, 13130]] [9684581768, [19934, 6635394, 106002464, 38794, 103509152, 115862]] [3695749080, [5646, 4343302, 69427248, 40454, 7767792, 9938]] [863689992576.0, [11223.0, 767215743, 12275433555, 10680855, 6137123727, 7106488]] [3432132288.0, [1621.5, 2983404, 47652928, 103636, 25506688, 39328]]
Arch_Param: [32, 16384, 2048, 4, 512, 16]
SK_cost: [111711433200.0, [11448421.0, 45607460, 1459298552, 1634116, 913427640, 919009]] [13018378668.0, [1278063.0, 5111919, 163578660, 164463, 113640228, 132975]] [582633720, [52170, 195230, 6247200, 13150, 6247200, 13130]] [10574556184, [891828, 3553222, 113702944, 38734, 113702944, 120604]] [7927191384, [700422, 2777094, 88670256, 39302, 81420848, 79558]] [991243410960.0, [95902683.0, 383608719, 12275433555, 10680855, 8855921235, 9764571]] [33587033592.0, [3325343.0, 13074038, 417716928, 820318, 297170112, 386528]]
Model_cost: [64361370940.0, [28823.0, 40282660, 1288904952, 2316516, 49400505, 84962]] [11326269228.0, [62415.0, 5111919, 163578660, 201327, 77870628, 92307]] [577630488, [53, 195230, 6247200, 13150, 6247200, 13130]] [9671348120, [19934, 3327942, 106002464, 38734, 103509152, 115862]] [3690358744, [5646, 2176518, 69427248, 91654, 7767792, 9938]] [862382056896.0, [11223.0, 383608719, 12275433555, 14219799, 6137123727, 7106488]] [3426780904.0, [1625.5, 1491702, 47652928, 113246, 25506688, 39328]]
Arch_Param: [32, 16384, 2048, 4, 512, 64]
SK_cost: [111711433200.0, [11448421.0, 45607460, 1459298552, 1634116, 913427640, 919009]] [13018378668.0, [1278063.0, 5111919, 163578660, 164463, 113640228, 132975]] [582633720, [52170, 195230, 6247200, 13150, 6247200, 13130]] [10574556184, [891828, 3553222, 113702944, 38734, 113702944, 120604]] [7927191384, [700422, 2777094, 88670256, 39302, 81420848, 79558]] [991243410960.0, [95902683.0, 383608719, 12275433555, 10680855, 8855921235, 9764571]] [33587033592.0, [3325343.0, 13074038, 417716928, 820318, 297170112, 386528]]
Model_cost: [64361370940.0, [28823.0, 40282660, 1288904952, 2316516, 49400505, 84962]] [11323909932.0, [62415.0, 5111919, 163578660, 164463, 77870628, 92307]] [577630488, [53, 195230, 6247200, 13150, 6247200, 13130]] [9671348120, [19934, 3327942, 106002464, 38734, 103509152, 115862]] [3690358744, [5646, 2176518, 69427248, 91654, 7767792, 9938]] [862155564480.0, [11223.0, 383608719, 12275433555, 10680855, 6137123727, 7106488]] [3426387688.0, [1625.5, 1491702, 47652928, 107102, 25506688, 39328]]
Arch_Param: [32, 16384, 2048, 4, 512, 128]
SK_cost: [111711433200.0, [11448421.0, 45607460, 1459298552, 1634116, 913427640, 919009]] [13018378668.0, [1278063.0, 5111919, 163578660, 164463, 113640228, 132975]] [582633720, [52170, 195230, 6247200, 13150, 6247200, 13130]] [10574556184, [891828, 3553222, 113702944, 38734, 113702944, 120604]] [7927191384, [700422, 2777094, 88670256, 39302, 81420848, 79558]] [991243410960.0, [95902683.0, 383608719, 12275433555, 10680855, 8855921235, 9764571]] [33587033592.0, [3325343.0, 13074038, 417716928, 820318, 297170112, 386528]]
Model_cost: [64361370940.0, [28823.0, 40282660, 1288904952, 2316516, 49400505, 84962]] [11323909932.0, [62415.0, 5111919, 163578660, 164463, 77870628, 92307]] [577630488, [53, 195230, 6247200, 13150, 6247200, 13130]] [9671348120, [19934, 3327942, 106002464, 38734, 103509152, 115862]] [3687081944, [5646, 2176518, 69427248, 40454, 7767792, 9938]] [862155564480.0, [11223.0, 383608719, 12275433555, 10680855, 6137123727, 7106488]] [3426157928.0, [1621.5, 1491702, 47652928, 103518, 25506688, 39328]]
Arch_Param: [32, 16384, 2048, 4, 512, 256]
SK_cost: [111711433200.0, [11448421.0, 45607460, 1459298552, 1634116, 913427640, 919009]] [13018378668.0, [1278063.0, 5111919, 163578660, 164463, 113640228, 132975]] [582633720, [52170, 195230, 6247200, 13150, 6247200, 13130]] [10574556184, [891828, 3553222, 113702944, 38734, 113702944, 120604]] [7927191384, [700422, 2777094, 88670256, 39302, 81420848, 79558]] [991243410960.0, [95902683.0, 383608719, 12275433555, 10680855, 8855921235, 9764571]] [33587033592.0, [3325343.0, 13074038, 417716928, 820318, 297170112, 386528]]
Model_cost: [64361370940.0, [28823.0, 40282660, 1288904952, 2316516, 49400505, 84962]] [11323909932.0, [62415.0, 5111919, 163578660, 164463, 77870628, 92307]] [577630488, [53, 195230, 6247200, 13150, 6247200, 13130]] [9671348120, [19934, 3327942, 106002464, 38734, 103509152, 115862]] [3687081944, [5646, 2176518, 69427248, 40454, 7767792, 9938]] [862155564480.0, [11223.0, 383608719, 12275433555, 10680855, 6137123727, 7106488]] [3426157928.0, [1621.5, 1491702, 47652928, 103518, 25506688, 39328]]
Arch_Param: [32, 16384, 2048, 4, 512, 512]
SK_cost: [111711433200.0, [11448421.0, 45607460, 1459298552, 1634116, 913427640, 919009]] [13018378668.0, [1278063.0, 5111919, 163578660, 164463, 113640228, 132975]] [582633720, [52170, 195230, 6247200, 13150, 6247200, 13130]] [10574556184, [891828, 3553222, 113702944, 38734, 113702944, 120604]] [7927191384, [700422, 2777094, 88670256, 39302, 81420848, 79558]] [991243410960.0, [95902683.0, 383608719, 12275433555, 10680855, 8855921235, 9764571]] [33587033592.0, [3325343.0, 13074038, 417716928, 820318, 297170112, 386528]]
Model_cost: [64317352892.0, [28819.0, 40282660, 1288904952, 1634116, 49400505, 81378]] [11323909932.0, [62415.0, 5111919, 163578660, 164463, 77870628, 92307]] [577630488, [53, 195230, 6247200, 13150, 6247200, 13130]] [9671348120, [19934, 3327942, 106002464, 38734, 103509152, 115862]] [3687081944, [5646, 2176518, 69427248, 40454, 7767792, 9938]] [862155564480.0, [11223.0, 383608719, 12275433555, 10680855, 6137123727, 7106488]] [3426157928.0, [1621.5, 1491702, 47652928, 103518, 25506688, 39328]]
Arch_Param: [32, 16384, 2048, 4, 1024, 16]
SK_cost: [111620268836.0, [11448421.0, 22816417, 1459298552, 1634113, 913427640, 919009]] [13008155052.0, [1278063.0, 2556015, 163578660, 164463, 113640228, 132975]] [582268240, [52170, 104020, 6247200, 13140, 6247200, 13130]] [10567473440, [891828, 1783016, 113702944, 38704, 113702944, 120604]] [7921653592, [700422, 1392646, 88670256, 39302, 81420848, 79558]] [990476196912.0, [95902683.0, 191805207, 12275433555, 10680855, 8855921235, 9764571]] [33560982092.0, [3325343.0, 6562107, 417716928, 820259, 297170112, 386528]]
Model_cost: [64280856176.0, [28823.0, 20154017, 1288904952, 2316513, 49400505, 84962]] [11316045612.0, [62415.0, 2556015, 163578660, 201327, 77870628, 92307]] [577265008, [53, 104020, 6247200, 13140, 6247200, 13130]] [9664756896, [19934, 1680616, 106002464, 38704, 103509152, 115862]] [3686025176, [5646, 1093126, 69427248, 91654, 7767792, 9938]] [861614842848.0, [11223.0, 191805207, 12275433555, 14219799, 6137123727, 7106488]] [3423806268.0, [1625.5, 748987, 47652928, 113187, 25506688, 39328]]
Arch_Param: [32, 16384, 2048, 4, 1024, 64]
SK_cost: [111620268836.0, [11448421.0, 22816417, 1459298552, 1634113, 913427640, 919009]] [13008155052.0, [1278063.0, 2556015, 163578660, 164463, 113640228, 132975]] [582268240, [52170, 104020, 6247200, 13140, 6247200, 13130]] [10567473440, [891828, 1783016, 113702944, 38704, 113702944, 120604]] [7921653592, [700422, 1392646, 88670256, 39302, 81420848, 79558]] [990476196912.0, [95902683.0, 191805207, 12275433555, 10680855, 8855921235, 9764571]] [33560982092.0, [3325343.0, 6562107, 417716928, 820259, 297170112, 386528]]
Model_cost: [64280856176.0, [28823.0, 20154017, 1288904952, 2316513, 49400505, 84962]] [11313686316.0, [62415.0, 2556015, 163578660, 164463, 77870628, 92307]] [577265008, [53, 104020, 6247200, 13140, 6247200, 13130]] [9664756896, [19934, 1680616, 106002464, 38704, 103509152, 115862]] [3686025176, [5646, 1093126, 69427248, 91654, 7767792, 9938]] [861388350432.0, [11223.0, 191805207, 12275433555, 10680855, 6137123727, 7106488]] [3423413052.0, [1625.5, 748987, 47652928, 107043, 25506688, 39328]]
Arch_Param: [32, 16384, 2048, 4, 1024, 128]
SK_cost: [111620268836.0, [11448421.0, 22816417, 1459298552, 1634113, 913427640, 919009]] [13008155052.0, [1278063.0, 2556015, 163578660, 164463, 113640228, 132975]] [582268240, [52170, 104020, 6247200, 13140, 6247200, 13130]] [10567473440, [891828, 1783016, 113702944, 38704, 113702944, 120604]] [7921653592, [700422, 1392646, 88670256, 39302, 81420848, 79558]] [990476196912.0, [95902683.0, 191805207, 12275433555, 10680855, 8855921235, 9764571]] [33560982092.0, [3325343.0, 6562107, 417716928, 820259, 297170112, 386528]]
Model_cost: [64280856176.0, [28823.0, 20154017, 1288904952, 2316513, 49400505, 84962]] [11313686316.0, [62415.0, 2556015, 163578660, 164463, 77870628, 92307]] [577265008, [53, 104020, 6247200, 13140, 6247200, 13130]] [9664756896, [19934, 1680616, 106002464, 38704, 103509152, 115862]] [3682748376, [5646, 1093126, 69427248, 40454, 7767792, 9938]] [861388350432.0, [11223.0, 191805207, 12275433555, 10680855, 6137123727, 7106488]] [3423183292.0, [1621.5, 748987, 47652928, 103459, 25506688, 39328]]
Arch_Param: [32, 16384, 2048, 4, 1024, 256]
SK_cost: [111620268836.0, [11448421.0, 22816417, 1459298552, 1634113, 913427640, 919009]] [13008155052.0, [1278063.0, 2556015, 163578660, 164463, 113640228, 132975]] [582268240, [52170, 104020, 6247200, 13140, 6247200, 13130]] [10567473440, [891828, 1783016, 113702944, 38704, 113702944, 120604]] [7921653592, [700422, 1392646, 88670256, 39302, 81420848, 79558]] [990476196912.0, [95902683.0, 191805207, 12275433555, 10680855, 8855921235, 9764571]] [33560982092.0, [3325343.0, 6562107, 417716928, 820259, 297170112, 386528]]
Model_cost: [64280856176.0, [28823.0, 20154017, 1288904952, 2316513, 49400505, 84962]] [11313686316.0, [62415.0, 2556015, 163578660, 164463, 77870628, 92307]] [577265008, [53, 104020, 6247200, 13140, 6247200, 13130]] [9664756896, [19934, 1680616, 106002464, 38704, 103509152, 115862]] [3682748376, [5646, 1093126, 69427248, 40454, 7767792, 9938]] [861388350432.0, [11223.0, 191805207, 12275433555, 10680855, 6137123727, 7106488]] [3423183292.0, [1621.5, 748987, 47652928, 103459, 25506688, 39328]]
Arch_Param: [32, 16384, 2048, 4, 1024, 512]
SK_cost: [111620268836.0, [11448421.0, 22816417, 1459298552, 1634113, 913427640, 919009]] [13008155052.0, [1278063.0, 2556015, 163578660, 164463, 113640228, 132975]] [582268240, [52170, 104020, 6247200, 13140, 6247200, 13130]] [10567473440, [891828, 1783016, 113702944, 38704, 113702944, 120604]] [7921653592, [700422, 1392646, 88670256, 39302, 81420848, 79558]] [990476196912.0, [95902683.0, 191805207, 12275433555, 10680855, 8855921235, 9764571]] [33560982092.0, [3325343.0, 6562107, 417716928, 820259, 297170112, 386528]]
Model_cost: [64236838128.0, [28819.0, 20154017, 1288904952, 1634113, 49400505, 81378]] [11313686316.0, [62415.0, 2556015, 163578660, 164463, 77870628, 92307]] [577265008, [53, 104020, 6247200, 13140, 6247200, 13130]] [9664756896, [19934, 1680616, 106002464, 38704, 103509152, 115862]] [3682748376, [5646, 1093126, 69427248, 40454, 7767792, 9938]] [861388350432.0, [11223.0, 191805207, 12275433555, 10680855, 6137123727, 7106488]] [3423183292.0, [1621.5, 748987, 47652928, 103459, 25506688, 39328]]
Arch_Param: [32, 16384, 2048, 8, 256, 16]
SK_cost: [58557474212.0, [5942341.0, 47352385, 757568376, 845281, 484822200, 500449]] [7951249836.0, [666735.0, 5333103, 85328676, 86895, 85328676, 105327]] [583415880, [52170, 390450, 6247200, 13170, 6247200, 13130]] [10588772872, [891828, 7106434, 113702944, 38794, 113702944, 120604]] [3972581208, [350214, 2772998, 44335152, 19654, 40788528, 39878]] [571859601360.0, [47953725.0, 383626383, 6138012243, 5340891, 6138012243, 7110363]] [24031305040.0, [2209183.0, 17443052, 278762688, 474836, 234255552, 325088]]
Model_cost: [34537532864.0, [14894.5, 41814593, 668963704, 1200129, 49400505, 84962]] [7563494700.0, [58911.0, 5333103, 85328676, 86895, 77870628, 92307]] [578412648, [53, 390450, 6247200, 13170, 6247200, 13130]] [9684581768, [19934, 6635394, 106002464, 38794, 103509152, 115862]] [2020883032, [2826, 2171654, 34713648, 45830, 7767792, 9938]] [567217344576.0, [7995.0, 383626383, 6138012243, 5340891, 6137123727, 7106488]] [2714679040.0, [955.5, 2055020, 32839552, 62484, 25506688, 39328]]
Arch_Param: [32, 16384, 2048, 8, 256, 64]
SK_cost: [58557474212.0, [5942341.0, 47352385, 757568376, 845281, 484822200, 500449]] [7951249836.0, [666735.0, 5333103, 85328676, 86895, 85328676, 105327]] [583415880, [52170, 390450, 6247200, 13170, 6247200, 13130]] [10588772872, [891828, 7106434, 113702944, 38794, 113702944, 120604]] [3972581208, [350214, 2772998, 44335152, 19654, 40788528, 39878]] [571859601360.0, [47953725.0, 383626383, 6138012243, 5340891, 6138012243, 7110363]] [24031305040.0, [2209183.0, 17443052, 278762688, 474836, 234255552, 325088]]
Model_cost: [34537532864.0, [14894.5, 41814593, 668963704, 1200129, 49400505, 84962]] [7563494700.0, [58911.0, 5333103, 85328676, 86895, 77870628, 92307]] [578412648, [53, 390450, 6247200, 13170, 6247200, 13130]] [9684581768, [19934, 6635394, 106002464, 38794, 103509152, 115862]] [2019244632, [2826, 2171654, 34713648, 20230, 7767792, 9938]] [567217344576.0, [7995.0, 383626383, 6138012243, 5340891, 6137123727, 7106488]] [2714547968.0, [955.5, 2055020, 32839552, 60436, 25506688, 39328]]
Arch_Param: [32, 16384, 2048, 8, 256, 128]
SK_cost: [58557474212.0, [5942341.0, 47352385, 757568376, 845281, 484822200, 500449]] [7951249836.0, [666735.0, 5333103, 85328676, 86895, 85328676, 105327]] [583415880, [52170, 390450, 6247200, 13170, 6247200, 13130]] [10588772872, [891828, 7106434, 113702944, 38794, 113702944, 120604]] [3972581208, [350214, 2772998, 44335152, 19654, 40788528, 39878]] [571859601360.0, [47953725.0, 383626383, 6138012243, 5340891, 6138012243, 7110363]] [24031305040.0, [2209183.0, 17443052, 278762688, 474836, 234255552, 325088]]
Model_cost: [34537532864.0, [14894.5, 41814593, 668963704, 1200129, 49400505, 84962]] [7563494700.0, [58911.0, 5333103, 85328676, 86895, 77870628, 92307]] [578412648, [53, 390450, 6247200, 13170, 6247200, 13130]] [9684581768, [19934, 6635394, 106002464, 38794, 103509152, 115862]] [2019244632, [2826, 2171654, 34713648, 20230, 7767792, 9938]] [567217344576.0, [7995.0, 383626383, 6138012243, 5340891, 6137123727, 7106488]] [2714547968.0, [955.5, 2055020, 32839552, 60436, 25506688, 39328]]
Arch_Param: [32, 16384, 2048, 8, 256, 256]
SK_cost: [58557474212.0, [5942341.0, 47352385, 757568376, 845281, 484822200, 500449]] [7951249836.0, [666735.0, 5333103, 85328676, 86895, 85328676, 105327]] [583415880, [52170, 390450, 6247200, 13170, 6247200, 13130]] [10588772872, [891828, 7106434, 113702944, 38794, 113702944, 120604]] [3972581208, [350214, 2772998, 44335152, 19654, 40788528, 39878]] [571859601360.0, [47953725.0, 383626383, 6138012243, 5340891, 6138012243, 7110363]] [24031305040.0, [2209183.0, 17443052, 278762688, 474836, 234255552, 325088]]
Model_cost: [34514478144.0, [14890.5, 41814593, 668963704, 845281, 49400505, 81378]] [7563494700.0, [58911.0, 5333103, 85328676, 86895, 77870628, 92307]] [578412648, [53, 390450, 6247200, 13170, 6247200, 13130]] [9684581768, [19934, 6635394, 106002464, 38794, 103509152, 115862]] [2019244632, [2826, 2171654, 34713648, 20230, 7767792, 9938]] [567217344576.0, [7995.0, 383626383, 6138012243, 5340891, 6137123727, 7106488]] [2714547968.0, [955.5, 2055020, 32839552, 60436, 25506688, 39328]]
Arch_Param: [32, 16384, 2048, 8, 512, 16]
SK_cost: [58462768624.0, [5942341.0, 23676452, 757568376, 845252, 484822200, 500449]] [7940583852.0, [666735.0, 2666607, 85328676, 86895, 85328676, 105327]] [582633720, [52170, 195230, 6247200, 13150, 6247200, 13130]] [10574556184, [891828, 3553222, 113702944, 38734, 113702944, 120604]] [3967043416, [350214, 1388550, 44335152, 19654, 40788528, 39878]] [571092350448.0, [47953725.0, 191813655, 6138012243, 5340891, 6138012243, 7110363]] [23996411384.0, [2209183.0, 8721526, 278762688, 474718, 234255552, 325088]]
Model_cost: [34453902860.0, [14894.5, 20907556, 668963704, 1200100, 49400505, 84962]] [7552828716.0, [58911.0, 2666607, 85328676, 86895, 77870628, 92307]] [577630488, [53, 195230, 6247200, 13150, 6247200, 13130]] [9671348120, [19934, 3327942, 106002464, 38734, 103509152, 115862]] [2016549464, [2826, 1088262, 34713648, 45830, 7767792, 9938]] [566450093664.0, [7995.0, 191813655, 6138012243, 5340891, 6137123727, 7106488]] [2710561448.0, [955.5, 1027510, 32839552, 62366, 25506688, 39328]]
Arch_Param: [32, 16384, 2048, 8, 512, 64]
SK_cost: [58462768624.0, [5942341.0, 23676452, 757568376, 845252, 484822200, 500449]] [7940583852.0, [666735.0, 2666607, 85328676, 86895, 85328676, 105327]] [582633720, [52170, 195230, 6247200, 13150, 6247200, 13130]] [10574556184, [891828, 3553222, 113702944, 38734, 113702944, 120604]] [3967043416, [350214, 1388550, 44335152, 19654, 40788528, 39878]] [571092350448.0, [47953725.0, 191813655, 6138012243, 5340891, 6138012243, 7110363]] [23996411384.0, [2209183.0, 8721526, 278762688, 474718, 234255552, 325088]]
Model_cost: [34453902860.0, [14894.5, 20907556, 668963704, 1200100, 49400505, 84962]] [7552828716.0, [58911.0, 2666607, 85328676, 86895, 77870628, 92307]] [577630488, [53, 195230, 6247200, 13150, 6247200, 13130]] [9671348120, [19934, 3327942, 106002464, 38734, 103509152, 115862]] [2014911064, [2826, 1088262, 34713648, 20230, 7767792, 9938]] [566450093664.0, [7995.0, 191813655, 6138012243, 5340891, 6137123727, 7106488]] [2710430376.0, [955.5, 1027510, 32839552, 60318, 25506688, 39328]]
Arch_Param: [32, 16384, 2048, 8, 512, 128]
SK_cost: [58462768624.0, [5942341.0, 23676452, 757568376, 845252, 484822200, 500449]] [7940583852.0, [666735.0, 2666607, 85328676, 86895, 85328676, 105327]] [582633720, [52170, 195230, 6247200, 13150, 6247200, 13130]] [10574556184, [891828, 3553222, 113702944, 38734, 113702944, 120604]] [3967043416, [350214, 1388550, 44335152, 19654, 40788528, 39878]] [571092350448.0, [47953725.0, 191813655, 6138012243, 5340891, 6138012243, 7110363]] [23996411384.0, [2209183.0, 8721526, 278762688, 474718, 234255552, 325088]]
Model_cost: [34453902860.0, [14894.5, 20907556, 668963704, 1200100, 49400505, 84962]] [7552828716.0, [58911.0, 2666607, 85328676, 86895, 77870628, 92307]] [577630488, [53, 195230, 6247200, 13150, 6247200, 13130]] [9671348120, [19934, 3327942, 106002464, 38734, 103509152, 115862]] [2014911064, [2826, 1088262, 34713648, 20230, 7767792, 9938]] [566450093664.0, [7995.0, 191813655, 6138012243, 5340891, 6137123727, 7106488]] [2710430376.0, [955.5, 1027510, 32839552, 60318, 25506688, 39328]]
Arch_Param: [32, 16384, 2048, 8, 512, 256]
SK_cost: [58462768624.0, [5942341.0, 23676452, 757568376, 845252, 484822200, 500449]] [7940583852.0, [666735.0, 2666607, 85328676, 86895, 85328676, 105327]] [582633720, [52170, 195230, 6247200, 13150, 6247200, 13130]] [10574556184, [891828, 3553222, 113702944, 38734, 113702944, 120604]] [3967043416, [350214, 1388550, 44335152, 19654, 40788528, 39878]] [571092350448.0, [47953725.0, 191813655, 6138012243, 5340891, 6138012243, 7110363]] [23996411384.0, [2209183.0, 8721526, 278762688, 474718, 234255552, 325088]]
Model_cost: [34430848140.0, [14890.5, 20907556, 668963704, 845252, 49400505, 81378]] [7552828716.0, [58911.0, 2666607, 85328676, 86895, 77870628, 92307]] [577630488, [53, 195230, 6247200, 13150, 6247200, 13130]] [9671348120, [19934, 3327942, 106002464, 38734, 103509152, 115862]] [2014911064, [2826, 1088262, 34713648, 20230, 7767792, 9938]] [566450093664.0, [7995.0, 191813655, 6138012243, 5340891, 6137123727, 7106488]] [2710430376.0, [955.5, 1027510, 32839552, 60318, 25506688, 39328]]
Arch_Param: [32, 16384, 2048, 8, 512, 512]
SK_cost: [58462768624.0, [5942341.0, 23676452, 757568376, 845252, 484822200, 500449]] [7940583852.0, [666735.0, 2666607, 85328676, 86895, 85328676, 105327]] [582633720, [52170, 195230, 6247200, 13150, 6247200, 13130]] [10574556184, [891828, 3553222, 113702944, 38734, 113702944, 120604]] [3967043416, [350214, 1388550, 44335152, 19654, 40788528, 39878]] [571092350448.0, [47953725.0, 191813655, 6138012243, 5340891, 6138012243, 7110363]] [23996411384.0, [2209183.0, 8721526, 278762688, 474718, 234255552, 325088]]
Model_cost: [34430848140.0, [14890.5, 20907556, 668963704, 845252, 49400505, 81378]] [7552828716.0, [58911.0, 2666607, 85328676, 86895, 77870628, 92307]] [577630488, [53, 195230, 6247200, 13150, 6247200, 13130]] [9671348120, [19934, 3327942, 106002464, 38734, 103509152, 115862]] [2014911064, [2826, 1088262, 34713648, 20230, 7767792, 9938]] [566450093664.0, [7995.0, 191813655, 6138012243, 5340891, 6137123727, 7106488]] [2710430376.0, [955.5, 1027510, 32839552, 60318, 25506688, 39328]]
Arch_Param: [32, 16384, 2048, 8, 1024, 16]
SK_cost: [58415441444.0, [5942341.0, 11844705, 757568376, 845249, 484822200, 500449]] [7935250860.0, [666735.0, 1333359, 85328676, 86895, 85328676, 105327]] [582268240, [52170, 104020, 6247200, 13140, 6247200, 13130]] [10567473440, [891828, 1783016, 113702944, 38704, 113702944, 120604]] [3964274520, [350214, 696326, 44335152, 19654, 40788528, 39878]] [570708724992.0, [47953725.0, 95907291, 6138012243, 5340891, 6138012243, 7110363]] [23979014732.0, [2209183.0, 4373307, 278762688, 474659, 234255552, 325088]]
Model_cost: [34412113472.0, [14894.5, 10460257, 668963704, 1200097, 49400505, 84962]] [7547495724.0, [58911.0, 1333359, 85328676, 86895, 77870628, 92307]] [577265008, [53, 104020, 6247200, 13140, 6247200, 13130]] [9664756896, [19934, 1680616, 106002464, 38704, 103509152, 115862]] [2014382680, [2826, 546566, 34713648, 45830, 7767792, 9938]] [566066468208.0, [7995.0, 95907291, 6138012243, 5340891, 6137123727, 7106488]] [2708508924.0, [955.5, 515323, 32839552, 62307, 25506688, 39328]]
Arch_Param: [32, 16384, 2048, 8, 1024, 64]
SK_cost: [58415441444.0, [5942341.0, 11844705, 757568376, 845249, 484822200, 500449]] [7935250860.0, [666735.0, 1333359, 85328676, 86895, 85328676, 105327]] [582268240, [52170, 104020, 6247200, 13140, 6247200, 13130]] [10567473440, [891828, 1783016, 113702944, 38704, 113702944, 120604]] [3964274520, [350214, 696326, 44335152, 19654, 40788528, 39878]] [570708724992.0, [47953725.0, 95907291, 6138012243, 5340891, 6138012243, 7110363]] [23979014732.0, [2209183.0, 4373307, 278762688, 474659, 234255552, 325088]]
Model_cost: [34412113472.0, [14894.5, 10460257, 668963704, 1200097, 49400505, 84962]] [7547495724.0, [58911.0, 1333359, 85328676, 86895, 77870628, 92307]] [577265008, [53, 104020, 6247200, 13140, 6247200, 13130]] [9664756896, [19934, 1680616, 106002464, 38704, 103509152, 115862]] [2012744280, [2826, 546566, 34713648, 20230, 7767792, 9938]] [566066468208.0, [7995.0, 95907291, 6138012243, 5340891, 6137123727, 7106488]] [2708377852.0, [955.5, 515323, 32839552, 60259, 25506688, 39328]]
Arch_Param: [32, 16384, 2048, 8, 1024, 128]
SK_cost: [58415441444.0, [5942341.0, 11844705, 757568376, 845249, 484822200, 500449]] [7935250860.0, [666735.0, 1333359, 85328676, 86895, 85328676, 105327]] [582268240, [52170, 104020, 6247200, 13140, 6247200, 13130]] [10567473440, [891828, 1783016, 113702944, 38704, 113702944, 120604]] [3964274520, [350214, 696326, 44335152, 19654, 40788528, 39878]] [570708724992.0, [47953725.0, 95907291, 6138012243, 5340891, 6138012243, 7110363]] [23979014732.0, [2209183.0, 4373307, 278762688, 474659, 234255552, 325088]]
Model_cost: [34412113472.0, [14894.5, 10460257, 668963704, 1200097, 49400505, 84962]] [7547495724.0, [58911.0, 1333359, 85328676, 86895, 77870628, 92307]] [577265008, [53, 104020, 6247200, 13140, 6247200, 13130]] [9664756896, [19934, 1680616, 106002464, 38704, 103509152, 115862]] [2012744280, [2826, 546566, 34713648, 20230, 7767792, 9938]] [566066468208.0, [7995.0, 95907291, 6138012243, 5340891, 6137123727, 7106488]] [2708377852.0, [955.5, 515323, 32839552, 60259, 25506688, 39328]]
Arch_Param: [32, 16384, 2048, 8, 1024, 256]
SK_cost: [58415441444.0, [5942341.0, 11844705, 757568376, 845249, 484822200, 500449]] [7935250860.0, [666735.0, 1333359, 85328676, 86895, 85328676, 105327]] [582268240, [52170, 104020, 6247200, 13140, 6247200, 13130]] [10567473440, [891828, 1783016, 113702944, 38704, 113702944, 120604]] [3964274520, [350214, 696326, 44335152, 19654, 40788528, 39878]] [570708724992.0, [47953725.0, 95907291, 6138012243, 5340891, 6138012243, 7110363]] [23979014732.0, [2209183.0, 4373307, 278762688, 474659, 234255552, 325088]]
Model_cost: [34389058752.0, [14890.5, 10460257, 668963704, 845249, 49400505, 81378]] [7547495724.0, [58911.0, 1333359, 85328676, 86895, 77870628, 92307]] [577265008, [53, 104020, 6247200, 13140, 6247200, 13130]] [9664756896, [19934, 1680616, 106002464, 38704, 103509152, 115862]] [2012744280, [2826, 546566, 34713648, 20230, 7767792, 9938]] [566066468208.0, [7995.0, 95907291, 6138012243, 5340891, 6137123727, 7106488]] [2708377852.0, [955.5, 515323, 32839552, 60259, 25506688, 39328]]
Arch_Param: [32, 16384, 2048, 8, 1024, 512]
SK_cost: [58415441444.0, [5942341.0, 11844705, 757568376, 845249, 484822200, 500449]] [7935250860.0, [666735.0, 1333359, 85328676, 86895, 85328676, 105327]] [582268240, [52170, 104020, 6247200, 13140, 6247200, 13130]] [10567473440, [891828, 1783016, 113702944, 38704, 113702944, 120604]] [3964274520, [350214, 696326, 44335152, 19654, 40788528, 39878]] [570708724992.0, [47953725.0, 95907291, 6138012243, 5340891, 6138012243, 7110363]] [23979014732.0, [2209183.0, 4373307, 278762688, 474659, 234255552, 325088]]
Model_cost: [34389058752.0, [14890.5, 10460257, 668963704, 845249, 49400505, 81378]] [7547495724.0, [58911.0, 1333359, 85328676, 86895, 77870628, 92307]] [577265008, [53, 104020, 6247200, 13140, 6247200, 13130]] [9664756896, [19934, 1680616, 106002464, 38704, 103509152, 115862]] [2012744280, [2826, 546566, 34713648, 20230, 7767792, 9938]] [566066468208.0, [7995.0, 95907291, 6138012243, 5340891, 6137123727, 7106488]] [2708377852.0, [955.5, 515323, 32839552, 60259, 25506688, 39328]]
Arch_Param: [32, 16384, 2048, 16, 256, 16]
SK_cost: [31895856548.0, [3190389.0, 25429697, 406836408, 451617, 270519480, 291169]] [7951249836.0, [666735.0, 5333103, 85328676, 86895, 85328676, 105327]] [583415880, [52170, 390450, 6247200, 13170, 6247200, 13130]] [10588772872, [891828, 7106434, 113702944, 38794, 113702944, 120604]] [1989738328, [175110, 1386502, 22167600, 9830, 20472368, 20038]] [571859601360.0, [47953725.0, 383626383, 6138012243, 5340891, 6138012243, 7110363]] [21226937680.0, [1866655.0, 14813420, 236848320, 329428, 217478336, 308704]]
Model_cost: [19551521984.0, [7942.5, 22447809, 359126200, 642689, 49400505, 84962]] [7563494700.0, [58911.0, 5333103, 85328676, 86895, 77870628, 92307]] [578412648, [53, 390450, 6247200, 13170, 6247200, 13130]] [9684581768, [19934, 6635394, 106002464, 38794, 103509152, 115862]] [1181811608, [1416, 1085830, 17356848, 22918, 7767792, 9938]] [567217344576.0, [7995.0, 383626383, 6138012243, 5340891, 6137123727, 7106488]] [2504892288.0, [679.5, 1783660, 28517760, 43284, 25506688, 39328]]
Arch_Param: [32, 16384, 2048, 16, 256, 64]
SK_cost: [31895856548.0, [3190389.0, 25429697, 406836408, 451617, 270519480, 291169]] [7951249836.0, [666735.0, 5333103, 85328676, 86895, 85328676, 105327]] [583415880, [52170, 390450, 6247200, 13170, 6247200, 13130]] [10588772872, [891828, 7106434, 113702944, 38794, 113702944, 120604]] [1989738328, [175110, 1386502, 22167600, 9830, 20472368, 20038]] [571859601360.0, [47953725.0, 383626383, 6138012243, 5340891, 6138012243, 7110363]] [21226937680.0, [1866655.0, 14813420, 236848320, 329428, 217478336, 308704]]
Model_cost: [19551521984.0, [7942.5, 22447809, 359126200, 642689, 49400505, 84962]] [7563494700.0, [58911.0, 5333103, 85328676, 86895, 77870628, 92307]] [578412648, [53, 390450, 6247200, 13170, 6247200, 13130]] [9684581768, [19934, 6635394, 106002464, 38794, 103509152, 115862]] [1180992408, [1416, 1085830, 17356848, 10118, 7767792, 9938]] [567217344576.0, [7995.0, 383626383, 6138012243, 5340891, 6137123727, 7106488]] [2504826752.0, [679.5, 1783660, 28517760, 42260, 25506688, 39328]]
Arch_Param: [32, 16384, 2048, 16, 256, 128]
SK_cost: [31895856548.0, [3190389.0, 25429697, 406836408, 451617, 270519480, 291169]] [7951249836.0, [666735.0, 5333103, 85328676, 86895, 85328676, 105327]] [583415880, [52170, 390450, 6247200, 13170, 6247200, 13130]] [10588772872, [891828, 7106434, 113702944, 38794, 113702944, 120604]] [1989738328, [175110, 1386502, 22167600, 9830, 20472368, 20038]] [571859601360.0, [47953725.0, 383626383, 6138012243, 5340891, 6138012243, 7110363]] [21226937680.0, [1866655.0, 14813420, 236848320, 329428, 217478336, 308704]]
Model_cost: [19538948928.0, [7938.5, 22447809, 359126200, 451617, 49400505, 81378]] [7563494700.0, [58911.0, 5333103, 85328676, 86895, 77870628, 92307]] [578412648, [53, 390450, 6247200, 13170, 6247200, 13130]] [9684581768, [19934, 6635394, 106002464, 38794, 103509152, 115862]] [1180992408, [1416, 1085830, 17356848, 10118, 7767792, 9938]] [567217344576.0, [7995.0, 383626383, 6138012243, 5340891, 6137123727, 7106488]] [2504826752.0, [679.5, 1783660, 28517760, 42260, 25506688, 39328]]
Arch_Param: [32, 16384, 2048, 16, 256, 256]
SK_cost: [31895856548.0, [3190389.0, 25429697, 406836408, 451617, 270519480, 291169]] [7951249836.0, [666735.0, 5333103, 85328676, 86895, 85328676, 105327]] [583415880, [52170, 390450, 6247200, 13170, 6247200, 13130]] [10588772872, [891828, 7106434, 113702944, 38794, 113702944, 120604]] [1989738328, [175110, 1386502, 22167600, 9830, 20472368, 20038]] [571859601360.0, [47953725.0, 383626383, 6138012243, 5340891, 6138012243, 7110363]] [21226937680.0, [1866655.0, 14813420, 236848320, 329428, 217478336, 308704]]
Model_cost: [19538948928.0, [7938.5, 22447809, 359126200, 451617, 49400505, 81378]] [7563494700.0, [58911.0, 5333103, 85328676, 86895, 77870628, 92307]] [578412648, [53, 390450, 6247200, 13170, 6247200, 13130]] [9684581768, [19934, 6635394, 106002464, 38794, 103509152, 115862]] [1180992408, [1416, 1085830, 17356848, 10118, 7767792, 9938]] [567217344576.0, [7995.0, 383626383, 6138012243, 5340891, 6137123727, 7106488]] [2504826752.0, [679.5, 1783660, 28517760, 42260, 25506688, 39328]]
Arch_Param: [32, 16384, 2048, 16, 512, 16]
SK_cost: [31844996336.0, [3190389.0, 12715108, 406836408, 451588, 270519480, 291169]] [7940583852.0, [666735.0, 2666607, 85328676, 86895, 85328676, 105327]] [582633720, [52170, 195230, 6247200, 13150, 6247200, 13130]] [10574556184, [891828, 3553222, 113702944, 38734, 113702944, 120604]] [1986969432, [175110, 694278, 22167600, 9830, 20472368, 20038]] [571092350448.0, [47953725.0, 191813655, 6138012243, 5340891, 6138012243, 7110363]] [21197303288.0, [1866655.0, 7406710, 236848320, 329310, 217478336, 308704]]
Model_cost: [19506625548.0, [7942.5, 11224164, 359126200, 642660, 49400505, 84962]] [7552828716.0, [58911.0, 2666607, 85328676, 86895, 77870628, 92307]] [577630488, [53, 195230, 6247200, 13150, 6247200, 13130]] [9671348120, [19934, 3327942, 106002464, 38734, 103509152, 115862]] [1179644824, [1416, 544134, 17356848, 22918, 7767792, 9938]] [566450093664.0, [7995.0, 191813655, 6138012243, 5340891, 6137123727, 7106488]] [2501317416.0, [679.5, 891830, 28517760, 43166, 25506688, 39328]]
Arch_Param: [32, 16384, 2048, 16, 512, 64]
SK_cost: [31844996336.0, [3190389.0, 12715108, 406836408, 451588, 270519480, 291169]] [7940583852.0, [666735.0, 2666607, 85328676, 86895, 85328676, 105327]] [582633720, [52170, 195230, 6247200, 13150, 6247200, 13130]] [10574556184, [891828, 3553222, 113702944, 38734, 113702944, 120604]] [1986969432, [175110, 694278, 22167600, 9830, 20472368, 20038]] [571092350448.0, [47953725.0, 191813655, 6138012243, 5340891, 6138012243, 7110363]] [21197303288.0, [1866655.0, 7406710, 236848320, 329310, 217478336, 308704]]
Model_cost: [19506625548.0, [7942.5, 11224164, 359126200, 642660, 49400505, 84962]] [7552828716.0, [58911.0, 2666607, 85328676, 86895, 77870628, 92307]] [577630488, [53, 195230, 6247200, 13150, 6247200, 13130]] [9671348120, [19934, 3327942, 106002464, 38734, 103509152, 115862]] [1178825624, [1416, 544134, 17356848, 10118, 7767792, 9938]] [566450093664.0, [7995.0, 191813655, 6138012243, 5340891, 6137123727, 7106488]] [2501251880.0, [679.5, 891830, 28517760, 42142, 25506688, 39328]]
Arch_Param: [32, 16384, 2048, 16, 512, 128]
SK_cost: [31844996336.0, [3190389.0, 12715108, 406836408, 451588, 270519480, 291169]] [7940583852.0, [666735.0, 2666607, 85328676, 86895, 85328676, 105327]] [582633720, [52170, 195230, 6247200, 13150, 6247200, 13130]] [10574556184, [891828, 3553222, 113702944, 38734, 113702944, 120604]] [1986969432, [175110, 694278, 22167600, 9830, 20472368, 20038]] [571092350448.0, [47953725.0, 191813655, 6138012243, 5340891, 6138012243, 7110363]] [21197303288.0, [1866655.0, 7406710, 236848320, 329310, 217478336, 308704]]
Model_cost: [19494052492.0, [7938.5, 11224164, 359126200, 451588, 49400505, 81378]] [7552828716.0, [58911.0, 2666607, 85328676, 86895, 77870628, 92307]] [577630488, [53, 195230, 6247200, 13150, 6247200, 13130]] [9671348120, [19934, 3327942, 106002464, 38734, 103509152, 115862]] [1178825624, [1416, 544134, 17356848, 10118, 7767792, 9938]] [566450093664.0, [7995.0, 191813655, 6138012243, 5340891, 6137123727, 7106488]] [2501251880.0, [679.5, 891830, 28517760, 42142, 25506688, 39328]]
Arch_Param: [32, 16384, 2048, 16, 512, 256]
SK_cost: [31844996336.0, [3190389.0, 12715108, 406836408, 451588, 270519480, 291169]] [7940583852.0, [666735.0, 2666607, 85328676, 86895, 85328676, 105327]] [582633720, [52170, 195230, 6247200, 13150, 6247200, 13130]] [10574556184, [891828, 3553222, 113702944, 38734, 113702944, 120604]] [1986969432, [175110, 694278, 22167600, 9830, 20472368, 20038]] [571092350448.0, [47953725.0, 191813655, 6138012243, 5340891, 6138012243, 7110363]] [21197303288.0, [1866655.0, 7406710, 236848320, 329310, 217478336, 308704]]
Model_cost: [19494052492.0, [7938.5, 11224164, 359126200, 451588, 49400505, 81378]] [7552828716.0, [58911.0, 2666607, 85328676, 86895, 77870628, 92307]] [577630488, [53, 195230, 6247200, 13150, 6247200, 13130]] [9671348120, [19934, 3327942, 106002464, 38734, 103509152, 115862]] [1178825624, [1416, 544134, 17356848, 10118, 7767792, 9938]] [566450093664.0, [7995.0, 191813655, 6138012243, 5340891, 6137123727, 7106488]] [2501251880.0, [679.5, 891830, 28517760, 42142, 25506688, 39328]]
Arch_Param: [32, 16384, 2048, 16, 512, 512]
SK_cost: [31844996336.0, [3190389.0, 12715108, 406836408, 451588, 270519480, 291169]] [7940583852.0, [666735.0, 2666607, 85328676, 86895, 85328676, 105327]] [582633720, [52170, 195230, 6247200, 13150, 6247200, 13130]] [10574556184, [891828, 3553222, 113702944, 38734, 113702944, 120604]] [1986969432, [175110, 694278, 22167600, 9830, 20472368, 20038]] [571092350448.0, [47953725.0, 191813655, 6138012243, 5340891, 6138012243, 7110363]] [21197303288.0, [1866655.0, 7406710, 236848320, 329310, 217478336, 308704]]
Model_cost: [19494052492.0, [7938.5, 11224164, 359126200, 451588, 49400505, 81378]] [7552828716.0, [58911.0, 2666607, 85328676, 86895, 77870628, 92307]] [577630488, [53, 195230, 6247200, 13150, 6247200, 13130]] [9671348120, [19934, 3327942, 106002464, 38734, 103509152, 115862]] [1178806424, [1416, 543942, 17356848, 9830, 7767792, 9938]] [566450093664.0, [7995.0, 191813655, 6138012243, 5340891, 6137123727, 7106488]] [2501251880.0, [679.5, 891830, 28517760, 42142, 25506688, 39328]]
Arch_Param: [32, 16384, 2048, 16, 1024, 16]
SK_cost: [31819579428.0, [3190389.0, 6360929, 406836408, 451585, 270519480, 291169]] [7935250860.0, [666735.0, 1333359, 85328676, 86895, 85328676, 105327]] [582268240, [52170, 104020, 6247200, 13140, 6247200, 13130]] [10567473440, [891828, 1783016, 113702944, 38704, 113702944, 120604]] [1985584984, [175110, 348166, 22167600, 9830, 20472368, 20038]] [570708724992.0, [47953725.0, 95907291, 6138012243, 5340891, 6138012243, 7110363]] [21182511692.0, [1866655.0, 3709755, 236848320, 329251, 217478336, 308704]]
Model_cost: [19484190528.0, [7942.5, 5615457, 359126200, 642657, 49400505, 84962]] [7547495724.0, [58911.0, 1333359, 85328676, 86895, 77870628, 92307]] [577265008, [53, 104020, 6247200, 13140, 6247200, 13130]] [9664756896, [19934, 1680616, 106002464, 38704, 103509152, 115862]] [1178561432, [1416, 273286, 17356848, 22918, 7767792, 9938]] [566066468208.0, [7995.0, 95907291, 6138012243, 5340891, 6137123727, 7106488]] [2499533180.0, [679.5, 446715, 28517760, 43107, 25506688, 39328]]
Arch_Param: [32, 16384, 2048, 16, 1024, 64]
SK_cost: [31819579428.0, [3190389.0, 6360929, 406836408, 451585, 270519480, 291169]] [7935250860.0, [666735.0, 1333359, 85328676, 86895, 85328676, 105327]] [582268240, [52170, 104020, 6247200, 13140, 6247200, 13130]] [10567473440, [891828, 1783016, 113702944, 38704, 113702944, 120604]] [1985584984, [175110, 348166, 22167600, 9830, 20472368, 20038]] [570708724992.0, [47953725.0, 95907291, 6138012243, 5340891, 6138012243, 7110363]] [21182511692.0, [1866655.0, 3709755, 236848320, 329251, 217478336, 308704]]
Model_cost: [19484190528.0, [7942.5, 5615457, 359126200, 642657, 49400505, 84962]] [7547495724.0, [58911.0, 1333359, 85328676, 86895, 77870628, 92307]] [577265008, [53, 104020, 6247200, 13140, 6247200, 13130]] [9664756896, [19934, 1680616, 106002464, 38704, 103509152, 115862]] [1177742232, [1416, 273286, 17356848, 10118, 7767792, 9938]] [566066468208.0, [7995.0, 95907291, 6138012243, 5340891, 6137123727, 7106488]] [2499467644.0, [679.5, 446715, 28517760, 42083, 25506688, 39328]]
Arch_Param: [32, 16384, 2048, 16, 1024, 128]
SK_cost: [31819579428.0, [3190389.0, 6360929, 406836408, 451585, 270519480, 291169]] [7935250860.0, [666735.0, 1333359, 85328676, 86895, 85328676, 105327]] [582268240, [52170, 104020, 6247200, 13140, 6247200, 13130]] [10567473440, [891828, 1783016, 113702944, 38704, 113702944, 120604]] [1985584984, [175110, 348166, 22167600, 9830, 20472368, 20038]] [570708724992.0, [47953725.0, 95907291, 6138012243, 5340891, 6138012243, 7110363]] [21182511692.0, [1866655.0, 3709755, 236848320, 329251, 217478336, 308704]]
Model_cost: [19471617472.0, [7938.5, 5615457, 359126200, 451585, 49400505, 81378]] [7547495724.0, [58911.0, 1333359, 85328676, 86895, 77870628, 92307]] [577265008, [53, 104020, 6247200, 13140, 6247200, 13130]] [9664756896, [19934, 1680616, 106002464, 38704, 103509152, 115862]] [1177742232, [1416, 273286, 17356848, 10118, 7767792, 9938]] [566066468208.0, [7995.0, 95907291, 6138012243, 5340891, 6137123727, 7106488]] [2499467644.0, [679.5, 446715, 28517760, 42083, 25506688, 39328]]
Arch_Param: [32, 16384, 2048, 16, 1024, 256]
SK_cost: [31819579428.0, [3190389.0, 6360929, 406836408, 451585, 270519480, 291169]] [7935250860.0, [666735.0, 1333359, 85328676, 86895, 85328676, 105327]] [582268240, [52170, 104020, 6247200, 13140, 6247200, 13130]] [10567473440, [891828, 1783016, 113702944, 38704, 113702944, 120604]] [1985584984, [175110, 348166, 22167600, 9830, 20472368, 20038]] [570708724992.0, [47953725.0, 95907291, 6138012243, 5340891, 6138012243, 7110363]] [21182511692.0, [1866655.0, 3709755, 236848320, 329251, 217478336, 308704]]
Model_cost: [19471617472.0, [7938.5, 5615457, 359126200, 451585, 49400505, 81378]] [7547495724.0, [58911.0, 1333359, 85328676, 86895, 77870628, 92307]] [577265008, [53, 104020, 6247200, 13140, 6247200, 13130]] [9664756896, [19934, 1680616, 106002464, 38704, 103509152, 115862]] [1177742232, [1416, 273286, 17356848, 10118, 7767792, 9938]] [566066468208.0, [7995.0, 95907291, 6138012243, 5340891, 6137123727, 7106488]] [2499467644.0, [679.5, 446715, 28517760, 42083, 25506688, 39328]]
Arch_Param: [32, 16384, 2048, 16, 1024, 512]
SK_cost: [31819579428.0, [3190389.0, 6360929, 406836408, 451585, 270519480, 291169]] [7935250860.0, [666735.0, 1333359, 85328676, 86895, 85328676, 105327]] [582268240, [52170, 104020, 6247200, 13140, 6247200, 13130]] [10567473440, [891828, 1783016, 113702944, 38704, 113702944, 120604]] [1985584984, [175110, 348166, 22167600, 9830, 20472368, 20038]] [570708724992.0, [47953725.0, 95907291, 6138012243, 5340891, 6138012243, 7110363]] [21182511692.0, [1866655.0, 3709755, 236848320, 329251, 217478336, 308704]]
Model_cost: [19471617472.0, [7938.5, 5615457, 359126200, 451585, 49400505, 81378]] [7547495724.0, [58911.0, 1333359, 85328676, 86895, 77870628, 92307]] [577265008, [53, 104020, 6247200, 13140, 6247200, 13130]] [9664756896, [19934, 1680616, 106002464, 38704, 103509152, 115862]] [1177722648, [1416, 272998, 17356848, 9830, 7767792, 9938]] [566066468208.0, [7995.0, 95907291, 6138012243, 5340891, 6137123727, 7106488]] [2499467644.0, [679.5, 446715, 28517760, 42083, 25506688, 39328]]
Arch_Param: [32, 16384, 2048, 32, 256, 16]
SK_cost: [18567812516.0, [1814901.0, 14471873, 231526584, 254913, 163368120, 186529]] [7951249836.0, [666735.0, 5333103, 85328676, 86895, 85328676, 105327]] [583415880, [52170, 390450, 6247200, 13170, 6247200, 13130]] [10588772872, [891828, 7106434, 113702944, 38794, 113702944, 120604]] [998316888, [87558, 693254, 11083824, 4918, 10314288, 10118]] [571859601360.0, [47953725.0, 383626383, 6138012243, 5340891, 6138012243, 7110363]] [19824754000.0, [1695391.0, 13498604, 215891136, 256724, 209089728, 300512]]
Model_cost: [12061234496.0, [4466.5, 12767937, 204263608, 364097, 49400505, 84962]] [7563494700.0, [58911.0, 5333103, 85328676, 86895, 77870628, 92307]] [578412648, [53, 390450, 6247200, 13170, 6247200, 13130]] [9684581768, [19934, 6635394, 106002464, 38794, 103509152, 115862]] [761866296, [711, 542918, 8678448, 5062, 7767792, 9938]] [567217344576.0, [7995.0, 383626383, 6138012243, 5340891, 6137123727, 7106488]] [2399966000.0, [540.0, 1647980, 26356864, 33172, 25506688, 39328]]
Arch_Param: [32, 16384, 2048, 32, 256, 64]
SK_cost: [18567812516.0, [1814901.0, 14471873, 231526584, 254913, 163368120, 186529]] [7951249836.0, [666735.0, 5333103, 85328676, 86895, 85328676, 105327]] [583415880, [52170, 390450, 6247200, 13170, 6247200, 13130]] [10588772872, [891828, 7106434, 113702944, 38794, 113702944, 120604]] [998316888, [87558, 693254, 11083824, 4918, 10314288, 10118]] [571859601360.0, [47953725.0, 383626383, 6138012243, 5340891, 6138012243, 7110363]] [19824754000.0, [1695391.0, 13498604, 215891136, 256724, 209089728, 300512]]
Model_cost: [12053902656.0, [4466.5, 12767937, 204263608, 254913, 49400505, 81378]] [7563494700.0, [58911.0, 5333103, 85328676, 86895, 77870628, 92307]] [578412648, [53, 390450, 6247200, 13170, 6247200, 13130]] [9684581768, [19934, 6635394, 106002464, 38794, 103509152, 115862]] [761866296, [711, 542918, 8678448, 5062, 7767792, 9938]] [567217344576.0, [7995.0, 383626383, 6138012243, 5340891, 6137123727, 7106488]] [2399966000.0, [540.0, 1647980, 26356864, 33172, 25506688, 39328]]
Arch_Param: [32, 16384, 2048, 32, 256, 128]
SK_cost: [18567812516.0, [1814901.0, 14471873, 231526584, 254913, 163368120, 186529]] [7951249836.0, [666735.0, 5333103, 85328676, 86895, 85328676, 105327]] [583415880, [52170, 390450, 6247200, 13170, 6247200, 13130]] [10588772872, [891828, 7106434, 113702944, 38794, 113702944, 120604]] [998316888, [87558, 693254, 11083824, 4918, 10314288, 10118]] [571859601360.0, [47953725.0, 383626383, 6138012243, 5340891, 6138012243, 7110363]] [19824754000.0, [1695391.0, 13498604, 215891136, 256724, 209089728, 300512]]
Model_cost: [12053902656.0, [4466.5, 12767937, 204263608, 254913, 49400505, 81378]] [7563494700.0, [58911.0, 5333103, 85328676, 86895, 77870628, 92307]] [578412648, [53, 390450, 6247200, 13170, 6247200, 13130]] [9684581768, [19934, 6635394, 106002464, 38794, 103509152, 115862]] [761866296, [711, 542918, 8678448, 5062, 7767792, 9938]] [567217344576.0, [7995.0, 383626383, 6138012243, 5340891, 6137123727, 7106488]] [2399966000.0, [540.0, 1647980, 26356864, 33172, 25506688, 39328]]
Arch_Param: [32, 16384, 2048, 32, 256, 256]
SK_cost: [18567812516.0, [1814901.0, 14471873, 231526584, 254913, 163368120, 186529]] [7951249836.0, [666735.0, 5333103, 85328676, 86895, 85328676, 105327]] [583415880, [52170, 390450, 6247200, 13170, 6247200, 13130]] [10588772872, [891828, 7106434, 113702944, 38794, 113702944, 120604]] [998316888, [87558, 693254, 11083824, 4918, 10314288, 10118]] [571859601360.0, [47953725.0, 383626383, 6138012243, 5340891, 6138012243, 7110363]] [19824754000.0, [1695391.0, 13498604, 215891136, 256724, 209089728, 300512]]
Model_cost: [12053902656.0, [4466.5, 12767937, 204263608, 254913, 49400505, 81378]] [7563494700.0, [58911.0, 5333103, 85328676, 86895, 77870628, 92307]] [578412648, [53, 390450, 6247200, 13170, 6247200, 13130]] [9684581768, [19934, 6635394, 106002464, 38794, 103509152, 115862]] [761857080, [711, 542918, 8678448, 4918, 7767792, 9938]] [567217344576.0, [7995.0, 383626383, 6138012243, 5340891, 6137123727, 7106488]] [2399966000.0, [540.0, 1647980, 26356864, 33172, 25506688, 39328]]
Arch_Param: [32, 16384, 2048, 32, 512, 16]
SK_cost: [18538867952.0, [1814901.0, 7236196, 231526584, 254884, 163368120, 186529]] [7940583852.0, [666735.0, 2666607, 85328676, 86895, 85328676, 105327]] [582633720, [52170, 195230, 6247200, 13150, 6247200, 13130]] [10574556184, [891828, 3553222, 113702944, 38734, 113702944, 120604]] [996932440, [87558, 347142, 11083824, 4918, 10314288, 10118]] [571092350448.0, [47953725.0, 191813655, 6138012243, 5340891, 6138012243, 7110363]] [19797749240.0, [1695391.0, 6749302, 215891136, 256606, 209089728, 300512]]
Model_cost: [12035697804.0, [4466.5, 6384228, 204263608, 364068, 49400505, 84962]] [7552828716.0, [58911.0, 2666607, 85328676, 86895, 77870628, 92307]] [577630488, [53, 195230, 6247200, 13150, 6247200, 13130]] [9671348120, [19934, 3327942, 106002464, 38734, 103509152, 115862]] [760782904, [711, 272070, 8678448, 5062, 7767792, 9938]] [566450093664.0, [7995.0, 191813655, 6138012243, 5340891, 6137123727, 7106488]] [2396662488.0, [540.0, 823990, 26356864, 33054, 25506688, 39328]]
Arch_Param: [32, 16384, 2048, 32, 512, 64]
SK_cost: [18538867952.0, [1814901.0, 7236196, 231526584, 254884, 163368120, 186529]] [7940583852.0, [666735.0, 2666607, 85328676, 86895, 85328676, 105327]] [582633720, [52170, 195230, 6247200, 13150, 6247200, 13130]] [10574556184, [891828, 3553222, 113702944, 38734, 113702944, 120604]] [996932440, [87558, 347142, 11083824, 4918, 10314288, 10118]] [571092350448.0, [47953725.0, 191813655, 6138012243, 5340891, 6138012243, 7110363]] [19797749240.0, [1695391.0, 6749302, 215891136, 256606, 209089728, 300512]]
Model_cost: [12028365964.0, [4466.5, 6384228, 204263608, 254884, 49400505, 81378]] [7552828716.0, [58911.0, 2666607, 85328676, 86895, 77870628, 92307]] [577630488, [53, 195230, 6247200, 13150, 6247200, 13130]] [9671348120, [19934, 3327942, 106002464, 38734, 103509152, 115862]] [760782904, [711, 272070, 8678448, 5062, 7767792, 9938]] [566450093664.0, [7995.0, 191813655, 6138012243, 5340891, 6137123727, 7106488]] [2396662488.0, [540.0, 823990, 26356864, 33054, 25506688, 39328]]
Arch_Param: [32, 16384, 2048, 32, 512, 128]
SK_cost: [18538867952.0, [1814901.0, 7236196, 231526584, 254884, 163368120, 186529]] [7940583852.0, [666735.0, 2666607, 85328676, 86895, 85328676, 105327]] [582633720, [52170, 195230, 6247200, 13150, 6247200, 13130]] [10574556184, [891828, 3553222, 113702944, 38734, 113702944, 120604]] [996932440, [87558, 347142, 11083824, 4918, 10314288, 10118]] [571092350448.0, [47953725.0, 191813655, 6138012243, 5340891, 6138012243, 7110363]] [19797749240.0, [1695391.0, 6749302, 215891136, 256606, 209089728, 300512]]
Model_cost: [12028365964.0, [4466.5, 6384228, 204263608, 254884, 49400505, 81378]] [7552828716.0, [58911.0, 2666607, 85328676, 86895, 77870628, 92307]] [577630488, [53, 195230, 6247200, 13150, 6247200, 13130]] [9671348120, [19934, 3327942, 106002464, 38734, 103509152, 115862]] [760782904, [711, 272070, 8678448, 5062, 7767792, 9938]] [566450093664.0, [7995.0, 191813655, 6138012243, 5340891, 6137123727, 7106488]] [2396662488.0, [540.0, 823990, 26356864, 33054, 25506688, 39328]]
Arch_Param: [32, 16384, 2048, 32, 512, 256]
SK_cost: [18538867952.0, [1814901.0, 7236196, 231526584, 254884, 163368120, 186529]] [7940583852.0, [666735.0, 2666607, 85328676, 86895, 85328676, 105327]] [582633720, [52170, 195230, 6247200, 13150, 6247200, 13130]] [10574556184, [891828, 3553222, 113702944, 38734, 113702944, 120604]] [996932440, [87558, 347142, 11083824, 4918, 10314288, 10118]] [571092350448.0, [47953725.0, 191813655, 6138012243, 5340891, 6138012243, 7110363]] [19797749240.0, [1695391.0, 6749302, 215891136, 256606, 209089728, 300512]]
Model_cost: [12028365964.0, [4466.5, 6384228, 204263608, 254884, 49400505, 81378]] [7552828716.0, [58911.0, 2666607, 85328676, 86895, 77870628, 92307]] [577630488, [53, 195230, 6247200, 13150, 6247200, 13130]] [9671348120, [19934, 3327942, 106002464, 38734, 103509152, 115862]] [760773304, [711, 271974, 8678448, 4918, 7767792, 9938]] [566450093664.0, [7995.0, 191813655, 6138012243, 5340891, 6137123727, 7106488]] [2396662488.0, [540.0, 823990, 26356864, 33054, 25506688, 39328]]
Arch_Param: [32, 16384, 2048, 32, 512, 512]
SK_cost: [18538867952.0, [1814901.0, 7236196, 231526584, 254884, 163368120, 186529]] [7940583852.0, [666735.0, 2666607, 85328676, 86895, 85328676, 105327]] [582633720, [52170, 195230, 6247200, 13150, 6247200, 13130]] [10574556184, [891828, 3553222, 113702944, 38734, 113702944, 120604]] [996932440, [87558, 347142, 11083824, 4918, 10314288, 10118]] [571092350448.0, [47953725.0, 191813655, 6138012243, 5340891, 6138012243, 7110363]] [19797749240.0, [1695391.0, 6749302, 215891136, 256606, 209089728, 300512]]
Model_cost: [12028365964.0, [4466.5, 6384228, 204263608, 254884, 49400505, 81378]] [7552828716.0, [58911.0, 2666607, 85328676, 86895, 77870628, 92307]] [577630488, [53, 195230, 6247200, 13150, 6247200, 13130]] [9671348120, [19934, 3327942, 106002464, 38734, 103509152, 115862]] [760773304, [711, 271974, 8678448, 4918, 7767792, 9938]] [566450093664.0, [7995.0, 191813655, 6138012243, 5340891, 6137123727, 7106488]] [2396662488.0, [540.0, 823990, 26356864, 33054, 25506688, 39328]]
Arch_Param: [32, 16384, 2048, 32, 1024, 16]
SK_cost: [18524402724.0, [1814901.0, 3619937, 231526584, 254881, 163368120, 186529]] [7935250860.0, [666735.0, 1333359, 85328676, 86895, 85328676, 105327]] [582268240, [52170, 104020, 6247200, 13140, 6247200, 13130]] [10567473440, [891828, 1783016, 113702944, 38704, 113702944, 120604]] [996240216, [87558, 174086, 11083824, 4918, 10314288, 10118]] [570708724992.0, [47953725.0, 95907291, 6138012243, 5340891, 6138012243, 7110363]] [19784260172.0, [1695391.0, 3377979, 215891136, 256547, 209089728, 300512]]
Model_cost: [12022936512.0, [4466.5, 3193953, 204263608, 364065, 49400505, 84962]] [7547495724.0, [58911.0, 1333359, 85328676, 86895, 77870628, 92307]] [577265008, [53, 104020, 6247200, 13140, 6247200, 13130]] [9664756896, [19934, 1680616, 106002464, 38704, 103509152, 115862]] [760241208, [711, 136646, 8678448, 5062, 7767792, 9938]] [566066468208.0, [7995.0, 95907291, 6138012243, 5340891, 6137123727, 7106488]] [2395012396.0, [540.0, 412411, 26356864, 32995, 25506688, 39328]]
Arch_Param: [32, 16384, 2048, 32, 1024, 64]
SK_cost: [18524402724.0, [1814901.0, 3619937, 231526584, 254881, 163368120, 186529]] [7935250860.0, [666735.0, 1333359, 85328676, 86895, 85328676, 105327]] [582268240, [52170, 104020, 6247200, 13140, 6247200, 13130]] [10567473440, [891828, 1783016, 113702944, 38704, 113702944, 120604]] [996240216, [87558, 174086, 11083824, 4918, 10314288, 10118]] [570708724992.0, [47953725.0, 95907291, 6138012243, 5340891, 6138012243, 7110363]] [19784260172.0, [1695391.0, 3377979, 215891136, 256547, 209089728, 300512]]
Model_cost: [12015604672.0, [4466.5, 3193953, 204263608, 254881, 49400505, 81378]] [7547495724.0, [58911.0, 1333359, 85328676, 86895, 77870628, 92307]] [577265008, [53, 104020, 6247200, 13140, 6247200, 13130]] [9664756896, [19934, 1680616, 106002464, 38704, 103509152, 115862]] [760241208, [711, 136646, 8678448, 5062, 7767792, 9938]] [566066468208.0, [7995.0, 95907291, 6138012243, 5340891, 6137123727, 7106488]] [2395012396.0, [540.0, 412411, 26356864, 32995, 25506688, 39328]]
Arch_Param: [32, 16384, 2048, 32, 1024, 128]
SK_cost: [18524402724.0, [1814901.0, 3619937, 231526584, 254881, 163368120, 186529]] [7935250860.0, [666735.0, 1333359, 85328676, 86895, 85328676, 105327]] [582268240, [52170, 104020, 6247200, 13140, 6247200, 13130]] [10567473440, [891828, 1783016, 113702944, 38704, 113702944, 120604]] [996240216, [87558, 174086, 11083824, 4918, 10314288, 10118]] [570708724992.0, [47953725.0, 95907291, 6138012243, 5340891, 6138012243, 7110363]] [19784260172.0, [1695391.0, 3377979, 215891136, 256547, 209089728, 300512]]
Model_cost: [12015604672.0, [4466.5, 3193953, 204263608, 254881, 49400505, 81378]] [7547495724.0, [58911.0, 1333359, 85328676, 86895, 77870628, 92307]] [577265008, [53, 104020, 6247200, 13140, 6247200, 13130]] [9664756896, [19934, 1680616, 106002464, 38704, 103509152, 115862]] [760241208, [711, 136646, 8678448, 5062, 7767792, 9938]] [566066468208.0, [7995.0, 95907291, 6138012243, 5340891, 6137123727, 7106488]] [2395012396.0, [540.0, 412411, 26356864, 32995, 25506688, 39328]]
Arch_Param: [32, 16384, 2048, 32, 1024, 256]
SK_cost: [18524402724.0, [1814901.0, 3619937, 231526584, 254881, 163368120, 186529]] [7935250860.0, [666735.0, 1333359, 85328676, 86895, 85328676, 105327]] [582268240, [52170, 104020, 6247200, 13140, 6247200, 13130]] [10567473440, [891828, 1783016, 113702944, 38704, 113702944, 120604]] [996240216, [87558, 174086, 11083824, 4918, 10314288, 10118]] [570708724992.0, [47953725.0, 95907291, 6138012243, 5340891, 6138012243, 7110363]] [19784260172.0, [1695391.0, 3377979, 215891136, 256547, 209089728, 300512]]
Model_cost: [12015604672.0, [4466.5, 3193953, 204263608, 254881, 49400505, 81378]] [7547495724.0, [58911.0, 1333359, 85328676, 86895, 77870628, 92307]] [577265008, [53, 104020, 6247200, 13140, 6247200, 13130]] [9664756896, [19934, 1680616, 106002464, 38704, 103509152, 115862]] [760231416, [711, 136502, 8678448, 4918, 7767792, 9938]] [566066468208.0, [7995.0, 95907291, 6138012243, 5340891, 6137123727, 7106488]] [2395012396.0, [540.0, 412411, 26356864, 32995, 25506688, 39328]]
Arch_Param: [32, 16384, 2048, 32, 1024, 512]
SK_cost: [18524402724.0, [1814901.0, 3619937, 231526584, 254881, 163368120, 186529]] [7935250860.0, [666735.0, 1333359, 85328676, 86895, 85328676, 105327]] [582268240, [52170, 104020, 6247200, 13140, 6247200, 13130]] [10567473440, [891828, 1783016, 113702944, 38704, 113702944, 120604]] [996240216, [87558, 174086, 11083824, 4918, 10314288, 10118]] [570708724992.0, [47953725.0, 95907291, 6138012243, 5340891, 6138012243, 7110363]] [19784260172.0, [1695391.0, 3377979, 215891136, 256547, 209089728, 300512]]
Model_cost: [12015604672.0, [4466.5, 3193953, 204263608, 254881, 49400505, 81378]] [7547495724.0, [58911.0, 1333359, 85328676, 86895, 77870628, 92307]] [577265008, [53, 104020, 6247200, 13140, 6247200, 13130]] [9664756896, [19934, 1680616, 106002464, 38704, 103509152, 115862]] [760231416, [711, 136502, 8678448, 4918, 7767792, 9938]] [566066468208.0, [7995.0, 95907291, 6138012243, 5340891, 6137123727, 7106488]] [2395012396.0, [540.0, 412411, 26356864, 32995, 25506688, 39328]]
Arch_Param: [32, 16384, 1024, 4, 256, 16]
SK_cost: [112983950116.0, [22803497.0, 91214401, 1459298552, 1634145, 913427640, 919009]] [13161509292.0, [2556015.0, 10223727, 163578660, 164463, 113640228, 132975]] [588393480, [104020, 390450, 6247200, 13170, 6247200, 13130]] [10674326920, [1783016, 7106434, 113702944, 38794, 113702944, 120604]] [8004720472, [1392646, 5545990, 88670256, 39302, 81420848, 79558]] [1001984481360.0, [191805207.0, 767215743, 12275433555, 10680855, 8855921235, 9764571]] [33950066640.0, [6562107.0, 26148076, 417716928, 820436, 297170112, 386528]]
Model_cost: [64525264432.0, [57605.0, 80564801, 1288904952, 2316545, 49400505, 84962]] [11352697644.0, [124719.0, 10223727, 163578660, 201327, 77870628, 92307]] [578417640, [105, 390450, 6247200, 13170, 6247200, 13130]] [9686494280, [39856, 6635394, 106002464, 38794, 103509152, 115862]] [3699567320, [11286, 4343302, 69427248, 91654, 7767792, 9938]] [863917473408.0, [21519.0, 767215743, 12275433555, 14219799, 6137123727, 7106488]] [3432909968.0, [3237.0, 2983404, 47652928, 113364, 25506688, 39328]]
Arch_Param: [32, 16384, 1024, 4, 256, 64]
SK_cost: [112983950116.0, [22803497.0, 91214401, 1459298552, 1634145, 913427640, 919009]] [13161509292.0, [2556015.0, 10223727, 163578660, 164463, 113640228, 132975]] [588393480, [104020, 390450, 6247200, 13170, 6247200, 13130]] [10674326920, [1783016, 7106434, 113702944, 38794, 113702944, 120604]] [8004720472, [1392646, 5545990, 88670256, 39302, 81420848, 79558]] [1001984481360.0, [191805207.0, 767215743, 12275433555, 10680855, 8855921235, 9764571]] [33950066640.0, [6562107.0, 26148076, 417716928, 820436, 297170112, 386528]]
Model_cost: [64525264432.0, [57605.0, 80564801, 1288904952, 2316545, 49400505, 84962]] [11350338348.0, [124719.0, 10223727, 163578660, 164463, 77870628, 92307]] [578417640, [105, 390450, 6247200, 13170, 6247200, 13130]] [9686494280, [39856, 6635394, 106002464, 38794, 103509152, 115862]] [3699567320, [11286, 4343302, 69427248, 91654, 7767792, 9938]] [863690980992.0, [21519.0, 767215743, 12275433555, 10680855, 6137123727, 7106488]] [3432516752.0, [3237.0, 2983404, 47652928, 107220, 25506688, 39328]]
Arch_Param: [32, 16384, 1024, 4, 256, 128]
SK_cost: [112983950116.0, [22803497.0, 91214401, 1459298552, 1634145, 913427640, 919009]] [13161509292.0, [2556015.0, 10223727, 163578660, 164463, 113640228, 132975]] [588393480, [104020, 390450, 6247200, 13170, 6247200, 13130]] [10674326920, [1783016, 7106434, 113702944, 38794, 113702944, 120604]] [8004720472, [1392646, 5545990, 88670256, 39302, 81420848, 79558]] [1001984481360.0, [191805207.0, 767215743, 12275433555, 10680855, 8855921235, 9764571]] [33950066640.0, [6562107.0, 26148076, 417716928, 820436, 297170112, 386528]]
Model_cost: [64525264432.0, [57605.0, 80564801, 1288904952, 2316545, 49400505, 84962]] [11350338348.0, [124719.0, 10223727, 163578660, 164463, 77870628, 92307]] [578417640, [105, 390450, 6247200, 13170, 6247200, 13130]] [9686494280, [39856, 6635394, 106002464, 38794, 103509152, 115862]] [3696290520, [11286, 4343302, 69427248, 40454, 7767792, 9938]] [863690980992.0, [21519.0, 767215743, 12275433555, 10680855, 6137123727, 7106488]] [3432287376.0, [3237.0, 2983404, 47652928, 103636, 25506688, 39328]]
Arch_Param: [32, 16384, 1024, 4, 256, 256]
SK_cost: [112983950116.0, [22803497.0, 91214401, 1459298552, 1634145, 913427640, 919009]] [13161509292.0, [2556015.0, 10223727, 163578660, 164463, 113640228, 132975]] [588393480, [104020, 390450, 6247200, 13170, 6247200, 13130]] [10674326920, [1783016, 7106434, 113702944, 38794, 113702944, 120604]] [8004720472, [1392646, 5545990, 88670256, 39302, 81420848, 79558]] [1001984481360.0, [191805207.0, 767215743, 12275433555, 10680855, 8855921235, 9764571]] [33950066640.0, [6562107.0, 26148076, 417716928, 820436, 297170112, 386528]]
Model_cost: [64525264432.0, [57605.0, 80564801, 1288904952, 2316545, 49400505, 84962]] [11350338348.0, [124719.0, 10223727, 163578660, 164463, 77870628, 92307]] [578417640, [105, 390450, 6247200, 13170, 6247200, 13130]] [9686494280, [39856, 6635394, 106002464, 38794, 103509152, 115862]] [3696290520, [11286, 4343302, 69427248, 40454, 7767792, 9938]] [863690980992.0, [21519.0, 767215743, 12275433555, 10680855, 6137123727, 7106488]] [3432287376.0, [3237.0, 2983404, 47652928, 103636, 25506688, 39328]]
Arch_Param: [32, 16384, 1024, 4, 512, 16]
SK_cost: [112801520496.0, [22803497.0, 45607460, 1459298552, 1634116, 913427640, 919009]] [13141062060.0, [2556015.0, 5111919, 163578660, 164463, 113640228, 132975]] [587611320, [104020, 195230, 6247200, 13150, 6247200, 13130]] [10660110232, [1783016, 3553222, 113702944, 38734, 113702944, 120604]] [7993644888, [1392646, 2777094, 88670256, 39302, 81420848, 79558]] [1000450053264.0, [191805207.0, 383608719, 12275433555, 10680855, 8855921235, 9764571]] [33897762936.0, [6562107.0, 13074038, 417716928, 820318, 297170112, 386528]]
Model_cost: [64364134012.0, [57605.0, 40282660, 1288904952, 2316516, 49400505, 84962]] [11332250412.0, [124719.0, 5111919, 163578660, 201327, 77870628, 92307]] [577635480, [105, 195230, 6247200, 13150, 6247200, 13130]] [9673260632, [39856, 3327942, 106002464, 38734, 103509152, 115862]] [3690900184, [11286, 2176518, 69427248, 91654, 7767792, 9938]] [862383045312.0, [21519.0, 383608719, 12275433555, 14219799, 6137123727, 7106488]] [3426935608.0, [3237.0, 1491702, 47652928, 113246, 25506688, 39328]]
Arch_Param: [32, 16384, 1024, 4, 512, 64]
SK_cost: [112801520496.0, [22803497.0, 45607460, 1459298552, 1634116, 913427640, 919009]] [13141062060.0, [2556015.0, 5111919, 163578660, 164463, 113640228, 132975]] [587611320, [104020, 195230, 6247200, 13150, 6247200, 13130]] [10660110232, [1783016, 3553222, 113702944, 38734, 113702944, 120604]] [7993644888, [1392646, 2777094, 88670256, 39302, 81420848, 79558]] [1000450053264.0, [191805207.0, 383608719, 12275433555, 10680855, 8855921235, 9764571]] [33897762936.0, [6562107.0, 13074038, 417716928, 820318, 297170112, 386528]]
Model_cost: [64364134012.0, [57605.0, 40282660, 1288904952, 2316516, 49400505, 84962]] [11329891116.0, [124719.0, 5111919, 163578660, 164463, 77870628, 92307]] [577635480, [105, 195230, 6247200, 13150, 6247200, 13130]] [9673260632, [39856, 3327942, 106002464, 38734, 103509152, 115862]] [3690900184, [11286, 2176518, 69427248, 91654, 7767792, 9938]] [862156552896.0, [21519.0, 383608719, 12275433555, 10680855, 6137123727, 7106488]] [3426542392.0, [3237.0, 1491702, 47652928, 107102, 25506688, 39328]]
Arch_Param: [32, 16384, 1024, 4, 512, 128]
SK_cost: [112801520496.0, [22803497.0, 45607460, 1459298552, 1634116, 913427640, 919009]] [13141062060.0, [2556015.0, 5111919, 163578660, 164463, 113640228, 132975]] [587611320, [104020, 195230, 6247200, 13150, 6247200, 13130]] [10660110232, [1783016, 3553222, 113702944, 38734, 113702944, 120604]] [7993644888, [1392646, 2777094, 88670256, 39302, 81420848, 79558]] [1000450053264.0, [191805207.0, 383608719, 12275433555, 10680855, 8855921235, 9764571]] [33897762936.0, [6562107.0, 13074038, 417716928, 820318, 297170112, 386528]]
Model_cost: [64364134012.0, [57605.0, 40282660, 1288904952, 2316516, 49400505, 84962]] [11329891116.0, [124719.0, 5111919, 163578660, 164463, 77870628, 92307]] [577635480, [105, 195230, 6247200, 13150, 6247200, 13130]] [9673260632, [39856, 3327942, 106002464, 38734, 103509152, 115862]] [3687623384, [11286, 2176518, 69427248, 40454, 7767792, 9938]] [862156552896.0, [21519.0, 383608719, 12275433555, 10680855, 6137123727, 7106488]] [3426313016.0, [3237.0, 1491702, 47652928, 103518, 25506688, 39328]]
Arch_Param: [32, 16384, 1024, 4, 512, 256]
SK_cost: [112801520496.0, [22803497.0, 45607460, 1459298552, 1634116, 913427640, 919009]] [13141062060.0, [2556015.0, 5111919, 163578660, 164463, 113640228, 132975]] [587611320, [104020, 195230, 6247200, 13150, 6247200, 13130]] [10660110232, [1783016, 3553222, 113702944, 38734, 113702944, 120604]] [7993644888, [1392646, 2777094, 88670256, 39302, 81420848, 79558]] [1000450053264.0, [191805207.0, 383608719, 12275433555, 10680855, 8855921235, 9764571]] [33897762936.0, [6562107.0, 13074038, 417716928, 820318, 297170112, 386528]]
Model_cost: [64364134012.0, [57605.0, 40282660, 1288904952, 2316516, 49400505, 84962]] [11329891116.0, [124719.0, 5111919, 163578660, 164463, 77870628, 92307]] [577635480, [105, 195230, 6247200, 13150, 6247200, 13130]] [9673260632, [39856, 3327942, 106002464, 38734, 103509152, 115862]] [3687623384, [11286, 2176518, 69427248, 40454, 7767792, 9938]] [862156552896.0, [21519.0, 383608719, 12275433555, 10680855, 6137123727, 7106488]] [3426313016.0, [3237.0, 1491702, 47652928, 103518, 25506688, 39328]]
Arch_Param: [32, 16384, 1024, 4, 512, 512]
SK_cost: [112801520496.0, [22803497.0, 45607460, 1459298552, 1634116, 913427640, 919009]] [13141062060.0, [2556015.0, 5111919, 163578660, 164463, 113640228, 132975]] [587611320, [104020, 195230, 6247200, 13150, 6247200, 13130]] [10660110232, [1783016, 3553222, 113702944, 38734, 113702944, 120604]] [7993644888, [1392646, 2777094, 88670256, 39302, 81420848, 79558]] [1000450053264.0, [191805207.0, 383608719, 12275433555, 10680855, 8855921235, 9764571]] [33897762936.0, [6562107.0, 13074038, 417716928, 820318, 297170112, 386528]]
Model_cost: [64320116348.0, [57605.0, 40282660, 1288904952, 1634116, 49400505, 81378]] [11329891116.0, [124719.0, 5111919, 163578660, 164463, 77870628, 92307]] [577635480, [105, 195230, 6247200, 13150, 6247200, 13130]] [9673260632, [39856, 3327942, 106002464, 38734, 103509152, 115862]] [3687623384, [11286, 2176518, 69427248, 40454, 7767792, 9938]] [862156552896.0, [21519.0, 383608719, 12275433555, 10680855, 6137123727, 7106488]] [3426313016.0, [3237.0, 1491702, 47652928, 103518, 25506688, 39328]]
Arch_Param: [32, 16384, 1024, 4, 1024, 16]
SK_cost: [112710356132.0, [22803497.0, 22816417, 1459298552, 1634113, 913427640, 919009]] [13130838444.0, [2556015.0, 2556015, 163578660, 164463, 113640228, 132975]] [587245840, [104020, 104020, 6247200, 13140, 6247200, 13130]] [10653027488, [1783016, 1783016, 113702944, 38704, 113702944, 120604]] [7988107096, [1392646, 1392646, 88670256, 39302, 81420848, 79558]] [999682839216.0, [191805207.0, 191805207, 12275433555, 10680855, 8855921235, 9764571]] [33871711436.0, [6562107.0, 6562107, 417716928, 820259, 297170112, 386528]]
Model_cost: [64283619248.0, [57605.0, 20154017, 1288904952, 2316513, 49400505, 84962]] [11322026796.0, [124719.0, 2556015, 163578660, 201327, 77870628, 92307]] [577270000, [105, 104020, 6247200, 13140, 6247200, 13130]] [9666669408, [39856, 1680616, 106002464, 38704, 103509152, 115862]] [3686566616, [11286, 1093126, 69427248, 91654, 7767792, 9938]] [861615831264.0, [21519.0, 191805207, 12275433555, 14219799, 6137123727, 7106488]] [3423960972.0, [3237.0, 748987, 47652928, 113187, 25506688, 39328]]
Arch_Param: [32, 16384, 1024, 4, 1024, 64]
SK_cost: [112710356132.0, [22803497.0, 22816417, 1459298552, 1634113, 913427640, 919009]] [13130838444.0, [2556015.0, 2556015, 163578660, 164463, 113640228, 132975]] [587245840, [104020, 104020, 6247200, 13140, 6247200, 13130]] [10653027488, [1783016, 1783016, 113702944, 38704, 113702944, 120604]] [7988107096, [1392646, 1392646, 88670256, 39302, 81420848, 79558]] [999682839216.0, [191805207.0, 191805207, 12275433555, 10680855, 8855921235, 9764571]] [33871711436.0, [6562107.0, 6562107, 417716928, 820259, 297170112, 386528]]
Model_cost: [64283619248.0, [57605.0, 20154017, 1288904952, 2316513, 49400505, 84962]] [11319667500.0, [124719.0, 2556015, 163578660, 164463, 77870628, 92307]] [577270000, [105, 104020, 6247200, 13140, 6247200, 13130]] [9666669408, [39856, 1680616, 106002464, 38704, 103509152, 115862]] [3686566616, [11286, 1093126, 69427248, 91654, 7767792, 9938]] [861389338848.0, [21519.0, 191805207, 12275433555, 10680855, 6137123727, 7106488]] [3423567756.0, [3237.0, 748987, 47652928, 107043, 25506688, 39328]]
Arch_Param: [32, 16384, 1024, 4, 1024, 128]
SK_cost: [112710356132.0, [22803497.0, 22816417, 1459298552, 1634113, 913427640, 919009]] [13130838444.0, [2556015.0, 2556015, 163578660, 164463, 113640228, 132975]] [587245840, [104020, 104020, 6247200, 13140, 6247200, 13130]] [10653027488, [1783016, 1783016, 113702944, 38704, 113702944, 120604]] [7988107096, [1392646, 1392646, 88670256, 39302, 81420848, 79558]] [999682839216.0, [191805207.0, 191805207, 12275433555, 10680855, 8855921235, 9764571]] [33871711436.0, [6562107.0, 6562107, 417716928, 820259, 297170112, 386528]]
Model_cost: [64283619248.0, [57605.0, 20154017, 1288904952, 2316513, 49400505, 84962]] [11319667500.0, [124719.0, 2556015, 163578660, 164463, 77870628, 92307]] [577270000, [105, 104020, 6247200, 13140, 6247200, 13130]] [9666669408, [39856, 1680616, 106002464, 38704, 103509152, 115862]] [3683289816, [11286, 1093126, 69427248, 40454, 7767792, 9938]] [861389338848.0, [21519.0, 191805207, 12275433555, 10680855, 6137123727, 7106488]] [3423338380.0, [3237.0, 748987, 47652928, 103459, 25506688, 39328]]
Arch_Param: [32, 16384, 1024, 4, 1024, 256]
SK_cost: [112710356132.0, [22803497.0, 22816417, 1459298552, 1634113, 913427640, 919009]] [13130838444.0, [2556015.0, 2556015, 163578660, 164463, 113640228, 132975]] [587245840, [104020, 104020, 6247200, 13140, 6247200, 13130]] [10653027488, [1783016, 1783016, 113702944, 38704, 113702944, 120604]] [7988107096, [1392646, 1392646, 88670256, 39302, 81420848, 79558]] [999682839216.0, [191805207.0, 191805207, 12275433555, 10680855, 8855921235, 9764571]] [33871711436.0, [6562107.0, 6562107, 417716928, 820259, 297170112, 386528]]
Model_cost: [64283619248.0, [57605.0, 20154017, 1288904952, 2316513, 49400505, 84962]] [11319667500.0, [124719.0, 2556015, 163578660, 164463, 77870628, 92307]] [577270000, [105, 104020, 6247200, 13140, 6247200, 13130]] [9666669408, [39856, 1680616, 106002464, 38704, 103509152, 115862]] [3683289816, [11286, 1093126, 69427248, 40454, 7767792, 9938]] [861389338848.0, [21519.0, 191805207, 12275433555, 10680855, 6137123727, 7106488]] [3423338380.0, [3237.0, 748987, 47652928, 103459, 25506688, 39328]]
Arch_Param: [32, 16384, 1024, 4, 1024, 512]
SK_cost: [112710356132.0, [22803497.0, 22816417, 1459298552, 1634113, 913427640, 919009]] [13130838444.0, [2556015.0, 2556015, 163578660, 164463, 113640228, 132975]] [587245840, [104020, 104020, 6247200, 13140, 6247200, 13130]] [10653027488, [1783016, 1783016, 113702944, 38704, 113702944, 120604]] [7988107096, [1392646, 1392646, 88670256, 39302, 81420848, 79558]] [999682839216.0, [191805207.0, 191805207, 12275433555, 10680855, 8855921235, 9764571]] [33871711436.0, [6562107.0, 6562107, 417716928, 820259, 297170112, 386528]]
Model_cost: [64239601584.0, [57605.0, 20154017, 1288904952, 1634113, 49400505, 81378]] [11319667500.0, [124719.0, 2556015, 163578660, 164463, 77870628, 92307]] [577270000, [105, 104020, 6247200, 13140, 6247200, 13130]] [9666669408, [39856, 1680616, 106002464, 38704, 103509152, 115862]] [3683289816, [11286, 1093126, 69427248, 40454, 7767792, 9938]] [861389338848.0, [21519.0, 191805207, 12275433555, 10680855, 6137123727, 7106488]] [3423338380.0, [3237.0, 748987, 47652928, 103459, 25506688, 39328]]
Arch_Param: [32, 16384, 1024, 8, 256, 16]
SK_cost: [59123456804.0, [11837993.0, 47352385, 757568376, 845281, 484822200, 500449]] [8015245740.0, [1333359.0, 5333103, 85328676, 86895, 85328676, 105327]] [588393480, [104020, 390450, 6247200, 13170, 6247200, 13130]] [10674326920, [1783016, 7106434, 113702944, 38794, 113702944, 120604]] [4005807960, [696326, 2772998, 44335152, 19654, 40788528, 39878]] [576463143696.0, [95907291.0, 383626383, 6138012243, 5340891, 6138012243, 7110363]] [24239060944.0, [4373307.0, 17443052, 278762688, 474836, 234255552, 325088]]
Model_cost: [34538958512.0, [29745.0, 41814593, 668963704, 1200129, 49400505, 84962]] [7569139500.0, [117711.0, 5333103, 85328676, 86895, 77870628, 92307]] [578417640, [105, 390450, 6247200, 13170, 6247200, 13130]] [9686494280, [39856, 6635394, 106002464, 38794, 103509152, 115862]] [2021153752, [5646, 2171654, 34713648, 45830, 7767792, 9938]] [567218096832.0, [15831.0, 383626383, 6138012243, 5340891, 6137123727, 7106488]] [2714770096.0, [1904.0, 2055020, 32839552, 62484, 25506688, 39328]]
Arch_Param: [32, 16384, 1024, 8, 256, 64]
SK_cost: [59123456804.0, [11837993.0, 47352385, 757568376, 845281, 484822200, 500449]] [8015245740.0, [1333359.0, 5333103, 85328676, 86895, 85328676, 105327]] [588393480, [104020, 390450, 6247200, 13170, 6247200, 13130]] [10674326920, [1783016, 7106434, 113702944, 38794, 113702944, 120604]] [4005807960, [696326, 2772998, 44335152, 19654, 40788528, 39878]] [576463143696.0, [95907291.0, 383626383, 6138012243, 5340891, 6138012243, 7110363]] [24239060944.0, [4373307.0, 17443052, 278762688, 474836, 234255552, 325088]]
Model_cost: [34538958512.0, [29745.0, 41814593, 668963704, 1200129, 49400505, 84962]] [7569139500.0, [117711.0, 5333103, 85328676, 86895, 77870628, 92307]] [578417640, [105, 390450, 6247200, 13170, 6247200, 13130]] [9686494280, [39856, 6635394, 106002464, 38794, 103509152, 115862]] [2019515352, [5646, 2171654, 34713648, 20230, 7767792, 9938]] [567218096832.0, [15831.0, 383626383, 6138012243, 5340891, 6137123727, 7106488]] [2714639024.0, [1904.0, 2055020, 32839552, 60436, 25506688, 39328]]
Arch_Param: [32, 16384, 1024, 8, 256, 128]
SK_cost: [59123456804.0, [11837993.0, 47352385, 757568376, 845281, 484822200, 500449]] [8015245740.0, [1333359.0, 5333103, 85328676, 86895, 85328676, 105327]] [588393480, [104020, 390450, 6247200, 13170, 6247200, 13130]] [10674326920, [1783016, 7106434, 113702944, 38794, 113702944, 120604]] [4005807960, [696326, 2772998, 44335152, 19654, 40788528, 39878]] [576463143696.0, [95907291.0, 383626383, 6138012243, 5340891, 6138012243, 7110363]] [24239060944.0, [4373307.0, 17443052, 278762688, 474836, 234255552, 325088]]
Model_cost: [34538958512.0, [29745.0, 41814593, 668963704, 1200129, 49400505, 84962]] [7569139500.0, [117711.0, 5333103, 85328676, 86895, 77870628, 92307]] [578417640, [105, 390450, 6247200, 13170, 6247200, 13130]] [9686494280, [39856, 6635394, 106002464, 38794, 103509152, 115862]] [2019515352, [5646, 2171654, 34713648, 20230, 7767792, 9938]] [567218096832.0, [15831.0, 383626383, 6138012243, 5340891, 6137123727, 7106488]] [2714639024.0, [1904.0, 2055020, 32839552, 60436, 25506688, 39328]]
Arch_Param: [32, 16384, 1024, 8, 256, 256]
SK_cost: [59123456804.0, [11837993.0, 47352385, 757568376, 845281, 484822200, 500449]] [8015245740.0, [1333359.0, 5333103, 85328676, 86895, 85328676, 105327]] [588393480, [104020, 390450, 6247200, 13170, 6247200, 13130]] [10674326920, [1783016, 7106434, 113702944, 38794, 113702944, 120604]] [4005807960, [696326, 2772998, 44335152, 19654, 40788528, 39878]] [576463143696.0, [95907291.0, 383626383, 6138012243, 5340891, 6138012243, 7110363]] [24239060944.0, [4373307.0, 17443052, 278762688, 474836, 234255552, 325088]]
Model_cost: [34515904176.0, [29745.0, 41814593, 668963704, 845281, 49400505, 81378]] [7569139500.0, [117711.0, 5333103, 85328676, 86895, 77870628, 92307]] [578417640, [105, 390450, 6247200, 13170, 6247200, 13130]] [9686494280, [39856, 6635394, 106002464, 38794, 103509152, 115862]] [2019515352, [5646, 2171654, 34713648, 20230, 7767792, 9938]] [567218096832.0, [15831.0, 383626383, 6138012243, 5340891, 6137123727, 7106488]] [2714639024.0, [1904.0, 2055020, 32839552, 60436, 25506688, 39328]]
Arch_Param: [32, 16384, 1024, 8, 512, 16]
SK_cost: [59028751216.0, [11837993.0, 23676452, 757568376, 845252, 484822200, 500449]] [8004579756.0, [1333359.0, 2666607, 85328676, 86895, 85328676, 105327]] [587611320, [104020, 195230, 6247200, 13150, 6247200, 13130]] [10660110232, [1783016, 3553222, 113702944, 38734, 113702944, 120604]] [4000270168, [696326, 1388550, 44335152, 19654, 40788528, 39878]] [575695892784.0, [95907291.0, 191813655, 6138012243, 5340891, 6138012243, 7110363]] [24204167288.0, [4373307.0, 8721526, 278762688, 474718, 234255552, 325088]]
Model_cost: [34455328508.0, [29745.0, 20907556, 668963704, 1200100, 49400505, 84962]] [7558473516.0, [117711.0, 2666607, 85328676, 86895, 77870628, 92307]] [577635480, [105, 195230, 6247200, 13150, 6247200, 13130]] [9673260632, [39856, 3327942, 106002464, 38734, 103509152, 115862]] [2016820184, [5646, 1088262, 34713648, 45830, 7767792, 9938]] [566450845920.0, [15831.0, 191813655, 6138012243, 5340891, 6137123727, 7106488]] [2710652504.0, [1904.0, 1027510, 32839552, 62366, 25506688, 39328]]
Arch_Param: [32, 16384, 1024, 8, 512, 64]
SK_cost: [59028751216.0, [11837993.0, 23676452, 757568376, 845252, 484822200, 500449]] [8004579756.0, [1333359.0, 2666607, 85328676, 86895, 85328676, 105327]] [587611320, [104020, 195230, 6247200, 13150, 6247200, 13130]] [10660110232, [1783016, 3553222, 113702944, 38734, 113702944, 120604]] [4000270168, [696326, 1388550, 44335152, 19654, 40788528, 39878]] [575695892784.0, [95907291.0, 191813655, 6138012243, 5340891, 6138012243, 7110363]] [24204167288.0, [4373307.0, 8721526, 278762688, 474718, 234255552, 325088]]
Model_cost: [34455328508.0, [29745.0, 20907556, 668963704, 1200100, 49400505, 84962]] [7558473516.0, [117711.0, 2666607, 85328676, 86895, 77870628, 92307]] [577635480, [105, 195230, 6247200, 13150, 6247200, 13130]] [9673260632, [39856, 3327942, 106002464, 38734, 103509152, 115862]] [2015181784, [5646, 1088262, 34713648, 20230, 7767792, 9938]] [566450845920.0, [15831.0, 191813655, 6138012243, 5340891, 6137123727, 7106488]] [2710521432.0, [1904.0, 1027510, 32839552, 60318, 25506688, 39328]]
Arch_Param: [32, 16384, 1024, 8, 512, 128]
SK_cost: [59028751216.0, [11837993.0, 23676452, 757568376, 845252, 484822200, 500449]] [8004579756.0, [1333359.0, 2666607, 85328676, 86895, 85328676, 105327]] [587611320, [104020, 195230, 6247200, 13150, 6247200, 13130]] [10660110232, [1783016, 3553222, 113702944, 38734, 113702944, 120604]] [4000270168, [696326, 1388550, 44335152, 19654, 40788528, 39878]] [575695892784.0, [95907291.0, 191813655, 6138012243, 5340891, 6138012243, 7110363]] [24204167288.0, [4373307.0, 8721526, 278762688, 474718, 234255552, 325088]]
Model_cost: [34455328508.0, [29745.0, 20907556, 668963704, 1200100, 49400505, 84962]] [7558473516.0, [117711.0, 2666607, 85328676, 86895, 77870628, 92307]] [577635480, [105, 195230, 6247200, 13150, 6247200, 13130]] [9673260632, [39856, 3327942, 106002464, 38734, 103509152, 115862]] [2015181784, [5646, 1088262, 34713648, 20230, 7767792, 9938]] [566450845920.0, [15831.0, 191813655, 6138012243, 5340891, 6137123727, 7106488]] [2710521432.0, [1904.0, 1027510, 32839552, 60318, 25506688, 39328]]
Arch_Param: [32, 16384, 1024, 8, 512, 256]
SK_cost: [59028751216.0, [11837993.0, 23676452, 757568376, 845252, 484822200, 500449]] [8004579756.0, [1333359.0, 2666607, 85328676, 86895, 85328676, 105327]] [587611320, [104020, 195230, 6247200, 13150, 6247200, 13130]] [10660110232, [1783016, 3553222, 113702944, 38734, 113702944, 120604]] [4000270168, [696326, 1388550, 44335152, 19654, 40788528, 39878]] [575695892784.0, [95907291.0, 191813655, 6138012243, 5340891, 6138012243, 7110363]] [24204167288.0, [4373307.0, 8721526, 278762688, 474718, 234255552, 325088]]
Model_cost: [34432274172.0, [29745.0, 20907556, 668963704, 845252, 49400505, 81378]] [7558473516.0, [117711.0, 2666607, 85328676, 86895, 77870628, 92307]] [577635480, [105, 195230, 6247200, 13150, 6247200, 13130]] [9673260632, [39856, 3327942, 106002464, 38734, 103509152, 115862]] [2015181784, [5646, 1088262, 34713648, 20230, 7767792, 9938]] [566450845920.0, [15831.0, 191813655, 6138012243, 5340891, 6137123727, 7106488]] [2710521432.0, [1904.0, 1027510, 32839552, 60318, 25506688, 39328]]
Arch_Param: [32, 16384, 1024, 8, 512, 512]
SK_cost: [59028751216.0, [11837993.0, 23676452, 757568376, 845252, 484822200, 500449]] [8004579756.0, [1333359.0, 2666607, 85328676, 86895, 85328676, 105327]] [587611320, [104020, 195230, 6247200, 13150, 6247200, 13130]] [10660110232, [1783016, 3553222, 113702944, 38734, 113702944, 120604]] [4000270168, [696326, 1388550, 44335152, 19654, 40788528, 39878]] [575695892784.0, [95907291.0, 191813655, 6138012243, 5340891, 6138012243, 7110363]] [24204167288.0, [4373307.0, 8721526, 278762688, 474718, 234255552, 325088]]
Model_cost: [34432274172.0, [29745.0, 20907556, 668963704, 845252, 49400505, 81378]] [7558473516.0, [117711.0, 2666607, 85328676, 86895, 77870628, 92307]] [577635480, [105, 195230, 6247200, 13150, 6247200, 13130]] [9673260632, [39856, 3327942, 106002464, 38734, 103509152, 115862]] [2015181784, [5646, 1088262, 34713648, 20230, 7767792, 9938]] [566450845920.0, [15831.0, 191813655, 6138012243, 5340891, 6137123727, 7106488]] [2710521432.0, [1904.0, 1027510, 32839552, 60318, 25506688, 39328]]
Arch_Param: [32, 16384, 1024, 8, 1024, 16]
SK_cost: [58981424036.0, [11837993.0, 11844705, 757568376, 845249, 484822200, 500449]] [7999246764.0, [1333359.0, 1333359, 85328676, 86895, 85328676, 105327]] [587245840, [104020, 104020, 6247200, 13140, 6247200, 13130]] [10653027488, [1783016, 1783016, 113702944, 38704, 113702944, 120604]] [3997501272, [696326, 696326, 44335152, 19654, 40788528, 39878]] [575312267328.0, [95907291.0, 95907291, 6138012243, 5340891, 6138012243, 7110363]] [24186770636.0, [4373307.0, 4373307, 278762688, 474659, 234255552, 325088]]
Model_cost: [34413539120.0, [29745.0, 10460257, 668963704, 1200097, 49400505, 84962]] [7553140524.0, [117711.0, 1333359, 85328676, 86895, 77870628, 92307]] [577270000, [105, 104020, 6247200, 13140, 6247200, 13130]] [9666669408, [39856, 1680616, 106002464, 38704, 103509152, 115862]] [2014653400, [5646, 546566, 34713648, 45830, 7767792, 9938]] [566067220464.0, [15831.0, 95907291, 6138012243, 5340891, 6137123727, 7106488]] [2708599980.0, [1904.0, 515323, 32839552, 62307, 25506688, 39328]]
Arch_Param: [32, 16384, 1024, 8, 1024, 64]
SK_cost: [58981424036.0, [11837993.0, 11844705, 757568376, 845249, 484822200, 500449]] [7999246764.0, [1333359.0, 1333359, 85328676, 86895, 85328676, 105327]] [587245840, [104020, 104020, 6247200, 13140, 6247200, 13130]] [10653027488, [1783016, 1783016, 113702944, 38704, 113702944, 120604]] [3997501272, [696326, 696326, 44335152, 19654, 40788528, 39878]] [575312267328.0, [95907291.0, 95907291, 6138012243, 5340891, 6138012243, 7110363]] [24186770636.0, [4373307.0, 4373307, 278762688, 474659, 234255552, 325088]]
Model_cost: [34413539120.0, [29745.0, 10460257, 668963704, 1200097, 49400505, 84962]] [7553140524.0, [117711.0, 1333359, 85328676, 86895, 77870628, 92307]] [577270000, [105, 104020, 6247200, 13140, 6247200, 13130]] [9666669408, [39856, 1680616, 106002464, 38704, 103509152, 115862]] [2013015000, [5646, 546566, 34713648, 20230, 7767792, 9938]] [566067220464.0, [15831.0, 95907291, 6138012243, 5340891, 6137123727, 7106488]] [2708468908.0, [1904.0, 515323, 32839552, 60259, 25506688, 39328]]
Arch_Param: [32, 16384, 1024, 8, 1024, 128]
SK_cost: [58981424036.0, [11837993.0, 11844705, 757568376, 845249, 484822200, 500449]] [7999246764.0, [1333359.0, 1333359, 85328676, 86895, 85328676, 105327]] [587245840, [104020, 104020, 6247200, 13140, 6247200, 13130]] [10653027488, [1783016, 1783016, 113702944, 38704, 113702944, 120604]] [3997501272, [696326, 696326, 44335152, 19654, 40788528, 39878]] [575312267328.0, [95907291.0, 95907291, 6138012243, 5340891, 6138012243, 7110363]] [24186770636.0, [4373307.0, 4373307, 278762688, 474659, 234255552, 325088]]
Model_cost: [34413539120.0, [29745.0, 10460257, 668963704, 1200097, 49400505, 84962]] [7553140524.0, [117711.0, 1333359, 85328676, 86895, 77870628, 92307]] [577270000, [105, 104020, 6247200, 13140, 6247200, 13130]] [9666669408, [39856, 1680616, 106002464, 38704, 103509152, 115862]] [2013015000, [5646, 546566, 34713648, 20230, 7767792, 9938]] [566067220464.0, [15831.0, 95907291, 6138012243, 5340891, 6137123727, 7106488]] [2708468908.0, [1904.0, 515323, 32839552, 60259, 25506688, 39328]]
Arch_Param: [32, 16384, 1024, 8, 1024, 256]
SK_cost: [58981424036.0, [11837993.0, 11844705, 757568376, 845249, 484822200, 500449]] [7999246764.0, [1333359.0, 1333359, 85328676, 86895, 85328676, 105327]] [587245840, [104020, 104020, 6247200, 13140, 6247200, 13130]] [10653027488, [1783016, 1783016, 113702944, 38704, 113702944, 120604]] [3997501272, [696326, 696326, 44335152, 19654, 40788528, 39878]] [575312267328.0, [95907291.0, 95907291, 6138012243, 5340891, 6138012243, 7110363]] [24186770636.0, [4373307.0, 4373307, 278762688, 474659, 234255552, 325088]]
Model_cost: [34390484784.0, [29745.0, 10460257, 668963704, 845249, 49400505, 81378]] [7553140524.0, [117711.0, 1333359, 85328676, 86895, 77870628, 92307]] [577270000, [105, 104020, 6247200, 13140, 6247200, 13130]] [9666669408, [39856, 1680616, 106002464, 38704, 103509152, 115862]] [2013015000, [5646, 546566, 34713648, 20230, 7767792, 9938]] [566067220464.0, [15831.0, 95907291, 6138012243, 5340891, 6137123727, 7106488]] [2708468908.0, [1904.0, 515323, 32839552, 60259, 25506688, 39328]]
Arch_Param: [32, 16384, 1024, 8, 1024, 512]
SK_cost: [58981424036.0, [11837993.0, 11844705, 757568376, 845249, 484822200, 500449]] [7999246764.0, [1333359.0, 1333359, 85328676, 86895, 85328676, 105327]] [587245840, [104020, 104020, 6247200, 13140, 6247200, 13130]] [10653027488, [1783016, 1783016, 113702944, 38704, 113702944, 120604]] [3997501272, [696326, 696326, 44335152, 19654, 40788528, 39878]] [575312267328.0, [95907291.0, 95907291, 6138012243, 5340891, 6138012243, 7110363]] [24186770636.0, [4373307.0, 4373307, 278762688, 474659, 234255552, 325088]]
Model_cost: [34390484784.0, [29745.0, 10460257, 668963704, 845249, 49400505, 81378]] [7553140524.0, [117711.0, 1333359, 85328676, 86895, 77870628, 92307]] [577270000, [105, 104020, 6247200, 13140, 6247200, 13130]] [9666669408, [39856, 1680616, 106002464, 38704, 103509152, 115862]] [2013015000, [5646, 546566, 34713648, 20230, 7767792, 9938]] [566067220464.0, [15831.0, 95907291, 6138012243, 5340891, 6137123727, 7106488]] [2708468908.0, [1904.0, 515323, 32839552, 60259, 25506688, 39328]]
Arch_Param: [32, 16384, 1024, 16, 256, 16]
SK_cost: [32199882020.0, [6357321.0, 25429697, 406836408, 451617, 270519480, 291169]] [8015245740.0, [1333359.0, 5333103, 85328676, 86895, 85328676, 105327]] [588393480, [104020, 390450, 6247200, 13170, 6247200, 13130]] [10674326920, [1783016, 7106434, 113702944, 38794, 113702944, 120604]] [2006351704, [348166, 1386502, 22167600, 9830, 20472368, 20038]] [576463143696.0, [95907291.0, 383626383, 6138012243, 5340891, 6138012243, 7110363]] [21403875280.0, [3709755.0, 14813420, 236848320, 329428, 217478336, 308704]]
Model_cost: [19552279952.0, [15838.0, 22447809, 359126200, 642689, 49400505, 84962]] [7569139500.0, [117711.0, 5333103, 85328676, 86895, 77870628, 92307]] [578417640, [105, 390450, 6247200, 13170, 6247200, 13130]] [9686494280, [39856, 6635394, 106002464, 38794, 103509152, 115862]] [1181946968, [2826, 1085830, 17356848, 22918, 7767792, 9938]] [567218096832.0, [15831.0, 383626383, 6138012243, 5340891, 6137123727, 7106488]] [2504956944.0, [1353.0, 1783660, 28517760, 43284, 25506688, 39328]]
Arch_Param: [32, 16384, 1024, 16, 256, 64]
SK_cost: [32199882020.0, [6357321.0, 25429697, 406836408, 451617, 270519480, 291169]] [8015245740.0, [1333359.0, 5333103, 85328676, 86895, 85328676, 105327]] [588393480, [104020, 390450, 6247200, 13170, 6247200, 13130]] [10674326920, [1783016, 7106434, 113702944, 38794, 113702944, 120604]] [2006351704, [348166, 1386502, 22167600, 9830, 20472368, 20038]] [576463143696.0, [95907291.0, 383626383, 6138012243, 5340891, 6138012243, 7110363]] [21403875280.0, [3709755.0, 14813420, 236848320, 329428, 217478336, 308704]]
Model_cost: [19552279952.0, [15838.0, 22447809, 359126200, 642689, 49400505, 84962]] [7569139500.0, [117711.0, 5333103, 85328676, 86895, 77870628, 92307]] [578417640, [105, 390450, 6247200, 13170, 6247200, 13130]] [9686494280, [39856, 6635394, 106002464, 38794, 103509152, 115862]] [1181127768, [2826, 1085830, 17356848, 10118, 7767792, 9938]] [567218096832.0, [15831.0, 383626383, 6138012243, 5340891, 6137123727, 7106488]] [2504891408.0, [1353.0, 1783660, 28517760, 42260, 25506688, 39328]]
Arch_Param: [32, 16384, 1024, 16, 256, 128]
SK_cost: [32199882020.0, [6357321.0, 25429697, 406836408, 451617, 270519480, 291169]] [8015245740.0, [1333359.0, 5333103, 85328676, 86895, 85328676, 105327]] [588393480, [104020, 390450, 6247200, 13170, 6247200, 13130]] [10674326920, [1783016, 7106434, 113702944, 38794, 113702944, 120604]] [2006351704, [348166, 1386502, 22167600, 9830, 20472368, 20038]] [576463143696.0, [95907291.0, 383626383, 6138012243, 5340891, 6138012243, 7110363]] [21403875280.0, [3709755.0, 14813420, 236848320, 329428, 217478336, 308704]]
Model_cost: [19539707280.0, [15838.0, 22447809, 359126200, 451617, 49400505, 81378]] [7569139500.0, [117711.0, 5333103, 85328676, 86895, 77870628, 92307]] [578417640, [105, 390450, 6247200, 13170, 6247200, 13130]] [9686494280, [39856, 6635394, 106002464, 38794, 103509152, 115862]] [1181127768, [2826, 1085830, 17356848, 10118, 7767792, 9938]] [567218096832.0, [15831.0, 383626383, 6138012243, 5340891, 6137123727, 7106488]] [2504891408.0, [1353.0, 1783660, 28517760, 42260, 25506688, 39328]]
Arch_Param: [32, 16384, 1024, 16, 256, 256]
SK_cost: [32199882020.0, [6357321.0, 25429697, 406836408, 451617, 270519480, 291169]] [8015245740.0, [1333359.0, 5333103, 85328676, 86895, 85328676, 105327]] [588393480, [104020, 390450, 6247200, 13170, 6247200, 13130]] [10674326920, [1783016, 7106434, 113702944, 38794, 113702944, 120604]] [2006351704, [348166, 1386502, 22167600, 9830, 20472368, 20038]] [576463143696.0, [95907291.0, 383626383, 6138012243, 5340891, 6138012243, 7110363]] [21403875280.0, [3709755.0, 14813420, 236848320, 329428, 217478336, 308704]]
Model_cost: [19539707280.0, [15838.0, 22447809, 359126200, 451617, 49400505, 81378]] [7569139500.0, [117711.0, 5333103, 85328676, 86895, 77870628, 92307]] [578417640, [105, 390450, 6247200, 13170, 6247200, 13130]] [9686494280, [39856, 6635394, 106002464, 38794, 103509152, 115862]] [1181127768, [2826, 1085830, 17356848, 10118, 7767792, 9938]] [567218096832.0, [15831.0, 383626383, 6138012243, 5340891, 6137123727, 7106488]] [2504891408.0, [1353.0, 1783660, 28517760, 42260, 25506688, 39328]]
Arch_Param: [32, 16384, 1024, 16, 512, 16]
SK_cost: [32149021808.0, [6357321.0, 12715108, 406836408, 451588, 270519480, 291169]] [8004579756.0, [1333359.0, 2666607, 85328676, 86895, 85328676, 105327]] [587611320, [104020, 195230, 6247200, 13150, 6247200, 13130]] [10660110232, [1783016, 3553222, 113702944, 38734, 113702944, 120604]] [2003582808, [348166, 694278, 22167600, 9830, 20472368, 20038]] [575695892784.0, [95907291.0, 191813655, 6138012243, 5340891, 6138012243, 7110363]] [21374240888.0, [3709755.0, 7406710, 236848320, 329310, 217478336, 308704]]
Model_cost: [19507383516.0, [15838.0, 11224164, 359126200, 642660, 49400505, 84962]] [7558473516.0, [117711.0, 2666607, 85328676, 86895, 77870628, 92307]] [577635480, [105, 195230, 6247200, 13150, 6247200, 13130]] [9673260632, [39856, 3327942, 106002464, 38734, 103509152, 115862]] [1179780184, [2826, 544134, 17356848, 22918, 7767792, 9938]] [566450845920.0, [15831.0, 191813655, 6138012243, 5340891, 6137123727, 7106488]] [2501382072.0, [1353.0, 891830, 28517760, 43166, 25506688, 39328]]
Arch_Param: [32, 16384, 1024, 16, 512, 64]
SK_cost: [32149021808.0, [6357321.0, 12715108, 406836408, 451588, 270519480, 291169]] [8004579756.0, [1333359.0, 2666607, 85328676, 86895, 85328676, 105327]] [587611320, [104020, 195230, 6247200, 13150, 6247200, 13130]] [10660110232, [1783016, 3553222, 113702944, 38734, 113702944, 120604]] [2003582808, [348166, 694278, 22167600, 9830, 20472368, 20038]] [575695892784.0, [95907291.0, 191813655, 6138012243, 5340891, 6138012243, 7110363]] [21374240888.0, [3709755.0, 7406710, 236848320, 329310, 217478336, 308704]]
Model_cost: [19507383516.0, [15838.0, 11224164, 359126200, 642660, 49400505, 84962]] [7558473516.0, [117711.0, 2666607, 85328676, 86895, 77870628, 92307]] [577635480, [105, 195230, 6247200, 13150, 6247200, 13130]] [9673260632, [39856, 3327942, 106002464, 38734, 103509152, 115862]] [1178960984, [2826, 544134, 17356848, 10118, 7767792, 9938]] [566450845920.0, [15831.0, 191813655, 6138012243, 5340891, 6137123727, 7106488]] [2501316536.0, [1353.0, 891830, 28517760, 42142, 25506688, 39328]]
Arch_Param: [32, 16384, 1024, 16, 512, 128]
SK_cost: [32149021808.0, [6357321.0, 12715108, 406836408, 451588, 270519480, 291169]] [8004579756.0, [1333359.0, 2666607, 85328676, 86895, 85328676, 105327]] [587611320, [104020, 195230, 6247200, 13150, 6247200, 13130]] [10660110232, [1783016, 3553222, 113702944, 38734, 113702944, 120604]] [2003582808, [348166, 694278, 22167600, 9830, 20472368, 20038]] [575695892784.0, [95907291.0, 191813655, 6138012243, 5340891, 6138012243, 7110363]] [21374240888.0, [3709755.0, 7406710, 236848320, 329310, 217478336, 308704]]
Model_cost: [19494810844.0, [15838.0, 11224164, 359126200, 451588, 49400505, 81378]] [7558473516.0, [117711.0, 2666607, 85328676, 86895, 77870628, 92307]] [577635480, [105, 195230, 6247200, 13150, 6247200, 13130]] [9673260632, [39856, 3327942, 106002464, 38734, 103509152, 115862]] [1178960984, [2826, 544134, 17356848, 10118, 7767792, 9938]] [566450845920.0, [15831.0, 191813655, 6138012243, 5340891, 6137123727, 7106488]] [2501316536.0, [1353.0, 891830, 28517760, 42142, 25506688, 39328]]
Arch_Param: [32, 16384, 1024, 16, 512, 256]
SK_cost: [32149021808.0, [6357321.0, 12715108, 406836408, 451588, 270519480, 291169]] [8004579756.0, [1333359.0, 2666607, 85328676, 86895, 85328676, 105327]] [587611320, [104020, 195230, 6247200, 13150, 6247200, 13130]] [10660110232, [1783016, 3553222, 113702944, 38734, 113702944, 120604]] [2003582808, [348166, 694278, 22167600, 9830, 20472368, 20038]] [575695892784.0, [95907291.0, 191813655, 6138012243, 5340891, 6138012243, 7110363]] [21374240888.0, [3709755.0, 7406710, 236848320, 329310, 217478336, 308704]]
Model_cost: [19494810844.0, [15838.0, 11224164, 359126200, 451588, 49400505, 81378]] [7558473516.0, [117711.0, 2666607, 85328676, 86895, 77870628, 92307]] [577635480, [105, 195230, 6247200, 13150, 6247200, 13130]] [9673260632, [39856, 3327942, 106002464, 38734, 103509152, 115862]] [1178960984, [2826, 544134, 17356848, 10118, 7767792, 9938]] [566450845920.0, [15831.0, 191813655, 6138012243, 5340891, 6137123727, 7106488]] [2501316536.0, [1353.0, 891830, 28517760, 42142, 25506688, 39328]]
Arch_Param: [32, 16384, 1024, 16, 512, 512]
SK_cost: [32149021808.0, [6357321.0, 12715108, 406836408, 451588, 270519480, 291169]] [8004579756.0, [1333359.0, 2666607, 85328676, 86895, 85328676, 105327]] [587611320, [104020, 195230, 6247200, 13150, 6247200, 13130]] [10660110232, [1783016, 3553222, 113702944, 38734, 113702944, 120604]] [2003582808, [348166, 694278, 22167600, 9830, 20472368, 20038]] [575695892784.0, [95907291.0, 191813655, 6138012243, 5340891, 6138012243, 7110363]] [21374240888.0, [3709755.0, 7406710, 236848320, 329310, 217478336, 308704]]
Model_cost: [19494810844.0, [15838.0, 11224164, 359126200, 451588, 49400505, 81378]] [7558473516.0, [117711.0, 2666607, 85328676, 86895, 77870628, 92307]] [577635480, [105, 195230, 6247200, 13150, 6247200, 13130]] [9673260632, [39856, 3327942, 106002464, 38734, 103509152, 115862]] [1178941784, [2826, 543942, 17356848, 9830, 7767792, 9938]] [566450845920.0, [15831.0, 191813655, 6138012243, 5340891, 6137123727, 7106488]] [2501316536.0, [1353.0, 891830, 28517760, 42142, 25506688, 39328]]
Arch_Param: [32, 16384, 1024, 16, 1024, 16]
SK_cost: [32123604900.0, [6357321.0, 6360929, 406836408, 451585, 270519480, 291169]] [7999246764.0, [1333359.0, 1333359, 85328676, 86895, 85328676, 105327]] [587245840, [104020, 104020, 6247200, 13140, 6247200, 13130]] [10653027488, [1783016, 1783016, 113702944, 38704, 113702944, 120604]] [2002198360, [348166, 348166, 22167600, 9830, 20472368, 20038]] [575312267328.0, [95907291.0, 95907291, 6138012243, 5340891, 6138012243, 7110363]] [21359449292.0, [3709755.0, 3709755, 236848320, 329251, 217478336, 308704]]
Model_cost: [19484948496.0, [15838.0, 5615457, 359126200, 642657, 49400505, 84962]] [7553140524.0, [117711.0, 1333359, 85328676, 86895, 77870628, 92307]] [577270000, [105, 104020, 6247200, 13140, 6247200, 13130]] [9666669408, [39856, 1680616, 106002464, 38704, 103509152, 115862]] [1178696792, [2826, 273286, 17356848, 22918, 7767792, 9938]] [566067220464.0, [15831.0, 95907291, 6138012243, 5340891, 6137123727, 7106488]] [2499597836.0, [1353.0, 446715, 28517760, 43107, 25506688, 39328]]
Arch_Param: [32, 16384, 1024, 16, 1024, 64]
SK_cost: [32123604900.0, [6357321.0, 6360929, 406836408, 451585, 270519480, 291169]] [7999246764.0, [1333359.0, 1333359, 85328676, 86895, 85328676, 105327]] [587245840, [104020, 104020, 6247200, 13140, 6247200, 13130]] [10653027488, [1783016, 1783016, 113702944, 38704, 113702944, 120604]] [2002198360, [348166, 348166, 22167600, 9830, 20472368, 20038]] [575312267328.0, [95907291.0, 95907291, 6138012243, 5340891, 6138012243, 7110363]] [21359449292.0, [3709755.0, 3709755, 236848320, 329251, 217478336, 308704]]
Model_cost: [19484948496.0, [15838.0, 5615457, 359126200, 642657, 49400505, 84962]] [7553140524.0, [117711.0, 1333359, 85328676, 86895, 77870628, 92307]] [577270000, [105, 104020, 6247200, 13140, 6247200, 13130]] [9666669408, [39856, 1680616, 106002464, 38704, 103509152, 115862]] [1177877592, [2826, 273286, 17356848, 10118, 7767792, 9938]] [566067220464.0, [15831.0, 95907291, 6138012243, 5340891, 6137123727, 7106488]] [2499532300.0, [1353.0, 446715, 28517760, 42083, 25506688, 39328]]
Arch_Param: [32, 16384, 1024, 16, 1024, 128]
SK_cost: [32123604900.0, [6357321.0, 6360929, 406836408, 451585, 270519480, 291169]] [7999246764.0, [1333359.0, 1333359, 85328676, 86895, 85328676, 105327]] [587245840, [104020, 104020, 6247200, 13140, 6247200, 13130]] [10653027488, [1783016, 1783016, 113702944, 38704, 113702944, 120604]] [2002198360, [348166, 348166, 22167600, 9830, 20472368, 20038]] [575312267328.0, [95907291.0, 95907291, 6138012243, 5340891, 6138012243, 7110363]] [21359449292.0, [3709755.0, 3709755, 236848320, 329251, 217478336, 308704]]
Model_cost: [19472375824.0, [15838.0, 5615457, 359126200, 451585, 49400505, 81378]] [7553140524.0, [117711.0, 1333359, 85328676, 86895, 77870628, 92307]] [577270000, [105, 104020, 6247200, 13140, 6247200, 13130]] [9666669408, [39856, 1680616, 106002464, 38704, 103509152, 115862]] [1177877592, [2826, 273286, 17356848, 10118, 7767792, 9938]] [566067220464.0, [15831.0, 95907291, 6138012243, 5340891, 6137123727, 7106488]] [2499532300.0, [1353.0, 446715, 28517760, 42083, 25506688, 39328]]
Arch_Param: [32, 16384, 1024, 16, 1024, 256]
SK_cost: [32123604900.0, [6357321.0, 6360929, 406836408, 451585, 270519480, 291169]] [7999246764.0, [1333359.0, 1333359, 85328676, 86895, 85328676, 105327]] [587245840, [104020, 104020, 6247200, 13140, 6247200, 13130]] [10653027488, [1783016, 1783016, 113702944, 38704, 113702944, 120604]] [2002198360, [348166, 348166, 22167600, 9830, 20472368, 20038]] [575312267328.0, [95907291.0, 95907291, 6138012243, 5340891, 6138012243, 7110363]] [21359449292.0, [3709755.0, 3709755, 236848320, 329251, 217478336, 308704]]
Model_cost: [19472375824.0, [15838.0, 5615457, 359126200, 451585, 49400505, 81378]] [7553140524.0, [117711.0, 1333359, 85328676, 86895, 77870628, 92307]] [577270000, [105, 104020, 6247200, 13140, 6247200, 13130]] [9666669408, [39856, 1680616, 106002464, 38704, 103509152, 115862]] [1177877592, [2826, 273286, 17356848, 10118, 7767792, 9938]] [566067220464.0, [15831.0, 95907291, 6138012243, 5340891, 6137123727, 7106488]] [2499532300.0, [1353.0, 446715, 28517760, 42083, 25506688, 39328]]
Arch_Param: [32, 16384, 1024, 16, 1024, 512]
SK_cost: [32123604900.0, [6357321.0, 6360929, 406836408, 451585, 270519480, 291169]] [7999246764.0, [1333359.0, 1333359, 85328676, 86895, 85328676, 105327]] [587245840, [104020, 104020, 6247200, 13140, 6247200, 13130]] [10653027488, [1783016, 1783016, 113702944, 38704, 113702944, 120604]] [2002198360, [348166, 348166, 22167600, 9830, 20472368, 20038]] [575312267328.0, [95907291.0, 95907291, 6138012243, 5340891, 6138012243, 7110363]] [21359449292.0, [3709755.0, 3709755, 236848320, 329251, 217478336, 308704]]
Model_cost: [19472375824.0, [15838.0, 5615457, 359126200, 451585, 49400505, 81378]] [7553140524.0, [117711.0, 1333359, 85328676, 86895, 77870628, 92307]] [577270000, [105, 104020, 6247200, 13140, 6247200, 13130]] [9666669408, [39856, 1680616, 106002464, 38704, 103509152, 115862]] [1177858008, [2826, 272998, 17356848, 9830, 7767792, 9938]] [566067220464.0, [15831.0, 95907291, 6138012243, 5340891, 6137123727, 7106488]] [2499532300.0, [1353.0, 446715, 28517760, 42083, 25506688, 39328]]
Arch_Param: [32, 16384, 1024, 32, 256, 16]
SK_cost: [18740897060.0, [3617865.0, 14471873, 231526584, 254913, 163368120, 186529]] [8015245740.0, [1333359.0, 5333103, 85328676, 86895, 85328676, 105327]] [588393480, [104020, 390450, 6247200, 13170, 6247200, 13130]] [10674326920, [1783016, 7106434, 113702944, 38794, 113702944, 120604]] [1006623576, [174086, 693254, 11083824, 4918, 10314288, 10118]] [576463143696.0, [95907291.0, 383626383, 6138012243, 5340891, 6138012243, 7110363]] [19986282448.0, [3377979.0, 13498604, 215891136, 256724, 209089728, 300512]]
Model_cost: [12061659536.0, [8894.0, 12767937, 204263608, 364097, 49400505, 84962]] [7569139500.0, [117711.0, 5333103, 85328676, 86895, 77870628, 92307]] [578417640, [105, 390450, 6247200, 13170, 6247200, 13130]] [9686494280, [39856, 6635394, 106002464, 38794, 103509152, 115862]] [761933976, [1416, 542918, 8678448, 5062, 7767792, 9938]] [567218096832.0, [15831.0, 383626383, 6138012243, 5340891, 6137123727, 7106488]] [2400017552.0, [1077.0, 1647980, 26356864, 33172, 25506688, 39328]]
Arch_Param: [32, 16384, 1024, 32, 256, 64]
SK_cost: [18740897060.0, [3617865.0, 14471873, 231526584, 254913, 163368120, 186529]] [8015245740.0, [1333359.0, 5333103, 85328676, 86895, 85328676, 105327]] [588393480, [104020, 390450, 6247200, 13170, 6247200, 13130]] [10674326920, [1783016, 7106434, 113702944, 38794, 113702944, 120604]] [1006623576, [174086, 693254, 11083824, 4918, 10314288, 10118]] [576463143696.0, [95907291.0, 383626383, 6138012243, 5340891, 6138012243, 7110363]] [19986282448.0, [3377979.0, 13498604, 215891136, 256724, 209089728, 300512]]
Model_cost: [12054327696.0, [8894.0, 12767937, 204263608, 254913, 49400505, 81378]] [7569139500.0, [117711.0, 5333103, 85328676, 86895, 77870628, 92307]] [578417640, [105, 390450, 6247200, 13170, 6247200, 13130]] [9686494280, [39856, 6635394, 106002464, 38794, 103509152, 115862]] [761933976, [1416, 542918, 8678448, 5062, 7767792, 9938]] [567218096832.0, [15831.0, 383626383, 6138012243, 5340891, 6137123727, 7106488]] [2400017552.0, [1077.0, 1647980, 26356864, 33172, 25506688, 39328]]
Arch_Param: [32, 16384, 1024, 32, 256, 128]
SK_cost: [18740897060.0, [3617865.0, 14471873, 231526584, 254913, 163368120, 186529]] [8015245740.0, [1333359.0, 5333103, 85328676, 86895, 85328676, 105327]] [588393480, [104020, 390450, 6247200, 13170, 6247200, 13130]] [10674326920, [1783016, 7106434, 113702944, 38794, 113702944, 120604]] [1006623576, [174086, 693254, 11083824, 4918, 10314288, 10118]] [576463143696.0, [95907291.0, 383626383, 6138012243, 5340891, 6138012243, 7110363]] [19986282448.0, [3377979.0, 13498604, 215891136, 256724, 209089728, 300512]]
Model_cost: [12054327696.0, [8894.0, 12767937, 204263608, 254913, 49400505, 81378]] [7569139500.0, [117711.0, 5333103, 85328676, 86895, 77870628, 92307]] [578417640, [105, 390450, 6247200, 13170, 6247200, 13130]] [9686494280, [39856, 6635394, 106002464, 38794, 103509152, 115862]] [761933976, [1416, 542918, 8678448, 5062, 7767792, 9938]] [567218096832.0, [15831.0, 383626383, 6138012243, 5340891, 6137123727, 7106488]] [2400017552.0, [1077.0, 1647980, 26356864, 33172, 25506688, 39328]]
Arch_Param: [32, 16384, 1024, 32, 256, 256]
SK_cost: [18740897060.0, [3617865.0, 14471873, 231526584, 254913, 163368120, 186529]] [8015245740.0, [1333359.0, 5333103, 85328676, 86895, 85328676, 105327]] [588393480, [104020, 390450, 6247200, 13170, 6247200, 13130]] [10674326920, [1783016, 7106434, 113702944, 38794, 113702944, 120604]] [1006623576, [174086, 693254, 11083824, 4918, 10314288, 10118]] [576463143696.0, [95907291.0, 383626383, 6138012243, 5340891, 6138012243, 7110363]] [19986282448.0, [3377979.0, 13498604, 215891136, 256724, 209089728, 300512]]
Model_cost: [12054327696.0, [8894.0, 12767937, 204263608, 254913, 49400505, 81378]] [7569139500.0, [117711.0, 5333103, 85328676, 86895, 77870628, 92307]] [578417640, [105, 390450, 6247200, 13170, 6247200, 13130]] [9686494280, [39856, 6635394, 106002464, 38794, 103509152, 115862]] [761924760, [1416, 542918, 8678448, 4918, 7767792, 9938]] [567218096832.0, [15831.0, 383626383, 6138012243, 5340891, 6137123727, 7106488]] [2400017552.0, [1077.0, 1647980, 26356864, 33172, 25506688, 39328]]
Arch_Param: [32, 16384, 1024, 32, 512, 16]
SK_cost: [18711952496.0, [3617865.0, 7236196, 231526584, 254884, 163368120, 186529]] [8004579756.0, [1333359.0, 2666607, 85328676, 86895, 85328676, 105327]] [587611320, [104020, 195230, 6247200, 13150, 6247200, 13130]] [10660110232, [1783016, 3553222, 113702944, 38734, 113702944, 120604]] [1005239128, [174086, 347142, 11083824, 4918, 10314288, 10118]] [575695892784.0, [95907291.0, 191813655, 6138012243, 5340891, 6138012243, 7110363]] [19959277688.0, [3377979.0, 6749302, 215891136, 256606, 209089728, 300512]]
Model_cost: [12036122844.0, [8894.0, 6384228, 204263608, 364068, 49400505, 84962]] [7558473516.0, [117711.0, 2666607, 85328676, 86895, 77870628, 92307]] [577635480, [105, 195230, 6247200, 13150, 6247200, 13130]] [9673260632, [39856, 3327942, 106002464, 38734, 103509152, 115862]] [760850584, [1416, 272070, 8678448, 5062, 7767792, 9938]] [566450845920.0, [15831.0, 191813655, 6138012243, 5340891, 6137123727, 7106488]] [2396714040.0, [1077.0, 823990, 26356864, 33054, 25506688, 39328]]
Arch_Param: [32, 16384, 1024, 32, 512, 64]
SK_cost: [18711952496.0, [3617865.0, 7236196, 231526584, 254884, 163368120, 186529]] [8004579756.0, [1333359.0, 2666607, 85328676, 86895, 85328676, 105327]] [587611320, [104020, 195230, 6247200, 13150, 6247200, 13130]] [10660110232, [1783016, 3553222, 113702944, 38734, 113702944, 120604]] [1005239128, [174086, 347142, 11083824, 4918, 10314288, 10118]] [575695892784.0, [95907291.0, 191813655, 6138012243, 5340891, 6138012243, 7110363]] [19959277688.0, [3377979.0, 6749302, 215891136, 256606, 209089728, 300512]]
Model_cost: [12028791004.0, [8894.0, 6384228, 204263608, 254884, 49400505, 81378]] [7558473516.0, [117711.0, 2666607, 85328676, 86895, 77870628, 92307]] [577635480, [105, 195230, 6247200, 13150, 6247200, 13130]] [9673260632, [39856, 3327942, 106002464, 38734, 103509152, 115862]] [760850584, [1416, 272070, 8678448, 5062, 7767792, 9938]] [566450845920.0, [15831.0, 191813655, 6138012243, 5340891, 6137123727, 7106488]] [2396714040.0, [1077.0, 823990, 26356864, 33054, 25506688, 39328]]
Arch_Param: [32, 16384, 1024, 32, 512, 128]
SK_cost: [18711952496.0, [3617865.0, 7236196, 231526584, 254884, 163368120, 186529]] [8004579756.0, [1333359.0, 2666607, 85328676, 86895, 85328676, 105327]] [587611320, [104020, 195230, 6247200, 13150, 6247200, 13130]] [10660110232, [1783016, 3553222, 113702944, 38734, 113702944, 120604]] [1005239128, [174086, 347142, 11083824, 4918, 10314288, 10118]] [575695892784.0, [95907291.0, 191813655, 6138012243, 5340891, 6138012243, 7110363]] [19959277688.0, [3377979.0, 6749302, 215891136, 256606, 209089728, 300512]]
Model_cost: [12028791004.0, [8894.0, 6384228, 204263608, 254884, 49400505, 81378]] [7558473516.0, [117711.0, 2666607, 85328676, 86895, 77870628, 92307]] [577635480, [105, 195230, 6247200, 13150, 6247200, 13130]] [9673260632, [39856, 3327942, 106002464, 38734, 103509152, 115862]] [760850584, [1416, 272070, 8678448, 5062, 7767792, 9938]] [566450845920.0, [15831.0, 191813655, 6138012243, 5340891, 6137123727, 7106488]] [2396714040.0, [1077.0, 823990, 26356864, 33054, 25506688, 39328]]
Arch_Param: [32, 16384, 1024, 32, 512, 256]
SK_cost: [18711952496.0, [3617865.0, 7236196, 231526584, 254884, 163368120, 186529]] [8004579756.0, [1333359.0, 2666607, 85328676, 86895, 85328676, 105327]] [587611320, [104020, 195230, 6247200, 13150, 6247200, 13130]] [10660110232, [1783016, 3553222, 113702944, 38734, 113702944, 120604]] [1005239128, [174086, 347142, 11083824, 4918, 10314288, 10118]] [575695892784.0, [95907291.0, 191813655, 6138012243, 5340891, 6138012243, 7110363]] [19959277688.0, [3377979.0, 6749302, 215891136, 256606, 209089728, 300512]]
Model_cost: [12028791004.0, [8894.0, 6384228, 204263608, 254884, 49400505, 81378]] [7558473516.0, [117711.0, 2666607, 85328676, 86895, 77870628, 92307]] [577635480, [105, 195230, 6247200, 13150, 6247200, 13130]] [9673260632, [39856, 3327942, 106002464, 38734, 103509152, 115862]] [760840984, [1416, 271974, 8678448, 4918, 7767792, 9938]] [566450845920.0, [15831.0, 191813655, 6138012243, 5340891, 6137123727, 7106488]] [2396714040.0, [1077.0, 823990, 26356864, 33054, 25506688, 39328]]
Arch_Param: [32, 16384, 1024, 32, 512, 512]
SK_cost: [18711952496.0, [3617865.0, 7236196, 231526584, 254884, 163368120, 186529]] [8004579756.0, [1333359.0, 2666607, 85328676, 86895, 85328676, 105327]] [587611320, [104020, 195230, 6247200, 13150, 6247200, 13130]] [10660110232, [1783016, 3553222, 113702944, 38734, 113702944, 120604]] [1005239128, [174086, 347142, 11083824, 4918, 10314288, 10118]] [575695892784.0, [95907291.0, 191813655, 6138012243, 5340891, 6138012243, 7110363]] [19959277688.0, [3377979.0, 6749302, 215891136, 256606, 209089728, 300512]]
Model_cost: [12028791004.0, [8894.0, 6384228, 204263608, 254884, 49400505, 81378]] [7558473516.0, [117711.0, 2666607, 85328676, 86895, 77870628, 92307]] [577635480, [105, 195230, 6247200, 13150, 6247200, 13130]] [9673260632, [39856, 3327942, 106002464, 38734, 103509152, 115862]] [760840984, [1416, 271974, 8678448, 4918, 7767792, 9938]] [566450845920.0, [15831.0, 191813655, 6138012243, 5340891, 6137123727, 7106488]] [2396714040.0, [1077.0, 823990, 26356864, 33054, 25506688, 39328]]
Arch_Param: [32, 16384, 1024, 32, 1024, 16]
SK_cost: [18697487268.0, [3617865.0, 3619937, 231526584, 254881, 163368120, 186529]] [7999246764.0, [1333359.0, 1333359, 85328676, 86895, 85328676, 105327]] [587245840, [104020, 104020, 6247200, 13140, 6247200, 13130]] [10653027488, [1783016, 1783016, 113702944, 38704, 113702944, 120604]] [1004546904, [174086, 174086, 11083824, 4918, 10314288, 10118]] [575312267328.0, [95907291.0, 95907291, 6138012243, 5340891, 6138012243, 7110363]] [19945788620.0, [3377979.0, 3377979, 215891136, 256547, 209089728, 300512]]
Model_cost: [12023361552.0, [8894.0, 3193953, 204263608, 364065, 49400505, 84962]] [7553140524.0, [117711.0, 1333359, 85328676, 86895, 77870628, 92307]] [577270000, [105, 104020, 6247200, 13140, 6247200, 13130]] [9666669408, [39856, 1680616, 106002464, 38704, 103509152, 115862]] [760308888, [1416, 136646, 8678448, 5062, 7767792, 9938]] [566067220464.0, [15831.0, 95907291, 6138012243, 5340891, 6137123727, 7106488]] [2395063948.0, [1077.0, 412411, 26356864, 32995, 25506688, 39328]]
Arch_Param: [32, 16384, 1024, 32, 1024, 64]
SK_cost: [18697487268.0, [3617865.0, 3619937, 231526584, 254881, 163368120, 186529]] [7999246764.0, [1333359.0, 1333359, 85328676, 86895, 85328676, 105327]] [587245840, [104020, 104020, 6247200, 13140, 6247200, 13130]] [10653027488, [1783016, 1783016, 113702944, 38704, 113702944, 120604]] [1004546904, [174086, 174086, 11083824, 4918, 10314288, 10118]] [575312267328.0, [95907291.0, 95907291, 6138012243, 5340891, 6138012243, 7110363]] [19945788620.0, [3377979.0, 3377979, 215891136, 256547, 209089728, 300512]]
Model_cost: [12016029712.0, [8894.0, 3193953, 204263608, 254881, 49400505, 81378]] [7553140524.0, [117711.0, 1333359, 85328676, 86895, 77870628, 92307]] [577270000, [105, 104020, 6247200, 13140, 6247200, 13130]] [9666669408, [39856, 1680616, 106002464, 38704, 103509152, 115862]] [760308888, [1416, 136646, 8678448, 5062, 7767792, 9938]] [566067220464.0, [15831.0, 95907291, 6138012243, 5340891, 6137123727, 7106488]] [2395063948.0, [1077.0, 412411, 26356864, 32995, 25506688, 39328]]
Arch_Param: [32, 16384, 1024, 32, 1024, 128]
SK_cost: [18697487268.0, [3617865.0, 3619937, 231526584, 254881, 163368120, 186529]] [7999246764.0, [1333359.0, 1333359, 85328676, 86895, 85328676, 105327]] [587245840, [104020, 104020, 6247200, 13140, 6247200, 13130]] [10653027488, [1783016, 1783016, 113702944, 38704, 113702944, 120604]] [1004546904, [174086, 174086, 11083824, 4918, 10314288, 10118]] [575312267328.0, [95907291.0, 95907291, 6138012243, 5340891, 6138012243, 7110363]] [19945788620.0, [3377979.0, 3377979, 215891136, 256547, 209089728, 300512]]
Model_cost: [12016029712.0, [8894.0, 3193953, 204263608, 254881, 49400505, 81378]] [7553140524.0, [117711.0, 1333359, 85328676, 86895, 77870628, 92307]] [577270000, [105, 104020, 6247200, 13140, 6247200, 13130]] [9666669408, [39856, 1680616, 106002464, 38704, 103509152, 115862]] [760308888, [1416, 136646, 8678448, 5062, 7767792, 9938]] [566067220464.0, [15831.0, 95907291, 6138012243, 5340891, 6137123727, 7106488]] [2395063948.0, [1077.0, 412411, 26356864, 32995, 25506688, 39328]]
Arch_Param: [32, 16384, 1024, 32, 1024, 256]
SK_cost: [18697487268.0, [3617865.0, 3619937, 231526584, 254881, 163368120, 186529]] [7999246764.0, [1333359.0, 1333359, 85328676, 86895, 85328676, 105327]] [587245840, [104020, 104020, 6247200, 13140, 6247200, 13130]] [10653027488, [1783016, 1783016, 113702944, 38704, 113702944, 120604]] [1004546904, [174086, 174086, 11083824, 4918, 10314288, 10118]] [575312267328.0, [95907291.0, 95907291, 6138012243, 5340891, 6138012243, 7110363]] [19945788620.0, [3377979.0, 3377979, 215891136, 256547, 209089728, 300512]]
Model_cost: [12016029712.0, [8894.0, 3193953, 204263608, 254881, 49400505, 81378]] [7553140524.0, [117711.0, 1333359, 85328676, 86895, 77870628, 92307]] [577270000, [105, 104020, 6247200, 13140, 6247200, 13130]] [9666669408, [39856, 1680616, 106002464, 38704, 103509152, 115862]] [760299096, [1416, 136502, 8678448, 4918, 7767792, 9938]] [566067220464.0, [15831.0, 95907291, 6138012243, 5340891, 6137123727, 7106488]] [2395063948.0, [1077.0, 412411, 26356864, 32995, 25506688, 39328]]
Arch_Param: [32, 16384, 1024, 32, 1024, 512]
SK_cost: [18697487268.0, [3617865.0, 3619937, 231526584, 254881, 163368120, 186529]] [7999246764.0, [1333359.0, 1333359, 85328676, 86895, 85328676, 105327]] [587245840, [104020, 104020, 6247200, 13140, 6247200, 13130]] [10653027488, [1783016, 1783016, 113702944, 38704, 113702944, 120604]] [1004546904, [174086, 174086, 11083824, 4918, 10314288, 10118]] [575312267328.0, [95907291.0, 95907291, 6138012243, 5340891, 6138012243, 7110363]] [19945788620.0, [3377979.0, 3377979, 215891136, 256547, 209089728, 300512]]
Model_cost: [12016029712.0, [8894.0, 3193953, 204263608, 254881, 49400505, 81378]] [7553140524.0, [117711.0, 1333359, 85328676, 86895, 77870628, 92307]] [577270000, [105, 104020, 6247200, 13140, 6247200, 13130]] [9666669408, [39856, 1680616, 106002464, 38704, 103509152, 115862]] [760299096, [1416, 136502, 8678448, 4918, 7767792, 9938]] [566067220464.0, [15831.0, 95907291, 6138012243, 5340891, 6137123727, 7106488]] [2395063948.0, [1077.0, 412411, 26356864, 32995, 25506688, 39328]]
