[[0, 0, 0, 0, 0, 0, 0, 0, 0, 0, 0], [0, 0, 0, 0, 0, 0, 0, 0, 0, 0, 0], [0, 0, 0, 0, 0, 0, 0, 0, 0, 0, 0], [0, 0, 0, 0, 0, 0, 0, 0, 0, 0, 0]]
Arch_Param: [64, 8192, 32768, 4, 256, 16]
SK_cost: [178827934860.47998, [372370.79666666663, 47352356, 757567868, 845252, 612137660, 1200535073]] [24189823836.0, [50991.0, 5333103, 85328280, 86895, 85328280, 169873263]] [578682680.0, [3263.333333333285, 390430, 6246800, 13150, 6246800, 13130]] [30694104344.0, [55755.33333333302, 7106374, 113701904, 38734, 113701904, 210388252]] [12227785195.2, [21689.199999999997, 2772998, 44335128, 19654, 42754584, 85459014]] [1745354930872.816, [3553845.675000043, 383626383, 6138011769, 5340891, 6138011769, 12275420379]] [61914262665.230774, [137297.84615384653, 17442934, 278760800, 474718, 244870496, 392146960]]
Model_cost: [34572015783.60571, [988.28755952381, 41814564, 668963196, 1706852, 49399997, 120738]] [7567015989.599997, [3786.6000000000013, 5333103, 85328280, 86895, 77870232, 184491]] [578370616.0, [12.666666666666666, 390430, 6246800, 13150, 6246800, 13130]] [9692521128.0, [1270.8333333333333, 6635334, 106001424, 38734, 103508112, 218266]] [2024232766.3999996, [186.39999999999998, 2171654, 34713624, 87366, 7767768, 19803]] [567898799349.6003, [630.4750000000001, 383626383, 6138011769, 5340891, 6137123253, 14212794]] [2716413648.1604395, [79.9183379120879, 2054902, 32837664, 66910, 25504800, 57136]]
Arch_Param: [64, 8192, 32768, 4, 256, 64]
SK_cost: [178827934860.47998, [372370.79666666663, 47352356, 757567868, 845252, 612137660, 1200535073]] [24189823836.0, [50991.0, 5333103, 85328280, 86895, 85328280, 169873263]] [578682680.0, [3263.333333333285, 390430, 6246800, 13150, 6246800, 13130]] [30694104344.0, [55755.33333333302, 7106374, 113701904, 38734, 113701904, 210388252]] [12227785195.2, [21689.199999999997, 2772998, 44335128, 19654, 42754584, 85459014]] [1745354930872.816, [3553845.675000043, 383626383, 6138011769, 5340891, 6138011769, 12275420379]] [61914262665.230774, [137297.84615384653, 17442934, 278760800, 474718, 244870496, 392146960]]
Model_cost: [34572015783.60571, [988.28755952381, 41814564, 668963196, 1706852, 49399997, 120738]] [7567015989.599997, [3786.6000000000013, 5333103, 85328280, 86895, 77870232, 184491]] [578370616.0, [12.666666666666666, 390430, 6246800, 13150, 6246800, 13130]] [9692521128.0, [1270.8333333333333, 6635334, 106001424, 38734, 103508112, 218266]] [2019809316.8, [188.8, 2171654, 34713624, 22854, 7767768, 16731]] [567898799349.6003, [630.4750000000001, 383626383, 6138011769, 5340891, 6137123253, 14212794]] [2716151504.1604395, [79.9183379120879, 2054902, 32837664, 62814, 25504800, 57136]]
Arch_Param: [64, 8192, 32768, 4, 256, 128]
SK_cost: [178827934860.47998, [372370.79666666663, 47352356, 757567868, 845252, 612137660, 1200535073]] [24189823836.0, [50991.0, 5333103, 85328280, 86895, 85328280, 169873263]] [578682680.0, [3263.333333333285, 390430, 6246800, 13150, 6246800, 13130]] [30694104344.0, [55755.33333333302, 7106374, 113701904, 38734, 113701904, 210388252]] [12227785195.2, [21689.199999999997, 2772998, 44335128, 19654, 42754584, 85459014]] [1745354930872.816, [3553845.675000043, 383626383, 6138011769, 5340891, 6138011769, 12275420379]] [61914262665.230774, [137297.84615384653, 17442934, 278760800, 474718, 244870496, 392146960]]
Model_cost: [34572015783.60571, [988.28755952381, 41814564, 668963196, 1706852, 49399997, 120738]] [7567015989.599997, [3786.6000000000013, 5333103, 85328280, 86895, 77870232, 184491]] [578370616.0, [12.666666666666666, 390430, 6246800, 13150, 6246800, 13130]] [9692521128.0, [1270.8333333333333, 6635334, 106001424, 38734, 103508112, 218266]] [2019809316.8, [188.8, 2171654, 34713624, 22854, 7767768, 16731]] [567898799349.6003, [630.4750000000001, 383626383, 6138011769, 5340891, 6137123253, 14212794]] [2716151504.1604395, [79.9183379120879, 2054902, 32837664, 62814, 25504800, 57136]]
Arch_Param: [64, 8192, 32768, 4, 256, 256]
SK_cost: [178827934860.47998, [372370.79666666663, 47352356, 757567868, 845252, 612137660, 1200535073]] [24189823836.0, [50991.0, 5333103, 85328280, 86895, 85328280, 169873263]] [578682680.0, [3263.333333333285, 390430, 6246800, 13150, 6246800, 13130]] [30694104344.0, [55755.33333333302, 7106374, 113701904, 38734, 113701904, 210388252]] [12227785195.2, [21689.199999999997, 2772998, 44335128, 19654, 42754584, 85459014]] [1745354930872.816, [3553845.675000043, 383626383, 6138011769, 5340891, 6138011769, 12275420379]] [61914262665.230774, [137297.84615384653, 17442934, 278760800, 474718, 244870496, 392146960]]
Model_cost: [34519292794.80571, [974.4875595238095, 41814564, 668963196, 891908, 49399997, 114850]] [7567015989.599997, [3786.6000000000013, 5333103, 85328280, 86895, 77870232, 184491]] [578370616.0, [12.666666666666666, 390430, 6246800, 13150, 6246800, 13130]] [9692521128.0, [1270.8333333333333, 6635334, 106001424, 38734, 103508112, 218266]] [2019678244.8, [188.8, 2171654, 34713624, 20806, 7767768, 16731]] [567898799349.6003, [630.4750000000001, 383626383, 6138011769, 5340891, 6137123253, 14212794]] [2715991760.1604395, [79.9183379120879, 2054902, 32837664, 60318, 25504800, 57136]]
Arch_Param: [64, 8192, 32768, 4, 512, 16]
SK_cost: [178733231040.47998, [372370.79666666663, 23676449, 757567868, 845249, 612137660, 1200535073]] [24179157852.0, [50991.0, 2666607, 85328280, 86895, 85328280, 169873263]] [577901200.0, [3263.333333333285, 195220, 6246800, 13140, 6246800, 13130]] [30679889696.0, [55755.33333333302, 3553192, 113701904, 38704, 113701904, 210388252]] [12222247403.2, [21689.199999999997, 1388550, 44335128, 19654, 42754584, 85459014]] [1744587679960.816, [3553845.675000043, 191813655, 6138011769, 5340891, 6138011769, 12275420379]] [61879373021.230774, [137297.84615384653, 8721467, 278760800, 474659, 244870496, 392146960]]
Model_cost: [34488387547.60571, [988.28755952381, 20907553, 668963196, 1706849, 49399997, 120738]] [7556350005.599997, [3786.6000000000013, 2666607, 85328280, 86895, 77870232, 184491]] [577589136.0, [12.666666666666666, 195220, 6246800, 13140, 6246800, 13130]] [9679289520.0, [1270.8333333333333, 3327912, 106001424, 38704, 103508112, 218266]] [2019897662.3999996, [186.39999999999998, 1087878, 34713624, 87366, 7767768, 19803]] [567131548437.6003, [630.4750000000001, 191813655, 6138011769, 5340891, 6137123253, 14212794]] [2712300068.1604395, [79.9183379120879, 1027451, 32837664, 66851, 25504800, 57136]]
Arch_Param: [64, 8192, 32768, 4, 512, 64]
SK_cost: [178733231040.47998, [372370.79666666663, 23676449, 757567868, 845249, 612137660, 1200535073]] [24179157852.0, [50991.0, 2666607, 85328280, 86895, 85328280, 169873263]] [577901200.0, [3263.333333333285, 195220, 6246800, 13140, 6246800, 13130]] [30679889696.0, [55755.33333333302, 3553192, 113701904, 38704, 113701904, 210388252]] [12222247403.2, [21689.199999999997, 1388550, 44335128, 19654, 42754584, 85459014]] [1744587679960.816, [3553845.675000043, 191813655, 6138011769, 5340891, 6138011769, 12275420379]] [61879373021.230774, [137297.84615384653, 8721467, 278760800, 474659, 244870496, 392146960]]
Model_cost: [34488387547.60571, [988.28755952381, 20907553, 668963196, 1706849, 49399997, 120738]] [7556350005.599997, [3786.6000000000013, 2666607, 85328280, 86895, 77870232, 184491]] [577589136.0, [12.666666666666666, 195220, 6246800, 13140, 6246800, 13130]] [9679289520.0, [1270.8333333333333, 3327912, 106001424, 38704, 103508112, 218266]] [2015474212.8, [188.8, 1087878, 34713624, 22854, 7767768, 16731]] [567131548437.6003, [630.4750000000001, 191813655, 6138011769, 5340891, 6137123253, 14212794]] [2712037924.1604395, [79.9183379120879, 1027451, 32837664, 62755, 25504800, 57136]]
Arch_Param: [64, 8192, 32768, 4, 512, 128]
SK_cost: [178733231040.47998, [372370.79666666663, 23676449, 757567868, 845249, 612137660, 1200535073]] [24179157852.0, [50991.0, 2666607, 85328280, 86895, 85328280, 169873263]] [577901200.0, [3263.333333333285, 195220, 6246800, 13140, 6246800, 13130]] [30679889696.0, [55755.33333333302, 3553192, 113701904, 38704, 113701904, 210388252]] [12222247403.2, [21689.199999999997, 1388550, 44335128, 19654, 42754584, 85459014]] [1744587679960.816, [3553845.675000043, 191813655, 6138011769, 5340891, 6138011769, 12275420379]] [61879373021.230774, [137297.84615384653, 8721467, 278760800, 474659, 244870496, 392146960]]
Model_cost: [34488387547.60571, [988.28755952381, 20907553, 668963196, 1706849, 49399997, 120738]] [7556350005.599997, [3786.6000000000013, 2666607, 85328280, 86895, 77870232, 184491]] [577589136.0, [12.666666666666666, 195220, 6246800, 13140, 6246800, 13130]] [9679289520.0, [1270.8333333333333, 3327912, 106001424, 38704, 103508112, 218266]] [2015474212.8, [188.8, 1087878, 34713624, 22854, 7767768, 16731]] [567131548437.6003, [630.4750000000001, 191813655, 6138011769, 5340891, 6137123253, 14212794]] [2712037924.1604395, [79.9183379120879, 1027451, 32837664, 62755, 25504800, 57136]]
Arch_Param: [64, 8192, 32768, 4, 512, 256]
SK_cost: [178733231040.47998, [372370.79666666663, 23676449, 757567868, 845249, 612137660, 1200535073]] [24179157852.0, [50991.0, 2666607, 85328280, 86895, 85328280, 169873263]] [577901200.0, [3263.333333333285, 195220, 6246800, 13140, 6246800, 13130]] [30679889696.0, [55755.33333333302, 3553192, 113701904, 38704, 113701904, 210388252]] [12222247403.2, [21689.199999999997, 1388550, 44335128, 19654, 42754584, 85459014]] [1744587679960.816, [3553845.675000043, 191813655, 6138011769, 5340891, 6138011769, 12275420379]] [61879373021.230774, [137297.84615384653, 8721467, 278760800, 474659, 244870496, 392146960]]
Model_cost: [34435664558.80571, [974.4875595238095, 20907553, 668963196, 891905, 49399997, 114850]] [7556350005.599997, [3786.6000000000013, 2666607, 85328280, 86895, 77870232, 184491]] [577589136.0, [12.666666666666666, 195220, 6246800, 13140, 6246800, 13130]] [9679289520.0, [1270.8333333333333, 3327912, 106001424, 38704, 103508112, 218266]] [2015343140.8, [188.8, 1087878, 34713624, 20806, 7767768, 16731]] [567131548437.6003, [630.4750000000001, 191813655, 6138011769, 5340891, 6137123253, 14212794]] [2711878180.1604395, [79.9183379120879, 1027451, 32837664, 60259, 25504800, 57136]]
Arch_Param: [64, 8192, 32768, 4, 512, 512]
SK_cost: [178733231040.47998, [372370.79666666663, 23676449, 757567868, 845249, 612137660, 1200535073]] [24179157852.0, [50991.0, 2666607, 85328280, 86895, 85328280, 169873263]] [577901200.0, [3263.333333333285, 195220, 6246800, 13140, 6246800, 13130]] [30679889696.0, [55755.33333333302, 3553192, 113701904, 38704, 113701904, 210388252]] [12222247403.2, [21689.199999999997, 1388550, 44335128, 19654, 42754584, 85459014]] [1744587679960.816, [3553845.675000043, 191813655, 6138011769, 5340891, 6138011769, 12275420379]] [61879373021.230774, [137297.84615384653, 8721467, 278760800, 474659, 244870496, 392146960]]
Model_cost: [34435664558.80571, [974.4875595238095, 20907553, 668963196, 891905, 49399997, 114850]] [7556350005.599997, [3786.6000000000013, 2666607, 85328280, 86895, 77870232, 184491]] [577589136.0, [12.666666666666666, 195220, 6246800, 13140, 6246800, 13130]] [9679289520.0, [1270.8333333333333, 3327912, 106001424, 38704, 103508112, 218266]] [2015343140.8, [188.8, 1087878, 34713624, 20806, 7767768, 16731]] [567131548437.6003, [630.4750000000001, 191813655, 6138011769, 5340891, 6137123253, 14212794]] [2711878180.1604395, [79.9183379120879, 1027451, 32837664, 60259, 25504800, 57136]]
Arch_Param: [64, 8192, 32768, 4, 1024, 16]
SK_cost: [178685904064.47998, [372370.79666666663, 11844705, 757567868, 845249, 612137660, 1200535073]] [24173824860.0, [50991.0, 1333359, 85328280, 86895, 85328280, 169873263]] [577535720.0, [3263.333333333285, 104010, 6246800, 13130, 6246800, 13130]] [30672807632.0, [55755.33333333302, 1782996, 113701904, 38684, 113701904, 210388252]] [12219478507.2, [21689.199999999997, 696326, 44335128, 19654, 42754584, 85459014]] [1744204054504.816, [3553845.675000043, 95907291, 6138011769, 5340891, 6138011769, 12275420379]] [61861978477.230774, [137297.84615384653, 4373279, 278760800, 474631, 244870496, 392146960]]
Model_cost: [34446784987.60571, [988.28755952381, 10506913, 668963196, 1706849, 49399997, 120738]] [7551017013.599997, [3786.6000000000013, 1333359, 85328280, 86895, 77870232, 184491]] [577223656.0, [12.666666666666666, 104010, 6246800, 13130, 6246800, 13130]] [9672698976.0, [1270.8333333333333, 1680596, 106001424, 38684, 103508112, 218266]] [2017730110.3999996, [186.39999999999998, 545990, 34713624, 87366, 7767768, 19803]] [566747922981.6003, [630.4750000000001, 95907291, 6138011769, 5340891, 6137123253, 14212794]] [2710259636.1604395, [79.9183379120879, 517791, 32837664, 66823, 25504800, 57136]]
Arch_Param: [64, 8192, 32768, 4, 1024, 64]
SK_cost: [178685904064.47998, [372370.79666666663, 11844705, 757567868, 845249, 612137660, 1200535073]] [24173824860.0, [50991.0, 1333359, 85328280, 86895, 85328280, 169873263]] [577535720.0, [3263.333333333285, 104010, 6246800, 13130, 6246800, 13130]] [30672807632.0, [55755.33333333302, 1782996, 113701904, 38684, 113701904, 210388252]] [12219478507.2, [21689.199999999997, 696326, 44335128, 19654, 42754584, 85459014]] [1744204054504.816, [3553845.675000043, 95907291, 6138011769, 5340891, 6138011769, 12275420379]] [61861978477.230774, [137297.84615384653, 4373279, 278760800, 474631, 244870496, 392146960]]
Model_cost: [34446784987.60571, [988.28755952381, 10506913, 668963196, 1706849, 49399997, 120738]] [7551017013.599997, [3786.6000000000013, 1333359, 85328280, 86895, 77870232, 184491]] [577223656.0, [12.666666666666666, 104010, 6246800, 13130, 6246800, 13130]] [9672698976.0, [1270.8333333333333, 1680596, 106001424, 38684, 103508112, 218266]] [2013306660.8, [188.8, 545990, 34713624, 22854, 7767768, 16731]] [566747922981.6003, [630.4750000000001, 95907291, 6138011769, 5340891, 6137123253, 14212794]] [2709997492.1604395, [79.9183379120879, 517791, 32837664, 62727, 25504800, 57136]]
Arch_Param: [64, 8192, 32768, 4, 1024, 128]
SK_cost: [178685904064.47998, [372370.79666666663, 11844705, 757567868, 845249, 612137660, 1200535073]] [24173824860.0, [50991.0, 1333359, 85328280, 86895, 85328280, 169873263]] [577535720.0, [3263.333333333285, 104010, 6246800, 13130, 6246800, 13130]] [30672807632.0, [55755.33333333302, 1782996, 113701904, 38684, 113701904, 210388252]] [12219478507.2, [21689.199999999997, 696326, 44335128, 19654, 42754584, 85459014]] [1744204054504.816, [3553845.675000043, 95907291, 6138011769, 5340891, 6138011769, 12275420379]] [61861978477.230774, [137297.84615384653, 4373279, 278760800, 474631, 244870496, 392146960]]
Model_cost: [34446784987.60571, [988.28755952381, 10506913, 668963196, 1706849, 49399997, 120738]] [7551017013.599997, [3786.6000000000013, 1333359, 85328280, 86895, 77870232, 184491]] [577223656.0, [12.666666666666666, 104010, 6246800, 13130, 6246800, 13130]] [9672698976.0, [1270.8333333333333, 1680596, 106001424, 38684, 103508112, 218266]] [2013306660.8, [188.8, 545990, 34713624, 22854, 7767768, 16731]] [566747922981.6003, [630.4750000000001, 95907291, 6138011769, 5340891, 6137123253, 14212794]] [2709997492.1604395, [79.9183379120879, 517791, 32837664, 62727, 25504800, 57136]]
Arch_Param: [64, 8192, 32768, 4, 1024, 256]
SK_cost: [178685904064.47998, [372370.79666666663, 11844705, 757567868, 845249, 612137660, 1200535073]] [24173824860.0, [50991.0, 1333359, 85328280, 86895, 85328280, 169873263]] [577535720.0, [3263.333333333285, 104010, 6246800, 13130, 6246800, 13130]] [30672807632.0, [55755.33333333302, 1782996, 113701904, 38684, 113701904, 210388252]] [12219478507.2, [21689.199999999997, 696326, 44335128, 19654, 42754584, 85459014]] [1744204054504.816, [3553845.675000043, 95907291, 6138011769, 5340891, 6138011769, 12275420379]] [61861978477.230774, [137297.84615384653, 4373279, 278760800, 474631, 244870496, 392146960]]
Model_cost: [34394061998.80571, [974.4875595238095, 10506913, 668963196, 891905, 49399997, 114850]] [7551017013.599997, [3786.6000000000013, 1333359, 85328280, 86895, 77870232, 184491]] [577223656.0, [12.666666666666666, 104010, 6246800, 13130, 6246800, 13130]] [9672698976.0, [1270.8333333333333, 1680596, 106001424, 38684, 103508112, 218266]] [2013175588.8, [188.8, 545990, 34713624, 20806, 7767768, 16731]] [566747922981.6003, [630.4750000000001, 95907291, 6138011769, 5340891, 6137123253, 14212794]] [2709827846.4461536, [80.77548076923077, 515295, 32837664, 60231, 25504800, 57136]]
Arch_Param: [64, 8192, 32768, 4, 1024, 512]
SK_cost: [178685904064.47998, [372370.79666666663, 11844705, 757567868, 845249, 612137660, 1200535073]] [24173824860.0, [50991.0, 1333359, 85328280, 86895, 85328280, 169873263]] [577535720.0, [3263.333333333285, 104010, 6246800, 13130, 6246800, 13130]] [30672807632.0, [55755.33333333302, 1782996, 113701904, 38684, 113701904, 210388252]] [12219478507.2, [21689.199999999997, 696326, 44335128, 19654, 42754584, 85459014]] [1744204054504.816, [3553845.675000043, 95907291, 6138011769, 5340891, 6138011769, 12275420379]] [61861978477.230774, [137297.84615384653, 4373279, 278760800, 474631, 244870496, 392146960]]
Model_cost: [34394061998.80571, [974.4875595238095, 10506913, 668963196, 891905, 49399997, 114850]] [7551017013.599997, [3786.6000000000013, 1333359, 85328280, 86895, 77870232, 184491]] [577223656.0, [12.666666666666666, 104010, 6246800, 13130, 6246800, 13130]] [9672698976.0, [1270.8333333333333, 1680596, 106001424, 38684, 103508112, 218266]] [2013175588.8, [188.8, 545990, 34713624, 20806, 7767768, 16731]] [566747922981.6003, [630.4750000000001, 95907291, 6138011769, 5340891, 6137123253, 14212794]] [2709827846.4461536, [80.77548076923077, 515295, 32837664, 60231, 25504800, 57136]]
Arch_Param: [64, 8192, 32768, 8, 256, 16]
SK_cost: [96251582338.23999, [199904.02333333332, 25429668, 406835900, 451588, 334121660, 644503073]] [24189823836.0, [50991.0, 5333103, 85328280, 86895, 85328280, 169873263]] [578682680.0, [3263.333333333285, 390430, 6246800, 13150, 6246800, 13130]] [30694104344.0, [55755.33333333302, 7106374, 113701904, 38734, 113701904, 210388252]] [6114449489.6, [10847.599999999999, 1386502, 22167576, 9830, 21389848, 42729542]] [1745354930872.816, [3553845.675000043, 383626383, 6138011769, 5340891, 6138011769, 12275420379]] [54668322323.07692, [116288.61538461514, 14813302, 236846432, 329310, 222784864, 347975696]]
Model_cost: [19571552003.44571, [541.244226190476, 22447780, 359125692, 913828, 49399997, 120738]] [7567015989.599997, [3786.6000000000013, 5333103, 85328280, 86895, 77870232, 184491]] [578370616.0, [12.666666666666666, 390430, 6246800, 13150, 6246800, 13130]] [9692521128.0, [1270.8333333333333, 6635334, 106001424, 38734, 103508112, 218266]] [1183958891.2, [96.19999999999999, 1085830, 17356824, 43686, 7767768, 19803]] [567898799349.6003, [630.4750000000001, 383626383, 6138011769, 5340891, 6137123253, 14212794]] [2506512426.4153843, [62.19182692307692, 1783542, 28515872, 45534, 25504800, 57136]]
Arch_Param: [64, 8192, 32768, 8, 256, 64]
SK_cost: [96251582338.23999, [199904.02333333332, 25429668, 406835900, 451588, 334121660, 644503073]] [24189823836.0, [50991.0, 5333103, 85328280, 86895, 85328280, 169873263]] [578682680.0, [3263.333333333285, 390430, 6246800, 13150, 6246800, 13130]] [30694104344.0, [55755.33333333302, 7106374, 113701904, 38734, 113701904, 210388252]] [6114449489.6, [10847.599999999999, 1386502, 22167576, 9830, 21389848, 42729542]] [1745354930872.816, [3553845.675000043, 383626383, 6138011769, 5340891, 6138011769, 12275420379]] [54668322323.07692, [116288.61538461514, 14813302, 236846432, 329310, 222784864, 347975696]]
Model_cost: [19571552003.44571, [541.244226190476, 22447780, 359125692, 913828, 49399997, 120738]] [7567015989.599997, [3786.6000000000013, 5333103, 85328280, 86895, 77870232, 184491]] [578370616.0, [12.666666666666666, 390430, 6246800, 13150, 6246800, 13130]] [9692521128.0, [1270.8333333333333, 6635334, 106001424, 38734, 103508112, 218266]] [1181600286.4, [103.4, 1085830, 17356824, 11430, 7767768, 16731]] [567898799349.6003, [630.4750000000001, 383626383, 6138011769, 5340891, 6137123253, 14212794]] [2506381354.4153843, [62.19182692307692, 1783542, 28515872, 43486, 25504800, 57136]]
Arch_Param: [64, 8192, 32768, 8, 256, 128]
SK_cost: [96251582338.23999, [199904.02333333332, 25429668, 406835900, 451588, 334121660, 644503073]] [24189823836.0, [50991.0, 5333103, 85328280, 86895, 85328280, 169873263]] [578682680.0, [3263.333333333285, 390430, 6246800, 13150, 6246800, 13130]] [30694104344.0, [55755.33333333302, 7106374, 113701904, 38734, 113701904, 210388252]] [6114449489.6, [10847.599999999999, 1386502, 22167576, 9830, 21389848, 42729542]] [1745354930872.816, [3553845.675000043, 383626383, 6138011769, 5340891, 6138011769, 12275420379]] [54668322323.07692, [116288.61538461514, 14813302, 236846432, 329310, 222784864, 347975696]]
Model_cost: [19542901571.445717, [531.2442261904762, 22447780, 359125692, 475012, 49399997, 114850]] [7567015989.599997, [3786.6000000000013, 5333103, 85328280, 86895, 77870232, 184491]] [578370616.0, [12.666666666666666, 390430, 6246800, 13150, 6246800, 13130]] [9692521128.0, [1270.8333333333333, 6635334, 106001424, 38734, 103508112, 218266]] [1181534750.4, [103.4, 1085830, 17356824, 10406, 7767768, 16731]] [567898799349.6003, [630.4750000000001, 383626383, 6138011769, 5340891, 6137123253, 14212794]] [2506295338.4153843, [62.19182692307692, 1783542, 28515872, 42142, 25504800, 57136]]
Arch_Param: [64, 8192, 32768, 8, 256, 256]
SK_cost: [96251582338.23999, [199904.02333333332, 25429668, 406835900, 451588, 334121660, 644503073]] [24189823836.0, [50991.0, 5333103, 85328280, 86895, 85328280, 169873263]] [578682680.0, [3263.333333333285, 390430, 6246800, 13150, 6246800, 13130]] [30694104344.0, [55755.33333333302, 7106374, 113701904, 38734, 113701904, 210388252]] [6114449489.6, [10847.599999999999, 1386502, 22167576, 9830, 21389848, 42729542]] [1745354930872.816, [3553845.675000043, 383626383, 6138011769, 5340891, 6138011769, 12275420379]] [54668322323.07692, [116288.61538461514, 14813302, 236846432, 329310, 222784864, 347975696]]
Model_cost: [19542901571.445717, [531.2442261904762, 22447780, 359125692, 475012, 49399997, 114850]] [7567015989.599997, [3786.6000000000013, 5333103, 85328280, 86895, 77870232, 184491]] [578370616.0, [12.666666666666666, 390430, 6246800, 13150, 6246800, 13130]] [9692521128.0, [1270.8333333333333, 6635334, 106001424, 38734, 103508112, 218266]] [1181534750.4, [103.4, 1085830, 17356824, 10406, 7767768, 16731]] [567898799349.6003, [630.4750000000001, 383626383, 6138011769, 5340891, 6137123253, 14212794]] [2506295338.4153843, [62.19182692307692, 1783542, 28515872, 42142, 25504800, 57136]]
Arch_Param: [64, 8192, 32768, 8, 512, 16]
SK_cost: [96200723894.23999, [199904.02333333332, 12715105, 406835900, 451585, 334121660, 644503073]] [24179157852.0, [50991.0, 2666607, 85328280, 86895, 85328280, 169873263]] [577901200.0, [3263.333333333285, 195220, 6246800, 13140, 6246800, 13130]] [30679889696.0, [55755.33333333302, 3553192, 113701904, 38704, 113701904, 210388252]] [6111680593.6, [10847.599999999999, 694278, 22167576, 9830, 21389848, 42729542]] [1744587679960.816, [3553845.675000043, 191813655, 6138011769, 5340891, 6138011769, 12275420379]] [54638691943.07692, [116288.61538461514, 7406651, 236846432, 329251, 222784864, 347975696]]
Model_cost: [19526657335.44571, [541.244226190476, 11224161, 359125692, 913825, 49399997, 120738]] [7556350005.599997, [3786.6000000000013, 2666607, 85328280, 86895, 77870232, 184491]] [577589136.0, [12.666666666666666, 195220, 6246800, 13140, 6246800, 13130]] [9679289520.0, [1270.8333333333333, 3327912, 106001424, 38704, 103508112, 218266]] [1181791339.2, [96.19999999999999, 543942, 17356824, 43686, 7767768, 19803]] [567131548437.6003, [630.4750000000001, 191813655, 6138011769, 5340891, 6137123253, 14212794]] [2502941566.4153843, [62.19182692307692, 891771, 28515872, 45475, 25504800, 57136]]
Arch_Param: [64, 8192, 32768, 8, 512, 64]
SK_cost: [96200723894.23999, [199904.02333333332, 12715105, 406835900, 451585, 334121660, 644503073]] [24179157852.0, [50991.0, 2666607, 85328280, 86895, 85328280, 169873263]] [577901200.0, [3263.333333333285, 195220, 6246800, 13140, 6246800, 13130]] [30679889696.0, [55755.33333333302, 3553192, 113701904, 38704, 113701904, 210388252]] [6111680593.6, [10847.599999999999, 694278, 22167576, 9830, 21389848, 42729542]] [1744587679960.816, [3553845.675000043, 191813655, 6138011769, 5340891, 6138011769, 12275420379]] [54638691943.07692, [116288.61538461514, 7406651, 236846432, 329251, 222784864, 347975696]]
Model_cost: [19526657335.44571, [541.244226190476, 11224161, 359125692, 913825, 49399997, 120738]] [7556350005.599997, [3786.6000000000013, 2666607, 85328280, 86895, 77870232, 184491]] [577589136.0, [12.666666666666666, 195220, 6246800, 13140, 6246800, 13130]] [9679289520.0, [1270.8333333333333, 3327912, 106001424, 38704, 103508112, 218266]] [1179432734.4, [103.4, 543942, 17356824, 11430, 7767768, 16731]] [567131548437.6003, [630.4750000000001, 191813655, 6138011769, 5340891, 6137123253, 14212794]] [2502810494.4153843, [62.19182692307692, 891771, 28515872, 43427, 25504800, 57136]]
Arch_Param: [64, 8192, 32768, 8, 512, 128]
SK_cost: [96200723894.23999, [199904.02333333332, 12715105, 406835900, 451585, 334121660, 644503073]] [24179157852.0, [50991.0, 2666607, 85328280, 86895, 85328280, 169873263]] [577901200.0, [3263.333333333285, 195220, 6246800, 13140, 6246800, 13130]] [30679889696.0, [55755.33333333302, 3553192, 113701904, 38704, 113701904, 210388252]] [6111680593.6, [10847.599999999999, 694278, 22167576, 9830, 21389848, 42729542]] [1744587679960.816, [3553845.675000043, 191813655, 6138011769, 5340891, 6138011769, 12275420379]] [54638691943.07692, [116288.61538461514, 7406651, 236846432, 329251, 222784864, 347975696]]
Model_cost: [19498006903.445717, [531.2442261904762, 11224161, 359125692, 475009, 49399997, 114850]] [7556350005.599997, [3786.6000000000013, 2666607, 85328280, 86895, 77870232, 184491]] [577589136.0, [12.666666666666666, 195220, 6246800, 13140, 6246800, 13130]] [9679289520.0, [1270.8333333333333, 3327912, 106001424, 38704, 103508112, 218266]] [1179367198.4, [103.4, 543942, 17356824, 10406, 7767768, 16731]] [567131548437.6003, [630.4750000000001, 191813655, 6138011769, 5340891, 6137123253, 14212794]] [2502724478.4153843, [62.19182692307692, 891771, 28515872, 42083, 25504800, 57136]]
Arch_Param: [64, 8192, 32768, 8, 512, 256]
SK_cost: [96200723894.23999, [199904.02333333332, 12715105, 406835900, 451585, 334121660, 644503073]] [24179157852.0, [50991.0, 2666607, 85328280, 86895, 85328280, 169873263]] [577901200.0, [3263.333333333285, 195220, 6246800, 13140, 6246800, 13130]] [30679889696.0, [55755.33333333302, 3553192, 113701904, 38704, 113701904, 210388252]] [6111680593.6, [10847.599999999999, 694278, 22167576, 9830, 21389848, 42729542]] [1744587679960.816, [3553845.675000043, 191813655, 6138011769, 5340891, 6138011769, 12275420379]] [54638691943.07692, [116288.61538461514, 7406651, 236846432, 329251, 222784864, 347975696]]
Model_cost: [19498006903.445717, [531.2442261904762, 11224161, 359125692, 475009, 49399997, 114850]] [7556350005.599997, [3786.6000000000013, 2666607, 85328280, 86895, 77870232, 184491]] [577589136.0, [12.666666666666666, 195220, 6246800, 13140, 6246800, 13130]] [9679289520.0, [1270.8333333333333, 3327912, 106001424, 38704, 103508112, 218266]] [1179367198.4, [103.4, 543942, 17356824, 10406, 7767768, 16731]] [567131548437.6003, [630.4750000000001, 191813655, 6138011769, 5340891, 6137123253, 14212794]] [2502724478.4153843, [62.19182692307692, 891771, 28515872, 42083, 25504800, 57136]]
Arch_Param: [64, 8192, 32768, 8, 512, 512]
SK_cost: [96200723894.23999, [199904.02333333332, 12715105, 406835900, 451585, 334121660, 644503073]] [24179157852.0, [50991.0, 2666607, 85328280, 86895, 85328280, 169873263]] [577901200.0, [3263.333333333285, 195220, 6246800, 13140, 6246800, 13130]] [30679889696.0, [55755.33333333302, 3553192, 113701904, 38704, 113701904, 210388252]] [6111680593.6, [10847.599999999999, 694278, 22167576, 9830, 21389848, 42729542]] [1744587679960.816, [3553845.675000043, 191813655, 6138011769, 5340891, 6138011769, 12275420379]] [54638691943.07692, [116288.61538461514, 7406651, 236846432, 329251, 222784864, 347975696]]
Model_cost: [19497699703.445717, [531.2442261904762, 11224161, 359125692, 470209, 49399997, 114850]] [7556350005.599997, [3786.6000000000013, 2666607, 85328280, 86895, 77870232, 184491]] [577589136.0, [12.666666666666666, 195220, 6246800, 13140, 6246800, 13130]] [9679289520.0, [1270.8333333333333, 3327912, 106001424, 38704, 103508112, 218266]] [1179330334.4, [103.4, 543942, 17356824, 9830, 7767768, 16731]] [567131548437.6003, [630.4750000000001, 191813655, 6138011769, 5340891, 6137123253, 14212794]] [2502724478.4153843, [62.19182692307692, 891771, 28515872, 42083, 25504800, 57136]]
Arch_Param: [64, 8192, 32768, 8, 1024, 16]
SK_cost: [96175307190.23999, [199904.02333333332, 6360929, 406835900, 451585, 334121660, 644503073]] [24173824860.0, [50991.0, 1333359, 85328280, 86895, 85328280, 169873263]] [577535720.0, [3263.333333333285, 104010, 6246800, 13130, 6246800, 13130]] [30672807632.0, [55755.33333333302, 1782996, 113701904, 38684, 113701904, 210388252]] [6110296145.6, [10847.599999999999, 348166, 22167576, 9830, 21389848, 42729542]] [1744204054504.816, [3553845.675000043, 95907291, 6138011769, 5340891, 6138011769, 12275420379]] [54623902455.07692, [116288.61538461514, 3709727, 236846432, 329223, 222784864, 347975696]]
Model_cost: [19504316215.44571, [541.244226190476, 5638881, 359125692, 913825, 49399997, 120738]] [7551017013.599997, [3786.6000000000013, 1333359, 85328280, 86895, 77870232, 184491]] [577223656.0, [12.666666666666666, 104010, 6246800, 13130, 6246800, 13130]] [9672698976.0, [1270.8333333333333, 1680596, 106001424, 38684, 103508112, 218266]] [1180707563.2, [96.19999999999999, 272998, 17356824, 43686, 7767768, 19803]] [566747922981.6003, [630.4750000000001, 95907291, 6138011769, 5340891, 6137123253, 14212794]] [2501164814.4153843, [62.19182692307692, 448031, 28515872, 45447, 25504800, 57136]]
Arch_Param: [64, 8192, 32768, 8, 1024, 64]
SK_cost: [96175307190.23999, [199904.02333333332, 6360929, 406835900, 451585, 334121660, 644503073]] [24173824860.0, [50991.0, 1333359, 85328280, 86895, 85328280, 169873263]] [577535720.0, [3263.333333333285, 104010, 6246800, 13130, 6246800, 13130]] [30672807632.0, [55755.33333333302, 1782996, 113701904, 38684, 113701904, 210388252]] [6110296145.6, [10847.599999999999, 348166, 22167576, 9830, 21389848, 42729542]] [1744204054504.816, [3553845.675000043, 95907291, 6138011769, 5340891, 6138011769, 12275420379]] [54623902455.07692, [116288.61538461514, 3709727, 236846432, 329223, 222784864, 347975696]]
Model_cost: [19504316215.44571, [541.244226190476, 5638881, 359125692, 913825, 49399997, 120738]] [7551017013.599997, [3786.6000000000013, 1333359, 85328280, 86895, 77870232, 184491]] [577223656.0, [12.666666666666666, 104010, 6246800, 13130, 6246800, 13130]] [9672698976.0, [1270.8333333333333, 1680596, 106001424, 38684, 103508112, 218266]] [1178348958.4, [103.4, 272998, 17356824, 11430, 7767768, 16731]] [566747922981.6003, [630.4750000000001, 95907291, 6138011769, 5340891, 6137123253, 14212794]] [2501033742.4153843, [62.19182692307692, 448031, 28515872, 43399, 25504800, 57136]]
Arch_Param: [64, 8192, 32768, 8, 1024, 128]
SK_cost: [96175307190.23999, [199904.02333333332, 6360929, 406835900, 451585, 334121660, 644503073]] [24173824860.0, [50991.0, 1333359, 85328280, 86895, 85328280, 169873263]] [577535720.0, [3263.333333333285, 104010, 6246800, 13130, 6246800, 13130]] [30672807632.0, [55755.33333333302, 1782996, 113701904, 38684, 113701904, 210388252]] [6110296145.6, [10847.599999999999, 348166, 22167576, 9830, 21389848, 42729542]] [1744204054504.816, [3553845.675000043, 95907291, 6138011769, 5340891, 6138011769, 12275420379]] [54623902455.07692, [116288.61538461514, 3709727, 236846432, 329223, 222784864, 347975696]]
Model_cost: [19475665783.445717, [531.2442261904762, 5638881, 359125692, 475009, 49399997, 114850]] [7551017013.599997, [3786.6000000000013, 1333359, 85328280, 86895, 77870232, 184491]] [577223656.0, [12.666666666666666, 104010, 6246800, 13130, 6246800, 13130]] [9672698976.0, [1270.8333333333333, 1680596, 106001424, 38684, 103508112, 218266]] [1178283422.4, [103.4, 272998, 17356824, 10406, 7767768, 16731]] [566747922981.6003, [630.4750000000001, 95907291, 6138011769, 5340891, 6137123253, 14212794]] [2500942350.4153843, [62.19182692307692, 446687, 28515872, 42055, 25504800, 57136]]
Arch_Param: [64, 8192, 32768, 8, 1024, 256]
SK_cost: [96175307190.23999, [199904.02333333332, 6360929, 406835900, 451585, 334121660, 644503073]] [24173824860.0, [50991.0, 1333359, 85328280, 86895, 85328280, 169873263]] [577535720.0, [3263.333333333285, 104010, 6246800, 13130, 6246800, 13130]] [30672807632.0, [55755.33333333302, 1782996, 113701904, 38684, 113701904, 210388252]] [6110296145.6, [10847.599999999999, 348166, 22167576, 9830, 21389848, 42729542]] [1744204054504.816, [3553845.675000043, 95907291, 6138011769, 5340891, 6138011769, 12275420379]] [54623902455.07692, [116288.61538461514, 3709727, 236846432, 329223, 222784864, 347975696]]
Model_cost: [19475665783.445717, [531.2442261904762, 5638881, 359125692, 475009, 49399997, 114850]] [7551017013.599997, [3786.6000000000013, 1333359, 85328280, 86895, 77870232, 184491]] [577223656.0, [12.666666666666666, 104010, 6246800, 13130, 6246800, 13130]] [9672698976.0, [1270.8333333333333, 1680596, 106001424, 38684, 103508112, 218266]] [1178283422.4, [103.4, 272998, 17356824, 10406, 7767768, 16731]] [566747922981.6003, [630.4750000000001, 95907291, 6138011769, 5340891, 6137123253, 14212794]] [2500942350.4153843, [62.19182692307692, 446687, 28515872, 42055, 25504800, 57136]]
Arch_Param: [64, 8192, 32768, 8, 1024, 512]
SK_cost: [96175307190.23999, [199904.02333333332, 6360929, 406835900, 451585, 334121660, 644503073]] [24173824860.0, [50991.0, 1333359, 85328280, 86895, 85328280, 169873263]] [577535720.0, [3263.333333333285, 104010, 6246800, 13130, 6246800, 13130]] [30672807632.0, [55755.33333333302, 1782996, 113701904, 38684, 113701904, 210388252]] [6110296145.6, [10847.599999999999, 348166, 22167576, 9830, 21389848, 42729542]] [1744204054504.816, [3553845.675000043, 95907291, 6138011769, 5340891, 6138011769, 12275420379]] [54623902455.07692, [116288.61538461514, 3709727, 236846432, 329223, 222784864, 347975696]]
Model_cost: [19475339630.302856, [533.8156547619047, 5634081, 359125692, 470209, 49399997, 114850]] [7551017013.599997, [3786.6000000000013, 1333359, 85328280, 86895, 77870232, 184491]] [577223656.0, [12.666666666666666, 104010, 6246800, 13130, 6246800, 13130]] [9672698976.0, [1270.8333333333333, 1680596, 106001424, 38684, 103508112, 218266]] [1178246558.4, [103.4, 272998, 17356824, 9830, 7767768, 16731]] [566747922981.6003, [630.4750000000001, 95907291, 6138011769, 5340891, 6137123253, 14212794]] [2500942350.4153843, [62.19182692307692, 446687, 28515872, 42055, 25504800, 57136]]
Arch_Param: [64, 8192, 32768, 16, 256, 16]
SK_cost: [54979176998.08, [113703.06333333332, 14471844, 231526076, 254884, 195168956, 366597665]] [24189823836.0, [50991.0, 5333103, 85328280, 86895, 85328280, 169873263]] [578682680.0, [3263.333333333285, 390430, 6246800, 13150, 6246800, 13130]] [30694104344.0, [55755.33333333302, 7106374, 113701904, 38734, 113701904, 210388252]] [3057781636.8, [5426.799999999999, 693254, 11083800, 4918, 10707480, 21364806]] [1745354930872.816, [3553845.675000043, 383626383, 6138011769, 5340891, 6138011769, 12275420379]] [51045352152.0, [105784.00000000015, 13498486, 215889248, 256606, 211742048, 325890064]]
Model_cost: [12074044237.434288, [318.0149404761906, 12767908, 204263100, 517540, 49399997, 120738]] [7567015989.599997, [3786.6000000000013, 5333103, 85328280, 86895, 77870232, 184491]] [578370616.0, [12.666666666666666, 390430, 6246800, 13150, 6246800, 13130]] [9692521128.0, [1270.8333333333333, 6635334, 106001424, 38734, 103508112, 218266]] [762496107.2, [64.2, 542918, 8678424, 5718, 7767768, 16731]] [567898799349.6003, [630.4750000000001, 383626383, 6138011769, 5340891, 6137123253, 14212794]] [2401496279.542857, [53.32857142857143, 1647862, 26354976, 33822, 25504800, 57136]]
Arch_Param: [64, 8192, 32768, 16, 256, 64]
SK_cost: [54979176998.08, [113703.06333333332, 14471844, 231526076, 254884, 195168956, 366597665]] [24189823836.0, [50991.0, 5333103, 85328280, 86895, 85328280, 169873263]] [578682680.0, [3263.333333333285, 390430, 6246800, 13150, 6246800, 13130]] [30694104344.0, [55755.33333333302, 7106374, 113701904, 38734, 113701904, 210388252]] [3057781636.8, [5426.799999999999, 693254, 11083800, 4918, 10707480, 21364806]] [1745354930872.816, [3553845.675000043, 383626383, 6138011769, 5340891, 6138011769, 12275420379]] [51045352152.0, [105784.00000000015, 13498486, 215889248, 256606, 211742048, 325890064]]
Model_cost: [12057431303.034286, [322.61494047619044, 12767908, 204263100, 266788, 49399997, 114850]] [7567015989.599997, [3786.6000000000013, 5333103, 85328280, 86895, 77870232, 184491]] [578370616.0, [12.666666666666666, 390430, 6246800, 13150, 6246800, 13130]] [9692521128.0, [1270.8333333333333, 6635334, 106001424, 38734, 103508112, 218266]] [762463339.2, [64.2, 542918, 8678424, 5206, 7767768, 16731]] [567898799349.6003, [630.4750000000001, 383626383, 6138011769, 5340891, 6137123253, 14212794]] [2401447127.542857, [53.32857142857143, 1647862, 26354976, 33054, 25504800, 57136]]
Arch_Param: [64, 8192, 32768, 16, 256, 128]
SK_cost: [54979176998.08, [113703.06333333332, 14471844, 231526076, 254884, 195168956, 366597665]] [24189823836.0, [50991.0, 5333103, 85328280, 86895, 85328280, 169873263]] [578682680.0, [3263.333333333285, 390430, 6246800, 13150, 6246800, 13130]] [30694104344.0, [55755.33333333302, 7106374, 113701904, 38734, 113701904, 210388252]] [3057781636.8, [5426.799999999999, 693254, 11083800, 4918, 10707480, 21364806]] [1745354930872.816, [3553845.675000043, 383626383, 6138011769, 5340891, 6138011769, 12275420379]] [51045352152.0, [105784.00000000015, 13498486, 215889248, 256606, 211742048, 325890064]]
Model_cost: [12057431303.034286, [322.61494047619044, 12767908, 204263100, 266788, 49399997, 114850]] [7567015989.599997, [3786.6000000000013, 5333103, 85328280, 86895, 77870232, 184491]] [578370616.0, [12.666666666666666, 390430, 6246800, 13150, 6246800, 13130]] [9692521128.0, [1270.8333333333333, 6635334, 106001424, 38734, 103508112, 218266]] [762463339.2, [64.2, 542918, 8678424, 5206, 7767768, 16731]] [567898799349.6003, [630.4750000000001, 383626383, 6138011769, 5340891, 6137123253, 14212794]] [2401447127.542857, [53.32857142857143, 1647862, 26354976, 33054, 25504800, 57136]]
Arch_Param: [64, 8192, 32768, 16, 256, 256]
SK_cost: [54979176998.08, [113703.06333333332, 14471844, 231526076, 254884, 195168956, 366597665]] [24189823836.0, [50991.0, 5333103, 85328280, 86895, 85328280, 169873263]] [578682680.0, [3263.333333333285, 390430, 6246800, 13150, 6246800, 13130]] [30694104344.0, [55755.33333333302, 7106374, 113701904, 38734, 113701904, 210388252]] [3057781636.8, [5426.799999999999, 693254, 11083800, 4918, 10707480, 21364806]] [1745354930872.816, [3553845.675000043, 383626383, 6138011769, 5340891, 6138011769, 12275420379]] [51045352152.0, [105784.00000000015, 13498486, 215889248, 256606, 211742048, 325890064]]
Model_cost: [12057271559.034286, [322.61494047619044, 12767908, 204263100, 264292, 49399997, 114850]] [7567015989.599997, [3786.6000000000013, 5333103, 85328280, 86895, 77870232, 184491]] [578370616.0, [12.666666666666666, 390430, 6246800, 13150, 6246800, 13130]] [9692521128.0, [1270.8333333333333, 6635334, 106001424, 38734, 103508112, 218266]] [762444619.2, [61.2, 542918, 8678424, 4918, 7767768, 16731]] [567898799349.6003, [630.4750000000001, 383626383, 6138011769, 5340891, 6137123253, 14212794]] [2401447127.542857, [53.32857142857143, 1647862, 26354976, 33054, 25504800, 57136]]
Arch_Param: [64, 8192, 32768, 16, 512, 16]
SK_cost: [54950234202.08, [113703.06333333332, 7236193, 231526076, 254881, 195168956, 366597665]] [24179157852.0, [50991.0, 2666607, 85328280, 86895, 85328280, 169873263]] [577901200.0, [3263.333333333285, 195220, 6246800, 13140, 6246800, 13130]] [30679889696.0, [55755.33333333302, 3553192, 113701904, 38704, 113701904, 210388252]] [3056397188.8, [5426.799999999999, 347142, 11083800, 4918, 10707480, 21364806]] [1744587679960.816, [3553845.675000043, 191813655, 6138011769, 5340891, 6138011769, 12275420379]] [51018351404.0, [105784.00000000015, 6749243, 215889248, 256547, 211742048, 325890064]]
Model_cost: [12048509313.434288, [318.0149404761906, 6384225, 204263100, 517537, 49399997, 120738]] [7556350005.599997, [3786.6000000000013, 2666607, 85328280, 86895, 77870232, 184491]] [577589136.0, [12.666666666666666, 195220, 6246800, 13140, 6246800, 13130]] [9679289520.0, [1270.8333333333333, 3327912, 106001424, 38704, 103508112, 218266]] [761412331.2, [64.2, 271974, 8678424, 5718, 7767768, 16731]] [567131548437.6003, [630.4750000000001, 191813655, 6138011769, 5340891, 6137123253, 14212794]] [2398196779.542857, [53.32857142857143, 823931, 26354976, 33763, 25504800, 57136]]
Arch_Param: [64, 8192, 32768, 16, 512, 64]
SK_cost: [54950234202.08, [113703.06333333332, 7236193, 231526076, 254881, 195168956, 366597665]] [24179157852.0, [50991.0, 2666607, 85328280, 86895, 85328280, 169873263]] [577901200.0, [3263.333333333285, 195220, 6246800, 13140, 6246800, 13130]] [30679889696.0, [55755.33333333302, 3553192, 113701904, 38704, 113701904, 210388252]] [3056397188.8, [5426.799999999999, 347142, 11083800, 4918, 10707480, 21364806]] [1744587679960.816, [3553845.675000043, 191813655, 6138011769, 5340891, 6138011769, 12275420379]] [51018351404.0, [105784.00000000015, 6749243, 215889248, 256547, 211742048, 325890064]]
Model_cost: [12031896379.034286, [322.61494047619044, 6384225, 204263100, 266785, 49399997, 114850]] [7556350005.599997, [3786.6000000000013, 2666607, 85328280, 86895, 77870232, 184491]] [577589136.0, [12.666666666666666, 195220, 6246800, 13140, 6246800, 13130]] [9679289520.0, [1270.8333333333333, 3327912, 106001424, 38704, 103508112, 218266]] [761379563.2, [64.2, 271974, 8678424, 5206, 7767768, 16731]] [567131548437.6003, [630.4750000000001, 191813655, 6138011769, 5340891, 6137123253, 14212794]] [2398147627.542857, [53.32857142857143, 823931, 26354976, 32995, 25504800, 57136]]
Arch_Param: [64, 8192, 32768, 16, 512, 128]
SK_cost: [54950234202.08, [113703.06333333332, 7236193, 231526076, 254881, 195168956, 366597665]] [24179157852.0, [50991.0, 2666607, 85328280, 86895, 85328280, 169873263]] [577901200.0, [3263.333333333285, 195220, 6246800, 13140, 6246800, 13130]] [30679889696.0, [55755.33333333302, 3553192, 113701904, 38704, 113701904, 210388252]] [3056397188.8, [5426.799999999999, 347142, 11083800, 4918, 10707480, 21364806]] [1744587679960.816, [3553845.675000043, 191813655, 6138011769, 5340891, 6138011769, 12275420379]] [51018351404.0, [105784.00000000015, 6749243, 215889248, 256547, 211742048, 325890064]]
Model_cost: [12031896379.034286, [322.61494047619044, 6384225, 204263100, 266785, 49399997, 114850]] [7556350005.599997, [3786.6000000000013, 2666607, 85328280, 86895, 77870232, 184491]] [577589136.0, [12.666666666666666, 195220, 6246800, 13140, 6246800, 13130]] [9679289520.0, [1270.8333333333333, 3327912, 106001424, 38704, 103508112, 218266]] [761379563.2, [64.2, 271974, 8678424, 5206, 7767768, 16731]] [567131548437.6003, [630.4750000000001, 191813655, 6138011769, 5340891, 6137123253, 14212794]] [2398147627.542857, [53.32857142857143, 823931, 26354976, 32995, 25504800, 57136]]
Arch_Param: [64, 8192, 32768, 16, 512, 256]
SK_cost: [54950234202.08, [113703.06333333332, 7236193, 231526076, 254881, 195168956, 366597665]] [24179157852.0, [50991.0, 2666607, 85328280, 86895, 85328280, 169873263]] [577901200.0, [3263.333333333285, 195220, 6246800, 13140, 6246800, 13130]] [30679889696.0, [55755.33333333302, 3553192, 113701904, 38704, 113701904, 210388252]] [3056397188.8, [5426.799999999999, 347142, 11083800, 4918, 10707480, 21364806]] [1744587679960.816, [3553845.675000043, 191813655, 6138011769, 5340891, 6138011769, 12275420379]] [51018351404.0, [105784.00000000015, 6749243, 215889248, 256547, 211742048, 325890064]]
Model_cost: [12031736635.034286, [322.61494047619044, 6384225, 204263100, 264289, 49399997, 114850]] [7556350005.599997, [3786.6000000000013, 2666607, 85328280, 86895, 77870232, 184491]] [577589136.0, [12.666666666666666, 195220, 6246800, 13140, 6246800, 13130]] [9679289520.0, [1270.8333333333333, 3327912, 106001424, 38704, 103508112, 218266]] [761360843.2, [61.2, 271974, 8678424, 4918, 7767768, 16731]] [567131548437.6003, [630.4750000000001, 191813655, 6138011769, 5340891, 6137123253, 14212794]] [2398147627.542857, [53.32857142857143, 823931, 26354976, 32995, 25504800, 57136]]
Arch_Param: [64, 8192, 32768, 16, 512, 512]
SK_cost: [54950234202.08, [113703.06333333332, 7236193, 231526076, 254881, 195168956, 366597665]] [24179157852.0, [50991.0, 2666607, 85328280, 86895, 85328280, 169873263]] [577901200.0, [3263.333333333285, 195220, 6246800, 13140, 6246800, 13130]] [30679889696.0, [55755.33333333302, 3553192, 113701904, 38704, 113701904, 210388252]] [3056397188.8, [5426.799999999999, 347142, 11083800, 4918, 10707480, 21364806]] [1744587679960.816, [3553845.675000043, 191813655, 6138011769, 5340891, 6138011769, 12275420379]] [51018351404.0, [105784.00000000015, 6749243, 215889248, 256547, 211742048, 325890064]]
Model_cost: [12031736635.034286, [322.61494047619044, 6384225, 204263100, 264289, 49399997, 114850]] [7556350005.599997, [3786.6000000000013, 2666607, 85328280, 86895, 77870232, 184491]] [577589136.0, [12.666666666666666, 195220, 6246800, 13140, 6246800, 13130]] [9679289520.0, [1270.8333333333333, 3327912, 106001424, 38704, 103508112, 218266]] [761360843.2, [61.2, 271974, 8678424, 4918, 7767768, 16731]] [567131548437.6003, [630.4750000000001, 191813655, 6138011769, 5340891, 6137123253, 14212794]] [2398147627.542857, [53.32857142857143, 823931, 26354976, 32995, 25504800, 57136]]
Arch_Param: [64, 8192, 32768, 16, 1024, 16]
SK_cost: [54935769178.08, [113703.06333333332, 3619937, 231526076, 254881, 195168956, 366597665]] [24173824860.0, [50991.0, 1333359, 85328280, 86895, 85328280, 169873263]] [577535720.0, [3263.333333333285, 104010, 6246800, 13130, 6246800, 13130]] [30672807632.0, [55755.33333333302, 1782996, 113701904, 38684, 113701904, 210388252]] [3055704964.8, [5426.799999999999, 174086, 11083800, 4918, 10707480, 21364806]] [1744204054504.816, [3553845.675000043, 95907291, 6138011769, 5340891, 6138011769, 12275420379]] [51004864444.0, [105784.00000000015, 3377951, 215889248, 256519, 211742048, 325890064]]
Model_cost: [12035795841.434288, [318.0149404761906, 3205857, 204263100, 517537, 49399997, 120738]] [7551017013.599997, [3786.6000000000013, 1333359, 85328280, 86895, 77870232, 184491]] [577223656.0, [12.666666666666666, 104010, 6246800, 13130, 6246800, 13130]] [9672698976.0, [1270.8333333333333, 1680596, 106001424, 38684, 103508112, 218266]] [760870443.2, [64.2, 136502, 8678424, 5718, 7767768, 16731]] [566747922981.6003, [630.4750000000001, 95907291, 6138011769, 5340891, 6137123253, 14212794]] [2396551867.542857, [53.32857142857143, 413151, 26354976, 33735, 25504800, 57136]]
Arch_Param: [64, 8192, 32768, 16, 1024, 64]
SK_cost: [54935769178.08, [113703.06333333332, 3619937, 231526076, 254881, 195168956, 366597665]] [24173824860.0, [50991.0, 1333359, 85328280, 86895, 85328280, 169873263]] [577535720.0, [3263.333333333285, 104010, 6246800, 13130, 6246800, 13130]] [30672807632.0, [55755.33333333302, 1782996, 113701904, 38684, 113701904, 210388252]] [3055704964.8, [5426.799999999999, 174086, 11083800, 4918, 10707480, 21364806]] [1744204054504.816, [3553845.675000043, 95907291, 6138011769, 5340891, 6138011769, 12275420379]] [51004864444.0, [105784.00000000015, 3377951, 215889248, 256519, 211742048, 325890064]]
Model_cost: [12019182907.034286, [322.61494047619044, 3205857, 204263100, 266785, 49399997, 114850]] [7551017013.599997, [3786.6000000000013, 1333359, 85328280, 86895, 77870232, 184491]] [577223656.0, [12.666666666666666, 104010, 6246800, 13130, 6246800, 13130]] [9672698976.0, [1270.8333333333333, 1680596, 106001424, 38684, 103508112, 218266]] [760837675.2, [64.2, 136502, 8678424, 5206, 7767768, 16731]] [566747922981.6003, [630.4750000000001, 95907291, 6138011769, 5340891, 6137123253, 14212794]] [2396499890.4, [55.9, 412383, 26354976, 32967, 25504800, 57136]]
Arch_Param: [64, 8192, 32768, 16, 1024, 128]
SK_cost: [54935769178.08, [113703.06333333332, 3619937, 231526076, 254881, 195168956, 366597665]] [24173824860.0, [50991.0, 1333359, 85328280, 86895, 85328280, 169873263]] [577535720.0, [3263.333333333285, 104010, 6246800, 13130, 6246800, 13130]] [30672807632.0, [55755.33333333302, 1782996, 113701904, 38684, 113701904, 210388252]] [3055704964.8, [5426.799999999999, 174086, 11083800, 4918, 10707480, 21364806]] [1744204054504.816, [3553845.675000043, 95907291, 6138011769, 5340891, 6138011769, 12275420379]] [51004864444.0, [105784.00000000015, 3377951, 215889248, 256519, 211742048, 325890064]]
Model_cost: [12019182907.034286, [322.61494047619044, 3205857, 204263100, 266785, 49399997, 114850]] [7551017013.599997, [3786.6000000000013, 1333359, 85328280, 86895, 77870232, 184491]] [577223656.0, [12.666666666666666, 104010, 6246800, 13130, 6246800, 13130]] [9672698976.0, [1270.8333333333333, 1680596, 106001424, 38684, 103508112, 218266]] [760837675.2, [64.2, 136502, 8678424, 5206, 7767768, 16731]] [566747922981.6003, [630.4750000000001, 95907291, 6138011769, 5340891, 6137123253, 14212794]] [2396499890.4, [55.9, 412383, 26354976, 32967, 25504800, 57136]]
Arch_Param: [64, 8192, 32768, 16, 1024, 256]
SK_cost: [54935769178.08, [113703.06333333332, 3619937, 231526076, 254881, 195168956, 366597665]] [24173824860.0, [50991.0, 1333359, 85328280, 86895, 85328280, 169873263]] [577535720.0, [3263.333333333285, 104010, 6246800, 13130, 6246800, 13130]] [30672807632.0, [55755.33333333302, 1782996, 113701904, 38684, 113701904, 210388252]] [3055704964.8, [5426.799999999999, 174086, 11083800, 4918, 10707480, 21364806]] [1744204054504.816, [3553845.675000043, 95907291, 6138011769, 5340891, 6138011769, 12275420379]] [51004864444.0, [105784.00000000015, 3377951, 215889248, 256519, 211742048, 325890064]]
Model_cost: [12019013261.32, [323.47208333333333, 3203361, 204263100, 264289, 49399997, 114850]] [7551017013.599997, [3786.6000000000013, 1333359, 85328280, 86895, 77870232, 184491]] [577223656.0, [12.666666666666666, 104010, 6246800, 13130, 6246800, 13130]] [9672698976.0, [1270.8333333333333, 1680596, 106001424, 38684, 103508112, 218266]] [760818955.2, [61.2, 136502, 8678424, 4918, 7767768, 16731]] [566747922981.6003, [630.4750000000001, 95907291, 6138011769, 5340891, 6137123253, 14212794]] [2396499890.4, [55.9, 412383, 26354976, 32967, 25504800, 57136]]
Arch_Param: [64, 8192, 32768, 16, 1024, 512]
SK_cost: [54935769178.08, [113703.06333333332, 3619937, 231526076, 254881, 195168956, 366597665]] [24173824860.0, [50991.0, 1333359, 85328280, 86895, 85328280, 169873263]] [577535720.0, [3263.333333333285, 104010, 6246800, 13130, 6246800, 13130]] [30672807632.0, [55755.33333333302, 1782996, 113701904, 38684, 113701904, 210388252]] [3055704964.8, [5426.799999999999, 174086, 11083800, 4918, 10707480, 21364806]] [1744204054504.816, [3553845.675000043, 95907291, 6138011769, 5340891, 6138011769, 12275420379]] [51004864444.0, [105784.00000000015, 3377951, 215889248, 256519, 211742048, 325890064]]
Model_cost: [12019013261.32, [323.47208333333333, 3203361, 204263100, 264289, 49399997, 114850]] [7551017013.599997, [3786.6000000000013, 1333359, 85328280, 86895, 77870232, 184491]] [577223656.0, [12.666666666666666, 104010, 6246800, 13130, 6246800, 13130]] [9672698976.0, [1270.8333333333333, 1680596, 106001424, 38684, 103508112, 218266]] [760818955.2, [61.2, 136502, 8678424, 4918, 7767768, 16731]] [566747922981.6003, [630.4750000000001, 95907291, 6138011769, 5340891, 6137123253, 14212794]] [2396499890.4, [55.9, 412383, 26354976, 32967, 25504800, 57136]]
Arch_Param: [64, 8192, 32768, 32, 256, 16]
SK_cost: [27794689912.0, [57034.58333333334, 7256228, 116083900, 128868, 103639740, 183539233]] [24189823836.0, [50991.0, 5333103, 85328280, 86895, 85328280, 169873263]] [578682680.0, [3263.333333333285, 390430, 6246800, 13150, 6246800, 13130]] [30694104344.0, [55755.33333333302, 7106374, 113701904, 38734, 113701904, 210388252]] [2945561886.4, [5148.4, 657926, 10522648, 4126, 10347032, 20643910]] [1745354930872.816, [3553845.675000043, 383626383, 6138011769, 5340891, 6138011769, 12275420379]] [50414239290.46154, [103467.69230769238, 13222006, 211505504, 228958, 209972576, 322351120]]
Model_cost: [7145205334.428574, [176.7752976190477, 6404260, 102452412, 260388, 49399997, 120738]] [7567015989.599997, [3786.6000000000013, 5333103, 85328280, 86895, 77870232, 184491]] [578370616.0, [12.666666666666666, 390430, 6246800, 13150, 6246800, 13130]] [9692521128.0, [1270.8333333333333, 6635334, 106001424, 38734, 103508112, 218266]] [736453297.6, [47.6, 509030, 8140312, 4526, 7767768, 16731]] [567898799349.6003, [630.4750000000001, 383626383, 6138011769, 5340891, 6137123253, 14212794]] [2374809504.6637363, [50.090247252747254, 1613302, 25807008, 29982, 25504800, 57136]]
Arch_Param: [64, 8192, 32768, 32, 256, 64]
SK_cost: [27794689912.0, [57034.58333333334, 7256228, 116083900, 128868, 103639740, 183539233]] [24189823836.0, [50991.0, 5333103, 85328280, 86895, 85328280, 169873263]] [578682680.0, [3263.333333333285, 390430, 6246800, 13150, 6246800, 13130]] [30694104344.0, [55755.33333333302, 7106374, 113701904, 38734, 113701904, 210388252]] [2945561886.4, [5148.4, 657926, 10522648, 4126, 10347032, 20643910]] [1745354930872.816, [3553845.675000043, 383626383, 6138011769, 5340891, 6138011769, 12275420379]] [50414239290.46154, [103467.69230769238, 13222006, 211505504, 228958, 209972576, 322351120]]
Model_cost: [7136617347.228571, [190.5752976190476, 6404260, 102452412, 135012, 49399997, 114850]] [7567015989.599997, [3786.6000000000013, 5333103, 85328280, 86895, 77870232, 184491]] [578370616.0, [12.666666666666666, 390430, 6246800, 13150, 6246800, 13130]] [9692521128.0, [1270.8333333333333, 6635334, 106001424, 38734, 103508112, 218266]] [736436913.6, [47.6, 509030, 8140312, 4270, 7767768, 16731]] [567898799349.6003, [630.4750000000001, 383626383, 6138011769, 5340891, 6137123253, 14212794]] [2374784928.6637363, [50.090247252747254, 1613302, 25807008, 29598, 25504800, 57136]]
Arch_Param: [64, 8192, 32768, 32, 256, 128]
SK_cost: [27794689912.0, [57034.58333333334, 7256228, 116083900, 128868, 103639740, 183539233]] [24189823836.0, [50991.0, 5333103, 85328280, 86895, 85328280, 169873263]] [578682680.0, [3263.333333333285, 390430, 6246800, 13150, 6246800, 13130]] [30694104344.0, [55755.33333333302, 7106374, 113701904, 38734, 113701904, 210388252]] [2945561886.4, [5148.4, 657926, 10522648, 4126, 10347032, 20643910]] [1745354930872.816, [3553845.675000043, 383626383, 6138011769, 5340891, 6138011769, 12275420379]] [50414239290.46154, [103467.69230769238, 13222006, 211505504, 228958, 209972576, 322351120]]
Model_cost: [7136531331.228571, [190.5752976190476, 6404260, 102452412, 133668, 49399997, 114850]] [7567015989.599997, [3786.6000000000013, 5333103, 85328280, 86895, 77870232, 184491]] [578370616.0, [12.666666666666666, 390430, 6246800, 13150, 6246800, 13130]] [9692521128.0, [1270.8333333333333, 6635334, 106001424, 38734, 103508112, 218266]] [736427601.6, [46.6, 509030, 8140312, 4126, 7767768, 16731]] [567898799349.6003, [630.4750000000001, 383626383, 6138011769, 5340891, 6137123253, 14212794]] [2374784928.6637363, [50.090247252747254, 1613302, 25807008, 29598, 25504800, 57136]]
Arch_Param: [64, 8192, 32768, 32, 256, 256]
SK_cost: [27794689912.0, [57034.58333333334, 7256228, 116083900, 128868, 103639740, 183539233]] [24189823836.0, [50991.0, 5333103, 85328280, 86895, 85328280, 169873263]] [578682680.0, [3263.333333333285, 390430, 6246800, 13150, 6246800, 13130]] [30694104344.0, [55755.33333333302, 7106374, 113701904, 38734, 113701904, 210388252]] [2945561886.4, [5148.4, 657926, 10522648, 4126, 10347032, 20643910]] [1745354930872.816, [3553845.675000043, 383626383, 6138011769, 5340891, 6138011769, 12275420379]] [50414239290.46154, [103467.69230769238, 13222006, 211505504, 228958, 209972576, 322351120]]
Model_cost: [7136531331.228571, [190.5752976190476, 6404260, 102452412, 133668, 49399997, 114850]] [7567015989.599997, [3786.6000000000013, 5333103, 85328280, 86895, 77870232, 184491]] [578370616.0, [12.666666666666666, 390430, 6246800, 13150, 6246800, 13130]] [9692521128.0, [1270.8333333333333, 6635334, 106001424, 38734, 103508112, 218266]] [736427601.6, [46.6, 509030, 8140312, 4126, 7767768, 16731]] [567898799349.6003, [630.4750000000001, 383626383, 6138011769, 5340891, 6137123253, 14212794]] [2374784928.6637363, [50.090247252747254, 1613302, 25807008, 29598, 25504800, 57136]]
Arch_Param: [64, 8192, 32768, 32, 512, 16]
SK_cost: [27780178348.0, [57034.58333333334, 3628385, 116083900, 128865, 103639740, 183539233]] [24179157852.0, [50991.0, 2666607, 85328280, 86895, 85328280, 169873263]] [577901200.0, [3263.333333333285, 195220, 6246800, 13140, 6246800, 13130]] [30679889696.0, [55755.33333333302, 3553192, 113701904, 38704, 113701904, 210388252]] [2944247070.4, [5148.4, 329222, 10522648, 4126, 10347032, 20643910]] [1744587679960.816, [3553845.675000043, 191813655, 6138011769, 5340891, 6138011769, 12275420379]] [50387791502.46154, [103467.69230769238, 6611003, 211505504, 228899, 209972576, 322351120]]
Model_cost: [7132397706.428574, [176.7752976190477, 3202401, 102452412, 260385, 49399997, 120738]] [7556350005.599997, [3786.6000000000013, 2666607, 85328280, 86895, 77870232, 184491]] [577589136.0, [12.666666666666666, 195220, 6246800, 13140, 6246800, 13130]] [9679289520.0, [1270.8333333333333, 3327912, 106001424, 38704, 103508112, 218266]] [735436273.6, [47.6, 254774, 8140312, 4526, 7767768, 16731]] [567131548437.6003, [630.4750000000001, 191813655, 6138011769, 5340891, 6137123253, 14212794]] [2371579124.6637363, [50.090247252747254, 806651, 25807008, 29923, 25504800, 57136]]
Arch_Param: [64, 8192, 32768, 32, 512, 64]
SK_cost: [27780178348.0, [57034.58333333334, 3628385, 116083900, 128865, 103639740, 183539233]] [24179157852.0, [50991.0, 2666607, 85328280, 86895, 85328280, 169873263]] [577901200.0, [3263.333333333285, 195220, 6246800, 13140, 6246800, 13130]] [30679889696.0, [55755.33333333302, 3553192, 113701904, 38704, 113701904, 210388252]] [2944247070.4, [5148.4, 329222, 10522648, 4126, 10347032, 20643910]] [1744587679960.816, [3553845.675000043, 191813655, 6138011769, 5340891, 6138011769, 12275420379]] [50387791502.46154, [103467.69230769238, 6611003, 211505504, 228899, 209972576, 322351120]]
Model_cost: [7123809719.228571, [190.5752976190476, 3202401, 102452412, 135009, 49399997, 114850]] [7556350005.599997, [3786.6000000000013, 2666607, 85328280, 86895, 77870232, 184491]] [577589136.0, [12.666666666666666, 195220, 6246800, 13140, 6246800, 13130]] [9679289520.0, [1270.8333333333333, 3327912, 106001424, 38704, 103508112, 218266]] [735419889.6, [47.6, 254774, 8140312, 4270, 7767768, 16731]] [567131548437.6003, [630.4750000000001, 191813655, 6138011769, 5340891, 6137123253, 14212794]] [2371554548.6637363, [50.090247252747254, 806651, 25807008, 29539, 25504800, 57136]]
Arch_Param: [64, 8192, 32768, 32, 512, 128]
SK_cost: [27780178348.0, [57034.58333333334, 3628385, 116083900, 128865, 103639740, 183539233]] [24179157852.0, [50991.0, 2666607, 85328280, 86895, 85328280, 169873263]] [577901200.0, [3263.333333333285, 195220, 6246800, 13140, 6246800, 13130]] [30679889696.0, [55755.33333333302, 3553192, 113701904, 38704, 113701904, 210388252]] [2944247070.4, [5148.4, 329222, 10522648, 4126, 10347032, 20643910]] [1744587679960.816, [3553845.675000043, 191813655, 6138011769, 5340891, 6138011769, 12275420379]] [50387791502.46154, [103467.69230769238, 6611003, 211505504, 228899, 209972576, 322351120]]
Model_cost: [7123723703.228571, [190.5752976190476, 3202401, 102452412, 133665, 49399997, 114850]] [7556350005.599997, [3786.6000000000013, 2666607, 85328280, 86895, 77870232, 184491]] [577589136.0, [12.666666666666666, 195220, 6246800, 13140, 6246800, 13130]] [9679289520.0, [1270.8333333333333, 3327912, 106001424, 38704, 103508112, 218266]] [735410577.6, [46.6, 254774, 8140312, 4126, 7767768, 16731]] [567131548437.6003, [630.4750000000001, 191813655, 6138011769, 5340891, 6137123253, 14212794]] [2371554548.6637363, [50.090247252747254, 806651, 25807008, 29539, 25504800, 57136]]
Arch_Param: [64, 8192, 32768, 32, 512, 256]
SK_cost: [27780178348.0, [57034.58333333334, 3628385, 116083900, 128865, 103639740, 183539233]] [24179157852.0, [50991.0, 2666607, 85328280, 86895, 85328280, 169873263]] [577901200.0, [3263.333333333285, 195220, 6246800, 13140, 6246800, 13130]] [30679889696.0, [55755.33333333302, 3553192, 113701904, 38704, 113701904, 210388252]] [2944247070.4, [5148.4, 329222, 10522648, 4126, 10347032, 20643910]] [1744587679960.816, [3553845.675000043, 191813655, 6138011769, 5340891, 6138011769, 12275420379]] [50387791502.46154, [103467.69230769238, 6611003, 211505504, 228899, 209972576, 322351120]]
Model_cost: [7123723703.228571, [190.5752976190476, 3202401, 102452412, 133665, 49399997, 114850]] [7556350005.599997, [3786.6000000000013, 2666607, 85328280, 86895, 77870232, 184491]] [577589136.0, [12.666666666666666, 195220, 6246800, 13140, 6246800, 13130]] [9679289520.0, [1270.8333333333333, 3327912, 106001424, 38704, 103508112, 218266]] [735410577.6, [46.6, 254774, 8140312, 4126, 7767768, 16731]] [567131548437.6003, [630.4750000000001, 191813655, 6138011769, 5340891, 6137123253, 14212794]] [2371554548.6637363, [50.090247252747254, 806651, 25807008, 29539, 25504800, 57136]]
Arch_Param: [64, 8192, 32768, 32, 512, 512]
SK_cost: [27780178348.0, [57034.58333333334, 3628385, 116083900, 128865, 103639740, 183539233]] [24179157852.0, [50991.0, 2666607, 85328280, 86895, 85328280, 169873263]] [577901200.0, [3263.333333333285, 195220, 6246800, 13140, 6246800, 13130]] [30679889696.0, [55755.33333333302, 3553192, 113701904, 38704, 113701904, 210388252]] [2944247070.4, [5148.4, 329222, 10522648, 4126, 10347032, 20643910]] [1744587679960.816, [3553845.675000043, 191813655, 6138011769, 5340891, 6138011769, 12275420379]] [50387791502.46154, [103467.69230769238, 6611003, 211505504, 228899, 209972576, 322351120]]
Model_cost: [7123416503.228571, [190.5752976190476, 3202401, 102452412, 128865, 49399997, 114850]] [7556350005.599997, [3786.6000000000013, 2666607, 85328280, 86895, 77870232, 184491]] [577589136.0, [12.666666666666666, 195220, 6246800, 13140, 6246800, 13130]] [9679289520.0, [1270.8333333333333, 3327912, 106001424, 38704, 103508112, 218266]] [735410577.6, [46.6, 254774, 8140312, 4126, 7767768, 16731]] [567131548437.6003, [630.4750000000001, 191813655, 6138011769, 5340891, 6137123253, 14212794]] [2371554548.6637363, [50.090247252747254, 806651, 25807008, 29539, 25504800, 57136]]
Arch_Param: [64, 8192, 32768, 32, 1024, 16]
SK_cost: [27772925868.0, [57034.58333333334, 1815265, 116083900, 128865, 103639740, 183539233]] [24173824860.0, [50991.0, 1333359, 85328280, 86895, 85328280, 169873263]] [577535720.0, [3263.333333333285, 104010, 6246800, 13130, 6246800, 13130]] [30672807632.0, [55755.33333333302, 1782996, 113701904, 38684, 113701904, 210388252]] [2943589662.4, [5148.4, 164870, 10522648, 4126, 10347032, 20643910]] [1744204054504.816, [3553845.675000043, 95907291, 6138011769, 5340891, 6138011769, 12275420379]] [50374574878.46154, [103467.69230769238, 3307295, 211505504, 228871, 209972576, 322351120]]
Model_cost: [7126021770.428574, [176.7752976190477, 1608417, 102452412, 260385, 49399997, 120738]] [7551017013.599997, [3786.6000000000013, 1333359, 85328280, 86895, 77870232, 184491]] [577223656.0, [12.666666666666666, 104010, 6246800, 13130, 6246800, 13130]] [9672698976.0, [1270.8333333333333, 1680596, 106001424, 38684, 103508112, 218266]] [734927761.6, [47.6, 127646, 8140312, 4526, 7767768, 16731]] [566747922981.6003, [630.4750000000001, 95907291, 6138011769, 5340891, 6137123253, 14212794]] [2369966468.6637363, [50.090247252747254, 403935, 25807008, 29895, 25504800, 57136]]
Arch_Param: [64, 8192, 32768, 32, 1024, 64]
SK_cost: [27772925868.0, [57034.58333333334, 1815265, 116083900, 128865, 103639740, 183539233]] [24173824860.0, [50991.0, 1333359, 85328280, 86895, 85328280, 169873263]] [577535720.0, [3263.333333333285, 104010, 6246800, 13130, 6246800, 13130]] [30672807632.0, [55755.33333333302, 1782996, 113701904, 38684, 113701904, 210388252]] [2943589662.4, [5148.4, 164870, 10522648, 4126, 10347032, 20643910]] [1744204054504.816, [3553845.675000043, 95907291, 6138011769, 5340891, 6138011769, 12275420379]] [50374574878.46154, [103467.69230769238, 3307295, 211505504, 228871, 209972576, 322351120]]
Model_cost: [7117433783.228571, [190.5752976190476, 1608417, 102452412, 135009, 49399997, 114850]] [7551017013.599997, [3786.6000000000013, 1333359, 85328280, 86895, 77870232, 184491]] [577223656.0, [12.666666666666666, 104010, 6246800, 13130, 6246800, 13130]] [9672698976.0, [1270.8333333333333, 1680596, 106001424, 38684, 103508112, 218266]] [734911377.6, [47.6, 127646, 8140312, 4270, 7767768, 16731]] [566747922981.6003, [630.4750000000001, 95907291, 6138011769, 5340891, 6137123253, 14212794]] [2369940480.0923076, [51.37596153846154, 403551, 25807008, 29511, 25504800, 57136]]
Arch_Param: [64, 8192, 32768, 32, 1024, 128]
SK_cost: [27772925868.0, [57034.58333333334, 1815265, 116083900, 128865, 103639740, 183539233]] [24173824860.0, [50991.0, 1333359, 85328280, 86895, 85328280, 169873263]] [577535720.0, [3263.333333333285, 104010, 6246800, 13130, 6246800, 13130]] [30672807632.0, [55755.33333333302, 1782996, 113701904, 38684, 113701904, 210388252]] [2943589662.4, [5148.4, 164870, 10522648, 4126, 10347032, 20643910]] [1744204054504.816, [3553845.675000043, 95907291, 6138011769, 5340891, 6138011769, 12275420379]] [50374574878.46154, [103467.69230769238, 3307295, 211505504, 228871, 209972576, 322351120]]
Model_cost: [7117342391.228571, [190.5752976190476, 1607073, 102452412, 133665, 49399997, 114850]] [7551017013.599997, [3786.6000000000013, 1333359, 85328280, 86895, 77870232, 184491]] [577223656.0, [12.666666666666666, 104010, 6246800, 13130, 6246800, 13130]] [9672698976.0, [1270.8333333333333, 1680596, 106001424, 38684, 103508112, 218266]] [734902065.6, [46.6, 127646, 8140312, 4126, 7767768, 16731]] [566747922981.6003, [630.4750000000001, 95907291, 6138011769, 5340891, 6137123253, 14212794]] [2369940480.0923076, [51.37596153846154, 403551, 25807008, 29511, 25504800, 57136]]
Arch_Param: [64, 8192, 32768, 32, 1024, 256]
SK_cost: [27772925868.0, [57034.58333333334, 1815265, 116083900, 128865, 103639740, 183539233]] [24173824860.0, [50991.0, 1333359, 85328280, 86895, 85328280, 169873263]] [577535720.0, [3263.333333333285, 104010, 6246800, 13130, 6246800, 13130]] [30672807632.0, [55755.33333333302, 1782996, 113701904, 38684, 113701904, 210388252]] [2943589662.4, [5148.4, 164870, 10522648, 4126, 10347032, 20643910]] [1744204054504.816, [3553845.675000043, 95907291, 6138011769, 5340891, 6138011769, 12275420379]] [50374574878.46154, [103467.69230769238, 3307295, 211505504, 228871, 209972576, 322351120]]
Model_cost: [7117342391.228571, [190.5752976190476, 1607073, 102452412, 133665, 49399997, 114850]] [7551017013.599997, [3786.6000000000013, 1333359, 85328280, 86895, 77870232, 184491]] [577223656.0, [12.666666666666666, 104010, 6246800, 13130, 6246800, 13130]] [9672698976.0, [1270.8333333333333, 1680596, 106001424, 38684, 103508112, 218266]] [734902065.6, [46.6, 127646, 8140312, 4126, 7767768, 16731]] [566747922981.6003, [630.4750000000001, 95907291, 6138011769, 5340891, 6137123253, 14212794]] [2369940480.0923076, [51.37596153846154, 403551, 25807008, 29511, 25504800, 57136]]
Arch_Param: [64, 8192, 32768, 32, 1024, 512]
SK_cost: [27772925868.0, [57034.58333333334, 1815265, 116083900, 128865, 103639740, 183539233]] [24173824860.0, [50991.0, 1333359, 85328280, 86895, 85328280, 169873263]] [577535720.0, [3263.333333333285, 104010, 6246800, 13130, 6246800, 13130]] [30672807632.0, [55755.33333333302, 1782996, 113701904, 38684, 113701904, 210388252]] [2943589662.4, [5148.4, 164870, 10522648, 4126, 10347032, 20643910]] [1744204054504.816, [3553845.675000043, 95907291, 6138011769, 5340891, 6138011769, 12275420379]] [50374574878.46154, [103467.69230769238, 3307295, 211505504, 228871, 209972576, 322351120]]
Model_cost: [7117016155.8, [192.28958333333333, 1602273, 102452412, 128865, 49399997, 114850]] [7551017013.599997, [3786.6000000000013, 1333359, 85328280, 86895, 77870232, 184491]] [577223656.0, [12.666666666666666, 104010, 6246800, 13130, 6246800, 13130]] [9672698976.0, [1270.8333333333333, 1680596, 106001424, 38684, 103508112, 218266]] [734902065.6, [46.6, 127646, 8140312, 4126, 7767768, 16731]] [566747922981.6003, [630.4750000000001, 95907291, 6138011769, 5340891, 6137123253, 14212794]] [2369940480.0923076, [51.37596153846154, 403551, 25807008, 29511, 25504800, 57136]]
Arch_Param: [64, 8192, 16384, 4, 256, 16]
SK_cost: [178865172710.48648, [760265.0675675676, 47352356, 757567868, 845252, 612137660, 1200535073]] [24194708316.0, [101871.0, 5333103, 85328280, 86895, 85328280, 169873263]] [578995000.0, [6516.66666666657, 390430, 6246800, 13150, 6246800, 13130]] [30699471320.0, [111661.33333333023, 7106374, 113701904, 38734, 113701904, 210388252]] [12229906104.0, [43782.0, 2772998, 44335128, 19654, 42754584, 85459014]] [1745696084793.5774, [7107532.350000086, 383626383, 6138011769, 5340891, 6138011769, 12275420379]] [61928111576.0, [281557.3333333333, 17442934, 278760800, 474718, 244870496, 392146960]]
Model_cost: [34572104453.35135, [1911.9307432432433, 41814564, 668963196, 1706852, 49399997, 120738]] [7567369308.0, [7467.0, 5333103, 85328280, 86895, 77870232, 184491]] [578370872.0, [15.333333333333332, 390430, 6246800, 13150, 6246800, 13130]] [9692640248.0, [2511.6666666666665, 6635334, 106001424, 38734, 103508112, 218266]] [2024252792.0, [395.0, 2171654, 34713624, 87366, 7767768, 19803]] [567898845321.5999, [1109.3500000000001, 383626383, 6138011769, 5340891, 6137123253, 14212794]] [2716419878.0, [144.8125, 2054902, 32837664, 66910, 25504800, 57136]]
Arch_Param: [64, 8192, 16384, 4, 256, 64]
SK_cost: [178865172710.48648, [760265.0675675676, 47352356, 757567868, 845252, 612137660, 1200535073]] [24194708316.0, [101871.0, 5333103, 85328280, 86895, 85328280, 169873263]] [578995000.0, [6516.66666666657, 390430, 6246800, 13150, 6246800, 13130]] [30699471320.0, [111661.33333333023, 7106374, 113701904, 38734, 113701904, 210388252]] [12229906104.0, [43782.0, 2772998, 44335128, 19654, 42754584, 85459014]] [1745696084793.5774, [7107532.350000086, 383626383, 6138011769, 5340891, 6138011769, 12275420379]] [61928111576.0, [281557.3333333333, 17442934, 278760800, 474718, 244870496, 392146960]]
Model_cost: [34572104453.35135, [1911.9307432432433, 41814564, 668963196, 1706852, 49399997, 120738]] [7567369308.0, [7467.0, 5333103, 85328280, 86895, 77870232, 184491]] [578370872.0, [15.333333333333332, 390430, 6246800, 13150, 6246800, 13130]] [9692640248.0, [2511.6666666666665, 6635334, 106001424, 38734, 103508112, 218266]] [2019825656.0, [359.0, 2171654, 34713624, 22854, 7767768, 16731]] [567898845321.5999, [1109.3500000000001, 383626383, 6138011769, 5340891, 6137123253, 14212794]] [2716157350.0, [140.8125, 2054902, 32837664, 62814, 25504800, 57136]]
Arch_Param: [64, 8192, 16384, 4, 256, 128]
SK_cost: [178865172710.48648, [760265.0675675676, 47352356, 757567868, 845252, 612137660, 1200535073]] [24194708316.0, [101871.0, 5333103, 85328280, 86895, 85328280, 169873263]] [578995000.0, [6516.66666666657, 390430, 6246800, 13150, 6246800, 13130]] [30699471320.0, [111661.33333333023, 7106374, 113701904, 38734, 113701904, 210388252]] [12229906104.0, [43782.0, 2772998, 44335128, 19654, 42754584, 85459014]] [1745696084793.5774, [7107532.350000086, 383626383, 6138011769, 5340891, 6138011769, 12275420379]] [61928111576.0, [281557.3333333333, 17442934, 278760800, 474718, 244870496, 392146960]]
Model_cost: [34572104453.35135, [1911.9307432432433, 41814564, 668963196, 1706852, 49399997, 120738]] [7567369308.0, [7467.0, 5333103, 85328280, 86895, 77870232, 184491]] [578370872.0, [15.333333333333332, 390430, 6246800, 13150, 6246800, 13130]] [9692640248.0, [2511.6666666666665, 6635334, 106001424, 38734, 103508112, 218266]] [2019825656.0, [359.0, 2171654, 34713624, 22854, 7767768, 16731]] [567898845321.5999, [1109.3500000000001, 383626383, 6138011769, 5340891, 6137123253, 14212794]] [2716157350.0, [140.8125, 2054902, 32837664, 62814, 25504800, 57136]]
Arch_Param: [64, 8192, 16384, 4, 256, 256]
SK_cost: [178865172710.48648, [760265.0675675676, 47352356, 757567868, 845252, 612137660, 1200535073]] [24194708316.0, [101871.0, 5333103, 85328280, 86895, 85328280, 169873263]] [578995000.0, [6516.66666666657, 390430, 6246800, 13150, 6246800, 13130]] [30699471320.0, [111661.33333333023, 7106374, 113701904, 38734, 113701904, 210388252]] [12229906104.0, [43782.0, 2772998, 44335128, 19654, 42754584, 85459014]] [1745696084793.5774, [7107532.350000086, 383626383, 6138011769, 5340891, 6138011769, 12275420379]] [61928111576.0, [281557.3333333333, 17442934, 278760800, 474718, 244870496, 392146960]]
Model_cost: [34519382789.35135, [1911.9307432432433, 41814564, 668963196, 891908, 49399997, 114850]] [7567369308.0, [7467.0, 5333103, 85328280, 86895, 77870232, 184491]] [578370872.0, [15.333333333333332, 390430, 6246800, 13150, 6246800, 13130]] [9692640248.0, [2511.6666666666665, 6635334, 106001424, 38734, 103508112, 218266]] [2019694584.0, [359.0, 2171654, 34713624, 20806, 7767768, 16731]] [567898845321.5999, [1109.3500000000001, 383626383, 6138011769, 5340891, 6137123253, 14212794]] [2715997606.0, [140.8125, 2054902, 32837664, 60318, 25504800, 57136]]
Arch_Param: [64, 8192, 16384, 4, 512, 16]
SK_cost: [178770468890.48648, [760265.0675675676, 23676449, 757567868, 845249, 612137660, 1200535073]] [24184042332.0, [101871.0, 2666607, 85328280, 86895, 85328280, 169873263]] [578213520.0, [6516.66666666657, 195220, 6246800, 13140, 6246800, 13130]] [30685256672.0, [111661.33333333023, 3553192, 113701904, 38704, 113701904, 210388252]] [12224368312.0, [43782.0, 1388550, 44335128, 19654, 42754584, 85459014]] [1744928833881.5774, [7107532.350000086, 191813655, 6138011769, 5340891, 6138011769, 12275420379]] [61893221932.0, [281557.3333333333, 8721467, 278760800, 474659, 244870496, 392146960]]
Model_cost: [34488476217.35135, [1911.9307432432433, 20907553, 668963196, 1706849, 49399997, 120738]] [7556703324.0, [7467.0, 2666607, 85328280, 86895, 77870232, 184491]] [577589392.0, [15.333333333333332, 195220, 6246800, 13140, 6246800, 13130]] [9679408640.0, [2511.6666666666665, 3327912, 106001424, 38704, 103508112, 218266]] [2019917688.0, [395.0, 1087878, 34713624, 87366, 7767768, 19803]] [567131594409.5999, [1109.3500000000001, 191813655, 6138011769, 5340891, 6137123253, 14212794]] [2712306298.0, [144.8125, 1027451, 32837664, 66851, 25504800, 57136]]
Arch_Param: [64, 8192, 16384, 4, 512, 64]
SK_cost: [178770468890.48648, [760265.0675675676, 23676449, 757567868, 845249, 612137660, 1200535073]] [24184042332.0, [101871.0, 2666607, 85328280, 86895, 85328280, 169873263]] [578213520.0, [6516.66666666657, 195220, 6246800, 13140, 6246800, 13130]] [30685256672.0, [111661.33333333023, 3553192, 113701904, 38704, 113701904, 210388252]] [12224368312.0, [43782.0, 1388550, 44335128, 19654, 42754584, 85459014]] [1744928833881.5774, [7107532.350000086, 191813655, 6138011769, 5340891, 6138011769, 12275420379]] [61893221932.0, [281557.3333333333, 8721467, 278760800, 474659, 244870496, 392146960]]
Model_cost: [34488476217.35135, [1911.9307432432433, 20907553, 668963196, 1706849, 49399997, 120738]] [7556703324.0, [7467.0, 2666607, 85328280, 86895, 77870232, 184491]] [577589392.0, [15.333333333333332, 195220, 6246800, 13140, 6246800, 13130]] [9679408640.0, [2511.6666666666665, 3327912, 106001424, 38704, 103508112, 218266]] [2015490552.0, [359.0, 1087878, 34713624, 22854, 7767768, 16731]] [567131594409.5999, [1109.3500000000001, 191813655, 6138011769, 5340891, 6137123253, 14212794]] [2712043770.0, [140.8125, 1027451, 32837664, 62755, 25504800, 57136]]
Arch_Param: [64, 8192, 16384, 4, 512, 128]
SK_cost: [178770468890.48648, [760265.0675675676, 23676449, 757567868, 845249, 612137660, 1200535073]] [24184042332.0, [101871.0, 2666607, 85328280, 86895, 85328280, 169873263]] [578213520.0, [6516.66666666657, 195220, 6246800, 13140, 6246800, 13130]] [30685256672.0, [111661.33333333023, 3553192, 113701904, 38704, 113701904, 210388252]] [12224368312.0, [43782.0, 1388550, 44335128, 19654, 42754584, 85459014]] [1744928833881.5774, [7107532.350000086, 191813655, 6138011769, 5340891, 6138011769, 12275420379]] [61893221932.0, [281557.3333333333, 8721467, 278760800, 474659, 244870496, 392146960]]
Model_cost: [34488476217.35135, [1911.9307432432433, 20907553, 668963196, 1706849, 49399997, 120738]] [7556703324.0, [7467.0, 2666607, 85328280, 86895, 77870232, 184491]] [577589392.0, [15.333333333333332, 195220, 6246800, 13140, 6246800, 13130]] [9679408640.0, [2511.6666666666665, 3327912, 106001424, 38704, 103508112, 218266]] [2015490552.0, [359.0, 1087878, 34713624, 22854, 7767768, 16731]] [567131594409.5999, [1109.3500000000001, 191813655, 6138011769, 5340891, 6137123253, 14212794]] [2712043770.0, [140.8125, 1027451, 32837664, 62755, 25504800, 57136]]
Arch_Param: [64, 8192, 16384, 4, 512, 256]
SK_cost: [178770468890.48648, [760265.0675675676, 23676449, 757567868, 845249, 612137660, 1200535073]] [24184042332.0, [101871.0, 2666607, 85328280, 86895, 85328280, 169873263]] [578213520.0, [6516.66666666657, 195220, 6246800, 13140, 6246800, 13130]] [30685256672.0, [111661.33333333023, 3553192, 113701904, 38704, 113701904, 210388252]] [12224368312.0, [43782.0, 1388550, 44335128, 19654, 42754584, 85459014]] [1744928833881.5774, [7107532.350000086, 191813655, 6138011769, 5340891, 6138011769, 12275420379]] [61893221932.0, [281557.3333333333, 8721467, 278760800, 474659, 244870496, 392146960]]
Model_cost: [34435754553.35135, [1911.9307432432433, 20907553, 668963196, 891905, 49399997, 114850]] [7556703324.0, [7467.0, 2666607, 85328280, 86895, 77870232, 184491]] [577589392.0, [15.333333333333332, 195220, 6246800, 13140, 6246800, 13130]] [9679408640.0, [2511.6666666666665, 3327912, 106001424, 38704, 103508112, 218266]] [2015359480.0, [359.0, 1087878, 34713624, 20806, 7767768, 16731]] [567131594409.5999, [1109.3500000000001, 191813655, 6138011769, 5340891, 6137123253, 14212794]] [2711884026.0, [140.8125, 1027451, 32837664, 60259, 25504800, 57136]]
Arch_Param: [64, 8192, 16384, 4, 512, 512]
SK_cost: [178770468890.48648, [760265.0675675676, 23676449, 757567868, 845249, 612137660, 1200535073]] [24184042332.0, [101871.0, 2666607, 85328280, 86895, 85328280, 169873263]] [578213520.0, [6516.66666666657, 195220, 6246800, 13140, 6246800, 13130]] [30685256672.0, [111661.33333333023, 3553192, 113701904, 38704, 113701904, 210388252]] [12224368312.0, [43782.0, 1388550, 44335128, 19654, 42754584, 85459014]] [1744928833881.5774, [7107532.350000086, 191813655, 6138011769, 5340891, 6138011769, 12275420379]] [61893221932.0, [281557.3333333333, 8721467, 278760800, 474659, 244870496, 392146960]]
Model_cost: [34435754553.35135, [1911.9307432432433, 20907553, 668963196, 891905, 49399997, 114850]] [7556703324.0, [7467.0, 2666607, 85328280, 86895, 77870232, 184491]] [577589392.0, [15.333333333333332, 195220, 6246800, 13140, 6246800, 13130]] [9679408640.0, [2511.6666666666665, 3327912, 106001424, 38704, 103508112, 218266]] [2015359480.0, [359.0, 1087878, 34713624, 20806, 7767768, 16731]] [567131594409.5999, [1109.3500000000001, 191813655, 6138011769, 5340891, 6137123253, 14212794]] [2711884026.0, [140.8125, 1027451, 32837664, 60259, 25504800, 57136]]
Arch_Param: [64, 8192, 16384, 4, 1024, 16]
SK_cost: [178723141914.48648, [760265.0675675676, 11844705, 757567868, 845249, 612137660, 1200535073]] [24178709340.0, [101871.0, 1333359, 85328280, 86895, 85328280, 169873263]] [577848040.0, [6516.66666666657, 104010, 6246800, 13130, 6246800, 13130]] [30678174608.0, [111661.33333333023, 1782996, 113701904, 38684, 113701904, 210388252]] [12221599416.0, [43782.0, 696326, 44335128, 19654, 42754584, 85459014]] [1744545208425.5774, [7107532.350000086, 95907291, 6138011769, 5340891, 6138011769, 12275420379]] [61875827388.0, [281557.3333333333, 4373279, 278760800, 474631, 244870496, 392146960]]
Model_cost: [34446873657.35135, [1911.9307432432433, 10506913, 668963196, 1706849, 49399997, 120738]] [7551370332.0, [7467.0, 1333359, 85328280, 86895, 77870232, 184491]] [577223912.0, [15.333333333333332, 104010, 6246800, 13130, 6246800, 13130]] [9672818096.0, [2511.6666666666665, 1680596, 106001424, 38684, 103508112, 218266]] [2017750136.0, [395.0, 545990, 34713624, 87366, 7767768, 19803]] [566747968953.5999, [1109.3500000000001, 95907291, 6138011769, 5340891, 6137123253, 14212794]] [2710265866.0, [144.8125, 517791, 32837664, 66823, 25504800, 57136]]
Arch_Param: [64, 8192, 16384, 4, 1024, 64]
SK_cost: [178723141914.48648, [760265.0675675676, 11844705, 757567868, 845249, 612137660, 1200535073]] [24178709340.0, [101871.0, 1333359, 85328280, 86895, 85328280, 169873263]] [577848040.0, [6516.66666666657, 104010, 6246800, 13130, 6246800, 13130]] [30678174608.0, [111661.33333333023, 1782996, 113701904, 38684, 113701904, 210388252]] [12221599416.0, [43782.0, 696326, 44335128, 19654, 42754584, 85459014]] [1744545208425.5774, [7107532.350000086, 95907291, 6138011769, 5340891, 6138011769, 12275420379]] [61875827388.0, [281557.3333333333, 4373279, 278760800, 474631, 244870496, 392146960]]
Model_cost: [34446873657.35135, [1911.9307432432433, 10506913, 668963196, 1706849, 49399997, 120738]] [7551370332.0, [7467.0, 1333359, 85328280, 86895, 77870232, 184491]] [577223912.0, [15.333333333333332, 104010, 6246800, 13130, 6246800, 13130]] [9672818096.0, [2511.6666666666665, 1680596, 106001424, 38684, 103508112, 218266]] [2013323000.0, [359.0, 545990, 34713624, 22854, 7767768, 16731]] [566747968953.5999, [1109.3500000000001, 95907291, 6138011769, 5340891, 6137123253, 14212794]] [2710003338.0, [140.8125, 517791, 32837664, 62727, 25504800, 57136]]
Arch_Param: [64, 8192, 16384, 4, 1024, 128]
SK_cost: [178723141914.48648, [760265.0675675676, 11844705, 757567868, 845249, 612137660, 1200535073]] [24178709340.0, [101871.0, 1333359, 85328280, 86895, 85328280, 169873263]] [577848040.0, [6516.66666666657, 104010, 6246800, 13130, 6246800, 13130]] [30678174608.0, [111661.33333333023, 1782996, 113701904, 38684, 113701904, 210388252]] [12221599416.0, [43782.0, 696326, 44335128, 19654, 42754584, 85459014]] [1744545208425.5774, [7107532.350000086, 95907291, 6138011769, 5340891, 6138011769, 12275420379]] [61875827388.0, [281557.3333333333, 4373279, 278760800, 474631, 244870496, 392146960]]
Model_cost: [34446873657.35135, [1911.9307432432433, 10506913, 668963196, 1706849, 49399997, 120738]] [7551370332.0, [7467.0, 1333359, 85328280, 86895, 77870232, 184491]] [577223912.0, [15.333333333333332, 104010, 6246800, 13130, 6246800, 13130]] [9672818096.0, [2511.6666666666665, 1680596, 106001424, 38684, 103508112, 218266]] [2013323000.0, [359.0, 545990, 34713624, 22854, 7767768, 16731]] [566747968953.5999, [1109.3500000000001, 95907291, 6138011769, 5340891, 6137123253, 14212794]] [2710003338.0, [140.8125, 517791, 32837664, 62727, 25504800, 57136]]
Arch_Param: [64, 8192, 16384, 4, 1024, 256]
SK_cost: [178723141914.48648, [760265.0675675676, 11844705, 757567868, 845249, 612137660, 1200535073]] [24178709340.0, [101871.0, 1333359, 85328280, 86895, 85328280, 169873263]] [577848040.0, [6516.66666666657, 104010, 6246800, 13130, 6246800, 13130]] [30678174608.0, [111661.33333333023, 1782996, 113701904, 38684, 113701904, 210388252]] [12221599416.0, [43782.0, 696326, 44335128, 19654, 42754584, 85459014]] [1744545208425.5774, [7107532.350000086, 95907291, 6138011769, 5340891, 6138011769, 12275420379]] [61875827388.0, [281557.3333333333, 4373279, 278760800, 474631, 244870496, 392146960]]
Model_cost: [34394151993.35135, [1911.9307432432433, 10506913, 668963196, 891905, 49399997, 114850]] [7551370332.0, [7467.0, 1333359, 85328280, 86895, 77870232, 184491]] [577223912.0, [15.333333333333332, 104010, 6246800, 13130, 6246800, 13130]] [9672818096.0, [2511.6666666666665, 1680596, 106001424, 38684, 103508112, 218266]] [2013191928.0, [359.0, 545990, 34713624, 20806, 7767768, 16731]] [566747968953.5999, [1109.3500000000001, 95907291, 6138011769, 5340891, 6137123253, 14212794]] [2709833610.0, [140.8125, 515295, 32837664, 60231, 25504800, 57136]]
Arch_Param: [64, 8192, 16384, 4, 1024, 512]
SK_cost: [178723141914.48648, [760265.0675675676, 11844705, 757567868, 845249, 612137660, 1200535073]] [24178709340.0, [101871.0, 1333359, 85328280, 86895, 85328280, 169873263]] [577848040.0, [6516.66666666657, 104010, 6246800, 13130, 6246800, 13130]] [30678174608.0, [111661.33333333023, 1782996, 113701904, 38684, 113701904, 210388252]] [12221599416.0, [43782.0, 696326, 44335128, 19654, 42754584, 85459014]] [1744545208425.5774, [7107532.350000086, 95907291, 6138011769, 5340891, 6138011769, 12275420379]] [61875827388.0, [281557.3333333333, 4373279, 278760800, 474631, 244870496, 392146960]]
Model_cost: [34394151993.35135, [1911.9307432432433, 10506913, 668963196, 891905, 49399997, 114850]] [7551370332.0, [7467.0, 1333359, 85328280, 86895, 77870232, 184491]] [577223912.0, [15.333333333333332, 104010, 6246800, 13130, 6246800, 13130]] [9672818096.0, [2511.6666666666665, 1680596, 106001424, 38684, 103508112, 218266]] [2013191928.0, [359.0, 545990, 34713624, 20806, 7767768, 16731]] [566747968953.5999, [1109.3500000000001, 95907291, 6138011769, 5340891, 6137123253, 14212794]] [2709833610.0, [140.8125, 515295, 32837664, 60231, 25504800, 57136]]
Arch_Param: [64, 8192, 16384, 8, 256, 16]
SK_cost: [96271519739.24324, [407585.2837837838, 25429668, 406835900, 451588, 334121660, 644503073]] [24194708316.0, [101871.0, 5333103, 85328280, 86895, 85328280, 169873263]] [578995000.0, [6516.66666666657, 390430, 6246800, 13150, 6246800, 13130]] [30699471320.0, [111661.33333333023, 7106374, 113701904, 38734, 113701904, 210388252]] [6115509944.0, [21894.0, 1386502, 22167576, 9830, 21389848, 42729542]] [1745696084793.5774, [7107532.350000086, 383626383, 6138011769, 5340891, 6138011769, 12275420379]] [54679844312.0, [236309.33333333334, 14813302, 236846432, 329310, 222784864, 347975696]]
Model_cost: [19571604281.675674, [1085.8091216216217, 22447780, 359125692, 913828, 49399997, 120738]] [7567369308.0, [7467.0, 5333103, 85328280, 86895, 77870232, 184491]] [578370872.0, [15.333333333333332, 390430, 6246800, 13150, 6246800, 13130]] [9692640248.0, [2511.6666666666665, 6635334, 106001424, 38734, 103508112, 218266]] [1183968952.0, [201.0, 1085830, 17356824, 43686, 7767768, 19803]] [567898845321.5999, [1109.3500000000001, 383626383, 6138011769, 5340891, 6137123253, 14212794]] [2506516530.0, [104.9375, 1783542, 28515872, 45534, 25504800, 57136]]
Arch_Param: [64, 8192, 16384, 8, 256, 64]
SK_cost: [96271519739.24324, [407585.2837837838, 25429668, 406835900, 451588, 334121660, 644503073]] [24194708316.0, [101871.0, 5333103, 85328280, 86895, 85328280, 169873263]] [578995000.0, [6516.66666666657, 390430, 6246800, 13150, 6246800, 13130]] [30699471320.0, [111661.33333333023, 7106374, 113701904, 38734, 113701904, 210388252]] [6115509944.0, [21894.0, 1386502, 22167576, 9830, 21389848, 42729542]] [1745696084793.5774, [7107532.350000086, 383626383, 6138011769, 5340891, 6138011769, 12275420379]] [54679844312.0, [236309.33333333334, 14813302, 236846432, 329310, 222784864, 347975696]]
Model_cost: [19571604281.675674, [1085.8091216216217, 22447780, 359125692, 913828, 49399997, 120738]] [7567369308.0, [7467.0, 5333103, 85328280, 86895, 77870232, 184491]] [578370872.0, [15.333333333333332, 390430, 6246800, 13150, 6246800, 13130]] [9692640248.0, [2511.6666666666665, 6635334, 106001424, 38734, 103508112, 218266]] [1181608504.0, [189.0, 1085830, 17356824, 11430, 7767768, 16731]] [567898845321.5999, [1109.3500000000001, 383626383, 6138011769, 5340891, 6137123253, 14212794]] [2506385458.0, [104.9375, 1783542, 28515872, 43486, 25504800, 57136]]
Arch_Param: [64, 8192, 16384, 8, 256, 128]
SK_cost: [96271519739.24324, [407585.2837837838, 25429668, 406835900, 451588, 334121660, 644503073]] [24194708316.0, [101871.0, 5333103, 85328280, 86895, 85328280, 169873263]] [578995000.0, [6516.66666666657, 390430, 6246800, 13150, 6246800, 13130]] [30699471320.0, [111661.33333333023, 7106374, 113701904, 38734, 113701904, 210388252]] [6115509944.0, [21894.0, 1386502, 22167576, 9830, 21389848, 42729542]] [1745696084793.5774, [7107532.350000086, 383626383, 6138011769, 5340891, 6138011769, 12275420379]] [54679844312.0, [236309.33333333334, 14813302, 236846432, 329310, 222784864, 347975696]]
Model_cost: [19542950009.675674, [1035.8091216216217, 22447780, 359125692, 475012, 49399997, 114850]] [7567369308.0, [7467.0, 5333103, 85328280, 86895, 77870232, 184491]] [578370872.0, [15.333333333333332, 390430, 6246800, 13150, 6246800, 13130]] [9692640248.0, [2511.6666666666665, 6635334, 106001424, 38734, 103508112, 218266]] [1181542968.0, [189.0, 1085830, 17356824, 10406, 7767768, 16731]] [567898845321.5999, [1109.3500000000001, 383626383, 6138011769, 5340891, 6137123253, 14212794]] [2506299442.0, [104.9375, 1783542, 28515872, 42142, 25504800, 57136]]
Arch_Param: [64, 8192, 16384, 8, 256, 256]
SK_cost: [96271519739.24324, [407585.2837837838, 25429668, 406835900, 451588, 334121660, 644503073]] [24194708316.0, [101871.0, 5333103, 85328280, 86895, 85328280, 169873263]] [578995000.0, [6516.66666666657, 390430, 6246800, 13150, 6246800, 13130]] [30699471320.0, [111661.33333333023, 7106374, 113701904, 38734, 113701904, 210388252]] [6115509944.0, [21894.0, 1386502, 22167576, 9830, 21389848, 42729542]] [1745696084793.5774, [7107532.350000086, 383626383, 6138011769, 5340891, 6138011769, 12275420379]] [54679844312.0, [236309.33333333334, 14813302, 236846432, 329310, 222784864, 347975696]]
Model_cost: [19542950009.675674, [1035.8091216216217, 22447780, 359125692, 475012, 49399997, 114850]] [7567369308.0, [7467.0, 5333103, 85328280, 86895, 77870232, 184491]] [578370872.0, [15.333333333333332, 390430, 6246800, 13150, 6246800, 13130]] [9692640248.0, [2511.6666666666665, 6635334, 106001424, 38734, 103508112, 218266]] [1181542968.0, [189.0, 1085830, 17356824, 10406, 7767768, 16731]] [567898845321.5999, [1109.3500000000001, 383626383, 6138011769, 5340891, 6137123253, 14212794]] [2506299442.0, [104.9375, 1783542, 28515872, 42142, 25504800, 57136]]
Arch_Param: [64, 8192, 16384, 8, 512, 16]
SK_cost: [96220661295.24324, [407585.2837837838, 12715105, 406835900, 451585, 334121660, 644503073]] [24184042332.0, [101871.0, 2666607, 85328280, 86895, 85328280, 169873263]] [578213520.0, [6516.66666666657, 195220, 6246800, 13140, 6246800, 13130]] [30685256672.0, [111661.33333333023, 3553192, 113701904, 38704, 113701904, 210388252]] [6112741048.0, [21894.0, 694278, 22167576, 9830, 21389848, 42729542]] [1744928833881.5774, [7107532.350000086, 191813655, 6138011769, 5340891, 6138011769, 12275420379]] [54650213932.0, [236309.33333333334, 7406651, 236846432, 329251, 222784864, 347975696]]
Model_cost: [19526709613.675674, [1085.8091216216217, 11224161, 359125692, 913825, 49399997, 120738]] [7556703324.0, [7467.0, 2666607, 85328280, 86895, 77870232, 184491]] [577589392.0, [15.333333333333332, 195220, 6246800, 13140, 6246800, 13130]] [9679408640.0, [2511.6666666666665, 3327912, 106001424, 38704, 103508112, 218266]] [1181801400.0, [201.0, 543942, 17356824, 43686, 7767768, 19803]] [567131594409.5999, [1109.3500000000001, 191813655, 6138011769, 5340891, 6137123253, 14212794]] [2502945670.0, [104.9375, 891771, 28515872, 45475, 25504800, 57136]]
Arch_Param: [64, 8192, 16384, 8, 512, 64]
SK_cost: [96220661295.24324, [407585.2837837838, 12715105, 406835900, 451585, 334121660, 644503073]] [24184042332.0, [101871.0, 2666607, 85328280, 86895, 85328280, 169873263]] [578213520.0, [6516.66666666657, 195220, 6246800, 13140, 6246800, 13130]] [30685256672.0, [111661.33333333023, 3553192, 113701904, 38704, 113701904, 210388252]] [6112741048.0, [21894.0, 694278, 22167576, 9830, 21389848, 42729542]] [1744928833881.5774, [7107532.350000086, 191813655, 6138011769, 5340891, 6138011769, 12275420379]] [54650213932.0, [236309.33333333334, 7406651, 236846432, 329251, 222784864, 347975696]]
Model_cost: [19526709613.675674, [1085.8091216216217, 11224161, 359125692, 913825, 49399997, 120738]] [7556703324.0, [7467.0, 2666607, 85328280, 86895, 77870232, 184491]] [577589392.0, [15.333333333333332, 195220, 6246800, 13140, 6246800, 13130]] [9679408640.0, [2511.6666666666665, 3327912, 106001424, 38704, 103508112, 218266]] [1179440952.0, [189.0, 543942, 17356824, 11430, 7767768, 16731]] [567131594409.5999, [1109.3500000000001, 191813655, 6138011769, 5340891, 6137123253, 14212794]] [2502814598.0, [104.9375, 891771, 28515872, 43427, 25504800, 57136]]
Arch_Param: [64, 8192, 16384, 8, 512, 128]
SK_cost: [96220661295.24324, [407585.2837837838, 12715105, 406835900, 451585, 334121660, 644503073]] [24184042332.0, [101871.0, 2666607, 85328280, 86895, 85328280, 169873263]] [578213520.0, [6516.66666666657, 195220, 6246800, 13140, 6246800, 13130]] [30685256672.0, [111661.33333333023, 3553192, 113701904, 38704, 113701904, 210388252]] [6112741048.0, [21894.0, 694278, 22167576, 9830, 21389848, 42729542]] [1744928833881.5774, [7107532.350000086, 191813655, 6138011769, 5340891, 6138011769, 12275420379]] [54650213932.0, [236309.33333333334, 7406651, 236846432, 329251, 222784864, 347975696]]
Model_cost: [19498055341.675674, [1035.8091216216217, 11224161, 359125692, 475009, 49399997, 114850]] [7556703324.0, [7467.0, 2666607, 85328280, 86895, 77870232, 184491]] [577589392.0, [15.333333333333332, 195220, 6246800, 13140, 6246800, 13130]] [9679408640.0, [2511.6666666666665, 3327912, 106001424, 38704, 103508112, 218266]] [1179375416.0, [189.0, 543942, 17356824, 10406, 7767768, 16731]] [567131594409.5999, [1109.3500000000001, 191813655, 6138011769, 5340891, 6137123253, 14212794]] [2502728582.0, [104.9375, 891771, 28515872, 42083, 25504800, 57136]]
Arch_Param: [64, 8192, 16384, 8, 512, 256]
SK_cost: [96220661295.24324, [407585.2837837838, 12715105, 406835900, 451585, 334121660, 644503073]] [24184042332.0, [101871.0, 2666607, 85328280, 86895, 85328280, 169873263]] [578213520.0, [6516.66666666657, 195220, 6246800, 13140, 6246800, 13130]] [30685256672.0, [111661.33333333023, 3553192, 113701904, 38704, 113701904, 210388252]] [6112741048.0, [21894.0, 694278, 22167576, 9830, 21389848, 42729542]] [1744928833881.5774, [7107532.350000086, 191813655, 6138011769, 5340891, 6138011769, 12275420379]] [54650213932.0, [236309.33333333334, 7406651, 236846432, 329251, 222784864, 347975696]]
Model_cost: [19498055341.675674, [1035.8091216216217, 11224161, 359125692, 475009, 49399997, 114850]] [7556703324.0, [7467.0, 2666607, 85328280, 86895, 77870232, 184491]] [577589392.0, [15.333333333333332, 195220, 6246800, 13140, 6246800, 13130]] [9679408640.0, [2511.6666666666665, 3327912, 106001424, 38704, 103508112, 218266]] [1179375416.0, [189.0, 543942, 17356824, 10406, 7767768, 16731]] [567131594409.5999, [1109.3500000000001, 191813655, 6138011769, 5340891, 6137123253, 14212794]] [2502728582.0, [104.9375, 891771, 28515872, 42083, 25504800, 57136]]
Arch_Param: [64, 8192, 16384, 8, 512, 512]
SK_cost: [96220661295.24324, [407585.2837837838, 12715105, 406835900, 451585, 334121660, 644503073]] [24184042332.0, [101871.0, 2666607, 85328280, 86895, 85328280, 169873263]] [578213520.0, [6516.66666666657, 195220, 6246800, 13140, 6246800, 13130]] [30685256672.0, [111661.33333333023, 3553192, 113701904, 38704, 113701904, 210388252]] [6112741048.0, [21894.0, 694278, 22167576, 9830, 21389848, 42729542]] [1744928833881.5774, [7107532.350000086, 191813655, 6138011769, 5340891, 6138011769, 12275420379]] [54650213932.0, [236309.33333333334, 7406651, 236846432, 329251, 222784864, 347975696]]
Model_cost: [19497747853.675674, [1032.8091216216217, 11224161, 359125692, 470209, 49399997, 114850]] [7556703324.0, [7467.0, 2666607, 85328280, 86895, 77870232, 184491]] [577589392.0, [15.333333333333332, 195220, 6246800, 13140, 6246800, 13130]] [9679408640.0, [2511.6666666666665, 3327912, 106001424, 38704, 103508112, 218266]] [1179338552.0, [189.0, 543942, 17356824, 9830, 7767768, 16731]] [567131594409.5999, [1109.3500000000001, 191813655, 6138011769, 5340891, 6137123253, 14212794]] [2502728582.0, [104.9375, 891771, 28515872, 42083, 25504800, 57136]]
Arch_Param: [64, 8192, 16384, 8, 1024, 16]
SK_cost: [96195244591.24324, [407585.2837837838, 6360929, 406835900, 451585, 334121660, 644503073]] [24178709340.0, [101871.0, 1333359, 85328280, 86895, 85328280, 169873263]] [577848040.0, [6516.66666666657, 104010, 6246800, 13130, 6246800, 13130]] [30678174608.0, [111661.33333333023, 1782996, 113701904, 38684, 113701904, 210388252]] [6111356600.0, [21894.0, 348166, 22167576, 9830, 21389848, 42729542]] [1744545208425.5774, [7107532.350000086, 95907291, 6138011769, 5340891, 6138011769, 12275420379]] [54635424444.0, [236309.33333333334, 3709727, 236846432, 329223, 222784864, 347975696]]
Model_cost: [19504368493.675674, [1085.8091216216217, 5638881, 359125692, 913825, 49399997, 120738]] [7551370332.0, [7467.0, 1333359, 85328280, 86895, 77870232, 184491]] [577223912.0, [15.333333333333332, 104010, 6246800, 13130, 6246800, 13130]] [9672818096.0, [2511.6666666666665, 1680596, 106001424, 38684, 103508112, 218266]] [1180717624.0, [201.0, 272998, 17356824, 43686, 7767768, 19803]] [566747968953.5999, [1109.3500000000001, 95907291, 6138011769, 5340891, 6137123253, 14212794]] [2501168918.0, [104.9375, 448031, 28515872, 45447, 25504800, 57136]]
Arch_Param: [64, 8192, 16384, 8, 1024, 64]
SK_cost: [96195244591.24324, [407585.2837837838, 6360929, 406835900, 451585, 334121660, 644503073]] [24178709340.0, [101871.0, 1333359, 85328280, 86895, 85328280, 169873263]] [577848040.0, [6516.66666666657, 104010, 6246800, 13130, 6246800, 13130]] [30678174608.0, [111661.33333333023, 1782996, 113701904, 38684, 113701904, 210388252]] [6111356600.0, [21894.0, 348166, 22167576, 9830, 21389848, 42729542]] [1744545208425.5774, [7107532.350000086, 95907291, 6138011769, 5340891, 6138011769, 12275420379]] [54635424444.0, [236309.33333333334, 3709727, 236846432, 329223, 222784864, 347975696]]
Model_cost: [19504368493.675674, [1085.8091216216217, 5638881, 359125692, 913825, 49399997, 120738]] [7551370332.0, [7467.0, 1333359, 85328280, 86895, 77870232, 184491]] [577223912.0, [15.333333333333332, 104010, 6246800, 13130, 6246800, 13130]] [9672818096.0, [2511.6666666666665, 1680596, 106001424, 38684, 103508112, 218266]] [1178357176.0, [189.0, 272998, 17356824, 11430, 7767768, 16731]] [566747968953.5999, [1109.3500000000001, 95907291, 6138011769, 5340891, 6137123253, 14212794]] [2501037846.0, [104.9375, 448031, 28515872, 43399, 25504800, 57136]]
Arch_Param: [64, 8192, 16384, 8, 1024, 128]
SK_cost: [96195244591.24324, [407585.2837837838, 6360929, 406835900, 451585, 334121660, 644503073]] [24178709340.0, [101871.0, 1333359, 85328280, 86895, 85328280, 169873263]] [577848040.0, [6516.66666666657, 104010, 6246800, 13130, 6246800, 13130]] [30678174608.0, [111661.33333333023, 1782996, 113701904, 38684, 113701904, 210388252]] [6111356600.0, [21894.0, 348166, 22167576, 9830, 21389848, 42729542]] [1744545208425.5774, [7107532.350000086, 95907291, 6138011769, 5340891, 6138011769, 12275420379]] [54635424444.0, [236309.33333333334, 3709727, 236846432, 329223, 222784864, 347975696]]
Model_cost: [19475714221.675674, [1035.8091216216217, 5638881, 359125692, 475009, 49399997, 114850]] [7551370332.0, [7467.0, 1333359, 85328280, 86895, 77870232, 184491]] [577223912.0, [15.333333333333332, 104010, 6246800, 13130, 6246800, 13130]] [9672818096.0, [2511.6666666666665, 1680596, 106001424, 38684, 103508112, 218266]] [1178291640.0, [189.0, 272998, 17356824, 10406, 7767768, 16731]] [566747968953.5999, [1109.3500000000001, 95907291, 6138011769, 5340891, 6137123253, 14212794]] [2500946454.0, [104.9375, 446687, 28515872, 42055, 25504800, 57136]]
Arch_Param: [64, 8192, 16384, 8, 1024, 256]
SK_cost: [96195244591.24324, [407585.2837837838, 6360929, 406835900, 451585, 334121660, 644503073]] [24178709340.0, [101871.0, 1333359, 85328280, 86895, 85328280, 169873263]] [577848040.0, [6516.66666666657, 104010, 6246800, 13130, 6246800, 13130]] [30678174608.0, [111661.33333333023, 1782996, 113701904, 38684, 113701904, 210388252]] [6111356600.0, [21894.0, 348166, 22167576, 9830, 21389848, 42729542]] [1744545208425.5774, [7107532.350000086, 95907291, 6138011769, 5340891, 6138011769, 12275420379]] [54635424444.0, [236309.33333333334, 3709727, 236846432, 329223, 222784864, 347975696]]
Model_cost: [19475714221.675674, [1035.8091216216217, 5638881, 359125692, 475009, 49399997, 114850]] [7551370332.0, [7467.0, 1333359, 85328280, 86895, 77870232, 184491]] [577223912.0, [15.333333333333332, 104010, 6246800, 13130, 6246800, 13130]] [9672818096.0, [2511.6666666666665, 1680596, 106001424, 38684, 103508112, 218266]] [1178291640.0, [189.0, 272998, 17356824, 10406, 7767768, 16731]] [566747968953.5999, [1109.3500000000001, 95907291, 6138011769, 5340891, 6137123253, 14212794]] [2500946454.0, [104.9375, 446687, 28515872, 42055, 25504800, 57136]]
Arch_Param: [64, 8192, 16384, 8, 1024, 512]
SK_cost: [96195244591.24324, [407585.2837837838, 6360929, 406835900, 451585, 334121660, 644503073]] [24178709340.0, [101871.0, 1333359, 85328280, 86895, 85328280, 169873263]] [577848040.0, [6516.66666666657, 104010, 6246800, 13130, 6246800, 13130]] [30678174608.0, [111661.33333333023, 1782996, 113701904, 38684, 113701904, 210388252]] [6111356600.0, [21894.0, 348166, 22167576, 9830, 21389848, 42729542]] [1744545208425.5774, [7107532.350000086, 95907291, 6138011769, 5340891, 6138011769, 12275420379]] [54635424444.0, [236309.33333333334, 3709727, 236846432, 329223, 222784864, 347975696]]
Model_cost: [19475387533.675674, [1032.8091216216217, 5634081, 359125692, 470209, 49399997, 114850]] [7551370332.0, [7467.0, 1333359, 85328280, 86895, 77870232, 184491]] [577223912.0, [15.333333333333332, 104010, 6246800, 13130, 6246800, 13130]] [9672818096.0, [2511.6666666666665, 1680596, 106001424, 38684, 103508112, 218266]] [1178254776.0, [189.0, 272998, 17356824, 9830, 7767768, 16731]] [566747968953.5999, [1109.3500000000001, 95907291, 6138011769, 5340891, 6137123253, 14212794]] [2500946454.0, [104.9375, 446687, 28515872, 42055, 25504800, 57136]]
Arch_Param: [64, 8192, 16384, 16, 256, 16]
SK_cost: [54990470360.64865, [231342.25675675675, 14471844, 231526076, 254884, 195168956, 366597665]] [24194708316.0, [101871.0, 5333103, 85328280, 86895, 85328280, 169873263]] [578995000.0, [6516.66666666657, 390430, 6246800, 13150, 6246800, 13130]] [30699471320.0, [111661.33333333023, 7106374, 113701904, 38734, 113701904, 210388252]] [3058311864.0, [10950.0, 693254, 11083800, 4918, 10707480, 21364806]] [1745696084793.5774, [7107532.350000086, 383626383, 6138011769, 5340891, 6138011769, 12275420379]] [51055710680.0, [213685.3333333333, 13498486, 215889248, 256606, 211742048, 325890064]]
Model_cost: [12074077525.135136, [664.7618243243244, 12767908, 204263100, 517540, 49399997, 120738]] [7567369308.0, [7467.0, 5333103, 85328280, 86895, 77870232, 184491]] [578370872.0, [15.333333333333332, 390430, 6246800, 13150, 6246800, 13130]] [9692640248.0, [2511.6666666666665, 6635334, 106001424, 38734, 103508112, 218266]] [762499928.0, [104.0, 542918, 8678424, 5718, 7767768, 16731]] [567898845321.5999, [1109.3500000000001, 383626383, 6138011769, 5340891, 6137123253, 14212794]] [2401499512.0, [87.0, 1647862, 26354976, 33822, 25504800, 57136]]
Arch_Param: [64, 8192, 16384, 16, 256, 64]
SK_cost: [54990470360.64865, [231342.25675675675, 14471844, 231526076, 254884, 195168956, 366597665]] [24194708316.0, [101871.0, 5333103, 85328280, 86895, 85328280, 169873263]] [578995000.0, [6516.66666666657, 390430, 6246800, 13150, 6246800, 13130]] [30699471320.0, [111661.33333333023, 7106374, 113701904, 38734, 113701904, 210388252]] [3058311864.0, [10950.0, 693254, 11083800, 4918, 10707480, 21364806]] [1745696084793.5774, [7107532.350000086, 383626383, 6138011769, 5340891, 6138011769, 12275420379]] [51055710680.0, [213685.3333333333, 13498486, 215889248, 256606, 211742048, 325890064]]
Model_cost: [12057457141.135136, [591.7618243243244, 12767908, 204263100, 266788, 49399997, 114850]] [7567369308.0, [7467.0, 5333103, 85328280, 86895, 77870232, 184491]] [578370872.0, [15.333333333333332, 390430, 6246800, 13150, 6246800, 13130]] [9692640248.0, [2511.6666666666665, 6635334, 106001424, 38734, 103508112, 218266]] [762467160.0, [104.0, 542918, 8678424, 5206, 7767768, 16731]] [567898845321.5999, [1109.3500000000001, 383626383, 6138011769, 5340891, 6137123253, 14212794]] [2401450360.0, [87.0, 1647862, 26354976, 33054, 25504800, 57136]]
Arch_Param: [64, 8192, 16384, 16, 256, 128]
SK_cost: [54990470360.64865, [231342.25675675675, 14471844, 231526076, 254884, 195168956, 366597665]] [24194708316.0, [101871.0, 5333103, 85328280, 86895, 85328280, 169873263]] [578995000.0, [6516.66666666657, 390430, 6246800, 13150, 6246800, 13130]] [30699471320.0, [111661.33333333023, 7106374, 113701904, 38734, 113701904, 210388252]] [3058311864.0, [10950.0, 693254, 11083800, 4918, 10707480, 21364806]] [1745696084793.5774, [7107532.350000086, 383626383, 6138011769, 5340891, 6138011769, 12275420379]] [51055710680.0, [213685.3333333333, 13498486, 215889248, 256606, 211742048, 325890064]]
Model_cost: [12057457141.135136, [591.7618243243244, 12767908, 204263100, 266788, 49399997, 114850]] [7567369308.0, [7467.0, 5333103, 85328280, 86895, 77870232, 184491]] [578370872.0, [15.333333333333332, 390430, 6246800, 13150, 6246800, 13130]] [9692640248.0, [2511.6666666666665, 6635334, 106001424, 38734, 103508112, 218266]] [762467160.0, [104.0, 542918, 8678424, 5206, 7767768, 16731]] [567898845321.5999, [1109.3500000000001, 383626383, 6138011769, 5340891, 6137123253, 14212794]] [2401450360.0, [87.0, 1647862, 26354976, 33054, 25504800, 57136]]
Arch_Param: [64, 8192, 16384, 16, 256, 256]
SK_cost: [54990470360.64865, [231342.25675675675, 14471844, 231526076, 254884, 195168956, 366597665]] [24194708316.0, [101871.0, 5333103, 85328280, 86895, 85328280, 169873263]] [578995000.0, [6516.66666666657, 390430, 6246800, 13150, 6246800, 13130]] [30699471320.0, [111661.33333333023, 7106374, 113701904, 38734, 113701904, 210388252]] [3058311864.0, [10950.0, 693254, 11083800, 4918, 10707480, 21364806]] [1745696084793.5774, [7107532.350000086, 383626383, 6138011769, 5340891, 6138011769, 12275420379]] [51055710680.0, [213685.3333333333, 13498486, 215889248, 256606, 211742048, 325890064]]
Model_cost: [12057297397.135136, [591.7618243243244, 12767908, 204263100, 264292, 49399997, 114850]] [7567369308.0, [7467.0, 5333103, 85328280, 86895, 77870232, 184491]] [578370872.0, [15.333333333333332, 390430, 6246800, 13150, 6246800, 13130]] [9692640248.0, [2511.6666666666665, 6635334, 106001424, 38734, 103508112, 218266]] [762448728.0, [104.0, 542918, 8678424, 4918, 7767768, 16731]] [567898845321.5999, [1109.3500000000001, 383626383, 6138011769, 5340891, 6137123253, 14212794]] [2401450360.0, [87.0, 1647862, 26354976, 33054, 25504800, 57136]]
Arch_Param: [64, 8192, 16384, 16, 512, 16]
SK_cost: [54961527564.64865, [231342.25675675675, 7236193, 231526076, 254881, 195168956, 366597665]] [24184042332.0, [101871.0, 2666607, 85328280, 86895, 85328280, 169873263]] [578213520.0, [6516.66666666657, 195220, 6246800, 13140, 6246800, 13130]] [30685256672.0, [111661.33333333023, 3553192, 113701904, 38704, 113701904, 210388252]] [3056927416.0, [10950.0, 347142, 11083800, 4918, 10707480, 21364806]] [1744928833881.5774, [7107532.350000086, 191813655, 6138011769, 5340891, 6138011769, 12275420379]] [51028709932.0, [213685.3333333333, 6749243, 215889248, 256547, 211742048, 325890064]]
Model_cost: [12048542601.135136, [664.7618243243244, 6384225, 204263100, 517537, 49399997, 120738]] [7556703324.0, [7467.0, 2666607, 85328280, 86895, 77870232, 184491]] [577589392.0, [15.333333333333332, 195220, 6246800, 13140, 6246800, 13130]] [9679408640.0, [2511.6666666666665, 3327912, 106001424, 38704, 103508112, 218266]] [761416152.0, [104.0, 271974, 8678424, 5718, 7767768, 16731]] [567131594409.5999, [1109.3500000000001, 191813655, 6138011769, 5340891, 6137123253, 14212794]] [2398200012.0, [87.0, 823931, 26354976, 33763, 25504800, 57136]]
Arch_Param: [64, 8192, 16384, 16, 512, 64]
SK_cost: [54961527564.64865, [231342.25675675675, 7236193, 231526076, 254881, 195168956, 366597665]] [24184042332.0, [101871.0, 2666607, 85328280, 86895, 85328280, 169873263]] [578213520.0, [6516.66666666657, 195220, 6246800, 13140, 6246800, 13130]] [30685256672.0, [111661.33333333023, 3553192, 113701904, 38704, 113701904, 210388252]] [3056927416.0, [10950.0, 347142, 11083800, 4918, 10707480, 21364806]] [1744928833881.5774, [7107532.350000086, 191813655, 6138011769, 5340891, 6138011769, 12275420379]] [51028709932.0, [213685.3333333333, 6749243, 215889248, 256547, 211742048, 325890064]]
Model_cost: [12031922217.135136, [591.7618243243244, 6384225, 204263100, 266785, 49399997, 114850]] [7556703324.0, [7467.0, 2666607, 85328280, 86895, 77870232, 184491]] [577589392.0, [15.333333333333332, 195220, 6246800, 13140, 6246800, 13130]] [9679408640.0, [2511.6666666666665, 3327912, 106001424, 38704, 103508112, 218266]] [761383384.0, [104.0, 271974, 8678424, 5206, 7767768, 16731]] [567131594409.5999, [1109.3500000000001, 191813655, 6138011769, 5340891, 6137123253, 14212794]] [2398150860.0, [87.0, 823931, 26354976, 32995, 25504800, 57136]]
Arch_Param: [64, 8192, 16384, 16, 512, 128]
SK_cost: [54961527564.64865, [231342.25675675675, 7236193, 231526076, 254881, 195168956, 366597665]] [24184042332.0, [101871.0, 2666607, 85328280, 86895, 85328280, 169873263]] [578213520.0, [6516.66666666657, 195220, 6246800, 13140, 6246800, 13130]] [30685256672.0, [111661.33333333023, 3553192, 113701904, 38704, 113701904, 210388252]] [3056927416.0, [10950.0, 347142, 11083800, 4918, 10707480, 21364806]] [1744928833881.5774, [7107532.350000086, 191813655, 6138011769, 5340891, 6138011769, 12275420379]] [51028709932.0, [213685.3333333333, 6749243, 215889248, 256547, 211742048, 325890064]]
Model_cost: [12031922217.135136, [591.7618243243244, 6384225, 204263100, 266785, 49399997, 114850]] [7556703324.0, [7467.0, 2666607, 85328280, 86895, 77870232, 184491]] [577589392.0, [15.333333333333332, 195220, 6246800, 13140, 6246800, 13130]] [9679408640.0, [2511.6666666666665, 3327912, 106001424, 38704, 103508112, 218266]] [761383384.0, [104.0, 271974, 8678424, 5206, 7767768, 16731]] [567131594409.5999, [1109.3500000000001, 191813655, 6138011769, 5340891, 6137123253, 14212794]] [2398150860.0, [87.0, 823931, 26354976, 32995, 25504800, 57136]]
Arch_Param: [64, 8192, 16384, 16, 512, 256]
SK_cost: [54961527564.64865, [231342.25675675675, 7236193, 231526076, 254881, 195168956, 366597665]] [24184042332.0, [101871.0, 2666607, 85328280, 86895, 85328280, 169873263]] [578213520.0, [6516.66666666657, 195220, 6246800, 13140, 6246800, 13130]] [30685256672.0, [111661.33333333023, 3553192, 113701904, 38704, 113701904, 210388252]] [3056927416.0, [10950.0, 347142, 11083800, 4918, 10707480, 21364806]] [1744928833881.5774, [7107532.350000086, 191813655, 6138011769, 5340891, 6138011769, 12275420379]] [51028709932.0, [213685.3333333333, 6749243, 215889248, 256547, 211742048, 325890064]]
Model_cost: [12031762473.135136, [591.7618243243244, 6384225, 204263100, 264289, 49399997, 114850]] [7556703324.0, [7467.0, 2666607, 85328280, 86895, 77870232, 184491]] [577589392.0, [15.333333333333332, 195220, 6246800, 13140, 6246800, 13130]] [9679408640.0, [2511.6666666666665, 3327912, 106001424, 38704, 103508112, 218266]] [761364952.0, [104.0, 271974, 8678424, 4918, 7767768, 16731]] [567131594409.5999, [1109.3500000000001, 191813655, 6138011769, 5340891, 6137123253, 14212794]] [2398150860.0, [87.0, 823931, 26354976, 32995, 25504800, 57136]]
Arch_Param: [64, 8192, 16384, 16, 512, 512]
SK_cost: [54961527564.64865, [231342.25675675675, 7236193, 231526076, 254881, 195168956, 366597665]] [24184042332.0, [101871.0, 2666607, 85328280, 86895, 85328280, 169873263]] [578213520.0, [6516.66666666657, 195220, 6246800, 13140, 6246800, 13130]] [30685256672.0, [111661.33333333023, 3553192, 113701904, 38704, 113701904, 210388252]] [3056927416.0, [10950.0, 347142, 11083800, 4918, 10707480, 21364806]] [1744928833881.5774, [7107532.350000086, 191813655, 6138011769, 5340891, 6138011769, 12275420379]] [51028709932.0, [213685.3333333333, 6749243, 215889248, 256547, 211742048, 325890064]]
Model_cost: [12031762473.135136, [591.7618243243244, 6384225, 204263100, 264289, 49399997, 114850]] [7556703324.0, [7467.0, 2666607, 85328280, 86895, 77870232, 184491]] [577589392.0, [15.333333333333332, 195220, 6246800, 13140, 6246800, 13130]] [9679408640.0, [2511.6666666666665, 3327912, 106001424, 38704, 103508112, 218266]] [761364952.0, [104.0, 271974, 8678424, 4918, 7767768, 16731]] [567131594409.5999, [1109.3500000000001, 191813655, 6138011769, 5340891, 6137123253, 14212794]] [2398150860.0, [87.0, 823931, 26354976, 32995, 25504800, 57136]]
Arch_Param: [64, 8192, 16384, 16, 1024, 16]
SK_cost: [54947062540.64865, [231342.25675675675, 3619937, 231526076, 254881, 195168956, 366597665]] [24178709340.0, [101871.0, 1333359, 85328280, 86895, 85328280, 169873263]] [577848040.0, [6516.66666666657, 104010, 6246800, 13130, 6246800, 13130]] [30678174608.0, [111661.33333333023, 1782996, 113701904, 38684, 113701904, 210388252]] [3056235192.0, [10950.0, 174086, 11083800, 4918, 10707480, 21364806]] [1744545208425.5774, [7107532.350000086, 95907291, 6138011769, 5340891, 6138011769, 12275420379]] [51015222972.0, [213685.3333333333, 3377951, 215889248, 256519, 211742048, 325890064]]
Model_cost: [12035829129.135136, [664.7618243243244, 3205857, 204263100, 517537, 49399997, 120738]] [7551370332.0, [7467.0, 1333359, 85328280, 86895, 77870232, 184491]] [577223912.0, [15.333333333333332, 104010, 6246800, 13130, 6246800, 13130]] [9672818096.0, [2511.6666666666665, 1680596, 106001424, 38684, 103508112, 218266]] [760874264.0, [104.0, 136502, 8678424, 5718, 7767768, 16731]] [566747968953.5999, [1109.3500000000001, 95907291, 6138011769, 5340891, 6137123253, 14212794]] [2396555100.0, [87.0, 413151, 26354976, 33735, 25504800, 57136]]
Arch_Param: [64, 8192, 16384, 16, 1024, 64]
SK_cost: [54947062540.64865, [231342.25675675675, 3619937, 231526076, 254881, 195168956, 366597665]] [24178709340.0, [101871.0, 1333359, 85328280, 86895, 85328280, 169873263]] [577848040.0, [6516.66666666657, 104010, 6246800, 13130, 6246800, 13130]] [30678174608.0, [111661.33333333023, 1782996, 113701904, 38684, 113701904, 210388252]] [3056235192.0, [10950.0, 174086, 11083800, 4918, 10707480, 21364806]] [1744545208425.5774, [7107532.350000086, 95907291, 6138011769, 5340891, 6138011769, 12275420379]] [51015222972.0, [213685.3333333333, 3377951, 215889248, 256519, 211742048, 325890064]]
Model_cost: [12019208745.135136, [591.7618243243244, 3205857, 204263100, 266785, 49399997, 114850]] [7551370332.0, [7467.0, 1333359, 85328280, 86895, 77870232, 184491]] [577223912.0, [15.333333333333332, 104010, 6246800, 13130, 6246800, 13130]] [9672818096.0, [2511.6666666666665, 1680596, 106001424, 38684, 103508112, 218266]] [760841496.0, [104.0, 136502, 8678424, 5206, 7767768, 16731]] [566747968953.5999, [1109.3500000000001, 95907291, 6138011769, 5340891, 6137123253, 14212794]] [2396502972.0, [88.0, 412383, 26354976, 32967, 25504800, 57136]]
Arch_Param: [64, 8192, 16384, 16, 1024, 128]
SK_cost: [54947062540.64865, [231342.25675675675, 3619937, 231526076, 254881, 195168956, 366597665]] [24178709340.0, [101871.0, 1333359, 85328280, 86895, 85328280, 169873263]] [577848040.0, [6516.66666666657, 104010, 6246800, 13130, 6246800, 13130]] [30678174608.0, [111661.33333333023, 1782996, 113701904, 38684, 113701904, 210388252]] [3056235192.0, [10950.0, 174086, 11083800, 4918, 10707480, 21364806]] [1744545208425.5774, [7107532.350000086, 95907291, 6138011769, 5340891, 6138011769, 12275420379]] [51015222972.0, [213685.3333333333, 3377951, 215889248, 256519, 211742048, 325890064]]
Model_cost: [12019208745.135136, [591.7618243243244, 3205857, 204263100, 266785, 49399997, 114850]] [7551370332.0, [7467.0, 1333359, 85328280, 86895, 77870232, 184491]] [577223912.0, [15.333333333333332, 104010, 6246800, 13130, 6246800, 13130]] [9672818096.0, [2511.6666666666665, 1680596, 106001424, 38684, 103508112, 218266]] [760841496.0, [104.0, 136502, 8678424, 5206, 7767768, 16731]] [566747968953.5999, [1109.3500000000001, 95907291, 6138011769, 5340891, 6137123253, 14212794]] [2396502972.0, [88.0, 412383, 26354976, 32967, 25504800, 57136]]
Arch_Param: [64, 8192, 16384, 16, 1024, 256]
SK_cost: [54947062540.64865, [231342.25675675675, 3619937, 231526076, 254881, 195168956, 366597665]] [24178709340.0, [101871.0, 1333359, 85328280, 86895, 85328280, 169873263]] [577848040.0, [6516.66666666657, 104010, 6246800, 13130, 6246800, 13130]] [30678174608.0, [111661.33333333023, 1782996, 113701904, 38684, 113701904, 210388252]] [3056235192.0, [10950.0, 174086, 11083800, 4918, 10707480, 21364806]] [1744545208425.5774, [7107532.350000086, 95907291, 6138011769, 5340891, 6138011769, 12275420379]] [51015222972.0, [213685.3333333333, 3377951, 215889248, 256519, 211742048, 325890064]]
Model_cost: [12019039017.135136, [591.7618243243244, 3203361, 204263100, 264289, 49399997, 114850]] [7551370332.0, [7467.0, 1333359, 85328280, 86895, 77870232, 184491]] [577223912.0, [15.333333333333332, 104010, 6246800, 13130, 6246800, 13130]] [9672818096.0, [2511.6666666666665, 1680596, 106001424, 38684, 103508112, 218266]] [760823064.0, [104.0, 136502, 8678424, 4918, 7767768, 16731]] [566747968953.5999, [1109.3500000000001, 95907291, 6138011769, 5340891, 6137123253, 14212794]] [2396502972.0, [88.0, 412383, 26354976, 32967, 25504800, 57136]]
Arch_Param: [64, 8192, 16384, 16, 1024, 512]
SK_cost: [54947062540.64865, [231342.25675675675, 3619937, 231526076, 254881, 195168956, 366597665]] [24178709340.0, [101871.0, 1333359, 85328280, 86895, 85328280, 169873263]] [577848040.0, [6516.66666666657, 104010, 6246800, 13130, 6246800, 13130]] [30678174608.0, [111661.33333333023, 1782996, 113701904, 38684, 113701904, 210388252]] [3056235192.0, [10950.0, 174086, 11083800, 4918, 10707480, 21364806]] [1744545208425.5774, [7107532.350000086, 95907291, 6138011769, 5340891, 6138011769, 12275420379]] [51015222972.0, [213685.3333333333, 3377951, 215889248, 256519, 211742048, 325890064]]
Model_cost: [12019039017.135136, [591.7618243243244, 3203361, 204263100, 264289, 49399997, 114850]] [7551370332.0, [7467.0, 1333359, 85328280, 86895, 77870232, 184491]] [577223912.0, [15.333333333333332, 104010, 6246800, 13130, 6246800, 13130]] [9672818096.0, [2511.6666666666665, 1680596, 106001424, 38684, 103508112, 218266]] [760823064.0, [104.0, 136502, 8678424, 4918, 7767768, 16731]] [566747968953.5999, [1109.3500000000001, 95907291, 6138011769, 5340891, 6137123253, 14212794]] [2396502972.0, [88.0, 412383, 26354976, 32967, 25504800, 57136]]
Arch_Param: [64, 8192, 16384, 32, 256, 16]
SK_cost: [27800358727.35135, [116084.74324324324, 7256228, 116083900, 128868, 103639740, 183539233]] [24194708316.0, [101871.0, 5333103, 85328280, 86895, 85328280, 169873263]] [578995000.0, [6516.66666666657, 390430, 6246800, 13150, 6246800, 13130]] [30699471320.0, [111661.33333333023, 7106374, 113701904, 38734, 113701904, 210388252]] [2946060472.0, [10342.0, 657926, 10522648, 4126, 10347032, 20643910]] [1745696084793.5774, [7107532.350000086, 383626383, 6138011769, 5340891, 6138011769, 12275420379]] [50424273368.0, [207989.33333333334, 13222006, 211505504, 228958, 209972576, 322351120]]
Model_cost: [7145222346.864864, [353.9881756756757, 6404260, 102452412, 260388, 49399997, 120738]] [7567369308.0, [7467.0, 5333103, 85328280, 86895, 77870232, 184491]] [578370872.0, [15.333333333333332, 390430, 6246800, 13150, 6246800, 13130]] [9692640248.0, [2511.6666666666665, 6635334, 106001424, 38734, 103508112, 218266]] [736456216.0, [78.0, 509030, 8140312, 4526, 7767768, 16731]] [567898845321.5999, [1109.3500000000001, 383626383, 6138011769, 5340891, 6137123253, 14212794]] [2374812380.0, [80.04166666666666, 1613302, 25807008, 29982, 25504800, 57136]]
Arch_Param: [64, 8192, 16384, 32, 256, 64]
SK_cost: [27800358727.35135, [116084.74324324324, 7256228, 116083900, 128868, 103639740, 183539233]] [24194708316.0, [101871.0, 5333103, 85328280, 86895, 85328280, 169873263]] [578995000.0, [6516.66666666657, 390430, 6246800, 13150, 6246800, 13130]] [30699471320.0, [111661.33333333023, 7106374, 113701904, 38734, 113701904, 210388252]] [2946060472.0, [10342.0, 657926, 10522648, 4126, 10347032, 20643910]] [1745696084793.5774, [7107532.350000086, 383626383, 6138011769, 5340891, 6138011769, 12275420379]] [50424273368.0, [207989.33333333334, 13222006, 211505504, 228958, 209972576, 322351120]]
Model_cost: [7136630826.864864, [330.9881756756757, 6404260, 102452412, 135012, 49399997, 114850]] [7567369308.0, [7467.0, 5333103, 85328280, 86895, 77870232, 184491]] [578370872.0, [15.333333333333332, 390430, 6246800, 13150, 6246800, 13130]] [9692640248.0, [2511.6666666666665, 6635334, 106001424, 38734, 103508112, 218266]] [736439832.0, [78.0, 509030, 8140312, 4270, 7767768, 16731]] [567898845321.5999, [1109.3500000000001, 383626383, 6138011769, 5340891, 6137123253, 14212794]] [2374787804.0, [80.04166666666666, 1613302, 25807008, 29598, 25504800, 57136]]
Arch_Param: [64, 8192, 16384, 32, 256, 128]
SK_cost: [27800358727.35135, [116084.74324324324, 7256228, 116083900, 128868, 103639740, 183539233]] [24194708316.0, [101871.0, 5333103, 85328280, 86895, 85328280, 169873263]] [578995000.0, [6516.66666666657, 390430, 6246800, 13150, 6246800, 13130]] [30699471320.0, [111661.33333333023, 7106374, 113701904, 38734, 113701904, 210388252]] [2946060472.0, [10342.0, 657926, 10522648, 4126, 10347032, 20643910]] [1745696084793.5774, [7107532.350000086, 383626383, 6138011769, 5340891, 6138011769, 12275420379]] [50424273368.0, [207989.33333333334, 13222006, 211505504, 228958, 209972576, 322351120]]
Model_cost: [7136544810.864864, [330.9881756756757, 6404260, 102452412, 133668, 49399997, 114850]] [7567369308.0, [7467.0, 5333103, 85328280, 86895, 77870232, 184491]] [578370872.0, [15.333333333333332, 390430, 6246800, 13150, 6246800, 13130]] [9692640248.0, [2511.6666666666665, 6635334, 106001424, 38734, 103508112, 218266]] [736430328.0, [75.0, 509030, 8140312, 4126, 7767768, 16731]] [567898845321.5999, [1109.3500000000001, 383626383, 6138011769, 5340891, 6137123253, 14212794]] [2374787804.0, [80.04166666666666, 1613302, 25807008, 29598, 25504800, 57136]]
Arch_Param: [64, 8192, 16384, 32, 256, 256]
SK_cost: [27800358727.35135, [116084.74324324324, 7256228, 116083900, 128868, 103639740, 183539233]] [24194708316.0, [101871.0, 5333103, 85328280, 86895, 85328280, 169873263]] [578995000.0, [6516.66666666657, 390430, 6246800, 13150, 6246800, 13130]] [30699471320.0, [111661.33333333023, 7106374, 113701904, 38734, 113701904, 210388252]] [2946060472.0, [10342.0, 657926, 10522648, 4126, 10347032, 20643910]] [1745696084793.5774, [7107532.350000086, 383626383, 6138011769, 5340891, 6138011769, 12275420379]] [50424273368.0, [207989.33333333334, 13222006, 211505504, 228958, 209972576, 322351120]]
Model_cost: [7136544810.864864, [330.9881756756757, 6404260, 102452412, 133668, 49399997, 114850]] [7567369308.0, [7467.0, 5333103, 85328280, 86895, 77870232, 184491]] [578370872.0, [15.333333333333332, 390430, 6246800, 13150, 6246800, 13130]] [9692640248.0, [2511.6666666666665, 6635334, 106001424, 38734, 103508112, 218266]] [736430328.0, [75.0, 509030, 8140312, 4126, 7767768, 16731]] [567898845321.5999, [1109.3500000000001, 383626383, 6138011769, 5340891, 6137123253, 14212794]] [2374787804.0, [80.04166666666666, 1613302, 25807008, 29598, 25504800, 57136]]
Arch_Param: [64, 8192, 16384, 32, 512, 16]
SK_cost: [27785847163.35135, [116084.74324324324, 3628385, 116083900, 128865, 103639740, 183539233]] [24184042332.0, [101871.0, 2666607, 85328280, 86895, 85328280, 169873263]] [578213520.0, [6516.66666666657, 195220, 6246800, 13140, 6246800, 13130]] [30685256672.0, [111661.33333333023, 3553192, 113701904, 38704, 113701904, 210388252]] [2944745656.0, [10342.0, 329222, 10522648, 4126, 10347032, 20643910]] [1744928833881.5774, [7107532.350000086, 191813655, 6138011769, 5340891, 6138011769, 12275420379]] [50397825580.0, [207989.33333333334, 6611003, 211505504, 228899, 209972576, 322351120]]
Model_cost: [7132414718.864864, [353.9881756756757, 3202401, 102452412, 260385, 49399997, 120738]] [7556703324.0, [7467.0, 2666607, 85328280, 86895, 77870232, 184491]] [577589392.0, [15.333333333333332, 195220, 6246800, 13140, 6246800, 13130]] [9679408640.0, [2511.6666666666665, 3327912, 106001424, 38704, 103508112, 218266]] [735439192.0, [78.0, 254774, 8140312, 4526, 7767768, 16731]] [567131594409.5999, [1109.3500000000001, 191813655, 6138011769, 5340891, 6137123253, 14212794]] [2371582000.0, [80.04166666666666, 806651, 25807008, 29923, 25504800, 57136]]
Arch_Param: [64, 8192, 16384, 32, 512, 64]
SK_cost: [27785847163.35135, [116084.74324324324, 3628385, 116083900, 128865, 103639740, 183539233]] [24184042332.0, [101871.0, 2666607, 85328280, 86895, 85328280, 169873263]] [578213520.0, [6516.66666666657, 195220, 6246800, 13140, 6246800, 13130]] [30685256672.0, [111661.33333333023, 3553192, 113701904, 38704, 113701904, 210388252]] [2944745656.0, [10342.0, 329222, 10522648, 4126, 10347032, 20643910]] [1744928833881.5774, [7107532.350000086, 191813655, 6138011769, 5340891, 6138011769, 12275420379]] [50397825580.0, [207989.33333333334, 6611003, 211505504, 228899, 209972576, 322351120]]
Model_cost: [7123823198.864864, [330.9881756756757, 3202401, 102452412, 135009, 49399997, 114850]] [7556703324.0, [7467.0, 2666607, 85328280, 86895, 77870232, 184491]] [577589392.0, [15.333333333333332, 195220, 6246800, 13140, 6246800, 13130]] [9679408640.0, [2511.6666666666665, 3327912, 106001424, 38704, 103508112, 218266]] [735422808.0, [78.0, 254774, 8140312, 4270, 7767768, 16731]] [567131594409.5999, [1109.3500000000001, 191813655, 6138011769, 5340891, 6137123253, 14212794]] [2371557424.0, [80.04166666666666, 806651, 25807008, 29539, 25504800, 57136]]
Arch_Param: [64, 8192, 16384, 32, 512, 128]
SK_cost: [27785847163.35135, [116084.74324324324, 3628385, 116083900, 128865, 103639740, 183539233]] [24184042332.0, [101871.0, 2666607, 85328280, 86895, 85328280, 169873263]] [578213520.0, [6516.66666666657, 195220, 6246800, 13140, 6246800, 13130]] [30685256672.0, [111661.33333333023, 3553192, 113701904, 38704, 113701904, 210388252]] [2944745656.0, [10342.0, 329222, 10522648, 4126, 10347032, 20643910]] [1744928833881.5774, [7107532.350000086, 191813655, 6138011769, 5340891, 6138011769, 12275420379]] [50397825580.0, [207989.33333333334, 6611003, 211505504, 228899, 209972576, 322351120]]
Model_cost: [7123737182.864864, [330.9881756756757, 3202401, 102452412, 133665, 49399997, 114850]] [7556703324.0, [7467.0, 2666607, 85328280, 86895, 77870232, 184491]] [577589392.0, [15.333333333333332, 195220, 6246800, 13140, 6246800, 13130]] [9679408640.0, [2511.6666666666665, 3327912, 106001424, 38704, 103508112, 218266]] [735413304.0, [75.0, 254774, 8140312, 4126, 7767768, 16731]] [567131594409.5999, [1109.3500000000001, 191813655, 6138011769, 5340891, 6137123253, 14212794]] [2371557424.0, [80.04166666666666, 806651, 25807008, 29539, 25504800, 57136]]
Arch_Param: [64, 8192, 16384, 32, 512, 256]
SK_cost: [27785847163.35135, [116084.74324324324, 3628385, 116083900, 128865, 103639740, 183539233]] [24184042332.0, [101871.0, 2666607, 85328280, 86895, 85328280, 169873263]] [578213520.0, [6516.66666666657, 195220, 6246800, 13140, 6246800, 13130]] [30685256672.0, [111661.33333333023, 3553192, 113701904, 38704, 113701904, 210388252]] [2944745656.0, [10342.0, 329222, 10522648, 4126, 10347032, 20643910]] [1744928833881.5774, [7107532.350000086, 191813655, 6138011769, 5340891, 6138011769, 12275420379]] [50397825580.0, [207989.33333333334, 6611003, 211505504, 228899, 209972576, 322351120]]
Model_cost: [7123737182.864864, [330.9881756756757, 3202401, 102452412, 133665, 49399997, 114850]] [7556703324.0, [7467.0, 2666607, 85328280, 86895, 77870232, 184491]] [577589392.0, [15.333333333333332, 195220, 6246800, 13140, 6246800, 13130]] [9679408640.0, [2511.6666666666665, 3327912, 106001424, 38704, 103508112, 218266]] [735413304.0, [75.0, 254774, 8140312, 4126, 7767768, 16731]] [567131594409.5999, [1109.3500000000001, 191813655, 6138011769, 5340891, 6137123253, 14212794]] [2371557424.0, [80.04166666666666, 806651, 25807008, 29539, 25504800, 57136]]
Arch_Param: [64, 8192, 16384, 32, 512, 512]
SK_cost: [27785847163.35135, [116084.74324324324, 3628385, 116083900, 128865, 103639740, 183539233]] [24184042332.0, [101871.0, 2666607, 85328280, 86895, 85328280, 169873263]] [578213520.0, [6516.66666666657, 195220, 6246800, 13140, 6246800, 13130]] [30685256672.0, [111661.33333333023, 3553192, 113701904, 38704, 113701904, 210388252]] [2944745656.0, [10342.0, 329222, 10522648, 4126, 10347032, 20643910]] [1744928833881.5774, [7107532.350000086, 191813655, 6138011769, 5340891, 6138011769, 12275420379]] [50397825580.0, [207989.33333333334, 6611003, 211505504, 228899, 209972576, 322351120]]
Model_cost: [7123429790.864864, [328.9881756756757, 3202401, 102452412, 128865, 49399997, 114850]] [7556703324.0, [7467.0, 2666607, 85328280, 86895, 77870232, 184491]] [577589392.0, [15.333333333333332, 195220, 6246800, 13140, 6246800, 13130]] [9679408640.0, [2511.6666666666665, 3327912, 106001424, 38704, 103508112, 218266]] [735413304.0, [75.0, 254774, 8140312, 4126, 7767768, 16731]] [567131594409.5999, [1109.3500000000001, 191813655, 6138011769, 5340891, 6137123253, 14212794]] [2371557424.0, [80.04166666666666, 806651, 25807008, 29539, 25504800, 57136]]
Arch_Param: [64, 8192, 16384, 32, 1024, 16]
SK_cost: [27778594683.35135, [116084.74324324324, 1815265, 116083900, 128865, 103639740, 183539233]] [24178709340.0, [101871.0, 1333359, 85328280, 86895, 85328280, 169873263]] [577848040.0, [6516.66666666657, 104010, 6246800, 13130, 6246800, 13130]] [30678174608.0, [111661.33333333023, 1782996, 113701904, 38684, 113701904, 210388252]] [2944088248.0, [10342.0, 164870, 10522648, 4126, 10347032, 20643910]] [1744545208425.5774, [7107532.350000086, 95907291, 6138011769, 5340891, 6138011769, 12275420379]] [50384608956.0, [207989.33333333334, 3307295, 211505504, 228871, 209972576, 322351120]]
Model_cost: [7126038782.864864, [353.9881756756757, 1608417, 102452412, 260385, 49399997, 120738]] [7551370332.0, [7467.0, 1333359, 85328280, 86895, 77870232, 184491]] [577223912.0, [15.333333333333332, 104010, 6246800, 13130, 6246800, 13130]] [9672818096.0, [2511.6666666666665, 1680596, 106001424, 38684, 103508112, 218266]] [734930680.0, [78.0, 127646, 8140312, 4526, 7767768, 16731]] [566747968953.5999, [1109.3500000000001, 95907291, 6138011769, 5340891, 6137123253, 14212794]] [2369969344.0, [80.04166666666666, 403935, 25807008, 29895, 25504800, 57136]]
Arch_Param: [64, 8192, 16384, 32, 1024, 64]
SK_cost: [27778594683.35135, [116084.74324324324, 1815265, 116083900, 128865, 103639740, 183539233]] [24178709340.0, [101871.0, 1333359, 85328280, 86895, 85328280, 169873263]] [577848040.0, [6516.66666666657, 104010, 6246800, 13130, 6246800, 13130]] [30678174608.0, [111661.33333333023, 1782996, 113701904, 38684, 113701904, 210388252]] [2944088248.0, [10342.0, 164870, 10522648, 4126, 10347032, 20643910]] [1744545208425.5774, [7107532.350000086, 95907291, 6138011769, 5340891, 6138011769, 12275420379]] [50384608956.0, [207989.33333333334, 3307295, 211505504, 228871, 209972576, 322351120]]
Model_cost: [7117447262.864864, [330.9881756756757, 1608417, 102452412, 135009, 49399997, 114850]] [7551370332.0, [7467.0, 1333359, 85328280, 86895, 77870232, 184491]] [577223912.0, [15.333333333333332, 104010, 6246800, 13130, 6246800, 13130]] [9672818096.0, [2511.6666666666665, 1680596, 106001424, 38684, 103508112, 218266]] [734914296.0, [78.0, 127646, 8140312, 4270, 7767768, 16731]] [566747968953.5999, [1109.3500000000001, 95907291, 6138011769, 5340891, 6137123253, 14212794]] [2369943424.0, [82.04166666666667, 403551, 25807008, 29511, 25504800, 57136]]
Arch_Param: [64, 8192, 16384, 32, 1024, 128]
SK_cost: [27778594683.35135, [116084.74324324324, 1815265, 116083900, 128865, 103639740, 183539233]] [24178709340.0, [101871.0, 1333359, 85328280, 86895, 85328280, 169873263]] [577848040.0, [6516.66666666657, 104010, 6246800, 13130, 6246800, 13130]] [30678174608.0, [111661.33333333023, 1782996, 113701904, 38684, 113701904, 210388252]] [2944088248.0, [10342.0, 164870, 10522648, 4126, 10347032, 20643910]] [1744545208425.5774, [7107532.350000086, 95907291, 6138011769, 5340891, 6138011769, 12275420379]] [50384608956.0, [207989.33333333334, 3307295, 211505504, 228871, 209972576, 322351120]]
Model_cost: [7117355870.864864, [330.9881756756757, 1607073, 102452412, 133665, 49399997, 114850]] [7551370332.0, [7467.0, 1333359, 85328280, 86895, 77870232, 184491]] [577223912.0, [15.333333333333332, 104010, 6246800, 13130, 6246800, 13130]] [9672818096.0, [2511.6666666666665, 1680596, 106001424, 38684, 103508112, 218266]] [734904792.0, [75.0, 127646, 8140312, 4126, 7767768, 16731]] [566747968953.5999, [1109.3500000000001, 95907291, 6138011769, 5340891, 6137123253, 14212794]] [2369943424.0, [82.04166666666667, 403551, 25807008, 29511, 25504800, 57136]]
Arch_Param: [64, 8192, 16384, 32, 1024, 256]
SK_cost: [27778594683.35135, [116084.74324324324, 1815265, 116083900, 128865, 103639740, 183539233]] [24178709340.0, [101871.0, 1333359, 85328280, 86895, 85328280, 169873263]] [577848040.0, [6516.66666666657, 104010, 6246800, 13130, 6246800, 13130]] [30678174608.0, [111661.33333333023, 1782996, 113701904, 38684, 113701904, 210388252]] [2944088248.0, [10342.0, 164870, 10522648, 4126, 10347032, 20643910]] [1744545208425.5774, [7107532.350000086, 95907291, 6138011769, 5340891, 6138011769, 12275420379]] [50384608956.0, [207989.33333333334, 3307295, 211505504, 228871, 209972576, 322351120]]
Model_cost: [7117355870.864864, [330.9881756756757, 1607073, 102452412, 133665, 49399997, 114850]] [7551370332.0, [7467.0, 1333359, 85328280, 86895, 77870232, 184491]] [577223912.0, [15.333333333333332, 104010, 6246800, 13130, 6246800, 13130]] [9672818096.0, [2511.6666666666665, 1680596, 106001424, 38684, 103508112, 218266]] [734904792.0, [75.0, 127646, 8140312, 4126, 7767768, 16731]] [566747968953.5999, [1109.3500000000001, 95907291, 6138011769, 5340891, 6137123253, 14212794]] [2369943424.0, [82.04166666666667, 403551, 25807008, 29511, 25504800, 57136]]
Arch_Param: [64, 8192, 16384, 32, 1024, 512]
SK_cost: [27778594683.35135, [116084.74324324324, 1815265, 116083900, 128865, 103639740, 183539233]] [24178709340.0, [101871.0, 1333359, 85328280, 86895, 85328280, 169873263]] [577848040.0, [6516.66666666657, 104010, 6246800, 13130, 6246800, 13130]] [30678174608.0, [111661.33333333023, 1782996, 113701904, 38684, 113701904, 210388252]] [2944088248.0, [10342.0, 164870, 10522648, 4126, 10347032, 20643910]] [1744545208425.5774, [7107532.350000086, 95907291, 6138011769, 5340891, 6138011769, 12275420379]] [50384608956.0, [207989.33333333334, 3307295, 211505504, 228871, 209972576, 322351120]]
Model_cost: [7117029278.864864, [328.9881756756757, 1602273, 102452412, 128865, 49399997, 114850]] [7551370332.0, [7467.0, 1333359, 85328280, 86895, 77870232, 184491]] [577223912.0, [15.333333333333332, 104010, 6246800, 13130, 6246800, 13130]] [9672818096.0, [2511.6666666666665, 1680596, 106001424, 38684, 103508112, 218266]] [734904792.0, [75.0, 127646, 8140312, 4126, 7767768, 16731]] [566747968953.5999, [1109.3500000000001, 95907291, 6138011769, 5340891, 6137123253, 14212794]] [2369943424.0, [82.04166666666667, 403551, 25807008, 29511, 25504800, 57136]]
Arch_Param: [64, 8192, 8192, 4, 256, 16]
SK_cost: [178938156778.66666, [1520515.7777777778, 47352356, 757567868, 845252, 612137660, 1200535073]] [24204477276.0, [203631.0, 5333103, 85328280, 86895, 85328280, 169873263]] [579629880.0, [13130.0, 390430, 6246800, 13150, 6246800, 13130]] [30710209368.0, [223516.0, 7106374, 113701904, 38734, 113701904, 210388252]] [12234108600.0, [87558.0, 2772998, 44335128, 19654, 42754584, 85459014]] [1746378400008.0, [14214982.5, 383626383, 6138011769, 5340891, 6138011769, 12275420379]] [61955139544.0, [563098.6666666666, 17442934, 278760800, 474718, 244870496, 392146960]]
Model_cost: [34572284858.66667, [3791.152777777778, 41814564, 668963196, 1706852, 49399997, 120738]] [7568075484.0, [14823.0, 5333103, 85328280, 86895, 77870232, 184491]] [578371416.0, [21.0, 390430, 6246800, 13150, 6246800, 13130]] [9692879512.0, [5004.0, 6635334, 106001424, 38734, 103508112, 218266]] [2024283128.0, [711.0, 2171654, 34713624, 87366, 7767768, 19803]] [567898943928.0, [2136.5, 383626383, 6138011769, 5340891, 6137123253, 14212794]] [2716430420.0, [254.625, 2054902, 32837664, 66910, 25504800, 57136]]
Arch_Param: [64, 8192, 8192, 4, 256, 64]
SK_cost: [178938156778.66666, [1520515.7777777778, 47352356, 757567868, 845252, 612137660, 1200535073]] [24204477276.0, [203631.0, 5333103, 85328280, 86895, 85328280, 169873263]] [579629880.0, [13130.0, 390430, 6246800, 13150, 6246800, 13130]] [30710209368.0, [223516.0, 7106374, 113701904, 38734, 113701904, 210388252]] [12234108600.0, [87558.0, 2772998, 44335128, 19654, 42754584, 85459014]] [1746378400008.0, [14214982.5, 383626383, 6138011769, 5340891, 6138011769, 12275420379]] [61955139544.0, [563098.6666666666, 17442934, 278760800, 474718, 244870496, 392146960]]
Model_cost: [34572284858.66667, [3791.152777777778, 41814564, 668963196, 1706852, 49399997, 120738]] [7568075484.0, [14823.0, 5333103, 85328280, 86895, 77870232, 184491]] [578371416.0, [21.0, 390430, 6246800, 13150, 6246800, 13130]] [9692879512.0, [5004.0, 6635334, 106001424, 38734, 103508112, 218266]] [2019859448.0, [711.0, 2171654, 34713624, 22854, 7767768, 16731]] [567898943928.0, [2136.5, 383626383, 6138011769, 5340891, 6137123253, 14212794]] [2716168276.0, [254.625, 2054902, 32837664, 62814, 25504800, 57136]]
Arch_Param: [64, 8192, 8192, 4, 256, 128]
SK_cost: [178938156778.66666, [1520515.7777777778, 47352356, 757567868, 845252, 612137660, 1200535073]] [24204477276.0, [203631.0, 5333103, 85328280, 86895, 85328280, 169873263]] [579629880.0, [13130.0, 390430, 6246800, 13150, 6246800, 13130]] [30710209368.0, [223516.0, 7106374, 113701904, 38734, 113701904, 210388252]] [12234108600.0, [87558.0, 2772998, 44335128, 19654, 42754584, 85459014]] [1746378400008.0, [14214982.5, 383626383, 6138011769, 5340891, 6138011769, 12275420379]] [61955139544.0, [563098.6666666666, 17442934, 278760800, 474718, 244870496, 392146960]]
Model_cost: [34572284858.66667, [3791.152777777778, 41814564, 668963196, 1706852, 49399997, 120738]] [7568075484.0, [14823.0, 5333103, 85328280, 86895, 77870232, 184491]] [578371416.0, [21.0, 390430, 6246800, 13150, 6246800, 13130]] [9692879512.0, [5004.0, 6635334, 106001424, 38734, 103508112, 218266]] [2019859448.0, [711.0, 2171654, 34713624, 22854, 7767768, 16731]] [567898943928.0, [2136.5, 383626383, 6138011769, 5340891, 6137123253, 14212794]] [2716168276.0, [254.625, 2054902, 32837664, 62814, 25504800, 57136]]
Arch_Param: [64, 8192, 8192, 4, 256, 256]
SK_cost: [178938156778.66666, [1520515.7777777778, 47352356, 757567868, 845252, 612137660, 1200535073]] [24204477276.0, [203631.0, 5333103, 85328280, 86895, 85328280, 169873263]] [579629880.0, [13130.0, 390430, 6246800, 13150, 6246800, 13130]] [30710209368.0, [223516.0, 7106374, 113701904, 38734, 113701904, 210388252]] [12234108600.0, [87558.0, 2772998, 44335128, 19654, 42754584, 85459014]] [1746378400008.0, [14214982.5, 383626383, 6138011769, 5340891, 6138011769, 12275420379]] [61955139544.0, [563098.6666666666, 17442934, 278760800, 474718, 244870496, 392146960]]
Model_cost: [34519560986.66667, [3768.152777777778, 41814564, 668963196, 891908, 49399997, 114850]] [7568075484.0, [14823.0, 5333103, 85328280, 86895, 77870232, 184491]] [578371416.0, [21.0, 390430, 6246800, 13150, 6246800, 13130]] [9692879512.0, [5004.0, 6635334, 106001424, 38734, 103508112, 218266]] [2019728376.0, [711.0, 2171654, 34713624, 20806, 7767768, 16731]] [567898943928.0, [2136.5, 383626383, 6138011769, 5340891, 6137123253, 14212794]] [2716008244.0, [251.625, 2054902, 32837664, 60318, 25504800, 57136]]
Arch_Param: [64, 8192, 8192, 4, 512, 16]
SK_cost: [178843452958.66666, [1520515.7777777778, 23676449, 757567868, 845249, 612137660, 1200535073]] [24193811292.0, [203631.0, 2666607, 85328280, 86895, 85328280, 169873263]] [578848400.0, [13130.0, 195220, 6246800, 13140, 6246800, 13130]] [30695994720.0, [223516.0, 3553192, 113701904, 38704, 113701904, 210388252]] [12228570808.0, [87558.0, 1388550, 44335128, 19654, 42754584, 85459014]] [1745611149096.0, [14214982.5, 191813655, 6138011769, 5340891, 6138011769, 12275420379]] [61920249900.0, [563098.6666666666, 8721467, 278760800, 474659, 244870496, 392146960]]
Model_cost: [34488656622.66667, [3791.152777777778, 20907553, 668963196, 1706849, 49399997, 120738]] [7557409500.0, [14823.0, 2666607, 85328280, 86895, 77870232, 184491]] [577589936.0, [21.0, 195220, 6246800, 13140, 6246800, 13130]] [9679647904.0, [5004.0, 3327912, 106001424, 38704, 103508112, 218266]] [2019948024.0, [711.0, 1087878, 34713624, 87366, 7767768, 19803]] [567131693016.0, [2136.5, 191813655, 6138011769, 5340891, 6137123253, 14212794]] [2712316840.0, [254.625, 1027451, 32837664, 66851, 25504800, 57136]]
Arch_Param: [64, 8192, 8192, 4, 512, 64]
SK_cost: [178843452958.66666, [1520515.7777777778, 23676449, 757567868, 845249, 612137660, 1200535073]] [24193811292.0, [203631.0, 2666607, 85328280, 86895, 85328280, 169873263]] [578848400.0, [13130.0, 195220, 6246800, 13140, 6246800, 13130]] [30695994720.0, [223516.0, 3553192, 113701904, 38704, 113701904, 210388252]] [12228570808.0, [87558.0, 1388550, 44335128, 19654, 42754584, 85459014]] [1745611149096.0, [14214982.5, 191813655, 6138011769, 5340891, 6138011769, 12275420379]] [61920249900.0, [563098.6666666666, 8721467, 278760800, 474659, 244870496, 392146960]]
Model_cost: [34488656622.66667, [3791.152777777778, 20907553, 668963196, 1706849, 49399997, 120738]] [7557409500.0, [14823.0, 2666607, 85328280, 86895, 77870232, 184491]] [577589936.0, [21.0, 195220, 6246800, 13140, 6246800, 13130]] [9679647904.0, [5004.0, 3327912, 106001424, 38704, 103508112, 218266]] [2015524344.0, [711.0, 1087878, 34713624, 22854, 7767768, 16731]] [567131693016.0, [2136.5, 191813655, 6138011769, 5340891, 6137123253, 14212794]] [2712054696.0, [254.625, 1027451, 32837664, 62755, 25504800, 57136]]
Arch_Param: [64, 8192, 8192, 4, 512, 128]
SK_cost: [178843452958.66666, [1520515.7777777778, 23676449, 757567868, 845249, 612137660, 1200535073]] [24193811292.0, [203631.0, 2666607, 85328280, 86895, 85328280, 169873263]] [578848400.0, [13130.0, 195220, 6246800, 13140, 6246800, 13130]] [30695994720.0, [223516.0, 3553192, 113701904, 38704, 113701904, 210388252]] [12228570808.0, [87558.0, 1388550, 44335128, 19654, 42754584, 85459014]] [1745611149096.0, [14214982.5, 191813655, 6138011769, 5340891, 6138011769, 12275420379]] [61920249900.0, [563098.6666666666, 8721467, 278760800, 474659, 244870496, 392146960]]
Model_cost: [34488656622.66667, [3791.152777777778, 20907553, 668963196, 1706849, 49399997, 120738]] [7557409500.0, [14823.0, 2666607, 85328280, 86895, 77870232, 184491]] [577589936.0, [21.0, 195220, 6246800, 13140, 6246800, 13130]] [9679647904.0, [5004.0, 3327912, 106001424, 38704, 103508112, 218266]] [2015524344.0, [711.0, 1087878, 34713624, 22854, 7767768, 16731]] [567131693016.0, [2136.5, 191813655, 6138011769, 5340891, 6137123253, 14212794]] [2712054696.0, [254.625, 1027451, 32837664, 62755, 25504800, 57136]]
Arch_Param: [64, 8192, 8192, 4, 512, 256]
SK_cost: [178843452958.66666, [1520515.7777777778, 23676449, 757567868, 845249, 612137660, 1200535073]] [24193811292.0, [203631.0, 2666607, 85328280, 86895, 85328280, 169873263]] [578848400.0, [13130.0, 195220, 6246800, 13140, 6246800, 13130]] [30695994720.0, [223516.0, 3553192, 113701904, 38704, 113701904, 210388252]] [12228570808.0, [87558.0, 1388550, 44335128, 19654, 42754584, 85459014]] [1745611149096.0, [14214982.5, 191813655, 6138011769, 5340891, 6138011769, 12275420379]] [61920249900.0, [563098.6666666666, 8721467, 278760800, 474659, 244870496, 392146960]]
Model_cost: [34435932750.66667, [3768.152777777778, 20907553, 668963196, 891905, 49399997, 114850]] [7557409500.0, [14823.0, 2666607, 85328280, 86895, 77870232, 184491]] [577589936.0, [21.0, 195220, 6246800, 13140, 6246800, 13130]] [9679647904.0, [5004.0, 3327912, 106001424, 38704, 103508112, 218266]] [2015393272.0, [711.0, 1087878, 34713624, 20806, 7767768, 16731]] [567131693016.0, [2136.5, 191813655, 6138011769, 5340891, 6137123253, 14212794]] [2711894664.0, [251.625, 1027451, 32837664, 60259, 25504800, 57136]]
Arch_Param: [64, 8192, 8192, 4, 512, 512]
SK_cost: [178843452958.66666, [1520515.7777777778, 23676449, 757567868, 845249, 612137660, 1200535073]] [24193811292.0, [203631.0, 2666607, 85328280, 86895, 85328280, 169873263]] [578848400.0, [13130.0, 195220, 6246800, 13140, 6246800, 13130]] [30695994720.0, [223516.0, 3553192, 113701904, 38704, 113701904, 210388252]] [12228570808.0, [87558.0, 1388550, 44335128, 19654, 42754584, 85459014]] [1745611149096.0, [14214982.5, 191813655, 6138011769, 5340891, 6138011769, 12275420379]] [61920249900.0, [563098.6666666666, 8721467, 278760800, 474659, 244870496, 392146960]]
Model_cost: [34435932750.66667, [3768.152777777778, 20907553, 668963196, 891905, 49399997, 114850]] [7557409500.0, [14823.0, 2666607, 85328280, 86895, 77870232, 184491]] [577589936.0, [21.0, 195220, 6246800, 13140, 6246800, 13130]] [9679647904.0, [5004.0, 3327912, 106001424, 38704, 103508112, 218266]] [2015393272.0, [711.0, 1087878, 34713624, 20806, 7767768, 16731]] [567131693016.0, [2136.5, 191813655, 6138011769, 5340891, 6137123253, 14212794]] [2711894664.0, [251.625, 1027451, 32837664, 60259, 25504800, 57136]]
Arch_Param: [64, 8192, 8192, 4, 1024, 16]
SK_cost: [178796125982.66666, [1520515.7777777778, 11844705, 757567868, 845249, 612137660, 1200535073]] [24188478300.0, [203631.0, 1333359, 85328280, 86895, 85328280, 169873263]] [578482920.0, [13130.0, 104010, 6246800, 13130, 6246800, 13130]] [30688912656.0, [223516.0, 1782996, 113701904, 38684, 113701904, 210388252]] [12225801912.0, [87558.0, 696326, 44335128, 19654, 42754584, 85459014]] [1745227523640.0, [14214982.5, 95907291, 6138011769, 5340891, 6138011769, 12275420379]] [61902855356.0, [563098.6666666666, 4373279, 278760800, 474631, 244870496, 392146960]]
Model_cost: [34447054062.66667, [3791.152777777778, 10506913, 668963196, 1706849, 49399997, 120738]] [7552076508.0, [14823.0, 1333359, 85328280, 86895, 77870232, 184491]] [577224456.0, [21.0, 104010, 6246800, 13130, 6246800, 13130]] [9673057360.0, [5004.0, 1680596, 106001424, 38684, 103508112, 218266]] [2017780472.0, [711.0, 545990, 34713624, 87366, 7767768, 19803]] [566748067560.0, [2136.5, 95907291, 6138011769, 5340891, 6137123253, 14212794]] [2710276408.0, [254.625, 517791, 32837664, 66823, 25504800, 57136]]
Arch_Param: [64, 8192, 8192, 4, 1024, 64]
SK_cost: [178796125982.66666, [1520515.7777777778, 11844705, 757567868, 845249, 612137660, 1200535073]] [24188478300.0, [203631.0, 1333359, 85328280, 86895, 85328280, 169873263]] [578482920.0, [13130.0, 104010, 6246800, 13130, 6246800, 13130]] [30688912656.0, [223516.0, 1782996, 113701904, 38684, 113701904, 210388252]] [12225801912.0, [87558.0, 696326, 44335128, 19654, 42754584, 85459014]] [1745227523640.0, [14214982.5, 95907291, 6138011769, 5340891, 6138011769, 12275420379]] [61902855356.0, [563098.6666666666, 4373279, 278760800, 474631, 244870496, 392146960]]
Model_cost: [34447054062.66667, [3791.152777777778, 10506913, 668963196, 1706849, 49399997, 120738]] [7552076508.0, [14823.0, 1333359, 85328280, 86895, 77870232, 184491]] [577224456.0, [21.0, 104010, 6246800, 13130, 6246800, 13130]] [9673057360.0, [5004.0, 1680596, 106001424, 38684, 103508112, 218266]] [2013356792.0, [711.0, 545990, 34713624, 22854, 7767768, 16731]] [566748067560.0, [2136.5, 95907291, 6138011769, 5340891, 6137123253, 14212794]] [2710014264.0, [254.625, 517791, 32837664, 62727, 25504800, 57136]]
Arch_Param: [64, 8192, 8192, 4, 1024, 128]
SK_cost: [178796125982.66666, [1520515.7777777778, 11844705, 757567868, 845249, 612137660, 1200535073]] [24188478300.0, [203631.0, 1333359, 85328280, 86895, 85328280, 169873263]] [578482920.0, [13130.0, 104010, 6246800, 13130, 6246800, 13130]] [30688912656.0, [223516.0, 1782996, 113701904, 38684, 113701904, 210388252]] [12225801912.0, [87558.0, 696326, 44335128, 19654, 42754584, 85459014]] [1745227523640.0, [14214982.5, 95907291, 6138011769, 5340891, 6138011769, 12275420379]] [61902855356.0, [563098.6666666666, 4373279, 278760800, 474631, 244870496, 392146960]]
Model_cost: [34447054062.66667, [3791.152777777778, 10506913, 668963196, 1706849, 49399997, 120738]] [7552076508.0, [14823.0, 1333359, 85328280, 86895, 77870232, 184491]] [577224456.0, [21.0, 104010, 6246800, 13130, 6246800, 13130]] [9673057360.0, [5004.0, 1680596, 106001424, 38684, 103508112, 218266]] [2013356792.0, [711.0, 545990, 34713624, 22854, 7767768, 16731]] [566748067560.0, [2136.5, 95907291, 6138011769, 5340891, 6137123253, 14212794]] [2710014264.0, [254.625, 517791, 32837664, 62727, 25504800, 57136]]
Arch_Param: [64, 8192, 8192, 4, 1024, 256]
SK_cost: [178796125982.66666, [1520515.7777777778, 11844705, 757567868, 845249, 612137660, 1200535073]] [24188478300.0, [203631.0, 1333359, 85328280, 86895, 85328280, 169873263]] [578482920.0, [13130.0, 104010, 6246800, 13130, 6246800, 13130]] [30688912656.0, [223516.0, 1782996, 113701904, 38684, 113701904, 210388252]] [12225801912.0, [87558.0, 696326, 44335128, 19654, 42754584, 85459014]] [1745227523640.0, [14214982.5, 95907291, 6138011769, 5340891, 6138011769, 12275420379]] [61902855356.0, [563098.6666666666, 4373279, 278760800, 474631, 244870496, 392146960]]
Model_cost: [34394330190.66667, [3768.152777777778, 10506913, 668963196, 891905, 49399997, 114850]] [7552076508.0, [14823.0, 1333359, 85328280, 86895, 77870232, 184491]] [577224456.0, [21.0, 104010, 6246800, 13130, 6246800, 13130]] [9673057360.0, [5004.0, 1680596, 106001424, 38684, 103508112, 218266]] [2013225720.0, [711.0, 545990, 34713624, 20806, 7767768, 16731]] [566748067560.0, [2136.5, 95907291, 6138011769, 5340891, 6137123253, 14212794]] [2709844248.0, [251.625, 515295, 32837664, 60231, 25504800, 57136]]
Arch_Param: [64, 8192, 8192, 4, 1024, 512]
SK_cost: [178796125982.66666, [1520515.7777777778, 11844705, 757567868, 845249, 612137660, 1200535073]] [24188478300.0, [203631.0, 1333359, 85328280, 86895, 85328280, 169873263]] [578482920.0, [13130.0, 104010, 6246800, 13130, 6246800, 13130]] [30688912656.0, [223516.0, 1782996, 113701904, 38684, 113701904, 210388252]] [12225801912.0, [87558.0, 696326, 44335128, 19654, 42754584, 85459014]] [1745227523640.0, [14214982.5, 95907291, 6138011769, 5340891, 6138011769, 12275420379]] [61902855356.0, [563098.6666666666, 4373279, 278760800, 474631, 244870496, 392146960]]
Model_cost: [34394330190.66667, [3768.152777777778, 10506913, 668963196, 891905, 49399997, 114850]] [7552076508.0, [14823.0, 1333359, 85328280, 86895, 77870232, 184491]] [577224456.0, [21.0, 104010, 6246800, 13130, 6246800, 13130]] [9673057360.0, [5004.0, 1680596, 106001424, 38684, 103508112, 218266]] [2013225720.0, [711.0, 545990, 34713624, 20806, 7767768, 16731]] [566748067560.0, [2136.5, 95907291, 6138011769, 5340891, 6137123253, 14212794]] [2709844248.0, [251.625, 515295, 32837664, 60231, 25504800, 57136]]
Arch_Param: [64, 8192, 8192, 8, 256, 16]
SK_cost: [96310645653.33333, [815146.8888888889, 25429668, 406835900, 451588, 334121660, 644503073]] [24204477276.0, [203631.0, 5333103, 85328280, 86895, 85328280, 169873263]] [579629880.0, [13130.0, 390430, 6246800, 13150, 6246800, 13130]] [30710209368.0, [223516.0, 7106374, 113701904, 38734, 113701904, 210388252]] [6117611192.0, [43782.0, 1386502, 22167576, 9830, 21389848, 42729542]] [1746378400008.0, [14214982.5, 383626383, 6138011769, 5340891, 6138011769, 12275420379]] [54702528472.0, [472602.6666666667, 14813302, 236846432, 329310, 222784864, 347975696]]
Model_cost: [19571704405.333336, [2128.7638888888887, 22447780, 359125692, 913828, 49399997, 120738]] [7568075484.0, [14823.0, 5333103, 85328280, 86895, 77870232, 184491]] [578371416.0, [21.0, 390430, 6246800, 13150, 6246800, 13130]] [9692879512.0, [5004.0, 6635334, 106001424, 38734, 103508112, 218266]] [1183987576.0, [395.0, 1085830, 17356824, 43686, 7767768, 19803]] [567898943928.0, [2136.5, 383626383, 6138011769, 5340891, 6137123253, 14212794]] [2506524492.0, [187.875, 1783542, 28515872, 45534, 25504800, 57136]]
Arch_Param: [64, 8192, 8192, 8, 256, 64]
SK_cost: [96310645653.33333, [815146.8888888889, 25429668, 406835900, 451588, 334121660, 644503073]] [24204477276.0, [203631.0, 5333103, 85328280, 86895, 85328280, 169873263]] [579629880.0, [13130.0, 390430, 6246800, 13150, 6246800, 13130]] [30710209368.0, [223516.0, 7106374, 113701904, 38734, 113701904, 210388252]] [6117611192.0, [43782.0, 1386502, 22167576, 9830, 21389848, 42729542]] [1746378400008.0, [14214982.5, 383626383, 6138011769, 5340891, 6138011769, 12275420379]] [54702528472.0, [472602.6666666667, 14813302, 236846432, 329310, 222784864, 347975696]]
Model_cost: [19571704405.333336, [2128.7638888888887, 22447780, 359125692, 913828, 49399997, 120738]] [7568075484.0, [14823.0, 5333103, 85328280, 86895, 77870232, 184491]] [578371416.0, [21.0, 390430, 6246800, 13150, 6246800, 13130]] [9692879512.0, [5004.0, 6635334, 106001424, 38734, 103508112, 218266]] [1181624824.0, [359.0, 1085830, 17356824, 11430, 7767768, 16731]] [567898943928.0, [2136.5, 383626383, 6138011769, 5340891, 6137123253, 14212794]] [2506393036.0, [183.875, 1783542, 28515872, 43486, 25504800, 57136]]
Arch_Param: [64, 8192, 8192, 8, 256, 128]
SK_cost: [96310645653.33333, [815146.8888888889, 25429668, 406835900, 451588, 334121660, 644503073]] [24204477276.0, [203631.0, 5333103, 85328280, 86895, 85328280, 169873263]] [579629880.0, [13130.0, 390430, 6246800, 13150, 6246800, 13130]] [30710209368.0, [223516.0, 7106374, 113701904, 38734, 113701904, 210388252]] [6117611192.0, [43782.0, 1386502, 22167576, 9830, 21389848, 42729542]] [1746378400008.0, [14214982.5, 383626383, 6138011769, 5340891, 6138011769, 12275420379]] [54702528472.0, [472602.6666666667, 14813302, 236846432, 329310, 222784864, 347975696]]
Model_cost: [19543045333.333336, [2028.763888888889, 22447780, 359125692, 475012, 49399997, 114850]] [7568075484.0, [14823.0, 5333103, 85328280, 86895, 77870232, 184491]] [578371416.0, [21.0, 390430, 6246800, 13150, 6246800, 13130]] [9692879512.0, [5004.0, 6635334, 106001424, 38734, 103508112, 218266]] [1181559288.0, [359.0, 1085830, 17356824, 10406, 7767768, 16731]] [567898943928.0, [2136.5, 383626383, 6138011769, 5340891, 6137123253, 14212794]] [2506307020.0, [183.875, 1783542, 28515872, 42142, 25504800, 57136]]
Arch_Param: [64, 8192, 8192, 8, 256, 256]
SK_cost: [96310645653.33333, [815146.8888888889, 25429668, 406835900, 451588, 334121660, 644503073]] [24204477276.0, [203631.0, 5333103, 85328280, 86895, 85328280, 169873263]] [579629880.0, [13130.0, 390430, 6246800, 13150, 6246800, 13130]] [30710209368.0, [223516.0, 7106374, 113701904, 38734, 113701904, 210388252]] [6117611192.0, [43782.0, 1386502, 22167576, 9830, 21389848, 42729542]] [1746378400008.0, [14214982.5, 383626383, 6138011769, 5340891, 6138011769, 12275420379]] [54702528472.0, [472602.6666666667, 14813302, 236846432, 329310, 222784864, 347975696]]
Model_cost: [19543045333.333336, [2028.763888888889, 22447780, 359125692, 475012, 49399997, 114850]] [7568075484.0, [14823.0, 5333103, 85328280, 86895, 77870232, 184491]] [578371416.0, [21.0, 390430, 6246800, 13150, 6246800, 13130]] [9692879512.0, [5004.0, 6635334, 106001424, 38734, 103508112, 218266]] [1181559288.0, [359.0, 1085830, 17356824, 10406, 7767768, 16731]] [567898943928.0, [2136.5, 383626383, 6138011769, 5340891, 6137123253, 14212794]] [2506307020.0, [183.875, 1783542, 28515872, 42142, 25504800, 57136]]
Arch_Param: [64, 8192, 8192, 8, 512, 16]
SK_cost: [96259787209.33333, [815146.8888888889, 12715105, 406835900, 451585, 334121660, 644503073]] [24193811292.0, [203631.0, 2666607, 85328280, 86895, 85328280, 169873263]] [578848400.0, [13130.0, 195220, 6246800, 13140, 6246800, 13130]] [30695994720.0, [223516.0, 3553192, 113701904, 38704, 113701904, 210388252]] [6114842296.0, [43782.0, 694278, 22167576, 9830, 21389848, 42729542]] [1745611149096.0, [14214982.5, 191813655, 6138011769, 5340891, 6138011769, 12275420379]] [54672898092.0, [472602.6666666667, 7406651, 236846432, 329251, 222784864, 347975696]]
Model_cost: [19526809737.333336, [2128.7638888888887, 11224161, 359125692, 913825, 49399997, 120738]] [7557409500.0, [14823.0, 2666607, 85328280, 86895, 77870232, 184491]] [577589936.0, [21.0, 195220, 6246800, 13140, 6246800, 13130]] [9679647904.0, [5004.0, 3327912, 106001424, 38704, 103508112, 218266]] [1181820024.0, [395.0, 543942, 17356824, 43686, 7767768, 19803]] [567131693016.0, [2136.5, 191813655, 6138011769, 5340891, 6137123253, 14212794]] [2502953632.0, [187.875, 891771, 28515872, 45475, 25504800, 57136]]
Arch_Param: [64, 8192, 8192, 8, 512, 64]
SK_cost: [96259787209.33333, [815146.8888888889, 12715105, 406835900, 451585, 334121660, 644503073]] [24193811292.0, [203631.0, 2666607, 85328280, 86895, 85328280, 169873263]] [578848400.0, [13130.0, 195220, 6246800, 13140, 6246800, 13130]] [30695994720.0, [223516.0, 3553192, 113701904, 38704, 113701904, 210388252]] [6114842296.0, [43782.0, 694278, 22167576, 9830, 21389848, 42729542]] [1745611149096.0, [14214982.5, 191813655, 6138011769, 5340891, 6138011769, 12275420379]] [54672898092.0, [472602.6666666667, 7406651, 236846432, 329251, 222784864, 347975696]]
Model_cost: [19526809737.333336, [2128.7638888888887, 11224161, 359125692, 913825, 49399997, 120738]] [7557409500.0, [14823.0, 2666607, 85328280, 86895, 77870232, 184491]] [577589936.0, [21.0, 195220, 6246800, 13140, 6246800, 13130]] [9679647904.0, [5004.0, 3327912, 106001424, 38704, 103508112, 218266]] [1179457272.0, [359.0, 543942, 17356824, 11430, 7767768, 16731]] [567131693016.0, [2136.5, 191813655, 6138011769, 5340891, 6137123253, 14212794]] [2502822176.0, [183.875, 891771, 28515872, 43427, 25504800, 57136]]
Arch_Param: [64, 8192, 8192, 8, 512, 128]
SK_cost: [96259787209.33333, [815146.8888888889, 12715105, 406835900, 451585, 334121660, 644503073]] [24193811292.0, [203631.0, 2666607, 85328280, 86895, 85328280, 169873263]] [578848400.0, [13130.0, 195220, 6246800, 13140, 6246800, 13130]] [30695994720.0, [223516.0, 3553192, 113701904, 38704, 113701904, 210388252]] [6114842296.0, [43782.0, 694278, 22167576, 9830, 21389848, 42729542]] [1745611149096.0, [14214982.5, 191813655, 6138011769, 5340891, 6138011769, 12275420379]] [54672898092.0, [472602.6666666667, 7406651, 236846432, 329251, 222784864, 347975696]]
Model_cost: [19498150665.333336, [2028.763888888889, 11224161, 359125692, 475009, 49399997, 114850]] [7557409500.0, [14823.0, 2666607, 85328280, 86895, 77870232, 184491]] [577589936.0, [21.0, 195220, 6246800, 13140, 6246800, 13130]] [9679647904.0, [5004.0, 3327912, 106001424, 38704, 103508112, 218266]] [1179391736.0, [359.0, 543942, 17356824, 10406, 7767768, 16731]] [567131693016.0, [2136.5, 191813655, 6138011769, 5340891, 6137123253, 14212794]] [2502736160.0, [183.875, 891771, 28515872, 42083, 25504800, 57136]]
Arch_Param: [64, 8192, 8192, 8, 512, 256]
SK_cost: [96259787209.33333, [815146.8888888889, 12715105, 406835900, 451585, 334121660, 644503073]] [24193811292.0, [203631.0, 2666607, 85328280, 86895, 85328280, 169873263]] [578848400.0, [13130.0, 195220, 6246800, 13140, 6246800, 13130]] [30695994720.0, [223516.0, 3553192, 113701904, 38704, 113701904, 210388252]] [6114842296.0, [43782.0, 694278, 22167576, 9830, 21389848, 42729542]] [1745611149096.0, [14214982.5, 191813655, 6138011769, 5340891, 6138011769, 12275420379]] [54672898092.0, [472602.6666666667, 7406651, 236846432, 329251, 222784864, 347975696]]
Model_cost: [19498150665.333336, [2028.763888888889, 11224161, 359125692, 475009, 49399997, 114850]] [7557409500.0, [14823.0, 2666607, 85328280, 86895, 77870232, 184491]] [577589936.0, [21.0, 195220, 6246800, 13140, 6246800, 13130]] [9679647904.0, [5004.0, 3327912, 106001424, 38704, 103508112, 218266]] [1179391736.0, [359.0, 543942, 17356824, 10406, 7767768, 16731]] [567131693016.0, [2136.5, 191813655, 6138011769, 5340891, 6137123253, 14212794]] [2502736160.0, [183.875, 891771, 28515872, 42083, 25504800, 57136]]
Arch_Param: [64, 8192, 8192, 8, 512, 512]
SK_cost: [96259787209.33333, [815146.8888888889, 12715105, 406835900, 451585, 334121660, 644503073]] [24193811292.0, [203631.0, 2666607, 85328280, 86895, 85328280, 169873263]] [578848400.0, [13130.0, 195220, 6246800, 13140, 6246800, 13130]] [30695994720.0, [223516.0, 3553192, 113701904, 38704, 113701904, 210388252]] [6114842296.0, [43782.0, 694278, 22167576, 9830, 21389848, 42729542]] [1745611149096.0, [14214982.5, 191813655, 6138011769, 5340891, 6138011769, 12275420379]] [54672898092.0, [472602.6666666667, 7406651, 236846432, 329251, 222784864, 347975696]]
Model_cost: [19497843177.333336, [2025.763888888889, 11224161, 359125692, 470209, 49399997, 114850]] [7557409500.0, [14823.0, 2666607, 85328280, 86895, 77870232, 184491]] [577589936.0, [21.0, 195220, 6246800, 13140, 6246800, 13130]] [9679647904.0, [5004.0, 3327912, 106001424, 38704, 103508112, 218266]] [1179354872.0, [359.0, 543942, 17356824, 9830, 7767768, 16731]] [567131693016.0, [2136.5, 191813655, 6138011769, 5340891, 6137123253, 14212794]] [2502736160.0, [183.875, 891771, 28515872, 42083, 25504800, 57136]]
Arch_Param: [64, 8192, 8192, 8, 1024, 16]
SK_cost: [96234370505.33333, [815146.8888888889, 6360929, 406835900, 451585, 334121660, 644503073]] [24188478300.0, [203631.0, 1333359, 85328280, 86895, 85328280, 169873263]] [578482920.0, [13130.0, 104010, 6246800, 13130, 6246800, 13130]] [30688912656.0, [223516.0, 1782996, 113701904, 38684, 113701904, 210388252]] [6113457848.0, [43782.0, 348166, 22167576, 9830, 21389848, 42729542]] [1745227523640.0, [14214982.5, 95907291, 6138011769, 5340891, 6138011769, 12275420379]] [54658108604.0, [472602.6666666667, 3709727, 236846432, 329223, 222784864, 347975696]]
Model_cost: [19504468617.333336, [2128.7638888888887, 5638881, 359125692, 913825, 49399997, 120738]] [7552076508.0, [14823.0, 1333359, 85328280, 86895, 77870232, 184491]] [577224456.0, [21.0, 104010, 6246800, 13130, 6246800, 13130]] [9673057360.0, [5004.0, 1680596, 106001424, 38684, 103508112, 218266]] [1180736248.0, [395.0, 272998, 17356824, 43686, 7767768, 19803]] [566748067560.0, [2136.5, 95907291, 6138011769, 5340891, 6137123253, 14212794]] [2501176880.0, [187.875, 448031, 28515872, 45447, 25504800, 57136]]
Arch_Param: [64, 8192, 8192, 8, 1024, 64]
SK_cost: [96234370505.33333, [815146.8888888889, 6360929, 406835900, 451585, 334121660, 644503073]] [24188478300.0, [203631.0, 1333359, 85328280, 86895, 85328280, 169873263]] [578482920.0, [13130.0, 104010, 6246800, 13130, 6246800, 13130]] [30688912656.0, [223516.0, 1782996, 113701904, 38684, 113701904, 210388252]] [6113457848.0, [43782.0, 348166, 22167576, 9830, 21389848, 42729542]] [1745227523640.0, [14214982.5, 95907291, 6138011769, 5340891, 6138011769, 12275420379]] [54658108604.0, [472602.6666666667, 3709727, 236846432, 329223, 222784864, 347975696]]
Model_cost: [19504468617.333336, [2128.7638888888887, 5638881, 359125692, 913825, 49399997, 120738]] [7552076508.0, [14823.0, 1333359, 85328280, 86895, 77870232, 184491]] [577224456.0, [21.0, 104010, 6246800, 13130, 6246800, 13130]] [9673057360.0, [5004.0, 1680596, 106001424, 38684, 103508112, 218266]] [1178373496.0, [359.0, 272998, 17356824, 11430, 7767768, 16731]] [566748067560.0, [2136.5, 95907291, 6138011769, 5340891, 6137123253, 14212794]] [2501045424.0, [183.875, 448031, 28515872, 43399, 25504800, 57136]]
Arch_Param: [64, 8192, 8192, 8, 1024, 128]
SK_cost: [96234370505.33333, [815146.8888888889, 6360929, 406835900, 451585, 334121660, 644503073]] [24188478300.0, [203631.0, 1333359, 85328280, 86895, 85328280, 169873263]] [578482920.0, [13130.0, 104010, 6246800, 13130, 6246800, 13130]] [30688912656.0, [223516.0, 1782996, 113701904, 38684, 113701904, 210388252]] [6113457848.0, [43782.0, 348166, 22167576, 9830, 21389848, 42729542]] [1745227523640.0, [14214982.5, 95907291, 6138011769, 5340891, 6138011769, 12275420379]] [54658108604.0, [472602.6666666667, 3709727, 236846432, 329223, 222784864, 347975696]]
Model_cost: [19475809545.333336, [2028.763888888889, 5638881, 359125692, 475009, 49399997, 114850]] [7552076508.0, [14823.0, 1333359, 85328280, 86895, 77870232, 184491]] [577224456.0, [21.0, 104010, 6246800, 13130, 6246800, 13130]] [9673057360.0, [5004.0, 1680596, 106001424, 38684, 103508112, 218266]] [1178307960.0, [359.0, 272998, 17356824, 10406, 7767768, 16731]] [566748067560.0, [2136.5, 95907291, 6138011769, 5340891, 6137123253, 14212794]] [2500954032.0, [183.875, 446687, 28515872, 42055, 25504800, 57136]]
Arch_Param: [64, 8192, 8192, 8, 1024, 256]
SK_cost: [96234370505.33333, [815146.8888888889, 6360929, 406835900, 451585, 334121660, 644503073]] [24188478300.0, [203631.0, 1333359, 85328280, 86895, 85328280, 169873263]] [578482920.0, [13130.0, 104010, 6246800, 13130, 6246800, 13130]] [30688912656.0, [223516.0, 1782996, 113701904, 38684, 113701904, 210388252]] [6113457848.0, [43782.0, 348166, 22167576, 9830, 21389848, 42729542]] [1745227523640.0, [14214982.5, 95907291, 6138011769, 5340891, 6138011769, 12275420379]] [54658108604.0, [472602.6666666667, 3709727, 236846432, 329223, 222784864, 347975696]]
Model_cost: [19475809545.333336, [2028.763888888889, 5638881, 359125692, 475009, 49399997, 114850]] [7552076508.0, [14823.0, 1333359, 85328280, 86895, 77870232, 184491]] [577224456.0, [21.0, 104010, 6246800, 13130, 6246800, 13130]] [9673057360.0, [5004.0, 1680596, 106001424, 38684, 103508112, 218266]] [1178307960.0, [359.0, 272998, 17356824, 10406, 7767768, 16731]] [566748067560.0, [2136.5, 95907291, 6138011769, 5340891, 6137123253, 14212794]] [2500954032.0, [183.875, 446687, 28515872, 42055, 25504800, 57136]]
Arch_Param: [64, 8192, 8192, 8, 1024, 512]
SK_cost: [96234370505.33333, [815146.8888888889, 6360929, 406835900, 451585, 334121660, 644503073]] [24188478300.0, [203631.0, 1333359, 85328280, 86895, 85328280, 169873263]] [578482920.0, [13130.0, 104010, 6246800, 13130, 6246800, 13130]] [30688912656.0, [223516.0, 1782996, 113701904, 38684, 113701904, 210388252]] [6113457848.0, [43782.0, 348166, 22167576, 9830, 21389848, 42729542]] [1745227523640.0, [14214982.5, 95907291, 6138011769, 5340891, 6138011769, 12275420379]] [54658108604.0, [472602.6666666667, 3709727, 236846432, 329223, 222784864, 347975696]]
Model_cost: [19475482857.333336, [2025.763888888889, 5634081, 359125692, 470209, 49399997, 114850]] [7552076508.0, [14823.0, 1333359, 85328280, 86895, 77870232, 184491]] [577224456.0, [21.0, 104010, 6246800, 13130, 6246800, 13130]] [9673057360.0, [5004.0, 1680596, 106001424, 38684, 103508112, 218266]] [1178271096.0, [359.0, 272998, 17356824, 9830, 7767768, 16731]] [566748067560.0, [2136.5, 95907291, 6138011769, 5340891, 6137123253, 14212794]] [2500954032.0, [183.875, 446687, 28515872, 42055, 25504800, 57136]]
Arch_Param: [64, 8192, 8192, 16, 256, 16]
SK_cost: [55012676501.333336, [462656.22222222225, 14471844, 231526076, 254884, 195168956, 366597665]] [24204477276.0, [203631.0, 5333103, 85328280, 86895, 85328280, 169873263]] [579629880.0, [13130.0, 390430, 6246800, 13150, 6246800, 13130]] [30710209368.0, [223516.0, 7106374, 113701904, 38734, 113701904, 210388252]] [3059362488.0, [21894.0, 693254, 11083800, 4918, 10707480, 21364806]] [1746378400008.0, [14214982.5, 383626383, 6138011769, 5340891, 6138011769, 12275420379]] [51076222936.0, [427354.6666666666, 13498486, 215889248, 256606, 211742048, 325890064]]
Model_cost: [12074123781.333332, [1146.5972222222222, 12767908, 204263100, 517540, 49399997, 120738]] [7568075484.0, [14823.0, 5333103, 85328280, 86895, 77870232, 184491]] [578371416.0, [21.0, 390430, 6246800, 13150, 6246800, 13130]] [9692879512.0, [5004.0, 6635334, 106001424, 38734, 103508112, 218266]] [762508088.0, [189.0, 542918, 8678424, 5718, 7767768, 16731]] [567898943928.0, [2136.5, 383626383, 6138011769, 5340891, 6137123253, 14212794]] [2401505944.0, [154.0, 1647862, 26354976, 33822, 25504800, 57136]]
Arch_Param: [64, 8192, 8192, 16, 256, 64]
SK_cost: [55012676501.333336, [462656.22222222225, 14471844, 231526076, 254884, 195168956, 366597665]] [24204477276.0, [203631.0, 5333103, 85328280, 86895, 85328280, 169873263]] [579629880.0, [13130.0, 390430, 6246800, 13150, 6246800, 13130]] [30710209368.0, [223516.0, 7106374, 113701904, 38734, 113701904, 210388252]] [3059362488.0, [21894.0, 693254, 11083800, 4918, 10707480, 21364806]] [1746378400008.0, [14214982.5, 383626383, 6138011769, 5340891, 6138011769, 12275420379]] [51076222936.0, [427354.6666666666, 13498486, 215889248, 256606, 211742048, 325890064]]
Model_cost: [12057510405.333332, [1146.5972222222222, 12767908, 204263100, 266788, 49399997, 114850]] [7568075484.0, [14823.0, 5333103, 85328280, 86895, 77870232, 184491]] [578371416.0, [21.0, 390430, 6246800, 13150, 6246800, 13130]] [9692879512.0, [5004.0, 6635334, 106001424, 38734, 103508112, 218266]] [762475320.0, [189.0, 542918, 8678424, 5206, 7767768, 16731]] [567898943928.0, [2136.5, 383626383, 6138011769, 5340891, 6137123253, 14212794]] [2401456504.0, [151.0, 1647862, 26354976, 33054, 25504800, 57136]]
Arch_Param: [64, 8192, 8192, 16, 256, 128]
SK_cost: [55012676501.333336, [462656.22222222225, 14471844, 231526076, 254884, 195168956, 366597665]] [24204477276.0, [203631.0, 5333103, 85328280, 86895, 85328280, 169873263]] [579629880.0, [13130.0, 390430, 6246800, 13150, 6246800, 13130]] [30710209368.0, [223516.0, 7106374, 113701904, 38734, 113701904, 210388252]] [3059362488.0, [21894.0, 693254, 11083800, 4918, 10707480, 21364806]] [1746378400008.0, [14214982.5, 383626383, 6138011769, 5340891, 6138011769, 12275420379]] [51076222936.0, [427354.6666666666, 13498486, 215889248, 256606, 211742048, 325890064]]
Model_cost: [12057510405.333332, [1146.5972222222222, 12767908, 204263100, 266788, 49399997, 114850]] [7568075484.0, [14823.0, 5333103, 85328280, 86895, 77870232, 184491]] [578371416.0, [21.0, 390430, 6246800, 13150, 6246800, 13130]] [9692879512.0, [5004.0, 6635334, 106001424, 38734, 103508112, 218266]] [762475320.0, [189.0, 542918, 8678424, 5206, 7767768, 16731]] [567898943928.0, [2136.5, 383626383, 6138011769, 5340891, 6137123253, 14212794]] [2401456504.0, [151.0, 1647862, 26354976, 33054, 25504800, 57136]]
Arch_Param: [64, 8192, 8192, 16, 256, 256]
SK_cost: [55012676501.333336, [462656.22222222225, 14471844, 231526076, 254884, 195168956, 366597665]] [24204477276.0, [203631.0, 5333103, 85328280, 86895, 85328280, 169873263]] [579629880.0, [13130.0, 390430, 6246800, 13150, 6246800, 13130]] [30710209368.0, [223516.0, 7106374, 113701904, 38734, 113701904, 210388252]] [3059362488.0, [21894.0, 693254, 11083800, 4918, 10707480, 21364806]] [1746378400008.0, [14214982.5, 383626383, 6138011769, 5340891, 6138011769, 12275420379]] [51076222936.0, [427354.6666666666, 13498486, 215889248, 256606, 211742048, 325890064]]
Model_cost: [12057350373.333332, [1143.5972222222222, 12767908, 204263100, 264292, 49399997, 114850]] [7568075484.0, [14823.0, 5333103, 85328280, 86895, 77870232, 184491]] [578371416.0, [21.0, 390430, 6246800, 13150, 6246800, 13130]] [9692879512.0, [5004.0, 6635334, 106001424, 38734, 103508112, 218266]] [762456888.0, [189.0, 542918, 8678424, 4918, 7767768, 16731]] [567898943928.0, [2136.5, 383626383, 6138011769, 5340891, 6137123253, 14212794]] [2401456504.0, [151.0, 1647862, 26354976, 33054, 25504800, 57136]]
Arch_Param: [64, 8192, 8192, 16, 512, 16]
SK_cost: [54983733705.333336, [462656.22222222225, 7236193, 231526076, 254881, 195168956, 366597665]] [24193811292.0, [203631.0, 2666607, 85328280, 86895, 85328280, 169873263]] [578848400.0, [13130.0, 195220, 6246800, 13140, 6246800, 13130]] [30695994720.0, [223516.0, 3553192, 113701904, 38704, 113701904, 210388252]] [3057978040.0, [21894.0, 347142, 11083800, 4918, 10707480, 21364806]] [1745611149096.0, [14214982.5, 191813655, 6138011769, 5340891, 6138011769, 12275420379]] [51049222188.0, [427354.6666666666, 6749243, 215889248, 256547, 211742048, 325890064]]
Model_cost: [12048588857.333332, [1146.5972222222222, 6384225, 204263100, 517537, 49399997, 120738]] [7557409500.0, [14823.0, 2666607, 85328280, 86895, 77870232, 184491]] [577589936.0, [21.0, 195220, 6246800, 13140, 6246800, 13130]] [9679647904.0, [5004.0, 3327912, 106001424, 38704, 103508112, 218266]] [761424312.0, [189.0, 271974, 8678424, 5718, 7767768, 16731]] [567131693016.0, [2136.5, 191813655, 6138011769, 5340891, 6137123253, 14212794]] [2398206444.0, [154.0, 823931, 26354976, 33763, 25504800, 57136]]
Arch_Param: [64, 8192, 8192, 16, 512, 64]
SK_cost: [54983733705.333336, [462656.22222222225, 7236193, 231526076, 254881, 195168956, 366597665]] [24193811292.0, [203631.0, 2666607, 85328280, 86895, 85328280, 169873263]] [578848400.0, [13130.0, 195220, 6246800, 13140, 6246800, 13130]] [30695994720.0, [223516.0, 3553192, 113701904, 38704, 113701904, 210388252]] [3057978040.0, [21894.0, 347142, 11083800, 4918, 10707480, 21364806]] [1745611149096.0, [14214982.5, 191813655, 6138011769, 5340891, 6138011769, 12275420379]] [51049222188.0, [427354.6666666666, 6749243, 215889248, 256547, 211742048, 325890064]]
Model_cost: [12031975481.333332, [1146.5972222222222, 6384225, 204263100, 266785, 49399997, 114850]] [7557409500.0, [14823.0, 2666607, 85328280, 86895, 77870232, 184491]] [577589936.0, [21.0, 195220, 6246800, 13140, 6246800, 13130]] [9679647904.0, [5004.0, 3327912, 106001424, 38704, 103508112, 218266]] [761391544.0, [189.0, 271974, 8678424, 5206, 7767768, 16731]] [567131693016.0, [2136.5, 191813655, 6138011769, 5340891, 6137123253, 14212794]] [2398157004.0, [151.0, 823931, 26354976, 32995, 25504800, 57136]]
Arch_Param: [64, 8192, 8192, 16, 512, 128]
SK_cost: [54983733705.333336, [462656.22222222225, 7236193, 231526076, 254881, 195168956, 366597665]] [24193811292.0, [203631.0, 2666607, 85328280, 86895, 85328280, 169873263]] [578848400.0, [13130.0, 195220, 6246800, 13140, 6246800, 13130]] [30695994720.0, [223516.0, 3553192, 113701904, 38704, 113701904, 210388252]] [3057978040.0, [21894.0, 347142, 11083800, 4918, 10707480, 21364806]] [1745611149096.0, [14214982.5, 191813655, 6138011769, 5340891, 6138011769, 12275420379]] [51049222188.0, [427354.6666666666, 6749243, 215889248, 256547, 211742048, 325890064]]
Model_cost: [12031975481.333332, [1146.5972222222222, 6384225, 204263100, 266785, 49399997, 114850]] [7557409500.0, [14823.0, 2666607, 85328280, 86895, 77870232, 184491]] [577589936.0, [21.0, 195220, 6246800, 13140, 6246800, 13130]] [9679647904.0, [5004.0, 3327912, 106001424, 38704, 103508112, 218266]] [761391544.0, [189.0, 271974, 8678424, 5206, 7767768, 16731]] [567131693016.0, [2136.5, 191813655, 6138011769, 5340891, 6137123253, 14212794]] [2398157004.0, [151.0, 823931, 26354976, 32995, 25504800, 57136]]
Arch_Param: [64, 8192, 8192, 16, 512, 256]
SK_cost: [54983733705.333336, [462656.22222222225, 7236193, 231526076, 254881, 195168956, 366597665]] [24193811292.0, [203631.0, 2666607, 85328280, 86895, 85328280, 169873263]] [578848400.0, [13130.0, 195220, 6246800, 13140, 6246800, 13130]] [30695994720.0, [223516.0, 3553192, 113701904, 38704, 113701904, 210388252]] [3057978040.0, [21894.0, 347142, 11083800, 4918, 10707480, 21364806]] [1745611149096.0, [14214982.5, 191813655, 6138011769, 5340891, 6138011769, 12275420379]] [51049222188.0, [427354.6666666666, 6749243, 215889248, 256547, 211742048, 325890064]]
Model_cost: [12031815449.333332, [1143.5972222222222, 6384225, 204263100, 264289, 49399997, 114850]] [7557409500.0, [14823.0, 2666607, 85328280, 86895, 77870232, 184491]] [577589936.0, [21.0, 195220, 6246800, 13140, 6246800, 13130]] [9679647904.0, [5004.0, 3327912, 106001424, 38704, 103508112, 218266]] [761373112.0, [189.0, 271974, 8678424, 4918, 7767768, 16731]] [567131693016.0, [2136.5, 191813655, 6138011769, 5340891, 6137123253, 14212794]] [2398157004.0, [151.0, 823931, 26354976, 32995, 25504800, 57136]]
Arch_Param: [64, 8192, 8192, 16, 512, 512]
SK_cost: [54983733705.333336, [462656.22222222225, 7236193, 231526076, 254881, 195168956, 366597665]] [24193811292.0, [203631.0, 2666607, 85328280, 86895, 85328280, 169873263]] [578848400.0, [13130.0, 195220, 6246800, 13140, 6246800, 13130]] [30695994720.0, [223516.0, 3553192, 113701904, 38704, 113701904, 210388252]] [3057978040.0, [21894.0, 347142, 11083800, 4918, 10707480, 21364806]] [1745611149096.0, [14214982.5, 191813655, 6138011769, 5340891, 6138011769, 12275420379]] [51049222188.0, [427354.6666666666, 6749243, 215889248, 256547, 211742048, 325890064]]
Model_cost: [12031815449.333332, [1143.5972222222222, 6384225, 204263100, 264289, 49399997, 114850]] [7557409500.0, [14823.0, 2666607, 85328280, 86895, 77870232, 184491]] [577589936.0, [21.0, 195220, 6246800, 13140, 6246800, 13130]] [9679647904.0, [5004.0, 3327912, 106001424, 38704, 103508112, 218266]] [761373112.0, [189.0, 271974, 8678424, 4918, 7767768, 16731]] [567131693016.0, [2136.5, 191813655, 6138011769, 5340891, 6137123253, 14212794]] [2398157004.0, [151.0, 823931, 26354976, 32995, 25504800, 57136]]
Arch_Param: [64, 8192, 8192, 16, 1024, 16]
SK_cost: [54969268681.333336, [462656.22222222225, 3619937, 231526076, 254881, 195168956, 366597665]] [24188478300.0, [203631.0, 1333359, 85328280, 86895, 85328280, 169873263]] [578482920.0, [13130.0, 104010, 6246800, 13130, 6246800, 13130]] [30688912656.0, [223516.0, 1782996, 113701904, 38684, 113701904, 210388252]] [3057285816.0, [21894.0, 174086, 11083800, 4918, 10707480, 21364806]] [1745227523640.0, [14214982.5, 95907291, 6138011769, 5340891, 6138011769, 12275420379]] [51035735228.0, [427354.6666666666, 3377951, 215889248, 256519, 211742048, 325890064]]
Model_cost: [12035875385.333332, [1146.5972222222222, 3205857, 204263100, 517537, 49399997, 120738]] [7552076508.0, [14823.0, 1333359, 85328280, 86895, 77870232, 184491]] [577224456.0, [21.0, 104010, 6246800, 13130, 6246800, 13130]] [9673057360.0, [5004.0, 1680596, 106001424, 38684, 103508112, 218266]] [760882424.0, [189.0, 136502, 8678424, 5718, 7767768, 16731]] [566748067560.0, [2136.5, 95907291, 6138011769, 5340891, 6137123253, 14212794]] [2396561532.0, [154.0, 413151, 26354976, 33735, 25504800, 57136]]
Arch_Param: [64, 8192, 8192, 16, 1024, 64]
SK_cost: [54969268681.333336, [462656.22222222225, 3619937, 231526076, 254881, 195168956, 366597665]] [24188478300.0, [203631.0, 1333359, 85328280, 86895, 85328280, 169873263]] [578482920.0, [13130.0, 104010, 6246800, 13130, 6246800, 13130]] [30688912656.0, [223516.0, 1782996, 113701904, 38684, 113701904, 210388252]] [3057285816.0, [21894.0, 174086, 11083800, 4918, 10707480, 21364806]] [1745227523640.0, [14214982.5, 95907291, 6138011769, 5340891, 6138011769, 12275420379]] [51035735228.0, [427354.6666666666, 3377951, 215889248, 256519, 211742048, 325890064]]
Model_cost: [12019262009.333332, [1146.5972222222222, 3205857, 204263100, 266785, 49399997, 114850]] [7552076508.0, [14823.0, 1333359, 85328280, 86895, 77870232, 184491]] [577224456.0, [21.0, 104010, 6246800, 13130, 6246800, 13130]] [9673057360.0, [5004.0, 1680596, 106001424, 38684, 103508112, 218266]] [760849656.0, [189.0, 136502, 8678424, 5206, 7767768, 16731]] [566748067560.0, [2136.5, 95907291, 6138011769, 5340891, 6137123253, 14212794]] [2396509020.0, [151.0, 412383, 26354976, 32967, 25504800, 57136]]
Arch_Param: [64, 8192, 8192, 16, 1024, 128]
SK_cost: [54969268681.333336, [462656.22222222225, 3619937, 231526076, 254881, 195168956, 366597665]] [24188478300.0, [203631.0, 1333359, 85328280, 86895, 85328280, 169873263]] [578482920.0, [13130.0, 104010, 6246800, 13130, 6246800, 13130]] [30688912656.0, [223516.0, 1782996, 113701904, 38684, 113701904, 210388252]] [3057285816.0, [21894.0, 174086, 11083800, 4918, 10707480, 21364806]] [1745227523640.0, [14214982.5, 95907291, 6138011769, 5340891, 6138011769, 12275420379]] [51035735228.0, [427354.6666666666, 3377951, 215889248, 256519, 211742048, 325890064]]
Model_cost: [12019262009.333332, [1146.5972222222222, 3205857, 204263100, 266785, 49399997, 114850]] [7552076508.0, [14823.0, 1333359, 85328280, 86895, 77870232, 184491]] [577224456.0, [21.0, 104010, 6246800, 13130, 6246800, 13130]] [9673057360.0, [5004.0, 1680596, 106001424, 38684, 103508112, 218266]] [760849656.0, [189.0, 136502, 8678424, 5206, 7767768, 16731]] [566748067560.0, [2136.5, 95907291, 6138011769, 5340891, 6137123253, 14212794]] [2396509020.0, [151.0, 412383, 26354976, 32967, 25504800, 57136]]
Arch_Param: [64, 8192, 8192, 16, 1024, 256]
SK_cost: [54969268681.333336, [462656.22222222225, 3619937, 231526076, 254881, 195168956, 366597665]] [24188478300.0, [203631.0, 1333359, 85328280, 86895, 85328280, 169873263]] [578482920.0, [13130.0, 104010, 6246800, 13130, 6246800, 13130]] [30688912656.0, [223516.0, 1782996, 113701904, 38684, 113701904, 210388252]] [3057285816.0, [21894.0, 174086, 11083800, 4918, 10707480, 21364806]] [1745227523640.0, [14214982.5, 95907291, 6138011769, 5340891, 6138011769, 12275420379]] [51035735228.0, [427354.6666666666, 3377951, 215889248, 256519, 211742048, 325890064]]
Model_cost: [12019091993.333332, [1143.5972222222222, 3203361, 204263100, 264289, 49399997, 114850]] [7552076508.0, [14823.0, 1333359, 85328280, 86895, 77870232, 184491]] [577224456.0, [21.0, 104010, 6246800, 13130, 6246800, 13130]] [9673057360.0, [5004.0, 1680596, 106001424, 38684, 103508112, 218266]] [760831224.0, [189.0, 136502, 8678424, 4918, 7767768, 16731]] [566748067560.0, [2136.5, 95907291, 6138011769, 5340891, 6137123253, 14212794]] [2396509020.0, [151.0, 412383, 26354976, 32967, 25504800, 57136]]
Arch_Param: [64, 8192, 8192, 16, 1024, 512]
SK_cost: [54969268681.333336, [462656.22222222225, 3619937, 231526076, 254881, 195168956, 366597665]] [24188478300.0, [203631.0, 1333359, 85328280, 86895, 85328280, 169873263]] [578482920.0, [13130.0, 104010, 6246800, 13130, 6246800, 13130]] [30688912656.0, [223516.0, 1782996, 113701904, 38684, 113701904, 210388252]] [3057285816.0, [21894.0, 174086, 11083800, 4918, 10707480, 21364806]] [1745227523640.0, [14214982.5, 95907291, 6138011769, 5340891, 6138011769, 12275420379]] [51035735228.0, [427354.6666666666, 3377951, 215889248, 256519, 211742048, 325890064]]
Model_cost: [12019091993.333332, [1143.5972222222222, 3203361, 204263100, 264289, 49399997, 114850]] [7552076508.0, [14823.0, 1333359, 85328280, 86895, 77870232, 184491]] [577224456.0, [21.0, 104010, 6246800, 13130, 6246800, 13130]] [9673057360.0, [5004.0, 1680596, 106001424, 38684, 103508112, 218266]] [760831224.0, [189.0, 136502, 8678424, 4918, 7767768, 16731]] [566748067560.0, [2136.5, 95907291, 6138011769, 5340891, 6137123253, 14212794]] [2396509020.0, [151.0, 412383, 26354976, 32967, 25504800, 57136]]
Arch_Param: [64, 8192, 8192, 32, 256, 16]
SK_cost: [27811499925.333332, [232138.88888888888, 7256228, 116083900, 128868, 103639740, 183539233]] [24204477276.0, [203631.0, 5333103, 85328280, 86895, 85328280, 169873263]] [579629880.0, [13130.0, 390430, 6246800, 13150, 6246800, 13130]] [30710209368.0, [223516.0, 7106374, 113701904, 38734, 113701904, 210388252]] [2947052728.0, [20678.0, 657926, 10522648, 4126, 10347032, 20643910]] [1746378400008.0, [14214982.5, 383626383, 6138011769, 5340891, 6138011769, 12275420379]] [50444238808.0, [415962.6666666667, 13222006, 211505504, 228958, 209972576, 322351120]]
Model_cost: [7145252781.333334, [671.0138888888889, 6404260, 102452412, 260388, 49399997, 120738]] [7568075484.0, [14823.0, 5333103, 85328280, 86895, 77870232, 184491]] [578371416.0, [21.0, 390430, 6246800, 13150, 6246800, 13130]] [9692879512.0, [5004.0, 6635334, 106001424, 38734, 103508112, 218266]] [736461208.0, [130.0, 509030, 8140312, 4526, 7767768, 16731]] [567898943928.0, [2136.5, 383626383, 6138011769, 5340891, 6137123253, 14212794]] [2374818336.0, [142.08333333333334, 1613302, 25807008, 29982, 25504800, 57136]]
Arch_Param: [64, 8192, 8192, 32, 256, 64]
SK_cost: [27811499925.333332, [232138.88888888888, 7256228, 116083900, 128868, 103639740, 183539233]] [24204477276.0, [203631.0, 5333103, 85328280, 86895, 85328280, 169873263]] [579629880.0, [13130.0, 390430, 6246800, 13150, 6246800, 13130]] [30710209368.0, [223516.0, 7106374, 113701904, 38734, 113701904, 210388252]] [2947052728.0, [20678.0, 657926, 10522648, 4126, 10347032, 20643910]] [1746378400008.0, [14214982.5, 383626383, 6138011769, 5340891, 6138011769, 12275420379]] [50444238808.0, [415962.6666666667, 13222006, 211505504, 228958, 209972576, 322351120]]
Model_cost: [7136656461.333334, [598.0138888888889, 6404260, 102452412, 135012, 49399997, 114850]] [7568075484.0, [14823.0, 5333103, 85328280, 86895, 77870232, 184491]] [578371416.0, [21.0, 390430, 6246800, 13150, 6246800, 13130]] [9692879512.0, [5004.0, 6635334, 106001424, 38734, 103508112, 218266]] [736444824.0, [130.0, 509030, 8140312, 4270, 7767768, 16731]] [567898943928.0, [2136.5, 383626383, 6138011769, 5340891, 6137123253, 14212794]] [2374793472.0, [139.08333333333334, 1613302, 25807008, 29598, 25504800, 57136]]
Arch_Param: [64, 8192, 8192, 32, 256, 128]
SK_cost: [27811499925.333332, [232138.88888888888, 7256228, 116083900, 128868, 103639740, 183539233]] [24204477276.0, [203631.0, 5333103, 85328280, 86895, 85328280, 169873263]] [579629880.0, [13130.0, 390430, 6246800, 13150, 6246800, 13130]] [30710209368.0, [223516.0, 7106374, 113701904, 38734, 113701904, 210388252]] [2947052728.0, [20678.0, 657926, 10522648, 4126, 10347032, 20643910]] [1746378400008.0, [14214982.5, 383626383, 6138011769, 5340891, 6138011769, 12275420379]] [50444238808.0, [415962.6666666667, 13222006, 211505504, 228958, 209972576, 322351120]]
Model_cost: [7136570445.333334, [598.0138888888889, 6404260, 102452412, 133668, 49399997, 114850]] [7568075484.0, [14823.0, 5333103, 85328280, 86895, 77870232, 184491]] [578371416.0, [21.0, 390430, 6246800, 13150, 6246800, 13130]] [9692879512.0, [5004.0, 6635334, 106001424, 38734, 103508112, 218266]] [736435608.0, [130.0, 509030, 8140312, 4126, 7767768, 16731]] [567898943928.0, [2136.5, 383626383, 6138011769, 5340891, 6137123253, 14212794]] [2374793472.0, [139.08333333333334, 1613302, 25807008, 29598, 25504800, 57136]]
Arch_Param: [64, 8192, 8192, 32, 256, 256]
SK_cost: [27811499925.333332, [232138.88888888888, 7256228, 116083900, 128868, 103639740, 183539233]] [24204477276.0, [203631.0, 5333103, 85328280, 86895, 85328280, 169873263]] [579629880.0, [13130.0, 390430, 6246800, 13150, 6246800, 13130]] [30710209368.0, [223516.0, 7106374, 113701904, 38734, 113701904, 210388252]] [2947052728.0, [20678.0, 657926, 10522648, 4126, 10347032, 20643910]] [1746378400008.0, [14214982.5, 383626383, 6138011769, 5340891, 6138011769, 12275420379]] [50444238808.0, [415962.6666666667, 13222006, 211505504, 228958, 209972576, 322351120]]
Model_cost: [7136570445.333334, [598.0138888888889, 6404260, 102452412, 133668, 49399997, 114850]] [7568075484.0, [14823.0, 5333103, 85328280, 86895, 77870232, 184491]] [578371416.0, [21.0, 390430, 6246800, 13150, 6246800, 13130]] [9692879512.0, [5004.0, 6635334, 106001424, 38734, 103508112, 218266]] [736435608.0, [130.0, 509030, 8140312, 4126, 7767768, 16731]] [567898943928.0, [2136.5, 383626383, 6138011769, 5340891, 6137123253, 14212794]] [2374793472.0, [139.08333333333334, 1613302, 25807008, 29598, 25504800, 57136]]
Arch_Param: [64, 8192, 8192, 32, 512, 16]
SK_cost: [27796988361.333332, [232138.88888888888, 3628385, 116083900, 128865, 103639740, 183539233]] [24193811292.0, [203631.0, 2666607, 85328280, 86895, 85328280, 169873263]] [578848400.0, [13130.0, 195220, 6246800, 13140, 6246800, 13130]] [30695994720.0, [223516.0, 3553192, 113701904, 38704, 113701904, 210388252]] [2945737912.0, [20678.0, 329222, 10522648, 4126, 10347032, 20643910]] [1745611149096.0, [14214982.5, 191813655, 6138011769, 5340891, 6138011769, 12275420379]] [50417791020.0, [415962.6666666667, 6611003, 211505504, 228899, 209972576, 322351120]]
Model_cost: [7132445153.333334, [671.0138888888889, 3202401, 102452412, 260385, 49399997, 120738]] [7557409500.0, [14823.0, 2666607, 85328280, 86895, 77870232, 184491]] [577589936.0, [21.0, 195220, 6246800, 13140, 6246800, 13130]] [9679647904.0, [5004.0, 3327912, 106001424, 38704, 103508112, 218266]] [735444184.0, [130.0, 254774, 8140312, 4526, 7767768, 16731]] [567131693016.0, [2136.5, 191813655, 6138011769, 5340891, 6137123253, 14212794]] [2371587956.0, [142.08333333333334, 806651, 25807008, 29923, 25504800, 57136]]
Arch_Param: [64, 8192, 8192, 32, 512, 64]
SK_cost: [27796988361.333332, [232138.88888888888, 3628385, 116083900, 128865, 103639740, 183539233]] [24193811292.0, [203631.0, 2666607, 85328280, 86895, 85328280, 169873263]] [578848400.0, [13130.0, 195220, 6246800, 13140, 6246800, 13130]] [30695994720.0, [223516.0, 3553192, 113701904, 38704, 113701904, 210388252]] [2945737912.0, [20678.0, 329222, 10522648, 4126, 10347032, 20643910]] [1745611149096.0, [14214982.5, 191813655, 6138011769, 5340891, 6138011769, 12275420379]] [50417791020.0, [415962.6666666667, 6611003, 211505504, 228899, 209972576, 322351120]]
Model_cost: [7123848833.333334, [598.0138888888889, 3202401, 102452412, 135009, 49399997, 114850]] [7557409500.0, [14823.0, 2666607, 85328280, 86895, 77870232, 184491]] [577589936.0, [21.0, 195220, 6246800, 13140, 6246800, 13130]] [9679647904.0, [5004.0, 3327912, 106001424, 38704, 103508112, 218266]] [735427800.0, [130.0, 254774, 8140312, 4270, 7767768, 16731]] [567131693016.0, [2136.5, 191813655, 6138011769, 5340891, 6137123253, 14212794]] [2371563092.0, [139.08333333333334, 806651, 25807008, 29539, 25504800, 57136]]
Arch_Param: [64, 8192, 8192, 32, 512, 128]
SK_cost: [27796988361.333332, [232138.88888888888, 3628385, 116083900, 128865, 103639740, 183539233]] [24193811292.0, [203631.0, 2666607, 85328280, 86895, 85328280, 169873263]] [578848400.0, [13130.0, 195220, 6246800, 13140, 6246800, 13130]] [30695994720.0, [223516.0, 3553192, 113701904, 38704, 113701904, 210388252]] [2945737912.0, [20678.0, 329222, 10522648, 4126, 10347032, 20643910]] [1745611149096.0, [14214982.5, 191813655, 6138011769, 5340891, 6138011769, 12275420379]] [50417791020.0, [415962.6666666667, 6611003, 211505504, 228899, 209972576, 322351120]]
Model_cost: [7123762817.333334, [598.0138888888889, 3202401, 102452412, 133665, 49399997, 114850]] [7557409500.0, [14823.0, 2666607, 85328280, 86895, 77870232, 184491]] [577589936.0, [21.0, 195220, 6246800, 13140, 6246800, 13130]] [9679647904.0, [5004.0, 3327912, 106001424, 38704, 103508112, 218266]] [735418584.0, [130.0, 254774, 8140312, 4126, 7767768, 16731]] [567131693016.0, [2136.5, 191813655, 6138011769, 5340891, 6137123253, 14212794]] [2371563092.0, [139.08333333333334, 806651, 25807008, 29539, 25504800, 57136]]
Arch_Param: [64, 8192, 8192, 32, 512, 256]
SK_cost: [27796988361.333332, [232138.88888888888, 3628385, 116083900, 128865, 103639740, 183539233]] [24193811292.0, [203631.0, 2666607, 85328280, 86895, 85328280, 169873263]] [578848400.0, [13130.0, 195220, 6246800, 13140, 6246800, 13130]] [30695994720.0, [223516.0, 3553192, 113701904, 38704, 113701904, 210388252]] [2945737912.0, [20678.0, 329222, 10522648, 4126, 10347032, 20643910]] [1745611149096.0, [14214982.5, 191813655, 6138011769, 5340891, 6138011769, 12275420379]] [50417791020.0, [415962.6666666667, 6611003, 211505504, 228899, 209972576, 322351120]]
Model_cost: [7123762817.333334, [598.0138888888889, 3202401, 102452412, 133665, 49399997, 114850]] [7557409500.0, [14823.0, 2666607, 85328280, 86895, 77870232, 184491]] [577589936.0, [21.0, 195220, 6246800, 13140, 6246800, 13130]] [9679647904.0, [5004.0, 3327912, 106001424, 38704, 103508112, 218266]] [735418584.0, [130.0, 254774, 8140312, 4126, 7767768, 16731]] [567131693016.0, [2136.5, 191813655, 6138011769, 5340891, 6137123253, 14212794]] [2371563092.0, [139.08333333333334, 806651, 25807008, 29539, 25504800, 57136]]
Arch_Param: [64, 8192, 8192, 32, 512, 512]
SK_cost: [27796988361.333332, [232138.88888888888, 3628385, 116083900, 128865, 103639740, 183539233]] [24193811292.0, [203631.0, 2666607, 85328280, 86895, 85328280, 169873263]] [578848400.0, [13130.0, 195220, 6246800, 13140, 6246800, 13130]] [30695994720.0, [223516.0, 3553192, 113701904, 38704, 113701904, 210388252]] [2945737912.0, [20678.0, 329222, 10522648, 4126, 10347032, 20643910]] [1745611149096.0, [14214982.5, 191813655, 6138011769, 5340891, 6138011769, 12275420379]] [50417791020.0, [415962.6666666667, 6611003, 211505504, 228899, 209972576, 322351120]]
Model_cost: [7123455425.333334, [596.0138888888889, 3202401, 102452412, 128865, 49399997, 114850]] [7557409500.0, [14823.0, 2666607, 85328280, 86895, 77870232, 184491]] [577589936.0, [21.0, 195220, 6246800, 13140, 6246800, 13130]] [9679647904.0, [5004.0, 3327912, 106001424, 38704, 103508112, 218266]] [735418584.0, [130.0, 254774, 8140312, 4126, 7767768, 16731]] [567131693016.0, [2136.5, 191813655, 6138011769, 5340891, 6137123253, 14212794]] [2371563092.0, [139.08333333333334, 806651, 25807008, 29539, 25504800, 57136]]
Arch_Param: [64, 8192, 8192, 32, 1024, 16]
SK_cost: [27789735881.333332, [232138.88888888888, 1815265, 116083900, 128865, 103639740, 183539233]] [24188478300.0, [203631.0, 1333359, 85328280, 86895, 85328280, 169873263]] [578482920.0, [13130.0, 104010, 6246800, 13130, 6246800, 13130]] [30688912656.0, [223516.0, 1782996, 113701904, 38684, 113701904, 210388252]] [2945080504.0, [20678.0, 164870, 10522648, 4126, 10347032, 20643910]] [1745227523640.0, [14214982.5, 95907291, 6138011769, 5340891, 6138011769, 12275420379]] [50404574396.0, [415962.6666666667, 3307295, 211505504, 228871, 209972576, 322351120]]
Model_cost: [7126069217.333334, [671.0138888888889, 1608417, 102452412, 260385, 49399997, 120738]] [7552076508.0, [14823.0, 1333359, 85328280, 86895, 77870232, 184491]] [577224456.0, [21.0, 104010, 6246800, 13130, 6246800, 13130]] [9673057360.0, [5004.0, 1680596, 106001424, 38684, 103508112, 218266]] [734935672.0, [130.0, 127646, 8140312, 4526, 7767768, 16731]] [566748067560.0, [2136.5, 95907291, 6138011769, 5340891, 6137123253, 14212794]] [2369975300.0, [142.08333333333334, 403935, 25807008, 29895, 25504800, 57136]]
Arch_Param: [64, 8192, 8192, 32, 1024, 64]
SK_cost: [27789735881.333332, [232138.88888888888, 1815265, 116083900, 128865, 103639740, 183539233]] [24188478300.0, [203631.0, 1333359, 85328280, 86895, 85328280, 169873263]] [578482920.0, [13130.0, 104010, 6246800, 13130, 6246800, 13130]] [30688912656.0, [223516.0, 1782996, 113701904, 38684, 113701904, 210388252]] [2945080504.0, [20678.0, 164870, 10522648, 4126, 10347032, 20643910]] [1745227523640.0, [14214982.5, 95907291, 6138011769, 5340891, 6138011769, 12275420379]] [50404574396.0, [415962.6666666667, 3307295, 211505504, 228871, 209972576, 322351120]]
Model_cost: [7117472897.333334, [598.0138888888889, 1608417, 102452412, 135009, 49399997, 114850]] [7552076508.0, [14823.0, 1333359, 85328280, 86895, 77870232, 184491]] [577224456.0, [21.0, 104010, 6246800, 13130, 6246800, 13130]] [9673057360.0, [5004.0, 1680596, 106001424, 38684, 103508112, 218266]] [734919288.0, [130.0, 127646, 8140312, 4270, 7767768, 16731]] [566748067560.0, [2136.5, 95907291, 6138011769, 5340891, 6137123253, 14212794]] [2369948900.0, [139.08333333333334, 403551, 25807008, 29511, 25504800, 57136]]
Arch_Param: [64, 8192, 8192, 32, 1024, 128]
SK_cost: [27789735881.333332, [232138.88888888888, 1815265, 116083900, 128865, 103639740, 183539233]] [24188478300.0, [203631.0, 1333359, 85328280, 86895, 85328280, 169873263]] [578482920.0, [13130.0, 104010, 6246800, 13130, 6246800, 13130]] [30688912656.0, [223516.0, 1782996, 113701904, 38684, 113701904, 210388252]] [2945080504.0, [20678.0, 164870, 10522648, 4126, 10347032, 20643910]] [1745227523640.0, [14214982.5, 95907291, 6138011769, 5340891, 6138011769, 12275420379]] [50404574396.0, [415962.6666666667, 3307295, 211505504, 228871, 209972576, 322351120]]
Model_cost: [7117381505.333334, [598.0138888888889, 1607073, 102452412, 133665, 49399997, 114850]] [7552076508.0, [14823.0, 1333359, 85328280, 86895, 77870232, 184491]] [577224456.0, [21.0, 104010, 6246800, 13130, 6246800, 13130]] [9673057360.0, [5004.0, 1680596, 106001424, 38684, 103508112, 218266]] [734910072.0, [130.0, 127646, 8140312, 4126, 7767768, 16731]] [566748067560.0, [2136.5, 95907291, 6138011769, 5340891, 6137123253, 14212794]] [2369948900.0, [139.08333333333334, 403551, 25807008, 29511, 25504800, 57136]]
Arch_Param: [64, 8192, 8192, 32, 1024, 256]
SK_cost: [27789735881.333332, [232138.88888888888, 1815265, 116083900, 128865, 103639740, 183539233]] [24188478300.0, [203631.0, 1333359, 85328280, 86895, 85328280, 169873263]] [578482920.0, [13130.0, 104010, 6246800, 13130, 6246800, 13130]] [30688912656.0, [223516.0, 1782996, 113701904, 38684, 113701904, 210388252]] [2945080504.0, [20678.0, 164870, 10522648, 4126, 10347032, 20643910]] [1745227523640.0, [14214982.5, 95907291, 6138011769, 5340891, 6138011769, 12275420379]] [50404574396.0, [415962.6666666667, 3307295, 211505504, 228871, 209972576, 322351120]]
Model_cost: [7117381505.333334, [598.0138888888889, 1607073, 102452412, 133665, 49399997, 114850]] [7552076508.0, [14823.0, 1333359, 85328280, 86895, 77870232, 184491]] [577224456.0, [21.0, 104010, 6246800, 13130, 6246800, 13130]] [9673057360.0, [5004.0, 1680596, 106001424, 38684, 103508112, 218266]] [734910072.0, [130.0, 127646, 8140312, 4126, 7767768, 16731]] [566748067560.0, [2136.5, 95907291, 6138011769, 5340891, 6137123253, 14212794]] [2369948900.0, [139.08333333333334, 403551, 25807008, 29511, 25504800, 57136]]
Arch_Param: [64, 8192, 8192, 32, 1024, 512]
SK_cost: [27789735881.333332, [232138.88888888888, 1815265, 116083900, 128865, 103639740, 183539233]] [24188478300.0, [203631.0, 1333359, 85328280, 86895, 85328280, 169873263]] [578482920.0, [13130.0, 104010, 6246800, 13130, 6246800, 13130]] [30688912656.0, [223516.0, 1782996, 113701904, 38684, 113701904, 210388252]] [2945080504.0, [20678.0, 164870, 10522648, 4126, 10347032, 20643910]] [1745227523640.0, [14214982.5, 95907291, 6138011769, 5340891, 6138011769, 12275420379]] [50404574396.0, [415962.6666666667, 3307295, 211505504, 228871, 209972576, 322351120]]
Model_cost: [7117054913.333334, [596.0138888888889, 1602273, 102452412, 128865, 49399997, 114850]] [7552076508.0, [14823.0, 1333359, 85328280, 86895, 77870232, 184491]] [577224456.0, [21.0, 104010, 6246800, 13130, 6246800, 13130]] [9673057360.0, [5004.0, 1680596, 106001424, 38684, 103508112, 218266]] [734910072.0, [130.0, 127646, 8140312, 4126, 7767768, 16731]] [566748067560.0, [2136.5, 95907291, 6138011769, 5340891, 6137123253, 14212794]] [2369948900.0, [139.08333333333334, 403551, 25807008, 29511, 25504800, 57136]]
Arch_Param: [64, 8192, 4096, 4, 256, 16]
SK_cost: [179079644149.33334, [2994342.5555555555, 47352356, 757567868, 845252, 612137660, 1200535073]] [24216937308.0, [333423.0, 5333103, 85328280, 86895, 85328280, 169873263]] [580889400, [26250, 390430, 6246800, 13150, 6246800, 13130]] [30731615832, [446500, 7106374, 113701904, 38734, 113701904, 210388252]] [12242513592, [175110, 2772998, 44335128, 19654, 42754584, 85459014]] [1747315548120.0, [23976942.0, 383626383, 6138011769, 5340891, 6138011769, 12275420379]] [62008081368.0, [1114576.0, 17442934, 278760800, 474718, 244870496, 392146960]]
Model_cost: [34572645204.0, [7544.75, 41814564, 668963196, 1706852, 49399997, 120738]] [7569484380.0, [29511.0, 5333103, 85328280, 86895, 77870232, 184479]] [578372472, [32, 390430, 6246800, 13150, 6246800, 13130]] [9693357016.0, [9978.0, 6635334, 106001424, 38734, 103508112, 218266]] [2024350808, [1416, 2171654, 34713624, 87366, 7767768, 19803]] [567899130120.0, [4077.0, 383626383, 6138011769, 5340891, 6137123253, 14212793]] [2716452080.0, [480.25, 2054902, 32837664, 66910, 25504800, 57136]]
Arch_Param: [64, 8192, 4096, 4, 256, 64]
SK_cost: [179079644149.33334, [2994342.5555555555, 47352356, 757567868, 845252, 612137660, 1200535073]] [24216937308.0, [333423.0, 5333103, 85328280, 86895, 85328280, 169873263]] [580889400, [26250, 390430, 6246800, 13150, 6246800, 13130]] [30731615832, [446500, 7106374, 113701904, 38734, 113701904, 210388252]] [12242513592, [175110, 2772998, 44335128, 19654, 42754584, 85459014]] [1747315548120.0, [23976942.0, 383626383, 6138011769, 5340891, 6138011769, 12275420379]] [62008081368.0, [1114576.0, 17442934, 278760800, 474718, 244870496, 392146960]]
Model_cost: [34572645204.0, [7544.75, 41814564, 668963196, 1706852, 49399997, 120738]] [7569484380.0, [29511.0, 5333103, 85328280, 86895, 77870232, 184479]] [578372472, [32, 390430, 6246800, 13150, 6246800, 13130]] [9693357016.0, [9978.0, 6635334, 106001424, 38734, 103508112, 218266]] [2019927128, [1416, 2171654, 34713624, 22854, 7767768, 16731]] [567899130120.0, [4077.0, 383626383, 6138011769, 5340891, 6137123253, 14212793]] [2716189936.0, [480.25, 2054902, 32837664, 62814, 25504800, 57136]]
Arch_Param: [64, 8192, 4096, 4, 256, 128]
SK_cost: [179079644149.33334, [2994342.5555555555, 47352356, 757567868, 845252, 612137660, 1200535073]] [24216937308.0, [333423.0, 5333103, 85328280, 86895, 85328280, 169873263]] [580889400, [26250, 390430, 6246800, 13150, 6246800, 13130]] [30731615832, [446500, 7106374, 113701904, 38734, 113701904, 210388252]] [12242513592, [175110, 2772998, 44335128, 19654, 42754584, 85459014]] [1747315548120.0, [23976942.0, 383626383, 6138011769, 5340891, 6138011769, 12275420379]] [62008081368.0, [1114576.0, 17442934, 278760800, 474718, 244870496, 392146960]]
Model_cost: [34572645204.0, [7544.75, 41814564, 668963196, 1706852, 49399997, 120738]] [7569484380.0, [29511.0, 5333103, 85328280, 86895, 77870232, 184479]] [578372472, [32, 390430, 6246800, 13150, 6246800, 13130]] [9693357016.0, [9978.0, 6635334, 106001424, 38734, 103508112, 218266]] [2019927128, [1416, 2171654, 34713624, 22854, 7767768, 16731]] [567899130120.0, [4077.0, 383626383, 6138011769, 5340891, 6137123253, 14212793]] [2716189936.0, [480.25, 2054902, 32837664, 62814, 25504800, 57136]]
Arch_Param: [64, 8192, 4096, 4, 256, 256]
SK_cost: [179079644149.33334, [2994342.5555555555, 47352356, 757567868, 845252, 612137660, 1200535073]] [24216937308.0, [333423.0, 5333103, 85328280, 86895, 85328280, 169873263]] [580889400, [26250, 390430, 6246800, 13150, 6246800, 13130]] [30731615832, [446500, 7106374, 113701904, 38734, 113701904, 210388252]] [12242513592, [175110, 2772998, 44335128, 19654, 42754584, 85459014]] [1747315548120.0, [23976942.0, 383626383, 6138011769, 5340891, 6138011769, 12275420379]] [62008081368.0, [1114576.0, 17442934, 278760800, 474718, 244870496, 392146960]]
Model_cost: [34519916532.0, [7471.75, 41814564, 668963196, 891908, 49399997, 114850]] [7569484380.0, [29511.0, 5333103, 85328280, 86895, 77870232, 184479]] [578372472, [32, 390430, 6246800, 13150, 6246800, 13130]] [9693357016.0, [9978.0, 6635334, 106001424, 38734, 103508112, 218266]] [2019796056, [1416, 2171654, 34713624, 20806, 7767768, 16731]] [567899130120.0, [4077.0, 383626383, 6138011769, 5340891, 6137123253, 14212793]] [2716030192.0, [480.25, 2054902, 32837664, 60318, 25504800, 57136]]
Arch_Param: [64, 8192, 4096, 4, 512, 16]
SK_cost: [178984940329.33334, [2994342.5555555555, 23676449, 757567868, 845249, 612137660, 1200535073]] [24206271324.0, [333423.0, 2666607, 85328280, 86895, 85328280, 169873263]] [580107920, [26250, 195220, 6246800, 13140, 6246800, 13130]] [30717401184, [446500, 3553192, 113701904, 38704, 113701904, 210388252]] [12236975800, [175110, 1388550, 44335128, 19654, 42754584, 85459014]] [1746548297208.0, [23976942.0, 191813655, 6138011769, 5340891, 6138011769, 12275420379]] [61973191724.0, [1114576.0, 8721467, 278760800, 474659, 244870496, 392146960]]
Model_cost: [34489016968.0, [7544.75, 20907553, 668963196, 1706849, 49399997, 120738]] [7558818396.0, [29511.0, 2666607, 85328280, 86895, 77870232, 184479]] [577590992, [32, 195220, 6246800, 13140, 6246800, 13130]] [9680125408.0, [9978.0, 3327912, 106001424, 38704, 103508112, 218266]] [2020015704, [1416, 1087878, 34713624, 87366, 7767768, 19803]] [567131879208.0, [4077.0, 191813655, 6138011769, 5340891, 6137123253, 14212793]] [2712338500.0, [480.25, 1027451, 32837664, 66851, 25504800, 57136]]
Arch_Param: [64, 8192, 4096, 4, 512, 64]
SK_cost: [178984940329.33334, [2994342.5555555555, 23676449, 757567868, 845249, 612137660, 1200535073]] [24206271324.0, [333423.0, 2666607, 85328280, 86895, 85328280, 169873263]] [580107920, [26250, 195220, 6246800, 13140, 6246800, 13130]] [30717401184, [446500, 3553192, 113701904, 38704, 113701904, 210388252]] [12236975800, [175110, 1388550, 44335128, 19654, 42754584, 85459014]] [1746548297208.0, [23976942.0, 191813655, 6138011769, 5340891, 6138011769, 12275420379]] [61973191724.0, [1114576.0, 8721467, 278760800, 474659, 244870496, 392146960]]
Model_cost: [34489016968.0, [7544.75, 20907553, 668963196, 1706849, 49399997, 120738]] [7558818396.0, [29511.0, 2666607, 85328280, 86895, 77870232, 184479]] [577590992, [32, 195220, 6246800, 13140, 6246800, 13130]] [9680125408.0, [9978.0, 3327912, 106001424, 38704, 103508112, 218266]] [2015592024, [1416, 1087878, 34713624, 22854, 7767768, 16731]] [567131879208.0, [4077.0, 191813655, 6138011769, 5340891, 6137123253, 14212793]] [2712076356.0, [480.25, 1027451, 32837664, 62755, 25504800, 57136]]
Arch_Param: [64, 8192, 4096, 4, 512, 128]
SK_cost: [178984940329.33334, [2994342.5555555555, 23676449, 757567868, 845249, 612137660, 1200535073]] [24206271324.0, [333423.0, 2666607, 85328280, 86895, 85328280, 169873263]] [580107920, [26250, 195220, 6246800, 13140, 6246800, 13130]] [30717401184, [446500, 3553192, 113701904, 38704, 113701904, 210388252]] [12236975800, [175110, 1388550, 44335128, 19654, 42754584, 85459014]] [1746548297208.0, [23976942.0, 191813655, 6138011769, 5340891, 6138011769, 12275420379]] [61973191724.0, [1114576.0, 8721467, 278760800, 474659, 244870496, 392146960]]
Model_cost: [34489016968.0, [7544.75, 20907553, 668963196, 1706849, 49399997, 120738]] [7558818396.0, [29511.0, 2666607, 85328280, 86895, 77870232, 184479]] [577590992, [32, 195220, 6246800, 13140, 6246800, 13130]] [9680125408.0, [9978.0, 3327912, 106001424, 38704, 103508112, 218266]] [2015592024, [1416, 1087878, 34713624, 22854, 7767768, 16731]] [567131879208.0, [4077.0, 191813655, 6138011769, 5340891, 6137123253, 14212793]] [2712076356.0, [480.25, 1027451, 32837664, 62755, 25504800, 57136]]
Arch_Param: [64, 8192, 4096, 4, 512, 256]
SK_cost: [178984940329.33334, [2994342.5555555555, 23676449, 757567868, 845249, 612137660, 1200535073]] [24206271324.0, [333423.0, 2666607, 85328280, 86895, 85328280, 169873263]] [580107920, [26250, 195220, 6246800, 13140, 6246800, 13130]] [30717401184, [446500, 3553192, 113701904, 38704, 113701904, 210388252]] [12236975800, [175110, 1388550, 44335128, 19654, 42754584, 85459014]] [1746548297208.0, [23976942.0, 191813655, 6138011769, 5340891, 6138011769, 12275420379]] [61973191724.0, [1114576.0, 8721467, 278760800, 474659, 244870496, 392146960]]
Model_cost: [34436288296.0, [7471.75, 20907553, 668963196, 891905, 49399997, 114850]] [7558818396.0, [29511.0, 2666607, 85328280, 86895, 77870232, 184479]] [577590992, [32, 195220, 6246800, 13140, 6246800, 13130]] [9680125408.0, [9978.0, 3327912, 106001424, 38704, 103508112, 218266]] [2015460952, [1416, 1087878, 34713624, 20806, 7767768, 16731]] [567131879208.0, [4077.0, 191813655, 6138011769, 5340891, 6137123253, 14212793]] [2711916612.0, [480.25, 1027451, 32837664, 60259, 25504800, 57136]]
Arch_Param: [64, 8192, 4096, 4, 512, 512]
SK_cost: [178984940329.33334, [2994342.5555555555, 23676449, 757567868, 845249, 612137660, 1200535073]] [24206271324.0, [333423.0, 2666607, 85328280, 86895, 85328280, 169873263]] [580107920, [26250, 195220, 6246800, 13140, 6246800, 13130]] [30717401184, [446500, 3553192, 113701904, 38704, 113701904, 210388252]] [12236975800, [175110, 1388550, 44335128, 19654, 42754584, 85459014]] [1746548297208.0, [23976942.0, 191813655, 6138011769, 5340891, 6138011769, 12275420379]] [61973191724.0, [1114576.0, 8721467, 278760800, 474659, 244870496, 392146960]]
Model_cost: [34436288296.0, [7471.75, 20907553, 668963196, 891905, 49399997, 114850]] [7558818396.0, [29511.0, 2666607, 85328280, 86895, 77870232, 184479]] [577590992, [32, 195220, 6246800, 13140, 6246800, 13130]] [9680125408.0, [9978.0, 3327912, 106001424, 38704, 103508112, 218266]] [2015460952, [1416, 1087878, 34713624, 20806, 7767768, 16731]] [567131879208.0, [4077.0, 191813655, 6138011769, 5340891, 6137123253, 14212793]] [2711916612.0, [480.25, 1027451, 32837664, 60259, 25504800, 57136]]
Arch_Param: [64, 8192, 4096, 4, 1024, 16]
SK_cost: [178937613353.33334, [2994342.5555555555, 11844705, 757567868, 845249, 612137660, 1200535073]] [24200938332.0, [333423.0, 1333359, 85328280, 86895, 85328280, 169873263]] [579742440, [26250, 104010, 6246800, 13130, 6246800, 13130]] [30710319120, [446500, 1782996, 113701904, 38684, 113701904, 210388252]] [12234206904, [175110, 696326, 44335128, 19654, 42754584, 85459014]] [1746164671752.0, [23976942.0, 95907291, 6138011769, 5340891, 6138011769, 12275420379]] [61955797180.0, [1114576.0, 4373279, 278760800, 474631, 244870496, 392146960]]
Model_cost: [34447414408.0, [7544.75, 10506913, 668963196, 1706849, 49399997, 120738]] [7553485404.0, [29511.0, 1333359, 85328280, 86895, 77870232, 184479]] [577225512, [32, 104010, 6246800, 13130, 6246800, 13130]] [9673534864.0, [9978.0, 1680596, 106001424, 38684, 103508112, 218266]] [2017848152, [1416, 545990, 34713624, 87366, 7767768, 19803]] [566748253752.0, [4077.0, 95907291, 6138011769, 5340891, 6137123253, 14212793]] [2710298068.0, [480.25, 517791, 32837664, 66823, 25504800, 57136]]
Arch_Param: [64, 8192, 4096, 4, 1024, 64]
SK_cost: [178937613353.33334, [2994342.5555555555, 11844705, 757567868, 845249, 612137660, 1200535073]] [24200938332.0, [333423.0, 1333359, 85328280, 86895, 85328280, 169873263]] [579742440, [26250, 104010, 6246800, 13130, 6246800, 13130]] [30710319120, [446500, 1782996, 113701904, 38684, 113701904, 210388252]] [12234206904, [175110, 696326, 44335128, 19654, 42754584, 85459014]] [1746164671752.0, [23976942.0, 95907291, 6138011769, 5340891, 6138011769, 12275420379]] [61955797180.0, [1114576.0, 4373279, 278760800, 474631, 244870496, 392146960]]
Model_cost: [34447414408.0, [7544.75, 10506913, 668963196, 1706849, 49399997, 120738]] [7553485404.0, [29511.0, 1333359, 85328280, 86895, 77870232, 184479]] [577225512, [32, 104010, 6246800, 13130, 6246800, 13130]] [9673534864.0, [9978.0, 1680596, 106001424, 38684, 103508112, 218266]] [2013424472, [1416, 545990, 34713624, 22854, 7767768, 16731]] [566748253752.0, [4077.0, 95907291, 6138011769, 5340891, 6137123253, 14212793]] [2710035924.0, [480.25, 517791, 32837664, 62727, 25504800, 57136]]
Arch_Param: [64, 8192, 4096, 4, 1024, 128]
SK_cost: [178937613353.33334, [2994342.5555555555, 11844705, 757567868, 845249, 612137660, 1200535073]] [24200938332.0, [333423.0, 1333359, 85328280, 86895, 85328280, 169873263]] [579742440, [26250, 104010, 6246800, 13130, 6246800, 13130]] [30710319120, [446500, 1782996, 113701904, 38684, 113701904, 210388252]] [12234206904, [175110, 696326, 44335128, 19654, 42754584, 85459014]] [1746164671752.0, [23976942.0, 95907291, 6138011769, 5340891, 6138011769, 12275420379]] [61955797180.0, [1114576.0, 4373279, 278760800, 474631, 244870496, 392146960]]
Model_cost: [34447414408.0, [7544.75, 10506913, 668963196, 1706849, 49399997, 120738]] [7553485404.0, [29511.0, 1333359, 85328280, 86895, 77870232, 184479]] [577225512, [32, 104010, 6246800, 13130, 6246800, 13130]] [9673534864.0, [9978.0, 1680596, 106001424, 38684, 103508112, 218266]] [2013424472, [1416, 545990, 34713624, 22854, 7767768, 16731]] [566748253752.0, [4077.0, 95907291, 6138011769, 5340891, 6137123253, 14212793]] [2710035924.0, [480.25, 517791, 32837664, 62727, 25504800, 57136]]
Arch_Param: [64, 8192, 4096, 4, 1024, 256]
SK_cost: [178937613353.33334, [2994342.5555555555, 11844705, 757567868, 845249, 612137660, 1200535073]] [24200938332.0, [333423.0, 1333359, 85328280, 86895, 85328280, 169873263]] [579742440, [26250, 104010, 6246800, 13130, 6246800, 13130]] [30710319120, [446500, 1782996, 113701904, 38684, 113701904, 210388252]] [12234206904, [175110, 696326, 44335128, 19654, 42754584, 85459014]] [1746164671752.0, [23976942.0, 95907291, 6138011769, 5340891, 6138011769, 12275420379]] [61955797180.0, [1114576.0, 4373279, 278760800, 474631, 244870496, 392146960]]
Model_cost: [34394685736.0, [7471.75, 10506913, 668963196, 891905, 49399997, 114850]] [7553485404.0, [29511.0, 1333359, 85328280, 86895, 77870232, 184479]] [577225512, [32, 104010, 6246800, 13130, 6246800, 13130]] [9673534864.0, [9978.0, 1680596, 106001424, 38684, 103508112, 218266]] [2013293400, [1416, 545990, 34713624, 20806, 7767768, 16731]] [566748253752.0, [4077.0, 95907291, 6138011769, 5340891, 6137123253, 14212793]] [2709866196.0, [480.25, 515295, 32837664, 60231, 25504800, 57136]]
Arch_Param: [64, 8192, 4096, 4, 1024, 512]
SK_cost: [178937613353.33334, [2994342.5555555555, 11844705, 757567868, 845249, 612137660, 1200535073]] [24200938332.0, [333423.0, 1333359, 85328280, 86895, 85328280, 169873263]] [579742440, [26250, 104010, 6246800, 13130, 6246800, 13130]] [30710319120, [446500, 1782996, 113701904, 38684, 113701904, 210388252]] [12234206904, [175110, 696326, 44335128, 19654, 42754584, 85459014]] [1746164671752.0, [23976942.0, 95907291, 6138011769, 5340891, 6138011769, 12275420379]] [61955797180.0, [1114576.0, 4373279, 278760800, 474631, 244870496, 392146960]]
Model_cost: [34394685736.0, [7471.75, 10506913, 668963196, 891905, 49399997, 114850]] [7553485404.0, [29511.0, 1333359, 85328280, 86895, 77870232, 184479]] [577225512, [32, 104010, 6246800, 13130, 6246800, 13130]] [9673534864.0, [9978.0, 1680596, 106001424, 38684, 103508112, 218266]] [2013293400, [1416, 545990, 34713624, 20806, 7767768, 16731]] [566748253752.0, [4077.0, 95907291, 6138011769, 5340891, 6137123253, 14212793]] [2709866196.0, [480.25, 515295, 32837664, 60231, 25504800, 57136]]
Arch_Param: [64, 8192, 4096, 8, 256, 16]
SK_cost: [96386647882.66667, [1606836.7777777778, 25429668, 406835900, 451588, 334121660, 644503073]] [24216937308.0, [333423.0, 5333103, 85328280, 86895, 85328280, 169873263]] [580889400, [26250, 390430, 6246800, 13150, 6246800, 13130]] [30731615832, [446500, 7106374, 113701904, 38734, 113701904, 210388252]] [6121813688, [87558, 1386502, 22167576, 9830, 21389848, 42729542]] [1747315548120.0, [23976942.0, 383626383, 6138011769, 5340891, 6138011769, 12275420379]] [54747274200.0, [938704.0, 14813302, 236846432, 329310, 222784864, 347975696]]
Model_cost: [19571890622.666664, [4068.527777777778, 22447780, 359125692, 913828, 49399997, 120738]] [7569484380.0, [29511.0, 5333103, 85328280, 86895, 77870232, 184479]] [578372472, [32, 390430, 6246800, 13150, 6246800, 13130]] [9693357016.0, [9978.0, 6635334, 106001424, 38734, 103508112, 218266]] [1184017912, [711, 1085830, 17356824, 43686, 7767768, 19803]] [567899130120.0, [4077.0, 383626383, 6138011769, 5340891, 6137123253, 14212793]] [2506539168.0, [340.75, 1783542, 28515872, 45534, 25504800, 57136]]
Arch_Param: [64, 8192, 4096, 8, 256, 64]
SK_cost: [96386647882.66667, [1606836.7777777778, 25429668, 406835900, 451588, 334121660, 644503073]] [24216937308.0, [333423.0, 5333103, 85328280, 86895, 85328280, 169873263]] [580889400, [26250, 390430, 6246800, 13150, 6246800, 13130]] [30731615832, [446500, 7106374, 113701904, 38734, 113701904, 210388252]] [6121813688, [87558, 1386502, 22167576, 9830, 21389848, 42729542]] [1747315548120.0, [23976942.0, 383626383, 6138011769, 5340891, 6138011769, 12275420379]] [54747274200.0, [938704.0, 14813302, 236846432, 329310, 222784864, 347975696]]
Model_cost: [19571890622.666664, [4068.527777777778, 22447780, 359125692, 913828, 49399997, 120738]] [7569484380.0, [29511.0, 5333103, 85328280, 86895, 77870232, 184479]] [578372472, [32, 390430, 6246800, 13150, 6246800, 13130]] [9693357016.0, [9978.0, 6635334, 106001424, 38734, 103508112, 218266]] [1181658616, [711, 1085830, 17356824, 11430, 7767768, 16731]] [567899130120.0, [4077.0, 383626383, 6138011769, 5340891, 6137123253, 14212793]] [2506408096.0, [340.75, 1783542, 28515872, 43486, 25504800, 57136]]
Arch_Param: [64, 8192, 4096, 8, 256, 128]
SK_cost: [96386647882.66667, [1606836.7777777778, 25429668, 406835900, 451588, 334121660, 644503073]] [24216937308.0, [333423.0, 5333103, 85328280, 86895, 85328280, 169873263]] [580889400, [26250, 390430, 6246800, 13150, 6246800, 13130]] [30731615832, [446500, 7106374, 113701904, 38734, 113701904, 210388252]] [6121813688, [87558, 1386502, 22167576, 9830, 21389848, 42729542]] [1747315548120.0, [23976942.0, 383626383, 6138011769, 5340891, 6138011769, 12275420379]] [54747274200.0, [938704.0, 14813302, 236846432, 329310, 222784864, 347975696]]
Model_cost: [19543234142.666664, [3995.527777777778, 22447780, 359125692, 475012, 49399997, 114850]] [7569484380.0, [29511.0, 5333103, 85328280, 86895, 77870232, 184479]] [578372472, [32, 390430, 6246800, 13150, 6246800, 13130]] [9693357016.0, [9978.0, 6635334, 106001424, 38734, 103508112, 218266]] [1181593080, [711, 1085830, 17356824, 10406, 7767768, 16731]] [567899130120.0, [4077.0, 383626383, 6138011769, 5340891, 6137123253, 14212793]] [2506322080.0, [340.75, 1783542, 28515872, 42142, 25504800, 57136]]
Arch_Param: [64, 8192, 4096, 8, 256, 256]
SK_cost: [96386647882.66667, [1606836.7777777778, 25429668, 406835900, 451588, 334121660, 644503073]] [24216937308.0, [333423.0, 5333103, 85328280, 86895, 85328280, 169873263]] [580889400, [26250, 390430, 6246800, 13150, 6246800, 13130]] [30731615832, [446500, 7106374, 113701904, 38734, 113701904, 210388252]] [6121813688, [87558, 1386502, 22167576, 9830, 21389848, 42729542]] [1747315548120.0, [23976942.0, 383626383, 6138011769, 5340891, 6138011769, 12275420379]] [54747274200.0, [938704.0, 14813302, 236846432, 329310, 222784864, 347975696]]
Model_cost: [19543234142.666664, [3995.527777777778, 22447780, 359125692, 475012, 49399997, 114850]] [7569484380.0, [29511.0, 5333103, 85328280, 86895, 77870232, 184479]] [578372472, [32, 390430, 6246800, 13150, 6246800, 13130]] [9693357016.0, [9978.0, 6635334, 106001424, 38734, 103508112, 218266]] [1181593080, [711, 1085830, 17356824, 10406, 7767768, 16731]] [567899130120.0, [4077.0, 383626383, 6138011769, 5340891, 6137123253, 14212793]] [2506322080.0, [340.75, 1783542, 28515872, 42142, 25504800, 57136]]
Arch_Param: [64, 8192, 4096, 8, 512, 16]
SK_cost: [96335789438.66667, [1606836.7777777778, 12715105, 406835900, 451585, 334121660, 644503073]] [24206271324.0, [333423.0, 2666607, 85328280, 86895, 85328280, 169873263]] [580107920, [26250, 195220, 6246800, 13140, 6246800, 13130]] [30717401184, [446500, 3553192, 113701904, 38704, 113701904, 210388252]] [6119044792, [87558, 694278, 22167576, 9830, 21389848, 42729542]] [1746548297208.0, [23976942.0, 191813655, 6138011769, 5340891, 6138011769, 12275420379]] [54717643820.0, [938704.0, 7406651, 236846432, 329251, 222784864, 347975696]]
Model_cost: [19526995954.666664, [4068.527777777778, 11224161, 359125692, 913825, 49399997, 120738]] [7558818396.0, [29511.0, 2666607, 85328280, 86895, 77870232, 184479]] [577590992, [32, 195220, 6246800, 13140, 6246800, 13130]] [9680125408.0, [9978.0, 3327912, 106001424, 38704, 103508112, 218266]] [1181850360, [711, 543942, 17356824, 43686, 7767768, 19803]] [567131879208.0, [4077.0, 191813655, 6138011769, 5340891, 6137123253, 14212793]] [2502968308.0, [340.75, 891771, 28515872, 45475, 25504800, 57136]]
Arch_Param: [64, 8192, 4096, 8, 512, 64]
SK_cost: [96335789438.66667, [1606836.7777777778, 12715105, 406835900, 451585, 334121660, 644503073]] [24206271324.0, [333423.0, 2666607, 85328280, 86895, 85328280, 169873263]] [580107920, [26250, 195220, 6246800, 13140, 6246800, 13130]] [30717401184, [446500, 3553192, 113701904, 38704, 113701904, 210388252]] [6119044792, [87558, 694278, 22167576, 9830, 21389848, 42729542]] [1746548297208.0, [23976942.0, 191813655, 6138011769, 5340891, 6138011769, 12275420379]] [54717643820.0, [938704.0, 7406651, 236846432, 329251, 222784864, 347975696]]
Model_cost: [19526995954.666664, [4068.527777777778, 11224161, 359125692, 913825, 49399997, 120738]] [7558818396.0, [29511.0, 2666607, 85328280, 86895, 77870232, 184479]] [577590992, [32, 195220, 6246800, 13140, 6246800, 13130]] [9680125408.0, [9978.0, 3327912, 106001424, 38704, 103508112, 218266]] [1179491064, [711, 543942, 17356824, 11430, 7767768, 16731]] [567131879208.0, [4077.0, 191813655, 6138011769, 5340891, 6137123253, 14212793]] [2502837236.0, [340.75, 891771, 28515872, 43427, 25504800, 57136]]
Arch_Param: [64, 8192, 4096, 8, 512, 128]
SK_cost: [96335789438.66667, [1606836.7777777778, 12715105, 406835900, 451585, 334121660, 644503073]] [24206271324.0, [333423.0, 2666607, 85328280, 86895, 85328280, 169873263]] [580107920, [26250, 195220, 6246800, 13140, 6246800, 13130]] [30717401184, [446500, 3553192, 113701904, 38704, 113701904, 210388252]] [6119044792, [87558, 694278, 22167576, 9830, 21389848, 42729542]] [1746548297208.0, [23976942.0, 191813655, 6138011769, 5340891, 6138011769, 12275420379]] [54717643820.0, [938704.0, 7406651, 236846432, 329251, 222784864, 347975696]]
Model_cost: [19498339474.666664, [3995.527777777778, 11224161, 359125692, 475009, 49399997, 114850]] [7558818396.0, [29511.0, 2666607, 85328280, 86895, 77870232, 184479]] [577590992, [32, 195220, 6246800, 13140, 6246800, 13130]] [9680125408.0, [9978.0, 3327912, 106001424, 38704, 103508112, 218266]] [1179425528, [711, 543942, 17356824, 10406, 7767768, 16731]] [567131879208.0, [4077.0, 191813655, 6138011769, 5340891, 6137123253, 14212793]] [2502751220.0, [340.75, 891771, 28515872, 42083, 25504800, 57136]]
Arch_Param: [64, 8192, 4096, 8, 512, 256]
SK_cost: [96335789438.66667, [1606836.7777777778, 12715105, 406835900, 451585, 334121660, 644503073]] [24206271324.0, [333423.0, 2666607, 85328280, 86895, 85328280, 169873263]] [580107920, [26250, 195220, 6246800, 13140, 6246800, 13130]] [30717401184, [446500, 3553192, 113701904, 38704, 113701904, 210388252]] [6119044792, [87558, 694278, 22167576, 9830, 21389848, 42729542]] [1746548297208.0, [23976942.0, 191813655, 6138011769, 5340891, 6138011769, 12275420379]] [54717643820.0, [938704.0, 7406651, 236846432, 329251, 222784864, 347975696]]
Model_cost: [19498339474.666664, [3995.527777777778, 11224161, 359125692, 475009, 49399997, 114850]] [7558818396.0, [29511.0, 2666607, 85328280, 86895, 77870232, 184479]] [577590992, [32, 195220, 6246800, 13140, 6246800, 13130]] [9680125408.0, [9978.0, 3327912, 106001424, 38704, 103508112, 218266]] [1179425528, [711, 543942, 17356824, 10406, 7767768, 16731]] [567131879208.0, [4077.0, 191813655, 6138011769, 5340891, 6137123253, 14212793]] [2502751220.0, [340.75, 891771, 28515872, 42083, 25504800, 57136]]
Arch_Param: [64, 8192, 4096, 8, 512, 512]
SK_cost: [96335789438.66667, [1606836.7777777778, 12715105, 406835900, 451585, 334121660, 644503073]] [24206271324.0, [333423.0, 2666607, 85328280, 86895, 85328280, 169873263]] [580107920, [26250, 195220, 6246800, 13140, 6246800, 13130]] [30717401184, [446500, 3553192, 113701904, 38704, 113701904, 210388252]] [6119044792, [87558, 694278, 22167576, 9830, 21389848, 42729542]] [1746548297208.0, [23976942.0, 191813655, 6138011769, 5340891, 6138011769, 12275420379]] [54717643820.0, [938704.0, 7406651, 236846432, 329251, 222784864, 347975696]]
Model_cost: [19498031986.666664, [3992.527777777778, 11224161, 359125692, 470209, 49399997, 114850]] [7558818396.0, [29511.0, 2666607, 85328280, 86895, 77870232, 184479]] [577590992, [32, 195220, 6246800, 13140, 6246800, 13130]] [9680125408.0, [9978.0, 3327912, 106001424, 38704, 103508112, 218266]] [1179388664, [711, 543942, 17356824, 9830, 7767768, 16731]] [567131879208.0, [4077.0, 191813655, 6138011769, 5340891, 6137123253, 14212793]] [2502751220.0, [340.75, 891771, 28515872, 42083, 25504800, 57136]]
Arch_Param: [64, 8192, 4096, 8, 1024, 16]
SK_cost: [96310372734.66667, [1606836.7777777778, 6360929, 406835900, 451585, 334121660, 644503073]] [24200938332.0, [333423.0, 1333359, 85328280, 86895, 85328280, 169873263]] [579742440, [26250, 104010, 6246800, 13130, 6246800, 13130]] [30710319120, [446500, 1782996, 113701904, 38684, 113701904, 210388252]] [6117660344, [87558, 348166, 22167576, 9830, 21389848, 42729542]] [1746164671752.0, [23976942.0, 95907291, 6138011769, 5340891, 6138011769, 12275420379]] [54702854332.0, [938704.0, 3709727, 236846432, 329223, 222784864, 347975696]]
Model_cost: [19504654834.666664, [4068.527777777778, 5638881, 359125692, 913825, 49399997, 120738]] [7553485404.0, [29511.0, 1333359, 85328280, 86895, 77870232, 184479]] [577225512, [32, 104010, 6246800, 13130, 6246800, 13130]] [9673534864.0, [9978.0, 1680596, 106001424, 38684, 103508112, 218266]] [1180766584, [711, 272998, 17356824, 43686, 7767768, 19803]] [566748253752.0, [4077.0, 95907291, 6138011769, 5340891, 6137123253, 14212793]] [2501191556.0, [340.75, 448031, 28515872, 45447, 25504800, 57136]]
Arch_Param: [64, 8192, 4096, 8, 1024, 64]
SK_cost: [96310372734.66667, [1606836.7777777778, 6360929, 406835900, 451585, 334121660, 644503073]] [24200938332.0, [333423.0, 1333359, 85328280, 86895, 85328280, 169873263]] [579742440, [26250, 104010, 6246800, 13130, 6246800, 13130]] [30710319120, [446500, 1782996, 113701904, 38684, 113701904, 210388252]] [6117660344, [87558, 348166, 22167576, 9830, 21389848, 42729542]] [1746164671752.0, [23976942.0, 95907291, 6138011769, 5340891, 6138011769, 12275420379]] [54702854332.0, [938704.0, 3709727, 236846432, 329223, 222784864, 347975696]]
Model_cost: [19504654834.666664, [4068.527777777778, 5638881, 359125692, 913825, 49399997, 120738]] [7553485404.0, [29511.0, 1333359, 85328280, 86895, 77870232, 184479]] [577225512, [32, 104010, 6246800, 13130, 6246800, 13130]] [9673534864.0, [9978.0, 1680596, 106001424, 38684, 103508112, 218266]] [1178407288, [711, 272998, 17356824, 11430, 7767768, 16731]] [566748253752.0, [4077.0, 95907291, 6138011769, 5340891, 6137123253, 14212793]] [2501060484.0, [340.75, 448031, 28515872, 43399, 25504800, 57136]]
Arch_Param: [64, 8192, 4096, 8, 1024, 128]
SK_cost: [96310372734.66667, [1606836.7777777778, 6360929, 406835900, 451585, 334121660, 644503073]] [24200938332.0, [333423.0, 1333359, 85328280, 86895, 85328280, 169873263]] [579742440, [26250, 104010, 6246800, 13130, 6246800, 13130]] [30710319120, [446500, 1782996, 113701904, 38684, 113701904, 210388252]] [6117660344, [87558, 348166, 22167576, 9830, 21389848, 42729542]] [1746164671752.0, [23976942.0, 95907291, 6138011769, 5340891, 6138011769, 12275420379]] [54702854332.0, [938704.0, 3709727, 236846432, 329223, 222784864, 347975696]]
Model_cost: [19475998354.666664, [3995.527777777778, 5638881, 359125692, 475009, 49399997, 114850]] [7553485404.0, [29511.0, 1333359, 85328280, 86895, 77870232, 184479]] [577225512, [32, 104010, 6246800, 13130, 6246800, 13130]] [9673534864.0, [9978.0, 1680596, 106001424, 38684, 103508112, 218266]] [1178341752, [711, 272998, 17356824, 10406, 7767768, 16731]] [566748253752.0, [4077.0, 95907291, 6138011769, 5340891, 6137123253, 14212793]] [2500969092.0, [340.75, 446687, 28515872, 42055, 25504800, 57136]]
Arch_Param: [64, 8192, 4096, 8, 1024, 256]
SK_cost: [96310372734.66667, [1606836.7777777778, 6360929, 406835900, 451585, 334121660, 644503073]] [24200938332.0, [333423.0, 1333359, 85328280, 86895, 85328280, 169873263]] [579742440, [26250, 104010, 6246800, 13130, 6246800, 13130]] [30710319120, [446500, 1782996, 113701904, 38684, 113701904, 210388252]] [6117660344, [87558, 348166, 22167576, 9830, 21389848, 42729542]] [1746164671752.0, [23976942.0, 95907291, 6138011769, 5340891, 6138011769, 12275420379]] [54702854332.0, [938704.0, 3709727, 236846432, 329223, 222784864, 347975696]]
Model_cost: [19475998354.666664, [3995.527777777778, 5638881, 359125692, 475009, 49399997, 114850]] [7553485404.0, [29511.0, 1333359, 85328280, 86895, 77870232, 184479]] [577225512, [32, 104010, 6246800, 13130, 6246800, 13130]] [9673534864.0, [9978.0, 1680596, 106001424, 38684, 103508112, 218266]] [1178341752, [711, 272998, 17356824, 10406, 7767768, 16731]] [566748253752.0, [4077.0, 95907291, 6138011769, 5340891, 6137123253, 14212793]] [2500969092.0, [340.75, 446687, 28515872, 42055, 25504800, 57136]]
Arch_Param: [64, 8192, 4096, 8, 1024, 512]
SK_cost: [96310372734.66667, [1606836.7777777778, 6360929, 406835900, 451585, 334121660, 644503073]] [24200938332.0, [333423.0, 1333359, 85328280, 86895, 85328280, 169873263]] [579742440, [26250, 104010, 6246800, 13130, 6246800, 13130]] [30710319120, [446500, 1782996, 113701904, 38684, 113701904, 210388252]] [6117660344, [87558, 348166, 22167576, 9830, 21389848, 42729542]] [1746164671752.0, [23976942.0, 95907291, 6138011769, 5340891, 6138011769, 12275420379]] [54702854332.0, [938704.0, 3709727, 236846432, 329223, 222784864, 347975696]]
Model_cost: [19475671666.666664, [3992.527777777778, 5634081, 359125692, 470209, 49399997, 114850]] [7553485404.0, [29511.0, 1333359, 85328280, 86895, 77870232, 184479]] [577225512, [32, 104010, 6246800, 13130, 6246800, 13130]] [9673534864.0, [9978.0, 1680596, 106001424, 38684, 103508112, 218266]] [1178304888, [711, 272998, 17356824, 9830, 7767768, 16731]] [566748253752.0, [4077.0, 95907291, 6138011769, 5340891, 6137123253, 14212793]] [2500969092.0, [340.75, 446687, 28515872, 42055, 25504800, 57136]]
Arch_Param: [64, 8192, 4096, 16, 256, 16]
SK_cost: [55055945546.666664, [913375.4444444445, 14471844, 231526076, 254884, 195168956, 366597665]] [24216937308.0, [333423.0, 5333103, 85328280, 86895, 85328280, 169873263]] [580889400, [26250, 390430, 6246800, 13150, 6246800, 13130]] [30731615832, [446500, 7106374, 113701904, 38734, 113701904, 210388252]] [3061463736, [43782, 693254, 11083800, 4918, 10707480, 21364806]] [1747315548120.0, [23976942.0, 383626383, 6138011769, 5340891, 6138011769, 12275420379]] [51116870616.0, [850768.0, 13498486, 215889248, 256606, 211742048, 325890064]]
Model_cost: [12074230110.666668, [2254.1944444444443, 12767908, 204263100, 517540, 49399997, 120738]] [7569484380.0, [29511.0, 5333103, 85328280, 86895, 77870232, 184479]] [578372472, [32, 390430, 6246800, 13150, 6246800, 13130]] [9693357016.0, [9978.0, 6635334, 106001424, 38734, 103508112, 218266]] [762524408, [359, 542918, 8678424, 5718, 7767768, 16731]] [567899130120.0, [4077.0, 383626383, 6138011769, 5340891, 6137123253, 14212793]] [2401517656.0, [276.0, 1647862, 26354976, 33822, 25504800, 57136]]
Arch_Param: [64, 8192, 4096, 16, 256, 64]
SK_cost: [55055945546.666664, [913375.4444444445, 14471844, 231526076, 254884, 195168956, 366597665]] [24216937308.0, [333423.0, 5333103, 85328280, 86895, 85328280, 169873263]] [580889400, [26250, 390430, 6246800, 13150, 6246800, 13130]] [30731615832, [446500, 7106374, 113701904, 38734, 113701904, 210388252]] [3061463736, [43782, 693254, 11083800, 4918, 10707480, 21364806]] [1747315548120.0, [23976942.0, 383626383, 6138011769, 5340891, 6138011769, 12275420379]] [51116870616.0, [850768.0, 13498486, 215889248, 256606, 211742048, 325890064]]
Model_cost: [12057616734.666668, [2254.1944444444443, 12767908, 204263100, 266788, 49399997, 114850]] [7569484380.0, [29511.0, 5333103, 85328280, 86895, 77870232, 184479]] [578372472, [32, 390430, 6246800, 13150, 6246800, 13130]] [9693357016.0, [9978.0, 6635334, 106001424, 38734, 103508112, 218266]] [762491640, [359, 542918, 8678424, 5206, 7767768, 16731]] [567899130120.0, [4077.0, 383626383, 6138011769, 5340891, 6137123253, 14212793]] [2401468216.0, [273.0, 1647862, 26354976, 33054, 25504800, 57136]]
Arch_Param: [64, 8192, 4096, 16, 256, 128]
SK_cost: [55055945546.666664, [913375.4444444445, 14471844, 231526076, 254884, 195168956, 366597665]] [24216937308.0, [333423.0, 5333103, 85328280, 86895, 85328280, 169873263]] [580889400, [26250, 390430, 6246800, 13150, 6246800, 13130]] [30731615832, [446500, 7106374, 113701904, 38734, 113701904, 210388252]] [3061463736, [43782, 693254, 11083800, 4918, 10707480, 21364806]] [1747315548120.0, [23976942.0, 383626383, 6138011769, 5340891, 6138011769, 12275420379]] [51116870616.0, [850768.0, 13498486, 215889248, 256606, 211742048, 325890064]]
Model_cost: [12057616734.666668, [2254.1944444444443, 12767908, 204263100, 266788, 49399997, 114850]] [7569484380.0, [29511.0, 5333103, 85328280, 86895, 77870232, 184479]] [578372472, [32, 390430, 6246800, 13150, 6246800, 13130]] [9693357016.0, [9978.0, 6635334, 106001424, 38734, 103508112, 218266]] [762491640, [359, 542918, 8678424, 5206, 7767768, 16731]] [567899130120.0, [4077.0, 383626383, 6138011769, 5340891, 6137123253, 14212793]] [2401468216.0, [273.0, 1647862, 26354976, 33054, 25504800, 57136]]
Arch_Param: [64, 8192, 4096, 16, 256, 256]
SK_cost: [55055945546.666664, [913375.4444444445, 14471844, 231526076, 254884, 195168956, 366597665]] [24216937308.0, [333423.0, 5333103, 85328280, 86895, 85328280, 169873263]] [580889400, [26250, 390430, 6246800, 13150, 6246800, 13130]] [30731615832, [446500, 7106374, 113701904, 38734, 113701904, 210388252]] [3061463736, [43782, 693254, 11083800, 4918, 10707480, 21364806]] [1747315548120.0, [23976942.0, 383626383, 6138011769, 5340891, 6138011769, 12275420379]] [51116870616.0, [850768.0, 13498486, 215889248, 256606, 211742048, 325890064]]
Model_cost: [12057456990.666668, [2254.1944444444443, 12767908, 204263100, 264292, 49399997, 114850]] [7569484380.0, [29511.0, 5333103, 85328280, 86895, 77870232, 184479]] [578372472, [32, 390430, 6246800, 13150, 6246800, 13130]] [9693357016.0, [9978.0, 6635334, 106001424, 38734, 103508112, 218266]] [762473208, [359, 542918, 8678424, 4918, 7767768, 16731]] [567899130120.0, [4077.0, 383626383, 6138011769, 5340891, 6137123253, 14212793]] [2401468216.0, [273.0, 1647862, 26354976, 33054, 25504800, 57136]]
Arch_Param: [64, 8192, 4096, 16, 512, 16]
SK_cost: [55027002750.666664, [913375.4444444445, 7236193, 231526076, 254881, 195168956, 366597665]] [24206271324.0, [333423.0, 2666607, 85328280, 86895, 85328280, 169873263]] [580107920, [26250, 195220, 6246800, 13140, 6246800, 13130]] [30717401184, [446500, 3553192, 113701904, 38704, 113701904, 210388252]] [3060079288, [43782, 347142, 11083800, 4918, 10707480, 21364806]] [1746548297208.0, [23976942.0, 191813655, 6138011769, 5340891, 6138011769, 12275420379]] [51089869868.0, [850768.0, 6749243, 215889248, 256547, 211742048, 325890064]]
Model_cost: [12048695186.666668, [2254.1944444444443, 6384225, 204263100, 517537, 49399997, 120738]] [7558818396.0, [29511.0, 2666607, 85328280, 86895, 77870232, 184479]] [577590992, [32, 195220, 6246800, 13140, 6246800, 13130]] [9680125408.0, [9978.0, 3327912, 106001424, 38704, 103508112, 218266]] [761440632, [359, 271974, 8678424, 5718, 7767768, 16731]] [567131879208.0, [4077.0, 191813655, 6138011769, 5340891, 6137123253, 14212793]] [2398218156.0, [276.0, 823931, 26354976, 33763, 25504800, 57136]]
Arch_Param: [64, 8192, 4096, 16, 512, 64]
SK_cost: [55027002750.666664, [913375.4444444445, 7236193, 231526076, 254881, 195168956, 366597665]] [24206271324.0, [333423.0, 2666607, 85328280, 86895, 85328280, 169873263]] [580107920, [26250, 195220, 6246800, 13140, 6246800, 13130]] [30717401184, [446500, 3553192, 113701904, 38704, 113701904, 210388252]] [3060079288, [43782, 347142, 11083800, 4918, 10707480, 21364806]] [1746548297208.0, [23976942.0, 191813655, 6138011769, 5340891, 6138011769, 12275420379]] [51089869868.0, [850768.0, 6749243, 215889248, 256547, 211742048, 325890064]]
Model_cost: [12032081810.666668, [2254.1944444444443, 6384225, 204263100, 266785, 49399997, 114850]] [7558818396.0, [29511.0, 2666607, 85328280, 86895, 77870232, 184479]] [577590992, [32, 195220, 6246800, 13140, 6246800, 13130]] [9680125408.0, [9978.0, 3327912, 106001424, 38704, 103508112, 218266]] [761407864, [359, 271974, 8678424, 5206, 7767768, 16731]] [567131879208.0, [4077.0, 191813655, 6138011769, 5340891, 6137123253, 14212793]] [2398168716.0, [273.0, 823931, 26354976, 32995, 25504800, 57136]]
Arch_Param: [64, 8192, 4096, 16, 512, 128]
SK_cost: [55027002750.666664, [913375.4444444445, 7236193, 231526076, 254881, 195168956, 366597665]] [24206271324.0, [333423.0, 2666607, 85328280, 86895, 85328280, 169873263]] [580107920, [26250, 195220, 6246800, 13140, 6246800, 13130]] [30717401184, [446500, 3553192, 113701904, 38704, 113701904, 210388252]] [3060079288, [43782, 347142, 11083800, 4918, 10707480, 21364806]] [1746548297208.0, [23976942.0, 191813655, 6138011769, 5340891, 6138011769, 12275420379]] [51089869868.0, [850768.0, 6749243, 215889248, 256547, 211742048, 325890064]]
Model_cost: [12032081810.666668, [2254.1944444444443, 6384225, 204263100, 266785, 49399997, 114850]] [7558818396.0, [29511.0, 2666607, 85328280, 86895, 77870232, 184479]] [577590992, [32, 195220, 6246800, 13140, 6246800, 13130]] [9680125408.0, [9978.0, 3327912, 106001424, 38704, 103508112, 218266]] [761407864, [359, 271974, 8678424, 5206, 7767768, 16731]] [567131879208.0, [4077.0, 191813655, 6138011769, 5340891, 6137123253, 14212793]] [2398168716.0, [273.0, 823931, 26354976, 32995, 25504800, 57136]]
Arch_Param: [64, 8192, 4096, 16, 512, 256]
SK_cost: [55027002750.666664, [913375.4444444445, 7236193, 231526076, 254881, 195168956, 366597665]] [24206271324.0, [333423.0, 2666607, 85328280, 86895, 85328280, 169873263]] [580107920, [26250, 195220, 6246800, 13140, 6246800, 13130]] [30717401184, [446500, 3553192, 113701904, 38704, 113701904, 210388252]] [3060079288, [43782, 347142, 11083800, 4918, 10707480, 21364806]] [1746548297208.0, [23976942.0, 191813655, 6138011769, 5340891, 6138011769, 12275420379]] [51089869868.0, [850768.0, 6749243, 215889248, 256547, 211742048, 325890064]]
Model_cost: [12031922066.666668, [2254.1944444444443, 6384225, 204263100, 264289, 49399997, 114850]] [7558818396.0, [29511.0, 2666607, 85328280, 86895, 77870232, 184479]] [577590992, [32, 195220, 6246800, 13140, 6246800, 13130]] [9680125408.0, [9978.0, 3327912, 106001424, 38704, 103508112, 218266]] [761389432, [359, 271974, 8678424, 4918, 7767768, 16731]] [567131879208.0, [4077.0, 191813655, 6138011769, 5340891, 6137123253, 14212793]] [2398168716.0, [273.0, 823931, 26354976, 32995, 25504800, 57136]]
Arch_Param: [64, 8192, 4096, 16, 512, 512]
SK_cost: [55027002750.666664, [913375.4444444445, 7236193, 231526076, 254881, 195168956, 366597665]] [24206271324.0, [333423.0, 2666607, 85328280, 86895, 85328280, 169873263]] [580107920, [26250, 195220, 6246800, 13140, 6246800, 13130]] [30717401184, [446500, 3553192, 113701904, 38704, 113701904, 210388252]] [3060079288, [43782, 347142, 11083800, 4918, 10707480, 21364806]] [1746548297208.0, [23976942.0, 191813655, 6138011769, 5340891, 6138011769, 12275420379]] [51089869868.0, [850768.0, 6749243, 215889248, 256547, 211742048, 325890064]]
Model_cost: [12031922066.666668, [2254.1944444444443, 6384225, 204263100, 264289, 49399997, 114850]] [7558818396.0, [29511.0, 2666607, 85328280, 86895, 77870232, 184479]] [577590992, [32, 195220, 6246800, 13140, 6246800, 13130]] [9680125408.0, [9978.0, 3327912, 106001424, 38704, 103508112, 218266]] [761389432, [359, 271974, 8678424, 4918, 7767768, 16731]] [567131879208.0, [4077.0, 191813655, 6138011769, 5340891, 6137123253, 14212793]] [2398168716.0, [273.0, 823931, 26354976, 32995, 25504800, 57136]]
Arch_Param: [64, 8192, 4096, 16, 1024, 16]
SK_cost: [55012537726.666664, [913375.4444444445, 3619937, 231526076, 254881, 195168956, 366597665]] [24200938332.0, [333423.0, 1333359, 85328280, 86895, 85328280, 169873263]] [579742440, [26250, 104010, 6246800, 13130, 6246800, 13130]] [30710319120, [446500, 1782996, 113701904, 38684, 113701904, 210388252]] [3059387064, [43782, 174086, 11083800, 4918, 10707480, 21364806]] [1746164671752.0, [23976942.0, 95907291, 6138011769, 5340891, 6138011769, 12275420379]] [51076382908.0, [850768.0, 3377951, 215889248, 256519, 211742048, 325890064]]
Model_cost: [12035981714.666668, [2254.1944444444443, 3205857, 204263100, 517537, 49399997, 120738]] [7553485404.0, [29511.0, 1333359, 85328280, 86895, 77870232, 184479]] [577225512, [32, 104010, 6246800, 13130, 6246800, 13130]] [9673534864.0, [9978.0, 1680596, 106001424, 38684, 103508112, 218266]] [760898744, [359, 136502, 8678424, 5718, 7767768, 16731]] [566748253752.0, [4077.0, 95907291, 6138011769, 5340891, 6137123253, 14212793]] [2396573244.0, [276.0, 413151, 26354976, 33735, 25504800, 57136]]
Arch_Param: [64, 8192, 4096, 16, 1024, 64]
SK_cost: [55012537726.666664, [913375.4444444445, 3619937, 231526076, 254881, 195168956, 366597665]] [24200938332.0, [333423.0, 1333359, 85328280, 86895, 85328280, 169873263]] [579742440, [26250, 104010, 6246800, 13130, 6246800, 13130]] [30710319120, [446500, 1782996, 113701904, 38684, 113701904, 210388252]] [3059387064, [43782, 174086, 11083800, 4918, 10707480, 21364806]] [1746164671752.0, [23976942.0, 95907291, 6138011769, 5340891, 6138011769, 12275420379]] [51076382908.0, [850768.0, 3377951, 215889248, 256519, 211742048, 325890064]]
Model_cost: [12019368338.666668, [2254.1944444444443, 3205857, 204263100, 266785, 49399997, 114850]] [7553485404.0, [29511.0, 1333359, 85328280, 86895, 77870232, 184479]] [577225512, [32, 104010, 6246800, 13130, 6246800, 13130]] [9673534864.0, [9978.0, 1680596, 106001424, 38684, 103508112, 218266]] [760865976, [359, 136502, 8678424, 5206, 7767768, 16731]] [566748253752.0, [4077.0, 95907291, 6138011769, 5340891, 6137123253, 14212793]] [2396520732.0, [273.0, 412383, 26354976, 32967, 25504800, 57136]]
Arch_Param: [64, 8192, 4096, 16, 1024, 128]
SK_cost: [55012537726.666664, [913375.4444444445, 3619937, 231526076, 254881, 195168956, 366597665]] [24200938332.0, [333423.0, 1333359, 85328280, 86895, 85328280, 169873263]] [579742440, [26250, 104010, 6246800, 13130, 6246800, 13130]] [30710319120, [446500, 1782996, 113701904, 38684, 113701904, 210388252]] [3059387064, [43782, 174086, 11083800, 4918, 10707480, 21364806]] [1746164671752.0, [23976942.0, 95907291, 6138011769, 5340891, 6138011769, 12275420379]] [51076382908.0, [850768.0, 3377951, 215889248, 256519, 211742048, 325890064]]
Model_cost: [12019368338.666668, [2254.1944444444443, 3205857, 204263100, 266785, 49399997, 114850]] [7553485404.0, [29511.0, 1333359, 85328280, 86895, 77870232, 184479]] [577225512, [32, 104010, 6246800, 13130, 6246800, 13130]] [9673534864.0, [9978.0, 1680596, 106001424, 38684, 103508112, 218266]] [760865976, [359, 136502, 8678424, 5206, 7767768, 16731]] [566748253752.0, [4077.0, 95907291, 6138011769, 5340891, 6137123253, 14212793]] [2396520732.0, [273.0, 412383, 26354976, 32967, 25504800, 57136]]
Arch_Param: [64, 8192, 4096, 16, 1024, 256]
SK_cost: [55012537726.666664, [913375.4444444445, 3619937, 231526076, 254881, 195168956, 366597665]] [24200938332.0, [333423.0, 1333359, 85328280, 86895, 85328280, 169873263]] [579742440, [26250, 104010, 6246800, 13130, 6246800, 13130]] [30710319120, [446500, 1782996, 113701904, 38684, 113701904, 210388252]] [3059387064, [43782, 174086, 11083800, 4918, 10707480, 21364806]] [1746164671752.0, [23976942.0, 95907291, 6138011769, 5340891, 6138011769, 12275420379]] [51076382908.0, [850768.0, 3377951, 215889248, 256519, 211742048, 325890064]]
Model_cost: [12019198610.666668, [2254.1944444444443, 3203361, 204263100, 264289, 49399997, 114850]] [7553485404.0, [29511.0, 1333359, 85328280, 86895, 77870232, 184479]] [577225512, [32, 104010, 6246800, 13130, 6246800, 13130]] [9673534864.0, [9978.0, 1680596, 106001424, 38684, 103508112, 218266]] [760847544, [359, 136502, 8678424, 4918, 7767768, 16731]] [566748253752.0, [4077.0, 95907291, 6138011769, 5340891, 6137123253, 14212793]] [2396520732.0, [273.0, 412383, 26354976, 32967, 25504800, 57136]]
Arch_Param: [64, 8192, 4096, 16, 1024, 512]
SK_cost: [55012537726.666664, [913375.4444444445, 3619937, 231526076, 254881, 195168956, 366597665]] [24200938332.0, [333423.0, 1333359, 85328280, 86895, 85328280, 169873263]] [579742440, [26250, 104010, 6246800, 13130, 6246800, 13130]] [30710319120, [446500, 1782996, 113701904, 38684, 113701904, 210388252]] [3059387064, [43782, 174086, 11083800, 4918, 10707480, 21364806]] [1746164671752.0, [23976942.0, 95907291, 6138011769, 5340891, 6138011769, 12275420379]] [51076382908.0, [850768.0, 3377951, 215889248, 256519, 211742048, 325890064]]
Model_cost: [12019198610.666668, [2254.1944444444443, 3203361, 204263100, 264289, 49399997, 114850]] [7553485404.0, [29511.0, 1333359, 85328280, 86895, 77870232, 184479]] [577225512, [32, 104010, 6246800, 13130, 6246800, 13130]] [9673534864.0, [9978.0, 1680596, 106001424, 38684, 103508112, 218266]] [760847544, [359, 136502, 8678424, 4918, 7767768, 16731]] [566748253752.0, [4077.0, 95907291, 6138011769, 5340891, 6137123253, 14212793]] [2396520732.0, [273.0, 412383, 26354976, 32967, 25504800, 57136]]
Arch_Param: [64, 8192, 4096, 32, 256, 16]
SK_cost: [27833192266.666668, [458100.77777777775, 7256228, 116083900, 128868, 103639740, 183539233]] [24216937308.0, [333423.0, 5333103, 85328280, 86895, 85328280, 169873263]] [580889400, [26250, 390430, 6246800, 13150, 6246800, 13130]] [30731615832, [446500, 7106374, 113701904, 38734, 113701904, 210388252]] [2949037240, [41350, 657926, 10522648, 4126, 10347032, 20643910]] [1747315548120.0, [23976942.0, 383626383, 6138011769, 5340891, 6138011769, 12275420379]] [50483989464.0, [830032.0, 13222006, 211505504, 228958, 209972576, 322351120]]
Model_cost: [7145299246.666666, [1155.0277777777778, 6404260, 102452412, 260388, 49399997, 120738]] [7569484380.0, [29511.0, 5333103, 85328280, 86895, 77870232, 184479]] [578372472, [32, 390430, 6246800, 13150, 6246800, 13130]] [9693357016.0, [9978.0, 6635334, 106001424, 38734, 103508112, 218266]] [736471864, [241, 509030, 8140312, 4526, 7767768, 16731]] [567899130120.0, [4077.0, 383626383, 6138011769, 5340891, 6137123253, 14212793]] [2374828936.0, [252.5, 1613302, 25807008, 29982, 25504800, 57136]]
Arch_Param: [64, 8192, 4096, 32, 256, 64]
SK_cost: [27833192266.666668, [458100.77777777775, 7256228, 116083900, 128868, 103639740, 183539233]] [24216937308.0, [333423.0, 5333103, 85328280, 86895, 85328280, 169873263]] [580889400, [26250, 390430, 6246800, 13150, 6246800, 13130]] [30731615832, [446500, 7106374, 113701904, 38734, 113701904, 210388252]] [2949037240, [41350, 657926, 10522648, 4126, 10347032, 20643910]] [1747315548120.0, [23976942.0, 383626383, 6138011769, 5340891, 6138011769, 12275420379]] [50483989464.0, [830032.0, 13222006, 211505504, 228958, 209972576, 322351120]]
Model_cost: [7136709934.666666, [1155.0277777777778, 6404260, 102452412, 135012, 49399997, 114850]] [7569484380.0, [29511.0, 5333103, 85328280, 86895, 77870232, 184479]] [578372472, [32, 390430, 6246800, 13150, 6246800, 13130]] [9693357016.0, [9978.0, 6635334, 106001424, 38734, 103508112, 218266]] [736455480, [241, 509030, 8140312, 4270, 7767768, 16731]] [567899130120.0, [4077.0, 383626383, 6138011769, 5340891, 6137123253, 14212793]] [2374804072.0, [249.5, 1613302, 25807008, 29598, 25504800, 57136]]
Arch_Param: [64, 8192, 4096, 32, 256, 128]
SK_cost: [27833192266.666668, [458100.77777777775, 7256228, 116083900, 128868, 103639740, 183539233]] [24216937308.0, [333423.0, 5333103, 85328280, 86895, 85328280, 169873263]] [580889400, [26250, 390430, 6246800, 13150, 6246800, 13130]] [30731615832, [446500, 7106374, 113701904, 38734, 113701904, 210388252]] [2949037240, [41350, 657926, 10522648, 4126, 10347032, 20643910]] [1747315548120.0, [23976942.0, 383626383, 6138011769, 5340891, 6138011769, 12275420379]] [50483989464.0, [830032.0, 13222006, 211505504, 228958, 209972576, 322351120]]
Model_cost: [7136623918.666666, [1155.0277777777778, 6404260, 102452412, 133668, 49399997, 114850]] [7569484380.0, [29511.0, 5333103, 85328280, 86895, 77870232, 184479]] [578372472, [32, 390430, 6246800, 13150, 6246800, 13130]] [9693357016.0, [9978.0, 6635334, 106001424, 38734, 103508112, 218266]] [736446264, [241, 509030, 8140312, 4126, 7767768, 16731]] [567899130120.0, [4077.0, 383626383, 6138011769, 5340891, 6137123253, 14212793]] [2374804072.0, [249.5, 1613302, 25807008, 29598, 25504800, 57136]]
Arch_Param: [64, 8192, 4096, 32, 256, 256]
SK_cost: [27833192266.666668, [458100.77777777775, 7256228, 116083900, 128868, 103639740, 183539233]] [24216937308.0, [333423.0, 5333103, 85328280, 86895, 85328280, 169873263]] [580889400, [26250, 390430, 6246800, 13150, 6246800, 13130]] [30731615832, [446500, 7106374, 113701904, 38734, 113701904, 210388252]] [2949037240, [41350, 657926, 10522648, 4126, 10347032, 20643910]] [1747315548120.0, [23976942.0, 383626383, 6138011769, 5340891, 6138011769, 12275420379]] [50483989464.0, [830032.0, 13222006, 211505504, 228958, 209972576, 322351120]]
Model_cost: [7136623918.666666, [1155.0277777777778, 6404260, 102452412, 133668, 49399997, 114850]] [7569484380.0, [29511.0, 5333103, 85328280, 86895, 77870232, 184479]] [578372472, [32, 390430, 6246800, 13150, 6246800, 13130]] [9693357016.0, [9978.0, 6635334, 106001424, 38734, 103508112, 218266]] [736446264, [241, 509030, 8140312, 4126, 7767768, 16731]] [567899130120.0, [4077.0, 383626383, 6138011769, 5340891, 6137123253, 14212793]] [2374804072.0, [249.5, 1613302, 25807008, 29598, 25504800, 57136]]
Arch_Param: [64, 8192, 4096, 32, 512, 16]
SK_cost: [27818680702.666668, [458100.77777777775, 3628385, 116083900, 128865, 103639740, 183539233]] [24206271324.0, [333423.0, 2666607, 85328280, 86895, 85328280, 169873263]] [580107920, [26250, 195220, 6246800, 13140, 6246800, 13130]] [30717401184, [446500, 3553192, 113701904, 38704, 113701904, 210388252]] [2947722424, [41350, 329222, 10522648, 4126, 10347032, 20643910]] [1746548297208.0, [23976942.0, 191813655, 6138011769, 5340891, 6138011769, 12275420379]] [50457541676.0, [830032.0, 6611003, 211505504, 228899, 209972576, 322351120]]
Model_cost: [7132491618.666666, [1155.0277777777778, 3202401, 102452412, 260385, 49399997, 120738]] [7558818396.0, [29511.0, 2666607, 85328280, 86895, 77870232, 184479]] [577590992, [32, 195220, 6246800, 13140, 6246800, 13130]] [9680125408.0, [9978.0, 3327912, 106001424, 38704, 103508112, 218266]] [735454840, [241, 254774, 8140312, 4526, 7767768, 16731]] [567131879208.0, [4077.0, 191813655, 6138011769, 5340891, 6137123253, 14212793]] [2371598556.0, [252.5, 806651, 25807008, 29923, 25504800, 57136]]
Arch_Param: [64, 8192, 4096, 32, 512, 64]
SK_cost: [27818680702.666668, [458100.77777777775, 3628385, 116083900, 128865, 103639740, 183539233]] [24206271324.0, [333423.0, 2666607, 85328280, 86895, 85328280, 169873263]] [580107920, [26250, 195220, 6246800, 13140, 6246800, 13130]] [30717401184, [446500, 3553192, 113701904, 38704, 113701904, 210388252]] [2947722424, [41350, 329222, 10522648, 4126, 10347032, 20643910]] [1746548297208.0, [23976942.0, 191813655, 6138011769, 5340891, 6138011769, 12275420379]] [50457541676.0, [830032.0, 6611003, 211505504, 228899, 209972576, 322351120]]
Model_cost: [7123902306.666666, [1155.0277777777778, 3202401, 102452412, 135009, 49399997, 114850]] [7558818396.0, [29511.0, 2666607, 85328280, 86895, 77870232, 184479]] [577590992, [32, 195220, 6246800, 13140, 6246800, 13130]] [9680125408.0, [9978.0, 3327912, 106001424, 38704, 103508112, 218266]] [735438456, [241, 254774, 8140312, 4270, 7767768, 16731]] [567131879208.0, [4077.0, 191813655, 6138011769, 5340891, 6137123253, 14212793]] [2371573692.0, [249.5, 806651, 25807008, 29539, 25504800, 57136]]
Arch_Param: [64, 8192, 4096, 32, 512, 128]
SK_cost: [27818680702.666668, [458100.77777777775, 3628385, 116083900, 128865, 103639740, 183539233]] [24206271324.0, [333423.0, 2666607, 85328280, 86895, 85328280, 169873263]] [580107920, [26250, 195220, 6246800, 13140, 6246800, 13130]] [30717401184, [446500, 3553192, 113701904, 38704, 113701904, 210388252]] [2947722424, [41350, 329222, 10522648, 4126, 10347032, 20643910]] [1746548297208.0, [23976942.0, 191813655, 6138011769, 5340891, 6138011769, 12275420379]] [50457541676.0, [830032.0, 6611003, 211505504, 228899, 209972576, 322351120]]
Model_cost: [7123816290.666666, [1155.0277777777778, 3202401, 102452412, 133665, 49399997, 114850]] [7558818396.0, [29511.0, 2666607, 85328280, 86895, 77870232, 184479]] [577590992, [32, 195220, 6246800, 13140, 6246800, 13130]] [9680125408.0, [9978.0, 3327912, 106001424, 38704, 103508112, 218266]] [735429240, [241, 254774, 8140312, 4126, 7767768, 16731]] [567131879208.0, [4077.0, 191813655, 6138011769, 5340891, 6137123253, 14212793]] [2371573692.0, [249.5, 806651, 25807008, 29539, 25504800, 57136]]
Arch_Param: [64, 8192, 4096, 32, 512, 256]
SK_cost: [27818680702.666668, [458100.77777777775, 3628385, 116083900, 128865, 103639740, 183539233]] [24206271324.0, [333423.0, 2666607, 85328280, 86895, 85328280, 169873263]] [580107920, [26250, 195220, 6246800, 13140, 6246800, 13130]] [30717401184, [446500, 3553192, 113701904, 38704, 113701904, 210388252]] [2947722424, [41350, 329222, 10522648, 4126, 10347032, 20643910]] [1746548297208.0, [23976942.0, 191813655, 6138011769, 5340891, 6138011769, 12275420379]] [50457541676.0, [830032.0, 6611003, 211505504, 228899, 209972576, 322351120]]
Model_cost: [7123816290.666666, [1155.0277777777778, 3202401, 102452412, 133665, 49399997, 114850]] [7558818396.0, [29511.0, 2666607, 85328280, 86895, 77870232, 184479]] [577590992, [32, 195220, 6246800, 13140, 6246800, 13130]] [9680125408.0, [9978.0, 3327912, 106001424, 38704, 103508112, 218266]] [735429240, [241, 254774, 8140312, 4126, 7767768, 16731]] [567131879208.0, [4077.0, 191813655, 6138011769, 5340891, 6137123253, 14212793]] [2371573692.0, [249.5, 806651, 25807008, 29539, 25504800, 57136]]
Arch_Param: [64, 8192, 4096, 32, 512, 512]
SK_cost: [27818680702.666668, [458100.77777777775, 3628385, 116083900, 128865, 103639740, 183539233]] [24206271324.0, [333423.0, 2666607, 85328280, 86895, 85328280, 169873263]] [580107920, [26250, 195220, 6246800, 13140, 6246800, 13130]] [30717401184, [446500, 3553192, 113701904, 38704, 113701904, 210388252]] [2947722424, [41350, 329222, 10522648, 4126, 10347032, 20643910]] [1746548297208.0, [23976942.0, 191813655, 6138011769, 5340891, 6138011769, 12275420379]] [50457541676.0, [830032.0, 6611003, 211505504, 228899, 209972576, 322351120]]
Model_cost: [7123508898.666666, [1153.0277777777778, 3202401, 102452412, 128865, 49399997, 114850]] [7558818396.0, [29511.0, 2666607, 85328280, 86895, 77870232, 184479]] [577590992, [32, 195220, 6246800, 13140, 6246800, 13130]] [9680125408.0, [9978.0, 3327912, 106001424, 38704, 103508112, 218266]] [735429240, [241, 254774, 8140312, 4126, 7767768, 16731]] [567131879208.0, [4077.0, 191813655, 6138011769, 5340891, 6137123253, 14212793]] [2371573692.0, [249.5, 806651, 25807008, 29539, 25504800, 57136]]
Arch_Param: [64, 8192, 4096, 32, 1024, 16]
SK_cost: [27811428222.666668, [458100.77777777775, 1815265, 116083900, 128865, 103639740, 183539233]] [24200938332.0, [333423.0, 1333359, 85328280, 86895, 85328280, 169873263]] [579742440, [26250, 104010, 6246800, 13130, 6246800, 13130]] [30710319120, [446500, 1782996, 113701904, 38684, 113701904, 210388252]] [2947065016, [41350, 164870, 10522648, 4126, 10347032, 20643910]] [1746164671752.0, [23976942.0, 95907291, 6138011769, 5340891, 6138011769, 12275420379]] [50444325052.0, [830032.0, 3307295, 211505504, 228871, 209972576, 322351120]]
Model_cost: [7126115682.666666, [1155.0277777777778, 1608417, 102452412, 260385, 49399997, 120738]] [7553485404.0, [29511.0, 1333359, 85328280, 86895, 77870232, 184479]] [577225512, [32, 104010, 6246800, 13130, 6246800, 13130]] [9673534864.0, [9978.0, 1680596, 106001424, 38684, 103508112, 218266]] [734946328, [241, 127646, 8140312, 4526, 7767768, 16731]] [566748253752.0, [4077.0, 95907291, 6138011769, 5340891, 6137123253, 14212793]] [2369985900.0, [252.5, 403935, 25807008, 29895, 25504800, 57136]]
Arch_Param: [64, 8192, 4096, 32, 1024, 64]
SK_cost: [27811428222.666668, [458100.77777777775, 1815265, 116083900, 128865, 103639740, 183539233]] [24200938332.0, [333423.0, 1333359, 85328280, 86895, 85328280, 169873263]] [579742440, [26250, 104010, 6246800, 13130, 6246800, 13130]] [30710319120, [446500, 1782996, 113701904, 38684, 113701904, 210388252]] [2947065016, [41350, 164870, 10522648, 4126, 10347032, 20643910]] [1746164671752.0, [23976942.0, 95907291, 6138011769, 5340891, 6138011769, 12275420379]] [50444325052.0, [830032.0, 3307295, 211505504, 228871, 209972576, 322351120]]
Model_cost: [7117526370.666666, [1155.0277777777778, 1608417, 102452412, 135009, 49399997, 114850]] [7553485404.0, [29511.0, 1333359, 85328280, 86895, 77870232, 184479]] [577225512, [32, 104010, 6246800, 13130, 6246800, 13130]] [9673534864.0, [9978.0, 1680596, 106001424, 38684, 103508112, 218266]] [734929944, [241, 127646, 8140312, 4270, 7767768, 16731]] [566748253752.0, [4077.0, 95907291, 6138011769, 5340891, 6137123253, 14212793]] [2369959500.0, [249.5, 403551, 25807008, 29511, 25504800, 57136]]
Arch_Param: [64, 8192, 4096, 32, 1024, 128]
SK_cost: [27811428222.666668, [458100.77777777775, 1815265, 116083900, 128865, 103639740, 183539233]] [24200938332.0, [333423.0, 1333359, 85328280, 86895, 85328280, 169873263]] [579742440, [26250, 104010, 6246800, 13130, 6246800, 13130]] [30710319120, [446500, 1782996, 113701904, 38684, 113701904, 210388252]] [2947065016, [41350, 164870, 10522648, 4126, 10347032, 20643910]] [1746164671752.0, [23976942.0, 95907291, 6138011769, 5340891, 6138011769, 12275420379]] [50444325052.0, [830032.0, 3307295, 211505504, 228871, 209972576, 322351120]]
Model_cost: [7117434978.666666, [1155.0277777777778, 1607073, 102452412, 133665, 49399997, 114850]] [7553485404.0, [29511.0, 1333359, 85328280, 86895, 77870232, 184479]] [577225512, [32, 104010, 6246800, 13130, 6246800, 13130]] [9673534864.0, [9978.0, 1680596, 106001424, 38684, 103508112, 218266]] [734920728, [241, 127646, 8140312, 4126, 7767768, 16731]] [566748253752.0, [4077.0, 95907291, 6138011769, 5340891, 6137123253, 14212793]] [2369959500.0, [249.5, 403551, 25807008, 29511, 25504800, 57136]]
Arch_Param: [64, 8192, 4096, 32, 1024, 256]
SK_cost: [27811428222.666668, [458100.77777777775, 1815265, 116083900, 128865, 103639740, 183539233]] [24200938332.0, [333423.0, 1333359, 85328280, 86895, 85328280, 169873263]] [579742440, [26250, 104010, 6246800, 13130, 6246800, 13130]] [30710319120, [446500, 1782996, 113701904, 38684, 113701904, 210388252]] [2947065016, [41350, 164870, 10522648, 4126, 10347032, 20643910]] [1746164671752.0, [23976942.0, 95907291, 6138011769, 5340891, 6138011769, 12275420379]] [50444325052.0, [830032.0, 3307295, 211505504, 228871, 209972576, 322351120]]
Model_cost: [7117434978.666666, [1155.0277777777778, 1607073, 102452412, 133665, 49399997, 114850]] [7553485404.0, [29511.0, 1333359, 85328280, 86895, 77870232, 184479]] [577225512, [32, 104010, 6246800, 13130, 6246800, 13130]] [9673534864.0, [9978.0, 1680596, 106001424, 38684, 103508112, 218266]] [734920728, [241, 127646, 8140312, 4126, 7767768, 16731]] [566748253752.0, [4077.0, 95907291, 6138011769, 5340891, 6137123253, 14212793]] [2369959500.0, [249.5, 403551, 25807008, 29511, 25504800, 57136]]
Arch_Param: [64, 8192, 4096, 32, 1024, 512]
SK_cost: [27811428222.666668, [458100.77777777775, 1815265, 116083900, 128865, 103639740, 183539233]] [24200938332.0, [333423.0, 1333359, 85328280, 86895, 85328280, 169873263]] [579742440, [26250, 104010, 6246800, 13130, 6246800, 13130]] [30710319120, [446500, 1782996, 113701904, 38684, 113701904, 210388252]] [2947065016, [41350, 164870, 10522648, 4126, 10347032, 20643910]] [1746164671752.0, [23976942.0, 95907291, 6138011769, 5340891, 6138011769, 12275420379]] [50444325052.0, [830032.0, 3307295, 211505504, 228871, 209972576, 322351120]]
Model_cost: [7117108386.666666, [1153.0277777777778, 1602273, 102452412, 128865, 49399997, 114850]] [7553485404.0, [29511.0, 1333359, 85328280, 86895, 77870232, 184479]] [577225512, [32, 104010, 6246800, 13130, 6246800, 13130]] [9673534864.0, [9978.0, 1680596, 106001424, 38684, 103508112, 218266]] [734920728, [241, 127646, 8140312, 4126, 7767768, 16731]] [566748253752.0, [4077.0, 95907291, 6138011769, 5340891, 6137123253, 14212793]] [2369959500.0, [249.5, 403551, 25807008, 29511, 25504800, 57136]]
Arch_Param: [64, 8192, 2048, 4, 256, 16]
SK_cost: [179362652000.0, [5942341.0, 47352356, 757567868, 845252, 612137660, 1200535073]] [24248935260.0, [666735.0, 5333103, 85328280, 86895, 85328280, 169873263]] [583377720, [52170, 390430, 6246800, 13150, 6246800, 13130]] [30774367320, [891828, 7106374, 113701904, 38734, 113701904, 210388252]] [12259323576, [350214, 2772998, 44335128, 19654, 42754584, 85459014]] [1749617319288.0, [47953725.0, 383626383, 6138011769, 5340891, 6138011769, 12275420379]] [62113162488.0, [2209171.0, 17442934, 278760800, 474718, 244870496, 392146960]]
Model_cost: [34573350876.0, [14895.5, 41814564, 668963196, 1706852, 49399997, 120738]] [7572306780.0, [58911.0, 5333103, 85328280, 86895, 77870232, 184479]] [578374488, [53, 390430, 6246800, 13150, 6246800, 13130]] [9694312504, [19934, 6635334, 106001424, 38734, 103508112, 218263]] [2024486168, [2826, 2171654, 34713624, 87366, 7767768, 19803]] [567899506248.0, [7995.0, 383626383, 6138011769, 5340891, 6137123253, 14212793]] [2716496840.0, [946.5, 2054902, 32837664, 66910, 25504800, 57136]]
Arch_Param: [64, 8192, 2048, 4, 256, 64]
SK_cost: [179362652000.0, [5942341.0, 47352356, 757567868, 845252, 612137660, 1200535073]] [24248935260.0, [666735.0, 5333103, 85328280, 86895, 85328280, 169873263]] [583377720, [52170, 390430, 6246800, 13150, 6246800, 13130]] [30774367320, [891828, 7106374, 113701904, 38734, 113701904, 210388252]] [12259323576, [350214, 2772998, 44335128, 19654, 42754584, 85459014]] [1749617319288.0, [47953725.0, 383626383, 6138011769, 5340891, 6138011769, 12275420379]] [62113162488.0, [2209171.0, 17442934, 278760800, 474718, 244870496, 392146960]]
Model_cost: [34573350876.0, [14895.5, 41814564, 668963196, 1706852, 49399997, 120738]] [7572306780.0, [58911.0, 5333103, 85328280, 86895, 77870232, 184479]] [578374488, [53, 390430, 6246800, 13150, 6246800, 13130]] [9694312504, [19934, 6635334, 106001424, 38734, 103508112, 218263]] [2020062488, [2826, 2171654, 34713624, 22854, 7767768, 16731]] [567899506248.0, [7995.0, 383626383, 6138011769, 5340891, 6137123253, 14212793]] [2716234696.0, [946.5, 2054902, 32837664, 62814, 25504800, 57136]]
Arch_Param: [64, 8192, 2048, 4, 256, 128]
SK_cost: [179362652000.0, [5942341.0, 47352356, 757567868, 845252, 612137660, 1200535073]] [24248935260.0, [666735.0, 5333103, 85328280, 86895, 85328280, 169873263]] [583377720, [52170, 390430, 6246800, 13150, 6246800, 13130]] [30774367320, [891828, 7106374, 113701904, 38734, 113701904, 210388252]] [12259323576, [350214, 2772998, 44335128, 19654, 42754584, 85459014]] [1749617319288.0, [47953725.0, 383626383, 6138011769, 5340891, 6138011769, 12275420379]] [62113162488.0, [2209171.0, 17442934, 278760800, 474718, 244870496, 392146960]]
Model_cost: [34573350876.0, [14895.5, 41814564, 668963196, 1706852, 49399997, 120738]] [7572306780.0, [58911.0, 5333103, 85328280, 86895, 77870232, 184479]] [578374488, [53, 390430, 6246800, 13150, 6246800, 13130]] [9694312504, [19934, 6635334, 106001424, 38734, 103508112, 218263]] [2020062488, [2826, 2171654, 34713624, 22854, 7767768, 16731]] [567899506248.0, [7995.0, 383626383, 6138011769, 5340891, 6137123253, 14212793]] [2716234696.0, [946.5, 2054902, 32837664, 62814, 25504800, 57136]]
Arch_Param: [64, 8192, 2048, 4, 256, 256]
SK_cost: [179362652000.0, [5942341.0, 47352356, 757567868, 845252, 612137660, 1200535073]] [24248935260.0, [666735.0, 5333103, 85328280, 86895, 85328280, 169873263]] [583377720, [52170, 390430, 6246800, 13150, 6246800, 13130]] [30774367320, [891828, 7106374, 113701904, 38734, 113701904, 210388252]] [12259323576, [350214, 2772998, 44335128, 19654, 42754584, 85459014]] [1749617319288.0, [47953725.0, 383626383, 6138011769, 5340891, 6138011769, 12275420379]] [62113162488.0, [2209171.0, 17442934, 278760800, 474718, 244870496, 392146960]]
Model_cost: [34520629212.0, [14895.5, 41814564, 668963196, 891908, 49399997, 114850]] [7572306780.0, [58911.0, 5333103, 85328280, 86895, 77870232, 184479]] [578374488, [53, 390430, 6246800, 13150, 6246800, 13130]] [9694312504, [19934, 6635334, 106001424, 38734, 103508112, 218263]] [2019931416, [2826, 2171654, 34713624, 20806, 7767768, 16731]] [567899506248.0, [7995.0, 383626383, 6138011769, 5340891, 6137123253, 14212793]] [2716074664.0, [943.5, 2054902, 32837664, 60318, 25504800, 57136]]
Arch_Param: [64, 8192, 2048, 4, 512, 16]
SK_cost: [179267948180.0, [5942341.0, 23676449, 757567868, 845249, 612137660, 1200535073]] [24238269276.0, [666735.0, 2666607, 85328280, 86895, 85328280, 169873263]] [582596240, [52170, 195220, 6246800, 13140, 6246800, 13130]] [30760152672, [891828, 3553192, 113701904, 38704, 113701904, 210388252]] [12253785784, [350214, 1388550, 44335128, 19654, 42754584, 85459014]] [1748850068376.0, [47953725.0, 191813655, 6138011769, 5340891, 6138011769, 12275420379]] [62078272844.0, [2209171.0, 8721467, 278760800, 474659, 244870496, 392146960]]
Model_cost: [34489722640.0, [14895.5, 20907553, 668963196, 1706849, 49399997, 120738]] [7561640796.0, [58911.0, 2666607, 85328280, 86895, 77870232, 184479]] [577593008, [53, 195220, 6246800, 13140, 6246800, 13130]] [9681080896, [19934, 3327912, 106001424, 38704, 103508112, 218263]] [2020151064, [2826, 1087878, 34713624, 87366, 7767768, 19803]] [567132255336.0, [7995.0, 191813655, 6138011769, 5340891, 6137123253, 14212793]] [2712383260.0, [946.5, 1027451, 32837664, 66851, 25504800, 57136]]
Arch_Param: [64, 8192, 2048, 4, 512, 64]
SK_cost: [179267948180.0, [5942341.0, 23676449, 757567868, 845249, 612137660, 1200535073]] [24238269276.0, [666735.0, 2666607, 85328280, 86895, 85328280, 169873263]] [582596240, [52170, 195220, 6246800, 13140, 6246800, 13130]] [30760152672, [891828, 3553192, 113701904, 38704, 113701904, 210388252]] [12253785784, [350214, 1388550, 44335128, 19654, 42754584, 85459014]] [1748850068376.0, [47953725.0, 191813655, 6138011769, 5340891, 6138011769, 12275420379]] [62078272844.0, [2209171.0, 8721467, 278760800, 474659, 244870496, 392146960]]
Model_cost: [34489722640.0, [14895.5, 20907553, 668963196, 1706849, 49399997, 120738]] [7561640796.0, [58911.0, 2666607, 85328280, 86895, 77870232, 184479]] [577593008, [53, 195220, 6246800, 13140, 6246800, 13130]] [9681080896, [19934, 3327912, 106001424, 38704, 103508112, 218263]] [2015727384, [2826, 1087878, 34713624, 22854, 7767768, 16731]] [567132255336.0, [7995.0, 191813655, 6138011769, 5340891, 6137123253, 14212793]] [2712121116.0, [946.5, 1027451, 32837664, 62755, 25504800, 57136]]
Arch_Param: [64, 8192, 2048, 4, 512, 128]
SK_cost: [179267948180.0, [5942341.0, 23676449, 757567868, 845249, 612137660, 1200535073]] [24238269276.0, [666735.0, 2666607, 85328280, 86895, 85328280, 169873263]] [582596240, [52170, 195220, 6246800, 13140, 6246800, 13130]] [30760152672, [891828, 3553192, 113701904, 38704, 113701904, 210388252]] [12253785784, [350214, 1388550, 44335128, 19654, 42754584, 85459014]] [1748850068376.0, [47953725.0, 191813655, 6138011769, 5340891, 6138011769, 12275420379]] [62078272844.0, [2209171.0, 8721467, 278760800, 474659, 244870496, 392146960]]
Model_cost: [34489722640.0, [14895.5, 20907553, 668963196, 1706849, 49399997, 120738]] [7561640796.0, [58911.0, 2666607, 85328280, 86895, 77870232, 184479]] [577593008, [53, 195220, 6246800, 13140, 6246800, 13130]] [9681080896, [19934, 3327912, 106001424, 38704, 103508112, 218263]] [2015727384, [2826, 1087878, 34713624, 22854, 7767768, 16731]] [567132255336.0, [7995.0, 191813655, 6138011769, 5340891, 6137123253, 14212793]] [2712121116.0, [946.5, 1027451, 32837664, 62755, 25504800, 57136]]
Arch_Param: [64, 8192, 2048, 4, 512, 256]
SK_cost: [179267948180.0, [5942341.0, 23676449, 757567868, 845249, 612137660, 1200535073]] [24238269276.0, [666735.0, 2666607, 85328280, 86895, 85328280, 169873263]] [582596240, [52170, 195220, 6246800, 13140, 6246800, 13130]] [30760152672, [891828, 3553192, 113701904, 38704, 113701904, 210388252]] [12253785784, [350214, 1388550, 44335128, 19654, 42754584, 85459014]] [1748850068376.0, [47953725.0, 191813655, 6138011769, 5340891, 6138011769, 12275420379]] [62078272844.0, [2209171.0, 8721467, 278760800, 474659, 244870496, 392146960]]
Model_cost: [34437000976.0, [14895.5, 20907553, 668963196, 891905, 49399997, 114850]] [7561640796.0, [58911.0, 2666607, 85328280, 86895, 77870232, 184479]] [577593008, [53, 195220, 6246800, 13140, 6246800, 13130]] [9681080896, [19934, 3327912, 106001424, 38704, 103508112, 218263]] [2015596312, [2826, 1087878, 34713624, 20806, 7767768, 16731]] [567132255336.0, [7995.0, 191813655, 6138011769, 5340891, 6137123253, 14212793]] [2711961084.0, [943.5, 1027451, 32837664, 60259, 25504800, 57136]]
Arch_Param: [64, 8192, 2048, 4, 512, 512]
SK_cost: [179267948180.0, [5942341.0, 23676449, 757567868, 845249, 612137660, 1200535073]] [24238269276.0, [666735.0, 2666607, 85328280, 86895, 85328280, 169873263]] [582596240, [52170, 195220, 6246800, 13140, 6246800, 13130]] [30760152672, [891828, 3553192, 113701904, 38704, 113701904, 210388252]] [12253785784, [350214, 1388550, 44335128, 19654, 42754584, 85459014]] [1748850068376.0, [47953725.0, 191813655, 6138011769, 5340891, 6138011769, 12275420379]] [62078272844.0, [2209171.0, 8721467, 278760800, 474659, 244870496, 392146960]]
Model_cost: [34437000976.0, [14895.5, 20907553, 668963196, 891905, 49399997, 114850]] [7561640796.0, [58911.0, 2666607, 85328280, 86895, 77870232, 184479]] [577593008, [53, 195220, 6246800, 13140, 6246800, 13130]] [9681080896, [19934, 3327912, 106001424, 38704, 103508112, 218263]] [2015596312, [2826, 1087878, 34713624, 20806, 7767768, 16731]] [567132255336.0, [7995.0, 191813655, 6138011769, 5340891, 6137123253, 14212793]] [2711961084.0, [943.5, 1027451, 32837664, 60259, 25504800, 57136]]
Arch_Param: [64, 8192, 2048, 4, 1024, 16]
SK_cost: [179220621204.0, [5942341.0, 11844705, 757567868, 845249, 612137660, 1200535073]] [24232936284.0, [666735.0, 1333359, 85328280, 86895, 85328280, 169873263]] [582230760, [52170, 104010, 6246800, 13130, 6246800, 13130]] [30753070608, [891828, 1782996, 113701904, 38684, 113701904, 210388252]] [12251016888, [350214, 696326, 44335128, 19654, 42754584, 85459014]] [1748466442920.0, [47953725.0, 95907291, 6138011769, 5340891, 6138011769, 12275420379]] [62060878300.0, [2209171.0, 4373279, 278760800, 474631, 244870496, 392146960]]
Model_cost: [34448120080.0, [14895.5, 10506913, 668963196, 1706849, 49399997, 120738]] [7556307804.0, [58911.0, 1333359, 85328280, 86895, 77870232, 184479]] [577227528, [53, 104010, 6246800, 13130, 6246800, 13130]] [9674490352, [19934, 1680596, 106001424, 38684, 103508112, 218263]] [2017983512, [2826, 545990, 34713624, 87366, 7767768, 19803]] [566748629880.0, [7995.0, 95907291, 6138011769, 5340891, 6137123253, 14212793]] [2710342828.0, [946.5, 517791, 32837664, 66823, 25504800, 57136]]
Arch_Param: [64, 8192, 2048, 4, 1024, 64]
SK_cost: [179220621204.0, [5942341.0, 11844705, 757567868, 845249, 612137660, 1200535073]] [24232936284.0, [666735.0, 1333359, 85328280, 86895, 85328280, 169873263]] [582230760, [52170, 104010, 6246800, 13130, 6246800, 13130]] [30753070608, [891828, 1782996, 113701904, 38684, 113701904, 210388252]] [12251016888, [350214, 696326, 44335128, 19654, 42754584, 85459014]] [1748466442920.0, [47953725.0, 95907291, 6138011769, 5340891, 6138011769, 12275420379]] [62060878300.0, [2209171.0, 4373279, 278760800, 474631, 244870496, 392146960]]
Model_cost: [34448120080.0, [14895.5, 10506913, 668963196, 1706849, 49399997, 120738]] [7556307804.0, [58911.0, 1333359, 85328280, 86895, 77870232, 184479]] [577227528, [53, 104010, 6246800, 13130, 6246800, 13130]] [9674490352, [19934, 1680596, 106001424, 38684, 103508112, 218263]] [2013559832, [2826, 545990, 34713624, 22854, 7767768, 16731]] [566748629880.0, [7995.0, 95907291, 6138011769, 5340891, 6137123253, 14212793]] [2710080684.0, [946.5, 517791, 32837664, 62727, 25504800, 57136]]
Arch_Param: [64, 8192, 2048, 4, 1024, 128]
SK_cost: [179220621204.0, [5942341.0, 11844705, 757567868, 845249, 612137660, 1200535073]] [24232936284.0, [666735.0, 1333359, 85328280, 86895, 85328280, 169873263]] [582230760, [52170, 104010, 6246800, 13130, 6246800, 13130]] [30753070608, [891828, 1782996, 113701904, 38684, 113701904, 210388252]] [12251016888, [350214, 696326, 44335128, 19654, 42754584, 85459014]] [1748466442920.0, [47953725.0, 95907291, 6138011769, 5340891, 6138011769, 12275420379]] [62060878300.0, [2209171.0, 4373279, 278760800, 474631, 244870496, 392146960]]
Model_cost: [34448120080.0, [14895.5, 10506913, 668963196, 1706849, 49399997, 120738]] [7556307804.0, [58911.0, 1333359, 85328280, 86895, 77870232, 184479]] [577227528, [53, 104010, 6246800, 13130, 6246800, 13130]] [9674490352, [19934, 1680596, 106001424, 38684, 103508112, 218263]] [2013559832, [2826, 545990, 34713624, 22854, 7767768, 16731]] [566748629880.0, [7995.0, 95907291, 6138011769, 5340891, 6137123253, 14212793]] [2710080684.0, [946.5, 517791, 32837664, 62727, 25504800, 57136]]
Arch_Param: [64, 8192, 2048, 4, 1024, 256]
SK_cost: [179220621204.0, [5942341.0, 11844705, 757567868, 845249, 612137660, 1200535073]] [24232936284.0, [666735.0, 1333359, 85328280, 86895, 85328280, 169873263]] [582230760, [52170, 104010, 6246800, 13130, 6246800, 13130]] [30753070608, [891828, 1782996, 113701904, 38684, 113701904, 210388252]] [12251016888, [350214, 696326, 44335128, 19654, 42754584, 85459014]] [1748466442920.0, [47953725.0, 95907291, 6138011769, 5340891, 6138011769, 12275420379]] [62060878300.0, [2209171.0, 4373279, 278760800, 474631, 244870496, 392146960]]
Model_cost: [34395398416.0, [14895.5, 10506913, 668963196, 891905, 49399997, 114850]] [7556307804.0, [58911.0, 1333359, 85328280, 86895, 77870232, 184479]] [577227528, [53, 104010, 6246800, 13130, 6246800, 13130]] [9674490352, [19934, 1680596, 106001424, 38684, 103508112, 218263]] [2013428760, [2826, 545990, 34713624, 20806, 7767768, 16731]] [566748629880.0, [7995.0, 95907291, 6138011769, 5340891, 6137123253, 14212793]] [2709910668.0, [943.5, 515295, 32837664, 60231, 25504800, 57136]]
Arch_Param: [64, 8192, 2048, 4, 1024, 512]
SK_cost: [179220621204.0, [5942341.0, 11844705, 757567868, 845249, 612137660, 1200535073]] [24232936284.0, [666735.0, 1333359, 85328280, 86895, 85328280, 169873263]] [582230760, [52170, 104010, 6246800, 13130, 6246800, 13130]] [30753070608, [891828, 1782996, 113701904, 38684, 113701904, 210388252]] [12251016888, [350214, 696326, 44335128, 19654, 42754584, 85459014]] [1748466442920.0, [47953725.0, 95907291, 6138011769, 5340891, 6138011769, 12275420379]] [62060878300.0, [2209171.0, 4373279, 278760800, 474631, 244870496, 392146960]]
Model_cost: [34395398416.0, [14895.5, 10506913, 668963196, 891905, 49399997, 114850]] [7556307804.0, [58911.0, 1333359, 85328280, 86895, 77870232, 184479]] [577227528, [53, 104010, 6246800, 13130, 6246800, 13130]] [9674490352, [19934, 1680596, 106001424, 38684, 103508112, 218263]] [2013428760, [2826, 545990, 34713624, 20806, 7767768, 16731]] [566748629880.0, [7995.0, 95907291, 6138011769, 5340891, 6137123253, 14212793]] [2709910668.0, [943.5, 515295, 32837664, 60231, 25504800, 57136]]
Arch_Param: [64, 8192, 2048, 8, 256, 16]
SK_cost: [96538668896.0, [3190389.0, 25429668, 406835900, 451588, 334121660, 644503073]] [24248935260.0, [666735.0, 5333103, 85328280, 86895, 85328280, 169873263]] [583377720, [52170, 390430, 6246800, 13150, 6246800, 13130]] [30774367320, [891828, 7106374, 113701904, 38734, 113701904, 210388252]] [6130218680, [175110, 1386502, 22167576, 9830, 21389848, 42729542]] [1749617319288.0, [47953725.0, 383626383, 6138011769, 5340891, 6138011769, 12275420379]] [54836356344.0, [1866643.0, 14813302, 236846432, 329310, 222784864, 347975696]]
Model_cost: [19572262620.0, [7943.5, 22447780, 359125692, 913828, 49399997, 120738]] [7572306780.0, [58911.0, 5333103, 85328280, 86895, 77870232, 184479]] [578374488, [53, 390430, 6246800, 13150, 6246800, 13130]] [9694312504, [19934, 6635334, 106001424, 38734, 103508112, 218263]] [1184085592, [1416, 1085830, 17356824, 43686, 7767768, 19803]] [567899506248.0, [7995.0, 383626383, 6138011769, 5340891, 6137123253, 14212793]] [2506570536.0, [667.5, 1783542, 28515872, 45534, 25504800, 57136]]
Arch_Param: [64, 8192, 2048, 8, 256, 64]
SK_cost: [96538668896.0, [3190389.0, 25429668, 406835900, 451588, 334121660, 644503073]] [24248935260.0, [666735.0, 5333103, 85328280, 86895, 85328280, 169873263]] [583377720, [52170, 390430, 6246800, 13150, 6246800, 13130]] [30774367320, [891828, 7106374, 113701904, 38734, 113701904, 210388252]] [6130218680, [175110, 1386502, 22167576, 9830, 21389848, 42729542]] [1749617319288.0, [47953725.0, 383626383, 6138011769, 5340891, 6138011769, 12275420379]] [54836356344.0, [1866643.0, 14813302, 236846432, 329310, 222784864, 347975696]]
Model_cost: [19572262620.0, [7943.5, 22447780, 359125692, 913828, 49399997, 120738]] [7572306780.0, [58911.0, 5333103, 85328280, 86895, 77870232, 184479]] [578374488, [53, 390430, 6246800, 13150, 6246800, 13130]] [9694312504, [19934, 6635334, 106001424, 38734, 103508112, 218263]] [1181726296, [1416, 1085830, 17356824, 11430, 7767768, 16731]] [567899506248.0, [7995.0, 383626383, 6138011769, 5340891, 6137123253, 14212793]] [2506439464.0, [667.5, 1783542, 28515872, 43486, 25504800, 57136]]
Arch_Param: [64, 8192, 2048, 8, 256, 128]
SK_cost: [96538668896.0, [3190389.0, 25429668, 406835900, 451588, 334121660, 644503073]] [24248935260.0, [666735.0, 5333103, 85328280, 86895, 85328280, 169873263]] [583377720, [52170, 390430, 6246800, 13150, 6246800, 13130]] [30774367320, [891828, 7106374, 113701904, 38734, 113701904, 210388252]] [6130218680, [175110, 1386502, 22167576, 9830, 21389848, 42729542]] [1749617319288.0, [47953725.0, 383626383, 6138011769, 5340891, 6138011769, 12275420379]] [54836356344.0, [1866643.0, 14813302, 236846432, 329310, 222784864, 347975696]]
Model_cost: [19543613148.0, [7943.5, 22447780, 359125692, 475012, 49399997, 114850]] [7572306780.0, [58911.0, 5333103, 85328280, 86895, 77870232, 184479]] [578374488, [53, 390430, 6246800, 13150, 6246800, 13130]] [9694312504, [19934, 6635334, 106001424, 38734, 103508112, 218263]] [1181660760, [1416, 1085830, 17356824, 10406, 7767768, 16731]] [567899506248.0, [7995.0, 383626383, 6138011769, 5340891, 6137123253, 14212793]] [2506353448.0, [667.5, 1783542, 28515872, 42142, 25504800, 57136]]
Arch_Param: [64, 8192, 2048, 8, 256, 256]
SK_cost: [96538668896.0, [3190389.0, 25429668, 406835900, 451588, 334121660, 644503073]] [24248935260.0, [666735.0, 5333103, 85328280, 86895, 85328280, 169873263]] [583377720, [52170, 390430, 6246800, 13150, 6246800, 13130]] [30774367320, [891828, 7106374, 113701904, 38734, 113701904, 210388252]] [6130218680, [175110, 1386502, 22167576, 9830, 21389848, 42729542]] [1749617319288.0, [47953725.0, 383626383, 6138011769, 5340891, 6138011769, 12275420379]] [54836356344.0, [1866643.0, 14813302, 236846432, 329310, 222784864, 347975696]]
Model_cost: [19543613148.0, [7943.5, 22447780, 359125692, 475012, 49399997, 114850]] [7572306780.0, [58911.0, 5333103, 85328280, 86895, 77870232, 184479]] [578374488, [53, 390430, 6246800, 13150, 6246800, 13130]] [9694312504, [19934, 6635334, 106001424, 38734, 103508112, 218263]] [1181660760, [1416, 1085830, 17356824, 10406, 7767768, 16731]] [567899506248.0, [7995.0, 383626383, 6138011769, 5340891, 6137123253, 14212793]] [2506353448.0, [667.5, 1783542, 28515872, 42142, 25504800, 57136]]
Arch_Param: [64, 8192, 2048, 8, 512, 16]
SK_cost: [96487810452.0, [3190389.0, 12715105, 406835900, 451585, 334121660, 644503073]] [24238269276.0, [666735.0, 2666607, 85328280, 86895, 85328280, 169873263]] [582596240, [52170, 195220, 6246800, 13140, 6246800, 13130]] [30760152672, [891828, 3553192, 113701904, 38704, 113701904, 210388252]] [6127449784, [175110, 694278, 22167576, 9830, 21389848, 42729542]] [1748850068376.0, [47953725.0, 191813655, 6138011769, 5340891, 6138011769, 12275420379]] [54806725964.0, [1866643.0, 7406651, 236846432, 329251, 222784864, 347975696]]
Model_cost: [19527367952.0, [7943.5, 11224161, 359125692, 913825, 49399997, 120738]] [7561640796.0, [58911.0, 2666607, 85328280, 86895, 77870232, 184479]] [577593008, [53, 195220, 6246800, 13140, 6246800, 13130]] [9681080896, [19934, 3327912, 106001424, 38704, 103508112, 218263]] [1181918040, [1416, 543942, 17356824, 43686, 7767768, 19803]] [567132255336.0, [7995.0, 191813655, 6138011769, 5340891, 6137123253, 14212793]] [2502999676.0, [667.5, 891771, 28515872, 45475, 25504800, 57136]]
Arch_Param: [64, 8192, 2048, 8, 512, 64]
SK_cost: [96487810452.0, [3190389.0, 12715105, 406835900, 451585, 334121660, 644503073]] [24238269276.0, [666735.0, 2666607, 85328280, 86895, 85328280, 169873263]] [582596240, [52170, 195220, 6246800, 13140, 6246800, 13130]] [30760152672, [891828, 3553192, 113701904, 38704, 113701904, 210388252]] [6127449784, [175110, 694278, 22167576, 9830, 21389848, 42729542]] [1748850068376.0, [47953725.0, 191813655, 6138011769, 5340891, 6138011769, 12275420379]] [54806725964.0, [1866643.0, 7406651, 236846432, 329251, 222784864, 347975696]]
Model_cost: [19527367952.0, [7943.5, 11224161, 359125692, 913825, 49399997, 120738]] [7561640796.0, [58911.0, 2666607, 85328280, 86895, 77870232, 184479]] [577593008, [53, 195220, 6246800, 13140, 6246800, 13130]] [9681080896, [19934, 3327912, 106001424, 38704, 103508112, 218263]] [1179558744, [1416, 543942, 17356824, 11430, 7767768, 16731]] [567132255336.0, [7995.0, 191813655, 6138011769, 5340891, 6137123253, 14212793]] [2502868604.0, [667.5, 891771, 28515872, 43427, 25504800, 57136]]
Arch_Param: [64, 8192, 2048, 8, 512, 128]
SK_cost: [96487810452.0, [3190389.0, 12715105, 406835900, 451585, 334121660, 644503073]] [24238269276.0, [666735.0, 2666607, 85328280, 86895, 85328280, 169873263]] [582596240, [52170, 195220, 6246800, 13140, 6246800, 13130]] [30760152672, [891828, 3553192, 113701904, 38704, 113701904, 210388252]] [6127449784, [175110, 694278, 22167576, 9830, 21389848, 42729542]] [1748850068376.0, [47953725.0, 191813655, 6138011769, 5340891, 6138011769, 12275420379]] [54806725964.0, [1866643.0, 7406651, 236846432, 329251, 222784864, 347975696]]
Model_cost: [19498718480.0, [7943.5, 11224161, 359125692, 475009, 49399997, 114850]] [7561640796.0, [58911.0, 2666607, 85328280, 86895, 77870232, 184479]] [577593008, [53, 195220, 6246800, 13140, 6246800, 13130]] [9681080896, [19934, 3327912, 106001424, 38704, 103508112, 218263]] [1179493208, [1416, 543942, 17356824, 10406, 7767768, 16731]] [567132255336.0, [7995.0, 191813655, 6138011769, 5340891, 6137123253, 14212793]] [2502782588.0, [667.5, 891771, 28515872, 42083, 25504800, 57136]]
Arch_Param: [64, 8192, 2048, 8, 512, 256]
SK_cost: [96487810452.0, [3190389.0, 12715105, 406835900, 451585, 334121660, 644503073]] [24238269276.0, [666735.0, 2666607, 85328280, 86895, 85328280, 169873263]] [582596240, [52170, 195220, 6246800, 13140, 6246800, 13130]] [30760152672, [891828, 3553192, 113701904, 38704, 113701904, 210388252]] [6127449784, [175110, 694278, 22167576, 9830, 21389848, 42729542]] [1748850068376.0, [47953725.0, 191813655, 6138011769, 5340891, 6138011769, 12275420379]] [54806725964.0, [1866643.0, 7406651, 236846432, 329251, 222784864, 347975696]]
Model_cost: [19498718480.0, [7943.5, 11224161, 359125692, 475009, 49399997, 114850]] [7561640796.0, [58911.0, 2666607, 85328280, 86895, 77870232, 184479]] [577593008, [53, 195220, 6246800, 13140, 6246800, 13130]] [9681080896, [19934, 3327912, 106001424, 38704, 103508112, 218263]] [1179493208, [1416, 543942, 17356824, 10406, 7767768, 16731]] [567132255336.0, [7995.0, 191813655, 6138011769, 5340891, 6137123253, 14212793]] [2502782588.0, [667.5, 891771, 28515872, 42083, 25504800, 57136]]
Arch_Param: [64, 8192, 2048, 8, 512, 512]
SK_cost: [96487810452.0, [3190389.0, 12715105, 406835900, 451585, 334121660, 644503073]] [24238269276.0, [666735.0, 2666607, 85328280, 86895, 85328280, 169873263]] [582596240, [52170, 195220, 6246800, 13140, 6246800, 13130]] [30760152672, [891828, 3553192, 113701904, 38704, 113701904, 210388252]] [6127449784, [175110, 694278, 22167576, 9830, 21389848, 42729542]] [1748850068376.0, [47953725.0, 191813655, 6138011769, 5340891, 6138011769, 12275420379]] [54806725964.0, [1866643.0, 7406651, 236846432, 329251, 222784864, 347975696]]
Model_cost: [19498410992.0, [7940.5, 11224161, 359125692, 470209, 49399997, 114850]] [7561640796.0, [58911.0, 2666607, 85328280, 86895, 77870232, 184479]] [577593008, [53, 195220, 6246800, 13140, 6246800, 13130]] [9681080896, [19934, 3327912, 106001424, 38704, 103508112, 218263]] [1179456344, [1416, 543942, 17356824, 9830, 7767768, 16731]] [567132255336.0, [7995.0, 191813655, 6138011769, 5340891, 6137123253, 14212793]] [2502782588.0, [667.5, 891771, 28515872, 42083, 25504800, 57136]]
Arch_Param: [64, 8192, 2048, 8, 1024, 16]
SK_cost: [96462393748.0, [3190389.0, 6360929, 406835900, 451585, 334121660, 644503073]] [24232936284.0, [666735.0, 1333359, 85328280, 86895, 85328280, 169873263]] [582230760, [52170, 104010, 6246800, 13130, 6246800, 13130]] [30753070608, [891828, 1782996, 113701904, 38684, 113701904, 210388252]] [6126065336, [175110, 348166, 22167576, 9830, 21389848, 42729542]] [1748466442920.0, [47953725.0, 95907291, 6138011769, 5340891, 6138011769, 12275420379]] [54791936476.0, [1866643.0, 3709727, 236846432, 329223, 222784864, 347975696]]
Model_cost: [19505026832.0, [7943.5, 5638881, 359125692, 913825, 49399997, 120738]] [7556307804.0, [58911.0, 1333359, 85328280, 86895, 77870232, 184479]] [577227528, [53, 104010, 6246800, 13130, 6246800, 13130]] [9674490352, [19934, 1680596, 106001424, 38684, 103508112, 218263]] [1180834264, [1416, 272998, 17356824, 43686, 7767768, 19803]] [566748629880.0, [7995.0, 95907291, 6138011769, 5340891, 6137123253, 14212793]] [2501222924.0, [667.5, 448031, 28515872, 45447, 25504800, 57136]]
Arch_Param: [64, 8192, 2048, 8, 1024, 64]
SK_cost: [96462393748.0, [3190389.0, 6360929, 406835900, 451585, 334121660, 644503073]] [24232936284.0, [666735.0, 1333359, 85328280, 86895, 85328280, 169873263]] [582230760, [52170, 104010, 6246800, 13130, 6246800, 13130]] [30753070608, [891828, 1782996, 113701904, 38684, 113701904, 210388252]] [6126065336, [175110, 348166, 22167576, 9830, 21389848, 42729542]] [1748466442920.0, [47953725.0, 95907291, 6138011769, 5340891, 6138011769, 12275420379]] [54791936476.0, [1866643.0, 3709727, 236846432, 329223, 222784864, 347975696]]
Model_cost: [19505026832.0, [7943.5, 5638881, 359125692, 913825, 49399997, 120738]] [7556307804.0, [58911.0, 1333359, 85328280, 86895, 77870232, 184479]] [577227528, [53, 104010, 6246800, 13130, 6246800, 13130]] [9674490352, [19934, 1680596, 106001424, 38684, 103508112, 218263]] [1178474968, [1416, 272998, 17356824, 11430, 7767768, 16731]] [566748629880.0, [7995.0, 95907291, 6138011769, 5340891, 6137123253, 14212793]] [2501091852.0, [667.5, 448031, 28515872, 43399, 25504800, 57136]]
Arch_Param: [64, 8192, 2048, 8, 1024, 128]
SK_cost: [96462393748.0, [3190389.0, 6360929, 406835900, 451585, 334121660, 644503073]] [24232936284.0, [666735.0, 1333359, 85328280, 86895, 85328280, 169873263]] [582230760, [52170, 104010, 6246800, 13130, 6246800, 13130]] [30753070608, [891828, 1782996, 113701904, 38684, 113701904, 210388252]] [6126065336, [175110, 348166, 22167576, 9830, 21389848, 42729542]] [1748466442920.0, [47953725.0, 95907291, 6138011769, 5340891, 6138011769, 12275420379]] [54791936476.0, [1866643.0, 3709727, 236846432, 329223, 222784864, 347975696]]
Model_cost: [19476377360.0, [7943.5, 5638881, 359125692, 475009, 49399997, 114850]] [7556307804.0, [58911.0, 1333359, 85328280, 86895, 77870232, 184479]] [577227528, [53, 104010, 6246800, 13130, 6246800, 13130]] [9674490352, [19934, 1680596, 106001424, 38684, 103508112, 218263]] [1178409432, [1416, 272998, 17356824, 10406, 7767768, 16731]] [566748629880.0, [7995.0, 95907291, 6138011769, 5340891, 6137123253, 14212793]] [2501000460.0, [667.5, 446687, 28515872, 42055, 25504800, 57136]]
Arch_Param: [64, 8192, 2048, 8, 1024, 256]
SK_cost: [96462393748.0, [3190389.0, 6360929, 406835900, 451585, 334121660, 644503073]] [24232936284.0, [666735.0, 1333359, 85328280, 86895, 85328280, 169873263]] [582230760, [52170, 104010, 6246800, 13130, 6246800, 13130]] [30753070608, [891828, 1782996, 113701904, 38684, 113701904, 210388252]] [6126065336, [175110, 348166, 22167576, 9830, 21389848, 42729542]] [1748466442920.0, [47953725.0, 95907291, 6138011769, 5340891, 6138011769, 12275420379]] [54791936476.0, [1866643.0, 3709727, 236846432, 329223, 222784864, 347975696]]
Model_cost: [19476377360.0, [7943.5, 5638881, 359125692, 475009, 49399997, 114850]] [7556307804.0, [58911.0, 1333359, 85328280, 86895, 77870232, 184479]] [577227528, [53, 104010, 6246800, 13130, 6246800, 13130]] [9674490352, [19934, 1680596, 106001424, 38684, 103508112, 218263]] [1178409432, [1416, 272998, 17356824, 10406, 7767768, 16731]] [566748629880.0, [7995.0, 95907291, 6138011769, 5340891, 6137123253, 14212793]] [2501000460.0, [667.5, 446687, 28515872, 42055, 25504800, 57136]]
Arch_Param: [64, 8192, 2048, 8, 1024, 512]
SK_cost: [96462393748.0, [3190389.0, 6360929, 406835900, 451585, 334121660, 644503073]] [24232936284.0, [666735.0, 1333359, 85328280, 86895, 85328280, 169873263]] [582230760, [52170, 104010, 6246800, 13130, 6246800, 13130]] [30753070608, [891828, 1782996, 113701904, 38684, 113701904, 210388252]] [6126065336, [175110, 348166, 22167576, 9830, 21389848, 42729542]] [1748466442920.0, [47953725.0, 95907291, 6138011769, 5340891, 6138011769, 12275420379]] [54791936476.0, [1866643.0, 3709727, 236846432, 329223, 222784864, 347975696]]
Model_cost: [19476050672.0, [7940.5, 5634081, 359125692, 470209, 49399997, 114850]] [7556307804.0, [58911.0, 1333359, 85328280, 86895, 77870232, 184479]] [577227528, [53, 104010, 6246800, 13130, 6246800, 13130]] [9674490352, [19934, 1680596, 106001424, 38684, 103508112, 218263]] [1178372568, [1416, 272998, 17356824, 9830, 7767768, 16731]] [566748629880.0, [7995.0, 95907291, 6138011769, 5340891, 6137123253, 14212793]] [2501000460.0, [667.5, 446687, 28515872, 42055, 25504800, 57136]]
Arch_Param: [64, 8192, 2048, 16, 256, 16]
SK_cost: [55142492000.0, [1814901.0, 14471844, 231526076, 254884, 195168956, 366597665]] [24248935260.0, [666735.0, 5333103, 85328280, 86895, 85328280, 169873263]] [583377720, [52170, 390430, 6246800, 13150, 6246800, 13130]] [30774367320, [891828, 7106374, 113701904, 38734, 113701904, 210388252]] [3065666232, [87558, 693254, 11083800, 4918, 10707480, 21364806]] [1749617319288.0, [47953725.0, 383626383, 6138011769, 5340891, 6138011769, 12275420379]] [51197953272.0, [1695379.0, 13498486, 215889248, 256606, 211742048, 325890064]]
Model_cost: [12074442972.0, [4471.5, 12767908, 204263100, 517540, 49399997, 120738]] [7572306780.0, [58911.0, 5333103, 85328280, 86895, 77870232, 184479]] [578374488, [53, 390430, 6246800, 13150, 6246800, 13130]] [9694312504, [19934, 6635334, 106001424, 38734, 103508112, 218263]] [762558200, [711, 542918, 8678424, 5718, 7767768, 16731]] [567899506248.0, [7995.0, 383626383, 6138011769, 5340891, 6137123253, 14212793]] [2401541848.0, [528.0, 1647862, 26354976, 33822, 25504800, 57136]]
Arch_Param: [64, 8192, 2048, 16, 256, 64]
SK_cost: [55142492000.0, [1814901.0, 14471844, 231526076, 254884, 195168956, 366597665]] [24248935260.0, [666735.0, 5333103, 85328280, 86895, 85328280, 169873263]] [583377720, [52170, 390430, 6246800, 13150, 6246800, 13130]] [30774367320, [891828, 7106374, 113701904, 38734, 113701904, 210388252]] [3065666232, [87558, 693254, 11083800, 4918, 10707480, 21364806]] [1749617319288.0, [47953725.0, 383626383, 6138011769, 5340891, 6138011769, 12275420379]] [51197953272.0, [1695379.0, 13498486, 215889248, 256606, 211742048, 325890064]]
Model_cost: [12057829596.0, [4471.5, 12767908, 204263100, 266788, 49399997, 114850]] [7572306780.0, [58911.0, 5333103, 85328280, 86895, 77870232, 184479]] [578374488, [53, 390430, 6246800, 13150, 6246800, 13130]] [9694312504, [19934, 6635334, 106001424, 38734, 103508112, 218263]] [762525432, [711, 542918, 8678424, 5206, 7767768, 16731]] [567899506248.0, [7995.0, 383626383, 6138011769, 5340891, 6137123253, 14212793]] [2401492696.0, [528.0, 1647862, 26354976, 33054, 25504800, 57136]]
Arch_Param: [64, 8192, 2048, 16, 256, 128]
SK_cost: [55142492000.0, [1814901.0, 14471844, 231526076, 254884, 195168956, 366597665]] [24248935260.0, [666735.0, 5333103, 85328280, 86895, 85328280, 169873263]] [583377720, [52170, 390430, 6246800, 13150, 6246800, 13130]] [30774367320, [891828, 7106374, 113701904, 38734, 113701904, 210388252]] [3065666232, [87558, 693254, 11083800, 4918, 10707480, 21364806]] [1749617319288.0, [47953725.0, 383626383, 6138011769, 5340891, 6138011769, 12275420379]] [51197953272.0, [1695379.0, 13498486, 215889248, 256606, 211742048, 325890064]]
Model_cost: [12057829596.0, [4471.5, 12767908, 204263100, 266788, 49399997, 114850]] [7572306780.0, [58911.0, 5333103, 85328280, 86895, 77870232, 184479]] [578374488, [53, 390430, 6246800, 13150, 6246800, 13130]] [9694312504, [19934, 6635334, 106001424, 38734, 103508112, 218263]] [762525432, [711, 542918, 8678424, 5206, 7767768, 16731]] [567899506248.0, [7995.0, 383626383, 6138011769, 5340891, 6137123253, 14212793]] [2401492696.0, [528.0, 1647862, 26354976, 33054, 25504800, 57136]]
Arch_Param: [64, 8192, 2048, 16, 256, 256]
SK_cost: [55142492000.0, [1814901.0, 14471844, 231526076, 254884, 195168956, 366597665]] [24248935260.0, [666735.0, 5333103, 85328280, 86895, 85328280, 169873263]] [583377720, [52170, 390430, 6246800, 13150, 6246800, 13130]] [30774367320, [891828, 7106374, 113701904, 38734, 113701904, 210388252]] [3065666232, [87558, 693254, 11083800, 4918, 10707480, 21364806]] [1749617319288.0, [47953725.0, 383626383, 6138011769, 5340891, 6138011769, 12275420379]] [51197953272.0, [1695379.0, 13498486, 215889248, 256606, 211742048, 325890064]]
Model_cost: [12057669564.0, [4468.5, 12767908, 204263100, 264292, 49399997, 114850]] [7572306780.0, [58911.0, 5333103, 85328280, 86895, 77870232, 184479]] [578374488, [53, 390430, 6246800, 13150, 6246800, 13130]] [9694312504, [19934, 6635334, 106001424, 38734, 103508112, 218263]] [762507000, [711, 542918, 8678424, 4918, 7767768, 16731]] [567899506248.0, [7995.0, 383626383, 6138011769, 5340891, 6137123253, 14212793]] [2401492696.0, [528.0, 1647862, 26354976, 33054, 25504800, 57136]]
Arch_Param: [64, 8192, 2048, 16, 512, 16]
SK_cost: [55113549204.0, [1814901.0, 7236193, 231526076, 254881, 195168956, 366597665]] [24238269276.0, [666735.0, 2666607, 85328280, 86895, 85328280, 169873263]] [582596240, [52170, 195220, 6246800, 13140, 6246800, 13130]] [30760152672, [891828, 3553192, 113701904, 38704, 113701904, 210388252]] [3064281784, [87558, 347142, 11083800, 4918, 10707480, 21364806]] [1748850068376.0, [47953725.0, 191813655, 6138011769, 5340891, 6138011769, 12275420379]] [51170952524.0, [1695379.0, 6749243, 215889248, 256547, 211742048, 325890064]]
Model_cost: [12048908048.0, [4471.5, 6384225, 204263100, 517537, 49399997, 120738]] [7561640796.0, [58911.0, 2666607, 85328280, 86895, 77870232, 184479]] [577593008, [53, 195220, 6246800, 13140, 6246800, 13130]] [9681080896, [19934, 3327912, 106001424, 38704, 103508112, 218263]] [761474424, [711, 271974, 8678424, 5718, 7767768, 16731]] [567132255336.0, [7995.0, 191813655, 6138011769, 5340891, 6137123253, 14212793]] [2398242348.0, [528.0, 823931, 26354976, 33763, 25504800, 57136]]
Arch_Param: [64, 8192, 2048, 16, 512, 64]
SK_cost: [55113549204.0, [1814901.0, 7236193, 231526076, 254881, 195168956, 366597665]] [24238269276.0, [666735.0, 2666607, 85328280, 86895, 85328280, 169873263]] [582596240, [52170, 195220, 6246800, 13140, 6246800, 13130]] [30760152672, [891828, 3553192, 113701904, 38704, 113701904, 210388252]] [3064281784, [87558, 347142, 11083800, 4918, 10707480, 21364806]] [1748850068376.0, [47953725.0, 191813655, 6138011769, 5340891, 6138011769, 12275420379]] [51170952524.0, [1695379.0, 6749243, 215889248, 256547, 211742048, 325890064]]
Model_cost: [12032294672.0, [4471.5, 6384225, 204263100, 266785, 49399997, 114850]] [7561640796.0, [58911.0, 2666607, 85328280, 86895, 77870232, 184479]] [577593008, [53, 195220, 6246800, 13140, 6246800, 13130]] [9681080896, [19934, 3327912, 106001424, 38704, 103508112, 218263]] [761441656, [711, 271974, 8678424, 5206, 7767768, 16731]] [567132255336.0, [7995.0, 191813655, 6138011769, 5340891, 6137123253, 14212793]] [2398193196.0, [528.0, 823931, 26354976, 32995, 25504800, 57136]]
Arch_Param: [64, 8192, 2048, 16, 512, 128]
SK_cost: [55113549204.0, [1814901.0, 7236193, 231526076, 254881, 195168956, 366597665]] [24238269276.0, [666735.0, 2666607, 85328280, 86895, 85328280, 169873263]] [582596240, [52170, 195220, 6246800, 13140, 6246800, 13130]] [30760152672, [891828, 3553192, 113701904, 38704, 113701904, 210388252]] [3064281784, [87558, 347142, 11083800, 4918, 10707480, 21364806]] [1748850068376.0, [47953725.0, 191813655, 6138011769, 5340891, 6138011769, 12275420379]] [51170952524.0, [1695379.0, 6749243, 215889248, 256547, 211742048, 325890064]]
Model_cost: [12032294672.0, [4471.5, 6384225, 204263100, 266785, 49399997, 114850]] [7561640796.0, [58911.0, 2666607, 85328280, 86895, 77870232, 184479]] [577593008, [53, 195220, 6246800, 13140, 6246800, 13130]] [9681080896, [19934, 3327912, 106001424, 38704, 103508112, 218263]] [761441656, [711, 271974, 8678424, 5206, 7767768, 16731]] [567132255336.0, [7995.0, 191813655, 6138011769, 5340891, 6137123253, 14212793]] [2398193196.0, [528.0, 823931, 26354976, 32995, 25504800, 57136]]
Arch_Param: [64, 8192, 2048, 16, 512, 256]
SK_cost: [55113549204.0, [1814901.0, 7236193, 231526076, 254881, 195168956, 366597665]] [24238269276.0, [666735.0, 2666607, 85328280, 86895, 85328280, 169873263]] [582596240, [52170, 195220, 6246800, 13140, 6246800, 13130]] [30760152672, [891828, 3553192, 113701904, 38704, 113701904, 210388252]] [3064281784, [87558, 347142, 11083800, 4918, 10707480, 21364806]] [1748850068376.0, [47953725.0, 191813655, 6138011769, 5340891, 6138011769, 12275420379]] [51170952524.0, [1695379.0, 6749243, 215889248, 256547, 211742048, 325890064]]
Model_cost: [12032134640.0, [4468.5, 6384225, 204263100, 264289, 49399997, 114850]] [7561640796.0, [58911.0, 2666607, 85328280, 86895, 77870232, 184479]] [577593008, [53, 195220, 6246800, 13140, 6246800, 13130]] [9681080896, [19934, 3327912, 106001424, 38704, 103508112, 218263]] [761423224, [711, 271974, 8678424, 4918, 7767768, 16731]] [567132255336.0, [7995.0, 191813655, 6138011769, 5340891, 6137123253, 14212793]] [2398193196.0, [528.0, 823931, 26354976, 32995, 25504800, 57136]]
Arch_Param: [64, 8192, 2048, 16, 512, 512]
SK_cost: [55113549204.0, [1814901.0, 7236193, 231526076, 254881, 195168956, 366597665]] [24238269276.0, [666735.0, 2666607, 85328280, 86895, 85328280, 169873263]] [582596240, [52170, 195220, 6246800, 13140, 6246800, 13130]] [30760152672, [891828, 3553192, 113701904, 38704, 113701904, 210388252]] [3064281784, [87558, 347142, 11083800, 4918, 10707480, 21364806]] [1748850068376.0, [47953725.0, 191813655, 6138011769, 5340891, 6138011769, 12275420379]] [51170952524.0, [1695379.0, 6749243, 215889248, 256547, 211742048, 325890064]]
Model_cost: [12032134640.0, [4468.5, 6384225, 204263100, 264289, 49399997, 114850]] [7561640796.0, [58911.0, 2666607, 85328280, 86895, 77870232, 184479]] [577593008, [53, 195220, 6246800, 13140, 6246800, 13130]] [9681080896, [19934, 3327912, 106001424, 38704, 103508112, 218263]] [761423224, [711, 271974, 8678424, 4918, 7767768, 16731]] [567132255336.0, [7995.0, 191813655, 6138011769, 5340891, 6137123253, 14212793]] [2398193196.0, [528.0, 823931, 26354976, 32995, 25504800, 57136]]
Arch_Param: [64, 8192, 2048, 16, 1024, 16]
SK_cost: [55099084180.0, [1814901.0, 3619937, 231526076, 254881, 195168956, 366597665]] [24232936284.0, [666735.0, 1333359, 85328280, 86895, 85328280, 169873263]] [582230760, [52170, 104010, 6246800, 13130, 6246800, 13130]] [30753070608, [891828, 1782996, 113701904, 38684, 113701904, 210388252]] [3063589560, [87558, 174086, 11083800, 4918, 10707480, 21364806]] [1748466442920.0, [47953725.0, 95907291, 6138011769, 5340891, 6138011769, 12275420379]] [51157465564.0, [1695379.0, 3377951, 215889248, 256519, 211742048, 325890064]]
Model_cost: [12036194576.0, [4471.5, 3205857, 204263100, 517537, 49399997, 120738]] [7556307804.0, [58911.0, 1333359, 85328280, 86895, 77870232, 184479]] [577227528, [53, 104010, 6246800, 13130, 6246800, 13130]] [9674490352, [19934, 1680596, 106001424, 38684, 103508112, 218263]] [760932536, [711, 136502, 8678424, 5718, 7767768, 16731]] [566748629880.0, [7995.0, 95907291, 6138011769, 5340891, 6137123253, 14212793]] [2396597436.0, [528.0, 413151, 26354976, 33735, 25504800, 57136]]
Arch_Param: [64, 8192, 2048, 16, 1024, 64]
SK_cost: [55099084180.0, [1814901.0, 3619937, 231526076, 254881, 195168956, 366597665]] [24232936284.0, [666735.0, 1333359, 85328280, 86895, 85328280, 169873263]] [582230760, [52170, 104010, 6246800, 13130, 6246800, 13130]] [30753070608, [891828, 1782996, 113701904, 38684, 113701904, 210388252]] [3063589560, [87558, 174086, 11083800, 4918, 10707480, 21364806]] [1748466442920.0, [47953725.0, 95907291, 6138011769, 5340891, 6138011769, 12275420379]] [51157465564.0, [1695379.0, 3377951, 215889248, 256519, 211742048, 325890064]]
Model_cost: [12019581200.0, [4471.5, 3205857, 204263100, 266785, 49399997, 114850]] [7556307804.0, [58911.0, 1333359, 85328280, 86895, 77870232, 184479]] [577227528, [53, 104010, 6246800, 13130, 6246800, 13130]] [9674490352, [19934, 1680596, 106001424, 38684, 103508112, 218263]] [760899768, [711, 136502, 8678424, 5206, 7767768, 16731]] [566748629880.0, [7995.0, 95907291, 6138011769, 5340891, 6137123253, 14212793]] [2396545212.0, [528.0, 412383, 26354976, 32967, 25504800, 57136]]
Arch_Param: [64, 8192, 2048, 16, 1024, 128]
SK_cost: [55099084180.0, [1814901.0, 3619937, 231526076, 254881, 195168956, 366597665]] [24232936284.0, [666735.0, 1333359, 85328280, 86895, 85328280, 169873263]] [582230760, [52170, 104010, 6246800, 13130, 6246800, 13130]] [30753070608, [891828, 1782996, 113701904, 38684, 113701904, 210388252]] [3063589560, [87558, 174086, 11083800, 4918, 10707480, 21364806]] [1748466442920.0, [47953725.0, 95907291, 6138011769, 5340891, 6138011769, 12275420379]] [51157465564.0, [1695379.0, 3377951, 215889248, 256519, 211742048, 325890064]]
Model_cost: [12019581200.0, [4471.5, 3205857, 204263100, 266785, 49399997, 114850]] [7556307804.0, [58911.0, 1333359, 85328280, 86895, 77870232, 184479]] [577227528, [53, 104010, 6246800, 13130, 6246800, 13130]] [9674490352, [19934, 1680596, 106001424, 38684, 103508112, 218263]] [760899768, [711, 136502, 8678424, 5206, 7767768, 16731]] [566748629880.0, [7995.0, 95907291, 6138011769, 5340891, 6137123253, 14212793]] [2396545212.0, [528.0, 412383, 26354976, 32967, 25504800, 57136]]
Arch_Param: [64, 8192, 2048, 16, 1024, 256]
SK_cost: [55099084180.0, [1814901.0, 3619937, 231526076, 254881, 195168956, 366597665]] [24232936284.0, [666735.0, 1333359, 85328280, 86895, 85328280, 169873263]] [582230760, [52170, 104010, 6246800, 13130, 6246800, 13130]] [30753070608, [891828, 1782996, 113701904, 38684, 113701904, 210388252]] [3063589560, [87558, 174086, 11083800, 4918, 10707480, 21364806]] [1748466442920.0, [47953725.0, 95907291, 6138011769, 5340891, 6138011769, 12275420379]] [51157465564.0, [1695379.0, 3377951, 215889248, 256519, 211742048, 325890064]]
Model_cost: [12019411184.0, [4468.5, 3203361, 204263100, 264289, 49399997, 114850]] [7556307804.0, [58911.0, 1333359, 85328280, 86895, 77870232, 184479]] [577227528, [53, 104010, 6246800, 13130, 6246800, 13130]] [9674490352, [19934, 1680596, 106001424, 38684, 103508112, 218263]] [760881336, [711, 136502, 8678424, 4918, 7767768, 16731]] [566748629880.0, [7995.0, 95907291, 6138011769, 5340891, 6137123253, 14212793]] [2396545212.0, [528.0, 412383, 26354976, 32967, 25504800, 57136]]
Arch_Param: [64, 8192, 2048, 16, 1024, 512]
SK_cost: [55099084180.0, [1814901.0, 3619937, 231526076, 254881, 195168956, 366597665]] [24232936284.0, [666735.0, 1333359, 85328280, 86895, 85328280, 169873263]] [582230760, [52170, 104010, 6246800, 13130, 6246800, 13130]] [30753070608, [891828, 1782996, 113701904, 38684, 113701904, 210388252]] [3063589560, [87558, 174086, 11083800, 4918, 10707480, 21364806]] [1748466442920.0, [47953725.0, 95907291, 6138011769, 5340891, 6138011769, 12275420379]] [51157465564.0, [1695379.0, 3377951, 215889248, 256519, 211742048, 325890064]]
Model_cost: [12019411184.0, [4468.5, 3203361, 204263100, 264289, 49399997, 114850]] [7556307804.0, [58911.0, 1333359, 85328280, 86895, 77870232, 184479]] [577227528, [53, 104010, 6246800, 13130, 6246800, 13130]] [9674490352, [19934, 1680596, 106001424, 38684, 103508112, 218263]] [760881336, [711, 136502, 8678424, 4918, 7767768, 16731]] [566748629880.0, [7995.0, 95907291, 6138011769, 5340891, 6137123253, 14212793]] [2396545212.0, [528.0, 412383, 26354976, 32967, 25504800, 57136]]
Arch_Param: [64, 8192, 2048, 32, 256, 16]
SK_cost: [27876581216.0, [910069.0, 7256228, 116083900, 128868, 103639740, 183539233]] [24248935260.0, [666735.0, 5333103, 85328280, 86895, 85328280, 169873263]] [583377720, [52170, 390430, 6246800, 13150, 6246800, 13130]] [30774367320, [891828, 7106374, 113701904, 38734, 113701904, 210388252]] [2953006264, [82694, 657926, 10522648, 4126, 10347032, 20643910]] [1749617319288.0, [47953725.0, 383626383, 6138011769, 5340891, 6138011769, 12275420379]] [50563376376.0, [1656979.0, 13222006, 211505504, 228958, 209972576, 322351120]]
Model_cost: [7145406620.0, [2273.5, 6404260, 102452412, 260388, 49399997, 120738]] [7572306780.0, [58911.0, 5333103, 85328280, 86895, 77870232, 184479]] [578374488, [53, 390430, 6246800, 13150, 6246800, 13130]] [9694312504, [19934, 6635334, 106001424, 38734, 103508112, 218263]] [736494328, [475, 509030, 8140312, 4526, 7767768, 16731]] [567899506248.0, [7995.0, 383626383, 6138011769, 5340891, 6137123253, 14212793]] [2374850872.0, [481.0, 1613302, 25807008, 29982, 25504800, 57136]]
Arch_Param: [64, 8192, 2048, 32, 256, 64]
SK_cost: [27876581216.0, [910069.0, 7256228, 116083900, 128868, 103639740, 183539233]] [24248935260.0, [666735.0, 5333103, 85328280, 86895, 85328280, 169873263]] [583377720, [52170, 390430, 6246800, 13150, 6246800, 13130]] [30774367320, [891828, 7106374, 113701904, 38734, 113701904, 210388252]] [2953006264, [82694, 657926, 10522648, 4126, 10347032, 20643910]] [1749617319288.0, [47953725.0, 383626383, 6138011769, 5340891, 6138011769, 12275420379]] [50563376376.0, [1656979.0, 13222006, 211505504, 228958, 209972576, 322351120]]
Model_cost: [7136817308.0, [2273.5, 6404260, 102452412, 135012, 49399997, 114850]] [7572306780.0, [58911.0, 5333103, 85328280, 86895, 77870232, 184479]] [578374488, [53, 390430, 6246800, 13150, 6246800, 13130]] [9694312504, [19934, 6635334, 106001424, 38734, 103508112, 218263]] [736477944, [475, 509030, 8140312, 4270, 7767768, 16731]] [567899506248.0, [7995.0, 383626383, 6138011769, 5340891, 6137123253, 14212793]] [2374826008.0, [478.0, 1613302, 25807008, 29598, 25504800, 57136]]
Arch_Param: [64, 8192, 2048, 32, 256, 128]
SK_cost: [27876581216.0, [910069.0, 7256228, 116083900, 128868, 103639740, 183539233]] [24248935260.0, [666735.0, 5333103, 85328280, 86895, 85328280, 169873263]] [583377720, [52170, 390430, 6246800, 13150, 6246800, 13130]] [30774367320, [891828, 7106374, 113701904, 38734, 113701904, 210388252]] [2953006264, [82694, 657926, 10522648, 4126, 10347032, 20643910]] [1749617319288.0, [47953725.0, 383626383, 6138011769, 5340891, 6138011769, 12275420379]] [50563376376.0, [1656979.0, 13222006, 211505504, 228958, 209972576, 322351120]]
Model_cost: [7136731292.0, [2273.5, 6404260, 102452412, 133668, 49399997, 114850]] [7572306780.0, [58911.0, 5333103, 85328280, 86895, 77870232, 184479]] [578374488, [53, 390430, 6246800, 13150, 6246800, 13130]] [9694312504, [19934, 6635334, 106001424, 38734, 103508112, 218263]] [736468728, [475, 509030, 8140312, 4126, 7767768, 16731]] [567899506248.0, [7995.0, 383626383, 6138011769, 5340891, 6137123253, 14212793]] [2374826008.0, [478.0, 1613302, 25807008, 29598, 25504800, 57136]]
Arch_Param: [64, 8192, 2048, 32, 256, 256]
SK_cost: [27876581216.0, [910069.0, 7256228, 116083900, 128868, 103639740, 183539233]] [24248935260.0, [666735.0, 5333103, 85328280, 86895, 85328280, 169873263]] [583377720, [52170, 390430, 6246800, 13150, 6246800, 13130]] [30774367320, [891828, 7106374, 113701904, 38734, 113701904, 210388252]] [2953006264, [82694, 657926, 10522648, 4126, 10347032, 20643910]] [1749617319288.0, [47953725.0, 383626383, 6138011769, 5340891, 6138011769, 12275420379]] [50563376376.0, [1656979.0, 13222006, 211505504, 228958, 209972576, 322351120]]
Model_cost: [7136731292.0, [2273.5, 6404260, 102452412, 133668, 49399997, 114850]] [7572306780.0, [58911.0, 5333103, 85328280, 86895, 77870232, 184479]] [578374488, [53, 390430, 6246800, 13150, 6246800, 13130]] [9694312504, [19934, 6635334, 106001424, 38734, 103508112, 218263]] [736468728, [475, 509030, 8140312, 4126, 7767768, 16731]] [567899506248.0, [7995.0, 383626383, 6138011769, 5340891, 6137123253, 14212793]] [2374826008.0, [478.0, 1613302, 25807008, 29598, 25504800, 57136]]
Arch_Param: [64, 8192, 2048, 32, 512, 16]
SK_cost: [27862069652.0, [910069.0, 3628385, 116083900, 128865, 103639740, 183539233]] [24238269276.0, [666735.0, 2666607, 85328280, 86895, 85328280, 169873263]] [582596240, [52170, 195220, 6246800, 13140, 6246800, 13130]] [30760152672, [891828, 3553192, 113701904, 38704, 113701904, 210388252]] [2951691448, [82694, 329222, 10522648, 4126, 10347032, 20643910]] [1748850068376.0, [47953725.0, 191813655, 6138011769, 5340891, 6138011769, 12275420379]] [50536928588.0, [1656979.0, 6611003, 211505504, 228899, 209972576, 322351120]]
Model_cost: [7132598992.0, [2273.5, 3202401, 102452412, 260385, 49399997, 120738]] [7561640796.0, [58911.0, 2666607, 85328280, 86895, 77870232, 184479]] [577593008, [53, 195220, 6246800, 13140, 6246800, 13130]] [9681080896, [19934, 3327912, 106001424, 38704, 103508112, 218263]] [735477304, [475, 254774, 8140312, 4526, 7767768, 16731]] [567132255336.0, [7995.0, 191813655, 6138011769, 5340891, 6137123253, 14212793]] [2371620492.0, [481.0, 806651, 25807008, 29923, 25504800, 57136]]
Arch_Param: [64, 8192, 2048, 32, 512, 64]
SK_cost: [27862069652.0, [910069.0, 3628385, 116083900, 128865, 103639740, 183539233]] [24238269276.0, [666735.0, 2666607, 85328280, 86895, 85328280, 169873263]] [582596240, [52170, 195220, 6246800, 13140, 6246800, 13130]] [30760152672, [891828, 3553192, 113701904, 38704, 113701904, 210388252]] [2951691448, [82694, 329222, 10522648, 4126, 10347032, 20643910]] [1748850068376.0, [47953725.0, 191813655, 6138011769, 5340891, 6138011769, 12275420379]] [50536928588.0, [1656979.0, 6611003, 211505504, 228899, 209972576, 322351120]]
Model_cost: [7124009680.0, [2273.5, 3202401, 102452412, 135009, 49399997, 114850]] [7561640796.0, [58911.0, 2666607, 85328280, 86895, 77870232, 184479]] [577593008, [53, 195220, 6246800, 13140, 6246800, 13130]] [9681080896, [19934, 3327912, 106001424, 38704, 103508112, 218263]] [735460920, [475, 254774, 8140312, 4270, 7767768, 16731]] [567132255336.0, [7995.0, 191813655, 6138011769, 5340891, 6137123253, 14212793]] [2371595628.0, [478.0, 806651, 25807008, 29539, 25504800, 57136]]
Arch_Param: [64, 8192, 2048, 32, 512, 128]
SK_cost: [27862069652.0, [910069.0, 3628385, 116083900, 128865, 103639740, 183539233]] [24238269276.0, [666735.0, 2666607, 85328280, 86895, 85328280, 169873263]] [582596240, [52170, 195220, 6246800, 13140, 6246800, 13130]] [30760152672, [891828, 3553192, 113701904, 38704, 113701904, 210388252]] [2951691448, [82694, 329222, 10522648, 4126, 10347032, 20643910]] [1748850068376.0, [47953725.0, 191813655, 6138011769, 5340891, 6138011769, 12275420379]] [50536928588.0, [1656979.0, 6611003, 211505504, 228899, 209972576, 322351120]]
Model_cost: [7123923664.0, [2273.5, 3202401, 102452412, 133665, 49399997, 114850]] [7561640796.0, [58911.0, 2666607, 85328280, 86895, 77870232, 184479]] [577593008, [53, 195220, 6246800, 13140, 6246800, 13130]] [9681080896, [19934, 3327912, 106001424, 38704, 103508112, 218263]] [735451704, [475, 254774, 8140312, 4126, 7767768, 16731]] [567132255336.0, [7995.0, 191813655, 6138011769, 5340891, 6137123253, 14212793]] [2371595628.0, [478.0, 806651, 25807008, 29539, 25504800, 57136]]
Arch_Param: [64, 8192, 2048, 32, 512, 256]
SK_cost: [27862069652.0, [910069.0, 3628385, 116083900, 128865, 103639740, 183539233]] [24238269276.0, [666735.0, 2666607, 85328280, 86895, 85328280, 169873263]] [582596240, [52170, 195220, 6246800, 13140, 6246800, 13130]] [30760152672, [891828, 3553192, 113701904, 38704, 113701904, 210388252]] [2951691448, [82694, 329222, 10522648, 4126, 10347032, 20643910]] [1748850068376.0, [47953725.0, 191813655, 6138011769, 5340891, 6138011769, 12275420379]] [50536928588.0, [1656979.0, 6611003, 211505504, 228899, 209972576, 322351120]]
Model_cost: [7123923664.0, [2273.5, 3202401, 102452412, 133665, 49399997, 114850]] [7561640796.0, [58911.0, 2666607, 85328280, 86895, 77870232, 184479]] [577593008, [53, 195220, 6246800, 13140, 6246800, 13130]] [9681080896, [19934, 3327912, 106001424, 38704, 103508112, 218263]] [735451704, [475, 254774, 8140312, 4126, 7767768, 16731]] [567132255336.0, [7995.0, 191813655, 6138011769, 5340891, 6137123253, 14212793]] [2371595628.0, [478.0, 806651, 25807008, 29539, 25504800, 57136]]
Arch_Param: [64, 8192, 2048, 32, 512, 512]
SK_cost: [27862069652.0, [910069.0, 3628385, 116083900, 128865, 103639740, 183539233]] [24238269276.0, [666735.0, 2666607, 85328280, 86895, 85328280, 169873263]] [582596240, [52170, 195220, 6246800, 13140, 6246800, 13130]] [30760152672, [891828, 3553192, 113701904, 38704, 113701904, 210388252]] [2951691448, [82694, 329222, 10522648, 4126, 10347032, 20643910]] [1748850068376.0, [47953725.0, 191813655, 6138011769, 5340891, 6138011769, 12275420379]] [50536928588.0, [1656979.0, 6611003, 211505504, 228899, 209972576, 322351120]]
Model_cost: [7123616272.0, [2271.5, 3202401, 102452412, 128865, 49399997, 114850]] [7561640796.0, [58911.0, 2666607, 85328280, 86895, 77870232, 184479]] [577593008, [53, 195220, 6246800, 13140, 6246800, 13130]] [9681080896, [19934, 3327912, 106001424, 38704, 103508112, 218263]] [735451704, [475, 254774, 8140312, 4126, 7767768, 16731]] [567132255336.0, [7995.0, 191813655, 6138011769, 5340891, 6137123253, 14212793]] [2371595628.0, [478.0, 806651, 25807008, 29539, 25504800, 57136]]
Arch_Param: [64, 8192, 2048, 32, 1024, 16]
SK_cost: [27854817172.0, [910069.0, 1815265, 116083900, 128865, 103639740, 183539233]] [24232936284.0, [666735.0, 1333359, 85328280, 86895, 85328280, 169873263]] [582230760, [52170, 104010, 6246800, 13130, 6246800, 13130]] [30753070608, [891828, 1782996, 113701904, 38684, 113701904, 210388252]] [2951034040, [82694, 164870, 10522648, 4126, 10347032, 20643910]] [1748466442920.0, [47953725.0, 95907291, 6138011769, 5340891, 6138011769, 12275420379]] [50523711964.0, [1656979.0, 3307295, 211505504, 228871, 209972576, 322351120]]
Model_cost: [7126223056.0, [2273.5, 1608417, 102452412, 260385, 49399997, 120738]] [7556307804.0, [58911.0, 1333359, 85328280, 86895, 77870232, 184479]] [577227528, [53, 104010, 6246800, 13130, 6246800, 13130]] [9674490352, [19934, 1680596, 106001424, 38684, 103508112, 218263]] [734968792, [475, 127646, 8140312, 4526, 7767768, 16731]] [566748629880.0, [7995.0, 95907291, 6138011769, 5340891, 6137123253, 14212793]] [2370007836.0, [481.0, 403935, 25807008, 29895, 25504800, 57136]]
Arch_Param: [64, 8192, 2048, 32, 1024, 64]
SK_cost: [27854817172.0, [910069.0, 1815265, 116083900, 128865, 103639740, 183539233]] [24232936284.0, [666735.0, 1333359, 85328280, 86895, 85328280, 169873263]] [582230760, [52170, 104010, 6246800, 13130, 6246800, 13130]] [30753070608, [891828, 1782996, 113701904, 38684, 113701904, 210388252]] [2951034040, [82694, 164870, 10522648, 4126, 10347032, 20643910]] [1748466442920.0, [47953725.0, 95907291, 6138011769, 5340891, 6138011769, 12275420379]] [50523711964.0, [1656979.0, 3307295, 211505504, 228871, 209972576, 322351120]]
Model_cost: [7117633744.0, [2273.5, 1608417, 102452412, 135009, 49399997, 114850]] [7556307804.0, [58911.0, 1333359, 85328280, 86895, 77870232, 184479]] [577227528, [53, 104010, 6246800, 13130, 6246800, 13130]] [9674490352, [19934, 1680596, 106001424, 38684, 103508112, 218263]] [734952408, [475, 127646, 8140312, 4270, 7767768, 16731]] [566748629880.0, [7995.0, 95907291, 6138011769, 5340891, 6137123253, 14212793]] [2369981436.0, [478.0, 403551, 25807008, 29511, 25504800, 57136]]
Arch_Param: [64, 8192, 2048, 32, 1024, 128]
SK_cost: [27854817172.0, [910069.0, 1815265, 116083900, 128865, 103639740, 183539233]] [24232936284.0, [666735.0, 1333359, 85328280, 86895, 85328280, 169873263]] [582230760, [52170, 104010, 6246800, 13130, 6246800, 13130]] [30753070608, [891828, 1782996, 113701904, 38684, 113701904, 210388252]] [2951034040, [82694, 164870, 10522648, 4126, 10347032, 20643910]] [1748466442920.0, [47953725.0, 95907291, 6138011769, 5340891, 6138011769, 12275420379]] [50523711964.0, [1656979.0, 3307295, 211505504, 228871, 209972576, 322351120]]
Model_cost: [7117542352.0, [2273.5, 1607073, 102452412, 133665, 49399997, 114850]] [7556307804.0, [58911.0, 1333359, 85328280, 86895, 77870232, 184479]] [577227528, [53, 104010, 6246800, 13130, 6246800, 13130]] [9674490352, [19934, 1680596, 106001424, 38684, 103508112, 218263]] [734943192, [475, 127646, 8140312, 4126, 7767768, 16731]] [566748629880.0, [7995.0, 95907291, 6138011769, 5340891, 6137123253, 14212793]] [2369981436.0, [478.0, 403551, 25807008, 29511, 25504800, 57136]]
Arch_Param: [64, 8192, 2048, 32, 1024, 256]
SK_cost: [27854817172.0, [910069.0, 1815265, 116083900, 128865, 103639740, 183539233]] [24232936284.0, [666735.0, 1333359, 85328280, 86895, 85328280, 169873263]] [582230760, [52170, 104010, 6246800, 13130, 6246800, 13130]] [30753070608, [891828, 1782996, 113701904, 38684, 113701904, 210388252]] [2951034040, [82694, 164870, 10522648, 4126, 10347032, 20643910]] [1748466442920.0, [47953725.0, 95907291, 6138011769, 5340891, 6138011769, 12275420379]] [50523711964.0, [1656979.0, 3307295, 211505504, 228871, 209972576, 322351120]]
Model_cost: [7117542352.0, [2273.5, 1607073, 102452412, 133665, 49399997, 114850]] [7556307804.0, [58911.0, 1333359, 85328280, 86895, 77870232, 184479]] [577227528, [53, 104010, 6246800, 13130, 6246800, 13130]] [9674490352, [19934, 1680596, 106001424, 38684, 103508112, 218263]] [734943192, [475, 127646, 8140312, 4126, 7767768, 16731]] [566748629880.0, [7995.0, 95907291, 6138011769, 5340891, 6137123253, 14212793]] [2369981436.0, [478.0, 403551, 25807008, 29511, 25504800, 57136]]
Arch_Param: [64, 8192, 2048, 32, 1024, 512]
SK_cost: [27854817172.0, [910069.0, 1815265, 116083900, 128865, 103639740, 183539233]] [24232936284.0, [666735.0, 1333359, 85328280, 86895, 85328280, 169873263]] [582230760, [52170, 104010, 6246800, 13130, 6246800, 13130]] [30753070608, [891828, 1782996, 113701904, 38684, 113701904, 210388252]] [2951034040, [82694, 164870, 10522648, 4126, 10347032, 20643910]] [1748466442920.0, [47953725.0, 95907291, 6138011769, 5340891, 6138011769, 12275420379]] [50523711964.0, [1656979.0, 3307295, 211505504, 228871, 209972576, 322351120]]
Model_cost: [7117215760.0, [2271.5, 1602273, 102452412, 128865, 49399997, 114850]] [7556307804.0, [58911.0, 1333359, 85328280, 86895, 77870232, 184479]] [577227528, [53, 104010, 6246800, 13130, 6246800, 13130]] [9674490352, [19934, 1680596, 106001424, 38684, 103508112, 218263]] [734943192, [475, 127646, 8140312, 4126, 7767768, 16731]] [566748629880.0, [7995.0, 95907291, 6138011769, 5340891, 6137123253, 14212793]] [2369981436.0, [478.0, 403551, 25807008, 29511, 25504800, 57136]]
Arch_Param: [64, 8192, 1024, 4, 256, 16]
SK_cost: [179928634592.0, [11837993.0, 47352356, 757567868, 845252, 612137660, 1200535073]] [24312931164.0, [1333359.0, 5333103, 85328280, 86895, 85328280, 169873263]] [588354360, [104010, 390430, 6246800, 13150, 6246800, 13130]] [30859919448, [1782996, 7106374, 113701904, 38734, 113701904, 210388252]] [12292550328, [696326, 2772998, 44335128, 19654, 42754584, 85459014]] [1754220861624.0, [95907291.0, 383626383, 6138011769, 5340891, 6138011769, 12275420379]] [62320916856.0, [4373279.0, 17442934, 278760800, 474718, 244870496, 392146960]]
Model_cost: [34574776716.0, [29748.0, 41814564, 668963196, 1706852, 49399997, 120738]] [7577951580.0, [117711.0, 5333103, 85328280, 86895, 77870232, 184479]] [578378520, [95, 390430, 6246800, 13150, 6246800, 13130]] [9696223096, [39836, 6635334, 106001424, 38734, 103508112, 218263]] [2024756888, [5646, 2171654, 34713624, 87366, 7767768, 19803]] [567900258504.0, [15831.0, 383626383, 6138011769, 5340891, 6137123253, 14212793]] [2716586360.0, [1879.0, 2054902, 32837664, 66910, 25504800, 57136]]
Arch_Param: [64, 8192, 1024, 4, 256, 64]
SK_cost: [179928634592.0, [11837993.0, 47352356, 757567868, 845252, 612137660, 1200535073]] [24312931164.0, [1333359.0, 5333103, 85328280, 86895, 85328280, 169873263]] [588354360, [104010, 390430, 6246800, 13150, 6246800, 13130]] [30859919448, [1782996, 7106374, 113701904, 38734, 113701904, 210388252]] [12292550328, [696326, 2772998, 44335128, 19654, 42754584, 85459014]] [1754220861624.0, [95907291.0, 383626383, 6138011769, 5340891, 6138011769, 12275420379]] [62320916856.0, [4373279.0, 17442934, 278760800, 474718, 244870496, 392146960]]
Model_cost: [34574776716.0, [29748.0, 41814564, 668963196, 1706852, 49399997, 120738]] [7577951580.0, [117711.0, 5333103, 85328280, 86895, 77870232, 184479]] [578378520, [95, 390430, 6246800, 13150, 6246800, 13130]] [9696223096, [39836, 6635334, 106001424, 38734, 103508112, 218263]] [2020333208, [5646, 2171654, 34713624, 22854, 7767768, 16731]] [567900258504.0, [15831.0, 383626383, 6138011769, 5340891, 6137123253, 14212793]] [2716324216.0, [1879.0, 2054902, 32837664, 62814, 25504800, 57136]]
Arch_Param: [64, 8192, 1024, 4, 256, 128]
SK_cost: [179928634592.0, [11837993.0, 47352356, 757567868, 845252, 612137660, 1200535073]] [24312931164.0, [1333359.0, 5333103, 85328280, 86895, 85328280, 169873263]] [588354360, [104010, 390430, 6246800, 13150, 6246800, 13130]] [30859919448, [1782996, 7106374, 113701904, 38734, 113701904, 210388252]] [12292550328, [696326, 2772998, 44335128, 19654, 42754584, 85459014]] [1754220861624.0, [95907291.0, 383626383, 6138011769, 5340891, 6138011769, 12275420379]] [62320916856.0, [4373279.0, 17442934, 278760800, 474718, 244870496, 392146960]]
Model_cost: [34574776716.0, [29748.0, 41814564, 668963196, 1706852, 49399997, 120738]] [7577951580.0, [117711.0, 5333103, 85328280, 86895, 77870232, 184479]] [578378520, [95, 390430, 6246800, 13150, 6246800, 13130]] [9696223096, [39836, 6635334, 106001424, 38734, 103508112, 218263]] [2020333208, [5646, 2171654, 34713624, 22854, 7767768, 16731]] [567900258504.0, [15831.0, 383626383, 6138011769, 5340891, 6137123253, 14212793]] [2716324216.0, [1879.0, 2054902, 32837664, 62814, 25504800, 57136]]
Arch_Param: [64, 8192, 1024, 4, 256, 256]
SK_cost: [179928634592.0, [11837993.0, 47352356, 757567868, 845252, 612137660, 1200535073]] [24312931164.0, [1333359.0, 5333103, 85328280, 86895, 85328280, 169873263]] [588354360, [104010, 390430, 6246800, 13150, 6246800, 13130]] [30859919448, [1782996, 7106374, 113701904, 38734, 113701904, 210388252]] [12292550328, [696326, 2772998, 44335128, 19654, 42754584, 85459014]] [1754220861624.0, [95907291.0, 383626383, 6138011769, 5340891, 6138011769, 12275420379]] [62320916856.0, [4373279.0, 17442934, 278760800, 474718, 244870496, 392146960]]
Model_cost: [34522055052.0, [29748.0, 41814564, 668963196, 891908, 49399997, 114850]] [7577951580.0, [117711.0, 5333103, 85328280, 86895, 77870232, 184479]] [578378520, [95, 390430, 6246800, 13150, 6246800, 13130]] [9696223096, [39836, 6635334, 106001424, 38734, 103508112, 218263]] [2020202136, [5646, 2171654, 34713624, 20806, 7767768, 16731]] [567900258504.0, [15831.0, 383626383, 6138011769, 5340891, 6137123253, 14212793]] [2716164184.0, [1876.0, 2054902, 32837664, 60318, 25504800, 57136]]
Arch_Param: [64, 8192, 1024, 4, 512, 16]
SK_cost: [179833930772.0, [11837993.0, 23676449, 757567868, 845249, 612137660, 1200535073]] [24302265180.0, [1333359.0, 2666607, 85328280, 86895, 85328280, 169873263]] [587572880, [104010, 195220, 6246800, 13140, 6246800, 13130]] [30845704800, [1782996, 3553192, 113701904, 38704, 113701904, 210388252]] [12287012536, [696326, 1388550, 44335128, 19654, 42754584, 85459014]] [1753453610712.0, [95907291.0, 191813655, 6138011769, 5340891, 6138011769, 12275420379]] [62286027212.0, [4373279.0, 8721467, 278760800, 474659, 244870496, 392146960]]
Model_cost: [34491148480.0, [29748.0, 20907553, 668963196, 1706849, 49399997, 120738]] [7567285596.0, [117711.0, 2666607, 85328280, 86895, 77870232, 184479]] [577597040, [95, 195220, 6246800, 13140, 6246800, 13130]] [9682991488, [39836, 3327912, 106001424, 38704, 103508112, 218263]] [2020421784, [5646, 1087878, 34713624, 87366, 7767768, 19803]] [567133007592.0, [15831.0, 191813655, 6138011769, 5340891, 6137123253, 14212793]] [2712472780.0, [1879.0, 1027451, 32837664, 66851, 25504800, 57136]]
Arch_Param: [64, 8192, 1024, 4, 512, 64]
SK_cost: [179833930772.0, [11837993.0, 23676449, 757567868, 845249, 612137660, 1200535073]] [24302265180.0, [1333359.0, 2666607, 85328280, 86895, 85328280, 169873263]] [587572880, [104010, 195220, 6246800, 13140, 6246800, 13130]] [30845704800, [1782996, 3553192, 113701904, 38704, 113701904, 210388252]] [12287012536, [696326, 1388550, 44335128, 19654, 42754584, 85459014]] [1753453610712.0, [95907291.0, 191813655, 6138011769, 5340891, 6138011769, 12275420379]] [62286027212.0, [4373279.0, 8721467, 278760800, 474659, 244870496, 392146960]]
Model_cost: [34491148480.0, [29748.0, 20907553, 668963196, 1706849, 49399997, 120738]] [7567285596.0, [117711.0, 2666607, 85328280, 86895, 77870232, 184479]] [577597040, [95, 195220, 6246800, 13140, 6246800, 13130]] [9682991488, [39836, 3327912, 106001424, 38704, 103508112, 218263]] [2015998104, [5646, 1087878, 34713624, 22854, 7767768, 16731]] [567133007592.0, [15831.0, 191813655, 6138011769, 5340891, 6137123253, 14212793]] [2712210636.0, [1879.0, 1027451, 32837664, 62755, 25504800, 57136]]
Arch_Param: [64, 8192, 1024, 4, 512, 128]
SK_cost: [179833930772.0, [11837993.0, 23676449, 757567868, 845249, 612137660, 1200535073]] [24302265180.0, [1333359.0, 2666607, 85328280, 86895, 85328280, 169873263]] [587572880, [104010, 195220, 6246800, 13140, 6246800, 13130]] [30845704800, [1782996, 3553192, 113701904, 38704, 113701904, 210388252]] [12287012536, [696326, 1388550, 44335128, 19654, 42754584, 85459014]] [1753453610712.0, [95907291.0, 191813655, 6138011769, 5340891, 6138011769, 12275420379]] [62286027212.0, [4373279.0, 8721467, 278760800, 474659, 244870496, 392146960]]
Model_cost: [34491148480.0, [29748.0, 20907553, 668963196, 1706849, 49399997, 120738]] [7567285596.0, [117711.0, 2666607, 85328280, 86895, 77870232, 184479]] [577597040, [95, 195220, 6246800, 13140, 6246800, 13130]] [9682991488, [39836, 3327912, 106001424, 38704, 103508112, 218263]] [2015998104, [5646, 1087878, 34713624, 22854, 7767768, 16731]] [567133007592.0, [15831.0, 191813655, 6138011769, 5340891, 6137123253, 14212793]] [2712210636.0, [1879.0, 1027451, 32837664, 62755, 25504800, 57136]]
Arch_Param: [64, 8192, 1024, 4, 512, 256]
SK_cost: [179833930772.0, [11837993.0, 23676449, 757567868, 845249, 612137660, 1200535073]] [24302265180.0, [1333359.0, 2666607, 85328280, 86895, 85328280, 169873263]] [587572880, [104010, 195220, 6246800, 13140, 6246800, 13130]] [30845704800, [1782996, 3553192, 113701904, 38704, 113701904, 210388252]] [12287012536, [696326, 1388550, 44335128, 19654, 42754584, 85459014]] [1753453610712.0, [95907291.0, 191813655, 6138011769, 5340891, 6138011769, 12275420379]] [62286027212.0, [4373279.0, 8721467, 278760800, 474659, 244870496, 392146960]]
Model_cost: [34438426816.0, [29748.0, 20907553, 668963196, 891905, 49399997, 114850]] [7567285596.0, [117711.0, 2666607, 85328280, 86895, 77870232, 184479]] [577597040, [95, 195220, 6246800, 13140, 6246800, 13130]] [9682991488, [39836, 3327912, 106001424, 38704, 103508112, 218263]] [2015867032, [5646, 1087878, 34713624, 20806, 7767768, 16731]] [567133007592.0, [15831.0, 191813655, 6138011769, 5340891, 6137123253, 14212793]] [2712050604.0, [1876.0, 1027451, 32837664, 60259, 25504800, 57136]]
Arch_Param: [64, 8192, 1024, 4, 512, 512]
SK_cost: [179833930772.0, [11837993.0, 23676449, 757567868, 845249, 612137660, 1200535073]] [24302265180.0, [1333359.0, 2666607, 85328280, 86895, 85328280, 169873263]] [587572880, [104010, 195220, 6246800, 13140, 6246800, 13130]] [30845704800, [1782996, 3553192, 113701904, 38704, 113701904, 210388252]] [12287012536, [696326, 1388550, 44335128, 19654, 42754584, 85459014]] [1753453610712.0, [95907291.0, 191813655, 6138011769, 5340891, 6138011769, 12275420379]] [62286027212.0, [4373279.0, 8721467, 278760800, 474659, 244870496, 392146960]]
Model_cost: [34438426816.0, [29748.0, 20907553, 668963196, 891905, 49399997, 114850]] [7567285596.0, [117711.0, 2666607, 85328280, 86895, 77870232, 184479]] [577597040, [95, 195220, 6246800, 13140, 6246800, 13130]] [9682991488, [39836, 3327912, 106001424, 38704, 103508112, 218263]] [2015867032, [5646, 1087878, 34713624, 20806, 7767768, 16731]] [567133007592.0, [15831.0, 191813655, 6138011769, 5340891, 6137123253, 14212793]] [2712050604.0, [1876.0, 1027451, 32837664, 60259, 25504800, 57136]]
Arch_Param: [64, 8192, 1024, 4, 1024, 16]
SK_cost: [179786603796.0, [11837993.0, 11844705, 757567868, 845249, 612137660, 1200535073]] [24296932188.0, [1333359.0, 1333359, 85328280, 86895, 85328280, 169873263]] [587207400, [104010, 104010, 6246800, 13130, 6246800, 13130]] [30838622736, [1782996, 1782996, 113701904, 38684, 113701904, 210388252]] [12284243640, [696326, 696326, 44335128, 19654, 42754584, 85459014]] [1753069985256.0, [95907291.0, 95907291, 6138011769, 5340891, 6138011769, 12275420379]] [62268632668.0, [4373279.0, 4373279, 278760800, 474631, 244870496, 392146960]]
Model_cost: [34449545920.0, [29748.0, 10506913, 668963196, 1706849, 49399997, 120738]] [7561952604.0, [117711.0, 1333359, 85328280, 86895, 77870232, 184479]] [577231560, [95, 104010, 6246800, 13130, 6246800, 13130]] [9676400944, [39836, 1680596, 106001424, 38684, 103508112, 218263]] [2018254232, [5646, 545990, 34713624, 87366, 7767768, 19803]] [566749382136.0, [15831.0, 95907291, 6138011769, 5340891, 6137123253, 14212793]] [2710432348.0, [1879.0, 517791, 32837664, 66823, 25504800, 57136]]
Arch_Param: [64, 8192, 1024, 4, 1024, 64]
SK_cost: [179786603796.0, [11837993.0, 11844705, 757567868, 845249, 612137660, 1200535073]] [24296932188.0, [1333359.0, 1333359, 85328280, 86895, 85328280, 169873263]] [587207400, [104010, 104010, 6246800, 13130, 6246800, 13130]] [30838622736, [1782996, 1782996, 113701904, 38684, 113701904, 210388252]] [12284243640, [696326, 696326, 44335128, 19654, 42754584, 85459014]] [1753069985256.0, [95907291.0, 95907291, 6138011769, 5340891, 6138011769, 12275420379]] [62268632668.0, [4373279.0, 4373279, 278760800, 474631, 244870496, 392146960]]
Model_cost: [34449545920.0, [29748.0, 10506913, 668963196, 1706849, 49399997, 120738]] [7561952604.0, [117711.0, 1333359, 85328280, 86895, 77870232, 184479]] [577231560, [95, 104010, 6246800, 13130, 6246800, 13130]] [9676400944, [39836, 1680596, 106001424, 38684, 103508112, 218263]] [2013830552, [5646, 545990, 34713624, 22854, 7767768, 16731]] [566749382136.0, [15831.0, 95907291, 6138011769, 5340891, 6137123253, 14212793]] [2710170204.0, [1879.0, 517791, 32837664, 62727, 25504800, 57136]]
Arch_Param: [64, 8192, 1024, 4, 1024, 128]
SK_cost: [179786603796.0, [11837993.0, 11844705, 757567868, 845249, 612137660, 1200535073]] [24296932188.0, [1333359.0, 1333359, 85328280, 86895, 85328280, 169873263]] [587207400, [104010, 104010, 6246800, 13130, 6246800, 13130]] [30838622736, [1782996, 1782996, 113701904, 38684, 113701904, 210388252]] [12284243640, [696326, 696326, 44335128, 19654, 42754584, 85459014]] [1753069985256.0, [95907291.0, 95907291, 6138011769, 5340891, 6138011769, 12275420379]] [62268632668.0, [4373279.0, 4373279, 278760800, 474631, 244870496, 392146960]]
Model_cost: [34449545920.0, [29748.0, 10506913, 668963196, 1706849, 49399997, 120738]] [7561952604.0, [117711.0, 1333359, 85328280, 86895, 77870232, 184479]] [577231560, [95, 104010, 6246800, 13130, 6246800, 13130]] [9676400944, [39836, 1680596, 106001424, 38684, 103508112, 218263]] [2013830552, [5646, 545990, 34713624, 22854, 7767768, 16731]] [566749382136.0, [15831.0, 95907291, 6138011769, 5340891, 6137123253, 14212793]] [2710170204.0, [1879.0, 517791, 32837664, 62727, 25504800, 57136]]
Arch_Param: [64, 8192, 1024, 4, 1024, 256]
SK_cost: [179786603796.0, [11837993.0, 11844705, 757567868, 845249, 612137660, 1200535073]] [24296932188.0, [1333359.0, 1333359, 85328280, 86895, 85328280, 169873263]] [587207400, [104010, 104010, 6246800, 13130, 6246800, 13130]] [30838622736, [1782996, 1782996, 113701904, 38684, 113701904, 210388252]] [12284243640, [696326, 696326, 44335128, 19654, 42754584, 85459014]] [1753069985256.0, [95907291.0, 95907291, 6138011769, 5340891, 6138011769, 12275420379]] [62268632668.0, [4373279.0, 4373279, 278760800, 474631, 244870496, 392146960]]
Model_cost: [34396824256.0, [29748.0, 10506913, 668963196, 891905, 49399997, 114850]] [7561952604.0, [117711.0, 1333359, 85328280, 86895, 77870232, 184479]] [577231560, [95, 104010, 6246800, 13130, 6246800, 13130]] [9676400944, [39836, 1680596, 106001424, 38684, 103508112, 218263]] [2013699480, [5646, 545990, 34713624, 20806, 7767768, 16731]] [566749382136.0, [15831.0, 95907291, 6138011769, 5340891, 6137123253, 14212793]] [2710000188.0, [1876.0, 515295, 32837664, 60231, 25504800, 57136]]
Arch_Param: [64, 8192, 1024, 4, 1024, 512]
SK_cost: [179786603796.0, [11837993.0, 11844705, 757567868, 845249, 612137660, 1200535073]] [24296932188.0, [1333359.0, 1333359, 85328280, 86895, 85328280, 169873263]] [587207400, [104010, 104010, 6246800, 13130, 6246800, 13130]] [30838622736, [1782996, 1782996, 113701904, 38684, 113701904, 210388252]] [12284243640, [696326, 696326, 44335128, 19654, 42754584, 85459014]] [1753069985256.0, [95907291.0, 95907291, 6138011769, 5340891, 6138011769, 12275420379]] [62268632668.0, [4373279.0, 4373279, 278760800, 474631, 244870496, 392146960]]
Model_cost: [34396824256.0, [29748.0, 10506913, 668963196, 891905, 49399997, 114850]] [7561952604.0, [117711.0, 1333359, 85328280, 86895, 77870232, 184479]] [577231560, [95, 104010, 6246800, 13130, 6246800, 13130]] [9676400944, [39836, 1680596, 106001424, 38684, 103508112, 218263]] [2013699480, [5646, 545990, 34713624, 20806, 7767768, 16731]] [566749382136.0, [15831.0, 95907291, 6138011769, 5340891, 6137123253, 14212793]] [2710000188.0, [1876.0, 515295, 32837664, 60231, 25504800, 57136]]
Arch_Param: [64, 8192, 1024, 8, 256, 16]
SK_cost: [96842694368.0, [6357321.0, 25429668, 406835900, 451588, 334121660, 644503073]] [24312931164.0, [1333359.0, 5333103, 85328280, 86895, 85328280, 169873263]] [588354360, [104010, 390430, 6246800, 13150, 6246800, 13130]] [30859919448, [1782996, 7106374, 113701904, 38734, 113701904, 210388252]] [6146832056, [348166, 1386502, 22167576, 9830, 21389848, 42729542]] [1754220861624.0, [95907291.0, 383626383, 6138011769, 5340891, 6138011769, 12275420379]] [55013292408.0, [3709727.0, 14813302, 236846432, 329310, 222784864, 347975696]]
Model_cost: [19573020972.0, [15843.0, 22447780, 359125692, 913828, 49399997, 120738]] [7577951580.0, [117711.0, 5333103, 85328280, 86895, 77870232, 184479]] [578378520, [95, 390430, 6246800, 13150, 6246800, 13130]] [9696223096, [39836, 6635334, 106001424, 38734, 103508112, 218263]] [1184220952, [2826, 1085830, 17356824, 43686, 7767768, 19803]] [567900258504.0, [15831.0, 383626383, 6138011769, 5340891, 6137123253, 14212793]] [2506633944.0, [1328.0, 1783542, 28515872, 45534, 25504800, 57136]]
Arch_Param: [64, 8192, 1024, 8, 256, 64]
SK_cost: [96842694368.0, [6357321.0, 25429668, 406835900, 451588, 334121660, 644503073]] [24312931164.0, [1333359.0, 5333103, 85328280, 86895, 85328280, 169873263]] [588354360, [104010, 390430, 6246800, 13150, 6246800, 13130]] [30859919448, [1782996, 7106374, 113701904, 38734, 113701904, 210388252]] [6146832056, [348166, 1386502, 22167576, 9830, 21389848, 42729542]] [1754220861624.0, [95907291.0, 383626383, 6138011769, 5340891, 6138011769, 12275420379]] [55013292408.0, [3709727.0, 14813302, 236846432, 329310, 222784864, 347975696]]
Model_cost: [19573020972.0, [15843.0, 22447780, 359125692, 913828, 49399997, 120738]] [7577951580.0, [117711.0, 5333103, 85328280, 86895, 77870232, 184479]] [578378520, [95, 390430, 6246800, 13150, 6246800, 13130]] [9696223096, [39836, 6635334, 106001424, 38734, 103508112, 218263]] [1181861656, [2826, 1085830, 17356824, 11430, 7767768, 16731]] [567900258504.0, [15831.0, 383626383, 6138011769, 5340891, 6137123253, 14212793]] [2506502872.0, [1328.0, 1783542, 28515872, 43486, 25504800, 57136]]
Arch_Param: [64, 8192, 1024, 8, 256, 128]
SK_cost: [96842694368.0, [6357321.0, 25429668, 406835900, 451588, 334121660, 644503073]] [24312931164.0, [1333359.0, 5333103, 85328280, 86895, 85328280, 169873263]] [588354360, [104010, 390430, 6246800, 13150, 6246800, 13130]] [30859919448, [1782996, 7106374, 113701904, 38734, 113701904, 210388252]] [6146832056, [348166, 1386502, 22167576, 9830, 21389848, 42729542]] [1754220861624.0, [95907291.0, 383626383, 6138011769, 5340891, 6138011769, 12275420379]] [55013292408.0, [3709727.0, 14813302, 236846432, 329310, 222784864, 347975696]]
Model_cost: [19544371500.0, [15843.0, 22447780, 359125692, 475012, 49399997, 114850]] [7577951580.0, [117711.0, 5333103, 85328280, 86895, 77870232, 184479]] [578378520, [95, 390430, 6246800, 13150, 6246800, 13130]] [9696223096, [39836, 6635334, 106001424, 38734, 103508112, 218263]] [1181796120, [2826, 1085830, 17356824, 10406, 7767768, 16731]] [567900258504.0, [15831.0, 383626383, 6138011769, 5340891, 6137123253, 14212793]] [2506416568.0, [1325.0, 1783542, 28515872, 42142, 25504800, 57136]]
Arch_Param: [64, 8192, 1024, 8, 256, 256]
SK_cost: [96842694368.0, [6357321.0, 25429668, 406835900, 451588, 334121660, 644503073]] [24312931164.0, [1333359.0, 5333103, 85328280, 86895, 85328280, 169873263]] [588354360, [104010, 390430, 6246800, 13150, 6246800, 13130]] [30859919448, [1782996, 7106374, 113701904, 38734, 113701904, 210388252]] [6146832056, [348166, 1386502, 22167576, 9830, 21389848, 42729542]] [1754220861624.0, [95907291.0, 383626383, 6138011769, 5340891, 6138011769, 12275420379]] [55013292408.0, [3709727.0, 14813302, 236846432, 329310, 222784864, 347975696]]
Model_cost: [19544371500.0, [15843.0, 22447780, 359125692, 475012, 49399997, 114850]] [7577951580.0, [117711.0, 5333103, 85328280, 86895, 77870232, 184479]] [578378520, [95, 390430, 6246800, 13150, 6246800, 13130]] [9696223096, [39836, 6635334, 106001424, 38734, 103508112, 218263]] [1181796120, [2826, 1085830, 17356824, 10406, 7767768, 16731]] [567900258504.0, [15831.0, 383626383, 6138011769, 5340891, 6137123253, 14212793]] [2506416568.0, [1325.0, 1783542, 28515872, 42142, 25504800, 57136]]
Arch_Param: [64, 8192, 1024, 8, 512, 16]
SK_cost: [96791835924.0, [6357321.0, 12715105, 406835900, 451585, 334121660, 644503073]] [24302265180.0, [1333359.0, 2666607, 85328280, 86895, 85328280, 169873263]] [587572880, [104010, 195220, 6246800, 13140, 6246800, 13130]] [30845704800, [1782996, 3553192, 113701904, 38704, 113701904, 210388252]] [6144063160, [348166, 694278, 22167576, 9830, 21389848, 42729542]] [1753453610712.0, [95907291.0, 191813655, 6138011769, 5340891, 6138011769, 12275420379]] [54983662028.0, [3709727.0, 7406651, 236846432, 329251, 222784864, 347975696]]
Model_cost: [19528126304.0, [15843.0, 11224161, 359125692, 913825, 49399997, 120738]] [7567285596.0, [117711.0, 2666607, 85328280, 86895, 77870232, 184479]] [577597040, [95, 195220, 6246800, 13140, 6246800, 13130]] [9682991488, [39836, 3327912, 106001424, 38704, 103508112, 218263]] [1182053400, [2826, 543942, 17356824, 43686, 7767768, 19803]] [567133007592.0, [15831.0, 191813655, 6138011769, 5340891, 6137123253, 14212793]] [2503063084.0, [1328.0, 891771, 28515872, 45475, 25504800, 57136]]
Arch_Param: [64, 8192, 1024, 8, 512, 64]
SK_cost: [96791835924.0, [6357321.0, 12715105, 406835900, 451585, 334121660, 644503073]] [24302265180.0, [1333359.0, 2666607, 85328280, 86895, 85328280, 169873263]] [587572880, [104010, 195220, 6246800, 13140, 6246800, 13130]] [30845704800, [1782996, 3553192, 113701904, 38704, 113701904, 210388252]] [6144063160, [348166, 694278, 22167576, 9830, 21389848, 42729542]] [1753453610712.0, [95907291.0, 191813655, 6138011769, 5340891, 6138011769, 12275420379]] [54983662028.0, [3709727.0, 7406651, 236846432, 329251, 222784864, 347975696]]
Model_cost: [19528126304.0, [15843.0, 11224161, 359125692, 913825, 49399997, 120738]] [7567285596.0, [117711.0, 2666607, 85328280, 86895, 77870232, 184479]] [577597040, [95, 195220, 6246800, 13140, 6246800, 13130]] [9682991488, [39836, 3327912, 106001424, 38704, 103508112, 218263]] [1179694104, [2826, 543942, 17356824, 11430, 7767768, 16731]] [567133007592.0, [15831.0, 191813655, 6138011769, 5340891, 6137123253, 14212793]] [2502932012.0, [1328.0, 891771, 28515872, 43427, 25504800, 57136]]
Arch_Param: [64, 8192, 1024, 8, 512, 128]
SK_cost: [96791835924.0, [6357321.0, 12715105, 406835900, 451585, 334121660, 644503073]] [24302265180.0, [1333359.0, 2666607, 85328280, 86895, 85328280, 169873263]] [587572880, [104010, 195220, 6246800, 13140, 6246800, 13130]] [30845704800, [1782996, 3553192, 113701904, 38704, 113701904, 210388252]] [6144063160, [348166, 694278, 22167576, 9830, 21389848, 42729542]] [1753453610712.0, [95907291.0, 191813655, 6138011769, 5340891, 6138011769, 12275420379]] [54983662028.0, [3709727.0, 7406651, 236846432, 329251, 222784864, 347975696]]
Model_cost: [19499476832.0, [15843.0, 11224161, 359125692, 475009, 49399997, 114850]] [7567285596.0, [117711.0, 2666607, 85328280, 86895, 77870232, 184479]] [577597040, [95, 195220, 6246800, 13140, 6246800, 13130]] [9682991488, [39836, 3327912, 106001424, 38704, 103508112, 218263]] [1179628568, [2826, 543942, 17356824, 10406, 7767768, 16731]] [567133007592.0, [15831.0, 191813655, 6138011769, 5340891, 6137123253, 14212793]] [2502845708.0, [1325.0, 891771, 28515872, 42083, 25504800, 57136]]
Arch_Param: [64, 8192, 1024, 8, 512, 256]
SK_cost: [96791835924.0, [6357321.0, 12715105, 406835900, 451585, 334121660, 644503073]] [24302265180.0, [1333359.0, 2666607, 85328280, 86895, 85328280, 169873263]] [587572880, [104010, 195220, 6246800, 13140, 6246800, 13130]] [30845704800, [1782996, 3553192, 113701904, 38704, 113701904, 210388252]] [6144063160, [348166, 694278, 22167576, 9830, 21389848, 42729542]] [1753453610712.0, [95907291.0, 191813655, 6138011769, 5340891, 6138011769, 12275420379]] [54983662028.0, [3709727.0, 7406651, 236846432, 329251, 222784864, 347975696]]
Model_cost: [19499476832.0, [15843.0, 11224161, 359125692, 475009, 49399997, 114850]] [7567285596.0, [117711.0, 2666607, 85328280, 86895, 77870232, 184479]] [577597040, [95, 195220, 6246800, 13140, 6246800, 13130]] [9682991488, [39836, 3327912, 106001424, 38704, 103508112, 218263]] [1179628568, [2826, 543942, 17356824, 10406, 7767768, 16731]] [567133007592.0, [15831.0, 191813655, 6138011769, 5340891, 6137123253, 14212793]] [2502845708.0, [1325.0, 891771, 28515872, 42083, 25504800, 57136]]
Arch_Param: [64, 8192, 1024, 8, 512, 512]
SK_cost: [96791835924.0, [6357321.0, 12715105, 406835900, 451585, 334121660, 644503073]] [24302265180.0, [1333359.0, 2666607, 85328280, 86895, 85328280, 169873263]] [587572880, [104010, 195220, 6246800, 13140, 6246800, 13130]] [30845704800, [1782996, 3553192, 113701904, 38704, 113701904, 210388252]] [6144063160, [348166, 694278, 22167576, 9830, 21389848, 42729542]] [1753453610712.0, [95907291.0, 191813655, 6138011769, 5340891, 6138011769, 12275420379]] [54983662028.0, [3709727.0, 7406651, 236846432, 329251, 222784864, 347975696]]
Model_cost: [19499169344.0, [15840.0, 11224161, 359125692, 470209, 49399997, 114850]] [7567285596.0, [117711.0, 2666607, 85328280, 86895, 77870232, 184479]] [577597040, [95, 195220, 6246800, 13140, 6246800, 13130]] [9682991488, [39836, 3327912, 106001424, 38704, 103508112, 218263]] [1179591704, [2826, 543942, 17356824, 9830, 7767768, 16731]] [567133007592.0, [15831.0, 191813655, 6138011769, 5340891, 6137123253, 14212793]] [2502845708.0, [1325.0, 891771, 28515872, 42083, 25504800, 57136]]
Arch_Param: [64, 8192, 1024, 8, 1024, 16]
SK_cost: [96766419220.0, [6357321.0, 6360929, 406835900, 451585, 334121660, 644503073]] [24296932188.0, [1333359.0, 1333359, 85328280, 86895, 85328280, 169873263]] [587207400, [104010, 104010, 6246800, 13130, 6246800, 13130]] [30838622736, [1782996, 1782996, 113701904, 38684, 113701904, 210388252]] [6142678712, [348166, 348166, 22167576, 9830, 21389848, 42729542]] [1753069985256.0, [95907291.0, 95907291, 6138011769, 5340891, 6138011769, 12275420379]] [54968872540.0, [3709727.0, 3709727, 236846432, 329223, 222784864, 347975696]]
Model_cost: [19505785184.0, [15843.0, 5638881, 359125692, 913825, 49399997, 120738]] [7561952604.0, [117711.0, 1333359, 85328280, 86895, 77870232, 184479]] [577231560, [95, 104010, 6246800, 13130, 6246800, 13130]] [9676400944, [39836, 1680596, 106001424, 38684, 103508112, 218263]] [1180969624, [2826, 272998, 17356824, 43686, 7767768, 19803]] [566749382136.0, [15831.0, 95907291, 6138011769, 5340891, 6137123253, 14212793]] [2501286332.0, [1328.0, 448031, 28515872, 45447, 25504800, 57136]]
Arch_Param: [64, 8192, 1024, 8, 1024, 64]
SK_cost: [96766419220.0, [6357321.0, 6360929, 406835900, 451585, 334121660, 644503073]] [24296932188.0, [1333359.0, 1333359, 85328280, 86895, 85328280, 169873263]] [587207400, [104010, 104010, 6246800, 13130, 6246800, 13130]] [30838622736, [1782996, 1782996, 113701904, 38684, 113701904, 210388252]] [6142678712, [348166, 348166, 22167576, 9830, 21389848, 42729542]] [1753069985256.0, [95907291.0, 95907291, 6138011769, 5340891, 6138011769, 12275420379]] [54968872540.0, [3709727.0, 3709727, 236846432, 329223, 222784864, 347975696]]
Model_cost: [19505785184.0, [15843.0, 5638881, 359125692, 913825, 49399997, 120738]] [7561952604.0, [117711.0, 1333359, 85328280, 86895, 77870232, 184479]] [577231560, [95, 104010, 6246800, 13130, 6246800, 13130]] [9676400944, [39836, 1680596, 106001424, 38684, 103508112, 218263]] [1178610328, [2826, 272998, 17356824, 11430, 7767768, 16731]] [566749382136.0, [15831.0, 95907291, 6138011769, 5340891, 6137123253, 14212793]] [2501155260.0, [1328.0, 448031, 28515872, 43399, 25504800, 57136]]
Arch_Param: [64, 8192, 1024, 8, 1024, 128]
SK_cost: [96766419220.0, [6357321.0, 6360929, 406835900, 451585, 334121660, 644503073]] [24296932188.0, [1333359.0, 1333359, 85328280, 86895, 85328280, 169873263]] [587207400, [104010, 104010, 6246800, 13130, 6246800, 13130]] [30838622736, [1782996, 1782996, 113701904, 38684, 113701904, 210388252]] [6142678712, [348166, 348166, 22167576, 9830, 21389848, 42729542]] [1753069985256.0, [95907291.0, 95907291, 6138011769, 5340891, 6138011769, 12275420379]] [54968872540.0, [3709727.0, 3709727, 236846432, 329223, 222784864, 347975696]]
Model_cost: [19477135712.0, [15843.0, 5638881, 359125692, 475009, 49399997, 114850]] [7561952604.0, [117711.0, 1333359, 85328280, 86895, 77870232, 184479]] [577231560, [95, 104010, 6246800, 13130, 6246800, 13130]] [9676400944, [39836, 1680596, 106001424, 38684, 103508112, 218263]] [1178544792, [2826, 272998, 17356824, 10406, 7767768, 16731]] [566749382136.0, [15831.0, 95907291, 6138011769, 5340891, 6137123253, 14212793]] [2501063580.0, [1325.0, 446687, 28515872, 42055, 25504800, 57136]]
Arch_Param: [64, 8192, 1024, 8, 1024, 256]
SK_cost: [96766419220.0, [6357321.0, 6360929, 406835900, 451585, 334121660, 644503073]] [24296932188.0, [1333359.0, 1333359, 85328280, 86895, 85328280, 169873263]] [587207400, [104010, 104010, 6246800, 13130, 6246800, 13130]] [30838622736, [1782996, 1782996, 113701904, 38684, 113701904, 210388252]] [6142678712, [348166, 348166, 22167576, 9830, 21389848, 42729542]] [1753069985256.0, [95907291.0, 95907291, 6138011769, 5340891, 6138011769, 12275420379]] [54968872540.0, [3709727.0, 3709727, 236846432, 329223, 222784864, 347975696]]
Model_cost: [19477135712.0, [15843.0, 5638881, 359125692, 475009, 49399997, 114850]] [7561952604.0, [117711.0, 1333359, 85328280, 86895, 77870232, 184479]] [577231560, [95, 104010, 6246800, 13130, 6246800, 13130]] [9676400944, [39836, 1680596, 106001424, 38684, 103508112, 218263]] [1178544792, [2826, 272998, 17356824, 10406, 7767768, 16731]] [566749382136.0, [15831.0, 95907291, 6138011769, 5340891, 6137123253, 14212793]] [2501063580.0, [1325.0, 446687, 28515872, 42055, 25504800, 57136]]
Arch_Param: [64, 8192, 1024, 8, 1024, 512]
SK_cost: [96766419220.0, [6357321.0, 6360929, 406835900, 451585, 334121660, 644503073]] [24296932188.0, [1333359.0, 1333359, 85328280, 86895, 85328280, 169873263]] [587207400, [104010, 104010, 6246800, 13130, 6246800, 13130]] [30838622736, [1782996, 1782996, 113701904, 38684, 113701904, 210388252]] [6142678712, [348166, 348166, 22167576, 9830, 21389848, 42729542]] [1753069985256.0, [95907291.0, 95907291, 6138011769, 5340891, 6138011769, 12275420379]] [54968872540.0, [3709727.0, 3709727, 236846432, 329223, 222784864, 347975696]]
Model_cost: [19476809024.0, [15840.0, 5634081, 359125692, 470209, 49399997, 114850]] [7561952604.0, [117711.0, 1333359, 85328280, 86895, 77870232, 184479]] [577231560, [95, 104010, 6246800, 13130, 6246800, 13130]] [9676400944, [39836, 1680596, 106001424, 38684, 103508112, 218263]] [1178507928, [2826, 272998, 17356824, 9830, 7767768, 16731]] [566749382136.0, [15831.0, 95907291, 6138011769, 5340891, 6137123253, 14212793]] [2501063580.0, [1325.0, 446687, 28515872, 42055, 25504800, 57136]]
Arch_Param: [64, 8192, 1024, 16, 256, 16]
SK_cost: [55315576544.0, [3617865.0, 14471844, 231526076, 254884, 195168956, 366597665]] [24312931164.0, [1333359.0, 5333103, 85328280, 86895, 85328280, 169873263]] [588354360, [104010, 390430, 6246800, 13150, 6246800, 13130]] [30859919448, [1782996, 7106374, 113701904, 38734, 113701904, 210388252]] [3073972920, [174086, 693254, 11083800, 4918, 10707480, 21364806]] [1754220861624.0, [95907291.0, 383626383, 6138011769, 5340891, 6138011769, 12275420379]] [51359480184.0, [3377951.0, 13498486, 215889248, 256606, 211742048, 325890064]]
Model_cost: [12074868012.0, [8899.0, 12767908, 204263100, 517540, 49399997, 120738]] [7577951580.0, [117711.0, 5333103, 85328280, 86895, 77870232, 184479]] [578378520, [95, 390430, 6246800, 13150, 6246800, 13130]] [9696223096, [39836, 6635334, 106001424, 38734, 103508112, 218263]] [762625880, [1416, 542918, 8678424, 5718, 7767768, 16731]] [567900258504.0, [15831.0, 383626383, 6138011769, 5340891, 6137123253, 14212793]] [2401591864.0, [1049.0, 1647862, 26354976, 33822, 25504800, 57136]]
Arch_Param: [64, 8192, 1024, 16, 256, 64]
SK_cost: [55315576544.0, [3617865.0, 14471844, 231526076, 254884, 195168956, 366597665]] [24312931164.0, [1333359.0, 5333103, 85328280, 86895, 85328280, 169873263]] [588354360, [104010, 390430, 6246800, 13150, 6246800, 13130]] [30859919448, [1782996, 7106374, 113701904, 38734, 113701904, 210388252]] [3073972920, [174086, 693254, 11083800, 4918, 10707480, 21364806]] [1754220861624.0, [95907291.0, 383626383, 6138011769, 5340891, 6138011769, 12275420379]] [51359480184.0, [3377951.0, 13498486, 215889248, 256606, 211742048, 325890064]]
Model_cost: [12058254636.0, [8899.0, 12767908, 204263100, 266788, 49399997, 114850]] [7577951580.0, [117711.0, 5333103, 85328280, 86895, 77870232, 184479]] [578378520, [95, 390430, 6246800, 13150, 6246800, 13130]] [9696223096, [39836, 6635334, 106001424, 38734, 103508112, 218263]] [762593112, [1416, 542918, 8678424, 5206, 7767768, 16731]] [567900258504.0, [15831.0, 383626383, 6138011769, 5340891, 6137123253, 14212793]] [2401542712.0, [1049.0, 1647862, 26354976, 33054, 25504800, 57136]]
Arch_Param: [64, 8192, 1024, 16, 256, 128]
SK_cost: [55315576544.0, [3617865.0, 14471844, 231526076, 254884, 195168956, 366597665]] [24312931164.0, [1333359.0, 5333103, 85328280, 86895, 85328280, 169873263]] [588354360, [104010, 390430, 6246800, 13150, 6246800, 13130]] [30859919448, [1782996, 7106374, 113701904, 38734, 113701904, 210388252]] [3073972920, [174086, 693254, 11083800, 4918, 10707480, 21364806]] [1754220861624.0, [95907291.0, 383626383, 6138011769, 5340891, 6138011769, 12275420379]] [51359480184.0, [3377951.0, 13498486, 215889248, 256606, 211742048, 325890064]]
Model_cost: [12058254636.0, [8899.0, 12767908, 204263100, 266788, 49399997, 114850]] [7577951580.0, [117711.0, 5333103, 85328280, 86895, 77870232, 184479]] [578378520, [95, 390430, 6246800, 13150, 6246800, 13130]] [9696223096, [39836, 6635334, 106001424, 38734, 103508112, 218263]] [762593112, [1416, 542918, 8678424, 5206, 7767768, 16731]] [567900258504.0, [15831.0, 383626383, 6138011769, 5340891, 6137123253, 14212793]] [2401542712.0, [1049.0, 1647862, 26354976, 33054, 25504800, 57136]]
Arch_Param: [64, 8192, 1024, 16, 256, 256]
SK_cost: [55315576544.0, [3617865.0, 14471844, 231526076, 254884, 195168956, 366597665]] [24312931164.0, [1333359.0, 5333103, 85328280, 86895, 85328280, 169873263]] [588354360, [104010, 390430, 6246800, 13150, 6246800, 13130]] [30859919448, [1782996, 7106374, 113701904, 38734, 113701904, 210388252]] [3073972920, [174086, 693254, 11083800, 4918, 10707480, 21364806]] [1754220861624.0, [95907291.0, 383626383, 6138011769, 5340891, 6138011769, 12275420379]] [51359480184.0, [3377951.0, 13498486, 215889248, 256606, 211742048, 325890064]]
Model_cost: [12058094604.0, [8896.0, 12767908, 204263100, 264292, 49399997, 114850]] [7577951580.0, [117711.0, 5333103, 85328280, 86895, 77870232, 184479]] [578378520, [95, 390430, 6246800, 13150, 6246800, 13130]] [9696223096, [39836, 6635334, 106001424, 38734, 103508112, 218263]] [762574680, [1416, 542918, 8678424, 4918, 7767768, 16731]] [567900258504.0, [15831.0, 383626383, 6138011769, 5340891, 6137123253, 14212793]] [2401542712.0, [1049.0, 1647862, 26354976, 33054, 25504800, 57136]]
Arch_Param: [64, 8192, 1024, 16, 512, 16]
SK_cost: [55286633748.0, [3617865.0, 7236193, 231526076, 254881, 195168956, 366597665]] [24302265180.0, [1333359.0, 2666607, 85328280, 86895, 85328280, 169873263]] [587572880, [104010, 195220, 6246800, 13140, 6246800, 13130]] [30845704800, [1782996, 3553192, 113701904, 38704, 113701904, 210388252]] [3072588472, [174086, 347142, 11083800, 4918, 10707480, 21364806]] [1753453610712.0, [95907291.0, 191813655, 6138011769, 5340891, 6138011769, 12275420379]] [51332479436.0, [3377951.0, 6749243, 215889248, 256547, 211742048, 325890064]]
Model_cost: [12049333088.0, [8899.0, 6384225, 204263100, 517537, 49399997, 120738]] [7567285596.0, [117711.0, 2666607, 85328280, 86895, 77870232, 184479]] [577597040, [95, 195220, 6246800, 13140, 6246800, 13130]] [9682991488, [39836, 3327912, 106001424, 38704, 103508112, 218263]] [761542104, [1416, 271974, 8678424, 5718, 7767768, 16731]] [567133007592.0, [15831.0, 191813655, 6138011769, 5340891, 6137123253, 14212793]] [2398292364.0, [1049.0, 823931, 26354976, 33763, 25504800, 57136]]
Arch_Param: [64, 8192, 1024, 16, 512, 64]
SK_cost: [55286633748.0, [3617865.0, 7236193, 231526076, 254881, 195168956, 366597665]] [24302265180.0, [1333359.0, 2666607, 85328280, 86895, 85328280, 169873263]] [587572880, [104010, 195220, 6246800, 13140, 6246800, 13130]] [30845704800, [1782996, 3553192, 113701904, 38704, 113701904, 210388252]] [3072588472, [174086, 347142, 11083800, 4918, 10707480, 21364806]] [1753453610712.0, [95907291.0, 191813655, 6138011769, 5340891, 6138011769, 12275420379]] [51332479436.0, [3377951.0, 6749243, 215889248, 256547, 211742048, 325890064]]
Model_cost: [12032719712.0, [8899.0, 6384225, 204263100, 266785, 49399997, 114850]] [7567285596.0, [117711.0, 2666607, 85328280, 86895, 77870232, 184479]] [577597040, [95, 195220, 6246800, 13140, 6246800, 13130]] [9682991488, [39836, 3327912, 106001424, 38704, 103508112, 218263]] [761509336, [1416, 271974, 8678424, 5206, 7767768, 16731]] [567133007592.0, [15831.0, 191813655, 6138011769, 5340891, 6137123253, 14212793]] [2398243212.0, [1049.0, 823931, 26354976, 32995, 25504800, 57136]]
Arch_Param: [64, 8192, 1024, 16, 512, 128]
SK_cost: [55286633748.0, [3617865.0, 7236193, 231526076, 254881, 195168956, 366597665]] [24302265180.0, [1333359.0, 2666607, 85328280, 86895, 85328280, 169873263]] [587572880, [104010, 195220, 6246800, 13140, 6246800, 13130]] [30845704800, [1782996, 3553192, 113701904, 38704, 113701904, 210388252]] [3072588472, [174086, 347142, 11083800, 4918, 10707480, 21364806]] [1753453610712.0, [95907291.0, 191813655, 6138011769, 5340891, 6138011769, 12275420379]] [51332479436.0, [3377951.0, 6749243, 215889248, 256547, 211742048, 325890064]]
Model_cost: [12032719712.0, [8899.0, 6384225, 204263100, 266785, 49399997, 114850]] [7567285596.0, [117711.0, 2666607, 85328280, 86895, 77870232, 184479]] [577597040, [95, 195220, 6246800, 13140, 6246800, 13130]] [9682991488, [39836, 3327912, 106001424, 38704, 103508112, 218263]] [761509336, [1416, 271974, 8678424, 5206, 7767768, 16731]] [567133007592.0, [15831.0, 191813655, 6138011769, 5340891, 6137123253, 14212793]] [2398243212.0, [1049.0, 823931, 26354976, 32995, 25504800, 57136]]
Arch_Param: [64, 8192, 1024, 16, 512, 256]
SK_cost: [55286633748.0, [3617865.0, 7236193, 231526076, 254881, 195168956, 366597665]] [24302265180.0, [1333359.0, 2666607, 85328280, 86895, 85328280, 169873263]] [587572880, [104010, 195220, 6246800, 13140, 6246800, 13130]] [30845704800, [1782996, 3553192, 113701904, 38704, 113701904, 210388252]] [3072588472, [174086, 347142, 11083800, 4918, 10707480, 21364806]] [1753453610712.0, [95907291.0, 191813655, 6138011769, 5340891, 6138011769, 12275420379]] [51332479436.0, [3377951.0, 6749243, 215889248, 256547, 211742048, 325890064]]
Model_cost: [12032559680.0, [8896.0, 6384225, 204263100, 264289, 49399997, 114850]] [7567285596.0, [117711.0, 2666607, 85328280, 86895, 77870232, 184479]] [577597040, [95, 195220, 6246800, 13140, 6246800, 13130]] [9682991488, [39836, 3327912, 106001424, 38704, 103508112, 218263]] [761490904, [1416, 271974, 8678424, 4918, 7767768, 16731]] [567133007592.0, [15831.0, 191813655, 6138011769, 5340891, 6137123253, 14212793]] [2398243212.0, [1049.0, 823931, 26354976, 32995, 25504800, 57136]]
Arch_Param: [64, 8192, 1024, 16, 512, 512]
SK_cost: [55286633748.0, [3617865.0, 7236193, 231526076, 254881, 195168956, 366597665]] [24302265180.0, [1333359.0, 2666607, 85328280, 86895, 85328280, 169873263]] [587572880, [104010, 195220, 6246800, 13140, 6246800, 13130]] [30845704800, [1782996, 3553192, 113701904, 38704, 113701904, 210388252]] [3072588472, [174086, 347142, 11083800, 4918, 10707480, 21364806]] [1753453610712.0, [95907291.0, 191813655, 6138011769, 5340891, 6138011769, 12275420379]] [51332479436.0, [3377951.0, 6749243, 215889248, 256547, 211742048, 325890064]]
Model_cost: [12032559680.0, [8896.0, 6384225, 204263100, 264289, 49399997, 114850]] [7567285596.0, [117711.0, 2666607, 85328280, 86895, 77870232, 184479]] [577597040, [95, 195220, 6246800, 13140, 6246800, 13130]] [9682991488, [39836, 3327912, 106001424, 38704, 103508112, 218263]] [761490904, [1416, 271974, 8678424, 4918, 7767768, 16731]] [567133007592.0, [15831.0, 191813655, 6138011769, 5340891, 6137123253, 14212793]] [2398243212.0, [1049.0, 823931, 26354976, 32995, 25504800, 57136]]
Arch_Param: [64, 8192, 1024, 16, 1024, 16]
SK_cost: [55272168724.0, [3617865.0, 3619937, 231526076, 254881, 195168956, 366597665]] [24296932188.0, [1333359.0, 1333359, 85328280, 86895, 85328280, 169873263]] [587207400, [104010, 104010, 6246800, 13130, 6246800, 13130]] [30838622736, [1782996, 1782996, 113701904, 38684, 113701904, 210388252]] [3071896248, [174086, 174086, 11083800, 4918, 10707480, 21364806]] [1753069985256.0, [95907291.0, 95907291, 6138011769, 5340891, 6138011769, 12275420379]] [51318992476.0, [3377951.0, 3377951, 215889248, 256519, 211742048, 325890064]]
Model_cost: [12036619616.0, [8899.0, 3205857, 204263100, 517537, 49399997, 120738]] [7561952604.0, [117711.0, 1333359, 85328280, 86895, 77870232, 184479]] [577231560, [95, 104010, 6246800, 13130, 6246800, 13130]] [9676400944, [39836, 1680596, 106001424, 38684, 103508112, 218263]] [761000216, [1416, 136502, 8678424, 5718, 7767768, 16731]] [566749382136.0, [15831.0, 95907291, 6138011769, 5340891, 6137123253, 14212793]] [2396647452.0, [1049.0, 413151, 26354976, 33735, 25504800, 57136]]
Arch_Param: [64, 8192, 1024, 16, 1024, 64]
SK_cost: [55272168724.0, [3617865.0, 3619937, 231526076, 254881, 195168956, 366597665]] [24296932188.0, [1333359.0, 1333359, 85328280, 86895, 85328280, 169873263]] [587207400, [104010, 104010, 6246800, 13130, 6246800, 13130]] [30838622736, [1782996, 1782996, 113701904, 38684, 113701904, 210388252]] [3071896248, [174086, 174086, 11083800, 4918, 10707480, 21364806]] [1753069985256.0, [95907291.0, 95907291, 6138011769, 5340891, 6138011769, 12275420379]] [51318992476.0, [3377951.0, 3377951, 215889248, 256519, 211742048, 325890064]]
Model_cost: [12020006240.0, [8899.0, 3205857, 204263100, 266785, 49399997, 114850]] [7561952604.0, [117711.0, 1333359, 85328280, 86895, 77870232, 184479]] [577231560, [95, 104010, 6246800, 13130, 6246800, 13130]] [9676400944, [39836, 1680596, 106001424, 38684, 103508112, 218263]] [760967448, [1416, 136502, 8678424, 5206, 7767768, 16731]] [566749382136.0, [15831.0, 95907291, 6138011769, 5340891, 6137123253, 14212793]] [2396595228.0, [1049.0, 412383, 26354976, 32967, 25504800, 57136]]
Arch_Param: [64, 8192, 1024, 16, 1024, 128]
SK_cost: [55272168724.0, [3617865.0, 3619937, 231526076, 254881, 195168956, 366597665]] [24296932188.0, [1333359.0, 1333359, 85328280, 86895, 85328280, 169873263]] [587207400, [104010, 104010, 6246800, 13130, 6246800, 13130]] [30838622736, [1782996, 1782996, 113701904, 38684, 113701904, 210388252]] [3071896248, [174086, 174086, 11083800, 4918, 10707480, 21364806]] [1753069985256.0, [95907291.0, 95907291, 6138011769, 5340891, 6138011769, 12275420379]] [51318992476.0, [3377951.0, 3377951, 215889248, 256519, 211742048, 325890064]]
Model_cost: [12020006240.0, [8899.0, 3205857, 204263100, 266785, 49399997, 114850]] [7561952604.0, [117711.0, 1333359, 85328280, 86895, 77870232, 184479]] [577231560, [95, 104010, 6246800, 13130, 6246800, 13130]] [9676400944, [39836, 1680596, 106001424, 38684, 103508112, 218263]] [760967448, [1416, 136502, 8678424, 5206, 7767768, 16731]] [566749382136.0, [15831.0, 95907291, 6138011769, 5340891, 6137123253, 14212793]] [2396595228.0, [1049.0, 412383, 26354976, 32967, 25504800, 57136]]
Arch_Param: [64, 8192, 1024, 16, 1024, 256]
SK_cost: [55272168724.0, [3617865.0, 3619937, 231526076, 254881, 195168956, 366597665]] [24296932188.0, [1333359.0, 1333359, 85328280, 86895, 85328280, 169873263]] [587207400, [104010, 104010, 6246800, 13130, 6246800, 13130]] [30838622736, [1782996, 1782996, 113701904, 38684, 113701904, 210388252]] [3071896248, [174086, 174086, 11083800, 4918, 10707480, 21364806]] [1753069985256.0, [95907291.0, 95907291, 6138011769, 5340891, 6138011769, 12275420379]] [51318992476.0, [3377951.0, 3377951, 215889248, 256519, 211742048, 325890064]]
Model_cost: [12019836224.0, [8896.0, 3203361, 204263100, 264289, 49399997, 114850]] [7561952604.0, [117711.0, 1333359, 85328280, 86895, 77870232, 184479]] [577231560, [95, 104010, 6246800, 13130, 6246800, 13130]] [9676400944, [39836, 1680596, 106001424, 38684, 103508112, 218263]] [760949016, [1416, 136502, 8678424, 4918, 7767768, 16731]] [566749382136.0, [15831.0, 95907291, 6138011769, 5340891, 6137123253, 14212793]] [2396595228.0, [1049.0, 412383, 26354976, 32967, 25504800, 57136]]
Arch_Param: [64, 8192, 1024, 16, 1024, 512]
SK_cost: [55272168724.0, [3617865.0, 3619937, 231526076, 254881, 195168956, 366597665]] [24296932188.0, [1333359.0, 1333359, 85328280, 86895, 85328280, 169873263]] [587207400, [104010, 104010, 6246800, 13130, 6246800, 13130]] [30838622736, [1782996, 1782996, 113701904, 38684, 113701904, 210388252]] [3071896248, [174086, 174086, 11083800, 4918, 10707480, 21364806]] [1753069985256.0, [95907291.0, 95907291, 6138011769, 5340891, 6138011769, 12275420379]] [51318992476.0, [3377951.0, 3377951, 215889248, 256519, 211742048, 325890064]]
Model_cost: [12019836224.0, [8896.0, 3203361, 204263100, 264289, 49399997, 114850]] [7561952604.0, [117711.0, 1333359, 85328280, 86895, 77870232, 184479]] [577231560, [95, 104010, 6246800, 13130, 6246800, 13130]] [9676400944, [39836, 1680596, 106001424, 38684, 103508112, 218263]] [760949016, [1416, 136502, 8678424, 4918, 7767768, 16731]] [566749382136.0, [15831.0, 95907291, 6138011769, 5340891, 6137123253, 14212793]] [2396595228.0, [1049.0, 412383, 26354976, 32967, 25504800, 57136]]
Arch_Param: [64, 8192, 1024, 32, 256, 16]
SK_cost: [27963354848.0, [1813961.0, 7256228, 116083900, 128868, 103639740, 183539233]] [24312931164.0, [1333359.0, 5333103, 85328280, 86895, 85328280, 169873263]] [588354360, [104010, 390430, 6246800, 13150, 6246800, 13130]] [30859919448, [1782996, 7106374, 113701904, 38734, 113701904, 210388252]] [2960895160, [164870, 657926, 10522648, 4126, 10347032, 20643910]] [1754220861624.0, [95907291.0, 383626383, 6138011769, 5340891, 6138011769, 12275420379]] [50721806712.0, [3307295.0, 13222006, 211505504, 228958, 209972576, 322351120]]
Model_cost: [7145621228.0, [4509.0, 6404260, 102452412, 260388, 49399997, 120738]] [7577951580.0, [117711.0, 5333103, 85328280, 86895, 77870232, 184479]] [578378520, [95, 390430, 6246800, 13150, 6246800, 13130]] [9696223096, [39836, 6635334, 106001424, 38734, 103508112, 218263]] [736539256, [943, 509030, 8140312, 4526, 7767768, 16731]] [567900258504.0, [15831.0, 383626383, 6138011769, 5340891, 6137123253, 14212793]] [2374895704.0, [948.0, 1613302, 25807008, 29982, 25504800, 57136]]
Arch_Param: [64, 8192, 1024, 32, 256, 64]
SK_cost: [27963354848.0, [1813961.0, 7256228, 116083900, 128868, 103639740, 183539233]] [24312931164.0, [1333359.0, 5333103, 85328280, 86895, 85328280, 169873263]] [588354360, [104010, 390430, 6246800, 13150, 6246800, 13130]] [30859919448, [1782996, 7106374, 113701904, 38734, 113701904, 210388252]] [2960895160, [164870, 657926, 10522648, 4126, 10347032, 20643910]] [1754220861624.0, [95907291.0, 383626383, 6138011769, 5340891, 6138011769, 12275420379]] [50721806712.0, [3307295.0, 13222006, 211505504, 228958, 209972576, 322351120]]
Model_cost: [7137031916.0, [4509.0, 6404260, 102452412, 135012, 49399997, 114850]] [7577951580.0, [117711.0, 5333103, 85328280, 86895, 77870232, 184479]] [578378520, [95, 390430, 6246800, 13150, 6246800, 13130]] [9696223096, [39836, 6635334, 106001424, 38734, 103508112, 218263]] [736522872, [943, 509030, 8140312, 4270, 7767768, 16731]] [567900258504.0, [15831.0, 383626383, 6138011769, 5340891, 6137123253, 14212793]] [2374871128.0, [948.0, 1613302, 25807008, 29598, 25504800, 57136]]
Arch_Param: [64, 8192, 1024, 32, 256, 128]
SK_cost: [27963354848.0, [1813961.0, 7256228, 116083900, 128868, 103639740, 183539233]] [24312931164.0, [1333359.0, 5333103, 85328280, 86895, 85328280, 169873263]] [588354360, [104010, 390430, 6246800, 13150, 6246800, 13130]] [30859919448, [1782996, 7106374, 113701904, 38734, 113701904, 210388252]] [2960895160, [164870, 657926, 10522648, 4126, 10347032, 20643910]] [1754220861624.0, [95907291.0, 383626383, 6138011769, 5340891, 6138011769, 12275420379]] [50721806712.0, [3307295.0, 13222006, 211505504, 228958, 209972576, 322351120]]
Model_cost: [7136945612.0, [4506.0, 6404260, 102452412, 133668, 49399997, 114850]] [7577951580.0, [117711.0, 5333103, 85328280, 86895, 77870232, 184479]] [578378520, [95, 390430, 6246800, 13150, 6246800, 13130]] [9696223096, [39836, 6635334, 106001424, 38734, 103508112, 218263]] [736513656, [943, 509030, 8140312, 4126, 7767768, 16731]] [567900258504.0, [15831.0, 383626383, 6138011769, 5340891, 6137123253, 14212793]] [2374871128.0, [948.0, 1613302, 25807008, 29598, 25504800, 57136]]
Arch_Param: [64, 8192, 1024, 32, 256, 256]
SK_cost: [27963354848.0, [1813961.0, 7256228, 116083900, 128868, 103639740, 183539233]] [24312931164.0, [1333359.0, 5333103, 85328280, 86895, 85328280, 169873263]] [588354360, [104010, 390430, 6246800, 13150, 6246800, 13130]] [30859919448, [1782996, 7106374, 113701904, 38734, 113701904, 210388252]] [2960895160, [164870, 657926, 10522648, 4126, 10347032, 20643910]] [1754220861624.0, [95907291.0, 383626383, 6138011769, 5340891, 6138011769, 12275420379]] [50721806712.0, [3307295.0, 13222006, 211505504, 228958, 209972576, 322351120]]
Model_cost: [7136945612.0, [4506.0, 6404260, 102452412, 133668, 49399997, 114850]] [7577951580.0, [117711.0, 5333103, 85328280, 86895, 77870232, 184479]] [578378520, [95, 390430, 6246800, 13150, 6246800, 13130]] [9696223096, [39836, 6635334, 106001424, 38734, 103508112, 218263]] [736513656, [943, 509030, 8140312, 4126, 7767768, 16731]] [567900258504.0, [15831.0, 383626383, 6138011769, 5340891, 6137123253, 14212793]] [2374871128.0, [948.0, 1613302, 25807008, 29598, 25504800, 57136]]
Arch_Param: [64, 8192, 1024, 32, 512, 16]
SK_cost: [27948843284.0, [1813961.0, 3628385, 116083900, 128865, 103639740, 183539233]] [24302265180.0, [1333359.0, 2666607, 85328280, 86895, 85328280, 169873263]] [587572880, [104010, 195220, 6246800, 13140, 6246800, 13130]] [30845704800, [1782996, 3553192, 113701904, 38704, 113701904, 210388252]] [2959580344, [164870, 329222, 10522648, 4126, 10347032, 20643910]] [1753453610712.0, [95907291.0, 191813655, 6138011769, 5340891, 6138011769, 12275420379]] [50695358924.0, [3307295.0, 6611003, 211505504, 228899, 209972576, 322351120]]
Model_cost: [7132813600.0, [4509.0, 3202401, 102452412, 260385, 49399997, 120738]] [7567285596.0, [117711.0, 2666607, 85328280, 86895, 77870232, 184479]] [577597040, [95, 195220, 6246800, 13140, 6246800, 13130]] [9682991488, [39836, 3327912, 106001424, 38704, 103508112, 218263]] [735522232, [943, 254774, 8140312, 4526, 7767768, 16731]] [567133007592.0, [15831.0, 191813655, 6138011769, 5340891, 6137123253, 14212793]] [2371665324.0, [948.0, 806651, 25807008, 29923, 25504800, 57136]]
Arch_Param: [64, 8192, 1024, 32, 512, 64]
SK_cost: [27948843284.0, [1813961.0, 3628385, 116083900, 128865, 103639740, 183539233]] [24302265180.0, [1333359.0, 2666607, 85328280, 86895, 85328280, 169873263]] [587572880, [104010, 195220, 6246800, 13140, 6246800, 13130]] [30845704800, [1782996, 3553192, 113701904, 38704, 113701904, 210388252]] [2959580344, [164870, 329222, 10522648, 4126, 10347032, 20643910]] [1753453610712.0, [95907291.0, 191813655, 6138011769, 5340891, 6138011769, 12275420379]] [50695358924.0, [3307295.0, 6611003, 211505504, 228899, 209972576, 322351120]]
Model_cost: [7124224288.0, [4509.0, 3202401, 102452412, 135009, 49399997, 114850]] [7567285596.0, [117711.0, 2666607, 85328280, 86895, 77870232, 184479]] [577597040, [95, 195220, 6246800, 13140, 6246800, 13130]] [9682991488, [39836, 3327912, 106001424, 38704, 103508112, 218263]] [735505848, [943, 254774, 8140312, 4270, 7767768, 16731]] [567133007592.0, [15831.0, 191813655, 6138011769, 5340891, 6137123253, 14212793]] [2371640748.0, [948.0, 806651, 25807008, 29539, 25504800, 57136]]
Arch_Param: [64, 8192, 1024, 32, 512, 128]
SK_cost: [27948843284.0, [1813961.0, 3628385, 116083900, 128865, 103639740, 183539233]] [24302265180.0, [1333359.0, 2666607, 85328280, 86895, 85328280, 169873263]] [587572880, [104010, 195220, 6246800, 13140, 6246800, 13130]] [30845704800, [1782996, 3553192, 113701904, 38704, 113701904, 210388252]] [2959580344, [164870, 329222, 10522648, 4126, 10347032, 20643910]] [1753453610712.0, [95907291.0, 191813655, 6138011769, 5340891, 6138011769, 12275420379]] [50695358924.0, [3307295.0, 6611003, 211505504, 228899, 209972576, 322351120]]
Model_cost: [7124137984.0, [4506.0, 3202401, 102452412, 133665, 49399997, 114850]] [7567285596.0, [117711.0, 2666607, 85328280, 86895, 77870232, 184479]] [577597040, [95, 195220, 6246800, 13140, 6246800, 13130]] [9682991488, [39836, 3327912, 106001424, 38704, 103508112, 218263]] [735496632, [943, 254774, 8140312, 4126, 7767768, 16731]] [567133007592.0, [15831.0, 191813655, 6138011769, 5340891, 6137123253, 14212793]] [2371640748.0, [948.0, 806651, 25807008, 29539, 25504800, 57136]]
Arch_Param: [64, 8192, 1024, 32, 512, 256]
SK_cost: [27948843284.0, [1813961.0, 3628385, 116083900, 128865, 103639740, 183539233]] [24302265180.0, [1333359.0, 2666607, 85328280, 86895, 85328280, 169873263]] [587572880, [104010, 195220, 6246800, 13140, 6246800, 13130]] [30845704800, [1782996, 3553192, 113701904, 38704, 113701904, 210388252]] [2959580344, [164870, 329222, 10522648, 4126, 10347032, 20643910]] [1753453610712.0, [95907291.0, 191813655, 6138011769, 5340891, 6138011769, 12275420379]] [50695358924.0, [3307295.0, 6611003, 211505504, 228899, 209972576, 322351120]]
Model_cost: [7124137984.0, [4506.0, 3202401, 102452412, 133665, 49399997, 114850]] [7567285596.0, [117711.0, 2666607, 85328280, 86895, 77870232, 184479]] [577597040, [95, 195220, 6246800, 13140, 6246800, 13130]] [9682991488, [39836, 3327912, 106001424, 38704, 103508112, 218263]] [735496632, [943, 254774, 8140312, 4126, 7767768, 16731]] [567133007592.0, [15831.0, 191813655, 6138011769, 5340891, 6137123253, 14212793]] [2371640748.0, [948.0, 806651, 25807008, 29539, 25504800, 57136]]
Arch_Param: [64, 8192, 1024, 32, 512, 512]
SK_cost: [27948843284.0, [1813961.0, 3628385, 116083900, 128865, 103639740, 183539233]] [24302265180.0, [1333359.0, 2666607, 85328280, 86895, 85328280, 169873263]] [587572880, [104010, 195220, 6246800, 13140, 6246800, 13130]] [30845704800, [1782996, 3553192, 113701904, 38704, 113701904, 210388252]] [2959580344, [164870, 329222, 10522648, 4126, 10347032, 20643910]] [1753453610712.0, [95907291.0, 191813655, 6138011769, 5340891, 6138011769, 12275420379]] [50695358924.0, [3307295.0, 6611003, 211505504, 228899, 209972576, 322351120]]
Model_cost: [7123830592.0, [4504.0, 3202401, 102452412, 128865, 49399997, 114850]] [7567285596.0, [117711.0, 2666607, 85328280, 86895, 77870232, 184479]] [577597040, [95, 195220, 6246800, 13140, 6246800, 13130]] [9682991488, [39836, 3327912, 106001424, 38704, 103508112, 218263]] [735496632, [943, 254774, 8140312, 4126, 7767768, 16731]] [567133007592.0, [15831.0, 191813655, 6138011769, 5340891, 6137123253, 14212793]] [2371640748.0, [948.0, 806651, 25807008, 29539, 25504800, 57136]]
Arch_Param: [64, 8192, 1024, 32, 1024, 16]
SK_cost: [27941590804.0, [1813961.0, 1815265, 116083900, 128865, 103639740, 183539233]] [24296932188.0, [1333359.0, 1333359, 85328280, 86895, 85328280, 169873263]] [587207400, [104010, 104010, 6246800, 13130, 6246800, 13130]] [30838622736, [1782996, 1782996, 113701904, 38684, 113701904, 210388252]] [2958922936, [164870, 164870, 10522648, 4126, 10347032, 20643910]] [1753069985256.0, [95907291.0, 95907291, 6138011769, 5340891, 6138011769, 12275420379]] [50682142300.0, [3307295.0, 3307295, 211505504, 228871, 209972576, 322351120]]
Model_cost: [7126437664.0, [4509.0, 1608417, 102452412, 260385, 49399997, 120738]] [7561952604.0, [117711.0, 1333359, 85328280, 86895, 77870232, 184479]] [577231560, [95, 104010, 6246800, 13130, 6246800, 13130]] [9676400944, [39836, 1680596, 106001424, 38684, 103508112, 218263]] [735013720, [943, 127646, 8140312, 4526, 7767768, 16731]] [566749382136.0, [15831.0, 95907291, 6138011769, 5340891, 6137123253, 14212793]] [2370052668.0, [948.0, 403935, 25807008, 29895, 25504800, 57136]]
Arch_Param: [64, 8192, 1024, 32, 1024, 64]
SK_cost: [27941590804.0, [1813961.0, 1815265, 116083900, 128865, 103639740, 183539233]] [24296932188.0, [1333359.0, 1333359, 85328280, 86895, 85328280, 169873263]] [587207400, [104010, 104010, 6246800, 13130, 6246800, 13130]] [30838622736, [1782996, 1782996, 113701904, 38684, 113701904, 210388252]] [2958922936, [164870, 164870, 10522648, 4126, 10347032, 20643910]] [1753069985256.0, [95907291.0, 95907291, 6138011769, 5340891, 6138011769, 12275420379]] [50682142300.0, [3307295.0, 3307295, 211505504, 228871, 209972576, 322351120]]
Model_cost: [7117848352.0, [4509.0, 1608417, 102452412, 135009, 49399997, 114850]] [7561952604.0, [117711.0, 1333359, 85328280, 86895, 77870232, 184479]] [577231560, [95, 104010, 6246800, 13130, 6246800, 13130]] [9676400944, [39836, 1680596, 106001424, 38684, 103508112, 218263]] [734997336, [943, 127646, 8140312, 4270, 7767768, 16731]] [566749382136.0, [15831.0, 95907291, 6138011769, 5340891, 6137123253, 14212793]] [2370026556.0, [948.0, 403551, 25807008, 29511, 25504800, 57136]]
Arch_Param: [64, 8192, 1024, 32, 1024, 128]
SK_cost: [27941590804.0, [1813961.0, 1815265, 116083900, 128865, 103639740, 183539233]] [24296932188.0, [1333359.0, 1333359, 85328280, 86895, 85328280, 169873263]] [587207400, [104010, 104010, 6246800, 13130, 6246800, 13130]] [30838622736, [1782996, 1782996, 113701904, 38684, 113701904, 210388252]] [2958922936, [164870, 164870, 10522648, 4126, 10347032, 20643910]] [1753069985256.0, [95907291.0, 95907291, 6138011769, 5340891, 6138011769, 12275420379]] [50682142300.0, [3307295.0, 3307295, 211505504, 228871, 209972576, 322351120]]
Model_cost: [7117756672.0, [4506.0, 1607073, 102452412, 133665, 49399997, 114850]] [7561952604.0, [117711.0, 1333359, 85328280, 86895, 77870232, 184479]] [577231560, [95, 104010, 6246800, 13130, 6246800, 13130]] [9676400944, [39836, 1680596, 106001424, 38684, 103508112, 218263]] [734988120, [943, 127646, 8140312, 4126, 7767768, 16731]] [566749382136.0, [15831.0, 95907291, 6138011769, 5340891, 6137123253, 14212793]] [2370026556.0, [948.0, 403551, 25807008, 29511, 25504800, 57136]]
Arch_Param: [64, 8192, 1024, 32, 1024, 256]
SK_cost: [27941590804.0, [1813961.0, 1815265, 116083900, 128865, 103639740, 183539233]] [24296932188.0, [1333359.0, 1333359, 85328280, 86895, 85328280, 169873263]] [587207400, [104010, 104010, 6246800, 13130, 6246800, 13130]] [30838622736, [1782996, 1782996, 113701904, 38684, 113701904, 210388252]] [2958922936, [164870, 164870, 10522648, 4126, 10347032, 20643910]] [1753069985256.0, [95907291.0, 95907291, 6138011769, 5340891, 6138011769, 12275420379]] [50682142300.0, [3307295.0, 3307295, 211505504, 228871, 209972576, 322351120]]
Model_cost: [7117756672.0, [4506.0, 1607073, 102452412, 133665, 49399997, 114850]] [7561952604.0, [117711.0, 1333359, 85328280, 86895, 77870232, 184479]] [577231560, [95, 104010, 6246800, 13130, 6246800, 13130]] [9676400944, [39836, 1680596, 106001424, 38684, 103508112, 218263]] [734988120, [943, 127646, 8140312, 4126, 7767768, 16731]] [566749382136.0, [15831.0, 95907291, 6138011769, 5340891, 6137123253, 14212793]] [2370026556.0, [948.0, 403551, 25807008, 29511, 25504800, 57136]]
Arch_Param: [64, 8192, 1024, 32, 1024, 512]
SK_cost: [27941590804.0, [1813961.0, 1815265, 116083900, 128865, 103639740, 183539233]] [24296932188.0, [1333359.0, 1333359, 85328280, 86895, 85328280, 169873263]] [587207400, [104010, 104010, 6246800, 13130, 6246800, 13130]] [30838622736, [1782996, 1782996, 113701904, 38684, 113701904, 210388252]] [2958922936, [164870, 164870, 10522648, 4126, 10347032, 20643910]] [1753069985256.0, [95907291.0, 95907291, 6138011769, 5340891, 6138011769, 12275420379]] [50682142300.0, [3307295.0, 3307295, 211505504, 228871, 209972576, 322351120]]
Model_cost: [7117430080.0, [4504.0, 1602273, 102452412, 128865, 49399997, 114850]] [7561952604.0, [117711.0, 1333359, 85328280, 86895, 77870232, 184479]] [577231560, [95, 104010, 6246800, 13130, 6246800, 13130]] [9676400944, [39836, 1680596, 106001424, 38684, 103508112, 218263]] [734988120, [943, 127646, 8140312, 4126, 7767768, 16731]] [566749382136.0, [15831.0, 95907291, 6138011769, 5340891, 6137123253, 14212793]] [2370026556.0, [948.0, 403551, 25807008, 29511, 25504800, 57136]]
